sample	chromosomes
Syconciliatum-27933-GCF964019385.1	13
Ephydatiamuelleri-6052-GCA049114765.1	23
Halichondriapanicea-6063-GCF963675165.1	17
Dysideaavara-196820-GCF963678975.1	15
Oscarellalobularis-121494-GCF947507565.1	20
Corticiumcandelabrum-121492-GCF963422355.1	22
Mnemiopsisleidyi-27923-GCA048537945.1	13
Bolinopsismicroptera-2820187-GCF026151205.1	13
Convolutrilobamacropyga-536237-GCF964194025.1	15
Symsagittiferaroscoffensis-84072-GCF963678635.1	10
Gordionussp-3053472-GCA954871325.2	5
Gordionussp-3053472-GCF954871325.1	5
Nippostrongylusbrasiliensis-27835-GCA030553155.1	6
Ancylostomaduodenale-51022-GCA050947105.1	6
Necatoramericanus-51031-GCA031761385.1	6
Necatoramericanus-51031-GCF031761385.1	6
Haemonchuscontortus-6289-GCA041937105.1	6
Caenorhabditisbrenneri-135651-GCA964036135.1	6
Caenorhabditisnigoni-1611254-GCA002742825.1	6
Caenorhabditisremanei-31234-GCA010183535.1	6
Caenorhabditisremanei-31234-GCF010183535.1	6
Caenorhabditisbriggsae-6238-GCA000004555.3	6
Caenorhabditisbriggsae-6238-GCA021491975.1	6
Caenorhabditisbriggsae-6238-GCA022453885.1	6
Caenorhabditisbriggsae-6238-GCF000004555.2	6
Pristionchuspacificus-54126-GCA000180635.4	6
Acanthocheilonemaviteae-6277-GCA046563165.1	6
Brugiapahangi-6280-GCA012070555.1	1
Steinernemahermaphroditum-289476-GCA030435675.2	5
Steinernemacarpocapsae-34508-GCA000757645.3	1
Strongyloidesratti-34506-GCA001040885.1	3
Strongyloidesratti-34506-GCF001040885.1	3
Meloidogynehapla-6305-GCA051171035.1	16
Penaeusmonodon-6687-GCF015228065.2	44
Penaeusvannamei-6689-GCF042767895.1	44
Palaemoncarinicauda-392227-GCF036898095.1	45
Macrobrachiumnipponense-159736-GCF015104395.2	49
Macrobrachiumrosenbergii-79674-GCF040412425.1	59
Cheraxquadricarinatus-27406-GCA038502225.1	100
Cheraxquadricarinatus-27406-GCF038502225.1	100
Procambarusclarkii-6728-GCF040958095.1	94
Panulirusornatus-150431-GCF036320965.1	73
Scyllaparamamosain-85552-GCA038387795.1	49
Scyllaparamamosain-85552-GCF035594125.1	49
Eriocheirsinensis-95602-GCF024679095.1	70
Oratosquillaoratoria-337810-GCF046742065.1	44
Tigriopuscalifornicus-6832-GCA007210705.1	12
Tigriopuscalifornicus-6832-GCF007210705.1	12
Caligusrogercresseyi-217165-GCA013387185.1	21
Lepeophtheirussalmonis-72036-GCA902860245.1	15
Lepeophtheirussalmonis-72036-GCA905330665.1	15
Lepeophtheirussalmonis-72036-GCF016086655.4	16
Artemiafranciscana-6661-GCA032884065.1	21
Artemiafranciscana-6661-GCF032884065.1	21
Daphniacarinata-120202-GCF022539665.2	10
Daphniapulicaria-35523-GCF021234035.1	12
Daphniamagna-35525-GCA030254905.1	10
Daphniamagna-35525-GCF003990815.1	10
Daphniamagna-35525-GCF020631705.1	10
Daphniasinensis-1820382-GCA013167095.2	10
Daphniapulex-6669-GCF021134715.1	12
Cloeondipterum-197152-GCF949628265.1	5
Ischnuraelegans-197161-GCF921293095.1	14
Periplanetaamericana-6978-GCF040183065.1	17
Anabrussimplex-316456-GCF040414725.1	15
Anabrussimplex-316456-GCF040417275.1	15
Schistocercaserialis-2023355-GCF023864345.2	12
Schistocercapiceifrons-274613-GCF021461385.2	12
Schistocercacancellata-274614-GCF023864275.1	12
Schistocercaamericana-7009-GCF021461395.2	12
Schistocercagregaria-7010-GCF023897955.1	12
Schistocercanitens-7011-GCF023898315.1	12
Dryococelusaustralis-614101-GCA029891345.1	17
Bacillusrossius-93214-GCF032445375.1	16
Menopongallinae-328185-GCA040285465.1	5
Megalurothripsusitatus-439358-GCA026979955.1	16
Nilaparvatalugens-108931-GCF014356525.2	16
Lycormadelicatula-130591-GCF047948215.1	13
Homalodiscavitripennis-197043-GCF021130785.1	9
Ranatrachinensis-642074-GCA040954505.1	23
Apolyguslucorum-248454-GCA009739505.2	17
Nesidiocoristenuis-355587-GCA036186465.1	17
Rhynocorisfuscipes-488301-GCA040020575.1	15
Nezaraviridula-85310-GCA928085145.1	7
Cyamophilawillieti-2604842-GCA041222665.1	13
Bemisiatabaci-7038-GCA918797505.1	10
Bemisiatabaci-7038-GCF918797505.1	10
Metopolophiumdirhodum-44670-GCF019925205.1	9
Acyrthosiphonpisum-7029-GCF005508785.2	4
Semiaphisheraclei-796293-GCA046119115.1	4
Rhopalosiphumpadi-40932-GCF020882245.1	4
Rhopalosiphummaidis-43146-GCF003676215.2	4
Aphisgossypii-80765-GCA917880025.4	4
Aphisgossypii-80765-GCF020184175.1	4
Planococcuscitri-170843-GCF950023065.1	5
Onthophagustaurus-166361-GCF036711975.1	11
Holotrichiaoblita-644536-GCA023690525.1	10
Pyrocoeliapectoralis-417401-GCA036250285.1	10
Aquaticaleii-1421715-GCA035610365.1	8
Harmoniaaxyridis-115357-GCF914767665.1	8
Coccinellaseptempunctata-41139-GCF907165205.1	10
Brassicogethesaeneus-1431903-GCA921294245.1	11
Aethinatumida-116153-GCF024364675.1	8
Tenebriomolitor-7067-GCF963966145.1	11
Triboliumcastaneum-7070-GCA000002335.3	10
Triboliumcastaneum-7070-GCF000002335.3	10
Triboliumcastaneum-7070-GCF031307605.1	11
Phaedoncochleariae-80249-GCA918026855.4	17
Phyllotretastriolata-444603-GCA918026865.1	15
Psylliodeschrysocephalus-3402493-GCA927349885.1	23
Diabroticabalteata-107213-GCA918026665.1	10
Diabroticaundecimpunctata-50387-GCF040954645.1	11
Diabroticavirgifera-50390-GCF917563875.1	10
Diorhabdacarinulata-1163345-GCF026250575.1	14
Diorhabdasublineata-1163346-GCF026230105.1	13
Ceutorhynchusassimilis-467358-GCA917834065.1	16
Anthonomusgrandis-2921223-GCF022605725.1	24
Euwallaceasimilis-1736056-GCF039881205.1	37
Euwallaceafornicatus-995702-GCF040115645.1	39
Pseudolycoriellahygida-35572-GCA029228625.1	4
Bradysiacoprophila-38358-GCF014529535.1	4
Anophelescoustani-139045-GCF943734705.1	3
Anophelesziemanni-345580-GCF943734765.1	3
Anophelesmaculipalpis-1496333-GCF943734695.1	3
Anophelesstephensi-30069-GCF013141755.1	3
Anophelesnili-185578-GCF943737925.1	3
Anophelescoluzzii-1518534-GCF016920705.1	3
Anophelescoluzzii-1518534-GCF943734685.1	3
Anophelesmerus-30066-GCF017562075.2	5
Anophelesgambiae-7165-GCF943734735.2	3
Anophelesgambiae-180454-GCA000005575.1	5
Anophelesgambiae-180454-GCF000005575.2	5
Anophelesarabiensis-7173-GCF016920715.1	3
Anophelesmarshallii-1521116-GCF943734725.1	3
Anophelesmoucheti-186751-GCF943734755.1	3
Anophelesfunestus-62324-GCF943734845.2	3
Anophelesalbimanus-7167-GCF013758885.1	3
Anophelesaquasalis-42839-GCF943734665.1	4
Anophelesdarlingi-43151-GCF943734745.1	3
Anophelesbellator-139047-GCF943735745.2	3
Anophelescruzii-68878-GCF943734635.1	3
Armigeressubalbatus-124917-GCF024139115.2	3
Aedesaegypti-7159-GCF002204515.2	3
Aedesalbopictus-7160-GCF035046485.1	3
Uranotaenialowii-190385-GCF029784155.1	3
Topomyiayanbarensis-2498891-GCF030247195.1	3
Malayagenurostris-325434-GCF030247185.1	3
Wyeomyiasmithii-174621-GCF029784165.1	3
Sabethescyaneus-53552-GCF943734655.1	3
Culexpipiens-42434-GCF016801865.2	3
Culexquinquefasciatus-7176-GCF015732765.1	3
Toxorhynchitesrutilus-329112-GCF029784135.1	3
Culicoidesbrevitarsis-469753-GCF036172545.1	3
Polypedilumvanderplanki-319348-GCA018290095.1	4
Chironomusriparius-315576-GCA917627325.4	4
Phlebotomuspapatasi-29031-GCF024763615.1	5
Lutzomyialongipalpis-7200-GCF024334085.1	4
Megaseliaabdita-88686-GCA048544405.1	3
Episyrphusbalteatus-286459-GCF945859705.1	5
Eupeodescorollae-290404-GCF945859685.1	4
Teleopsisdalmanni-139649-GCF002237135.1	3
Drosophilabusckii-30019-GCA001277935.1	6
Drosophilabusckii-30019-GCF001277935.1	6
Drosophilabusckii-30019-GCF011750605.1	6
Drosophilanasuta-42062-GCF023558535.2	5
Drosophilaalbomicans-7291-GCF009650485.2	5
Drosophilasulfurigaster-89887-GCF023558435.1	5
Drosophilainnubila-198719-GCF004354385.1	2
Drosophilavirilis-7244-GCF030788295.1	6
Drosophilabipectinata-42026-GCF030179905.1	7
Drosophilaananassae-7217-GCF017639315.1	6
Drosophilagunungcola-103775-GCA025200985.1	1
Drosophilagunungcola-103775-GCF025200985.1	1
Drosophilasantomea-129105-GCF016746245.2	6
Drosophilamauritiana-7226-GCF004382145.1	6
Drosophilamelanogaster-7227-GCA000001215.4	7
Drosophilamelanogaster-7227-GCF000001215.4	7
Drosophilasechellia-7238-GCF004382195.2	6
Drosophilasimulans-7240-GCA000259055.1	6
Drosophilasimulans-7240-GCA000754195.3	6
Drosophilasimulans-7240-GCF000754195.2	6
Drosophilasimulans-7240-GCF016746395.2	6
Drosophilateissieri-7243-GCF016746235.2	6
Drosophilayakuba-7245-GCA000005975.1	6
Drosophilayakuba-7245-GCF000005975.2	6
Drosophilayakuba-7245-GCF016746365.2	6
Drosophilakikkawai-30033-GCF030179895.1	6
Drosophilabiarmipes-125945-GCF025231255.1	6
Drosophilasubpulchrella-1486046-GCF014743375.2	6
Drosophilasuzukii-28584-GCF013340165.1	1
Drosophilasuzukii-28584-GCF037355615.1	6
Drosophilasuzukii-28584-GCF043229965.1	6
Drosophilatakahashii-29030-GCF030179915.1	6
Drosophilamadeirensis-30013-GCA040893045.1	6
Drosophilasubobscura-7241-GCF008121235.1	6
Drosophilamiranda-7229-GCF000269505.1	6
Drosophilamiranda-7229-GCF003369915.1	6
Drosophilapseudoobscura-7237-GCF009870125.1	5
Drosophilawillistoni-7260-GCF018902025.1	1
Bactroceradorsalis-27457-GCF023373825.1	6
Bactroceratryoni-59916-GCF016617805.1	5
Bactroceraneohumeralis-98809-GCF024586455.1	5
Bactroceraoleae-104688-GCF042242935.1	7
Zeugodacuscucurbitae-28588-GCF028554725.1	7
Eurostasolidaginis-178769-GCF040869045.1	6
Anastrephaludens-28586-GCF028408465.1	7
Anastrephaobliqua-95512-GCF027943255.1	6
Glossinafuscipes-201502-GCA048596035.1	4
Glossinafuscipes-201502-GCA049640005.1	4
Stomoxyscalcitrans-35570-GCF963082655.1	5
Haematobiairritans-7368-GCF050003625.1	5
Calliphoravicina-7373-GCF958450345.1	6
Luciliacuprina-7375-GCF022045245.1	6
Hermetiaillucens-343691-GCA905115235.1	7
Hermetiaillucens-343691-GCF905115235.1	7
Belonocnemakinseyi-2817044-GCF010883055.1	10
Eretmocerushayati-131215-GCA029851415.1	4
Nasoniavitripennis-7425-GCF000002325.3	5
Nasoniavitripennis-7425-GCF009193385.2	5
Cotesiaglomerata-32391-GCA020080835.1	10
Cotesiaglomerata-32391-GCF020080835.1	10
Microplitismediator-375433-GCF029852145.1	11
Microplitisdemolitor-69319-GCF026212275.2	10
Aphidiusgifuensis-684658-GCA014905175.1	6
Aphidiusgifuensis-684658-GCF014905175.1	6
Diachasmimorphalongicaudata-58733-GCF034640455.1	20
Venturiacanescens-32260-GCF019457755.1	11
Ooceraeabiroi-2015173-GCA003672135.1	14
Ooceraeabiroi-2015173-GCF003672135.1	14
Cardiocondylaobscurior-286306-GCA019399895.2	29
Cardiocondylaobscurior-286306-GCF019399895.1	29
Temnothoraxlongispinosus-300112-GCF030848805.1	12
Solenopsisinvicta-13686-GCF016802725.1	16
Monomoriumpharaonis-307658-GCF013373865.1	11
Pogonomyrmexcalifornicus-144036-GCA050084945.1	16
Linepithemahumile-83485-GCF040581485.1	8
Cataglyphishispanica-1086592-GCF021464435.1	26
Cataglyphisniger-72791-GCA050437125.1	25
Anoplolepisgracilipes-354296-GCF047496725.1	17
Lasiusplatythorax-488582-GCA964030505.2	15
Vespavelutina-202808-GCF912470025.1	25
Vespacrabro-7445-GCF910589235.1	25
Vespulagermanica-30212-GCA014466195.1	25
Vespulapensylvanica-30213-GCA014466175.1	25
Vespulapensylvanica-30213-GCF014466175.1	25
Vespulavulgaris-7454-GCA014466185.1	25
Vespulavulgaris-7454-GCF905475345.1	25
Megachilerotundata-143995-GCF050947335.1	16
Osmiabicornis-1437191-GCF907164935.1	16
Osmialignaria-1437193-GCF051020975.1	16
Hylaeusvolcanicus-313075-GCF026283585.1	9
Ptiloglossaarizonensis-3350558-GCF051014685.1	14
Calliopsisandreniformis-337506-GCF051401765.1	12
Bombuspascuorum-65598-GCF905332965.1	17
Bombusvancouverensis-2705178-GCF051014615.1	18
Bombushuntii-85661-GCF024542735.1	18
Bombusfervidus-203811-GCF041682495.2	19
Bombusterrestris-30195-GCF000214255.1	18
Bombusterrestris-30195-GCF910591885.1	18
Bombusaffinis-309941-GCF024516045.1	18
Bombuspyrosoma-396416-GCF014825855.1	18
Apismellifera-7460-GCF000002195.4	16
Apismellifera-7460-GCF003254395.2	16
Apismellifera-88217-GCA013841245.2	16
Apiscerana-7461-GCF029169275.1	16
Nomiamelanderi-2448451-GCF051020985.1	14
Lasioglossumbaleicum-434251-GCF051020765.1	20
Megaloptagenalis-115081-GCF051020955.1	19
Athaliarosae-37344-GCF917208135.1	8
Neodiprionfabricii-2872261-GCF021155785.1	7
Neodiprionvirginianus-2961670-GCF021901495.1	7
Neodiprionlecontei-441921-GCF021901455.1	7
Neodiprionpinetum-441929-GCF021155775.2	7
Diprionsimilis-362088-GCF021155765.1	14
Choristoneurafumiferana-7141-GCA025370935.1	30
Choristoneurafumiferana-7141-GCF025370935.1	30
Leguminivoraglycinivorella-1035111-GCF023078275.1	28
Cydiasplendana-1100963-GCF910591565.1	28
Cydiastrobilella-1100964-GCF947568885.1	28
Cydiafagiglandana-1458189-GCF963556715.1	28
Cydiaamplana-1869771-GCF948474715.1	28
Cydiapomonella-82600-GCF033807575.1	28
Bombyxmori-7091-GCF014905235.1	28
Bombyxmori-7091-GCF030269925.1	29
Dendrolimuskikuchii-765133-GCA019925095.2	29
Manducasexta-7130-GCF014839805.1	28
Anticarsiagemmatalis-129554-GCF050436995.1	32
Helicoverpaarmigera-29058-GCF023701775.1	31
Helicoverpaarmigera-29058-GCF030705265.1	31
Helicoverpazea-7113-GCF022581195.2	31
Mythimnaseparata-271217-GCA029852925.1	32
Mythimnaloreyi-667449-GCA029852875.1	32
Spodopteralitura-69820-GCF002706865.2	31
Spodopteraexigua-7107-GCA902829305.4	31
Spodopterafrugiperda-7108-GCF011064685.2	32
Spodopterafrugiperda-7108-GCF023101765.2	31
Spodopteralittoralis-7109-GCA902850265.1	31
Chrysodeixisincludens-689277-GCA903961255.1	31
Trichoplusiani-7111-GCF003590095.1	28
Ariciaagestis-91739-GCF905147365.1	23
Danausplexippus-13037-GCF018135715.1	23
Danausplexippus-278856-GCF009731565.1	30
Brenthisino-405034-GCA921882275.1	14
Vanessacardui-171605-GCF905220365.1	32
Vanessatameamea-334116-GCF037043105.1	32
Vanessaatalanta-42275-GCF905147765.1	32
Nymphalisio-171585-GCF905147045.1	31
Melitaeacinxia-113334-GCF905220565.1	31
Maniolajurtina-191418-GCF905333055.1	30
Bicyclusanynana-110368-GCF947172395.1	28
Parargeaegeria-116150-GCF905163445.1	29
Pierisrapae-64459-GCF905147795.1	26
Pierisbrassicae-7116-GCF905147105.1	16
Pierisnapi-78633-GCF905475465.1	26
Zerenecesonia-33412-GCF012273895.1	29
Coliascroceus-72248-GCF905220415.1	32
Iphiclidespodalirius-110791-GCA933534255.1	30
Papiliomachaon-76193-GCF912999745.1	31
Ostrinianubilalis-29057-GCF963855985.1	32
Loxostegesticticalis-481309-GCA040581525.1	31
Loxostegesticticalis-481309-GCA040581535.1	31
Chilosuppressalis-168631-GCA902850365.2	30
Diatraeasaccharalis-40085-GCA918026875.4	23
Plodiainterpunctella-58824-GCF027563975.2	31
Pectinophoragossypiella-13191-GCF024362695.1	30
Plutellaxylostella-51655-GCA019096205.1	31
Plutellaxylostella-51655-GCF932276165.1	31
Chrysoperlacarnea-189513-GCF905475395.1	6
Pycnogonumlitorale-261975-GCA964442445.1	57
Tachypleustridentatus-6853-GCF004210375.1	13
Cordylochernesscorpioides-51811-GCA030710605.1	24
Uloborusdiversus-327109-GCF026930045.1	10
Parasteatodatepidariorum-114398-GCF043381705.1	12
Argiopebruennichi-94029-GCA015342795.1	13
Argiopebruennichi-94029-GCF947563725.1	13
Oedothoraxgibbosus-931172-GCA019343175.1	13
Ornithodorosturicata-34597-GCF037126465.1	10
Dermacentorandersoni-34620-GCF023375885.2	11
Dermacentorvariabilis-34621-GCF050947875.1	11
Dermacentorsilvarum-543639-GCA013339745.2	11
Dermacentorsilvarum-543639-GCF013339745.2	11
Dermacentoralbipictus-60249-GCF038994185.2	10
Rhipicephalussanguineus-34632-GCA013339695.2	11
Rhipicephalussanguineus-34632-GCF013339695.2	11
Rhipicephalusmicroplus-6941-GCA013339725.1	11
Rhipicephalusmicroplus-6941-GCF013339725.1	11
Rhipicephalusmicroplus-6941-GCF043290135.1	11
Hyalommaasiaticum-266040-GCA013339685.2	11
Haemaphysalislongicornis-44386-GCA013339765.2	11
Ixodespacificus-29930-GCA964199305.2	14
Ixodeshexagonus-34612-GCA964199285.2	14
Ixodespersulcatus-34615-GCA964199295.2	14
Brevipalpusobovatus-246614-GCF050580445.1	2
Sarcoptesscabiei-52283-GCA020844145.1	9
Dermatophagoidesfarinae-6954-GCF024713945.1	10
Blomiatropicalis-40697-GCA029204025.1	4
Watersiporasubatra-2589382-GCF963576615.1	11
Neoechinorhynchusagilis-2593365-GCA051530055.1	3
Dicrocoeliumdendriticum-57078-GCA944474145.2	13
Trichobilharziaregenti-157069-GCA944472135.2	8
Trichobilharziaszidati-157070-GCA944472155.2	8
Heterobilharziaamericana-39320-GCA944470545.2	8
Heterobilharziaamericana-39320-GCA944470555.2	8
Schistosomaturkestanicum-1163369-GCA944470395.2	8
Schistosomamattheei-31246-GCA944470405.2	8
Schistosomamekongi-38744-GCA034768735.1	8
Schistosomaguineensis-393876-GCA944470375.2	8
Schistosomamargrebowiei-48269-GCA944470205.2	8
Schistosomajaponicum-6182-GCA021461655.1	8
Schistosomamansoni-6183-GCA000237925.2	8
Schistosomabovis-6184-GCA944470425.2	8
Schistosomabovis-6184-GCA944470445.2	8
Schistosomahaematobium-6185-GCA000699445.3	8
Schistosomahaematobium-6185-GCA944470455.2	8
Schistosomahaematobium-6185-GCA944470465.2	8
Schistosomahaematobium-6185-GCF000699445.3	8
Schistosomacurassoni-6186-GCA944474815.3	8
Schistosomaintercalatum-6187-GCA944470365.2	8
Schistosomaintercalatum-6187-GCA944470385.2	8
Schistosomarodhaini-6188-GCA944470415.2	8
Schistosomarodhaini-6188-GCA944470435.2	8
Schistosomaspindalis-6189-GCA946903255.1	8
Clonorchissinensis-79923-GCA003604175.2	7
Spirometrasp-3031171-GCA051168835.1	9
Echinococcusgranulosus-6210-GCA021556725.1	9
Tubulanuspolymorphus-672921-GCF964204645.1	12
Lineuslongissimus-88925-GCF910592395.1	19
Haliotisasinina-109174-GCF037392515.1	16
Bradybaenasimilaris-145626-GCA050415755.1	28
Biomphalariaglabrata-6526-GCA025434175.2	18
Biomphalariaglabrata-6526-GCF947242115.1	18
Gigantopeltaaegis-1735272-GCF016097555.1	15
Littorinasaxatilis-31220-GCA037325665.1	17
Littorinasaxatilis-31220-GCF037325665.1	17
Babyloniaareolata-304850-GCF041734735.1	35
Pomaceacanaliculata-400727-GCA003073045.1	14
Pomaceacanaliculata-400727-GCF003073045.1	14
Patellavulgata-6465-GCF932274485.2	9
Argopectenirradians-31199-GCF041381155.1	16
Pectenmaximus-6579-GCF902652985.1	19
Mytilusgalloprovincialis-29158-GCF965363235.1	14
Mytilusedulis-6550-GCF963676685.1	14
Mytilustrossulus-6551-GCF036588685.1	14
Tegillarcagranosa-220873-GCA029721355.1	19
Magallanaangulata-2784310-GCF025612915.1	10
Magallanagigas-29159-GCF963853765.1	10
Ostreaedulis-37623-GCF947568905.1	10
Crassostreavirginica-6565-GCF002022765.2	10
Sinanodontawoodiana-1069815-GCA046254885.1	19
Dreissenapolymorpha-45954-GCA020536995.1	16
Dreissenapolymorpha-45954-GCF020536995.1	16
Myaarenaria-6604-GCA026914265.1	17
Myaarenaria-6604-GCF026914265.1	17
Mactraantiquata-2302425-GCA047288015.1	19
Mercenariamercenaria-6596-GCF014805675.1	19
Mercenariamercenaria-6596-GCF021730395.1	19
Octopussinensis-2607531-GCF006345805.1	30
Octopusbimaculoides-37653-GCF001194135.2	30
Octopusvulgaris-6645-GCA951406725.2	30
Liolophurasinensis-3198878-GCF032854445.1	13
Adinetavaga-104782-GCA021613535.1	6
Ptychoderaflava-63121-GCF041260155.1	22
Antedonmediterranea-105859-GCF964355755.1	11
Asteriasamurensis-7602-GCF032118995.1	22
Asteriasrubens-7604-GCF902459465.1	22
Amphiurafiliformis-82378-GCF039555335.1	20
Diademasetosum-31175-GCF964275005.1	22
Lytechinuspictus-7653-GCF015342785.2	19
Lytechinuspictus-7653-GCF037042905.1	19
Lytechinusvariegatus-7654-GCF018143015.1	19
Holothurialeucospilota-206669-GCA029531755.1	23
Apostichopusjaponicus-307972-GCF037975245.1	23
Oikopleuradioica-34765-GCA907165135.1	5
Cionaintestinalis-7719-GCF000224145.3	14
Branchiostomafloridae-7739-GCF000003815.2	19
Branchiostomalanceolatum-7740-GCA927797965.1	19
Myxineglutinosa-7769-GCF040869285.1	14
Lampetrafluviatilis-7748-GCA965212235.1	81
Lampetraplaneri-7750-GCA965212315.1	80
Petromyzonmarinus-7757-GCF010993605.1	85
Petromyzonmarinus-7757-GCF048934315.1	84
Lethenteronreissneri-7753-GCF015708825.1	72
Erpetoichthyscalabaricus-27687-GCF900747795.2	18
Polypterussenegalus-55291-GCA016835505.1	18
Polypterussenegalus-55291-GCF016835505.1	18
Husohuso-61971-GCA036884735.1	58
Acipenseroxyrinchus-40147-GCA030684275.1	58
Acipenserruthenus-7906-GCF010645085.2	60
Acipenserruthenus-7906-GCF902713425.1	60
Polyodonspathula-7913-GCF017654505.1	60
Lepisosteusoculatus-7918-GCF000242695.1	29
Albulagoreensis-1534307-GCA022829145.1	25
Megalopscyprinoides-118141-GCF013368585.1	25
Megalopsatlanticus-7932-GCA019176425.1	25
Synaphobranchuskaupii-118154-GCA029718625.1	24
Gymnothoraxjavanicus-473457-GCA029692085.1	20
Anguillaanguilla-7936-GCA018320845.1	19
Anguillaanguilla-7936-GCF013347855.1	19
Anguillarostrata-7938-GCF018555375.3	19
Congerconger-82655-GCA029692045.1	19
Congerconger-82655-GCF963514075.1	19
Arapaimagigas-113544-GCA007844225.2	28
Arapaimagigas-113544-GCA047496915.1	28
Scleropagesformosus-113540-GCF900964775.1	25
Brienomyrusbrachyistius-42636-GCF023856365.1	25
Paramormyropskingsleyae-1676925-GCF048594095.1	25
Lamprisincognitus-2546036-GCF029633865.1	21
Thalassophryneamazonica-390379-GCF902500255.1	23
Sphaeramiaorbicularis-375764-GCF902148855.1	23
Mugilogobiuschulae-88201-GCA038363315.1	22
Mugilogobiuschulae-88201-GCA046056395.1	22
Knipowitschiacaucasica-637954-GCA964034765.1	23
Periophthalmusmagnuspinnatus-409849-GCA026225835.1	25
Periophthalmusmagnuspinnatus-409849-GCF009829125.3	24
Syngnathusacus-161584-GCF901709675.1	22
Syngnathusscovelli-161590-GCF024217435.2	22
Syngnathustyphle-161592-GCF033458585.1	22
Nerophisophidion-159077-GCF033978795.1	29
Nerophislumbriciformis-546530-GCF033978685.3	39
Corythoichthysintestinalis-161448-GCF030265065.1	22
Doryrhamphusexcisus-161450-GCF030265055.1	23
Entelurusaequoreus-161455-GCF033978785.1	28
Phyllopteryxtaeniolatus-161469-GCF024500385.1	23
Syngnathoidesbiaculeatus-300417-GCF019802595.1	23
Dunckerocampusdactyliophorus-161453-GCF027744805.1	21
Phycoduruseques-693459-GCF024500275.1	23
Hippocampuszosterae-109293-GCF025434085.1	21
Synchiropussplendidus-270530-GCF027744825.2	19
Scomberjaponicus-13676-GCF027409825.1	24
Scomberscombrus-13677-GCF963691925.1	24
Thunnusalbacares-8236-GCF914725855.1	24
Thunnusthynnus-8237-GCF963924715.1	24
Thunnusmaccoyii-8240-GCF910596095.1	24
Bettasplendens-158456-GCF900634795.4	21
Anabastestudineus-64144-GCF900324465.2	23
Channaargus-215402-GCA004786185.1	24
Channaargus-215402-GCA033026475.1	24
Channaargus-215402-GCF033026475.1	24
Channastriata-64152-GCA033026295.1	22
Mastacembelusarmatus-205130-GCF900324485.2	24
Toxotesjaculatrix-941984-GCF017976425.1	24
Latescalcarifer-8187-GCF001640805.2	24
Xiphiasgladius-8245-GCF016859285.1	24
Echeneisnaucrates-173247-GCF900963305.1	24
Seriolaaureovittata-2871759-GCF021018895.1	24
Paralichthysolivaceus-8255-GCF024713975.1	24
Cynoglossussemilaevis-244447-GCF000523025.1	22
Soleasenegalensis-28829-GCA019176455.1	21
Soleasenegalensis-28829-GCF019176455.1	21
Soleasolea-90069-GCF958295425.1	21
Scophthalmusmaximus-52904-GCA003186165.1	22
Scophthalmusmaximus-52904-GCF013347765.1	22
Scophthalmusmaximus-52904-GCF022379125.1	22
Limandalimanda-27771-GCF963576545.1	23
Platichthysflesus-8260-GCF949316205.1	24
Pleuronectesplatessa-8262-GCF947347685.1	24
Hippoglossusstenolepis-195615-GCF022539355.2	24
Hippoglossushippoglossus-8267-GCF009819705.1	24
Parambassisranga-210632-GCF900634625.1	22
Acanthochromispolyacanthus-80966-GCF021347895.1	24
Amphiprionocellaris-80972-GCF022539595.1	24
Pelmatolapiamariae-158779-GCF036321145.2	20
Oreochromisaureus-47969-GCF013358895.1	22
Oreochromisniloticus-8128-GCF000188235.2	22
Oreochromisniloticus-8128-GCF001858045.2	22
Sarotherodongalilaeus-8144-GCA046562855.1	22
Maylandiazebra-106582-GCF000238955.4	22
Astatotilapiacalliptera-8154-GCF900246225.1	22
Kryptolebiasmarmoratus-37003-GCF001649575.2	24
Nematolebiaswhitei-451745-GCF014905685.2	24
Nothobranchiusfurzeri-105023-GCA014300015.1	19
Nothobranchiusfurzeri-105023-GCF001465895.1	19
Nothobranchiusfurzeri-105023-GCF043380555.1	19
Fundulusheteroclitus-8078-GCF011125445.2	24
Girardinichthysmultiradiatus-208333-GCF021462225.1	25
Gambusiaaffinis-33528-GCF019740435.1	24
Poeciliareticulata-8081-GCF000633615.1	23
Xiphophoruscouchianus-32473-GCF001444195.1	24
Xiphophorusmaculatus-8083-GCF002775205.1	24
Xiphophorushellerii-8084-GCF003331165.1	24
Cololabissaira-129043-GCF033807715.1	24
Oryziasjavanicus-123683-GCA003999625.1	24
Oryziasmelastigma-30732-GCF002922805.2	24
Oryziaslatipes-8090-GCF000313675.1	24
Oryziaslatipes-8090-GCF002234675.1	24
Melanotaeniaboesemani-1250792-GCF017639745.1	24
Odontesthesbonariensis-219752-GCF027942865.1	24
Mugilcephalus-48193-GCF022458985.1	24
Gouaniawilldenowi-441366-GCF900634775.1	23
Salariasfasciatus-181472-GCF902148845.1	22
Scatophagusargus-75038-GCF020382885.2	24
Larimichthyscrocea-215358-GCA003711585.2	24
Larimichthyscrocea-215358-GCA003845795.1	24
Larimichthyscrocea-215358-GCF000972845.2	24
Nibeaalbiflora-240163-GCA014281875.1	24
Collichthyslucidus-240159-GCA004119915.2	24
Xyrichtysnovacula-13765-GCA962446985.1	24
Cheilinusundulatus-241271-GCF018320785.1	24
Labrusmixtus-508554-GCF963584025.1	24
Labrusbergylta-56723-GCF963930695.1	24
Notolabruscelidotus-1203425-GCF009762535.1	24
Pagrusmajor-143350-GCF040436345.1	24
Sparusaurata-8175-GCF900880675.1	24
Acanthopagruslatus-8177-GCF904848185.1	24
Scortumbarcoo-214431-GCA023238725.1	24
Sinipercachuatsi-119488-GCF020085105.1	24
Enoplosusarmatus-215367-GCF043641665.1	24
Micropterusdolomieu-147949-GCF021292245.1	23
Chelmonrostratus-109905-GCF017976325.1	24
Pempherisklunzingeri-3127111-GCF042242105.1	24
Takifugurubripes-31033-GCF000180615.1	22
Takifugurubripes-31033-GCF901000725.2	22
Takifuguflavidus-433684-GCA003711565.2	22
Takifuguflavidus-433684-GCF003711565.1	22
Takifugubimaculatus-433685-GCA004026145.2	22
Antennariusstriatus-241820-GCF040054535.1	24
Brachionichthyshirsutus-412623-GCF040956055.1	24
Plectropomusleopardus-160734-GCF008729295.1	24
Epinephelusfuscoguttatus-293821-GCF011397635.1	24
Epinephelusmoara-300413-GCF006386435.1	24
Epinepheluslanceolatus-310571-GCF005281545.1	24
Epinepheluscoioides-94232-GCA051314025.1	24
Centropristisstriata-184440-GCF030273125.1	24
Anoplopomafimbria-229290-GCF027596085.1	24
Pungitiuspungitius-134920-GCF949316345.1	21
Pungitiussinensis-497904-GCA049949165.1	21
Gasterosteusaculeatus-481459-GCF016920845.1	22
Pseudoliparisswirei-2059687-GCF029220125.1	24
Cyclopteruslumpus-8103-GCF009769545.1	25
Zoarcesviviparus-48416-GCA040110945.1	24
Sebastesumbrosus-72105-GCF015220745.1	24
Percaflavescens-8167-GCA004354835.1	24
Percaflavescens-8167-GCF004354835.1	24
Percafluviatilis-8168-GCA010015445.1	24
Percafluviatilis-8168-GCF010015445.1	24
Sanderlucioperca-283035-GCF008315115.2	24
Etheostomaspectabile-54343-GCA008692095.1	24
Etheostomaspectabile-54343-GCF008692095.1	24
Etheostomacragini-417921-GCF013103735.1	24
Eleginopsmaclovinus-56733-GCA036324505.1	24
Eleginopsmaclovinus-56733-GCF036324505.1	24
Chaenocephalusaceratus-36190-GCA023974075.1	24
Champsocephalusesox-159716-GCA036324585.1	24
Champsocephalusgunnari-52237-GCA036324595.1	24
Pseudochaenichthysgeorgianus-52239-GCF902827115.2	24
Cottopercagobio-56716-GCF900634415.1	24
Pogonophrynealbipinna-1090488-GCA028583405.1	23
Dissostichuseleginoides-100907-GCA031216635.1	24
Pagotheniaborchgrevinki-8213-GCA044885175.1	23
Myripristismurdjan-586833-GCF902150065.1	24
Arctogadusglacialis-185735-GCA964260595.1	15
Boreogadussaida-44932-GCA964260565.1	18
Gaduschalcogrammus-1042646-GCF026213295.1	23
Gadusmorhua-8049-GCF902167405.1	23
Gadusmorhua-328277-GCA964260575.1	23
Gadusmacrocephalus-80720-GCF031168955.1	23
Merlucciusmerluccius-8063-GCA964260605.1	21
Lotalota-69944-GCA964260585.1	23
Muraenolepisorangiensis-630683-GCA027704905.1	25
Osmeruseperlanus-29151-GCF963692335.1	28
Hypomesustranspacificus-137520-GCF021917145.1	26
Coregonussp-861768-GCA902810595.1	40
Coregonusclupeaformis-59861-GCF018398675.1	40
Coregonusclupeaformis-59861-GCF020615455.1	40
Coregonussuidteri-861788-GCA036851935.1	40
Oncorhynchusclarkii-490388-GCF045791955.1	33
Oncorhynchustshawytscha-74940-GCF002872995.1	34
Oncorhynchustshawytscha-74940-GCF018296145.1	34
Oncorhynchusgorbuscha-8017-GCF021184085.1	27
Oncorhynchusketa-8018-GCF012931545.1	37
Oncorhynchusketa-8018-GCF023373465.1	37
Oncorhynchuskisutch-8019-GCF002021735.2	30
Oncorhynchusmasou-90313-GCF036934945.1	33
Oncorhynchusmykiss-8022-GCA900005705.1	28
Oncorhynchusmykiss-8022-GCF002163495.1	29
Oncorhynchusmykiss-8022-GCF013265735.2	32
Oncorhynchusnerka-8023-GCF006149115.2	29
Oncorhynchusnerka-8023-GCF034236695.1	29
Salmosalar-8030-GCF000233375.1	29
Salmosalar-8030-GCF905237065.1	29
Salmotrutta-8032-GCF901001165.1	40
Salvelinussp-2691554-GCF002910315.2	39
Salvelinusalpinus-8036-GCF045679555.1	39
Salvelinusfontinalis-8038-GCF029448725.1	42
Salvelinusnamaycush-8040-GCF016432855.1	42
Umbrapygmaea-75934-GCA040894045.1	11
Dalliapectoralis-75939-GCA029465975.1	37
Esoxlucius-8010-GCF000721915.3	25
Esoxlucius-8010-GCF004634155.1	25
Esoxlucius-8010-GCF011004845.1	25
Denticepsclupeoides-299321-GCF900700375.1	20
Coiliagrayii-363190-GCA042479465.1	24
Engraulisencrasicolus-184585-GCF034702125.1	24
Alosaalosa-278164-GCA017589495.2	24
Alosaalosa-278164-GCF017589495.1	24
Alosasapidissima-34773-GCF018492685.1	24
Sardinapilchardus-27697-GCF963854185.1	24
Clupeaharengus-7950-GCF900700415.2	26
Xyrauchentexanus-154827-GCF025860055.1	50
Myxocyprinusasiaticus-70543-GCF019703515.2	50
Triplophysatibetana-1572043-GCA008369825.1	25
Triplophysadalaica-1582913-GCF015846415.1	25
Triplophysarosa-992332-GCA024868665.2	25
Triplophysarosa-992332-GCF024868665.1	25
Misgurnusanguillicaudatus-75329-GCF027580225.2	25
Paramisgurnusdabryanus-90735-GCF030506205.2	24
Danioaesculapii-1142201-GCF903798145.1	25
Daniorerio-7955-GCF000002035.6	25
Pseudorasboraparva-51549-GCF024679245.1	25
Leuciscuswaleckii-155063-GCA041200155.1	25
Phoxinusphoxinus-58324-GCA037504845.1	25
Phoxinusphoxinus-58324-GCA037504875.1	25
Culteralburnus-194366-GCA040182925.1	24
Chanodichthyserythropterus-933992-GCF024489055.1	24
Megalobramaamblycephala-75352-GCF018812025.1	24
Ctenopharyngodonidella-7959-GCF019924925.1	24
Onychostomamacrolepis-369639-GCA012432095.1	25
Onychostomamacrolepis-369639-GCF012432095.1	25
Carassiusgibelio-101364-GCF023724105.1	50
Carassiuscarassius-217509-GCF963082965.1	50
Carassiusauratus-7957-GCF003368295.1	59
Cyprinuscarpio-7962-GCF000951615.1	50
Cyprinuscarpio-7962-GCF018340385.1	50
Garrarufa-137080-GCF049309525.1	25
Cirrhinusmolitorella-172907-GCA033026305.1	25
Cirrhinusmolitorella-172907-GCA040955965.1	25
Cirrhinusmrigala-683832-GCA036247105.2	25
Labeorohita-84645-GCA022985175.1	25
Labeorohita-84645-GCF022985175.1	25
Puntigrustetrazona-1606681-GCF018831695.1	25
Hopliasmalabaricus-27720-GCF029633855.1	21
Astyanaxmexicanus-7994-GCA019721115.1	25
Astyanaxmexicanus-7994-GCF000372685.2	25
Astyanaxmexicanus-7994-GCF023375975.1	25
Metynnishypsauchen-138550-GCA050495845.1	31
Pygocentrusnattereri-42514-GCF015220715.1	30
Serrasalmusrhombeus-138556-GCA051861685.1	30
Acnodonoligacanthus-446776-GCA051861665.1	30
Silurusmeridionalis-175797-GCA014805685.1	29
Silurusmeridionalis-175797-GCA023972475.1	29
Silurusmeridionalis-175797-GCF014805685.1	29
Clariasgariepinus-13013-GCF024256425.1	28
Hemibagruswyckioides-337641-GCA019097595.1	29
Hemibagruswyckioides-337641-GCF019097595.1	29
Tachysurusfulvidraco-1234273-GCF022655615.1	26
Tachysurusvachellii-175792-GCA033026395.1	26
Tachysurusvachellii-175792-GCF030014155.1	26
Ameiurusmelas-219545-GCA012411365.1	29
Ictalurusfurcatus-66913-GCF023375685.1	29
Ictaluruspunctatus-7998-GCF001660625.3	29
Pangasianodongigas-30993-GCA022758105.1	30
Pangasianodonhypophthalmus-310915-GCA009078355.1	30
Pangasianodonhypophthalmus-310915-GCF009078355.1	30
Pangasianodonhypophthalmus-310915-GCF027358585.1	30
Pangasiusdjambal-1691987-GCA022985145.1	30
Electrophoruselectricus-8005-GCF013358815.1	26
Chanoschanos-29144-GCF902362185.1	16
Gracilinanusagilis-191870-GCF016433145.1	7
Monodelphisdomestica-13616-GCF000002295.2	9
Monodelphisdomestica-13616-GCF027887165.1	10
Dromiciopsgliroides-33562-GCF019393635.1	7
Antechinusflavipes-38775-GCF016432865.1	7
Sminthopsiscrassicaudata-9301-GCF048593235.1	7
Sarcophilusharrisii-9305-GCF902635505.1	8
Notamacropuseugenii-9315-GCF028372415.1	9
Trichosurusvulpecula-9337-GCF011100635.1	10
Macrotislagotis-92651-GCF037893015.1	9
Acinonyxjubatus-32536-GCF027475565.1	19
Prionailurusbengalensis-37029-GCF016509475.1	19
Prionailurusviverrinus-61388-GCF022837055.1	19
Leopardusgeoffroyi-46844-GCF018350155.1	18
Feliscatus-9685-GCF018350175.1	19
Neofelisnebulosa-61452-GCF028018385.1	20
Pantherauncia-29064-GCF023721935.1	12
Pantheraleo-9689-GCF018350215.1	19
Pantheraonca-9690-GCF028533385.1	19
Pantheratigris-9694-GCF018350195.1	19
Suricatasuricatta-37032-GCF006229205.1	18
Zalophuscalifornianus-9704-GCF009762305.2	19
Neomonachusschauinslandi-29088-GCF002201575.2	18
Miroungaangustirostris-9716-GCF021288785.2	17
Melesmeles-9662-GCF922984935.1	23
Lutralutra-9657-GCF902655055.1	20
Neogalevison-452646-GCF020171115.1	15
Mustelaerminea-36723-GCF009829155.1	23
Mustelanigripes-77151-GCF022355385.1	19
Mustelalutreola-9666-GCF030435805.1	20
Canislupus-286419-GCF003254725.2	39
Canislupus-9615-GCF000002285.5	39
Canislupus-9615-GCF005444595.1	39
Canislupus-9615-GCF011100685.1	39
Canislupus-9615-GCF014441545.1	40
Vulpeslagopus-494514-GCF018345385.1	25
Vulpesvulpes-9627-GCF048418805.1	17
Ursusarctos-9644-GCF023065955.2	2
Ailuropodamelanoleuca-9646-GCF002007445.2	21
Hippopotamusamphibius-575201-GCF030028045.1	18
Lagenorhynchusalbirostris-27610-GCF949774975.1	22
Delphinusdelphis-9728-GCF949987515.2	23
Globicephalamelas-9731-GCF963455315.2	23
Orcinusorca-9733-GCF937001465.1	22
Phocoenasinus-42100-GCF008692025.1	22
Phocoenaphocoena-9742-GCF963924675.1	22
Physetermacrocephalus-9755-GCF002837175.3	21
Balaenopteraacutorostrata-9767-GCF949987535.1	22
Balaenopteramusculus-9771-GCF009873245.2	23
Phacochoerusafricanus-41426-GCF016906955.1	17
Susscrofa-9823-GCF000003025.6	20
Vicugnapacos-30538-GCF048564905.1	37
Camelusferus-419612-GCF009834535.1	37
Camelusbactrianus-9837-GCF048773025.1	37
Camelusdromedarius-9838-GCA000803125.3	37
Camelusdromedarius-9838-GCF000803125.2	37
Muntiacusreevesi-9886-GCA008787405.2	23
Muntiacusreevesi-9886-GCF963930625.1	23
Muntiacusmuntjak-9888-GCA008782695.1	3
Cervuscanadensis-1574408-GCF019320065.1	35
Cervushanglu-84702-GCA010411085.1	34
Cervuselaphus-9860-GCF910594005.1	34
Cervuselaphus-46360-GCA002197005.1	35
Damadama-30532-GCF033118175.1	35
Rangifertarandus-3082113-GCA949782905.1	36
Rangifertarandus-3082113-GCA951394145.2	34
Odocoileusvirginianus-9874-GCF023699985.2	36
Bosindicus-30522-GCF003369695.1	30
Bosmutus-72004-GCF027580195.1	30
Bosjavanicus-9906-GCF032452875.1	31
Bostaurus-9913-GCA000003055.5	30
Bostaurus-9913-GCF000003055.6	30
Bostaurus-9913-GCF000003205.7	31
Bostaurus-9913-GCF002263795.3	31
Bosindicus-9915-GCF000247795.1	31
Bosindicus-9915-GCF029378745.1	30
Bubaluskerabau-3119969-GCF029407905.1	24
Bubalusbubalis-89462-GCF003121395.1	25
Bubalusbubalis-89462-GCF019923925.1	25
Bubalusbubalis-89462-GCF019923935.1	25
Budorcastaxicolor-37181-GCF023091745.1	27
Caprahircus-9925-GCA026652205.1	30
Caprahircus-9925-GCA041736475.1	30
Caprahircus-9925-GCA041920685.1	30
Caprahircus-9925-GCF001704415.2	29
Ovisammon-2918886-GCA023701655.1	28
Ovisammon-2918886-GCA023701675.1	27
Ovisammon-230172-GCA028583565.1	29
Oviscanadensis-37174-GCF042477335.2	28
Ovisaries-9940-GCA017524585.1	27
Ovisaries-9940-GCA040836155.1	27
Ovisaries-9940-GCA041121725.1	27
Ovisaries-9940-GCF000298735.2	27
Ovisaries-9940-GCF002742125.1	27
Ovisaries-9940-GCF016772045.2	28
Capricornissumatraensis-34865-GCF032405125.1	24
Erinaceuseuropaeus-9365-GCF950295315.1	24
Suncusetruscus-109475-GCF024139225.1	22
Sorexaraneus-42254-GCF027595985.1	12
Rhinolophussinicus-89399-GCF036562045.2	18
Desmodusrotundus-9430-GCF022682495.2	15
Eptesicusfuscus-29078-GCF027574615.1	25
Myotisdaubentonii-98922-GCF963259705.1	23
Equusquagga-89248-GCF021613505.1	22
Equusasinus-9793-GCF016077325.2	32
Equusasinus-9793-GCF041296235.1	31
Equuscaballus-9796-GCF000002305.2	32
Equuscaballus-9796-GCF002863925.1	32
Equuscaballus-9796-GCF041296265.1	32
Equusprzewalskii-9798-GCF037783145.1	33
Manispentadactyla-143292-GCF030020395.1	21
Manisjavanica-9974-GCF040802235.1	20
Ochotonaprinceps-9978-GCF014633375.1	33
Ochotonaprinceps-9978-GCF030435755.1	35
Lepuseuropaeus-9983-GCF033115175.1	25
Oryctolaguscuniculus-9986-GCF000003625.3	22
Oryctolaguscuniculus-9986-GCF009806435.1	22
Oryctolaguscuniculus-9986-GCF964237555.1	22
Perognathuslongimembris-214514-GCF023159225.1	28
Jaculusjaculus-51337-GCF020740685.1	25
Merionesunguiculatus-10047-GCF030254825.1	21
Acomysrussatus-60746-GCF903995435.1	33
Muscaroli-10089-GCF900094665.2	20
Musmusculus-10090-GCF000001635.27	21
Muspahari-10093-GCF900095145.1	24
Rattusnorvegicus-10116-GCA000002265.1	21
Rattusnorvegicus-10116-GCF000001895.5	22
Rattusnorvegicus-10116-GCF015227675.2	22
Rattusnorvegicus-10116-GCF036323735.1	22
Rattusrattus-10117-GCF011064425.1	20
Apodemussylvaticus-10129-GCF947179515.1	25
Mastomyscoucha-35658-GCF008632895.1	2
Arvicanthisniloticus-61156-GCF011762505.1	22
Cricetulusgriseus-10029-GCF003668045.3	10
Peromyscusleucopus-10041-GCF004664715.2	24
Peromyscusmaniculatus-230844-GCF003704035.1	24
Peromyscusmaniculatus-230844-GCF049852395.1	24
Peromyscuseremicus-42410-GCF949786415.1	24
Onychomystorridus-38674-GCF903995425.1	24
Arvicolaamphibius-1047088-GCF903992535.2	18
Microtusochrogaster-79684-GCF000317375.1	28
Chionomysnivalis-269649-GCF950005125.1	28
Sigmodonhispidus-42415-GCA041721565.1	26
Ictidomystridecemlineatus-43179-GCA016881025.1	1
Ictidomystridecemlineatus-43179-GCF016881025.1	1
Sciuruscarolinensis-30640-GCF902686445.1	21
Microcebusmurinus-30608-GCF000165445.2	33
Microcebusmurinus-30608-GCF040939455.1	33
Eulemurrufifrons-859984-GCF041146395.1	30
Lemurcatta-9447-GCF020740605.2	29
Nycticebuscoucang-9470-GCF027406575.1	26
Plecturocebuscupreus-202457-GCA040437455.1	23
Callithrixjacchus-9483-GCF000004665.1	24
Callithrixjacchus-9483-GCF009663435.1	24
Callithrixjacchus-9483-GCF011100555.1	24
Saguinusoedipus-9490-GCA031835075.1	23
Chlorocebussabaeus-60711-GCF000409795.2	31
Chlorocebussabaeus-60711-GCF047675955.1	30
Macacathibetana-257877-GCF024542745.1	22
Macacafascicularis-9541-GCA000230815.1	21
Macacafascicularis-9541-GCF000364345.1	21
Macacafascicularis-9541-GCF012559485.2	21
Macacamulatta-9544-GCA000230795.1	21
Macacamulatta-9544-GCF000002255.3	21
Macacamulatta-9544-GCF000772875.2	22
Macacamulatta-9544-GCF003339765.1	22
Papioanubis-9555-GCF000264685.3	21
Papioanubis-9555-GCF008728515.1	22
Theropithecusgelada-9565-GCF003255815.1	22
Nasalislarvatus-43780-GCA047834645.1	24
Pygathrixnigripes-310352-GCA047655245.1	22
Rhinopithecusroxellana-61622-GCF007565055.1	22
Piliocolobustephrosceles-591936-GCF002776525.5	23
Nomascusleucogenys-61853-GCF000146795.2	26
Nomascusleucogenys-61853-GCF006542625.1	26
Symphalangussyndactylus-9590-GCF028878055.3	26
Gorillagorilla-9595-GCF000151905.2	24
Gorillagorilla-9595-GCF008122165.1	24
Gorillagorilla-9595-GCF029281585.2	25
Panpaniscus-9597-GCF000258655.2	24
Panpaniscus-9597-GCF029289425.2	25
Pantroglodytes-9598-GCA002880755.3	24
Pantroglodytes-9598-GCF000001515.7	25
Pantroglodytes-9598-GCF002880755.1	25
Pantroglodytes-9598-GCF028858775.2	25
Homosapiens-9606-GCA011064465.2	24
Homosapiens-9606-GCA018873775.2	24
Homosapiens-9606-GCA022833125.2	24
Homosapiens-9606-GCF000001405.40	278
Homosapiens-9606-GCF000002125.1	24
Homosapiens-9606-GCF000002135.2	1
Homosapiens-9606-GCF000306695.2	23
Pongopygmaeus-9600-GCF028885625.2	25
Pongoabelii-9601-GCA002880775.3	24
Pongoabelii-9601-GCF002880775.1	24
Pongoabelii-9601-GCF028885655.2	25
Choloepusdidactylus-27675-GCF015220235.1	29
Ornithorhynchusanatinus-9258-GCF004115215.2	31
Tachyglossusaculeatus-9261-GCF015852505.1	36
Pelodiscussinensis-13735-GCF049634645.1	33
Carettochelysinsculpta-44489-GCF033958435.1	34
Dermochelyscoriacea-27794-GCF009764565.3	28
Carettacaretta-8467-GCA965117115.1	28
Carettacaretta-8467-GCF023653815.2	28
Cheloniamydas-8469-GCF015237465.2	28
Mauremysreevesii-260615-GCF016161935.1	27
Mauremysmutica-74926-GCA020497125.1	26
Mauremysmutica-74926-GCF020497125.1	26
Trachemysscripta-31138-GCF013100865.1	25
Chrysemyspicta-8478-GCF000241765.5	19
Chrysemyspicta-8478-GCF011386835.1	25
Malaclemysterrapin-2991368-GCF027887155.1	25
Gopherusevgoodei-1825980-GCF007399415.2	24
Gopherusflavomarginatus-286002-GCF025201925.1	25
Chelonoidisabingdonii-106734-GCF003597395.2	26
Anasacuta-28680-GCF963932015.1	39
Anasplatyrhynchos-8839-GCF003850225.1	30
Anasplatyrhynchos-8839-GCF015476345.1	33
Oxyurajamaicensis-8884-GCF011077185.1	34
Aythyafuligula-219594-GCF009819795.1	36
Ansercygnoides-8845-GCF040182565.1	40
Cygnusatratus-8868-GCF013377495.2	35
Cygnusolor-8869-GCF009769625.2	36
Numidameleagris-8996-GCF002078875.1	31
Coturnixjaponica-93934-GCF001577835.2	31
Meleagrisgallopavo-9103-GCF000146605.3	32
Lagopusmuta-64668-GCF023343835.1	40
Gallusgallus-9031-GCF000002315.6	34
Gallusgallus-9031-GCF016699485.2	41
Gallusgallus-9031-GCF016700215.2	41
Apusapus-8895-GCF020740795.1	31
Calypteanna-9244-GCF003957555.1	33
Nyctibiusgrandis-48427-GCF013368605.1	38
Cuculuscanorus-55661-GCF017976375.1	41
Phaenicophaeuscurvirostris-33595-GCF032191515.1	40
Athenenoctua-126797-GCF965140245.1	41
Buboscandiacus-371907-GCA965212775.1	30
Buboscandiacus-371907-GCA965212795.1	34
Strixuralensis-36305-GCF047716275.1	41
Falcorusticolus-120794-GCF015220075.1	24
Falconaumanni-148594-GCF017639655.2	27
Falcoperegrinus-8954-GCF023634155.1	23
Chiroxiphialanceolata-296741-GCF009829145.1	35
Cincluscinclus-127875-GCF963662255.1	39
Ammospizacaudacuta-2857398-GCF027887145.1	40
Zonotrichialeucophrys-257770-GCF028769735.1	32
Melospizageorgiana-44398-GCF028018845.1	36
Molothrusaeneus-84833-GCF037042795.1	35
Molothrusater-84834-GCF012460135.2	41
Agelaiusphoeniceus-39638-GCF020745825.1	37
Motacillaalba-1094192-GCF015832195.1	31
Viduamacroura-187451-GCF024509145.1	41
Viduachalybeata-81927-GCF026979565.1	41
Lonchurastriata-40157-GCF005870125.1	31
Taeniopygiaguttata-59729-GCF000151805.1	35
Taeniopygiaguttata-59729-GCF003957565.2	41
Taeniopygiaguttata-59729-GCF008822105.2	32
Geothlypistrichas-135433-GCA009764595.1	34
Coccothraustescoccothraustes-37609-GCA965649865.1	34
Serinuscanaria-9135-GCF022539315.1	31
Anomalospizaimberbis-187417-GCF031753505.1	41
Corvusmoneduloides-1196302-GCF009650955.1	36
Corvushawaiiensis-134902-GCF020740725.1	43
Corvuscornix-932674-GCF000738735.6	29
Aphelocomacoerulescens-39617-GCF041296385.1	33
Sylviaatricapilla-48155-GCF009819655.1	35
Hirundorustica-43150-GCF015227805.2	41
Priniasubflava-208062-GCF021018805.1	37
Oenanthemelanoleuca-2939378-GCF029582105.1	31
Ficedulaalbicollis-59894-GCF000247815.1	33
Camarhynchusparvulus-87175-GCF901933205.1	31
Mimusmelanotis-245851-GCA042985785.1	31
Pithysalbifrons-3385563-GCF047495875.1	40
Poecileatricapillus-48891-GCF030490865.1	41
Parusmajor-9157-GCF001522545.3	32
Lamprotornissuperbus-245042-GCA015883425.2	34
Catharusustulatus-91951-GCF009819885.2	41
Melopsittacusundulatus-13146-GCF012275295.1	32
Indicatorindicator-1002788-GCF027791375.1	44
Pogoniuluspusillus-488313-GCF015220805.1	46
Dryobatespubescens-118200-GCF014839835.1	46
Harpiaharpyja-202280-GCF026419915.1	30
Buteobuteo-30397-GCF964188355.1	34
Asturgentilis-8957-GCF929443795.1	40
Aquilachrysaetos-223781-GCF900496995.4	28
Haliaeetusalbicilla-8969-GCF947461875.1	34
Gymnogypscalifornianus-33616-GCF018139145.2	30
Calonectrisborealis-1323832-GCF964195595.1	41
Phalacrocoraxaristotelis-126867-GCF949628215.1	36
Phalacrocoraxcarbo-9209-GCF963921805.1	36
Mycteriaamericana-33587-GCA035582795.1	32
Mycteriaamericana-33587-GCF035582795.1	32
Ciconiaboyciana-52775-GCF034638445.1	36
Pelecanuscrispus-36300-GCF030463565.1	34
Aptenodytespatagonicus-9234-GCF965638725.1	34
Chroicocephalusridibundus-1192867-GCF963924245.1	33
Rissatridactyla-75485-GCF028500815.1	32
Larusmichahellis-119627-GCF964199755.1	35
Numeniusarquata-31919-GCF964106895.1	41
Balearicaregulorum-100784-GCF011004875.1	37
Grusamericana-9117-GCF028858705.1	40
Phrynosomaplatyrhinos-52577-GCA020142125.1	16
Sceloporusundulatus-8520-GCF019175285.1	11
Anoliscarolinensis-28377-GCF000090745.2	13
Anoliscarolinensis-28377-GCF035594765.1	8
Pogonavitticeps-103695-GCF047335585.1	16
Elgariamulticarinata-159646-GCF023053635.1	23
Thamnophiselegans-35005-GCF009769535.1	18
Ahaetullaprasina-499056-GCF028640845.1	18
Najanaja-35670-GCA009733165.1	19
Crotalusadamanteus-8729-GCA039797435.1	19
Zootocavivipara-8524-GCF011800845.1	19
Zootocavivipara-8524-GCF963506605.1	19
Podarcismuralis-64176-GCF004329235.1	19
Podarcisraffonei-65483-GCF027172205.1	20
Podarcislilfordi-74358-GCA947686815.1	20
Lacertaagilis-80427-GCF009819535.1	20
Hemicordyluscapensis-884348-GCF027244095.1	17
Eulepteseuropaea-460621-GCF029931775.1	21
Sphaerodactylustownsendi-933632-GCF021028975.2	17
Eublepharismacularius-481883-GCF028583425.1	19
Heteronotiabinoei-13085-GCF032191835.1	21
Gekkokuhli-1118402-GCA051903775.1	21
Ambystomamexicanum-8296-GCF040938575.1	21
Pleurodeleswaltl-8319-GCA026652325.1	16
Pleurodeleswaltl-8319-GCF031143425.1	16
Ascaphustruei-8439-GCA036426205.1	22
Ascaphustruei-8439-GCF040206685.1	23
Bombinabombina-8345-GCF027579735.1	12
Hymenochirusboettgeri-247094-GCA019447015.1	9
Xenopuslaevis-8355-GCA001663975.1	18
Xenopuslaevis-8355-GCF001663975.1	18
Xenopuslaevis-8355-GCF017654675.1	18
Xenopustropicalis-8364-GCA000004195.4	10
Xenopustropicalis-8364-GCF000004195.4	10
Pyxicephalusadspersus-30357-GCF032062135.1	14
Aquaranacatesbeiana-8400-GCF042186555.1	13
Ranatemporaria-8407-GCF905171775.1	13
Eleutherodactyluscoqui-57060-GCA019857665.1	13
Engystomopspustulosus-76066-GCA019512145.1	11
Bufogargarizans-30331-GCF014858855.1	11
Bufobufo-8384-GCF905171765.1	11
Hylasarda-327740-GCF029499605.1	13
Hyperoliusriggenbachi-752182-GCF040937935.1	12
Speabombifrons-233779-GCF027358695.1	13
Pelobatescultripes-61616-GCA933207985.1	14
Microcaeciliaunicolor-1415580-GCF901765095.1	14
Geotrypetesseraphini-260995-GCF902459505.1	19
Rhinatremabivittatum-194408-GCF901001135.1	19
Protopterusannectens-7888-GCF019279795.1	27
Mobulahypostoma-723540-GCF963921235.1	34
Hemitrygonakajei-2704970-GCF048418815.1	32
Pristispectinata-685728-GCF009764475.1	46
Leucorajaerinaceus-7782-GCF028641065.1	50
Scyliorhinustorazame-75743-GCF047496885.1	32
Scyliorhinuscanicula-7830-GCF902713615.1	31
Carcharodoncarcharias-13397-GCF017639515.1	42
Rhincodontypus-259920-GCF021869965.1	50
Stegostomatigrinum-3053191-GCF022316705.1	50
Chiloscylliumpunctatum-137246-GCF047496795.1	54
Chiloscylliumplagiosum-36176-GCF004010195.1	51
Hydravulgaris-6087-GCF022113875.1	15
Hydractiniasymbiolongicarpus-13093-GCF029227915.1	15
Nematostellavectensis-45351-GCF932526225.1	15
Pocilloporaverrucosa-203993-GCF036669915.1	14
Montiporacapricornis-246305-GCF036669925.1	14
Montiporafoliosa-591990-GCF036669935.1	14
Acroporamuricata-159855-GCF036669905.1	14
Acroporamillepora-45264-GCF013753865.1	14
Acroporapalmata-6131-GCF964030605.1	14
Poriteslutea-51062-GCF958299795.1	14
Oculinapatagonica-130080-GCA052425735.1	14
Axinellapolypoides-12959-GCA964261215.2	25
Axinelladamicornis-72671-GCA963931865.1	14
Axinellainfundibuliformis-798307-GCA965653825.1	23
Cymbastelaconcentrica-484451-GCA965112925.1	25
Phakelliarobusta-2738514-GCA964264905.1	25
Phakelliaventilabrum-942649-GCA963921505.1	25
Phakelliaventilabrum-942649-GCA964276705.1	25
Biemnasp-3127775-GCA965654285.1	14
Spheciospongiapapillosa-3133104-GCA965235015.2	19
Spheciospongiapapillosa-3133104-GCA965235065.2	19
Clionaorientalis-281731-GCA963930775.1	19
Weberellabursa-1391061-GCA965644515.1	24
Ephydatiamuelleri-6052-GCA964261645.1	23
Spongillalacustris-6055-GCA949361645.1	23
Eunapiusfragilis-91661-GCA963681505.1	23
Suberitessp-283539-GCA964274175.1	18
Tethyacaliforniana-283519-GCA964205185.1	16
Theneavaldiviae-1006815-GCA964340815.1	19
Pleromaturbinatum-2593556-GCA965278755.2	22
Theonellaswinhoei-37505-GCA963970385.1	21
Geodiaparva-1390724-GCA964274975.1	21
Geodiamacandrewii-519544-GCA965151695.1	22
Geodiaphlegraei-521093-GCA964341465.1	21
Pachymatismajohnstonia-77183-GCA965653895.1	21
Penaresturmericolor-3121256-GCA965152365.1	21
Neoschrammeniellabowerbankii-3089545-GCA964374245.1	21
Stellettarhaphidiophora-1006808-GCA965196945.1	21
Rhabdastrellaglobostellata-473528-GCA964261875.1	21
Pachastrellaovisternata-1006801-GCA964263345.1	21
Diacarnuserythraeanus-879318-GCA964016965.1	18
Crambecrambe-3722-GCA963924555.1	18
Lycopodinahypogea-2491183-GCA963969325.1	15
Callyspongiamanus-3133881-GCA965112345.1	16
Haploscleridasp-3378732-GCA965206435.1	22
Haliclonacinerea-178541-GCA964277205.1	9
Haliclonaindistincta-608205-GCA964017065.1	10
Xestospongiabergquistia-1088918-GCA963965975.1	15
Xestospongiamuta-178552-GCA963693285.1	15
Petrosiacrassa-3115543-GCA965785925.1	18
Petrosiaficiformis-68564-GCA947044365.1	18
Agelasconifera-295242-GCA965122385.1	23
Agelasclathrodes-313630-GCA965279245.1	23
Agelastubulata-333315-GCA964245335.1	23
Agelasoroides-72715-GCA949130485.1	23
Spongiaofficinalis-252964-GCA964213935.1	17
Spongialamella-3062688-GCA963930835.2	10
Rhopaloeidesodorabile-476028-GCA964237215.1	17
Phyllospongiafoliascens-593584-GCA964212625.1	14
Chondrillacaribensis-1336846-GCA964020155.1	25
Chondrillaaustraliensis-220711-GCA965112545.1	27
Chondrosiareniformis-68574-GCA947172415.1	14
Aplysinacavernicola-121477-GCA964659575.1	20
Aplysinaaerophoba-289389-GCA949841015.1	22
Aplysinacauliformis-289398-GCA965643675.1	22
Aplysinainsularis-289402-GCA964270515.1	22
Aiolochroiacrassa-261677-GCA964263335.1	23
Ianthellabasta-375146-GCA964019415.1	23
Aphrocallistesbeatrix-398365-GCA963281255.1	19
Corbitellaplagiariorum-3014155-GCA965278765.1	19
Bolosomacyanae-3014158-GCA964258925.1	19
Asconemamegaatrialia-3132094-GCA965113215.1	19
Mertensiaovum-140496-GCA965231295.1	14
Mertensiaovum-140496-GCA965231305.1	14
Hormiphoracalifornensis-1403702-GCA020137815.1	13
Haplodiscusbocki-2916798-GCA965655095.1	12
Amphiscolopssp-2979135-GCA964187785.1	13
Acutogordiusaustraliensis-3058964-GCA030555515.1	4
Paragordiusvarius-190579-GCA964247055.1	11
Paragordiusvarius-190579-GCA964276475.1	10
Paragordiusvarius-190579-GCA964276485.1	10
Gordiussp-2991509-GCA964036665.1	8
Gordiusalbopunctatus-57293-GCA964276515.1	10
Echinomermellamatsi-944443-GCA964248945.1	7
Echinomermellamatsi-944443-GCA964256745.1	7
Trichurisovis-93034-GCA965601645.1	3
Trichinellamurrelli-144512-GCA002221485.1	3
Trichinellaspiralis-6334-GCA000181795.3	3
Trichinellaspiralis-6334-GCA008807755.1	3
Trichinellaspiralis-6334-GCA008807775.1	3
Trichinellaspiralis-6334-GCA008807795.1	3
Trichinellaspiralis-6334-GCA008807815.1	3
Heligmosomummixtum-375988-GCA965643505.1	6
Heligmosomoidespolygyrus-243955-GCA947396885.1	6
Heligmosomoidespolygyrus-375939-GCA947359475.1	6
Heterorhabditisbacteriophora-37862-GCA964036235.1	7
Oesophagostomumvenulosum-63234-GCA966212565.1	6
Nematodirusbattus-28839-GCA966197035.1	6
Dictyocaulusviviparus-29172-GCA964187775.1	6
Cooperiaoncophora-27828-GCA965643665.1	6
Haemonchuscontortus-6289-GCA000469685.2	6
Ostertagiaostertagi-6317-GCA964213955.1	6
Trichostrongylusaxei-40349-GCA965283065.1	6
Trichostrongyluscolubriformis-6319-GCA963978905.1	6
Litoditismarina-1654675-GCA964036275.1	8
Auanemafreiburgensis-1963013-GCA030370435.1	7
Auanemasp-2878356-GCA964263715.1	6
Auanemasp-2878362-GCA964264295.1	5
Auanemasp-2878366-GCA964263695.1	6
Auanemasp-2878367-GCA964416725.1	6
Auanemarhodensis-473160-GCA964057225.1	7
Diploscaptercoronatus-288516-GCA964036155.1	2
Caenorhabditismonodelphis-1094320-GCA964197825.1	6
Caenorhabditisdoughertyi-1094321-GCA963572265.1	6
Caenorhabditisvirilis-1094323-GCA964036255.1	6
Caenorhabditisimperialis-1094324-GCA963572205.1	6
Caenorhabditiskamaaina-1094325-GCA964211945.1	6
Caenorhabditiswallacei-1094326-GCA963932035.1	6
Caenorhabditismacrosperma-1094328-GCA963932285.1	6
Caenorhabditisafra-1094335-GCA963570955.1	6
Caenorhabditislatens-1503980-GCA002259235.3	6
Caenorhabditissinica-1550068-GCA963932045.1	6
Caenorhabditistropicalis-1561998-GCA016735795.1	6
Caenorhabditistropicalis-1561998-GCA043792875.1	6
Caenorhabditisnigoni-1611254-GCA001643685.2	6
Caenorhabditisnigoni-1611254-GCA027920645.1	6
Caenorhabditisnigoni-1611254-GCA046127665.1	6
Caenorhabditisinopinata-1978547-GCA003052745.1	6
Caenorhabditisastrocarya-2035511-GCA965282815.1	6
Caenorhabditisdolens-2035512-GCA965231745.1	6
Caenorhabditisbecei-2301260-GCA050948105.1	6
Caenorhabditisparvicauda-2305859-GCA963978915.1	6
Caenorhabditisuteleia-2305860-GCA963573275.1	6
Caenorhabditisquiockensis-2305861-GCA964198105.1	6
Caenorhabditissulstoni-2305862-GCA963966605.1	6
Caenorhabditiswaitukubuli-2305864-GCA965219145.1	3
Caenorhabditiszanzibari-2306312-GCA963966625.1	6
Caenorhabditissp-1094336-GCA963572245.1	6
Caenorhabditissp-281686-GCA964204685.1	6
Caenorhabditissp-2883081-GCA965643545.1	3
Caenorhabditissp-2883082-GCA965234095.1	6
Caenorhabditissp-2883084-GCA965234135.1	3
Caenorhabditisplicata-281681-GCA963931815.1	6
Caenorhabditisjaponica-281687-GCA963572235.1	6
Caenorhabditisremanei-31234-GCA001643735.4	6
Caenorhabditisremanei-31234-GCA002259225.3	6
Caenorhabditisagridulce-3233994-GCA965217555.1	3
Caenorhabditisbriggsae-6238-GCA029581135.1	6
Caenorhabditiselegans-6239-GCA000975215.1	6
Caenorhabditiselegans-6239-GCA004526295.1	6
Caenorhabditiselegans-6239-GCA020450165.1	6
Caenorhabditiselegans-6239-GCA022984815.1	6
Caenorhabditiselegans-6239-GCA028201515.1	6
Caenorhabditiselegans-6239-GCA029748435.1	6
Caenorhabditiselegans-6239-GCA039880965.1	6
Caenorhabditisangaria-860376-GCA964213925.1	6
Caenorhabditisdrosophilae-96641-GCA963572285.1	6
Oscheiustipulae-141969-GCA013425905.1	6
Oscheiusonirici-1559960-GCA932521025.1	6
Oscheiussp-2879402-GCA964261325.1	5
Oscheiussp-2879403-GCA964264185.1	6
Oscheiussp-2879406-GCA964264175.1	6
Oscheiussp-2879409-GCA964264275.1	6
Oscheiussp-2879410-GCA964264085.1	6
Oscheiussp-2879411-GCA964264255.1	6
Oscheiussp-2879414-GCA964264245.1	6
Oscheiussp-2879415-GCA964261225.1	6
Oscheiussp-2879418-GCA964036215.1	1
Oscheiussp-2879419-GCA932521405.1	6
Oscheiussp-2879420-GCA932521415.1	6
Oscheiussp-2879422-GCA964261265.1	6
Oscheiusmyriophilus-281680-GCA964057215.1	6
Oscheiusdolichura-473156-GCA932521035.1	6
Koerneriapararmatus-3304976-GCA964056735.1	7
Thelaziacallipaeda-103827-GCA965194785.1	4
Spirocercalupi-304461-GCA965124195.1	6
Litomosoidessigmodontis-42156-GCA963070105.1	6
Ascarissuum-6253-GCA013433145.1	24
Parascarisunivalens-6257-GCA037576465.1	1
Acrobeloidesnanus-290746-GCA964656895.1	6
Acrobeloidesmaximus-96598-GCA964212105.1	6
Strongyloidesstercoralis-6248-GCA029582065.1	2
Turbatrixaceti-114909-GCA963969345.1	5
Propanagrolaimussp-2963941-GCA964059925.1	5
Panagrolaimussp-310962-GCA964195575.1	12
Panagrolaimussp-591445-GCA964249645.1	4
Panagrolaimussp-591449-GCA964245515.1	5
Panagrolaimussuperbus-310955-GCA964035985.1	4
Panagrolaimusdetritophagus-310956-GCA964187885.1	5
Bursaphelenchusmucronatus-6325-GCA025436335.1	6
Ditylenchusdestructor-166010-GCA043789845.1	4
Sphaerulariabombi-364607-GCA964235305.1	11
Heteroderaglycines-51029-GCA004148225.2	9
Heteroderaglycines-51029-GCA040805705.1	9
Heteroderaglycines-51029-GCA040805935.1	9
Heteroderaglycines-51029-GCA046862005.1	9
Heteroderaglycines-51029-GCA046862185.1	9
Heteroderaglycines-51029-GCA046862275.1	9
Heteroderaglycines-51029-GCA046862775.1	9
Heteroderaglycines-51029-GCA049307805.1	9
Heteroderaglycines-51029-GCA052402725.1	9
Sphaerolaimushirsutus-319955-GCA964036195.1	11
Daptonemasetosum-320139-GCA964036265.1	7
Sacculinacarcini-51650-GCA916048095.2	28
Amphibalanusimprovisus-1220549-GCA964274985.1	18
Capitulummitella-41070-GCA030062745.1	16
Capitulummitella-41070-GCA047652375.1	16
Penaeuschinensis-139456-GCA016920825.1	44
Penaeuschinensis-139456-GCA019202785.2	43
Penaeusvannamei-6689-GCA037577135.2	45
Macrobrachiumrosenbergii-79674-GCA040167855.1	60
Macrobrachiumrosenbergii-79674-GCA046866055.1	59
Cheraxquadricarinatus-27406-GCA026875155.2	100
Procambarusclarkii-6728-GCA020424385.2	94
Scyllarideslatus-204053-GCA965641445.1	70
Scyllarideslatus-204053-GCA965641465.1	70
Panulirushomarus-150425-GCA043589495.1	73
Coenobitabrevimanus-1547439-GCA032717465.2	117
Paralithodesplatypus-273748-GCA013283005.1	104
Paralithodesplatypus-273748-GCA032716605.1	103
Diogenespugilator-1436025-GCA965362985.1	105
Cancerborealis-39395-GCA041682235.1	51
Callinectessapidus-6763-GCA020233015.1	50
Portunustrituberculatus-210409-GCA017591435.1	50
Portunustrituberculatus-210409-GCA032715055.1	49
Portunustrituberculatus-210409-GCA043638975.1	53
Portunussegnis-470445-GCA965230865.2	52
Eriphiaverrucosa-483417-GCA965152675.1	46
Eriocheirsinensis-95602-GCA013436485.1	72
Eriocheirsinensis-95602-GCA023348025.1	73
Eriocheirsinensis-95602-GCA033459325.1	71
Asellusaquaticus-92525-GCA964212115.1	8
Jaeraischiosetosa-2067965-GCA965194735.1	13
Jaerapraehirsuta-2613951-GCA965208005.1	11
Anilocrafrontalis-2925007-GCA964640705.1	8
Ceratothoasteindachneri-2922061-GCA963969495.1	23
Morinoiaaosen-2895740-GCA030386875.1	25
Tethysbaenascabra-203899-GCA964277195.1	17
Tigriopusjaponicus-158387-GCA010645155.1	12
Tigriopuswest-2800471-GCA051201535.1	12
Pandarusbicolor-2872697-GCA965642555.1	8
Lepeophtheirusnordmannii-2742169-GCA963680855.1	9
Artemiasinica-112780-GCA027921565.2	21
Artemiasp-337251-GCA049724085.1	21
Artemiafranciscana-6661-GCA036172535.1	21
Daphniagaleata-27404-GCA030770115.1	10
Daphniagaleata-27404-GCA918697745.2	10
Daphniapulicaria-35523-GCA017493165.1	12
Daphniapulicaria-35523-GCA021234015.2	12
Daphniaobtusa-35527-GCA052054635.1	12
Daphniapulex-6669-GCA023526725.1	12
Daphniapulex-6669-GCA028752575.1	12
Daphniapulex-6669-GCA028752595.1	12
Simocephalusvetulus-77651-GCA041003635.1	10
Chydorussphaericus-77745-GCA030141595.1	10
Yoshiiceruspersimilis-1978554-GCA020352615.2	6
Pogonognathelluslongicornis-707266-GCA965653795.1	6
Tomocerusqinae-1765738-GCA020055645.1	5
Folsomiacandida-158441-GCA020920555.1	7
Folsomiacandida-158441-GCA020923455.1	7
Orchesellaflavescens-48711-GCA964034955.1	6
Orchesellaranzii-48712-GCA965653205.1	6
Cyphoderusalbinus-1499079-GCA965194875.1	6
Lepidocyrtuscurvicollis-707887-GCA964276635.1	6
Entomobryaproxima-1302324-GCA029691765.1	6
Entomobryanicoleti-2041941-GCA051380565.1	7
Sinellacurviseta-187695-GCA004115045.4	6
Ceratophysellacommunis-1519100-GCA046718835.1	7
Yuukianurasp-2884183-GCA046563655.1	8
Orthonychiurusfolsomi-2581074-GCA046579375.1	8
Mesaphorurayosii-1840514-GCA046563535.1	7
Arrhopalitesbrevicornis-2876200-GCA046718785.1	6
Sminthurusviridis-109609-GCA965194885.1	6
Allacmafusca-39272-GCA947179485.1	6
Dicyrtominaminuta-1387116-GCA949802685.1	5
Thermobiadomestica-89055-GCA964235325.1	18
Procloeonbifidum-1592913-GCA965282545.1	5
Siphlonurusalternatus-248243-GCA949825025.1	11
Ecdyonurustorrentis-2014018-GCA949318235.1	11
Parafronurusyoui-490128-GCA047372445.1	11
Orthetrumcoerulescens-333459-GCA965654315.1	14
Pantalaflavescens-185825-GCA020796165.1	12
Sympetrumsanguineum-197176-GCA964198025.1	13
Sympetrumsanguineum-197176-GCA964198035.1	12
Sympetrumstriolatum-6969-GCA947579665.1	12
Cordulegasterboltonii-126173-GCA965663625.1	13
Cordulegasterboltonii-126173-GCA965663745.1	13
Tanypteryxhageni-476689-GCA028673005.1	9
Anaxstrenuus-2819248-GCA965641835.1	14
Hetaerinatitia-62019-GCA037158775.1	12
Platycnemispennipes-126231-GCA933228895.1	13
Pyrrhosomanymphula-197171-GCA963573305.1	14
Ceriagriontenellum-638464-GCA963169105.1	14
Ischnurasenegalensis-126660-GCA964251815.1	14
Ischnuraelegans-197161-GCA921293095.2	14
Labiaminor-146840-GCA963082975.1	7
Chelidurellathaleri-2546182-GCA965178615.1	24
Pteronarcyscalifornica-270884-GCA043644785.1	14
Isoperlagrammatica-552050-GCA945910005.1	14
Dinocrascephalotes-441509-GCA965637155.1	15
Brachypteraputata-2065413-GCA907164805.1	14
Brachypterarisi-446425-GCA964007535.1	14
Leuctranigra-143735-GCA934045905.1	13
Rhopalopsolesp-3402857-GCA052426335.1	13
Indonemourascalprata-2498685-GCA052425775.1	11
Protonemuramontana-2884235-GCA947568835.1	11
Nemurellapictetii-143722-GCA921293315.2	12
Nemouradubitans-2014036-GCA921293005.1	6
Embiatyrrhenica-1208769-GCA965644375.1	11
Hymenopuscoronatus-267205-GCA030762935.1	21
Mantisreligiosa-7507-GCA030765055.1	14
Tenoderasinensis-406589-GCA030324105.1	14
Tenoderasinensis-406589-GCA030765045.1	14
Deroplatystruncata-627735-GCA030765065.1	16
Metallyticusviolacea-406581-GCA030762175.1	17
Ectobiuspallidus-406638-GCA964059185.1	11
Lobopteradecipiens-242713-GCA964662295.1	17
Lobopteratroglobia-3054492-GCA965112255.1	14
Lobopterasubterranea-3078426-GCA964278025.1	14
Schizodactylusjimo-2844906-GCA052149075.1	10
Meconemathalassinum-494438-GCA946902985.2	15
Myrmecophilusmyrmecophilus-3238574-GCA046865745.1	10
Gryllusassimilis-128156-GCA046254815.1	15
Gryllusbimaculatus-6999-GCA965638035.1	15
Gryllusbimaculatus-6999-GCA965638045.1	15
Teleogryllusoceanicus-128161-GCA965601995.1	14
Zhengitettixtranspicula-3094285-GCA037074705.1	7
Eucriotettixoculatus-470944-GCA034510155.1	7
Gibbotettixparvipulvillus-3392086-GCA050613505.1	7
Tetrixjaponica-215053-GCA048165185.1	7
Locustamigratoria-7004-GCA026315105.1	12
Gomphocerussibiricus-1007316-GCA051013515.1	10
Vandiemenellaviatica-431949-GCA031002005.1	10
Vandiemenellaviatica-431949-GCA040214165.1	9
Vandiemenellaviatica-431949-GCA040214175.1	9
Vandiemenellaviatica-431949-GCA040549115.1	10
Clitarchushookeri-325643-GCA040182645.1	18
Timemapoppense-170557-GCA044715735.1	12
Timemacristinae-61476-GCA002009905.3	13
Timemacristinae-61476-GCA002928295.1	13
Timemacristinae-61476-GCA050494355.1	13
Timemacristinae-61476-GCA050494375.1	13
Timemacristinae-61476-GCA050494385.1	13
Timemacristinae-61476-GCA050494415.1	13
Timemacristinae-61476-GCA050494435.1	12
Timemacristinae-61476-GCA050494455.1	12
Timemacristinae-61476-GCA050494475.1	12
Timemacristinae-61476-GCA050494535.1	13
Timemadouglasi-61478-GCA040436065.2	12
Liposcelisbostrychophila-185214-GCA037577465.1	9
Liposcelisbrunnea-209989-GCA023512825.1	9
Liposcelistricolor-948454-GCA042257085.1	9
Psococerastisgibbosa-2882760-GCA963971405.1	10
Loensiavariegata-209941-GCA964261705.1	9
Mesopsocusfuscifrons-2866285-GCA950004255.1	9
Megalurothripsusitatus-439358-GCA043789555.1	16
Thripstabaci-161014-GCA040581495.1	18
Thripshawaiiensis-163894-GCA045571655.1	18
Frankliniellaoccidentalis-133901-GCA035583395.1	15
Frankliniellaintonsa-163893-GCA033675135.1	15
Frankliniellaintonsa-163893-GCA035584235.1	15
Odontothripsloti-670468-GCA038380765.1	16
Stenchaetothripsbiformis-1100830-GCA030522485.1	18
Dendrothripsminowai-1030662-GCA046868235.1	19
Nilaparvatalugens-108931-GCA015708395.1	16
Nilaparvatamuiri-706586-GCA039955075.1	15
Nilaparvatamuiri-706586-GCA041146465.1	15
Nilaparvatamuiri-706586-GCA050437505.1	15
Sogatellafurcifera-113103-GCA014356515.1	15
Sogatellafurcifera-113103-GCA017141385.1	15
Sogatellafurcifera-113103-GCA034513635.1	15
Conomelusanceps-491269-GCA948455865.1	12
Saccharosydneprocerus-871471-GCA048001795.1	14
Laodelphaxstriatellus-195883-GCA014465815.1	15
Laodelphaxstriatellus-195883-GCA017141395.1	15
Lycormadelicatula-130591-GCA040954635.1	13
Lycormadelicatula-130591-GCA047948205.1	13
Callitettixversicolor-533009-GCA022606455.1	10
Aphrophoramajor-2898095-GCA965285795.1	16
Aphrophoramajor-2898095-GCA965285815.1	14
Aphrophoraalni-295201-GCA963513935.1	15
Aphrophoramoscoviciae-3384248-GCA965612245.1	15
Magicicadaseptendecula-44680-GCA034769895.1	10
Cicadellaviridis-36150-GCA964205205.1	11
Hebatadecipiens-3433878-GCA964267455.1	11
Matsumurascaonukii-2912585-GCA018831715.1	10
Ribautianaulmi-1889767-GCA964468525.1	9
Nephotettixcincticeps-94400-GCA023375725.1	8
Neoaliturustenellus-102981-GCA030545055.2	7
Arthaldeuspascuellus-1655869-GCA964204695.1	9
Allygidiuscommutatus-2998517-GCA965197075.1	10
Allygusmodestus-2591979-GCA963675035.1	7
Aquariuspaludum-95691-GCA052327185.1	12
Gerrislacustris-108914-GCA951217055.1	11
Corythuchaciliata-369451-GCA038030265.1	7
Cimexhemipterus-757355-GCA039619505.1	16
Cimexlectularius-79782-GCA049903765.1	15
Cimexlectularius-79782-GCA049903775.1	15
Cimexlectularius-79782-GCA050655605.1	15
Adelphocorissuturalis-323751-GCA030762985.1	12
Closterotomustrivialis-2026310-GCA965211935.1	16
Leptopternadolabrata-881489-GCA954871275.1	17
Stenodemacalcarata-863834-GCA963920205.1	18
Pachypeltismicranthus-1983339-GCA020466155.1	15
Cyrtorhinuslividipennis-1032904-GCA019603395.1	13
Harpocerathoracica-516509-GCA964273525.1	16
Pilophorusperplexus-881727-GCA955831195.1	13
Anthocorisnemoralis-191314-GCA964249955.1	15
Oriusnagaii-82745-GCA050947255.1	14
Oriusstrigicollis-82748-GCA046618645.1	12
Triatomainfestans-30076-GCA965641795.1	12
Triatomadimidiata-72491-GCA964198125.1	13
Panstrongylusgeniculatus-156442-GCA964188295.1	12
Pyrrhocorisapterus-37000-GCA039877355.1	12
Aradusdepressus-1452771-GCA963662175.1	14
Aradustruncatus-2881568-GCA965153375.1	15
Piezodorusguildinii-437484-GCA023052935.1	7
Rhaphigasternebulosa-51622-GCA948150685.1	7
Aeliaacuminata-1511221-GCA911387785.2	8
Graphosomaitalicum-537450-GCA965282455.1	8
Troilusluridus-1545368-GCA964056705.1	6
Troilusluridus-1545368-GCA964056715.1	8
Armacustos-291269-GCA037127475.1	7
Armacustos-291269-GCA048127545.1	7
Armachinensis-763200-GCA040285775.1	7
Eocantheconafurcellata-696902-GCA051943165.1	7
Eocantheconafurcellata-696902-GCA052056905.1	8
Acanthosomahaemorrhoidale-483950-GCA930367205.1	7
Oxycarenushyalinipennis-1149918-GCA051295265.1	10
Berytinuscrassipes-1545285-GCA965637085.1	16
Berytinusmontivagus-1545287-GCA965615965.1	17
Macrodemamicropterum-2882282-GCA965636975.1	9
Megalonotuspraetextatus-1545161-GCA965653145.1	7
Megalonotuspraetextatus-1545161-GCA965653845.1	7
Gonocerusacuteangulatus-1545138-GCA946811695.1	10
Leptoglossusphyllopus-1284684-GCA041002905.1	10
Leptoglossusoccidentalis-236887-GCA045410785.1	10
Riptortuspedestris-329032-GCA019009955.1	6
Alyduscalcaratus-881521-GCA964341005.1	7
Pachypsyllavenusta-38123-GCA012654025.1	12
Diaphorinacitri-121845-GCA030643865.1	13
Diaphorinacitri-121845-GCA044336275.1	13
Dyspersaapicalis-3350242-GCA047370795.1	13
Bactericeracockerelli-290155-GCA024516035.1	13
Triozaurticae-121826-GCA047371265.1	13
Triozaanthrisci-2023874-GCA047371775.1	13
Adelgestsugae-357502-GCA045999825.2	10
Adelgesabietis-419077-GCA051942795.1	10
Eriosomalanigerum-133082-GCA013282895.1	6
Slavumlentiscoides-2878228-GCA032441835.1	17
Schlechtendaliachinensis-38111-GCA019022885.1	13
Chaetogeoicaovagalla-2939601-GCA032441825.1	27
Megouracrassicauda-469902-GCA049724165.1	5
Megouracrassicauda-469902-GCA050169925.1	6
Myzuspersicae-13164-GCA029232275.1	6
Neotoxopteraformosana-1425443-GCA022818045.1	6
Sitobionmiscanthi-44668-GCA008086715.1	9
Brevicorynebrassicae-69196-GCA042479345.1	8
Semiaphisheraclei-796293-GCA043165465.1	4
Schizaphisgraminum-13262-GCA020882235.1	6
Melanaphissacchari-742174-GCA038630835.1	4
Aphisglycines-307491-GCA046127445.1	4
Aphisgossypii-80765-GCA020184165.1	4
Therioaphistrifolii-935269-GCA027580255.1	8
Drepanosiphumplatanoidis-527648-GCA948098885.1	15
Periphyllusacericola-1425412-GCA949715065.1	9
Tuberolachnussalignus-96551-GCA956483605.1	10
Pseudoregmabambucicola-39655-GCA041296405.1	6
Hormaphiscornu-30177-GCA017140985.1	9
Acanthococcuslagerstroemiae-2838189-GCA031841125.1	9
Toumeyellaliriodendri-3140520-GCA041937245.1	17
Ceroplastespseudoceriferus-1182651-GCA050872025.1	18
Coccushesperidum-538890-GCA964257065.1	7
Pseudococcusjackbeardsleyi-490930-GCA038380155.1	5
Paracoccusmarginatus-252483-GCA048836485.1	4
Nipaecoccusviridis-249496-GCA052327235.1	5
Balanococcusdiminutus-249498-GCA959613365.1	5
Phenacoccussolenopsis-483260-GCA009761765.1	5
Iceryapurchasi-249532-GCA039619475.1	2
Iceryapurchasi-249532-GCA952773005.1	2
Coronaproctuscastanopsis-3041021-GCA032883995.1	3
Panorpagermanica-50603-GCA963678705.1	21
Panorpaliui-706606-GCA040113165.1	23
Stylopsaterrimus-2793623-GCA965240395.1	8
Liopterushaemorrhoidalis-107794-GCA963971575.1	16
Pogonuschalceus-235516-GCA002278615.1	11
Ocystachysoides-1940097-GCA965282375.1	7
Calathusmelanocephalus-127479-GCA966096355.1	19
Agonumfuliginosum-1553040-GCA947534325.1	19
Clivinafossor-795047-GCA963966155.1	22
Carabusproblematicus-49291-GCA963422195.1	14
Carabusbanonii-3023605-GCA964291765.2	15
Notiophilusbiguttatus-346812-GCA965642445.1	13
Nebriabrevicollis-110024-GCA944738965.1	15
Nebriasalina-878211-GCA944039245.1	21
Leistusfulvibarbis-346789-GCA965644575.1	23
Leistusfulvibarbis-346789-GCA965644585.1	22
Leistusrufomarginatus-346790-GCA966112595.1	23
Leistusspinibarbis-878056-GCA933228885.1	23
Amaraovata-346692-GCA965279835.1	16
Amaraovata-346692-GCA965279875.1	16
Ophonusardosiacus-247415-GCA943142095.1	19
Harpalusanxius-247284-GCA965601895.1	19
Harpalusrubripes-247297-GCA963082715.1	19
Harpalusrufipes-247442-GCA951394225.1	19
Abaxparallelepipedus-102642-GCA964197645.1	18
Poeciluscupreus-270614-GCA963942605.1	21
Cedrorumazoricus-3116505-GCA965287095.1	16
Pterostichusvernalis-878440-GCA965283465.1	22
Pterostichusniger-106386-GCA947425015.1	19
Pterostichusmadidus-767470-GCA911728475.2	19
Dromiusquadrimaculatus-346772-GCA963989225.1	14
Hololeptaplana-290657-GCA963695495.1	12
Laccobiusstriatulus-446446-GCA965654235.1	9
Laccobiusstriatulus-446446-GCA965654275.1	9
Lestevapubescens-346794-GCA965644545.1	9
Anthobiumunicolor-347271-GCA965663555.1	10
Anthobiumunicolor-347271-GCA965663565.1	12
Aleocharacurtula-135881-GCA963978815.1	11
Drusillacanaliculata-135868-GCA965644065.1	10
Lordithonlunulatus-347394-GCA963942505.1	10
Tachyporushypnorum-346861-GCA965783885.1	13
Tachinusrufipes-1588496-GCA963932245.1	11
Scaphidiumquadrimaculatum-295644-GCA965282785.1	12
Stenusbimaculatus-1202164-GCA963971135.1	8
Philonthuscognatus-346820-GCA932526585.2	12
Philonthusspinipes-878362-GCA963082785.1	25
Ocypusolens-662956-GCA910593695.2	19
Staphylinuserythropterus-1553746-GCA964211955.1	22
Quediuslateralis-878401-GCA964338995.1	17
Ontholestesmurinus-875675-GCA963969525.1	13
Othiuspunctulatus-347424-GCA951805005.1	10
Lathrobiumbrunnipes-346787-GCA965240315.1	11
Thanatophilussinuatus-414939-GCA051122355.1	16
Phosphugaatrata-414934-GCA944588485.1	18
Nicrophorusinvestigator-414950-GCA963457615.1	7
Leptodirushochenwartii-2996356-GCA947310635.1	14
Catopsnigricans-346753-GCA965642105.1	10
Catopsnigricans-346753-GCA965642125.1	11
Geotrupesspiniger-295525-GCA959613385.1	12
Prosopocoilusinquinatus-618466-GCA036172665.1	12
Dorcusparallelipipedus-41107-GCA958336345.1	10
Dorcushopei-618762-GCA033060865.1	9
Odontolabiscuvera-618294-GCA049462965.1	14
Serrognathustitanus-618631-GCA039766575.1	6
Aphodiusfimetarius-207148-GCA964211865.1	11
Aphodiusgranarius-207157-GCA963971325.1	10
Aphodiussticticus-207213-GCA963966075.1	11
Melinopterusprodromus-1971315-GCA964023965.1	10
Catharsiusmolossus-206819-GCA051362485.1	10
Trypoxylusdichotomus-273928-GCA023509865.1	10
Cetoniaaurata-290679-GCA949128085.1	11
Protaetiabrevitarsis-348688-GCA051903415.1	10
Rhizotrogusaestivus-1971888-GCA965643555.1	10
Amphimallonsolstitiale-360071-GCA963170755.1	11
Melolonthamelolontha-7061-GCA935421215.2	10
Chrysinagloriosa-3098083-GCA038088585.1	10
Kibakoganeasinica-3161192-GCA043790905.1	10
Kibakoganeatamdaoensis-3241133-GCA046237675.1	10
Elmisaenea-186982-GCA947652605.1	9
Dascilluscervinus-285223-GCA949768715.1	9
Agriluscyanescens-1586972-GCA947389935.1	10
Agrilusmali-1917227-GCA029378335.1	11
Agrilusbiguttatus-324823-GCA963921985.1	11
Sambuskanssuensis-3045898-GCA047651835.1	11
Microrhaguspygmaeus-445480-GCA965643785.1	11
Ampedussanguinolentus-941989-GCA964234815.1	10
Agrioteslineatus-292458-GCA940337035.1	10
Agrioteslineatus-292458-GCA965788545.1	10
Dalopiusmarginatus-1553258-GCA965112895.1	10
Agrypnusmurinus-195168-GCA929113105.1	9
Hemicrepidiushirtus-1132043-GCA963082805.1	10
Denticollislinearis-333879-GCA964205235.1	10
Limoniusponeli-1588201-GCA965119585.1	9
Limoniusponeli-1588201-GCA965119595.1	10
Melanotusvillosus-346801-GCA963082815.1	10
Cteniceracuprea-1132042-GCA958336395.1	12
Actenicerussiaelandicus-869165-GCA964234755.1	10
Podabrusalpinus-1553677-GCA932274525.1	7
Cantharisnigra-1553174-GCA958510845.1	7
Cantharisrustica-195172-GCA911387805.1	7
Cantharisrufa-350087-GCA947369205.1	7
Cantharisflavilabris-877752-GCA949152465.1	7
Cantharisdecipiens-877885-GCA965642435.1	7
Cantharislateralis-877886-GCA963170105.1	7
Rhagonychalutea-1553715-GCA958510855.1	7
Rhagonychalignosa-195289-GCA965212295.1	7
Rhagonychafulva-41101-GCA905340355.1	7
Malthinusseriepunctatus-1588223-GCA963924605.1	6
Malthinusflaveolus-195224-GCA950108345.1	6
Malthodesmarginatus-346798-GCA965119235.1	6
Malthodesminimus-878135-GCA964263285.1	7
Prionocyphonserricornis-1569171-GCA965648515.1	11
Prionocyphonserricornis-1569171-GCA965648555.1	10
Dastarcushelophoroides-1169899-GCA028583605.1	13
Endomychuscoccineus-295833-GCA958510875.1	6
Cartoderebifasciata-1587142-GCA963920755.1	10
Coccidularufa-115345-GCA965178175.1	10
Rhyzobiusforestieri-2849648-GCA966185095.1	9
Serangiumjaponicum-544596-GCA040543525.2	10
Harmoniaaxyridis-115357-GCA011033045.2	8
Harmoniaquadripunctata-346781-GCA965642415.1	8
Propyleajaponica-158624-GCA013421045.1	10
Anisostictanovemdecimpunctata-185876-GCA964188095.1	11
Coccinellamagnifica-185877-GCA965644565.1	10
Calviaquattuordecimguttata-419956-GCA964059645.1	10
Megalocariadilatata-511882-GCA034642435.1	10
Aphidectaobliterata-1501862-GCA963966015.1	10
Myrrhaoctodecimguttata-703265-GCA958510865.1	10
Hippodamiaconvergens-64696-GCA038502775.1	8
Hippodamiavariegata-703264-GCA046424425.1	10
Adaliadecempunctata-115343-GCA951802165.1	12
Adaliabipunctata-7084-GCA910592335.1	11
Halyziasedecimguttata-347359-GCA937662695.2	10
Subcoccinellavigintiquattuorpunctata-295815-GCA965783985.1	15
Opilomollis-1445684-GCA964338635.1	9
Tilluselongatus-295696-GCA964006375.1	10
Malachiusbipustulatus-295700-GCA910589415.1	10
Anthocomusfasciatus-346704-GCA964258815.1	10
Biphylluslunatus-197003-GCA965194465.1	18
Biphylluslunatus-197003-GCA965194665.1	18
Librodorjaponicus-433237-GCA046866795.1	10
Silvanusunidentatus-295940-GCA963930825.1	7
Uleiotaplanata-346868-GCA965112455.1	11
Cryptophagusacutangulus-1553241-GCA963556235.1	18
Brachypterusglaber-442081-GCA958510825.1	11
Pediacusdermestoides-878348-GCA963942485.1	10
Nacerdesmelanura-878157-GCA965279825.1	8
Orchesiaundulata-351518-GCA965642315.1	10
Eulagiusfilicornis-1586587-GCA965643585.1	10
Mycetophaguspiceus-1501876-GCA965642255.1	10
Hallomenusbinotatus-295970-GCA965648495.1	9
Tarphiuscanariensis-124803-GCA964277315.1	10
Bitomacrenata-346746-GCA964656825.1	10
Colydiumelongatum-295817-GCA964656385.1	10
Pycnomerusfuliginosus-878397-GCA963924575.1	11
Anaspismaculata-295995-GCA949128115.1	8
Anaspisregimbarti-346699-GCA964204715.1	8
Anaspisfrontalis-433021-GCA964243895.1	8
Notoxusmonoceros-1553591-GCA965276455.1	9
Salpingusplanirostris-577144-GCA949788335.1	13
Hycleusmarcipoli-1914940-GCA051167335.1	11
Mylabrissibirica-2921314-GCA039776855.1	10
Metoecusparadoxus-433052-GCA965282865.1	6
Pyrochroaserraticornis-346838-GCA905333025.2	10
Schizotuspectinicornis-351686-GCA951805265.1	9
Dailognathaquadricollis-575809-GCA965183915.1	11
Cynaeusangustus-1553252-GCA030157275.1	10
Eledonaagricola-347340-GCA964023215.2	10
Latheticusoryzae-466960-GCA030157265.1	10
Tenebriomolitor-7067-GCA037075425.1	14
Zophobasatratus-7074-GCA022388445.1	10
Nalassuslaevioctostriatus-878205-GCA965649375.1	10
Nalassuslaevioctostriatus-878205-GCA965649385.1	10
Lagriahirta-296003-GCA947359425.1	12
Ulomoidesdermestoides-1552300-GCA040954815.1	11
Gnatoceruscornutus-1553328-GCA029298725.1	10
Diaperisboleti-433215-GCA963583935.1	8
Triboliumcastaneum-7070-GCA041430155.1	11
Triboliumconfusum-7071-GCA019155225.1	8
Triboliumfreemani-7072-GCA022388455.1	10
Triboliumfreemani-7072-GCA939628115.1	11
Pseudocistelaceramboides-295998-GCA965601595.1	13
Prionychusater-347445-GCA965112505.1	14
Blapsrhynchoptera-1379410-GCA042257705.1	20
Dendarusforaminosus-2712997-GCA965152765.1	11
Brontispalongissima-111217-GCA040580785.1	10
Octodontanipae-1432747-GCA034190945.1	9
Cryptocephalusprimarius-1587206-GCA963576515.1	21
Cryptocephalusmoraei-204949-GCA946251905.1	15
Cryptocephaluspusillus-877924-GCA965663585.1	15
Gastrophysaviridula-154015-GCA965641405.1	15
Gastrophysapolygoni-878018-GCA963576655.1	12
Plagioderaversicolora-154017-GCA035321685.1	17
Plagioderaversicolora-154017-GCA037013635.1	17
Plagioderaversicolora-154017-GCA047716315.1	17
Plagioderaversicolora-154017-GCA963584125.1	16
Chrysolinagraminis-111401-GCA964197785.1	12
Chrysolinaoricalcia-1587174-GCA944452925.2	22
Chrysolinaamericana-75506-GCA958502065.1	12
Chrysolinahaemoptera-75519-GCA958298965.1	20
Chrysomelaaeneicollis-153825-GCA027562985.1	21
Chrysomelapopuli-154003-GCA965642295.1	17
Chrysomelasaliceti-1587176-GCA965121785.1	17
Leptinotarsadecemlineata-7539-GCA024712935.1	18
Alticalythri-346691-GCA964028335.1	12
Chaetocnemahortensis-346761-GCA965653155.1	10
Chaetocnemahortensis-346761-GCA965653175.1	10
Crepidoderafulvicornis-1425550-GCA965615805.1	9
Crepidoderaaurata-200911-GCA965645225.1	13
Crepidoderaaurea-346762-GCA949320105.2	10
Hermaeophagamercurialis-347362-GCA951812935.1	9
Phyllotretacruciferae-224133-GCA917563865.1	17
Longitarsusdorsalis-346795-GCA965178105.1	15
Longitarsusflavicornis-878065-GCA964258785.1	16
Neocrepidoderatransversa-877844-GCA963243735.1	21
Agelasticaalni-131577-GCA950111635.2	12
Aulacophoralewisii-226735-GCA051251045.1	28
Monoleptahieroglyphica-327932-GCA045514875.1	9
Ophraellacommuna-38162-GCA035357415.1	17
Galerucellanymphaeae-131645-GCA963978555.1	16
Diorhabdacarinata-1163344-GCA029229535.1	13
Diorhabdaelongata-217247-GCA026230145.1	13
Galerucalaticollis-2017130-GCA963921935.1	12
Lochmaeacrataegi-1143063-GCA947563755.1	16
Lochmaeacapreae-227480-GCA949126875.1	17
Criocerisasparagi-131627-GCA958507055.1	9
Bruchidiussiliquastri-1649775-GCA949316355.1	11
Bruchidiusvarius-256828-GCA964204745.1	10
Bruchidiusvillosus-256915-GCA965643515.1	10
Callosobruchusmaculatus-64391-GCA040182625.1	10
Tetropiumfuscum-256650-GCA964058775.1	13
Arhopalusunicolor-1191617-GCA045514315.1	10
Arhopalusrusticus-256647-GCA046563155.1	10
Arhopalusrusticus-256647-GCA964213965.1	9
Rhagiummordax-295679-GCA963680705.1	10
Rutpelamaculata-878968-GCA936432065.2	10
Stenurellamelanura-877990-GCA963583905.1	10
Grammopteraruficornis-351486-GCA964332215.1	12
Lepturaquadrifasciata-1143061-GCA963675555.1	10
Stictolepturascutellata-879004-GCA964212005.1	10
Nadezhdiellacantori-1261038-GCA051225655.1	10
Aromiamoschata-1265417-GCA965642075.1	14
Monochamusalternatus-192382-GCA035320865.1	10
Monochamusalternatus-192382-GCA037114965.1	10
Monochamussaltuarius-236074-GCA025584915.1	10
Pogonocherushispidulus-1143099-GCA963924545.1	11
Platystomosalbinus-197009-GCA964106875.1	11
Pseudeupariussepicola-1586585-GCA963920635.1	12
Betulapionsimile-382944-GCA966183525.1	11
Aspidapionaeneum-877730-GCA963576565.1	11
Oxystomapomonae-1588336-GCA963921995.1	11
Apoderuscoryli-201766-GCA911728435.2	20
Grypusequiseti-1553333-GCA964656865.1	12
Platypuscylindrus-298138-GCA949748235.1	8
Ceutorhynchusobstrictus-307131-GCA965178145.1	14
Cryptorhynchuslapathi-201897-GCA965641385.1	18
Eucryptorrhynchusscrobiculatus-1552824-GCA046736385.1	18
Eucryptorrhynchusbrandti-436910-GCA040894065.1	21
Kyklioacallesroboris-501664-GCA964211925.1	20
Magdaliscerasi-1143066-GCA965642045.1	19
Magdalisbarbicornis-878129-GCA965663545.1	21
Sitophiluszeamais-7047-GCA047936755.1	11
Sitonalineatus-202195-GCA964263205.1	12
Pachyrhynchussulphureomaculatus-2840399-GCA019049505.1	11
Barypeithespellucidus-397350-GCA963991005.1	11
Phyllobiusargentatus-346824-GCA965654255.1	11
Phyllobiusargentatus-346824-GCA965654395.1	10
Phyllobiusvirideaeris-878368-GCA965642995.1	11
Phyllobiusvirideaeris-878368-GCA965643005.1	11
Polydrusustereticollis-1342093-GCA963576705.1	11
Polydrusustereticollis-1342093-GCA963920685.1	12
Polydrususcervinus-202137-GCA935413205.1	11
Polydrususpterygomalis-202138-GCA963969555.1	11
Pachyrhinuslethierryi-857166-GCA965118235.1	11
Philopedonplagiatum-202117-GCA963971165.1	10
Anthonomusgrandis-2921224-GCA030068095.1	22
Curculiocaryae-13025-GCA051047995.1	13
Curculioglandium-197013-GCA965648435.1	13
Orchestesrusci-878341-GCA958502075.1	12
Hyperarumicis-346786-GCA965643715.1	10
Hyperarumicis-346786-GCA965643735.1	12
Leiosomadeflexum-1342033-GCA965260835.1	17
Taphrorychusbicolor-105251-GCA951812265.1	12
Euwallaceasimilis-1736056-GCA039881215.1	37
Euwallaceafornicatus-995702-GCA040115655.1	39
Ipsnitidus-432259-GCA018691245.2	16
Dendroctonusfrontalis-77161-GCA040113315.1	8
Megatomaundata-878194-GCA965643495.1	9
Anobiumpunctatum-877859-GCA965643755.1	10
Xestobiumrufovillosum-879067-GCA963966045.2	13
Leiawinthemii-1343502-GCA965152755.1	5
Obolodiplosisrobiniae-225063-GCA028476595.1	4
Sitodiplosismosellana-263140-GCA021018905.1	4
Aphidoletesaphidimyza-95972-GCA030463065.1	4
Lycoriellaingenua-767460-GCA965233655.1	6
Bradysiaimpatiens-335710-GCA965233325.1	5
Bradysiacoprophila-38358-GCA014529535.3	4
Bradysiacoprophila-38358-GCA965233685.1	6
Bibiomarci-189979-GCA910594885.2	6
Dilophusfebrilis-52734-GCA958336335.1	6
Plecialongiforceps-2976917-GCA041753815.1	8
Anophelesatroparvus-41427-GCA015501955.1	5
Anophelespretoriensis-1141471-GCA965234755.1	3
Anophelespauliani-1620269-GCA965234765.1	3
Anophelespharoensis-221566-GCA965231785.1	3
Anophelesmascarensis-2259328-GCA965266975.1	3
Anophelesstephensi-30069-GCA003448955.2	5
Anophelesstephensi-30069-GCA003448975.2	5
Anophelesstephensi-30069-GCA017562265.1	5
Anophelesstephensi-30069-GCA020882675.1	5
Anophelesstephensi-30069-GCA023078585.1	5
Anophelescoluzzii-1518534-GCA016097095.1	5
Anophelescoluzzii-1518534-GCA016097175.1	5
Anophelescoluzzii-1518534-GCA016097185.1	5
Anophelescoluzzii-1518534-GCA016097195.1	5
Anophelescoluzzii-1518534-GCA016097205.1	5
Anophelescoluzzii-1518534-GCA016097225.1	5
Anophelescoluzzii-1518534-GCA016508615.1	5
Anophelesarabiensis-7173-GCA963924065.2	3
Anopheleslongipalpis-412009-GCA016170015.1	5
Anophelesparensis-162637-GCA016254315.1	5
Anophelesfunestuslike-2763070-GCA016170035.1	5
Anophelesfunestus-62324-GCA003951495.1	3
Anophelesfunestus-62324-GCA964033645.1	3
Anophelesvaneedeni-62325-GCA016170025.1	2
Anophelesrivulorum-70327-GCA018908115.1	3
Anophelesminimus-112268-GCA965234385.1	3
Anophelessquamosus-911292-GCA965234655.1	3
Anophelesalbimanus-7167-GCA000349125.2	5
Anophelesalbimanus-7167-GCA015501965.1	5
Anophelesaquasalis-42839-GCA943734665.2	4
Anophelesdarlingi-43151-GCA038994775.1	3
Anophelesoryzalimnetes-58237-GCA964417245.1	3
Anophelessp-1712672-GCA016171315.1	5
Anophelesbellator-139047-GCA964417195.1	3
Anophelescruzii-68878-GCA964417045.1	3
Anophelescruzii-68878-GCA964417115.1	3
Ochlerotatussierrensis-1205942-GCA044231785.1	3
Aedesnotoscriptus-508665-GCA040801935.1	3
Aedesaegypti-7159-GCA009613055.1	3
Aedesaegypti-7159-GCA009613065.1	3
Aedesaegypti-1424507-GCA025407655.1	3
Culexlaticinctus-1464561-GCA964187845.1	3
Culexpipiens-7175-GCA963924435.1	3
Culexpipiens-233155-GCA024516115.1	3
Culextheileri-561267-GCA964340515.1	3
Culexperexiguus-943103-GCA964243045.1	3
Culexmodestus-545656-GCA964213205.1	3
Culicoidessonorensis-179676-GCA047716325.1	3
Smittiasp-2925353-GCA033064975.1	3
Smittiaaterrima-611654-GCA033063855.1	3
Propsilocerusakamusi-903466-GCA018397935.1	4
Chironomusstriatipennis-1768614-GCA026123125.1	4
Chironomustentans-7153-GCA963573255.1	4
Chironomuskiiensis-84408-GCA050306575.1	4
Clogmiaalbipunctata-85120-GCA965637365.1	6
Sylvicolacinctus-1552766-GCA963854165.1	3
Ptychopteracontaminata-1572538-GCA963942525.1	6
Ptychopteraalbimana-1902997-GCA961205885.1	7
Tipulafascipennis-2719107-GCA965151645.1	5
Tipulavernalis-2741129-GCA958295665.1	4
Tipulahelvola-2867262-GCA963556165.1	4
Tipulaconfusa-2881124-GCA963556175.1	5
Tipulascripta-2736688-GCA965197065.1	4
Tipulascripta-2736688-GCA965197115.1	4
Tipulaunca-2867263-GCA951394425.1	4
Tipulalateralis-2025111-GCA963932295.1	4
Nephrotomaflavescens-2719080-GCA932526605.1	4
Nephrotomaappendiculata-2741127-GCA947310385.1	4
Nephrotomaguestfalica-2881093-GCA963691935.1	4
Pediciarivosa-2882575-GCA963082725.1	7
Diogmaglabrata-2715158-GCA963693315.1	4
Lonchopteramultiseta-2321081-GCA051362075.1	3
Lonchopteralutea-92596-GCA965234885.1	6
Neoasciainterrupta-2867103-GCA947623515.1	4
Pocotapersonata-2867115-GCA963082735.1	5
Orthonevranobilis-2867105-GCA963555765.1	5
Orthonevrabrevicornis-3093584-GCA965283055.1	6
Brachyopascutellaris-2849643-GCA949775065.1	5
Eristalinusaeneus-2017640-GCA955652365.1	6
Eristalinussepulchralis-2725509-GCA944738645.1	6
Eristalisarbustorum-1124515-GCA916610145.1	6
Eristalispertinax-1572519-GCA907269125.1	7
Eristalisintricaria-1859540-GCA964034865.1	6
Eristalistenax-198635-GCA905231855.2	6
Myathropaflorea-2714349-GCA930367185.1	6
Volucellabombylans-1352473-GCA949129095.1	6
Volucellainflata-226149-GCA928272305.1	6
Volucellapellucens-226150-GCA965234375.1	7
Volucellapellucens-226150-GCA965234465.1	5
Volucellainanis-226151-GCA907269105.1	6
Volucellazonaria-511121-GCA963966105.1	7
Eumerussabulonum-2867251-GCA951905685.1	6
Merodonequestris-511117-GCA958301585.1	6
Cheilosiaurbana-173985-GCA946477585.1	5
Cheilosiaillustrata-226154-GCA966185155.1	7
Cheilosiapagana-273407-GCA936431705.1	6
Cheilosiavulpina-273409-GCA916610125.1	6
Cheilosiascutellata-273429-GCA955612985.1	6
Cheilosiaimpressa-273439-GCA948293265.1	6
Cheilosiagrossa-273442-GCA963082955.1	6
Cheilosiavariabilis-273447-GCA951230905.1	7
Cheilosiasoror-368781-GCA948107745.1	5
Cheilosiasoror-368781-GCA949372485.1	6
Cheilosiavernalis-423616-GCA949126925.1	6
Rhingiacampestris-226161-GCA932526625.1	5
Rhingiarostrata-2721518-GCA949824845.1	5
Ferdinandeacuprea-226145-GCA963576555.1	5
Porteviniamaculata-226160-GCA949715645.1	6
Chalcosyrphusnemorum-226170-GCA949716465.1	5
Brachypalpoideslentus-224232-GCA965362245.1	6
Criorhinaranunculi-1637456-GCA951813785.1	6
Criorhinaberberina-2663927-GCA917880715.2	4
Xylotasegnis-374263-GCA963583995.1	5
Xylotasylvarum-374264-GCA905220385.1	5
Blerafallax-226147-GCA946965025.1	7
Syrittapipiens-34682-GCA905187475.1	5
Brachypalpuslaphriformis-2234001-GCA945910035.1	5
Sericomyiasilentis-1676147-GCA964264485.1	7
Microdonmyrmicae-2767528-GCA963931805.1	8
Chrysotoxumverralli-2714347-GCA965637335.1	5
Chrysotoxumbicinctum-323313-GCA911387755.1	5
Chrysotoxumfestivum-323314-GCA963931855.1	5
Scaevapyrastri-219539-GCA905146935.1	4
Syrphusvitripennis-224256-GCA958431115.1	5
Sphaerophoriataeniata-2735243-GCA943590905.1	5
Episyrphusbalteatus-286459-GCA040182855.1	5
Episyrphusbalteatus-286459-GCA044905835.1	4
Eupeodeslatifasciatus-1124558-GCA920104205.1	4
Eupeodesluniger-1124559-GCA951509635.1	4
Eupeodescorollae-290404-GCA042604645.1	4
Leucozonalaternaria-323312-GCA932273885.2	5
Dasysyrphustricinctus-1244581-GCA963921185.1	5
Dasysyrphusalbostriatus-414801-GCA946251815.1	5
Epistropheeligans-1124511-GCA951394125.1	5
Epistrophegrossulariae-1352479-GCA929447395.1	5
Epistrophellaeuchroma-414814-GCA947049315.1	6
Melangynacompositarum-1822530-GCA965663475.1	5
Melangynaquadrimaculata-2884232-GCA949320155.1	5
Meliscaevacinctella-414834-GCA965212275.1	5
Meliscaevaauricollis-431829-GCA948107695.1	5
Philheliuspedissequus-414876-GCA910595825.1	6
Paragushaemorrhous-221790-GCA965637125.1	4
Melanostomamellinum-653684-GCA914767635.1	5
Melanostomascalare-92598-GCA949752695.1	5
Platycheirusrosarum-1352472-GCA963971375.1	6
Platycheirusalbimanus-414846-GCA916050605.2	4
Bacchaelongata-226178-GCA951217065.2	3
Nephrocerusscutellatus-566305-GCA947095585.1	6
Chloropsoryzae-1046848-GCA020466095.1	4
Dicraeusfennicus-2203729-GCA965648445.1	4
Physocephalarufipes-1219160-GCA963966595.1	5
Conopsquadrifasciatus-2823188-GCA949752815.1	7
Sicusferrugineus-1219204-GCA922984085.1	7
Myopatessellatipennis-2829445-GCA943737955.2	4
Myopabuccata-286487-GCA965637325.1	6
Myopatestacea-2867102-GCA949629155.1	5
Thecophoraatra-1219171-GCA937620795.1	5
Teleopsisdalmanni-139649-GCA002237135.5	3
Megamerinadolium-3037404-GCA963854835.1	6
Chymomyzafuscimana-1692350-GCA949987675.1	5
Drosophilafunebris-7221-GCA958295475.1	7
Drosophilahistrio-198718-GCA958299025.2	5
Drosophilaimmigrans-7250-GCA963583835.1	5
Drosophilaimmigrans-7250-GCA963584065.1	5
Drosophilakepulauana-88882-GCA023558455.1	5
Drosophilapallidifrons-88884-GCA023558445.1	5
Drosophilasulfurigaster-89888-GCA023558465.2	5
Drosophilasulfurigaster-89890-GCA023558475.1	5
Drosophilainnubila-198719-GCA004354385.2	6
Drosophilalimbata-42028-GCA963924055.1	6
Drosophilaphalerata-7283-GCA951394115.2	7
Drosophilaamericana-40366-GCA030788265.1	6
Drosophilaamericana-40366-GCA047116735.1	6
Drosophilanovamexicana-47314-GCA030788195.1	6
Drosophilalittoralis-47316-GCA047116335.1	6
Drosophilavirilis-7244-GCA007989325.2	6
Drosophilavirilis-7244-GCA047115595.1	6
Drosophilaparabipectinata-186283-GCA047116105.1	6
Drosophilamalerkotliana-195057-GCA047116305.1	6
Drosophilamalerkotliana-296644-GCA047116355.1	6
Drosophilabipectinata-42026-GCA047116715.1	6
Drosophilapseudoananassae-65965-GCA047116095.1	6
Drosophilaananassae-7217-GCA030555595.1	7
Drosophilaananassae-7217-GCA047116655.1	6
Drosophilaelegans-30023-GCA011057505.1	6
Drosophilaerecta-7220-GCA047116545.1	6
Drosophilamauritiana-7226-GCA047116325.1	6
Drosophilamelanogaster-7227-GCA002300595.1	6
Drosophilamelanogaster-7227-GCA002310755.1	6
Drosophilamelanogaster-7227-GCA002310775.1	6
Drosophilamelanogaster-7227-GCA003397115.2	6
Drosophilamelanogaster-7227-GCA003401685.1	6
Drosophilamelanogaster-7227-GCA003401735.1	6
Drosophilamelanogaster-7227-GCA003401745.1	6
Drosophilamelanogaster-7227-GCA003401795.1	6
Drosophilamelanogaster-7227-GCA003401805.1	6
Drosophilamelanogaster-7227-GCA003401855.1	6
Drosophilamelanogaster-7227-GCA003401885.1	6
Drosophilamelanogaster-7227-GCA003401915.1	6
Drosophilamelanogaster-7227-GCA003401925.1	6
Drosophilamelanogaster-7227-GCA003401975.1	6
Drosophilamelanogaster-7227-GCA003402005.1	6
Drosophilamelanogaster-7227-GCA003402015.1	6
Drosophilamelanogaster-7227-GCA003402055.1	6
Drosophilamelanogaster-7227-GCA004798055.1	6
Drosophilamelanogaster-7227-GCA004798075.2	6
Drosophilamelanogaster-7227-GCA015832445.1	6
Drosophilamelanogaster-7227-GCA015852585.1	6
Drosophilamelanogaster-7227-GCA020141485.1	7
Drosophilamelanogaster-7227-GCA020141495.1	7
Drosophilamelanogaster-7227-GCA020141505.1	7
Drosophilamelanogaster-7227-GCA020141515.1	7
Drosophilamelanogaster-7227-GCA020141575.1	7
Drosophilamelanogaster-7227-GCA020141585.1	7
Drosophilamelanogaster-7227-GCA020141595.1	7
Drosophilamelanogaster-7227-GCA020141625.1	7
Drosophilamelanogaster-7227-GCA020141655.1	7
Drosophilamelanogaster-7227-GCA020141665.1	7
Drosophilamelanogaster-7227-GCA020141675.1	7
Drosophilamelanogaster-7227-GCA020141705.1	7
Drosophilamelanogaster-7227-GCA020141735.1	7
Drosophilamelanogaster-7227-GCA020141745.1	7
Drosophilamelanogaster-7227-GCA020141765.1	7
Drosophilamelanogaster-7227-GCA020141795.1	7
Drosophilamelanogaster-7227-GCA020141815.1	7
Drosophilamelanogaster-7227-GCA020141835.1	7
Drosophilamelanogaster-7227-GCA020141845.1	7
Drosophilamelanogaster-7227-GCA020141855.1	7
Drosophilamelanogaster-7227-GCA020141875.1	7
Drosophilamelanogaster-7227-GCA020141925.1	7
Drosophilamelanogaster-7227-GCA020141935.1	7
Drosophilamelanogaster-7227-GCA020141955.1	7
Drosophilamelanogaster-7227-GCA020141985.1	7
Drosophilamelanogaster-7227-GCA020142005.1	7
Drosophilamelanogaster-7227-GCA020142025.1	7
Drosophilamelanogaster-7227-GCA020142045.1	7
Drosophilamelanogaster-7227-GCA020142055.1	7
Drosophilamelanogaster-7227-GCA020142085.1	7
Drosophilamelanogaster-7227-GCA020142105.1	7
Drosophilamelanogaster-7227-GCA020169495.1	6
Drosophilamelanogaster-7227-GCA024500395.1	7
Drosophilamelanogaster-7227-GCA034768405.1	7
Drosophilamelanogaster-7227-GCA038396815.1	6
Drosophilamelanogaster-7227-GCA042606445.1	6
Drosophilamelanogaster-7227-GCA042606455.1	6
Drosophilamelanogaster-7227-GCA042606465.1	6
Drosophilamelanogaster-7227-GCA047116165.1	6
Drosophilamelanogaster-7227-GCA048772135.1	7
Drosophilasechellia-7238-GCA047115935.1	6
Drosophilasimulans-7240-GCA000259045.1	6
Drosophilasimulans-7240-GCA000820565.1	6
Drosophilasimulans-7240-GCA004382185.1	6
Drosophilasimulans-7240-GCA047115815.1	6
Drosophilateissieri-7243-GCA047115575.1	6
Drosophilayakuba-7245-GCA016746335.2	6
Drosophilayakuba-7245-GCA047112585.1	6
Drosophilajambulina-111875-GCA047116535.1	6
Drosophilakikkawai-30033-GCA047116395.1	6
Drosophilaauraria-47315-GCA051940825.1	6
Drosophilarufa-67533-GCA047115885.1	6
Drosophilatriauraria-67534-GCA014170255.2	6
Drosophilatriauraria-67534-GCA047115555.1	6
Drosophilabocqueti-74549-GCA047116555.1	6
Drosophilasuzukii-28584-GCA050084665.1	6
Drosophilatakahashii-29030-GCA047115775.1	6
Drosophilaaffinis-7246-GCA037356375.1	4
Drosophilaathabasca-7248-GCA003185025.1	6
Drosophilaathabasca-7248-GCA008121215.1	4
Drosophilaathabasca-7248-GCA008121225.1	5
Drosophilabifasciata-7218-GCA009664405.1	5
Drosophilasubobscura-7241-GCA047115845.1	6
Drosophilasubobscura-7241-GCA963583985.1	6
Drosophilasubobscura-7241-GCA963584095.1	6
Drosophilaobscura-7282-GCA963583975.1	5
Drosophilaobscura-7282-GCA963584055.1	5
Drosophilaobscura-7282-GCA964023925.1	6
Drosophilapersimilis-7234-GCA020698555.2	3
Drosophilapersimilis-7234-GCA047116115.1	6
Drosophilapseudoobscura-7237-GCA004329205.1	5
Drosophilapseudoobscura-7237-GCA047115875.1	6
Drosophilapseudoobscura-46245-GCA000001765.3	7
Drosophilapseudoobscura-46245-GCA020698565.1	2
Drosophilalowei-7251-GCA008121275.1	5
Drosophilahelvetica-77129-GCA963969585.1	6
Drosophilanebulosa-7271-GCA024703675.1	2
Drosophilaequinoxialis-46790-GCA047116475.1	6
Drosophilainsularis-46792-GCA047116485.1	6
Drosophilapaulistorum-46793-GCA047116125.1	6
Drosophilatropicalis-46794-GCA047115605.1	6
Drosophilawillistoni-7260-GCA047115615.1	6
Hirtodrosophilacameraria-1262473-GCA949708635.1	4
Phorticaokadai-462257-GCA034638295.1	6
Calliopumsimillimum-1824995-GCA951812925.1	6
Meiosimyzadecipiens-1262309-GCA963680825.1	6
Meiosimyzaplatycephala-1825006-GCA963662105.1	5
Peplomyzalitura-1825016-GCA965620495.1	5
Minettiafasciata-1824969-GCA965113145.1	6
Tricholauxaniapraeusta-1824988-GCA949775025.1	5
Trigonometopusfrontalis-2725545-GCA964659535.1	6
Neriacommutata-1851132-GCA963457695.1	6
Liriomyzasativae-127406-GCA051363215.1	5
Liriomyzatrifolii-198433-GCA043165165.1	5
Clusiatigrina-576317-GCA920105625.2	5
Geomyzatripunctata-500269-GCA965234165.1	3
Opomyzagerminationis-1298491-GCA966197025.1	4
Opomyzagerminationis-1298491-GCA966197045.1	3
Anthomyzagracilis-500284-GCA964263875.1	6
Orygmaluctuosum-169492-GCA965211945.1	5
Orygmaluctuosum-169492-GCA965211955.1	6
Orygmaluctuosum-169492-GCA965218485.1	5
Nemopodanitidula-292387-GCA964194425.1	6
Coelopafrigida-169498-GCA017309665.1	6
Coelopapilipes-169500-GCA947389925.1	7
Dryomyzaanilis-169445-GCA951804985.1	7
Dichetophoraobliterata-1226583-GCA963920525.1	6
Ilionelineata-1226587-GCA965234915.1	6
Ilionelineata-1226587-GCA965234975.1	6
Pherbinacoryleti-1096077-GCA943735915.1	6
Coremaceramarginata-1226616-GCA914767935.1	6
Tetanoceraferruginea-320963-GCA958299015.1	7
Pherbelliaschoenherri-1086773-GCA965653165.1	7
Suilliavariegata-1230148-GCA949127995.1	7
Suillianotata-2719097-GCA965642385.1	7
Suilliaaffinis-2882903-GCA964659615.1	6
Heteromyzarotundicornis-2867252-GCA951394025.1	6
Pallopterascutellata-2849646-GCA958295655.1	5
Toxonevramuliebris-2725530-GCA963691655.1	6
Melieriaomissa-1262360-GCA963971225.1	4
Melieriacrassipennis-1335495-GCA963668005.1	4
Melieriapicta-3037405-GCA964056695.1	4
Tetanopsmyopaeformis-454641-GCA050613955.1	7
Neoceratitisasiatica-2004850-GCA030068015.2	7
Bactroceracorrecta-47773-GCA027475135.1	6
Bactroceradorsalis-27457-GCA030710565.1	6
Bactroceraoleae-104688-GCA051013405.1	6
Bactroceratsuneonis-104691-GCA046562955.1	6
Zeugodacustau-137263-GCA031772095.1	6
Zeugodacusscutellatus-86798-GCA051201265.1	6
Xyphosiamiliaria-381397-GCA965200055.1	7
Xyphosiamiliaria-381397-GCA965200985.1	5
Merzomyiawestermanni-2795681-GCA949987695.1	6
Urophoracardui-503482-GCA960531455.1	6
Tephritisformosa-594022-GCA965654245.1	6
Campiglossaproducta-2691756-GCA964058745.1	6
Sphenellamarginata-594017-GCA951509765.1	6
Philophyllacaesio-472889-GCA963971545.1	6
Anomoiapurmunda-103414-GCA951828415.1	6
Ornithomyaavicularia-170916-GCA965250645.1	6
Ornithomyafringillina-352855-GCA963978525.1	6
Ornithomyachloropus-352856-GCA963971445.1	5
Crataerinapallida-452744-GCA949710015.1	6
Eustalomyiahistrio-2881975-GCA949748255.1	6
Leucophoraobtusa-2588525-GCA949987735.1	6
Leucophorasponsa-3127294-GCA965643815.1	6
Deliaradicum-30064-GCA021234595.1	6
Pegoplatainfirma-559701-GCA963921195.1	7
Cordiluraimpudica-1118052-GCA963682025.1	6
Scathophagastercoraria-95463-GCA040938175.1	6
Muscinalevida-559660-GCA964034835.1	5
Muscinastabulans-57893-GCA051014185.1	5
Hydrotaeasimilis-1073096-GCA965643655.1	5
Hydrotaeamilitaris-1692389-GCA965614475.1	6
Hydrotaeadiabolus-1816463-GCA963513945.1	7
Hydrotaeacyrtoneurina-559647-GCA958296145.1	6
Azelianebulosa-1643962-GCA964235425.1	5
Eudasyphoracyanicolor-1643974-GCA963930755.1	5
Polietesdomitor-2866287-GCA947397865.1	6
Polieteslardarius-559703-GCA965226705.1	5
Phaoniaangelicae-1511665-GCA965111845.1	5
Phaoniatiefii-2882611-GCA963931995.1	5
Lispocephalaverna-2882235-GCA965644445.1	5
Stomorhinalunata-1606781-GCA933228675.1	6
Thecocarceliaacutangulata-1918310-GCA914767995.1	6
Epicampocerasuccincta-569040-GCA932526305.1	7
Sturmiabella-569090-GCA963662145.1	7
Winthemiacruentata-1918189-GCA965649395.1	6
Gymnosomarotundatum-569046-GCA916610165.2	6
Phasiaobesa-1918144-GCA949628195.1	6
Cistogasterglobosa-1918221-GCA937654795.1	7
Phaniafunesta-670618-GCA963932375.1	6
Thelairasolivaga-1918187-GCA947397855.1	7
Tachinagrossa-141258-GCA949987645.1	6
Tachinafera-631328-GCA905220375.1	6
Tachinalurida-631329-GCA944452675.1	6
Nowickiaferox-613196-GCA936439885.1	6
Dexiosomacaninum-1918232-GCA963924685.1	6
Ormiaochracea-309002-GCA963402855.1	6
Panzeriarudis-1918131-GCA956483635.1	6
Gymnochetaviridis-631317-GCA956483585.1	6
Linnaemyatessellans-1776468-GCA951800035.1	7
Linnaemyavulpina-1776471-GCA963675445.1	7
Germariaangustata-1918084-GCA963681545.1	6
Lyphadubia-1776473-GCA947311025.1	6
Phytomelanocephala-1262321-GCA941918925.1	6
Melanophoraroralis-1606788-GCA963583895.1	6
Polleniaangustigena-1266490-GCA930367215.1	6
Pollenialabialis-1266491-GCA949318255.1	6
Polleniapediculata-1266492-GCA964300415.1	6
Polleniagriseotomentosa-1720740-GCA963931875.1	6
Polleniaamentaria-670595-GCA943735925.1	6
Melanomyanana-2173294-GCA965605835.1	5
Bellardiapandia-2795671-GCA916048285.2	6
Bellardiabayeri-2881606-GCA950370525.1	7
Calliphoravomitoria-27454-GCA942486065.2	6
Chrysomyamegacephala-115424-GCA049350715.1	5
Chrysomyamegacephala-115424-GCA051942615.1	6
Cochliomyiahominivorax-115425-GCA051144935.1	6
Cochliomyiahominivorax-115425-GCA051144965.1	7
Protocalliphoraazurea-226133-GCA932274085.1	7
Protophormiaterraenovae-34676-GCA951394005.1	7
Luciliacaesar-65466-GCA965655125.1	6
Sarcophagacarnaria-226135-GCA958299815.1	6
Sarcophagasubvicina-236850-GCA936449025.2	6
Sarcophagavariegata-236851-GCA932273835.1	7
Sarcophagarosellei-1206372-GCA930367235.1	6
Sarcophagacaerulescens-596942-GCA927399465.1	7
Sarcophagaprinceps-411872-GCA049996135.1	7
Sarcophagaperegrina-7386-GCA014635995.1	6
Metopiaargyrocephala-2021473-GCA963576795.1	5
Hybosculiciformis-1262239-GCA964007475.1	5
Hybosfemoratus-304249-GCA965663495.1	4
Empislivida-178772-GCA963932195.1	6
Empisstercorea-2484550-GCA949752835.1	7
Empisopaca-2715216-GCA965283295.1	6
Rhamphomyialaevipes-2867109-GCA963920725.1	7
Argyraleucocephala-377538-GCA963942445.1	6
Dolichopusvirgultorum-2998528-GCA965140195.1	7
Dolichopusgriseipennis-327083-GCA963082915.1	6
Poecilobothrusnobilitatus-369887-GCA947095535.1	5
Scellusnotatus-2998547-GCA964204855.1	5
Neurigonaquadrifasciata-240896-GCA964251855.1	6
Sciapusplatypterus-377571-GCA964204755.1	6
Acroceraorbiculus-210248-GCA947359355.1	5
Dioctrialinearis-1717392-GCA963930735.1	5
Dioctriabaumhaueri-1890997-GCA965653115.1	6
Dioctriabaumhaueri-1890997-GCA965653125.1	5
Dioctriarufipes-468723-GCA963924295.1	6
Leptarthrusbrevirostris-468750-GCA964036015.1	6
Pamponerusgermanicus-1717602-GCA965601395.1	7
Eutolmusrufibarbis-1936067-GCA963920795.1	7
Philonicusalbiceps-468783-GCA963969385.1	6
Machimusrusticus-1717430-GCA951509405.1	8
Machimusatricapillus-2794001-GCA933228815.1	6
Dysmachustrigonus-468725-GCA949715965.1	7
Neoitamuscyanurus-468767-GCA947538895.1	10
Tolmeruscingulatus-2884231-GCA959613345.1	6
Leptogastercylindrica-468752-GCA963082835.1	5
Bombyliusmajor-240869-GCA932526495.1	7
Bombyliusdiscolor-2741128-GCA939192795.1	6
Anastoechusasiaticus-3380438-GCA048857165.1	6
Anthraxanthrax-2725500-GCA963971155.1	9
Villacingulata-2753613-GCA951394055.1	10
Villamodesta-2867260-GCA966184235.1	8
Scenopinusjerei-2969622-GCA965641765.1	5
Therevanobilitata-1774267-GCA963855945.1	6
Therevaunica-2867258-GCA949987705.1	6
Oxycerapygmaea-2867256-GCA965211965.1	7
Oxyceranigricornis-2998541-GCA963942545.1	6
Stratiomyssingularior-511597-GCA954870665.1	6
Odontomyiaargentata-2882481-GCA965615855.1	6
Odontomyiaornata-3037408-GCA963969285.1	7
Nemoteluspantherinus-2867254-GCA963978885.1	6
Nemotelusnigrinus-343700-GCA947369275.1	5
Chloromyiaformosa-343672-GCA964017055.1	7
Microchrysapolita-931518-GCA949715475.1	8
Chorisopstibialis-2823186-GCA963669355.1	5
Berischalybata-2719050-GCA949128065.1	6
Berismorrisii-931494-GCA951812415.1	5
Chrysopscaecutiens-1547359-GCA963971475.1	4
Chrysopsviduatus-798133-GCA964274935.1	5
Chrysopilusasiliformis-1822507-GCA964034945.1	5
Rhagiolineola-1822558-GCA964211845.1	5
Atherixibis-2025112-GCA958298945.2	5
Xylophagusater-1689122-GCA963422695.1	9
Cephusspinipes-1001278-GCA963971525.1	10
Xiphydriacamelus-871386-GCA963678675.1	11
Trichopriadrosophilae-1507179-GCA030407085.1	6
Leptopilinasyphax-2755057-GCA032872505.1	10
Leptopilinadrosophilae-2911658-GCA032873175.1	10
Leptopilinamyrica-2964900-GCA032872475.1	10
Leptopilinaboulardi-63433-GCA032872485.1	9
Leptopilinaheterotoma-63436-GCA032872495.1	10
Dryocosmuskuriphilus-310278-GCA038277395.1	10
Baryscapusdioryctriae-2980436-GCA040869075.1	6
Aphelinuscertus-1041456-GCA020882725.1	4
Aphelinusatriplicis-2890793-GCA020882685.1	4
Encarsiasophia-121815-GCA041053325.1	5
Encarsiaformosa-32400-GCA038277355.1	5
Aenasiusarizonensis-2058190-GCA047562435.1	11
Torymusaiolomorphi-3076520-GCA036365515.1	5
Gastracanthuspulcherrimus-2922068-GCA949152435.1	5
Pteromaluspuparum-32389-GCA012977825.3	5
Theocolaxelegans-1462594-GCA026168455.1	7
Trichogrammadendrolimi-114056-GCA049308575.1	5
Trichogrammajaponicum-311206-GCA051619815.1	5
Trichogrammachilonis-53598-GCA045269175.1	5
Pegoscapushoffmeyeri-150925-GCA051314065.1	5
Chalcissispes-1118640-GCA949987625.1	6
Telenomusremus-1569972-GCA020615435.1	10
Platygasterrobiniae-2753657-GCA028476575.1	12
Gasteruptionjaculator-2718756-GCA949825005.1	16
Zelealbiditarsus-1080930-GCA958496275.1	10
Macrocentruscingulum-535359-GCA045786645.1	9
Dinocampuscoccinellae-144245-GCA963920625.1	8
Microctonusbrassicae-2738948-GCA918226075.1	12
Microctonusbrassicae-2738948-GCA940306215.1	12
Meteoruspulchricornis-51522-GCA041937225.1	10
Cotesiaruficrus-89806-GCA048537615.1	10
Microplitismanilae-1427173-GCA029641195.1	11
Microplitismanilae-1427173-GCA030273425.1	11
Microplitisdeprimator-2964682-GCA964016945.1	11
Chelonusformosanus-2739011-GCA028641665.1	7
Asobarajaponica-554476-GCA049862395.1	17
Aleiodesalternator-144253-GCA963921955.1	19
Aleiodessimilis-144254-GCA965249695.1	15
Aleiodesleptofemur-1844523-GCA963942555.1	15
Aleiodestestaceus-422171-GCA963565655.1	19
Cylloceriacaligata-2881813-GCA963942595.1	9
Oxytorusarmatus-495374-GCA958009045.1	13
Gelisareator-2163653-GCA964059375.1	12
Eremotylusmarginatus-2998532-GCA965218635.1	15
Ophionellenae-2884234-GCA963210295.1	13
Ophionslaviceki-2979155-GCA944452715.1	13
Ophionwuestneii-2979161-GCA965637035.1	15
Ophioncostatus-495356-GCA951751655.1	13
Ophionventricosus-65146-GCA963932345.1	16
Ophionobscuratus-65147-GCA964007375.1	13
Rhimphoctonamegacephalus-2922074-GCA963989365.1	11
Diadegmafenestrale-310001-GCA037043255.1	11
Hyposoterdolosus-2884228-GCA963921915.1	12
Tranosemellapraerogator-1667565-GCA965648425.1	12
Campoletisraptor-2922060-GCA948107755.1	11
Venturiacanescens-32260-GCA964261885.1	11
Heteropelmaamictum-494771-GCA959613375.1	10
Rhorusexstirpatorius-2922075-GCA963564615.1	10
Alloplastapiceator-2870495-GCA946863875.1	11
Stilbopsruficornis-2979192-GCA965151575.1	12
Dyspetesluteomarginatus-1045598-GCA963669185.1	10
Neteliathomsonii-2884248-GCA964017225.1	6
Neteliavirgata-494743-GCA951802705.1	6
Neteliafuscicornis-2803881-GCA946811545.1	6
Neteliamelanura-2922079-GCA964007305.1	7
Amblytelesarmatorius-231887-GCA933228735.2	12
Stenichneumonculpator-274346-GCA964017025.1	14
Vulgichneumonbimaculatus-2998551-GCA965234825.1	13
Ichneumonxanthorius-2795680-GCA917499995.1	12
Exephanesischioxanthus-2884240-GCA958510785.1	12
Listrodromusnycthemerus-172425-GCA963978505.1	10
Coelichneumonleucocerus-2881741-GCA965643745.1	12
Amblyjoppaproteus-1905387-GCA963922035.1	9
Amblyjoppafuscipennis-2867249-GCA963575735.1	10
Apaeleticusinimicus-2979194-GCA965197045.1	10
Ischnusinquisitorius-904094-GCA963924025.1	13
Buathralaborator-1419289-GCA934046635.1	11
Cryptusviduatorius-273764-GCA964006125.1	10
Cryptusarmator-494149-GCA963971235.1	11
Polytribaxperspicillator-2979191-GCA964261855.1	8
Promethessulcator-662491-GCA965283325.1	10
Sussabapulchella-662494-GCA963971145.1	15
Diplazonlaetatorius-65311-GCA963662125.1	15
Paraperithousgnathaulax-2776077-GCA964237415.1	15
Dolichomitusmesocentrus-2881873-GCA964273575.1	15
Ephialtesmanifestator-65333-GCA963970395.1	15
Tromatobialineatoria-2776060-GCA949699805.1	21
Clistopygaincitator-494138-GCA947507545.1	21
Itoplectismaculator-2776046-GCA964034905.1	20
Pimplacontemplator-1045619-GCA964197675.1	18
Pimplarufipes-2184727-GCA963932165.1	14
Perithousalbicinctus-2998544-GCA964016905.1	17
Priocnemisperturbator-1747324-GCA963942575.1	15
Anopliusnigerrimus-1667466-GCA914767735.1	15
Acromyrmexechinatior-103372-GCA024713525.2	19
Acromyrmexlobicornis-602163-GCA048181725.1	19
Acromyrmexoctospinosus-64783-GCA048932985.1	19
Acromyrmexoctospinosus-64783-GCA048933045.1	19
Myrmicaangulata-297322-GCA046605635.1	24
Aphaenogastersubterranea-165431-GCA048181805.1	11
Messorbarbarus-87890-GCA048181735.1	21
Solenopsisinvicta-13686-GCA009299965.1	16
Solenopsisinvicta-13686-GCA009299975.1	16
Solenopsisinvicta-13686-GCA009650705.1	16
Solenopsisinvicta-13686-GCA010367695.1	16
Solenopsisinvicta-13686-GCA018691235.1	16
Tetramoriumbicarinatum-219812-GCA928718305.1	11
Tetramoriumatratulum-2212608-GCA048181885.1	14
Platythyreapunctata-77147-GCA048181825.1	42
Plagiolepispygmaea-72798-GCA048181815.1	9
Cataglyphishispanica-1086592-GCA021464445.1	27
Formicaselysi-208979-GCA009859135.1	27
Formicarufa-258706-GCA964276525.1	26
Myrmecocystuscf.-3380360-GCA048544835.1	15
Nylanderiafulva-613905-GCA024268025.1	16
Lasiusbrunneus-231984-GCA964261615.1	15
Lasiusplatythorax-488582-GCA963971435.1	15
Lasiusniger-67767-GCA041902855.1	15
Lasiusflavus-67763-GCA048181785.1	15
Lasiusflavus-67763-GCA965645255.1	15
Lasiusflavus-67763-GCA965645265.1	15
Lasiusfuliginosus-231986-GCA949152495.1	14
Camponotusfellah-213863-GCA048181845.1	20
Tiphiafemorata-330862-GCA944319695.1	12
Symmorphusgracilis-1124894-GCA965620125.1	6
Ancistrocerusnigricornis-76990-GCA916049575.1	6
Dolichovespulasaxonica-85443-GCA911387935.1	26
Dolichovespulasylvestris-85444-GCA918808275.2	26
Dolichovespulamedia-881891-GCA911387685.1	25
Vespamandarinia-7446-GCA050613455.1	25
Vespulagermanica-30212-GCA905340365.1	25
Cercerisrybyensis-1167272-GCA910591515.1	14
Cercerisruficornis-2494881-GCA963989415.1	14
Philanthustriangulum-280486-GCA965213405.1	13
Crossoceruscetratus-2494894-GCA963675795.1	10
Ectemniuscontinuus-1126389-GCA910591665.1	14
Ectemniuscavifrons-1518028-GCA964023945.1	14
Ectemniuslituratus-2495015-GCA910593735.2	13
Trypoxylonclavicerum-1124896-GCA965263705.1	9
Trypoxylonattenuatum-1889570-GCA963989405.1	9
Pemphredonlugubris-2495172-GCA933228935.1	5
Mimumesadahlbomi-2495085-GCA917499265.3	18
Lestiphorusbicinctus-2578561-GCA964264825.1	13
Nyssonspinosus-2495127-GCA910591585.2	26
Megachilesculpturalis-1004196-GCA046254535.1	16
Megachileleachella-1542539-GCA963576845.1	16
Megachileligniseca-1542540-GCA945859555.1	16
Megachilelagopoda-1618191-GCA036983795.1	16
Megachilewillughbiella-481575-GCA945859595.2	16
Coelioxysconoideus-2922063-GCA947623535.1	12
Osmiaexcavata-124290-GCA047301615.1	16
Anthidiumxuezhongi-2840466-GCA022405125.1	16
Stelisphaeoptera-2249760-GCA943735885.1	17
Colleteslatitarsis-2605962-GCA051014445.1	14
Hylaeusdilatatus-1542591-GCA966197075.1	12
Hylaeusdilatatus-1542591-GCA966197085.1	12
Macropiseuropaea-253715-GCA916610135.2	11
Andrenahattorfiana-1126402-GCA944738655.2	7
Andrenanitida-1126404-GCA964214045.1	4
Andrenaclarkella-1190796-GCA965620515.1	14
Andrenaclarkella-1190796-GCA965620555.1	14
Andrenahelvola-1190801-GCA964234935.1	7
Andrenaminutula-1190802-GCA929113495.1	7
Andrenapraecox-1190803-GCA963932275.1	7
Andrenacamellia-1862692-GCA029168295.1	12
Andrenacamellia-1862692-GCA029448645.1	7
Andrenabarbilabris-586954-GCA965204585.1	6
Andrenafulva-1411667-GCA946251845.1	7
Andrenahaemorrhoa-444401-GCA910592295.1	7
Andrenadorsata-1411666-GCA929108735.1	3
Andrenacerasifolii-2819439-GCA050908995.1	16
Andrenabicolor-1190795-GCA960531205.1	5
Andrenatrimmerana-1431430-GCA951215215.1	5
Andrenatrimmerana-1431430-GCA952773225.1	5
Andrenabucephala-1542580-GCA947577245.1	5
Andrenachrysosceles-1411665-GCA963855975.1	4
Andrenamarginata-1542598-GCA963932335.1	6
Andrenaflavipes-473392-GCA963971345.1	4
Protandrenapassiflorae-2881344-GCA047729815.1	12
Bombuspauloensis-1196864-GCA051167325.1	2
Bombusopulentus-2024865-GCA034509555.1	18
Bombusflavifrons-103934-GCA040668555.2	18
Bombusmonticola-103936-GCA965178685.1	18
Bombusimpatiens-132113-GCA043295415.1	18
Bombushypnorum-30191-GCA911387925.2	12
Bombuspratorum-30194-GCA930367275.1	18
Bombusbimaculatus-309944-GCA050437405.1	19
Bombusjonellus-85663-GCA964197665.1	18
Bombushortorum-85660-GCA905332935.1	18
Bombusignitus-130704-GCA014825875.1	18
Bombusmuscorum-203813-GCA963971185.1	17
Bombuslucorum-30193-GCA965261305.1	18
Bombuspensylvanicus-28643-GCA051853225.1	19
Bombusdahlbomii-85658-GCA037178635.1	18
Bombuspullatus-85668-GCA051167345.1	1
Bombuslapidarius-30192-GCA964186655.1	18
Bombusrufofasciatus-309971-GCA040285845.1	18
Bombusbreviceps-395515-GCA014825925.1	18
Bombusgriseocollis-207634-GCA050437465.1	16
Bombushaemorrhoidalis-207636-GCA014825975.1	18
Bombuscampestris-207624-GCA905333015.3	25
Bombussylvestris-30201-GCA911622165.2	24
Bombusvestalis-30202-GCA963556215.1	25
Bombusturneri-686820-GCA014825825.1	25
Apismellifera-44477-GCA003314205.2	16
Apismellifera-7469-GCA019321825.1	16
Apiscerana-7461-GCA020141525.2	16
Apiscerana-7461-GCA029531695.1	16
Apiscerana-7461-GCA039655025.1	16
Apiscerana-94128-GCA011100585.1	16
Nomadafucata-481570-GCA948146005.1	8
Nomadagoodeniana-544954-GCA963969485.1	8
Nomadacressonii-586919-GCA051820275.1	14
Nomadafabriciana-601510-GCA907165295.1	12
Nomadaferruginata-601518-GCA963583965.1	16
Nomadaflava-601523-GCA951802745.1	14
Nomadahirtipes-601583-GCA951802735.1	16
Nomadalathburiana-601640-GCA963667235.1	15
Nomadapanzeri-601768-GCA951802685.1	15
Nomadaruficornis-601849-GCA951802695.1	16
Xylocopasonorina-1818115-GCA050948175.1	18
Xylocopadejeanii-521057-GCA049004755.1	16
Sphecodesephippius-1126396-GCA965231285.1	24
Sphecodesmonilicornis-1190790-GCA913789915.3	19
Halictusquadricinctus-115107-GCA028454245.1	18
Halictusligatus-77576-GCA028454255.1	18
Halictusrubicundus-77578-GCA028454235.1	18
Halictusrubicundus-77578-GCA050948215.1	18
Seladoniatumulorum-115100-GCA913789895.3	17
Lasioglossummalachurum-88512-GCA028455605.1	9
Lasioglossumoenotherae-88542-GCA028455765.1	23
Lasioglossumlativentre-88531-GCA916610255.1	14
Lasioglossumleucozonium-88532-GCA028454225.1	18
Lasioglossumleucozonium-88532-GCA965262445.1	18
Lasioglossumvillosulum-88523-GCA963971365.1	11
Lasioglossumfigueresi-160208-GCA028455805.1	18
Lasioglossumcalceatum-88504-GCA028455575.1	18
Lasioglossumcalceatum-88504-GCA963966675.1	18
Lasioglossumcalceatum-88504-GCA963971175.1	18
Lasioglossummarginatum-88513-GCA028455795.1	38
Lasioglossumpauxillum-88516-GCA028455745.1	9
Lasioglossumpauxillum-88516-GCA933228785.1	9
Lasioglossumvierecki-88499-GCA028455595.1	11
Lasioglossumzephyrum-88500-GCA028455615.1	14
Lasioglossummorio-88514-GCA916610235.2	12
Agapostemonvirescens-115084-GCA028453745.1	18
Augochlorapura-115077-GCA028453695.1	11
Augochlorellaaurata-586896-GCA028455555.1	22
Ampulexclypecomplana-3143112-GCA049354905.1	15
Ammophilapubescens-1088609-GCA965247725.1	28
Sclerodermussp-3042140-GCA037305995.1	15
Hedychridiumroseum-212591-GCA963989215.1	19
Chrysisangustula-913277-GCA965642015.1	17
Selandriaserva-410286-GCA965654355.1	12
Tenthredodistinguenda-1385102-GCA947538915.1	9
Tenthredomesomela-222778-GCA943736025.1	10
Tenthredonotha-362091-GCA914767705.2	20
Tenthredolivida-520905-GCA963992785.1	10
Tenthredoscrophulariae-520932-GCA963978835.1	10
Tenthredoamoena-520940-GCA963966615.1	18
Rhogogasterchlorosoma-1385029-GCA944452935.1	10
Macrophyaalboannulata-1384894-GCA949628255.1	8
Macrophyaannulata-1384895-GCA963924015.1	8
Eutomostethusluteiventris-1385253-GCA964662225.1	6
Phymatoceraaterrima-362106-GCA963170745.1	15
Ametastegiaequiseti-655806-GCA963989295.1	15
Athaliacordata-1170485-GCA963932425.1	4
Athaliacircularis-362093-GCA963978495.1	6
Neodiprionlecontei-441921-GCA001263575.2	7
Argeochropus-1384776-GCA965113185.1	9
Argepagana-1384777-GCA963969455.1	8
Abiacandens-362089-GCA964212075.1	16
Cheumatopsychecharites-1875285-GCA024721215.1	16
Arctopsychegrandis-121162-GCA051622035.1	13
Stenopsycheangustata-1560148-GCA051167455.1	13
Odontocerumalbicorne-446452-GCA949825065.1	31
Molannaangustata-446450-GCA963576475.1	27
Ceracleadissimilis-446427-GCA963576895.1	25
Athripsodescinereus-446526-GCA947579605.1	25
Mystacidesazureus-446513-GCA965644405.1	20
Mystacideslongicornis-699848-GCA963576905.1	20
Triaenodesbicolor-699847-GCA964276685.1	21
Eubasilissasplendida-1875367-GCA031772225.1	29
Glyphotaeliuspellucidus-1271742-GCA936435175.1	30
Limnephiluslunatus-1218281-GCA917563855.2	13
Limnephilusauricula-1271728-GCA951813805.1	30
Limnephilusmarmoratus-1271730-GCA917880885.1	30
Limnephilusrhombicus-692089-GCA929108145.2	30
Agapetusfuscipes-1271715-GCA951799405.1	33
Himalopsycheanomala-2863128-GCA031772345.1	24
Micropterixaruncella-1042620-GCA944548615.1	31
Eriocraniasemipurpurella-3156131-GCA045547075.1	32
Hepialusxiaojinensis-1589740-GCA042246355.1	32
Zeuzerapyrina-1101072-GCA907165235.1	31
Phragmataeciacastaneae-753407-GCA964277475.1	30
Cossuscossus-753294-GCA965117205.1	30
Sesiabembeciformis-287197-GCA943735995.1	31
Sesiaapiformis-748215-GCA914767545.1	31
Synanthedonandrenaeformis-1108569-GCA936446665.2	31
Synanthedonmyopaeformis-1108570-GCA944738685.1	31
Synanthedonvespiformis-1660703-GCA918317495.1	31
Synanthedonspheciformis-233843-GCA964332195.1	31
Synanthedonformicaeformis-301036-GCA945859745.1	31
Synanthedontipuliformis-301680-GCA947623395.1	31
Bembeciaichneumoniformis-301037-GCA910589475.2	31
Choreutisnemorana-1209621-GCA949316135.1	31
Apodalimacodes-287200-GCA946406115.1	25
Adscitageryon-287208-GCA964275185.1	32
Rhagadespruni-287213-GCA964270825.1	48
Achelurayunnanensis-2871086-GCA041274885.1	32
Zygaenacarniolica-287238-GCA964261665.1	31
Zygaenafausta-287248-GCA964505435.1	30
Zygaenapurpuralis-287345-GCA964270835.1	31
Zygaenasarpedon-287354-GCA964338965.1	30
Zygaenaephialtes-287371-GCA964275295.1	30
Zygaenaexulans-287373-GCA964261585.1	31
Zygaenafilipendulae-287375-GCA907165275.2	31
Zygaenaloti-287383-GCA964264925.1	30
Zygaenaviciae-287404-GCA964271875.1	30
Carposinasasakii-252295-GCA014607495.2	31
Tortricodesalternella-116138-GCA947859335.1	22
Tortrixviridana-311328-GCA963241965.1	31
Aclerisliterana-1100899-GCA946894065.1	30
Aclerishyemana-1869394-GCA965194575.1	31
Acleriseffractana-2566210-GCA966208735.1	30
Aclerisholmiana-572802-GCA949316455.1	31
Aclerisabietana-758703-GCA965276475.1	30
Aclerisabietana-758703-GCA965276485.1	30
Acleriscristana-758705-GCA948252455.1	31
Aclerisemargana-758706-GCA927399475.2	30
Aclerisferrugana-758707-GCA964656575.1	31
Aclerislaterana-758709-GCA963966035.1	30
Aclerislogiana-758711-GCA964340485.1	30
Aclerissparsana-758717-GCA923062465.1	30
Aclerisumbrana-758718-GCA964330255.1	30
Aleimmaloeflingiana-758720-GCA964235035.1	30
Cenopiscana-2566676-GCA951800055.1	28
Neocochylismolliculana-2769477-GCA964656585.1	29
Aethessmeathmanniana-1594220-GCA965285805.1	30
Aethessmeathmanniana-1594220-GCA965285855.1	30
Aethestesserana-1660574-GCA964270645.1	30
Aethescnicana-753148-GCA963971205.1	30
Agapetahamana-1100904-GCA965178135.1	13
Agapetahamana-1100904-GCA965178395.1	15
Agapetazoegana-989733-GCA964188265.1	13
Cochylidiasubroseana-1594252-GCA965605785.1	28
Cochylidiasubroseana-1594252-GCA965605805.1	30
Commophilaaeneana-3127293-GCA964341535.1	25
Commophilaaeneana-3127293-GCA964341585.1	23
Ditulaangustiorana-572840-GCA963691745.1	31
Cnephasiastephensiana-1116892-GCA964276465.1	30
Cnephasiaasseclana-1594251-GCA965637065.1	30
Eanaincanana-1594282-GCA964662145.1	30
Ptycholomalecheana-116133-GCA965641935.1	31
Archipsoporana-1100917-GCA965637025.1	29
Archipsoporana-1100917-GCA965637185.1	31
Archipsxylosteana-1100919-GCA947563465.1	31
Archipscrataeganus-1857967-GCA947859365.1	31
Archipspodanus-2655036-GCA964237515.1	30
Clepsisconsimilana-1100947-GCA965362255.1	30
Clepsisconsimilana-1100947-GCA965362275.1	30
Clepsisrurinana-1144648-GCA965111835.1	30
Clepsisdumicolana-2561093-GCA963691665.1	30
Pandemiscorylana-1101029-GCA949127965.1	30
Pandemisheparana-192191-GCA963854515.1	30
Pandemiscinnamomeana-753214-GCA932294345.1	30
Cacoecimorphapronubana-287198-GCA964271255.1	30
Epiphyaspostvittana-65032-GCA964304675.1	30
Apheliapaleana-753154-GCA964237545.1	30
Syndemismusculana-1101060-GCA965641395.1	27
Lozotaeniaforsterana-1101015-GCA965247445.1	30
Choristoneurarosaceana-27543-GCA037349165.2	30
Bactrafurfurana-1030477-GCA965663525.1	17
Bactralancealana-753158-GCA965196735.1	23
Ancylisachatana-1869464-GCA964214005.1	28
Epiblemafoenella-1100979-GCA963556455.1	28
Epiblemascutulana-1100980-GCA964662165.1	27
Epiblemacirsiana-1869849-GCA964346515.1	27
Epiblemacostipunctana-1869850-GCA964291015.1	18
Epinotiatedella-1100986-GCA965654305.1	28
Epinotiatedella-1100986-GCA965654325.1	28
Epinotiabilunana-1594293-GCA947049275.1	28
Epinotiademarniana-1594294-GCA945867215.1	28
Epinotiaramella-1594296-GCA947578815.1	28
Epinotiapygmaeana-1660626-GCA966185115.1	23
Epinotiapygmaeana-1660626-GCA966185135.1	23
Epinotiatenerana-1660628-GCA965225655.1	28
Epinotiabrunnichana-2566568-GCA963854355.1	29
Epinotiananana-687034-GCA966183675.1	28
Epinotianisella-989769-GCA932294315.1	28
Epinotiatrigonella-989771-GCA965378785.1	27
Epinotiatrigonella-989771-GCA965378795.1	29
Rhopobotaustomaculana-1101045-GCA964656095.1	28
Rhopobotaustomaculana-1101045-GCA964656135.1	28
Rhopobotanaevana-572892-GCA965641425.1	28
Gypsonomanitidulana-1869975-GCA965655135.1	26
Notoceliacynosbatella-1101023-GCA965636945.1	27
Notoceliacynosbatella-1101023-GCA965637175.1	28
Notoceliauddmanniana-1594315-GCA905163555.1	28
Rhyacioniapinicolana-1101047-GCA964374345.1	29
Rhyacioniapinivorana-1101048-GCA965636995.1	27
Rhyacioniapinivorana-1101048-GCA965637205.1	29
Rhyacionialogaea-1858067-GCA966184475.1	28
Grapholitaorobana-1869970-GCA965654365.1	27
Grapholitaorobana-1869970-GCA965654375.1	29
Grapholitamolesta-192188-GCA022674325.2	28
Grapholitajungiella-2566637-GCA965637225.1	29
Dichroramphavancouverana-1666525-GCA965669695.1	27
Dichroramphaacuminatana-1869808-GCA965278155.1	27
Dichroramphaacuminatana-1869808-GCA965278225.1	27
Lathronymphastrigana-1594361-GCA949128165.1	28
Pammeneargyrana-1101026-GCA965278205.1	28
Pammeneargyrana-1101026-GCA965278295.1	28
Pammenefasciana-1101027-GCA911728535.1	28
Pammenegiganteana-1101028-GCA965276555.1	27
Pammeneregiana-1660671-GCA965641965.1	29
Pammenesuspectana-1858054-GCA964504545.2	28
Pammenesuspectana-1858054-GCA964505205.1	28
Pammeneaurita-1870148-GCA947086415.1	28
Pammenerhediella-2561577-GCA965620085.1	29
Cydiapomonella-82600-GCA038396475.1	28
Phiarisbipunctana-1101140-GCA965663645.1	27
Apotomissauciana-1030474-GCA965655145.1	28
Apotomissororculana-1030475-GCA965663535.1	30
Apotomisbetuletana-1100915-GCA932273695.1	28
Apotomisturbidana-1100916-GCA905147355.2	28
Apotomiscapreana-989741-GCA947623375.1	28
Hedyapruniana-1594309-GCA964197955.1	28
Hedyasalicella-1869985-GCA905404275.2	25
Argyroplocenoricana-1197223-GCA965607555.1	26
Argyroplocenoricana-1197223-GCA965607585.1	26
Celyphastriana-1030481-GCA965642925.1	13
Celyphalacunana-1594247-GCA964237635.1	27
Eudemisprofundana-1100989-GCA947034925.1	28
Orthotaeniaundulana-1594318-GCA964468075.1	28
Drepanacurvatula-104427-GCA964345945.1	32
Drepanafalcataria-104428-GCA945859725.1	31
Falcarialacertinaria-505411-GCA951449985.1	32
Sabraharpagula-721158-GCA964059465.1	31
Watsonallabinaria-721165-GCA929442735.1	33
Watsonallacultraria-721166-GCA964035505.1	31
Habrosynepyritoides-721137-GCA907165245.1	31
Ochropachaduplaris-721156-GCA951361185.1	31
Tetheaocularis-997289-GCA963555595.1	31
Thyatirabatis-721163-GCA905147785.2	31
Tetheellafluctuosa-721173-GCA951216915.1	32
Achlyaflavicornis-753485-GCA947623365.1	30
Polyplocaridens-988154-GCA951394255.1	30
Epermeniachaerophyllella-1178097-GCA964235415.1	31
Alucitahexadactyla-753150-GCA964059475.1	30
Marasmarchalunaedactyla-1594453-GCA923062675.1	31
Emmelinamonodactyla-467774-GCA916618145.1	30
Hellinsiaosteodactyla-1100896-GCA965654225.1	31
Hellinsiaosteodactyla-1100896-GCA965654335.1	30
Gillmeriaochrodactyla-1869947-GCA964340845.1	28
Gillmeriaochrodactyla-1869947-GCA964340935.1	30
Gillmeriapallidactyla-687094-GCA964291005.1	30
Stenoptiliabipunctidactyla-1660692-GCA944452665.1	30
Endromisversicolora-119269-GCA964306285.1	26
Bombyxmori-7091-GCA026075555.1	28
Bombyxmori-7091-GCA027497115.1	28
Bombyxmori-7091-GCA027497135.1	28
Bombyxmori-7091-GCA044167525.1	28
Bombyxmori-7091-GCA964601785.1	29
Bombyxmori-7091-GCA964602615.1	29
Bombyxmori-7091-GCA964603135.1	29
Bombyxmandarina-7092-GCA030267445.2	27
Trilochavarians-941097-GCA030269945.2	27
Trilochavarians-941097-GCA045862255.1	26
Trabalavishnou-1418836-GCA050084765.1	25
Odonestispruni-1310355-GCA965212455.1	31
Dendrolimuspini-151304-GCA949752895.1	30
Dendrolimuspunctatus-238572-GCA012273795.1	30
Dendrolimustabulaeformis-416556-GCA042997425.1	30
Dendrolimussibiricus-420341-GCA046627935.1	30
Dendrolimushoui-765132-GCA039645545.1	30
Lasiocampaquercus-151326-GCA964263865.1	24
Euthrixpotatoria-624169-GCA965178115.1	31
Malacosomaalpicolum-1660657-GCA964270795.1	31
Malacosomaneustria-7098-GCA963693495.1	31
Trichiuracrataegi-988167-GCA964416535.1	28
Hylesiametabus-1113239-GCA046523875.1	31
Actiasisabellae-63975-GCA964265105.1	31
Saturniajaponica-37778-GCA033032175.1	31
Saturniapavonia-332931-GCA947532125.1	30
Antheraeayamamai-7121-GCA036509395.1	31
Samiaricini-63990-GCA014132275.2	14
Samiaricini-63990-GCA048571015.1	14
Smerinthusocellatus-3112358-GCA965644355.1	27
Smerinthusocellatus-3112358-GCA965644365.1	27
Clanisbilineata-215161-GCA036417725.1	29
Laothoepopuli-522836-GCA905220505.1	29
Mimastiliae-522848-GCA905332985.1	29
Amorphajuglandis-522887-GCA949126905.1	29
Agriusconvolvuli-55055-GCA964340655.1	28
Sphinxpinastri-987436-GCA947568825.1	28
Laparaconiferarum-82619-GCA949316025.1	16
Hemarisfuciformis-987953-GCA907164795.1	30
Hylesvespertilio-283848-GCA009982885.2	29
Hyleseuphorbiae-283855-GCA023078785.2	29
Deilephilaelpenor-283834-GCA949752805.1	30
Deilephilaporcellus-644661-GCA905220455.2	29
Theretrajaponica-644662-GCA033459515.1	29
Eariasclorana-753175-GCA964341335.1	32
Nycteolarevayana-988004-GCA947037095.2	26
Pseudoipsprasinana-2758353-GCA951640165.1	33
Nolaaerugula-753203-GCA964265065.1	31
Meganolaalbula-987977-GCA936450015.1	30
Meganolastrigula-987978-GCA965276985.1	31
Meganolastrigula-987978-GCA965277205.1	30
Thaumetopoeaprocessionea-499230-GCA965614485.1	46
Spataliaargentina-1101155-GCA965194795.1	27
Closterarestitura-2008422-GCA051201345.1	25
Closteracurtula-987902-GCA905475355.2	30
Notodontadromedarius-753204-GCA905147325.1	31
Notodontaziczac-988002-GCA918843915.1	31
Pheosiagnoma-988018-GCA905404115.1	31
Pheosiatremula-988019-GCA905333125.1	31
Ceruravinula-987900-GCA964276795.1	19
Drymoniadodonaea-988176-GCA965178025.1	31
Drymoniaobliterata-988177-GCA965437455.1	31
Drymoniaobliterata-988177-GCA965437465.1	31
Drymoniaruficornis-988178-GCA947859195.1	29
Furculafurcula-987943-GCA911728495.1	29
Odontosiacarmelita-988005-GCA965239595.1	29
Odontosiacarmelita-988005-GCA965239665.1	29
Pterostomapalpinum-987447-GCA965198555.1	29
Ptilodoncapucinus-987449-GCA914767695.1	31
Ptilodoncucullina-988028-GCA964605925.1	31
Ptilophoraplumigera-988179-GCA964304645.1	26
Phalerabucephala-753216-GCA905147815.2	31
Lygephilacraccae-997512-GCA964273745.1	30
Euclidiami-938167-GCA944739405.2	31
Catocalapromissa-1734906-GCA965154605.1	31
Catocalanupta-423320-GCA963675205.1	32
Catocalafraxini-423510-GCA930367265.1	31
Catocalasponsa-753163-GCA963564715.1	32
Clytiesyriaca-3373430-GCA965246635.1	31
Clytiesyriaca-3373430-GCA965246645.1	31
Drasteriacaucasica-2682853-GCA965641345.1	31
Dysgoniarogenhoferi-2561228-GCA965277395.1	31
Dysgoniarogenhoferi-2561228-GCA965277865.1	31
Grammodesstolida-1123337-GCA965234925.1	32
Grammodesbifasciata-2561363-GCA965262075.1	31
Zethesinsularis-1973593-GCA965239635.1	31
Zethesinsularis-1973593-GCA965239655.1	31
Laspeyriaflexula-938238-GCA905147015.1	31
Lymantriadispar-13123-GCA032191425.1	32
Lymantriadispar-13123-GCA963576585.1	32
Lymantriamonacha-78897-GCA905163515.2	28
Lymantriaxylina-78901-GCA051943045.1	31
Euproctischrysorrhoea-987934-GCA965178235.1	14
Euproctissimilis-987935-GCA905147225.2	22
Orgyiarecens-198700-GCA965115965.1	31
Orgyiaantiqua-335469-GCA916999025.1	14
Leucomasalicis-688415-GCA948253155.1	30
Callitearapudibunda-875926-GCA965615895.1	88
Dysauxesfamula-753174-GCA965433735.1	31
Dysauxesfamula-753174-GCA965433805.1	31
Dysauxesancilla-987928-GCA965246625.1	31
Dysauxesancilla-987928-GCA965246655.1	31
Eilemadepressum-987419-GCA914767945.1	30
Eilemagriseolum-987420-GCA963662185.1	31
Eilemasororculum-987424-GCA914829495.1	30
Eilemacaniola-987929-GCA949126895.1	31
Atolmisrubricollis-987889-GCA965117225.1	32
Lithosiaquadra-987974-GCA963576445.1	31
Thumathasenex-997290-GCA948477245.1	30
Miltochristaminiata-987980-GCA933228765.1	32
Nudariamundana-988003-GCA963556515.1	31
Pelosiaobtusa-1870173-GCA965201015.1	31
Pelosiamuscerda-988016-GCA963691645.1	30
Setinaaurita-1660689-GCA964277105.1	32
Cybosiamesomella-987918-GCA946251805.1	31
Arctiacaja-289281-GCA964264495.1	31
Diacrisiasannio-464721-GCA965282705.1	31
Chelismaculosa-1837119-GCA965196785.1	30
Phragmatobiafuliginosa-214311-GCA932526445.1	28
Spilosomalubricipeda-875880-GCA905220595.1	30
Spilosomaurticae-988039-GCA964188045.1	30
Hypercompescribonia-505957-GCA949316085.1	32
Diaphoramendica-987922-GCA949125395.1	26
Spilarctialutea-875881-GCA916048165.1	32
Tyriajacobaeae-179666-GCA947561695.1	31
Callimorphadominula-938182-GCA949752705.1	31
Euplagiaquadripunctaria-987932-GCA963859945.1	31
Cymbalophorapudica-1875022-GCA964277295.1	32
Schrankiacostaestrigalis-411963-GCA905475405.1	31
Parascotiafuliginaria-938205-GCA963082885.1	32
Phytometraviridaria-938207-GCA965196775.1	31
Hypenaobsitalis-1870000-GCA965112525.1	31
Hypenaproboscidalis-753189-GCA905147285.1	31
Polypogonplumigeralis-997515-GCA964656525.1	31
Macrochilocribrumalis-997513-GCA965284725.1	31
Herminiatarsicrinalis-938191-GCA964656175.1	32
Herminiatarsipennalis-987440-GCA945859575.2	30
Cosmiatrapezina-116126-GCA905163495.3	32
Cosmiaaffinis-987907-GCA965218605.1	31
Cosmiapyralina-987909-GCA946251885.1	31
Eupsiliatransversa-116130-GCA914767815.1	32
Protodeltotepygarga-708063-GCA936450705.2	31
Calophasialunula-214073-GCA964276575.1	32
Tytaluctuosa-988042-GCA964288745.1	32
Dilobacaeruleocephala-987926-GCA947459985.1	31
Lamprostictaculta-3373433-GCA965615685.1	31
Bryophiladomestica-1660595-GCA965153255.1	30
Cryphiaalgae-987910-GCA964341545.1	32
Cryphiaalgae-987910-GCA964341565.1	30
Callopistriajuventina-1341252-GCA964396815.1	31
Griposiaaprilina-1101106-GCA916610205.1	32
Dicyclaoo-1858094-GCA948252095.1	31
Eremobiaochroleuca-1870628-GCA949629135.1	31
Dryobotalabecula-2964684-GCA947523025.1	32
Omphaloscelislunosa-2492375-GCA916610215.1	32
Enargiapaleacea-987931-GCA965378805.1	31
Enargiapaleacea-987931-GCA965378825.1	31
Ipimorpharetusa-987962-GCA965282485.1	29
Ipimorpharetusa-987962-GCA965282495.1	31
Agrocholacircellaris-987866-GCA914767755.1	30
Agrocholalitura-987869-GCA949152395.1	32
Agrocholalota-987870-GCA947364205.1	31
Agrocholalychnidis-987871-GCA963680765.1	32
Agrocholamacilenta-987872-GCA916701695.1	32
Xanthiaicteritia-987434-GCA949128155.2	31
Xanthiatogata-997532-GCA963853775.1	31
Actinotiapolyodon-753264-GCA964340415.1	32
Hoplodrinaambigua-875924-GCA949774945.1	32
Hoplodrinaoctogenaria-938192-GCA964261375.1	31
Hoplodrinablanda-987956-GCA949316365.1	31
Thalpophilamatura-987451-GCA948465475.1	31
Fissipunctiaypsillon-987458-GCA947568875.1	31
Lenisageminipuncta-987460-GCA965196745.1	32
Charanycaferruginea-987475-GCA947361185.1	31
Charanycatrigrammica-987901-GCA965151675.1	31
Antitypechi-988062-GCA947359405.1	31
Aporophylalueneburgensis-1337163-GCA932294355.1	31
Aporophylanigra-988065-GCA947507805.1	31
Arenostolaphragmitidis-988067-GCA965285825.1	31
Atethmiacentrago-988071-GCA905333075.3	31
Brachylomiaviminalis-988081-GCA937001585.2	31
Dryobotodeseremita-988106-GCA917490735.1	32
Gortynaflavago-988118-GCA963669345.1	31
Mormomaura-988133-GCA965196665.1	31
Parastichtissuspecta-988145-GCA964277095.1	30
Polymixisflavicincta-1870251-GCA949987655.1	32
Polymixislichenea-1870252-GCA949091785.1	30
Tiliaceaaurago-988162-GCA948098905.1	31
Tiliaceacitrago-988163-GCA963921375.1	32
Mesoligiafuruncula-997551-GCA916614155.1	31
Panemeriatenebrata-938246-GCA965115895.1	29
Panemeriatenebrata-938246-GCA965115935.1	31
Subacronictamegacephala-1870728-GCA958496365.1	31
Acronictarumicis-753146-GCA965234005.1	32
Acronictaaceris-987859-GCA910591435.1	32
Acronictaalni-987860-GCA964056405.1	31
Acronictaleporina-987862-GCA947256265.1	32
Acronictapsi-987865-GCA946251955.1	31
Craniophorapontica-1754071-GCA965277945.1	31
Craniophorapontica-1754071-GCA965277965.1	31
Craniophoraligustri-938226-GCA905163465.1	32
Momaalpium-997521-GCA965615795.1	31
Pyrrhiaumbra-753223-GCA963891755.1	32
Heliothispeltigera-542982-GCA958496145.1	31
Helicoverpaarmigera-29058-GCA026262555.1	31
Helicoverpaarmigera-29058-GCA963930815.1	32
Helicoverpaarmigera-182075-GCA040954515.1	32
Helicoverpaassulta-52344-GCA029618815.1	31
Helicoverpaassulta-52344-GCA050947285.1	31
Helicoverpazea-7113-GCA022343045.1	31
Hermonassacecilia-2673479-GCA050084585.1	31
Globiasparganii-1660644-GCA949316385.1	31
Episemakorsakovi-1870626-GCA965183765.1	31
Episematersa-3127327-GCA965212405.1	29
Episematersa-3127327-GCA965212655.1	29
Leucochlaenaoditis-1870664-GCA964656205.1	32
Hydraeciamicacea-214171-GCA914767645.1	32
Oligiafasciuncula-1870138-GCA963082905.1	31
Oligialatruncula-988008-GCA948474745.1	31
Oligiastrigilis-988009-GCA951800025.1	31
Amphipoealucens-987875-GCA947508005.1	31
Amphipoeaoculea-987876-GCA945859645.1	31
Luperinanickerlii-882792-GCA963855955.1	31
Luperinatestacea-988174-GCA927399505.1	31
Apameasordens-689061-GCA945859715.1	31
Apameacrenata-753153-GCA949629185.1	32
Apameamonoglypha-875885-GCA911387795.2	31
Apameaepomidion-987880-GCA947507525.1	32
Apamealithoxylaea-987881-GCA965234015.1	32
Apameasublustris-987887-GCA964263905.1	31
Apameaanceps-997526-GCA951799955.1	31
Mesapameasecalis-988129-GCA965117175.1	31
Photedesminima-988148-GCA964662195.1	31
Rhizedralutosa-988156-GCA964504975.1	32
Anaplectoidesprasina-214030-GCA964194435.1	31
Euxoatemera-2561333-GCA965283285.1	30
Euxoatemera-2561333-GCA965283315.1	30
Euxoasegnilis-3373429-GCA965276465.1	33
Euxoasegnilis-3373429-GCA965276505.1	33
Noctuapronuba-214277-GCA905220335.1	32
Noctuafimbriata-753202-GCA905163415.1	32
Noctuacomes-987992-GCA963082995.1	32
Noctuajanthe-987995-GCA910589295.1	31
Noctuajanthina-987996-GCA963576755.1	31
Ochropleuraleucogaster-1870131-GCA958449745.1	31
Ochropleuraplecta-320037-GCA905475445.1	32
Peridromasaucia-244290-GCA966183875.1	32
Xestiacnigrum-987431-GCA916618015.1	31
Xestiarhomboidea-987439-GCA963853795.1	31
Xestiaashworthii-988043-GCA950022955.1	31
Xestiabaja-988044-GCA964341255.1	30
Xestiabaja-988044-GCA964341265.1	32
Xestiacastanea-988045-GCA965113115.1	32
Xestiacastanea-988045-GCA965113175.1	32
Xestiaxanthographa-988049-GCA905147715.2	32
Xestiasexstrigata-997545-GCA941918905.2	32
Diarsiadahlii-1804828-GCA949775195.1	32
Diarsiabrunnea-987923-GCA949774965.1	31
Diarsiamendica-987924-GCA949316265.1	32
Diarsiarubi-987925-GCA932274075.1	32
Agrotisputa-1857961-GCA943136025.2	31
Agrotisexclamationis-215162-GCA950005045.1	32
Agrotisipsilon-56364-GCA028554685.1	31
Agrotisclavis-997525-GCA954870645.1	31
Euroisocculta-987425-GCA950022335.1	31
Graphiphoraaugur-688406-GCA965637095.1	31
Lycophotiaporphyrea-987975-GCA950005105.1	31
Cerastisrubricosa-988089-GCA949152445.1	31
Cerastisleucographa-997530-GCA963082945.1	32
Egiraconspicillaris-997535-GCA965112495.1	30
Orthosiagothica-43337-GCA949775005.1	37
Orthosiacerasi-875886-GCA965111875.1	29
Orthosiacruda-988010-GCA964057195.1	33
Orthosiacruda-988010-GCA964057205.1	33
Orthosiaincerta-988011-GCA948252205.1	29
Orthosiagracilis-997542-GCA947562075.1	14
Athetislepigone-1223490-GCA033675125.1	31
Caradrinaclavipalpis-987895-GCA932526535.1	31
Caradrinakadenii-987896-GCA947462355.1	31
Mythimnaunipuncta-103831-GCA964503205.1	32
Mythimnariparia-2567019-GCA964503575.1	31
Mythimnaseparata-271217-GCA020882275.1	32
Mythimnaseparata-271217-GCA026898235.1	31
Mythimnaseparata-271217-GCA030763345.1	31
Mythimnaseparata-271217-GCA048418785.1	32
Mythimnalalbum-987427-GCA949319445.1	32
Mythimnaalbipuncta-987983-GCA929112965.1	31
Mythimnaconigera-987984-GCA964503365.1	31
Mythimnaimpura-987985-GCA905147345.3	32
Mythimnapallens-987986-GCA961205895.1	31
Mythimnavitellina-987991-GCA949316375.1	31
Mythimnaferrago-997540-GCA910589285.2	32
Leucaniacomma-987968-GCA958295575.1	32
Leucaniaobsoleta-987969-GCA965615905.1	31
Hypparectilinea-987961-GCA951799385.1	31
Melanchrapersicariae-987979-GCA947386135.1	31
Poliabombycina-988022-GCA964291845.1	31
Polianebulosa-988024-GCA951329385.1	30
Saragossaporosa-3127332-GCA965194605.1	31
Euplexialucipara-987933-GCA921972225.1	31
Phlogophorameticulosa-875884-GCA905147745.2	32
Mamestrabrassicae-55057-GCA905163435.1	31
Anartastigmosa-1869462-GCA965178155.1	32
Hadenabicruris-987947-GCA965212325.1	32
Hadenacompta-987949-GCA965198765.1	31
Lacanobiablenna-1870024-GCA965260845.1	31
Lacanobiapraedita-3373428-GCA965277955.1	31
Lacanobiapraedita-3373428-GCA965278005.1	31
Lacanobiaoleracea-79499-GCA950371165.1	32
Lacanobiawlatinum-987426-GCA947578705.1	31
Hadaplebeja-987945-GCA965152725.1	31
Tholeradecimalis-988041-GCA943138885.2	31
Cerapteryxgraminis-980960-GCA965112785.1	30
Anorthoamunda-988060-GCA945859665.1	27
Ceramicapisi-988087-GCA963859965.1	31
Hecaterabicolorata-988124-GCA965226135.1	31
Hecateradysodea-988125-GCA905332915.2	32
Panolisflammea-988141-GCA964261395.1	31
Eugnorismaglareosa-988114-GCA947578425.1	30
Standfussianalucernea-988158-GCA964057025.1	32
Sesamiainferens-492764-GCA035079275.1	31
Sesamiainferens-492764-GCA037179545.1	31
Xylocampaareola-1870430-GCA935421205.1	31
Amphipyratragopoginis-689058-GCA905220435.1	31
Amphipyraberbera-987877-GCA910594945.2	31
Elaphriavenustula-987930-GCA964656345.1	32
Spodopteraexigua-7107-GCA011316535.1	32
Spodopteraexigua-7107-GCA022315195.1	31
Spodopterafrugiperda-7108-GCA012979215.2	31
Allophyesoxyacanthae-988056-GCA932294325.1	31
Asteroscopussphinx-988069-GCA949699075.1	32
Polychrysiamoneta-1870248-GCA964276815.1	31
Diachrysiachrysitis-179674-GCA932294365.1	31
Autographagamma-254363-GCA905146925.1	32
Autographabractea-987891-GCA964264225.1	31
Autographapulchrina-987893-GCA905475315.1	32
Abrostolatriplasia-254365-GCA946251915.1	31
Abrostolatripartita-938171-GCA905340225.1	31
Ctenoplusiaagnata-254370-GCA041146325.1	31
Macdunnoughiaconfusa-254380-GCA965154515.1	31
Plusiafestucae-254382-GCA950381575.1	31
Plusiaputnami-721895-GCA965282385.1	31
Plusiaputnami-721895-GCA965282475.1	31
Chrysodeixisincludens-689277-GCA941860345.1	30
Euchalciavariabilis-997517-GCA964260715.1	31
Xylenavetusta-988050-GCA965275965.1	31
Conistravaccinii-706635-GCA948150665.1	31
Conistraligula-987905-GCA965278235.1	31
Conistrarubiginosa-987906-GCA965663715.1	31
Lithophaneleautieri-1870035-GCA949152455.1	31
Lithophaneornitopus-987973-GCA948473465.1	31
Lithophanesemibrunnea-997537-GCA947363905.1	32
Lithophanesocia-997538-GCA947522985.1	31
Dasypoliatempli-987919-GCA963555695.1	31
Shargacuculliaprenanthis-987467-GCA964277625.1	32
Shargacuculliascrophulariae-987468-GCA964273835.1	31
Shargacuculliaverbasci-987469-GCA947562105.1	32
Colocasiacoryli-987903-GCA965285835.1	31
Calymmacommunimacula-3127325-GCA965194705.1	31
Acontialucida-753144-GCA965285785.1	31
Acontialucida-753144-GCA965285865.1	31
Tarachidiacandefacta-56578-GCA965205195.1	31
Trisatelesemortualis-753441-GCA947095525.1	31
Emmeliatrabealis-938230-GCA964291695.1	32
Eublemmaostrina-1973540-GCA964604975.1	31
Lycaenathersamon-265360-GCA965194355.1	24
Lycaenaalciphron-282377-GCA964273875.1	25
Lycaenaphlaeas-282391-GCA905333005.2	24
Lycaenavirgaureae-282395-GCA964263885.1	24
Lycaenahippothoe-580924-GCA964264015.1	25
Helleiahelle-2795559-GCA964264505.1	24
Agriadesoptilete-596771-GCA964273475.1	25
Kretaniatrappi-2505780-GCA964264435.1	20
Lysandrabellargus-138070-GCA905333045.1	46
Lysandracoridon-268709-GCA905220515.1	90
Lysandraalbicans-282008-GCA965112185.1	81
Lysandraalbicans-282008-GCA965112205.1	83
Cyanirissemiargus-988025-GCA905187585.1	24
Glaucopsychemelanops-1002887-GCA965178665.1	24
Glaucopsychealexis-203781-GCA905404095.1	23
Lampidesboeticus-228011-GCA964656195.1	25
Plebejusargus-242267-GCA905404155.3	23
Polyommatusszabokyi-2079168-GCA964271655.1	24
Polyommatusicarus-265386-GCA937595015.1	23
Polyommatusiphigenia-268662-GCA963422495.1	14
Polyommatusatlantica-712039-GCA965230855.1	231
Eumedoniaeumedon-282031-GCA964396525.1	25
Albulinaorbitula-689475-GCA964258695.1	23
Leptotespirithous-282318-GCA965112865.1	25
Cupidoosiris-282382-GCA965112425.1	24
Cupidominimus-596548-GCA965195375.1	24
Cupidoargiades-596724-GCA964277285.1	25
Cupidoalcetas-876058-GCA964656375.1	26
Iolanadebilitata-1678388-GCA965112825.1	23
Phengarisarion-203779-GCA963565745.1	23
Scolitantidesorion-301177-GCA964345685.1	23
Celastrinaargiolus-203782-GCA905187575.2	26
Ariciamorronensis-1107572-GCA964338945.1	23
Ariciacramera-282009-GCA964341205.1	23
Aricianicias-689501-GCA964270965.2	23
Aricianicias-689501-GCA964271005.2	23
Ariciaartaxerxes-91738-GCA937612035.1	23
Ariciaagestis-91739-GCA944452695.1	23
Hypaurotisquercus-116135-GCA964662265.1	25
Hypaurotisquercus-116135-GCA964662285.1	24
Laeosopisroboris-1107672-GCA964417165.1	19
Callophrysavis-700180-GCA965178315.1	25
Satyriumilicis-876074-GCA965178345.1	22
Satyriumpruni-876075-GCA964274205.1	23
Tomaresballus-1107738-GCA965153325.1	23
Limenitisreducta-191421-GCA964271765.1	31
Limenitispopuli-227535-GCA964341245.1	30
Limenitiscamilla-270466-GCA905147385.1	31
Melinaeamenophilus-304554-GCA965113245.1	18
Melinaeamenophilus-304554-GCA965113255.1	20
Melinaeamenophilus-331302-GCA918358695.1	22
Melinaeamenophilus-331302-GCA918361105.3	21
Melinaeamarsaeus-331333-GCA918358865.2	15
Melinaeamarsaeus-331333-GCA918361175.3	14
Melinaeaisocomma-331327-GCA965282635.1	14
Melinaeaisocomma-331327-GCA965282685.1	16
Melinaealudovica-331329-GCA965234865.1	22
Melinaealudovica-331329-GCA965234875.1	24
Melinaeamothone-331331-GCA965197325.1	14
Melinaeamothone-331331-GCA965197345.1	17
Scadazemira-2578226-GCA964345855.1	17
Scadazemira-2578226-GCA964346835.1	19
Mechanitispolymnia-127245-GCA965197355.1	15
Mechanitispolymnia-127245-GCA965197365.1	16
Mechanitismessenoides-2578229-GCA959347415.1	16
Mechanitislysimnia-471059-GCA965118075.1	13
Mechanitislysimnia-471059-GCA965118085.1	16
Mechanitislysimnia-651044-GCA965612265.1	26
Mechanitislysimnia-651044-GCA965612315.1	21
Mechanitismazaeus-471061-GCA959347365.2	12
Mechanitismazaeus-471061-GCA959347395.1	15
Mechanitismenapis-651059-GCA965234935.1	21
Napeogenesinachia-331285-GCA959347355.2	14
Napeogenesinachia-331285-GCA959347435.2	14
Napeogenessylphis-331344-GCA959347325.2	14
Napeogenessylphis-331344-GCA959347405.2	14
Dircennaloreta-1349872-GCA963555665.1	16
Boloriaaquilonaris-405021-GCA964270775.1	31
Boloriaeunomia-405022-GCA966096485.1	29
Boloriaeuphrosyne-405023-GCA951802675.2	31
Boloriapales-405024-GCA964275235.1	30
Boloriaselene-191398-GCA905231865.2	31
Boloriadia-596532-GCA964264805.1	32
Boloriafreija-596533-GCA964273495.1	32
Boloriafrigga-596534-GCA964273715.1	31
Boloriatitania-596536-GCA964270595.1	32
Boloriathore-977896-GCA964338675.1	31
Boloriacaucasica-995051-GCA964332085.1	31
Issorialathonia-171587-GCA964270575.1	31
Argynnispaphia-171802-GCA964264515.1	30
Argynnispandora-405018-GCA964340695.1	30
Argynnisbischoffii-2798589-GCA033884665.1	29
Brenthisdaphne-405032-GCA947093115.1	13
Brenthishecate-405033-GCA951806755.1	34
Fabricianaadippe-405009-GCA905404265.1	29
Heliconiuscongener-33422-GCA964144555.1	34
Heliconiuscongener-33422-GCA964146825.1	30
Heliconiussapho-33433-GCA964147245.1	56
Heliconiussapho-33433-GCA964194475.1	56
Heliconiuscharithonia-33434-GCA030704555.1	21
Heliconiusantiochus-33435-GCA964145975.1	22
Heliconiussara-33443-GCA917862395.2	21
Eueidesisabella-33448-GCA019049475.1	31
Dryasiulia-2752932-GCA019049465.1	32
Araschnialevana-171575-GCA964258735.1	32
Vanessacardui-171605-GCA905220365.2	32
Vanessatameamea-334116-GCA037043175.1	31
Nymphalisurticae-111881-GCA905147175.2	32
Nymphaliscalbum-929971-GCA963151315.1	31
Nymphalispolychloros-171594-GCA905220585.2	32
Nymphalisantiopa-171592-GCA964258955.1	31
Euphydryasaurinia-104503-GCA965226145.1	31
Euphydryascynthia-104506-GCA964274225.1	32
Euphydryasdesfontainii-104507-GCA964277145.1	30
Melitaeadidyma-104515-GCA965194455.1	29
Melitaeacinxia-113334-GCA022372475.1	31
Melitaeadiamina-113337-GCA964264535.1	31
Melitaeaphoebe-113342-GCA964274925.1	32
Melitaeatrivia-113345-GCA964306785.1	31
Melitaeainterrupta-130817-GCA964288815.1	30
Melitaeanevadensis-2494361-GCA964306245.1	33
Melitaeapseudornata-2904454-GCA964305695.1	31
Melitaeaathalia-113330-GCA905220545.2	32
Melitaeadeione-113335-GCA964304785.1	31
Melitaeaparthenoides-113340-GCA964261285.1	31
Melitaeavaria-113346-GCA964261405.1	32
Melitaeaaurelia-2716722-GCA964265045.1	31
Charaxesjasius-658804-GCA965212305.1	26
Coenonymphaarcania-111894-GCA036785405.1	28
Coenonymphaarcania-111894-GCA964275175.1	29
Coenonymphadorus-111896-GCA964275305.1	30
Coenonymphaglycerion-242261-GCA963855885.1	30
Coenonymphadarwiniana-2505772-GCA964270855.1	30
Coenonymphagardetta-554481-GCA964258855.1	29
Coenonymphaoedippus-554486-GCA964304575.1	30
Maniolabathseba-2795562-GCA964656085.1	29
Maniolatithonus-2795565-GCA965117215.1	29
Cercyonislupina-2599366-GCA965213455.1	30
Cercyonislycaon-3038947-GCA964270755.1	30
Melanargiagalathea-111923-GCA920104075.1	25
Melanargialachesis-111924-GCA964338655.1	25
Melanargiarussiae-111925-GCA964273825.1	25
Melanargiaines-679095-GCA964186415.1	14
Oeneisjutta-328893-GCA964276505.1	30
Brintesiacirce-111891-GCA964290925.1	30
Hipparchiafagi-111910-GCA964396745.1	29
Hipparchiasemele-111912-GCA933228805.2	30
Hipparchiagenava-2505778-GCA964264285.1	33
Hipparchiasbordonii-2599364-GCA038048805.1	22
Hipparchiamaderensis-2744210-GCA966190265.1	29
Hipparchiasyriaca-876061-GCA965112445.1	30
Satyrusactaea-111940-GCA965194555.1	28
Satyrusferula-111941-GCA964290905.1	28
Minoisaurata-3143474-GCA046119125.1	29
Mycalesismineus-441995-GCA034621355.1	28
Lasiommatamaera-111916-GCA964264045.1	29
Lasiommatamegera-111917-GCA928268935.1	30
Lasiommatapetropolitana-111918-GCA964261845.1	30
Lasiommataparamegaera-2494358-GCA964656145.1	29
Parargexiphia-111933-GCA964330365.1	28
Erebialigea-111903-GCA917051295.2	29
Erebiameolans-111904-GCA964271795.1	15
Erebiamontana-111905-GCA964260675.1	24
Erebiapharte-111906-GCA965112705.1	20
Erebiaeriphyle-1660629-GCA964260725.1	30
Erebiamelampus-1660630-GCA964261625.1	21
Erebiadisa-1664817-GCA964271725.1	29
Erebiamelancholica-1664830-GCA964304705.1	23
Erebiapalarica-191414-GCA964035005.2	14
Erebiachristi-2057221-GCA964264545.1	20
Erebiaembla-2057223-GCA964271835.1	29
Erebiastirius-2057229-GCA964264005.1	21
Erebiatriaria-242256-GCA964166005.1	17
Erebiaepiphron-242257-GCA963932025.1	16
Erebiaoeme-242259-GCA964277275.1	14
Erebiaoeme-242259-GCA964277325.1	14
Erebiagorge-242260-GCA964277375.1	21
Erebiagorge-242260-GCA964277455.1	21
Erebiabubastis-2505774-GCA964270845.1	30
Erebiaalbergana-2599362-GCA964188065.1	18
Erebiaaethiops-447833-GCA923060345.2	20
Erebiamedusa-447850-GCA964187935.1	12
Erebiamnestra-468186-GCA964260655.1	12
Erebiarondoui-468190-GCA964332105.1	25
Erebiamanto-598736-GCA964656315.1	29
Erebiapronoe-598737-GCA965113275.1	21
Erebiasudetica-876060-GCA965637005.1	19
Erebiasudetica-876060-GCA965637145.1	21
Hestinaassimilis-378390-GCA023373885.1	30
Leptideasinapis-189913-GCA905404315.1	48
Aporiacrataegi-129397-GCA912999735.1	26
Leptophobiaaripa-320235-GCA951799465.1	26
Pontiaedusa-345723-GCA965196675.1	27
Pierisnapi-78633-GCA905231885.1	25
Pierismannii-876065-GCA028984075.1	25
Pierismannii-876065-GCA029001895.1	26
Anthochariseuphenoides-1107568-GCA965113005.1	33
Anthochariscardamines-227532-GCA905404175.1	31
Euchloetagis-415341-GCA964277245.1	31
Euchloebelemia-535715-GCA964340465.1	31
Euchloebelemia-535715-GCA964340475.1	31
Euchloeinsularis-547581-GCA964605045.1	32
Euchloesimplonia-547582-GCA964265075.1	31
Colotisevagore-943180-GCA964332265.1	28
Coliasthisoa-596544-GCA964275215.1	33
Coliaserate-72852-GCA965153205.1	31
Coliashyale-78615-GCA964258725.1	31
Coliaspalaeno-78620-GCA964258765.1	31
Coliasphicomone-78622-GCA964270545.1	31
Coliassareptensis-876052-GCA964374355.1	32
Euremadaira-72257-GCA965240345.1	32
Gonepteryxrhamni-78609-GCA965217435.1	31
Graphiumeurypylus-157375-GCA040363725.1	30
Graphiumcloanthus-157381-GCA040363735.1	15
Graphiumsarpedon-76205-GCA040363715.1	20
Papilioelwesi-534389-GCA029641285.1	31
Papilioelwesi-534389-GCA029849275.1	31
Papilioxuthus-66420-GCA036365505.1	30
Papiliobianor-76199-GCA040363705.1	30
Troidesaeacus-501369-GCA033220335.2	30
Zerynthiarumina-132710-GCA965178335.1	31
Cataclystalemnata-1594245-GCA963931975.1	28
Acentriaephemerella-1666818-GCA943193645.1	31
Parapoynxstratiotata-1594321-GCA910589355.1	30
Elophilanymphaeata-753177-GCA955850985.1	31
Nymphulanitidulata-1594316-GCA947347705.1	31
Evergestisextimalis-1869931-GCA965663735.1	31
Musotimanitidalis-753371-GCA949126915.1	31
Eudoniadelunella-1100990-GCA964655575.1	31
Eudonialacustrata-1100991-GCA947562085.1	30
Eudoniamercurella-1100992-GCA963082485.2	31
Eudoniaangustea-1498833-GCA964502725.1	31
Eudoniamurana-1594301-GCA964468265.1	28
Eudoniamurana-1594301-GCA964468325.1	31
Eudoniapallida-1660724-GCA964340885.1	18
Eudoniapallida-1660724-GCA964340915.1	18
Eudoniatruncicolella-753179-GCA949315975.1	30
Scopariaambigualis-1594341-GCA963921215.1	28
Scopariapyralella-1594343-GCA965234025.1	31
Ostrinianubilalis-29057-GCA041684095.1	31
Ostrinianubilalis-29057-GCA043791035.1	32
Ostrinianubilalis-29057-GCA043791265.1	32
Ostrinianubilalis-29057-GCA043791335.1	31
Ostriniafurnacalis-93504-GCA038426615.1	32
Ostriniafurnacalis-93504-GCA041937195.1	32
Ostriniafurnacalis-93504-GCA047663685.1	31
Marasmiaexigua-1555629-GCA019059595.1	32
Cnaphalocrocismedinalis-437488-GCA014851415.1	31
Loxostegesticticalis-481309-GCA965233915.1	32
Loxostegesticticalis-481309-GCA965233925.1	30
Ananiacrocealis-1100908-GCA949315895.1	29
Ananiafuscalis-1100909-GCA950371115.1	32
Ananiacoronata-1107567-GCA965111815.1	31
Ananiahortulata-1594229-GCA963576865.1	32
Ananiaterrealis-1594231-GCA966184285.1	32
Eumorphobotysobscuralis-2078669-GCA048418795.1	31
Paratalantahyalinalis-1594322-GCA964340875.1	30
Paratalantahyalinalis-1594322-GCA964340925.1	29
Pyraustacingulata-1101043-GCA964340805.1	32
Pyraustapurpuralis-1101044-GCA963924145.1	31
Pyraustadespicata-1281420-GCA963921415.1	31
Pyraustaaurata-1594338-GCA963584085.1	32
Pyraustanigrata-1660681-GCA949316185.1	30
Calamotrophapaludella-1371681-GCA927399485.1	30
Chilosuppressalis-168631-GCA049244795.1	32
Angustaliusmalacellus-2231905-GCA964639005.1	29
Agriphilainquinatella-1100907-GCA964059425.1	20
Agriphilatristella-1594226-GCA928269145.1	23
Agriphilageniculea-1660579-GCA943789525.1	30
Agriphilastraminella-572809-GCA950108535.1	26
Catoptriapinella-1100938-GCA963556745.1	31
Catoptriafurcatella-1241338-GCA966095715.1	32
Catoptriafurcatella-1241338-GCA966096585.1	30
Chrysoteuchiaculmella-1594250-GCA910589605.1	31
Crambuslathoniellus-1100958-GCA949710035.1	30
Crambusalienellus-1195448-GCA965614505.1	29
Crambusalienellus-1195448-GCA965614525.1	31
Crambuspratella-1594261-GCA965267255.1	31
Crambuspratella-1594261-GCA965267545.1	29
Crambuspascuella-989760-GCA964341515.1	30
Crambuspascuella-989760-GCA964341525.1	30
Pediasiacontaminella-1870169-GCA965113085.1	25
Conogethespunctiferalis-1133088-GCA031163375.1	31
Dolicharthriapunctalis-1858011-GCA965194675.1	23
Glyphodesperspectalis-1078807-GCA045371335.1	32
Glyphodesperspectalis-1078807-GCA951394215.1	32
Glyphodespyloalis-1242752-GCA037074685.2	31
Marucavitrata-497515-GCA039566165.1	32
Udeadecrepitalis-1002951-GCA965642495.1	31
Udeaferrugalis-1002954-GCA950022985.1	31
Udeahamalis-1002957-GCA966184525.1	31
Udeainquinatalis-1002960-GCA965607565.1	32
Udealutealis-1002964-GCA966183945.1	30
Udealutealis-1002964-GCA966184595.1	30
Udeanumeralis-1002969-GCA964340995.1	31
Udeaolivalis-1002971-GCA947369235.1	31
Agroteranemoralis-1003001-GCA964374225.1	31
Duponcheliafovealis-1970904-GCA964277135.1	32
Mecynaflavalis-1502335-GCA949319885.1	32
Nomophilanoctuella-1209556-GCA958496325.1	31
Omiodesindicata-1140935-GCA050947735.1	31
Parotischlorochroalis-3139894-GCA047302205.1	31
Scirpophagaincertulas-72366-GCA036419045.1	22
Schoenobiusgigantellus-753421-GCA963935595.1	25
Synaphepunctalis-1003005-GCA965276045.1	26
Synaphepunctalis-1003005-GCA965276545.1	26
Endotrichaflammealis-1101095-GCA905163395.2	32
Hypsopygiacostalis-1101110-GCA937001555.2	31
Hypsopygiarubidalis-1101112-GCA965279805.1	32
Hypsopygiarubidalis-1101112-GCA965279855.1	30
Pyralisregalis-1101041-GCA965194485.1	28
Pyralisfarinalis-687122-GCA947507595.1	27
Corcyracephalonica-139036-GCA040436485.1	29
Aphomiasociella-688398-GCA965363045.1	30
Galleriamellonella-7137-GCA958496185.1	30
Euzopherapinguis-1366396-GCA947363495.1	30
Laodamiafaecella-1101119-GCA965605735.1	30
Laodamiafaecella-1101119-GCA965605845.1	31
Phycitaroborella-1101143-GCA964059365.1	33
Elegiasimilella-1101167-GCA947532085.1	30
Anerastialotella-1666820-GCA964291865.1	32
Pempeliapalumbella-1870687-GCA964656165.1	30
Pempeliapalumbella-1870687-GCA964656235.1	31
Rhodophaeaformosa-1870710-GCA963082605.1	31
Dioryctriamendacella-500707-GCA964374295.1	32
Phycitodesalbatella-1858059-GCA966185185.1	32
Homoeosomasinuella-2561392-GCA964340625.1	32
Acrobasisconsociella-1100900-GCA963555685.1	31
Acrobasisrepandana-1100902-GCA963576875.1	32
Acrobasissuavella-1857951-GCA943193695.1	30
Zophodiagrossulariella-687150-GCA965234155.1	31
Zophodiagrossulariella-687150-GCA965234215.1	31
Ephestiaelutella-1373157-GCA018467065.1	31
Apomyeloisbistriatella-1666458-GCA947044815.1	32
Spicaudasimplicius-3056719-GCA949699795.1	32
Carterocephaluspalaemon-218720-GCA944567765.1	31
Carterocephalussilvicola-218722-GCA964340745.1	31
Gegenesnostrodamus-1107782-GCA964291895.1	16
Hesperiacomma-291688-GCA905404135.1	29
Ochlodessylvanus-3126489-GCA905404295.2	30
Thymelicuslineola-218773-GCA963932265.1	30
Thymelicussylvestris-272628-GCA911387775.1	28
Thymelicusacteon-876078-GCA951805285.1	28
Pyrgusmalvoides-1107715-GCA964264845.1	31
Pyrgusonopordi-1107716-GCA965433945.1	31
Pyrgusserratulae-1107717-GCA964397965.1	30
Pyrgusserratulae-1107717-GCA964416965.1	30
Pyrguscentaureae-1666702-GCA964275275.1	31
Pyrgusmalvae-218760-GCA911387765.1	31
Pyrguscarlinae-2505785-GCA964276835.1	25
Pyrgusalveus-876067-GCA964263985.1	24
Pyrguscacaliae-876070-GCA964261425.1	31
Pyrguscarthami-876071-GCA965111795.1	29
Pyrgussidae-876072-GCA964340865.1	30
Carcharodusalceae-509358-GCA964261735.1	30
Spialiarosae-1873866-GCA964288835.1	32
Spialiasertorius-509483-GCA964258965.1	32
Spialiaorbifer-876077-GCA965433205.1	32
Spialiaorbifer-876077-GCA965434095.1	30
Erynnistages-520884-GCA905147235.1	31
Muschampiaproto-1107688-GCA964304755.1	30
Muschampiabaetica-2705571-GCA965200415.1	38
Idaeaaversata-104447-GCA907269075.1	30
Idaeabiselata-104448-GCA958496205.1	13
Idaeastraminata-104449-GCA951213275.1	31
Idaearufaria-1441559-GCA965202865.1	36
Idaeasubsericeata-1441563-GCA964659525.1	30
Idaeatrigeminata-1441566-GCA964276605.1	27
Idaeadegeneraria-190350-GCA964341475.1	31
Idaeaseriata-190354-GCA965250435.1	25
Idaeadimidiata-572776-GCA949358125.1	20
Cyclophorapunctaria-310442-GCA951394245.1	31
Cyclophoraalbipunctata-505405-GCA963082685.1	32
Cyclophoralinearia-934830-GCA965112375.1	31
Timandracomae-190366-GCA958496195.1	31
Rhodometrasacraria-305969-GCA964632735.1	32
Operophterabrumata-104452-GCA932527175.1	15
Ecliptoperasilaceata-104457-GCA932527185.1	29
Hydriomenafurcata-104460-GCA912999785.1	28
Hydriomenaruberata-934870-GCA964270535.1	31
Epirritachristyi-247947-GCA951392215.1	31
Earophilabadiata-1178261-GCA964276565.1	27
Chloroclystisvata-190337-GCA963691955.1	17
Epirrhoealternata-190347-GCA963565295.1	31
Epirrhoealternata-190347-GCA965614545.1	31
Epirrhoealternata-190347-GCA965614555.1	31
Epirrhoetristata-934838-GCA951394285.1	30
Xanthorhoeannotinata-1241361-GCA965663695.1	28
Xanthorhoeferrugata-190369-GCA965225905.1	32
Xanthorhoedesignata-934901-GCA963582015.1	31
Xanthorhoemontanata-934903-GCA964187945.1	31
Xanthorhoespadicearia-934904-GCA947086425.1	31
Eulithistestata-326959-GCA947507515.1	30
Eulithisprunata-934839-GCA918843925.1	30
Eupitheciaphoeniceata-1869911-GCA964204885.1	31
Eupitheciasubfuscata-216862-GCA963564075.1	32
Eupithecialinariata-873508-GCA964340575.1	31
Eupitheciaabbreviata-934840-GCA943735965.1	32
Eupitheciaabsinthiata-934841-GCA964503905.1	28
Eupitheciaabsinthiata-934841-GCA964503985.1	32
Eupitheciacentaureata-934844-GCA944547425.1	32
Eupitheciadodoneata-934845-GCA947044415.1	31
Eupitheciaexiguata-934847-GCA947086465.1	31
Eupitheciahaworthiata-934850-GCA964291785.1	31
Eupitheciainturbata-934853-GCA963662085.1	31
Eupitheciatripunctaria-934860-GCA955876795.1	32
Eupitheciavulgata-934866-GCA946478455.1	31
Eupitheciainsigniata-986977-GCA947859395.1	31
Eupitheciapulchellata-986980-GCA963931895.1	33
Eupitheciasemigraphata-986981-GCA964277175.1	32
Eupitheciasubumbrata-986984-GCA949316285.1	24
Lobophorahalterata-934876-GCA932526365.1	32
Chloroclystasiterata-934828-GCA932294275.1	20
Euphyiaunangulata-216870-GCA965152665.1	31
Euphyiaunangulata-216870-GCA965152695.1	31
Perizomadidymatum-326946-GCA964340725.1	27
Perizomaaffinitatum-934816-GCA961405105.1	25
Perizomablandiatum-934818-GCA964188255.1	30
Perizomaflavofasciatum-934819-GCA958496245.1	30
Euchoecanebulata-326953-GCA964638615.1	36
Therafirmata-326957-GCA964188155.1	19
Therajuniperata-689108-GCA964194115.1	30
Theraobeliscata-934896-GCA947578465.1	18
Therabritannica-987013-GCA939531255.2	19
Scotopteryxchenopodiata-326962-GCA964291035.1	31
Scotopteryxbipunctaria-987009-GCA949320045.1	31
Trichopteryxcarpinata-505408-GCA964341415.1	39
Lythriapurpuraria-505419-GCA964503375.1	31
Pasiphilarectangulata-572874-GCA963082625.1	30
Rheumapteraundulata-572890-GCA964235345.1	32
Rheumapterahastata-691601-GCA964273775.1	31
Venusiacambrica-572911-GCA951394065.1	38
Carsiasororiata-685404-GCA964340635.1	31
Horismevitalbata-934869-GCA951804965.1	22
Horismetersata-986989-GCA964341575.1	21
Anticleaderivata-934824-GCA947579855.1	32
Acasisviretata-934820-GCA965285885.1	17
Larentiamalvata-1870028-GCA964374235.1	31
Larentiaclavaria-753357-GCA965117235.1	28
Phileremetransversata-873512-GCA963924445.1	20
Phileremevetulata-934888-GCA918857605.2	68
Camptogrammabilineatum-934908-GCA958496255.1	30
Aploceraefformata-934917-GCA921293045.1	32
Aplocerapraeformata-934918-GCA964260645.1	31
Aploceraplagiata-942218-GCA965199025.1	31
Catarhoecuculata-934923-GCA964341365.1	31
Chesiaslegatella-934925-GCA947359385.1	31
Cidariafulvata-934927-GCA964340525.1	26
Colostygiamultistrigaria-1869728-GCA965278185.1	31
Colostygiapectinataria-934931-GCA951394395.1	31
Cosmorhoeocellata-934934-GCA963675405.1	32
Electrophaescorylata-934936-GCA947095575.1	30
Gandaritispyraliata-934938-GCA947859175.1	31
Gymnoscelisrufifasciata-934940-GCA929108375.1	32
Lampropteryxsuffumata-934945-GCA948098915.1	31
Melanthiaprocellata-934947-GCA965152645.1	32
Odeziaatrata-934953-GCA965140225.1	29
Plemyriarubiginata-934957-GCA963576535.1	30
Triphosadubitata-934961-GCA965247275.1	32
Triphosadubitata-934961-GCA965247765.1	30
Pterapherapteryxsexalata-987030-GCA964204945.1	32
Microloxiaherbaria-1441571-GCA965154585.1	32
Jodisputata-104463-GCA964273755.1	31
Jodislactearia-934874-GCA964656515.1	31
Jodislactearia-934874-GCA964656555.1	31
Chlorissacloraria-986954-GCA965788885.1	32
Comibaenabajularia-986958-GCA965153335.1	32
Hemitheaaestivaria-572857-GCA947507615.1	31
Hemistolachrysoprasaria-934942-GCA947063395.1	30
Pseudoterpnacoronillaria-1007376-GCA965178385.1	33
Alsophilaaescularia-104486-GCA946251855.1	14
Colotoispennaria-104470-GCA964258875.1	28
Erannisdefoliaria-104474-GCA905404285.2	29
Agriopisaurantiaria-104476-GCA914767915.1	30
Agriopismarginaria-190331-GCA932305915.1	29
Agriopisleucophaearia-934821-GCA949125355.1	31
Lyciahirtaria-326963-GCA947563715.1	14
Alcisrepandata-174269-GCA949125135.1	32
Charissaobscurata-204503-GCA965178735.1	32
Perconiastrigillaria-1870689-GCA964304455.1	31
Peribatodesrhomboidaria-190356-GCA911728515.1	31
Peribatodesrhomboidaria-190356-GCA965614365.1	31
Peribatodesrhomboidaria-190356-GCA965614375.1	31
Sionalineata-190364-GCA964270865.1	29
Glaciesalpinata-206174-GCA964264065.1	31
Ennomosfuscantarius-722662-GCA905220475.3	31
Ennomosquercinarius-875883-GCA910589525.2	31
Ennomoserosarius-934814-GCA963580505.1	32
Lomographabimaculata-393326-GCA948107665.1	31
Lomographatemerata-934877-GCA964199915.1	32
Aethalurapunctulata-722655-GCA964276425.1	31
Ectropisgrisescens-1530245-GCA017562165.1	31
Ectropiscrepuscularia-572747-GCA963693475.1	32
Chiasmiaclathrata-722671-GCA964234795.1	31
Apocheimahispidaria-722657-GCA947579745.1	29
Phthonandriaatrilineata-339843-GCA046203345.1	31
Abraxassylvata-190335-GCA964187985.1	30
Angeronaprunaria-722656-GCA965612255.1	31
Angeronaprunaria-722656-GCA965612305.1	32
Caberapusaria-722659-GCA954871355.1	31
Caberaexanthemata-934826-GCA964340555.1	31
Macariabrunneata-685373-GCA964197775.1	31
Macarianotata-688445-GCA927399415.1	29
Macariaalternata-934878-GCA964662155.1	29
Macariaalternata-934878-GCA964662175.1	29
Macarialiturata-934879-GCA964023185.2	27
Hypomecisatomaria-2876618-GCA964007245.1	32
Hypomecispunctinalis-439567-GCA949316475.1	30
Seleniadentaria-934894-GCA917880725.1	30
Petrophorachlorosata-875879-GCA951640565.1	32
Odontoperabidentata-875882-GCA965234205.1	31
Ligdiaadustata-934875-GCA947049295.1	31
Artioraevonymaria-3127794-GCA965278135.1	29
Artioraevonymaria-3127794-GCA965278245.1	29
Crocalliselinguaria-934829-GCA907269065.1	17
Epionerepandaria-934834-GCA964204675.1	29
Isturgiamurinaria-1870017-GCA965113015.1	32
Narragatessularia-2890795-GCA965279385.1	30
Opisthograptisluteolata-934882-GCA931315375.2	31
Pachycnemiahippocastanaria-934884-GCA964502765.1	30
Pachycnemiahippocastanaria-934884-GCA964503185.1	32
Paradarisaconsonaria-722667-GCA964656105.1	30
Paradarisaconsonaria-722667-GCA964656215.1	32
Parectropissimilaria-934885-GCA964276655.1	31
Pseudopantheramacularia-1007708-GCA964260665.1	32
Hylaeafasciaria-722673-GCA905147375.1	31
Bistonstratarius-722658-GCA950106695.1	16
Bistonbetularia-82595-GCA905404145.2	31
Campaeamargaritaria-934813-GCA912999815.1	31
Plagodispulveraria-688490-GCA963890685.1	31
Plagodisdolabraria-934889-GCA963854805.1	31
Apeirasyringaria-934915-GCA934044485.1	30
Momphaepilobiella-1101020-GCA965637535.1	31
Momphasubbistrigella-1594371-GCA965198445.1	30
Coleophoraflavipennella-1100951-GCA947284805.1	57
Coleophoradeauratella-687026-GCA958295455.1	31
Batrachedrapraeangusta-347710-GCA964656335.1	29
Limnaeciaphragmitella-687102-GCA965195335.1	30
Scythrisempetrella-1073593-GCA964340755.1	31
Blastobasisadustella-1869501-GCA907269095.1	30
Blastobasislacticolella-2561016-GCA905147135.1	30
Diurnealipsiella-1594279-GCA964258865.1	22
Diurneafagella-753308-GCA964059355.1	15
Agonopterixheracliana-1073575-GCA963693445.1	30
Agonopterixarenella-1594222-GCA927399405.1	30
Agonopterixsubpropinquella-1857958-GCA922987775.1	28
Agonopterixyeatiana-1857959-GCA965366125.1	30
Agonopterixyeatiana-1857959-GCA965366175.1	30
Agonopterixalstromeriana-1869417-GCA963924505.1	30
Ethmiadodecea-1660634-GCA963855545.1	29
Carcinaquercana-116121-GCA910589575.2	30
Platyedrasubcinerea-1660718-GCA964277305.1	30
Bryotrophaterrella-1280429-GCA964059635.1	31
Bryotrophaaffinis-1857973-GCA965641975.1	32
Teleiodesluculella-1101163-GCA948473455.1	30
Teleiodesvulgella-1594352-GCA965178035.1	30
Athripsmouffetella-1101086-GCA947532105.1	31
Mirificarmamulinella-2561510-GCA965195395.1	30
Parachronistisalbiceps-1104519-GCA965204955.1	30
Prolitasexpunctella-1195456-GCA965605755.1	31
Prolitasexpunctella-1195456-GCA965605825.1	29
Neofriseriapeliella-1588107-GCA966184385.1	30
Neofriseriapeliella-1588107-GCA966185165.1	30
Pseudotelphusascalella-1588108-GCA965154575.1	30
Scrobipalpacostella-1858070-GCA949820665.1	30
Scrobipalpaocellatella-2561724-GCA965112585.1	30
Carpatolechiafugitivella-687316-GCA951230895.1	30
Tutaabsoluta-702717-GCA029230345.1	29
Anarsiainnoxiella-2566270-GCA947563765.1	31
Aproaeremataeniolella-2566309-GCA949987775.1	31
Nothrisverbascella-1280467-GCA965113045.1	31
Brachmiablandella-1280453-GCA965199015.1	31
Helcystogrammatriannulella-2727545-GCA051201365.1	30
Oegoconiaquadripuncta-347754-GCA949316235.1	20
Hofmannophilapseudospretella-572861-GCA947369225.1	28
Stathmopodapedella-753230-GCA965279785.1	30
Stathmopodapedella-753230-GCA965279865.1	30
Denisiastipella-1100966-GCA965637195.1	29
Metalampraitalica-1101017-GCA949699065.1	31
Esperiasulphurella-2870497-GCA947086405.1	30
Tachystolaacroxantha-2561799-GCA963506565.1	31
Atrijuglansaristata-2695169-GCA046579625.1	31
Pseudoswammerdamiacombinella-1870704-GCA965234895.1	32
Yponomeutaplumbellus-1594356-GCA947310845.1	31
Yponomeutacagnagella-2567736-GCA947310995.1	32
Yponomeutacagnagella-2567736-GCA947311075.1	31
Yponomeutaevonymella-2567737-GCA963969515.1	32
Yponomeutasedellus-263933-GCA934045075.1	31
Yponomeutamalinellus-33466-GCA947308005.1	32
Zelleriahepariella-1594360-GCA949319315.1	19
Zelleriaoleastrella-2561853-GCA965260815.1	31
Digitivalvapulicariae-2561220-GCA965363005.1	31
Plutellahyperboreella-1405359-GCA966184305.1	31
Acrolepiopsisassectella-57686-GCA966185125.1	32
Lyonetiaclerkella-753195-GCA965226265.1	31
Argyresthiaalbistria-1492915-GCA963457715.1	32
Argyresthiacupressella-2979185-GCA964341315.1	45
Argyresthiagoedartella-572725-GCA949825045.1	31
Ypsolophascabrella-1870435-GCA910592155.1	31
Ypsolophasequella-1870436-GCA934047225.1	30
Glyphipterixthrasonella-1100998-GCA964188275.1	31
Glyphipterixfuscoviridella-1869957-GCA964332205.1	31
Bedelliasomnulentella-753282-GCA963576735.1	31
Bucculatrixthoracella-1100929-GCA965637495.1	30
Roeslerstammiaerxlebella-753225-GCA965637105.1	31
Tineasemifulvella-1101063-GCA910589645.1	45
Tineatrinotella-1594354-GCA905220615.1	30
Tineapellionella-41014-GCA948150575.1	30
Monopiscrocicapitella-1375242-GCA965113135.1	27
Monopislaevigella-691988-GCA947359445.1	25
Monopislaevigella-691988-GCA947458855.1	25
Monopisweaverella-700104-GCA965226455.1	25
Tineolabisselliella-93883-GCA042254865.1	30
Triaxomeraparasitella-1448927-GCA964656535.1	26
Triaxomasiacaprimulgella-2878352-GCA965285915.1	31
Nemapogonruricolella-1104514-GCA965113025.1	31
Nemapogonruricolella-1104514-GCA965113035.1	31
Nemapogonkoenigi-3003482-GCA963924495.1	31
Luffiaferchaultella-1870047-GCA949709985.1	31
Pachytheliavillosella-1870146-GCA964291025.1	31
Taleporiatubulosa-753433-GCA964330275.1	30
Aspilapteryxtringipennella-1594445-GCA964188165.1	30
Euspilapteryxauroguttella-1594449-GCA951802225.1	30
Caloptiliarufipennella-1678910-GCA965641945.1	30
Caloptiliahemidactylella-1857976-GCA965267225.1	31
Caloptiliahemidactylella-1857976-GCA965267235.1	29
Gracillariasyringella-753336-GCA965641305.1	29
Nemophorametallica-1594367-GCA964261965.1	31
Cauchasfibulella-1100941-GCA965226335.1	25
Cauchasfibulella-1100941-GCA965226765.1	25
Cauchasrufimitrella-753286-GCA965201095.1	26
Nematopogonswammerdamellus-753375-GCA946902875.1	31
Incurvariamasculella-101737-GCA946894095.1	26
Tischeriaekebladella-683971-GCA965234195.1	24
Ectoedemiadecentella-1070333-GCA964235475.1	31
Mongoloraphidiaduomilia-3021590-GCA039654895.1	13
Xanthostigmaxanthostigma-887762-GCA963575645.1	13
Acanthacorydalisorientalis-1449960-GCA034766995.1	13
Neoneuromusignobilis-1569773-GCA024320075.1	12
Neoneuromusignobilis-1569773-GCA029203775.1	12
Sialisfuliginosa-1230162-GCA961205875.1	14
Sialislutaria-279420-GCA949319165.1	15
Sisyraterminalis-1560625-GCA958496175.1	7
Sisyranigra-279440-GCA958496155.1	7
Ninetaflava-1504853-GCA963920215.1	7
Chrysopapallens-417485-GCA020423425.1	7
Nothochrysacapitata-1504855-GCA965240235.1	8
Scolopendracretica-1146903-GCA966189295.1	15
Strigamiaacuminata-1255758-GCA949358305.1	11
Lithobiusvariegatus-60158-GCA965125955.1	23
Nanogonapolydesmoides-2794005-GCA965153395.1	16
Agaricogonopusacrotrifoliolatus-2968893-GCA052040765.1	11
Cylindroiuluspunctatus-61981-GCA965125795.1	7
Choneiuluspalmatus-1008849-GCA965278725.1	14
Carcinoscorpiusrotundicauda-6848-GCA011833715.1	16
Limuluspolyphemus-6850-GCA047678235.1	26
Tachypleusgigas-6852-GCA014155125.1	14
Gluviadorsalis-62148-GCA964187665.1	5
Amilenusaurantiacus-1046855-GCA965233935.1	10
Odiellusspinosus-2803876-GCA963920705.1	16
Leiobunumsubalpinum-3086104-GCA965184155.1	11
Mastigoproctusgiganteus-58767-GCA048544385.1	14
Macrothelecretica-1518524-GCA964417605.1	47
Macrotheleyani-2065426-GCA039090855.1	46
Chaetopelmalymberakisi-3034272-GCA964291345.1	33
Segestriasenoculata-1155756-GCA965642455.1	8
Segestriasenoculata-1155756-GCA965642505.1	8
Dysderatilosensis-119147-GCA051861875.1	7
Dysderacatalonica-3115679-GCA051861895.1	5
Stegodyphussarasinorum-1566146-GCA044658445.1	16
Stegodyphuslineatus-175341-GCA044657705.1	23
Stegodyphustentoriicola-202532-GCA044658465.1	14
Stegodyphusdumicola-202533-GCA044657685.1	14
Stegodyphusbicolor-407819-GCA044657725.1	16
Stegodyphusmimosarum-407821-GCA044660205.1	16
Octonobasinensis-198412-GCA038502835.1	9
Pimoaclavata-430941-GCA051201355.1	29
Tetragnathamontana-500645-GCA963680715.1	13
Metellinasegmentata-94026-GCA947359465.1	13
Metabourneti-1926196-GCA933210815.1	13
Parasteatodalunata-1871986-GCA949128135.1	12
Latrodectushesperus-256737-GCA037975125.2	14
Latrodectuselegans-2857379-GCA030067965.1	14
Trichonephilaantipodiana-2730554-GCA050495765.1	13
Leviellusthorelli-1662264-GCA965183905.1	13
Gibbaraneagibbosa-1907000-GCA964059485.1	13
Larinioidescornutus-336591-GCA964340895.1	13
Araneusangulatus-1112382-GCA965645275.1	28
Araneusmarmoreus-336584-GCA050042785.1	13
Linyphiatriangularis-94031-GCA963978545.1	13
Hylyphantesgraminicola-259057-GCA023701765.1	13
Troglohyphantesexcavatus-1977180-GCA963932185.1	13
Amaurobiusferox-336583-GCA951213105.1	23
Eratigenaatrica-1698855-GCA965122215.1	22
Zoropsisspinimana-1304667-GCA965642525.1	12
Zoropsisspinimana-1304667-GCA965642535.1	14
Pardosapseudoannulata-330961-GCA032207245.1	15
Philodromuscespitum-336569-GCA965612325.1	15
Tibellusoblongus-336685-GCA965643835.1	13
Tibellusoblongus-336685-GCA965643845.1	13
Xysticusacerbus-187487-GCA965642565.1	12
Salticusscenicus-243486-GCA963930645.1	15
Phytoseiuluspersimilis-44414-GCA037576195.1	4
Phytoseiuluspersimilis-44414-GCA047456425.1	4
Ixodesscapularis-6945-GCA031841145.1	15
Setoptuskoraiensis-1452707-GCA048013815.1	2
Tetranychusurticae-32264-GCA036877765.1	3
Tetranychusurticae-32264-GCA039701765.1	3
Tetranychusurticae-32264-GCA965642085.1	5
Tetranychusurticae-32264-GCA965642115.1	5
Tetranychuscinnabarinus-93129-GCA049115135.1	3
Tetranychuspiercei-93131-GCA036759885.1	3
Tetranychustruncatus-93132-GCA028476895.1	3
Amphitetranychusviennensis-381746-GCA050437165.1	3
Pyemoteszhonghuajia-2749944-GCA025170145.1	3
Carpoglyphuslactis-223459-GCA051106175.1	9
Oulenziellabakeri-1569442-GCA051106155.1	5
Psoroptesovis-83912-GCA964342135.1	10
Psoroptesovis-83912-GCA964342145.1	10
Cosmoglyphusoudemansi-3423435-GCA050580425.1	9
Membraniporamembranacea-95170-GCA914767715.1	11
Bugulaneritina-10212-GCA964035545.1	9
Bugulinastolonifera-192920-GCA935421135.1	11
Cryptosulapallasiana-558755-GCA945261195.1	12
Schizoporellajaponica-2589381-GCA965278275.1	19
Schmidtealugubris-163372-GCA044892535.1	4
Schmidteanova-163373-GCA044892505.1	3
Schmidteapolychroa-50054-GCA044892525.1	4
Schmidteamediterranea-79327-GCA022537955.1	4
Schmidteamediterranea-79327-GCA045838255.1	4
Schmidteamediterranea-79327-GCA045838265.1	4
Pseudobicerossplendidus-983666-GCA965235105.1	9
Schistosomajaponicum-6182-GCA025215515.1	9
Schistosomamansoni-6183-GCA000237925.5	11
Opisthorchisviverrini-6198-GCA964213165.1	6
Taeniapisiformis-85432-GCA023968675.1	10
Taeniamulticeps-94034-GCA001923025.3	7
Hymenolepismicrostoma-85433-GCA000469805.3	6
Lineuslacteus-947578-GCA965152395.1	19
Pterobdellasp-2926341-GCA964035795.1	8
Branchellionlobata-375517-GCA947562095.1	17
Piscicolageometra-60958-GCA943735955.1	17
Erpobdellaoctoculata-39305-GCA963978895.1	10
Sinospelaeobdellacavatuses-933808-GCA041222645.1	9
Whitmaniaacranulata-1329092-GCA041381225.1	11
Whitmanialaevis-307844-GCA041381185.1	11
Whitmaniapigra-486152-GCA041430665.1	11
Hirudinariamanillensis-1348078-GCA034509925.1	13
Hirudotianjinensis-2870509-GCA040113125.1	11
Hirudoverbana-311461-GCA965178065.1	14
Hirudonipponia-42736-GCA040113095.1	11
Placobdellacostata-60953-GCA964276725.1	18
Amynthasaspergillum-320991-GCA049355025.1	43
Metaphirevulgaris-1196096-GCA018105865.1	41
Ailoscolexlacteospumosus-1046305-GCA965183755.1	17
Bimastosrubidus-2866284-GCA964330305.1	17
Bimastoseiseni-320977-GCA959347315.1	17
Lumbricusterrestris-6398-GCA949752735.1	18
Lumbricusrubellus-35632-GCA945859605.1	18
Allolobophoraicterica-332519-GCA963556255.1	16
Ophelianeglecta-195260-GCA965285935.1	8
Arenicolamarina-6344-GCA964019135.1	18
Magelonajohnstoni-1436028-GCA963942565.1	18
Streblospiobenedicti-95538-GCA019095985.1	11
Sclerolinumbrattstromi-167799-GCA964656415.1	14
Paraescarpiaechinospica-2080241-GCA020002185.1	14
Siboglinumfiordicum-27908-GCA965260885.1	10
Escarpiaspicata-53617-GCA963995525.1	14
Osedaxfenrisi-2741452-GCA964019155.1	8
Osedaxfrankpressi-283776-GCA964035775.1	7
Oasisiasp-611778-GCA964017155.1	14
Lamellibrachiabarhami-53613-GCA965112235.1	15
Lamellibrachiacolumna-53616-GCA963662155.1	15
Serpulavermicularis-249369-GCA966197015.1	14
Marifugiacavatica-488418-GCA964291435.1	12
Protulasp-2886755-GCA949752745.1	11
Perkinsianarubra-3269394-GCA965742485.1	13
Sabellaspallanzanii-85702-GCA964340945.1	14
Sabellastartesp-2886754-GCA964017235.1	14
Bispirapolyomma-2930579-GCA965649765.1	14
Flabesymbioscommensalis-996417-GCA964017125.1	17
Terebellalapidaria-1131437-GCA949152475.1	16
Euthalenessaoculata-3264069-GCA965113345.1	12
Sthenelaislimicola-1210413-GCA942159475.1	9
Amphidurospacificus-1209993-GCA949316495.1	13
Haplosyllissp-3275449-GCA965117155.1	8
Phyllodocemedipapillata-868040-GCA964656445.1	19
Alittavirens-880429-GCA932294295.1	14
Glyceratridactyla-104710-GCA965644265.1	19
Glycerafallax-1446102-GCA964657245.1	19
Laetmonicehystrix-2029591-GCA965235115.1	18
Branchipolynoelongqiensis-2487007-GCA030323885.1	18
Lepidonotusclava-1210411-GCA936440205.1	18
Alentiagelatinosa-271774-GCA950022655.1	15
Acholoesquamosa-2922911-GCA949317995.1	18
Harmothoeareolata-3095174-GCA965276055.1	18
Harmothoeimpar-46595-GCA947462335.1	18
Hermodicecarunculata-259844-GCA964020975.1	19
Leodiceharassii-1928866-GCA965649835.1	12
Urechisunicinctus-6432-GCA034190875.2	17
Themistelageniformis-216211-GCA964194385.1	10
Sipunculusnudus-6446-GCA026874595.2	17
Pictodentaliumvernedei-2996714-GCA031216915.1	10
Siphonodentaliumdalli-3019061-GCA032622095.1	9
Chaetodermasp-3077178-GCA034401795.1	17
Tricoliapullus-335759-GCA964273465.1	8
Thermocolloniajamsteci-3038095-GCA049901935.1	11
Bolmarugosa-335776-GCA964656265.1	18
Phorcuslineatus-1620919-GCA921293015.1	18
Phorcusturbinatus-43341-GCA965237135.1	18
Gibbulamagus-703304-GCA936450465.1	18
Steromphalacineraria-216125-GCA916613615.1	18
Haliotistuberculata-36103-GCA965183735.1	14
Bullactacaurina-2510888-GCA048126395.1	18
Bullactacaurina-2510888-GCA051558385.1	18
Marioniablainvillea-154647-GCA965362205.1	17
Berghiastephanieae-1287507-GCA034508935.3	15
Nemesignisbanyulensis-869980-GCA965263765.1	15
Peltodorisatromaculata-120394-GCA965112245.2	12
Felimarepicta-1564611-GCA964659555.1	13
Felimidaluteorosea-1499118-GCA965183745.2	13
Phyllidiaflava-2934182-GCA964266695.1	13
Onchidellaceltica-36933-GCA963931925.1	18
Daudebardiarufa-2742875-GCA965653185.1	28
Albinariateres-69427-GCA964271275.2	31
Metafruticicolanoverca-1980904-GCA965283255.2	26
Monachacantiana-265994-GCA964261925.1	23
Cornuaspersum-6535-GCA964187895.1	27
Cepaeanemoralis-28835-GCA964147875.1	22
Cepaeanemoralis-28835-GCA964166675.1	22
Cepaeahortensis-97200-GCA963921405.1	22
Deroceraslaeve-147581-GCA051403575.1	31
Deroceraslasithionense-3034287-GCA964271515.3	31
Achatinaimmaculata-2605667-GCA009760885.1	31
Meghimatiumbilineatum-318265-GCA034231615.1	25
Arionvulgaris-1028688-GCA020796225.1	26
Thuridillahopei-154630-GCA965242825.1	15
Elysiatimida-154625-GCA043644045.1	15
Elysiacrispata-231223-GCA963854125.1	15
Omphiscolaglabra-161078-GCA964017045.1	18
Anisusvortex-271030-GCA949126835.1	18
Anisusvorticulus-3071549-GCA964264155.1	18
Chrysomallonsquamiferum-216257-GCA012295275.1	15
Rhynchopeltaconcentrica-55023-GCA964300365.1	15
Monoplexcorrugatus-2962468-GCA030674185.1	11
Oncomelaniahupensis-56141-GCA036898135.1	17
Naticariushebraeus-488663-GCA964341215.1	18
Naticariusstercusmuscarum-488664-GCA965120495.2	17
Neveritajosephinia-488666-GCA964340425.3	17
Littorinalittorea-31216-GCA964330335.1	17
Littorinaobtusata-31218-GCA965235085.1	17
Littorinasaxatilis-31220-GCA965250475.1	17
Littorinabrevicula-45748-GCA043748665.1	17
Phymorhynchusbuccinoides-480380-GCA017654935.2	34
Conuscanariensis-2750724-GCA033310375.1	35
Conusventricosus-117992-GCA018398815.2	35
Conustextile-6494-GCA049309315.1	35
Stramonitahaemastoma-134471-GCA030674155.1	35
Bolinusbrandaris-179646-GCA965120365.1	35
Rapanavenosa-55521-GCA028751875.1	35
Sinotaiaquadrata-200191-GCA028829895.1	8
Cipangopaludinachinensis-527796-GCA050437285.1	9
Pomaceamaculata-1245466-GCA050626345.1	14
Pomaceacanaliculata-400727-GCA004794335.1	14
Pomaceacanaliculata-400727-GCA036321745.1	14
Pomaceadiffusa-453592-GCA050626375.1	14
Marisacornuarietis-75126-GCA050626395.1	14
Cochlostomaelegans-928741-GCA965636705.1	13
Alviniconchahessleri-12928-GCA965642515.1	18
Alviniconchastrummeri-1472349-GCA963584105.1	18
Patellaulyssiponensis-334708-GCA963678685.1	8
Patellacaerulea-87958-GCA964341155.2	9
Patelladepressa-87960-GCA948474765.1	9
Patellarustica-87964-GCA965111895.1	9
Patellapellucida-88005-GCA917208275.1	9
Scurriascurra-351200-GCA044232375.1	9
Nipponacmeaschrenckii-225303-GCA030562195.1	5
Ctenoidesales-220900-GCA042257175.1	18
Limariahians-120439-GCA965230825.1	18
Mimachlamysvaria-50417-GCA947623455.1	19
Heteranomiasquamula-2793148-GCA964263325.1	6
Atrinapectinata-49198-GCA045489415.1	17
Pinctadamaxima-104660-GCA050580605.1	14
Pinctadaradiata-112209-GCA964261305.2	14
Pinctadafucata-50426-GCA028142955.1	14
Pinctadafucata-50426-GCA028253585.1	14
Pinctadaimbricata-66713-GCA002216045.1	14
Pteriapenguin-113549-GCA035048485.1	14
Bathymodiolusheckerae-114453-GCA965117275.1	15
Bathymodiolusbrooksi-206348-GCA963680875.1	16
Bathymodiolusseptemdierum-220392-GCA963383655.1	15
Gigantidaschildressi-3051952-GCA965235005.1	16
Mytiliseptavirgata-2547956-GCA028015205.1	14
Arcuatulasenhousia-1954227-GCA963971305.1	15
Limnopernafortunei-356393-GCA944474755.1	15
Pernaviridis-73031-GCA037379345.1	15
Mytilusgalloprovincialis-29158-GCA025277285.1	14
Mytilusgalloprovincialis-29158-GCA037788925.1	14
Mytilusgalloprovincialis-29158-GCA048414535.1	14
Mytiluscoruscus-42192-GCA017311375.1	14
Mytilusedulis-6550-GCA019925275.2	14
Mytilusedulis-6550-GCA025215535.1	14
Mytilusedulis-6550-GCA025276775.1	14
Mytilustrossulus-6551-GCA036588685.2	14
Arcanoae-44597-GCA964261245.2	19
Anadarakagoshimensis-1390362-GCA021292105.1	19
Hyotissahyotis-102321-GCA051557925.1	10
Hyotissahyotis-102321-GCA051557945.1	10
Magallananippona-2602933-GCA033439105.1	10
Magallanahongkongensis-2653900-GCA015776775.1	10
Magallanaangulata-2784310-GCA025765675.3	10
Magallanagigas-29159-GCA011032805.1	10
Magallanagigas-29159-GCA025765685.3	10
Magallanagigas-29159-GCA902806645.1	10
Magallanagigas-29159-GCA964656485.1	1
Magallanaariakensis-3244846-GCA020458035.1	10
Magallanaariakensis-3244846-GCA020567875.1	10
Magallanaariakensis-3244846-GCA040114485.1	10
Ostreaedulis-37623-GCA024362745.1	10
Ostreaedulis-37623-GCA032173915.1	10
Crassostreagigas-1527468-GCA051201775.1	20
Sinohyriopsiscumingii-165450-GCA028554795.2	19
Sinosolenaiaoleivora-3237505-GCA039955035.1	19
Ctenadecussata-881212-GCA963989385.1	18
Ctenaimbricatula-881214-GCA965111775.1	18
Clathrolucinacostata-1899378-GCA965112175.1	18
Anodontiaalba-244458-GCA964016985.1	18
Phacoidespectinatus-244486-GCA965230325.1	18
Rugalucinavietnamica-244489-GCA964017185.1	17
Loripinusfragilis-244460-GCA964019695.1	18
Lucinelladivaricata-406540-GCA964194035.1	17
Indoaustriellascarlatoi-463371-GCA046867355.1	17
Luciniscanassula-881239-GCA963580285.1	18
Stewartiafloridana-881254-GCA964194395.1	17
Conchocelebisecta-1803738-GCA029237695.1	17
Panopeagenerosa-1049056-GCA029582155.1	19
Solengrandis-165599-GCA021229015.1	19
Solengrandis-165599-GCA051362365.1	19
Congeriakusceri-152013-GCA027627225.1	17
Xylophagadorsalis-1526741-GCA965225065.2	18
Americardiamedia-241156-GCA964300355.1	19
Fragumwhitleyi-1699438-GCA948146395.1	18
Fragumsueziense-561460-GCA963680895.1	19
Fragumfragum-80821-GCA946902895.1	19
Laevicardiumcrassum-429181-GCA964662305.1	19
Cerastodermaedule-55710-GCA947846245.1	19
Cerastodermaedule-55710-GCA963989375.1	19
Cerastodermaglaucum-94722-GCA964341395.1	19
Tridacnagigas-80829-GCA945859785.2	17
Tridacnaderasa-80831-GCA963210305.1	18
Tridacnamaxima-80832-GCA045685785.1	18
Tridacnacrocea-80833-GCA032873355.1	18
Tridacnacrocea-80833-GCA943736015.1	18
Hippopushippopus-80818-GCA965239675.1	19
Abrasegmentum-3163778-GCA965244925.1	19
Azorinuschamasolen-2922058-GCA963576725.1	19
Sinonovaculaconstricta-98310-GCA007844125.1	19
Sinonovaculaconstricta-98310-GCA009762815.1	19
Donaxvariegatus-1920007-GCA964468855.2	19
Donaxsemistriatus-3074273-GCA965239255.1	19
Donaxtrunculus-40130-GCA964273945.3	19
Macomangulustenuis-1980407-GCA964059405.1	19
Macomangulustenuis-1980407-GCA964059415.1	19
Garidepressa-1028561-GCA965649845.1	19
Garitellinella-2589376-GCA922989275.2	19
Archivesicamarissinica-2291877-GCA014843695.1	19
Mactraquadrangularis-120570-GCA025267735.1	19
Mactraantiquata-2302425-GCA049640265.1	19
Lutrarialutraria-457845-GCA964023205.1	19
Spisulasolida-31201-GCA947247005.1	19
Spisulasubtruncata-31202-GCA963678985.1	19
Corbiculafluminalis-135721-GCA048771855.1	19
Sphaeriumcorneum-98288-GCA965230695.1	15
Ruditapesphilippinarum-129788-GCA009026015.1	19
Ruditapesphilippinarum-129788-GCA052148955.1	19
Ruditapesphilippinarum-129788-GCA964294305.1	19
Mysiaundata-1920014-GCA964106805.1	19
Anomalocardiaflexuosa-3139943-GCA047831285.1	19
Saxidomuspurpurata-311201-GCA022818135.2	19
Venusverrucosa-55715-GCA964200665.2	19
Meretrixlamarckii-157363-GCA049244375.1	19
Meretrixsp-3410903-GCA049244355.1	19
Meretrixtaiwanica-2718470-GCA049244365.1	19
Meretrixpetechialis-311198-GCA046203225.1	19
Callistachione-78549-GCA964377925.1	19
Thraciaphaseolina-1411927-GCA964274215.1	19
Verpapenis-3161550-GCA048126915.1	19
Nautiluspompilius-34573-GCA047652355.1	26
Stigmatoteuthisarcturi-2053936-GCA964276865.1	46
Thysanoteuthisrhombus-61751-GCA963457665.1	46
Eumandyaparva-2302672-GCA964059275.1	47
Sepiettaobscura-84402-GCA965124075.1	36
Sepiolaaffinis-70192-GCA964339045.1	45
Sepiolaatlantica-70193-GCA963556195.1	41
Euprymnascolopes-6613-GCA024364805.1	48
Acanthosepionlycidas-296134-GCA963932145.1	46
Acanthosepionesculentum-31210-GCA964036315.1	46
Sepiaofficinalis-6610-GCA050097725.1	47
Sepiaofficinalis-6610-GCA964300435.1	49
Doryteuthispealeii-1051067-GCA023376005.1	46
Sepioteuthislessoniana-34570-GCA963585895.1	44
Uroteuthisedulis-55720-GCA965641475.1	46
Amphioctopusfangsiao-515817-GCA051529975.1	30
Eledonecirrhosa-102876-GCA964016885.1	27
Octopusbimaculoides-37653-GCA046866305.1	30
Deshayesiellasirenkoi-3154051-GCA045838535.1	11
Ischnochitonrissoi-256063-GCA965250495.2	12
Callochitonseptemvalvis-256138-GCA047826735.1	13
Chitonolivaceus-256108-GCA964264625.4	13
Lepidochitonacinerea-256056-GCA963971465.1	15
Acanthochitonadiscrepans-3054875-GCA048544545.1	8
Acanthochitonafascicularis-55704-GCA965278365.1	9
Acanthochitonarubrolineata-761904-GCA044231505.1	8
Acanthochitonarubrolineata-761904-GCA045838495.1	8
Lingulaanatina-7574-GCA051362555.1	10
Flaccisagittaenflata-366393-GCA965153355.1	9
Paraspadellagotoi-34758-GCA051294375.1	9
Saccoglossussp-3154068-GCA040954595.2	23
Saccoglossussp-3154068-GCA040954625.2	23
Glandicepstalaboti-1443217-GCA964340395.1	23
Leptometraceltica-1320720-GCA964341645.1	11
Antedonbifida-72669-GCA963402885.1	11
Cenometrabella-707711-GCA051362135.1	12
Plazasterborealis-466999-GCA021014325.1	22
Zoroastersp-2989510-GCA029582265.1	22
Marthasteriasglacialis-7609-GCA911728455.2	22
Pisasterochraceus-7612-GCA010994315.2	22
Pycnopodiahelianthoides-7614-GCA032158295.1	22
Anseropodaplacenta-290518-GCA965124015.1	22
Patiriapectinifera-7594-GCA029964075.1	22
Asterinaphylactica-195879-GCA964213155.1	22
Asterinagibbosa-46515-GCA965641785.1	22
Astropectenirregularis-55651-GCA963971285.1	22
Luidiasarsii-2723838-GCA949987565.1	22
Echinastersepositus-72721-GCA964619385.1	22
Astrospartusmediterraneus-691888-GCA964277075.1	23
Ophiodermalongicauda-72727-GCA965120465.1	25
Ophiocominanigra-55617-GCA965119575.1	25
Ophiurasarsii-861515-GCA035610835.1	19
Ophiurasarsii-2692762-GCA043643665.1	19
Diademasetosum-31175-GCA033980235.1	22
Diademasetosum-31175-GCA964275005.2	22
Echinocardiumcordatum-39298-GCA965644145.1	23
Echinometralucunter-105361-GCA029962745.1	21
Heliocidariscrassispina-1043166-GCA040801975.1	21
Heliocidariscrassispina-1043166-GCA044090015.1	21
Heliocidariserythrogramma-7634-GCA025617745.1	21
Heliocidaristuberculata-7635-GCA025618425.1	21
Mesocentrotusfranciscanus-1328066-GCA037976565.1	21
Gracilechinusacutus-1933096-GCA965197335.1	19
Sphaerechinusgranularis-39374-GCA964657215.1	20
Arbacialixula-7640-GCA963669155.1	22
Holothuriafuscocinerea-1072188-GCA050947865.1	23
Holothuriascabra-269548-GCA037179385.1	23
Holothuriasanctori-491806-GCA964304565.2	23
Holothuriaocellata-566282-GCA050613385.1	23
Isostichopusfuscus-200383-GCA051397855.1	23
Apostichopusjaponicus-307972-GCA048453155.1	23
Stichopuschloronotus-240144-GCA021234535.1	22
Stichopusfusiformiossa-3258494-GCA047655345.1	23
Cercodemasanceps-2785214-GCA051549935.1	23
Thaliademocratica-34761-GCA965202585.1	9
Didemnumvexillum-516032-GCA965643705.1	19
Diplosomalisterianum-168635-GCA965643625.1	15
Diplosomavirens-322858-GCA963680785.1	18
Trididemnumminiatum-1128088-GCA964006365.1	22
Trididemnumclinides-641091-GCA963675345.1	23
Trididemnumnubilum-644239-GCA963965965.1	22
Clavelinalepadiformis-159417-GCA947623445.1	9
Aplidiumturbinatum-2771288-GCA918807975.1	18
Pycnoclavellaproducta-439819-GCA966112915.1	11
Ascidiellascabra-1298853-GCA966096145.1	9
Ascidiellaaspersa-201961-GCA963924565.1	9
Ascidiamentula-38561-GCA947561715.1	9
Phallusiafumigata-395376-GCA964656945.1	8
Phallusiamammillata-59560-GCA965637545.1	8
Corellaeumyota-431183-GCA963082875.1	7
Polycarpamamillaris-2170621-GCA965278745.1	15
Polycarpamamillaris-2170621-GCA965278815.1	15
Botryllusschlosseri-30301-GCA051294905.1	16
Botryllusschlosseri-30301-GCA051294915.1	16
Asterocarpahumilis-1273101-GCA965654205.1	16
Styelaclava-7725-GCA964204865.1	15
Styelaplicata-7726-GCA963675895.2	16
Halocynthiapapillosa-201963-GCA965234635.1	8
Branchiostomafloridae-2700039-GCA013266295.2	18
Branchiostomafloridae-2700039-GCA015852565.1	19
Branchiostomafloridae-2700040-GCA019207045.1	19
Branchiostomafloridae-2700040-GCA019207075.1	20
Branchiostomafloridae-2700040-GCA022788385.1	20
Branchiostomalanceolatum-7740-GCA964187965.1	19
Myxineglutinosa-7769-GCA964187855.1	14
Eptatretusatami-50612-GCA035128595.1	17
Eptatretusokinoseanus-7767-GCA041222605.1	17
Lampetrafluviatilis-7748-GCA964198595.1	82
Entosphenustridentatus-245074-GCA014621495.2	82
Acipenserruthenus-7906-GCA902713435.2	60
Atractosteusspatula-7917-GCA043380575.1	28
Amiacalva-7924-GCA017591415.1	23
Ilyophissp-2919650-GCA022702415.1	14
Ilyophissp-2920201-GCA022702515.1	13
Ilyophissp-2920202-GCA022702525.1	14
Gymnothoraxreevesii-473459-GCA029721435.1	21
Anguillabicolor-61126-GCA039654925.2	19
Anguillajaponica-7937-GCA025169545.1	19
Anguillajaponica-7937-GCA037790555.1	19
Anguillajaponica-7937-GCA050084885.1	19
Congermyriaster-7943-GCA047653785.1	19
Osteoglossumbicirrhosum-109271-GCA047301455.1	28
Osteoglossumbicirrhosum-109271-GCA047301515.1	28
Scleropagesformosus-113540-GCA023634345.2	25
Scleropagesformosus-113540-GCA023634425.1	25
Heterotisniloticus-91721-GCA018136845.1	20
Gymnoscopelusmicrolampas-1090481-GCA963454915.1	24
Gymnoscopelusbraueri-948025-GCA963280865.1	24
Benthosemapterotum-1069390-GCA039105355.1	24
Nannobrachiumachirus-473322-GCA963921795.1	24
Electronaantarctica-206093-GCA951216825.1	24
Protomyctophumparallelum-1091426-GCA964188405.1	23
Protomyctophumparallelum-1091426-GCA964188415.1	23
Protomyctophumbolini-443714-GCA963924005.1	24
Lamprisincognitus-2546036-GCA022059245.1	22
Monocentrisjaponica-181435-GCA051201485.1	27
Centroberyxgerrardi-166262-GCA048128805.1	24
Centroberyxgerrardi-166262-GCA048129085.1	24
Poromitracrassiceps-88708-GCA964638095.1	30
Poromitracrassiceps-88708-GCA964638665.1	31
Bassozetussp-3239379-GCA048564805.1	24
Opsanusbeta-95145-GCA040802735.1	23
Siphamiatubifer-1536898-GCA020466265.1	23
Apogonimberbis-357811-GCA964211915.2	18
Bostrychussinensis-86224-GCA020698575.1	23
Oxyeleotrismarmorata-86250-GCA040285405.1	23
Perccottusglenii-284583-GCA024416835.2	22
Rhinogobiussimilis-1263952-GCA019453435.1	22
Rhinogobiusduospilus-293146-GCA051624305.1	22
Mugilogobiuschulae-88201-GCA016735935.1	22
Mugilogobiuschulae-88201-GCA040112775.1	22
Pomatoschistusminutus-13225-GCA965276375.1	23
Gobiusniger-85417-GCA951799975.1	24
Gobiuspaganellus-85418-GCA965278345.1	24
Thorogobiusephippiatus-1365585-GCA965366085.1	24
Knipowitschiapanizzae-85422-GCA049640105.1	23
Odontamblyopuslacepedii-714202-GCA032888595.1	23
Odontamblyopuslacepedii-714202-GCA034769755.1	23
Odontamblyopusrebecca-714203-GCA030686955.1	23
Taenioidessp-3041818-GCA029959045.1	23
Proterorhinussemilunaris-322563-GCA021464625.1	23
Rhyacichthysaspro-86220-GCA036850595.2	23
Syngnathusacus-161584-GCA948146105.1	22
Syngnathusrostellatus-161589-GCA965643225.1	22
Syngnathustyphle-161592-GCA048301445.1	22
Syngnathustyphle-161592-GCA048301605.1	22
Festucalexcinctus-1073243-GCA051991245.1	21
Doryrhamphusexcisus-161450-GCA037039965.1	23
Phyllopteryxtaeniolatus-161469-GCA019802525.1	23
Phyllopteryxtaeniolatus-161469-GCA019802545.1	23
Stigmatoporaargus-161581-GCA051989625.1	24
Stigmatoporanigra-161582-GCA051989575.1	23
Vanacampusmargaritifer-642989-GCA051991255.1	20
Hippocampusabdominalis-109274-GCA018466805.1	21
Hippocampushippocampus-109283-GCA965263715.1	22
Hippocampustrimaculatus-109291-GCA043880055.1	18
Hippocampuszosterae-109293-GCA026261805.1	22
Hippocampusbargibanti-240838-GCA051943395.1	22
Aulostomusmaculatus-150449-GCA048301465.1	24
Aulostomusmaculatus-150449-GCA048301475.1	24
Fistulariacommersonii-215343-GCA046529025.1	36
Parupeneusbiaculeatus-2862834-GCA042823925.3	22
Mullusbarbatus-37007-GCA049638725.1	22
Mullussurmuletus-87757-GCA965276695.1	22
Neosynchiropusocellatus-390378-GCA044231645.1	20
Neosynchiropusocellatus-390378-GCA044231665.1	20
Synchiropuspicturatus-586865-GCA044231675.1	20
Synchiropuspicturatus-586865-GCA044231685.1	20
Arripisgeorgiana-3352246-GCA042242115.1	24
Arripisgeorgiana-3352246-GCA042242135.1	24
Trichiurusjaponicus-235211-GCA046254865.1	24
Trichiurusjaponicus-235211-GCA050140585.1	24
Lepturacanthussavala-435161-GCA030544235.1	24
Scomberomorusguttatus-99343-GCA038419695.1	24
Katsuwonuspelamis-8226-GCA041053085.1	24
Euthynnusaffinis-8227-GCA029490765.1	24
Thunnusalbacares-8236-GCA914725855.2	24
Thunnusthynnus-8237-GCA043381625.1	24
Thunnusthynnus-8237-GCA043381665.1	24
Pampusargenteus-206143-GCA036321115.1	24
Pampusargenteus-206143-GCA036937825.1	24
Pampusargenteus-206143-GCA036937835.1	24
Macropodusopercularis-158451-GCA030770545.1	24
Bettasplendens-158456-GCA013403625.1	21
Bettasplendens-158456-GCA024678985.1	21
Anabastestudineus-64144-GCA900324465.3	23
Channamaculata-188791-GCA020496755.1	21
Channamaculata-188791-GCA051622835.1	21
Channaasiatica-188929-GCA040939885.1	23
Channaasiatica-188929-GCA041146785.1	23
Channaargus-215402-GCA018997905.1	24
Channaargus-215402-GCA027943205.2	24
Channaargus-215402-GCA041222515.1	24
Channastriata-64152-GCA034621705.1	24
Mastacembelusarmatus-205130-GCA019455525.1	24
Mastacembelusarmatus-205130-GCA019455535.1	24
Mastacembelusarmatus-205130-GCA900324485.3	24
Sphyraenanovaehollandiae-1680617-GCA050436865.1	24
Sphyraenanovaehollandiae-1680617-GCA050436885.1	24
Toxoteschatareus-270537-GCA016801885.1	24
Eleutheronematetradactylum-210139-GCA046255195.1	26
Polydactylussextarius-435218-GCA016801845.1	26
Istiophorusplatypterus-13575-GCA016859345.1	24
Echeneisnaucrates-173247-GCA031770045.1	24
Echeneisnaucrates-173247-GCA900963305.2	24
Remorinaalbescens-641296-GCA034769265.1	23
Rachycentroncanadum-141264-GCA038496645.1	24
Rachycentroncanadum-141264-GCA038496675.1	24
Trachinotusovatus-173339-GCA022709315.2	24
Trachinotusovatus-173339-GCA036281595.1	24
Trachinotusovatus-173339-GCA037074605.1	24
Trachurustrachurus-36212-GCA905171665.2	24
Trachurusjaponicus-83875-GCA045865225.1	24
Decapterusmaruadsi-58220-GCA030347415.2	23
Decapterusmaruadsi-58220-GCA038996465.1	23
Seriolaaureovittata-2871759-GCA023856345.1	24
Serioladumerili-41447-GCA041682515.1	24
Paralichthysolivaceus-8255-GCA001904815.2	24
Paralichthysolivaceus-8255-GCA036983055.1	24
Paralichthysolivaceus-8255-GCA041430065.1	24
Paralichthysolivaceus-8255-GCA041430075.1	24
Paralichthysolivaceus-8255-GCA041430085.1	24
Paralichthysolivaceus-8255-GCA041430095.1	24
Microchirusvariegatus-90074-GCA963457635.1	23
Lepidorhombuswhiffiagonis-154550-GCA965246675.1	25
Zeugopterusregius-2821464-GCA965642325.1	14
Scophthalmusmaximus-52904-GCA963854745.1	22
Arnoglossuslaterna-208529-GCA965260895.1	22
Reinhardtiushippoglossoides-111784-GCA006182925.3	24
Hippoglossoidesplatessoides-34817-GCA051362235.1	24
Veraspervariegatus-82366-GCA012393435.1	23
Veraspervariegatus-82366-GCA013332515.1	23
Veraspervariegatus-82366-GCA026259375.1	24
Platichthysstellatus-195632-GCA016801935.1	24
Platichthysstellatus-195632-GCA047651785.1	24
Pseudopleuronectesamericanus-8265-GCA038501795.1	24
Microstomuskitt-106175-GCA964266715.1	24
Parambassisranga-210632-GCA900634625.2	22
Dascyllustrimaculatus-50790-GCA024666655.1	24
Amphiprionpercula-161767-GCA003047355.2	24
Amphiprionclarkii-80970-GCA027123335.1	24
Etroplussuratensis-238232-GCA041004005.1	24
Amphilophuscitrinellus-61819-GCA013435755.1	21
Parachromismanaguensis-172535-GCA040437545.1	24
Symphysodonaequifasciata-74133-GCA047652445.1	30
Peteniasplendida-96998-GCA040437555.1	24
Pelmatolapiamariae-158779-GCA036321365.1	20
Oreochromisaureus-47969-GCA016625535.1	22
Oreochromisaureus-47969-GCA043643405.1	22
Oreochromisniloticus-8128-GCA013350305.1	22
Oreochromisniloticus-8128-GCA043643375.1	22
Tropheussp-1818577-GCA050613475.1	22
Maylandiazebra-106582-GCA041146795.1	22
Maylandiazebra-106582-GCA047715935.1	23
Diplotaxodonlimnothrissa-163623-GCA965183775.1	22
Diplotaxodonlimnothrissa-163623-GCA965183825.1	22
Aulonocarastuartgranti-286572-GCA965226115.1	22
Rhamphochromissp-454631-GCA963969265.1	22
Rhamphochromissp-454631-GCA964273455.2	22
Labeotropheustrewavasae-120210-GCA047663975.1	23
Tropheopssp-286600-GCA964274065.2	22
Astatotilapialatifasciata-1410459-GCA051989935.1	22
Astatotilapiacalliptera-8154-GCA900246225.5	22
Astatotilapiacalliptera-8154-GCA964374335.1	22
Perissodusmicrolepis-32509-GCA051167405.1	22
Perissodusmicrolepis-32509-GCA051167445.1	22
Neolamprologusmultifasciatus-420107-GCA963576455.2	22
Chromidotilapiaguntheri-762751-GCA040805835.1	24
Chromidotilapiaguntheri-762751-GCA040805855.1	24
Kryptolebiashermaphroditus-1747188-GCA007896545.1	24
Anablepsanableps-195821-GCA014839685.1	24
Valenciahispanica-195855-GCA963556495.2	24
Cyprinodonnevadensis-69241-GCA030533455.1	24
Cyprinodondiabolis-69136-GCA030533445.1	24
Gambusiaholbrooki-37273-GCA965282415.1	24
Micropoeciliabifurca-69812-GCA052054765.1	23
Poeciliaformosa-48698-GCA013036085.2	24
Poeciliaformosa-48698-GCA013036135.2	24
Poeciliapicta-69234-GCA033032245.1	23
Poeciliareticulata-8081-GCA046042705.1	23
Poeciliareticulata-8081-GCA046042745.1	23
Poeciliareticulata-8081-GCA904066995.1	23
Xiphophorusbirchmanni-32469-GCA036418095.1	24
Xiphophoruscortezi-32472-GCA041380905.1	25
Xiphophorusmalinche-32476-GCA041429825.1	24
Hyporhamphusintermedius-1607840-GCA050306515.1	20
Hyporhamphussajori-293917-GCA050306495.1	20
Hyporhamphussajori-293917-GCA050306535.1	20
Cololabissaira-129043-GCA040207305.1	24
Cololabissaira-129043-GCA040207315.1	24
Xenentodoncancila-129108-GCA014839995.1	24
Oryziascurvinotus-104658-GCA023969325.1	24
Oryziassinensis-183150-GCA037389245.1	23
Oryziaslatipes-8090-GCA002234695.1	24
Oryziaslatipes-8090-GCA002234715.1	24
Oryziaslatipes-8090-GCA004347445.1	24
Oryziaslatipes-8090-GCA004348095.1	24
Oryziaslatipes-8090-GCA004348135.1	24
Telmatherinabonti-446457-GCA933228915.1	24
Neostethusbicornis-300306-GCA902685375.1	24
Melanotaeniaduboulayi-120843-GCA026261665.1	24
Menidiamenidia-238744-GCA048544195.1	24
Menidiamenidia-238744-GCA048628825.1	24
Menidiamenidia-238744-GCA965154125.1	24
Atherinapresbyter-303921-GCA965295175.1	24
Chelonlabrosus-48171-GCA963514085.1	24
Lepadogasterpurpurea-164309-GCA965274325.2	23
Lepadogastercandolii-2740763-GCA965278445.2	23
Apletodondentatus-206117-GCA965542115.1	23
Gouaniawilldenowi-441366-GCA900634775.2	23
Coryphoblenniusgalerita-152538-GCA965229965.1	24
Salariapavo-152553-GCA043647535.1	25
Lipophryspholis-56720-GCA963383615.1	23
Parablenniusgattorugine-171871-GCA965278395.1	24
Blenniusocellaris-195075-GCA963422515.1	24
Cristicepsaustralis-879810-GCA049082045.1	23
Cristicepsaustralis-879810-GCA049082185.1	24
Tripterygiontripteronotum-152555-GCA049638825.1	22
Tripterygiondelaisi-57862-GCA965643125.1	22
Pennahiapawak-1334976-GCA042310395.1	24
Argyrosomusregius-172269-GCA946959425.1	24
Argyrosomusjaponicus-448029-GCA040802145.1	24
Larimichthyscrocea-215358-GCA004352675.2	24
Larimichthyscrocea-215358-GCA040182605.1	24
Larimichthyscrocea-215358-GCA040182675.1	24
Larimichthyscrocea-215358-GCA040182835.1	24
Larimichthyscrocea-215358-GCA044706065.1	24
Larimichthyscrocea-215358-GCA900246015.1	24
Larimichthyspolyactis-334908-GCA040670005.1	24
Nibeaalbiflora-240163-GCA902410095.1	24
Nibeacoibor-396775-GCA023373845.1	24
Miichthysmiiuy-240162-GCA036365135.1	24
Protonibeadiacanthus-335060-GCA028641955.1	24
Sciaenopsocellatus-76340-GCA014183145.1	24
Sciaenopsocellatus-76340-GCA033000465.1	24
Siganusvirgatus-225759-GCA051362085.1	24
Siganuscanaliculatus-75042-GCA041146955.1	24
Siganuscanaliculatus-75042-GCA048569235.1	24
Gymnammodytessemisquamatus-1306753-GCA965653945.1	23
Hyperoplusimmaculatus-1484357-GCA949357725.1	24
Hyperopluslanceolatus-508657-GCA026929865.2	24
Ammodytesdubius-1266862-GCA026122265.1	24
Ammodytesmarinus-146480-GCA949987685.1	25
Symphodusocellatus-130472-GCA965170635.1	25
Symphodusmelops-171736-GCA947650265.1	23
Symphodustinca-202600-GCA965165685.1	25
Ctenolabrusrupestris-171735-GCA965358205.2	24
Cheilinuschlorourus-290105-GCA050084645.1	21
Labroidesdimidiatus-241309-GCA030710495.1	24
Scarusrivulatus-247627-GCA051912175.1	24
Halichoerespoeyi-316389-GCA965645315.1	24
Choerodonschoenleinii-241275-GCA047301625.1	24
Lethrinusnebulosus-182658-GCA045362485.1	24
Lethrinusnebulosus-182658-GCA045362495.1	24
Rhabdosargussarba-182642-GCA047275855.1	24
Diploduspuntazzo-48915-GCA963678695.2	24
Lagodonrhomboides-50351-GCA039737535.1	24
Pagelluserythrinus-50593-GCA965643245.1	24
Spondyliosomacantharus-50595-GCA965243705.1	23
Pagruspagrus-8173-GCA965226575.1	24
Sparusaurata-8175-GCA003309015.1	24
Sparusaurata-8175-GCA900880675.2	24
Acanthopagruslatus-8177-GCA013436515.1	24
Acanthopagruslatus-8177-GCA020080195.1	24
Sinipercachuatsi-119488-GCA011952085.1	24
Sinipercachuatsi-119488-GCA027580155.1	24
Sinipercaknerii-214812-GCA011952075.1	24
Sinipercascherzeri-228252-GCA011952095.1	24
Sinipercascherzeri-228252-GCA027580175.1	24
Sinipercaobscura-358390-GCA049996615.1	24
Sinipercaroulei-358392-GCA047228765.1	24
Coreopercawhiteheadi-228250-GCA011952105.1	24
Enoplosusarmatus-215367-GCA043640875.1	24
Micropterussalmoides-27706-GCA019677235.1	23
Micropterussalmoides-27706-GCA022435785.1	23
Micropterussalmoides-27706-GCA036785525.1	23
Cheilodactyluszonatus-82899-GCA050575295.2	24
Chelmonrostratus-109905-GCA037975115.1	24
Karalladaura-334402-GCA029224185.1	24
Caprosaper-206100-GCA965364685.1	19
Pristipomoidestypus-264210-GCA045363885.1	24
Pristipomoidestypus-264210-GCA045363895.1	24
Lutjanuserythropterus-211835-GCA020091685.1	24
Lutjanusfulviflamma-260525-GCA051362095.1	24
Lutjanusgriseus-40503-GCA050947775.1	24
Rhomboplitesaurorubens-40507-GCA041380415.1	24
Caesioteres-1311420-GCA048129025.1	23
Caesioteres-1311420-GCA048129055.1	23
Symphorusnematophorus-396798-GCA048128715.1	24
Symphorusnematophorus-396798-GCA048128725.1	24
Lateolabraxmaculatus-315492-GCA004023545.1	24
Lateolabraxmaculatus-315492-GCA004028665.1	24
Lateolabraxmaculatus-315492-GCA031216445.1	24
Pempherisklunzingeri-3127111-GCA042242125.1	24
Ostracioncubicum-229058-GCA051312715.1	25
Thamnaconusseptentrionalis-435163-GCA009823395.1	20
Paopalembangensis-1820603-GCA015343265.1	18
Takifugurubripes-31033-GCA901000725.3	22
Lophiusamericanus-8073-GCA037951165.2	24
Chaunaxsp-3119788-GCA037577475.1	24
Antennariusmaculatus-882753-GCA013358685.1	24
Plectropomusleopardus-160734-GCA011397275.1	24
Plectropomusleopardus-160734-GCA026936395.1	24
Cromileptesaltivelis-304459-GCA013133815.1	24
Cromileptesaltivelis-304459-GCA019925165.1	24
Epinephelusawoara-152218-GCA035609425.1	24
Epinepheluspolyphekadion-241181-GCA041411175.1	24
Epinepheluspolyphekadion-241181-GCA046464035.1	24
Epinephelusfuscoguttatus-2528762-GCA047716675.1	24
Epinephelusrankini-2930458-GCA048129065.1	24
Epinephelusrankini-2930458-GCA048129235.1	24
Epinepheluscyanopodus-308565-GCA026686955.1	24
Epinepheluslanceolatus-310571-GCA017165655.1	24
Epinepheluslanceolatus-310571-GCA041903045.1	24
Epinepheluslanceolatus-310571-GCA050947925.1	24
Epinephelusbruneus-323802-GCA041684075.1	24
Epinephelustukula-327770-GCA021130775.1	24
Serranuscabrilla-94953-GCA965643205.1	24
Chelidonichthyslucerna-2576622-GCA965644535.1	24
Chelidonichthysspinosus-450224-GCA029853015.1	24
Eutriglagurnardus-426098-GCA963514095.1	24
Platycephalussp-2827218-GCA047305485.1	24
Anthiasanthias-327821-GCA964269795.2	24
Spinachiaspinachia-206126-GCA048126635.1	20
Spinachiaspinachia-206126-GCA048127205.1	20
Apeltesquadracus-240154-GCA021346845.1	23
Apeltesquadracus-240154-GCA048569185.1	24
Gasterosteusnipponicus-1778380-GCA014132575.2	20
Gasterosteusaculeatus-69293-GCA017751045.1	1
Gasterosteusaculeatus-69293-GCA046562415.1	21
Gasterosteusaculeatus-69293-GCA964276395.1	22
Liparistanakae-230148-GCA036178185.1	24
Liparistanakae-230148-GCA050084785.1	24
Pseudoliparissp-3239380-GCA048564765.1	24
Pseudoliparissp-3349391-GCA048544885.1	24
Taurulusbubalis-61643-GCA910589615.1	21
Cottusgobio-100952-GCA023566465.1	24
Cyclopteruslumpus-8103-GCA963457625.1	25
Hexagrammosotakii-72450-GCA043790635.1	24
Anisarchusmedius-980385-GCA046127435.1	23
Pholisgunnellus-56726-GCA910591455.2	24
Pachycaraangeloi-2823901-GCA048544875.1	24
Lycodespallidus-215420-GCA049309625.1	24
Melanostigmagelatinosum-1091424-GCA949748355.1	24
Sebastesschlegelii-214486-GCA014673565.1	24
Synanceiaverrucosa-51996-GCA029721515.1	24
Echiichthysvipera-94984-GCA963691815.1	25
Gymnocephaluscernua-57865-GCA023631565.1	24
Percaschrenkii-210850-GCA025617405.1	24
Sanderlucioperca-283035-GCA023718385.1	24
Sandervitreus-283036-GCA031162955.1	24
Zingelzingel-210855-GCA023566125.1	24
Etheostomanigrum-54337-GCA029931835.1	24
Etheostomaperlongum-655342-GCA026937815.1	24
Nototheniarossii-101497-GCA949606895.1	12
Zeusfaber-64108-GCA960531495.1	22
Coryphaenoidesrudis-1887086-GCA048487635.1	26
Gadusmorhua-8049-GCA010882105.1	23
Gadusmacrocephalus-80720-GCA031193875.1	23
Pollachiuspollachius-185739-GCA949987615.1	20
Micromesistiuspoutassou-81636-GCA964030765.1	25
Merlucciusmerluccius-8063-GCA964660975.1	21
Polymixiacf.-3239838-GCA048537225.1	23
Polymixiacf.-3239838-GCA048537235.1	24
Bathypteroissp-3349394-GCA048564785.1	24
Bathysaurusmollis-1126214-GCA048564825.1	24
Bathysaurusmollis-1126214-GCA965279225.1	24
Notolepiscoatsorum-948063-GCA963971535.1	20
Salangichthysmicrodon-137522-GCA051107095.1	28
Neosalanxbrevirostris-1028178-GCA044705665.1	28
Neosalanxtaihuensis-240825-GCA030340665.1	28
Neosalanxjordani-240826-GCA051107145.1	28
Neosalanxanderssoni-350769-GCA051107185.1	28
Neosalanxargentea-350770-GCA051107165.1	28
Protosalanxchinensis-240822-GCA030340685.1	28
Protosalanxhyalocranius-418454-GCA044905845.1	28
Salanxariakensis-221867-GCA051107105.1	28
Salanxcuvieri-306639-GCA044705685.1	28
Salanxchinensis-350768-GCA051107215.1	28
Hemisalanxbrachyrostralis-240824-GCA045786985.1	28
Neosalangichthysishikawae-2905919-GCA051110555.1	28
Spirinchusthaleichthys-260508-GCA052324805.1	24
Thaleichthyspacificus-240832-GCA023658055.1	28
Hypomesustranspacificus-137520-GCA021870715.1	26
Borostomiasantarcticus-473354-GCA949987555.1	37
Argentinasilus-446415-GCA951799395.1	24
Nanseniaantarctica-443705-GCA963989245.1	20
Aplochitontaeniatus-946358-GCA017639675.1	20
Coregonusussuriensis-340692-GCA031479575.1	40
Coregonusartedi-36181-GCA039881085.1	38
Coregonuslavaretus-59291-GCA964263955.1	40
Brachymystaxlenok-1115630-GCA030435695.1	40
Brachymystaxlenok-1115630-GCA031305455.1	41
Oncorhynchusclarkii-3342787-GCA049308825.1	30
Oncorhynchusclarkii-3342787-GCA049308835.1	33
Oncorhynchustshawytscha-74940-GCA002831465.1	34
Oncorhynchusgorbuscha-8017-GCA017355495.1	26
Oncorhynchusmykiss-8022-GCA025558465.1	29
Oncorhynchusmykiss-8022-GCA029834435.1	32
Oncorhynchusmykiss-857570-GCA034753235.1	30
Salmosalar-8030-GCA021399835.1	27
Salmosalar-8030-GCA923944775.2	28
Salmosalar-8030-GCA931346935.2	29
Salmosalar-8030-GCA965601325.1	29
Salmotrutta-8032-GCA043791845.1	40
Salmotrutta-8032-GCA901001165.2	40
Huchobleekeri-633558-GCA046056365.1	44
Thymallusgrubii-201378-GCA051833735.1	46
Thymallusthymallus-36185-GCA004348285.1	51
Thymallusthymallus-36185-GCA023634145.1	47
Esoxreichertii-256424-GCA051943175.1	25
Denticepsclupeoides-299321-GCA900700375.2	20
Ilishaelongata-365054-GCA043882065.1	24
Coiliamystus-286537-GCA048544215.1	23
Coiliamystus-286537-GCA048544225.1	24
Coiliamystus-286537-GCA050626335.1	24
Coilianasus-365059-GCA007927625.1	24
Coilianasus-365059-GCA027475355.1	24
Setipinnatenuifilis-762045-GCA030347295.1	24
Engraulisjaponicus-42892-GCA040112795.1	24
Alosasapidissima-34773-GCA019202745.1	24
Sprattussprattus-196075-GCA963457725.1	21
Clupeaharengus-7950-GCA040183275.2	26
Gyrinocheilusaymonieri-154816-GCA051167395.1	24
Beaufortiakweichowensis-241442-GCA019155185.1	25
Leptobotiaelongata-143403-GCA039881065.1	25
Leptobotiaelongata-143403-GCA039881075.1	25
Barbatulabarbatula-135647-GCA037178815.1	25
Barbatulabarbatula-135647-GCA947034865.1	25
Oreonectesdaqikongensis-1886673-GCA052426585.1	25
Oreonectesplatycephalus-341095-GCA045838175.1	24
Oreonectesplatycephalus-341095-GCA045838225.1	24
Triplophysascleroptera-1636871-GCA049739055.1	25
Triplophysabombifrons-1652672-GCA029783895.1	25
Triplophysayarkandensis-1677794-GCA033220385.1	25
Triplophysalixianensis-1783475-GCA041430785.1	25
Triplophysapappenheimi-1792974-GCA051294615.1	25
Misgurnusanguillicaudatus-75329-GCA041755345.1	25
Misgurnusanguillicaudatus-75329-GCA041755355.1	25
Misgurnusanguillicaudatus-75329-GCA041755365.1	25
Misgurnusanguillicaudatus-75329-GCA041755415.1	25
Misgurnusanguillicaudatus-75329-GCA048165095.1	25
Lepturichthysfimbriata-241444-GCA051168995.1	25
Daniokyathit-242068-GCA903798195.1	25
Daniorerio-7955-GCA008692375.1	25
Daniorerio-7955-GCA018400075.1	25
Daniorerio-7955-GCA020184715.1	25
Daniorerio-7955-GCA903684855.2	25
Daniorerio-7955-GCA903684865.1	25
Daniorerio-7955-GCA903798165.1	25
Daniorerio-7955-GCA903798175.1	25
Daniorerio-7955-GCA903798185.1	25
Daniorerio-7955-GCA944039275.1	25
Gobiogobio-27704-GCA021464655.1	25
Gobiogobio-27704-GCA949357685.1	25
Romanogobioalbipinnatus-260767-GCA023566225.1	25
Gobiocyprisrarus-143606-GCA018491645.1	25
Gobiocyprisrarus-143606-GCA023029165.1	26
Rhinogobioventralis-171530-GCA039654625.1	25
Rhinogobionasutus-2590489-GCA048301585.1	25
Paracanthobramaguichenoti-291819-GCA018749465.1	25
Pseudorasboraelongata-328526-GCA046055825.1	25
Pseudorasboraparva-51549-GCA050926195.1	25
Hemibarbusmaculatus-291814-GCA052109935.1	25
Hemibarbuslabeo-328524-GCA051403015.1	25
Coreiusguichenoti-328532-GCA039654105.1	25
Chrosomuseos-42663-GCA036326025.1	25
Ptychocheiluslucius-232998-GCA041765585.1	25
Vimbavimba-155067-GCA022828995.1	25
Squaliuscephalus-8284-GCA022829025.1	25
Squaliuscephalus-8284-GCA949319135.1	25
Abramisbrama-38527-GCA022829085.1	25
Abramisbrama-38527-GCA963993115.1	25
Rutilusrutilus-48668-GCA951802725.1	25
Scardiniuserythrophthalmus-58319-GCA024453875.1	25
Scardiniuserythrophthalmus-58319-GCA964197995.1	25
Leucaspiusdelineatus-58323-GCA023718395.1	25
Leuciscusleuciscus-58325-GCA965113295.1	25
Leuciscusleuciscus-58325-GCA965113325.1	25
Leuciscusidus-69811-GCA021554675.1	25
Phoxinusphoxinus-58324-GCA949152265.1	25
Medafulgida-67549-GCA030578275.1	25
Tiarogacobitis-86932-GCA030578255.1	25
Pseudaspiusleptocephalus-263870-GCA046865715.1	25
Rhynchocyprislagowskii-219677-GCA049462935.1	25
Rhynchocyprislagowskii-219677-GCA050574305.1	25
Rhynchocyprislagowskii-219677-GCA050575185.1	25
Paedocyprismicromegethes-1093616-GCA028031935.1	15
Opsariichthysbidens-141458-GCA037194245.1	39
Opsariichthysbidens-141458-GCA037194315.1	38
Opsariichthysbidens-141458-GCA037194365.1	37
Opsariichthysbidens-141458-GCA051403865.1	38
Zaccoplatypus-80810-GCA034642465.1	24
Zaccoplatypus-80810-GCA038088235.1	24
Ochetobiuselongatus-143615-GCA041950425.1	24
Ochetobiuselongatus-143615-GCA047495795.1	24
Sinibramawui-2202366-GCA040182825.1	24
Elopichthysbambusa-238031-GCA037101425.1	24
Distoechodonmacrophthalmus-3128908-GCA046865685.1	24
Xenocyprisdavidi-291826-GCA048182625.1	24
Xenocyprisargentea-70546-GCA046562865.1	24
Mylopharyngodonpiceus-75356-GCA039654765.1	24
Mylopharyngodonpiceus-75356-GCA049864055.1	24
Parabramispekinensis-75358-GCA041684115.1	24
Squaliobarbuscurriculus-75372-GCA040359625.1	24
Squaliobarbuscurriculus-75372-GCA046118805.1	24
Hypophthalmichthysmolitrix-13095-GCA022817975.1	24
Hypophthalmichthysmolitrix-13095-GCA037950675.1	24
Hypophthalmichthysmolitrix-13095-GCA041475455.1	24
Hypophthalmichthysmolitrix-13095-GCA046563665.1	24
Hypophthalmichthysnobilis-7965-GCA019925145.1	24
Hypophthalmichthysnobilis-7965-GCA037950665.1	24
Plagiognathopsmicrolepis-70548-GCA040144785.1	24
Plagiognathopsmicrolepis-70548-GCA040256225.1	24
tetraploidCarassius-1200843-GCA042767175.1	100
allooctoploidhybrid-2876849-GCA024542945.1	100
Onychostomamacrolepis-369639-GCA049307565.1	25
Acrossocheiluswenchowensis-1279364-GCA029620275.1	25
Acrossocheilusfasciatus-356809-GCA036784905.1	25
Acrossocheilusfasciatus-356809-GCA039880705.1	25
Aspiorhynchuslaticeps-748366-GCA023376895.1	25
Schizothoraxcurvilabiatus-2036785-GCA049863035.1	25
Schizothoraxmacropogon-263547-GCA041051915.1	25
Schizothoraxlantsangensis-343527-GCA027422415.1	25
Barbusbarbus-40830-GCA023566175.1	50
Barbusbarbus-40830-GCA936440315.1	50
Procyprisrabaudi-367866-GCA049638765.1	50
Sinocyclocheilusanshuiensis-1608454-GCA045785235.1	48
Sinocyclocheilusmaitianheensis-307951-GCA045785285.1	48
Sinocyclocheilusrhinocerous-307959-GCA051527275.1	48
Sinocyclocheilusjii-307964-GCA049830015.1	50
Carassiusgibelio-101364-GCA019843895.2	50
Carassiusgibelio-101364-GCA023724075.1	50
Carassiusgibelio-101364-GCA023724085.1	50
Carassiusgibelio-101364-GCA043790415.1	50
Carassiuscarassius-217509-GCA047456465.1	50
genomereconstructedamphitriploid-3394893-GCA051308675.1	150
Carassiuscuvieri-52617-GCA049309305.1	50
Carassiusauratus-7957-GCA014332655.1	50
Carassiusauratus-7957-GCA019720715.2	50
Cyprinuscarpio-7962-GCA027406505.1	50
Cyprinuscarpio-3421562-GCA051167465.1	50
Ptychidiojordani-369663-GCA041296075.1	25
Hypsibarbusvernayi-357531-GCA041146585.1	25
Schizopygopsisyounghusbandi-263521-GCA040939985.1	23
Schizopygopsispylzovi-263523-GCA027422435.1	23
Schizopygopsismalacanthus-361645-GCA027474115.1	23
Ptychobarbuskaznakovi-263525-GCA027422405.1	22
Diptychusmaculatus-263537-GCA041504395.2	49
Gymnocypriseckloni-334712-GCA027564155.1	25
Barbodessemifasciolatus-319323-GCA049639465.1	25
Barbodessemifasciolatus-319323-GCA049639485.1	25
Spinibarbuscaldwelli-221414-GCA039654775.1	50
Semaprochilodusinsignis-642563-GCA034552555.1	27
Acestrorhynchusaltus-639287-GCA034509495.1	25
Hepsetusodoe-42563-GCA017165825.1	29
Astyanaxmexicanus-7994-GCA023375835.1	25
Astyanaxmexicanus-7994-GCA023375845.1	25
Piaractusmesopotamicus-42528-GCA040208305.1	27
Apareiodonsp-3092293-GCA040893165.1	28
Megaleporinusmacrocephalus-327003-GCA021613375.1	27
Pterygoplichthyspardalis-103477-GCA050231285.1	26
Silurusaristotelis-933932-GCA946808225.1	29
Chimarrichthyskishinouyei-2202370-GCA048932625.1	27
Plotosuslineatus-243562-GCA024760905.1	24
Cranoglanisbouderius-175798-GCA023630585.1	38
Cranoglanisbouderius-175798-GCA026119655.1	38
Channallabesapus-103215-GCA030522415.1	28
Clariasgariepinus-13013-GCA024256435.1	28
Clariasgariepinus-13013-GCA024256465.1	28
Clariasgariepinus-13013-GCA048129225.1	28
Clariasfuscus-33541-GCA030347435.1	28
Clariasfuscus-33541-GCA046453815.1	28
Clariasmacrocephalus-35657-GCA048129245.1	27
Clariasmacrocephalus-35657-GCA048544425.1	27
Clariasmacrocephalus-35657-GCA048544435.1	27
Clariasdussumieri-685904-GCA041682065.1	28
Tachysurusfulvidraco-1234273-GCA023638525.1	26
Tachysurusussuriensis-1828414-GCA040256215.1	26
Leiocassislongirostris-175787-GCA041146805.1	26
Ictaluruspunctatus-7998-GCA004006655.3	30
Pangasianodonhypophthalmus-310915-GCA016801045.1	30
Pangasianodonhypophthalmus-310915-GCA051225775.1	30
Pangasiusmacronema-337723-GCA037577455.1	29
Pangasiusconchophilus-337735-GCA037577785.1	29
Pangasiusbocourti-365578-GCA037577625.1	29
Pangasiuslarnaudii-365580-GCA037576815.1	29
Pangasiussanitwongsei-365581-GCA037576675.1	29
Pangasiussanitwongsei-365581-GCA051225755.1	30
Pangasiuskrempfi-796020-GCA037576825.1	29
Electrophoruselectricus-8005-GCA036250545.1	26
Electrophoruselectricus-8005-GCA041902795.1	26
Brachyhypopomusgauderio-698409-GCA052324685.1	21
Thylacinuscynocephalus-9275-GCA007646695.3	7
Dasyurusviverrinus-9279-GCA020854095.1	7
Dasyurusviverrinus-9279-GCA028643805.1	7
Dasyurusviverrinus-9279-GCA051122235.1	7
Dasyurusviverrinus-9279-GCA051122245.1	7
Dasyurusmaculatus-9281-GCA048593245.1	6
Dasyurusmaculatus-9281-GCA048593285.1	6
Sminthopsiscrassicaudata-9301-GCA048593295.1	7
Sarcophilusharrisii-9305-GCA048593225.1	7
Sarcophilusharrisii-9305-GCA048593325.1	6
Pseudochiropscupreus-37702-GCA028627135.1	5
Pseudochiropscorinnae-65629-GCA028646515.1	8
Pseudocheirusoccidentalis-656515-GCA028646575.1	10
Potorousgilbertii-173936-GCA028658325.1	7
Notamacropuseugenii-9315-GCA048593335.1	8
Notamacropuseugenii-9315-GCA048593345.1	8
Lagorchesteshirsutus-65632-GCA028533205.1	10
Macropusfuliginosus-9316-GCA028583105.1	8
Macropusgiganteus-9317-GCA028627215.1	8
Phalangergymnotis-65615-GCA028646595.1	7
Vombatusursinus-29139-GCA028626985.1	7
Cryptoproctaferox-94188-GCA028646485.1	21
Pagumalarvata-9675-GCA030068075.1	22
Pumaconcolor-9696-GCA028749965.4	18
Pumaconcolor-9696-GCA028749985.4	20
Prionailurusviverrinus-61388-GCA028551425.1	19
Otocolobusmanul-61408-GCA028564725.2	19
Felischaus-61376-GCA019924945.1	20
Felisnigripes-61379-GCA028533295.1	19
Felisnigripes-61379-GCA032458615.1	19
Feliscatus-9685-GCA000003115.1	19
Feliscatus-9685-GCA000181335.6	19
Feliscatus-9685-GCA013340865.2	19
Feliscatus-9685-GCA016509815.2	19
Neofelisnebulosa-61452-GCA030324275.1	19
Pantherauncia-29064-GCA028646445.1	19
Pantherauncia-29064-GCA048603155.1	19
Pantherauncia-29064-GCA051942995.1	19
Pantheraleo-9689-GCA008795835.1	19
Pantheraleo-9689-GCA046254995.1	19
Pantheraleo-9689-GCA046255005.1	19
Pantheraonca-9690-GCA046562875.2	20
Pantheraonca-9690-GCA046562885.2	18
Pantheraonca-9690-GCA965177595.1	19
Pantheratigris-9694-GCA024034525.1	19
Pantheratigris-74535-GCA021130815.1	19
Pantheratigris-74535-GCA021131075.1	19
Mungosmungo-210652-GCA028533875.1	18
Arctocephalustownsendi-161921-GCA028646355.1	18
Pusasibirica-9719-GCA028975605.1	16
Halichoerusgrypus-9711-GCA964656455.1	16
Potosflavus-29067-GCA028534135.1	19
Nasuanarica-352831-GCA028533885.1	19
Procyonlotor-9654-GCA028646535.1	19
Melesmeles-9662-GCA922984935.2	23
Neogalevison-452646-GCA964106205.1	15
Neogalevison-452646-GCA964106545.1	15
Mustelastrigidorsa-244218-GCA048197275.1	23
Mustelanivalis-36239-GCA048197165.1	21
Mustelanivalis-36239-GCA964662115.1	22
Mustelaerminea-36723-GCA965636855.1	21
Mustelaerminea-36723-GCA965636865.1	23
Mustelalutreola-9666-GCA964264385.1	20
Martesmartes-29065-GCA040938825.1	19
Martesmartes-29065-GCA963455335.1	20
Marteszibellina-36722-GCA040938815.1	19
Martesflavigula-74864-GCA029410595.1	21
Martesflavigula-74864-GCA040938845.1	20
Martesfoina-9659-GCA040938555.1	19
Martesfoina-9659-GCA964304585.1	20
Urocyoncinereoargenteus-55040-GCA032313775.1	1
Chrysocyonbrachyurus-68728-GCA028533335.1	38
Canislupus-9612-GCA034620435.1	39
Canislupus-9612-GCA905319855.2	40
Canislupus-286419-GCA012295265.2	39
Canislupus-9615-GCA004886185.2	40
Canislupus-9615-GCA008641055.3	1
Canislupus-9615-GCA012044875.1	39
Canislupus-9615-GCA012045015.1	39
Canislupus-9615-GCA013276365.2	39
Canislupus-9615-GCA031010295.1	40
Canislupus-9615-GCA031010635.1	40
Canislupus-9615-GCA031010765.1	39
Canislupus-9615-GCA031165255.1	39
Canislupus-9615-GCA043643935.1	39
Canislupus-9615-GCA044048985.1	39
Canislupus-9615-GCA964162815.1	1
Canislupus-9615-GCA964164975.1	1
Canislatrans-9614-GCA034620425.1	39
Lycaonpictus-9622-GCA001883655.1	39
Lycaonpictus-9622-GCA001887905.1	40
Lycaonpictus-9622-GCA040955645.1	39
Lycaonpictus-9622-GCA040955705.1	39
Vulpesferrilata-561074-GCA024500485.1	18
Vulpesvulpes-9627-GCA964106825.2	17
Vulpesvulpes-9627-GCA964106925.2	17
Vulpesvulpes-1398410-GCA050926205.1	17
Vulpescorsac-9629-GCA030463245.1	18
Helarctosmalayanus-9634-GCA028533245.1	37
Tremarctosornatus-9638-GCA028551375.1	26
Ursusamericanus-9643-GCA024610735.2	38
Ailuropodamelanoleuca-9646-GCA029963865.1	21
Hexaprotodonliberiensis-56798-GCA023065765.1	18
Hippopotamusamphibius-9833-GCA023065835.1	18
Iniageoffrensis-9725-GCA036417435.1	23
Iniageoffrensis-9725-GCA036417475.1	21
Leucopleurusacutus-3371109-GCA964270905.1	23
Stenobredanensis-46167-GCA028646385.1	22
Grampusgriseus-83653-GCA028646425.1	22
Grampusgriseus-83653-GCA964374135.1	23
Delphinusdelphis-9728-GCA030062865.2	23
Stenellacoeruleoalba-9737-GCA951394435.1	23
Neophocaenasunameri-3370372-GCA026225855.1	23
Monodonmonoceros-40151-GCA029941395.3	8
Delphinapterusleucas-9749-GCA029941415.3	5
Delphinapterusleucas-9749-GCA029941435.3	5
Delphinapterusleucas-9749-GCA029941455.3	5
Hyperoodonampullatus-48744-GCA949752795.1	21
Mesoplodonbidens-48745-GCA964148845.1	20
Mesoplodonbidens-48745-GCA964165515.1	22
Mesoplodonmirus-52113-GCA964341445.1	21
Balaenopteraborealis-9768-GCA965194805.1	22
Balaenopteraphysalus-9770-GCA965194825.1	23
Megapteranovaeangliae-9773-GCA041834305.1	23
Babyrousacelebensis-1303000-GCA028533215.1	19
Susscrofa-9823-GCA002844635.1	20
Susscrofa-9823-GCA007644095.1	20
Susscrofa-9823-GCA015776825.1	20
Susscrofa-9823-GCA023065335.1	1
Susscrofa-9823-GCA023065355.1	1
Susscrofa-9823-GCA024718415.1	19
Susscrofa-9823-GCA030704935.1	20
Susscrofa-9823-GCA031225015.1	20
Susscrofa-9823-GCA031306245.1	20
Susscrofa-9823-GCA037447515.1	20
Susscrofa-9823-GCA039654815.1	19
Susscrofa-9823-GCA040869115.1	20
Susscrofa-9823-GCA041937265.1	20
Susscrofa-9823-GCA044906105.1	19
Susscrofa-9823-GCA044906185.1	20
Susscrofa-9823-GCA046128825.1	19
Susscrofa-9823-GCA049999145.1	20
Susscrofa-9823-GCA050231125.1	20
Susscrofa-9823-GCA900119615.2	2
Susscrofa-9823-GCA963921485.1	20
Susscrofa-415978-GCA006511355.2	20
Susscrofa-415978-GCA041729645.1	20
Susscrofa-9825-GCA017957985.1	19
Susscrofa-9825-GCA020567905.1	19
Camelusdromedarius-9838-GCA036785785.1	38
Lamaglama-9844-GCA028534125.1	37
Moschusberezovskii-68408-GCA049115385.1	30
Hydropotesinermis-9883-GCA020226075.1	35
Muntiacuscrinifrons-71854-GCA020226055.1	5
Muntiacuscrinifrons-71854-GCA020276665.1	4
Muntiacusreevesi-9886-GCA020226045.1	23
Muntiacusvaginalis-9887-GCA039877825.1	3
Cervusalbirostris-1088058-GCA046563475.2	34
Cervusnippon-9863-GCA034195675.1	33
Cervusnippon-9863-GCA038088365.1	34
Cervusnippon-9863-GCA040085125.1	34
Cervusnippon-501781-GCA052324755.1	34
Damadama-30532-GCA033118175.2	35
Damadama-30532-GCA048126745.1	34
Damadama-30532-GCA048127045.1	34
Rangifertarandus-86327-GCA019903745.2	35
Odocoileushemionus-9872-GCA020976825.1	35
Okapiajohnstoni-86973-GCA024291935.2	23
Giraffatippelskirchi-439328-GCA013496395.1	14
Giraffacamelopardalis-2740528-GCA017591445.1	15
Bostaurus-297284-GCA018282365.1	30
Bostaurus-297284-GCA018282465.1	30
Bostaurus-297284-GCA030254855.1	30
Bosgaurus-1705790-GCA946052875.1	30
Bosfrontalis-30520-GCA043643345.1	29
Bosgrunniens-30521-GCA005887515.3	31
Bosgrunniens-30521-GCA027580245.1	30
Bosgrunniens-30521-GCA050059765.1	30
Bosindicus-30522-GCA003369685.2	30
Bosgrunniens-331036-GCA009493645.1	30
Bosgrunniens-331036-GCA009493655.1	30
Bosmutus-72004-GCA002968435.1	30
Bosgaurus-9904-GCA014182915.2	28
Bostaurus-9913-GCA021234555.1	31
Bostaurus-9913-GCA021347905.1	31
Bostaurus-9913-GCA028973685.2	31
Bostaurus-9913-GCA030378505.1	1
Bostaurus-9913-GCA034097375.1	31
Bostaurus-9913-GCA039881175.1	30
Bostaurus-9913-GCA040285425.1	30
Bostaurus-9913-GCA040286185.1	30
Bostaurus-9913-GCA043882115.1	31
Bostaurus-9913-GCA047652215.1	31
Bostaurus-9913-GCA051106085.1	30
Bostaurus-9913-GCA051122635.1	30
Bostaurus-9913-GCA905123515.1	31
Bostaurus-9913-GCA905123885.1	29
Bostaurus-9913-GCA947034695.1	30
Bostaurus-9913-GCA963921495.1	31
Bosindicus-9915-GCA002933975.1	30
Bosindicus-9915-GCA026262375.1	30
Bosindicus-9915-GCA026262465.1	30
Bosindicus-9915-GCA026262515.1	30
Bosindicus-9915-GCA026262545.1	30
Bosindicus-9915-GCA029378735.1	30
Bosindicus-9915-GCA030267345.1	30
Bosindicus-9915-GCA030267355.1	30
Bosindicus-9915-GCA030267375.1	30
Bosindicus-9915-GCA030269505.1	30
Bosindicus-9915-GCA030269815.1	30
Bosindicus-9915-GCA030270685.1	30
Bosindicus-9915-GCA030270705.1	30
Bosindicus-9915-GCA030270715.1	30
Bosindicus-9915-GCA030270725.1	30
Bosindicus-9915-GCA030270805.1	30
Bosindicus-9915-GCA030270825.1	30
Bosindicus-9915-GCA030270845.1	30
Bosindicus-9915-GCA030270855.1	30
Bosindicus-9915-GCA030270865.1	30
Bosindicus-9915-GCA030270935.1	30
Bosindicus-9915-GCA030270945.1	30
Bosindicus-9915-GCA030270955.1	30
Bosindicus-9915-GCA030270995.1	30
Bosindicus-9915-GCA030271795.1	30
Bosindicus-9915-GCA030271805.1	30
Bosindicus-9915-GCA030272135.1	30
Bosindicus-9915-GCA030272235.1	30
Bosindicus-9915-GCA030272475.1	30
Bosindicus-9915-GCA030272495.1	30
Bosindicus-9915-GCA030272505.1	30
Bosindicus-9915-GCA039881165.1	30
Bubaluskerabau-3119969-GCA051307275.1	24
Tragelaphuseurycerus-2878564-GCA040438115.1	17
Pantholopshodgsonii-59538-GCA040182635.1	31
Addaxnasomaculatus-59515-GCA044231825.1	29
Rupicaprarupicapra-34869-GCA963981305.1	30
Capraaegagrus-9923-GCA000978405.1	31
Caprahircus-9925-GCA000317765.2	30
Caprahircus-9925-GCA004361675.1	29
Caprahircus-9925-GCA015443085.1	31
Caprahircus-9925-GCA040822015.1	31
Caprahircus-9925-GCA040970035.1	30
Caprahircus-9925-GCA041053135.1	30
Caprahircus-9925-GCA042835985.1	30
Caprahircus-9925-GCA044509215.1	30
Caprahircus-9925-GCA044587905.1	30
Caprahircus-9925-GCA044587935.1	30
Caprahircus-9925-GCA044587945.1	30
Caprahircus-9925-GCA044588015.1	30
Caprahircus-9925-GCA046464075.1	30
Caprahircus-9925-GCA047671635.1	30
Caprahircus-9925-GCA047671655.1	30
Caprahircus-9925-GCA048593975.1	30
Caprahircus-9925-GCA048594055.1	30
Caprahircus-9925-GCA048594065.1	30
Caprahircus-9925-GCA048594125.1	30
Caprahircus-9925-GCA048594135.1	30
Caprahircus-9925-GCA048594165.1	30
Caprahircus-9925-GCA048598025.1	30
Caprahircus-9925-GCA048598055.1	30
Caprahircus-9925-GCA048598065.1	30
Caprahircus-9925-GCA048598825.1	30
Caprahircus-9925-GCA049004405.1	30
Caprahircus-9925-GCA049004455.1	30
Caprahircus-9925-GCA049004495.1	30
Caprahircus-9925-GCA049004535.1	30
Caprahircus-9925-GCA049004595.1	30
Caprahircus-9925-GCA049004675.1	30
Ovisammon-30527-GCA045269445.1	28
Oviscanadensis-112262-GCA001039535.1	27
Ovisorientalis-469796-GCA014523465.1	27
Ovisaries-9940-GCA000005525.1	27
Ovisaries-9940-GCA011170295.1	28
Ovisaries-9940-GCA018804185.1	27
Ovisaries-9940-GCA019145175.1	27
Ovisaries-9940-GCA022244695.1	26
Ovisaries-9940-GCA022244705.1	27
Ovisaries-9940-GCA022416685.1	27
Ovisaries-9940-GCA022416695.1	27
Ovisaries-9940-GCA022416725.1	27
Ovisaries-9940-GCA022416745.1	27
Ovisaries-9940-GCA022416755.1	27
Ovisaries-9940-GCA022416775.1	27
Ovisaries-9940-GCA022416785.1	27
Ovisaries-9940-GCA022416915.1	27
Ovisaries-9940-GCA022432825.1	27
Ovisaries-9940-GCA022432835.1	27
Ovisaries-9940-GCA022432845.1	27
Ovisaries-9940-GCA022538005.1	27
Ovisaries-9940-GCA024222175.1	27
Ovisaries-9940-GCA024222265.1	27
Ovisaries-9940-GCA030512445.1	1
Ovisaries-9940-GCA033439445.1	27
Ovisaries-9940-GCA040259355.1	27
Ovisaries-9940-GCA040543055.1	27
Ovisaries-9940-GCA050916685.1	27
Scaptochirusmoschatus-446353-GCA042919465.1	24
Talpaeuropaea-9375-GCA964194135.1	17
Crociduragueldenstaedtii-458323-GCA965212715.2	20
Aselliscusstoliczkanus-188568-GCA033961575.1	16
Rhinolophusrex-188572-GCA041825415.1	32
Rhinolophusaffinis-59477-GCA040057535.1	32
Rhinolophushipposideros-77218-GCA964194185.1	29
Rhinolophushipposideros-77218-GCA964194215.2	29
Cynopterussphinx-9400-GCA030015415.1	17
Rousettusmadagascariensis-77223-GCA028533395.1	18
Eidolondupreanum-58063-GCA028627145.1	17
Pteropusrufus-196297-GCA028533765.1	19
Rhynchonycterisnaso-249017-GCA037038545.1	12
Rhynchonycterisnaso-249017-GCA037038555.1	10
Taphozousmelanopogon-187003-GCA044509165.1	21
Carolliasowelli-208969-GCA051307085.1	10
Carolliasowelli-208969-GCA051307135.1	10
Platyrrhinushelleri-27658-GCA051107505.1	16
Platyrrhinushelleri-27658-GCA051107545.1	14
Dermanuraphaeotis-40229-GCA051107565.1	16
Dermanuraphaeotis-40229-GCA051107595.1	14
Artibeuslituratus-27634-GCA038363095.4	17
Artibeuslituratus-27634-GCA038363175.3	14
Artibeusintermedius-51014-GCA038363145.1	17
Artibeusintermedius-51014-GCA038363225.1	14
Glossophagamutica-2994998-GCA039655065.1	16
Glossophagamutica-2994998-GCA039656995.1	16
Micronycterismicrotis-249008-GCA051107205.1	21
Micronycterismicrotis-249008-GCA051107335.1	19
Trachopscirrhosus-148073-GCA028533065.1	15
Gardnerycteriskeenani-2358194-GCA050655435.1	17
Gardnerycteriskeenani-2358194-GCA050655445.1	15
Lophostomaevote-3370176-GCA051307065.1	16
Lophostomaevote-3370176-GCA051307075.1	18
Pipistrellusabramus-105295-GCA044885105.1	14
Pipistrelluspygmaeus-246814-GCA949987585.2	23
Pipistrellushanaki-412090-GCA964339955.1	23
Pipistrellusnathusii-59473-GCA964656225.2	22
Pipistrelluspipistrellus-59474-GCA903992545.1	22
Pipistrelluspipistrellus-59474-GCA965203405.2	22
Plecotusauritus-61862-GCA963455305.1	16
Cnephaeusnilssonii-3371016-GCA951640355.1	26
Nyctalusaviator-187010-GCA036971965.2	21
Nyctalusleisleri-59465-GCA964264875.2	23
Vespertiliomurinus-59485-GCA963924515.2	20
Myotismystacinus-109479-GCA964094495.2	23
Myotismystacinus-109479-GCA964195625.1	21
Myotisemarginatus-109480-GCA965115925.2	22
Myotisemarginatus-109480-GCA965115945.2	22
Myotisnattereri-109481-GCA964212035.2	23
Myotislucifugus-164660-GCA048340685.1	22
Myotisdaubentonii-98922-GCA963242275.2	21
Myotisdaubentonii-98922-GCA963259705.2	23
Molossusalvarezi-1552295-GCA037157525.1	24
Molossusalvarezi-1552295-GCA037176705.1	24
Molossusnigricans-2997257-GCA039880925.1	23
Molossusnigricans-2997257-GCA039880945.1	25
Miniopterusschreibersii-9433-GCA964146895.2	24
Equuscaballus-9796-GCA048565035.1	33
Equuscaballus-9796-GCA964023255.1	32
Equuscaballus-9796-GCA964023265.1	32
Equusprzewalskii-9798-GCA037783155.1	33
Tapirusterrestris-9801-GCA028533255.1	40
Dicerosbicornis-9805-GCA028533375.1	42
Ceratotheriumsimum-310713-GCA021442165.1	41
Ceratotheriumsimum-73337-GCA023653735.1	42
Rhinocerosunicornis-9809-GCA028646465.1	41
Manispentadactyla-143292-GCA040802205.1	21
Lepusoiostolus-112018-GCA036325905.1	24
Lepustolai-283924-GCA051942805.1	25
Lepustimidus-62621-GCA009760805.1	22
Lepustimidus-62621-GCA040893755.1	23
Lepuscapensis-9981-GCA042027585.1	25
Oryctolaguscuniculus-9986-GCA047671645.1	22
Oryctolaguscuniculus-9986-GCA051225735.1	23
Oryctolaguscuniculus-568996-GCA013371645.1	22
Sylvilagusbachmani-365149-GCA015711505.1	24
Sylvilagusfloridanus-9988-GCA949820135.1	24
Dipussagitta-73863-GCA036346955.1	24
Pachyuromysduprasi-298894-GCA028658305.1	27
Acomyscahirinus-10068-GCA029890205.1	19
Acomysdimidiatus-60744-GCA907164435.1	19
Acomyspercivali-83527-GCA907169655.1	19
Acomysminous-83528-GCA964271855.1	20
Acomyskempi-83762-GCA907164505.1	19
Musmusculus-10090-GCA001624185.1	20
Musmusculus-10090-GCA001624215.1	20
Musmusculus-10090-GCA001624295.1	20
Musmusculus-10090-GCA001624475.1	20
Musmusculus-10090-GCA001624505.1	20
Musmusculus-10090-GCA001624535.1	20
Musmusculus-10090-GCA001624675.1	20
Musmusculus-10090-GCA001624745.1	20
Musmusculus-10090-GCA001632525.1	20
Musmusculus-10090-GCA001632555.1	20
Musmusculus-10090-GCA001632575.1	20
Musmusculus-10090-GCA001632615.1	20
Musmusculus-10090-GCA030265425.1	21
Musmusculus-10090-GCA031761455.1	12
Musmusculus-10090-GCA031763685.1	12
Musmusculus-10090-GCA043792745.1	20
Musmusculus-10090-GCA043793115.1	20
Musmusculus-10090-GCA043972725.1	20
Musmusculus-10090-GCA921997125.2	20
Musmusculus-10090-GCA921997145.2	20
Musmusculus-10090-GCA921998315.2	20
Musmusculus-10090-GCA921998325.2	20
Musmusculus-10090-GCA921998355.2	20
Musmusculus-10090-GCA921998555.2	20
Musmusculus-10090-GCA921998635.2	20
Musmusculus-10090-GCA921998905.2	20
Musmusculus-10090-GCA921999865.2	20
Musmusculus-10090-GCA922000895.2	20
Musmusculus-10090-GCA947593165.1	20
Musmusculus-10090-GCA947599735.1	20
Musmusculus-10090-GCA949316315.1	20
Musmusculus-10090-GCA964188535.1	19
Musmusculus-10091-GCA001624445.1	20
Musmusculus-10091-GCA921999005.2	20
Musmusculus-10091-GCA964188545.1	20
Musmusculus-10092-GCA001624835.1	20
Musmusculus-10092-GCA921998345.2	20
Musmusculus-39442-GCA001624775.1	20
Musmusculus-39442-GCA048544855.1	1
Musmusculus-39442-GCA921998335.2	20
Musmusculus-57486-GCA921999095.2	20
Musspretus-10096-GCA001624865.1	20
Musspretus-10096-GCA921997135.2	20
Rattusnorvegicus-10116-GCA023515785.2	22
Rattusnorvegicus-10116-GCA023515805.2	22
Rattusnorvegicus-10116-GCA041222355.1	22
Rattusnorvegicus-10116-GCA045687965.1	22
Rattusnorvegicus-10116-GCA045687995.1	22
Rattusnorvegicus-10116-GCA045688005.1	22
Rattusrattus-10117-GCA011800105.1	18
Apodemusagrarius-39030-GCA964023405.1	25
Micromysminutus-13151-GCA963924665.1	34
Uromyscaudimaculatus-36800-GCA028551405.1	23
Myospalaxpsilurus-146129-GCA049190895.1	32
Myospalaxaspalax-213498-GCA049190835.1	31
Eospalaxfontanierii-146134-GCA035773235.1	31
Cricetuscricetus-10034-GCA964304595.1	12
Phodopussungorus-10044-GCA023856395.1	13
Peromyscusmaniculatus-3080742-GCA049852335.1	24
Peromyscusmaniculatus-3406445-GCA049852355.1	24
Peromyscusmaniculatus-754487-GCA049852375.1	23
Peromyscuseremicus-42410-GCA949786435.1	24
Peromyscuspolionotus-369710-GCA003704135.2	24
Onychomysleucogaster-38668-GCA949786385.1	24
Onychomysleucogaster-38668-GCA949786395.1	23
Onychomystorridus-38674-GCA949787125.1	24
Onychomysarenicola-38679-GCA949786405.1	24
Onychomysarenicola-38679-GCA949786425.1	24
Clethrionomysrutilus-537920-GCA040207285.2	28
Neodonfuscus-771787-GCA047571435.1	27
Sigmodonhispidus-42415-GCA047301775.1	26
Hydrochoerushydrochaeris-10149-GCA015741225.1	33
Heterocephalusglaber-10181-GCA944319715.1	30
Heterocephalusglaber-10181-GCA944319725.1	30
Heterocephalusglaber-10181-GCA963923965.1	30
Heterocephalusglaber-10181-GCA963923975.1	30
Heterocephalusglaber-10181-GCA964261345.1	30
Heterocephalusglaber-10181-GCA964261355.1	30
Coendouprehensilis-187985-GCA028534165.1	37
Muscardinusavellanarius-39082-GCA963383645.1	24
Eliomysquercinus-53277-GCA051143595.1	24
Eliomysquercinus-53277-GCA051143605.1	25
Xerusrutilus-226860-GCA028644305.1	19
Otospermophilusbeecheyi-34862-GCA051821045.1	19
Tamiassibiricus-64680-GCA025594165.1	19
Tamiassibiricus-64680-GCA047496905.1	19
Spermophiluscitellus-9997-GCA964194105.1	20
Pteromysvolans-55152-GCA051107445.1	19
Sciuruscarolinensis-30640-GCA028643795.1	20
Sciurusvulgaris-55149-GCA902686455.2	21
Tupaiachinensis-246437-GCA033439345.1	31
Microcebusmurinus-30608-GCA040939475.2	33
Eulemurmongoz-34828-GCA028534055.1	30
Eulemurrufifrons-859984-GCA043251655.1	28
Vareciavariegata-9455-GCA028533085.1	22
Nycticebusbengalensis-261741-GCA023898255.1	25
Pitheciapithecia-43777-GCA028551515.1	24
Leontopithecusrosalia-30588-GCA028533165.1	23
Callithrixpenicillata-57378-GCA046862485.1	23
Callithrixjacchus-9483-GCA011078405.1	23
Callithrixjacchus-9483-GCA011100535.2	23
Callithrixjacchus-9483-GCA013138085.1	1
Callithrixjacchus-9483-GCA049354655.1	22
Callithrixjacchus-9483-GCA049354665.1	23
Callithrixjacchus-9483-GCA049354675.1	23
Callithrixjacchus-9483-GCA049354715.1	24
Saguinusmidas-30586-GCA021498475.1	23
Miopithecustalapoin-36231-GCA028551445.1	27
Chlorocebussabaeus-60711-GCA047676025.1	30
Cercopithecusmitis-36225-GCA028627265.1	36
Macacacyclopis-78449-GCA026956025.1	21
Macacafascicularis-9541-GCA000222185.1	21
Macacafascicularis-9541-GCA011100615.1	21
Macacafascicularis-9541-GCA048601705.1	1
Macacamulatta-9544-GCA001270425.1	1
Macacamulatta-9544-GCA008058575.1	22
Macacamulatta-9544-GCA036172295.1	22
Papiopapio-100937-GCA028645565.1	21
Papioanubis-9555-GCA008728515.2	21
Theropithecusgelada-9565-GCA028533075.1	21
Nasalislarvatus-43780-GCA000772465.1	21
Colobusguereza-33548-GCA021498455.1	22
Colobusguereza-33548-GCA030247045.1	24
Nomascusleucogenys-61853-GCA040113105.1	26
Nomascusleucogenys-61853-GCA040113115.1	27
Symphalangussyndactylus-9590-GCA028642525.1	25
Symphalangussyndactylus-9590-GCA028878085.3	24
Hoolockleuconedys-593543-GCA047372625.1	19
Hylobatespileatus-9589-GCA021498465.1	22
Gorillagorilla-9595-GCA028885475.2	24
Gorillagorilla-9595-GCA028885495.2	24
Gorillagorilla-9595-GCA900006655.3	24
Panpaniscus-9597-GCA013052645.3	24
Panpaniscus-9597-GCA028858825.2	24
Panpaniscus-9597-GCA028858845.2	24
Pantroglodytes-9598-GCA028858805.2	23
Pantroglodytes-37012-GCA000002175.2	1
Pongopygmaeus-9600-GCA028885525.2	23
Pongopygmaeus-9600-GCA900086635.1	1
Pongoabelii-9601-GCA000001545.3	24
Pongoabelii-9601-GCA028885685.2	23
Dugongdugon-29137-GCA040182945.1	25
Trichechusinunguis-9777-GCA046562895.1	29
Trichechusinunguis-9777-GCA046562985.1	27
Elephasmaximus-9783-GCA032718585.1	28
Elephasmaximus-9783-GCA032718755.1	28
Elephasmaximus-9783-GCA033060105.1	29
Loxodontaafricana-9785-GCA032717405.1	28
Loxodontaafricana-9785-GCA032717415.1	28
Loxodontaafricana-9785-GCA033060095.1	29
Ornithorhynchusanatinus-9258-GCA000002275.2	19
Tachyglossusaculeatus-9261-GCA015598185.1	5
Podocnemisexpansa-44507-GCA045364785.1	14
Podocnemisexpansa-44507-GCA045364815.1	14
Myuchelysgeorgesi-1041117-GCA040894355.2	25
Pelochelyscantorii-171793-GCA032595735.1	33
Pelodiscussinensis-13735-GCA048772765.1	34
Pelodiscussinensis-13735-GCA052110805.1	33
Rafetusswinhoei-904230-GCA019425775.1	26
Apalonespinifera-55534-GCA030068395.2	34
Staurotypustriporcatus-55537-GCA044707075.1	22
Eretmochelysimbricata-27787-GCA030012505.1	28
Mauremysmutica-74926-GCA032357905.1	27
Chrysemyspicta-391339-GCA037418315.2	17
Graptemysgeographica-8481-GCA037349215.2	25
Malaclemysterrapin-1087311-GCA037113585.1	25
Aldabrachelysgigantea-167804-GCA026122505.1	26
Testudograeca-86975-GCA040782865.1	24
Crocodylussiamensis-68455-GCA052110815.1	15
Dromaiusnovaehollandiae-8790-GCA016128335.2	39
Eudromiaelegans-8805-GCA047922975.1	38
Eudromiaelegans-8805-GCA047922985.1	40
Marecastrepera-75861-GCA965278785.1	39
Clangulahyemalis-197941-GCA963989345.1	41
Bucephalaclangula-107022-GCA964059595.1	40
Somateriamollissima-76058-GCA030142145.1	41
Somateriamollissima-76058-GCA951411735.1	34
Somateriamollissima-76058-GCA951416345.1	32
Heteronettaatricapilla-555264-GCA011075105.1	34
Anasplatyrhynchos-8839-GCA002224895.2	41
Anasplatyrhynchos-8839-GCA008746955.3	41
Anasplatyrhynchos-8839-GCA030704485.1	30
Anasplatyrhynchos-8839-GCA037218355.1	40
Anasplatyrhynchos-8839-GCA039998725.1	33
Anasplatyrhynchos-8839-GCA040361065.1	32
Anasplatyrhynchos-8839-GCA040361135.1	36
Anasplatyrhynchos-8839-GCA047301635.1	31
Anasplatyrhynchos-8839-GCA048756695.1	40
Anasplatyrhynchos-8839-GCA900411745.1	32
Anasplatyrhynchos-8839-GCA964188345.1	41
Anasplatyrhynchos-8840-GCA002743455.1	29
Cairinamoschata-8855-GCA009194515.1	29
Cairinamoschata-8855-GCA018104995.1	30
Cairinamoschata-8855-GCA048319975.1	39
Stictonettanaevosa-45637-GCA011074415.1	34
Alopochenaegyptiaca-30382-GCA965278175.1	41
Aythyabaeri-1177618-GCA026413565.1	35
Aythyamarila-189534-GCA029042245.1	35
Aythyamarila-189534-GCA965140915.1	40
Aythyaferina-219593-GCA042478095.1	35
Aythyaferina-219593-GCA964211825.1	41
Nettarufina-30387-GCA964035555.1	42
Anserbrachyrhynchus-132585-GCA964034855.1	41
Ansererythropus-132586-GCA965277985.1	41
Anserfabalis-132587-GCA965250395.1	38
Anseranser-8843-GCA964211785.1	39
Anseranser-8843-GCA964211835.1	41
Ansercygnoides-8845-GCA025388735.1	40
Ansercygnoides-8845-GCA026259575.1	39
Ansercygnoides-8845-GCA030515125.1	31
Anserindicus-8846-GCA025583725.1	33
Brantaleucopsis-184711-GCA965642265.1	41
Brantacanadensis-8853-GCA965231335.1	40
Cygnuscolumbianus-110926-GCA965151615.1	41
Cygnuscygnus-219595-GCA965278775.1	37
Nettapusauritus-658922-GCA011076525.1	34
Alectorisgraeca-40178-GCA965278835.1	40
Alectorismagna-40179-GCA030625065.1	31
Alectorischukar-9078-GCA035666275.1	34
Coturnixcoturnix-9091-GCA051820755.1	31
Meleagrisgallopavo-9103-GCA943294205.1	36
Meleagrisgallopavo-9103-GCA943295565.1	36
Tetraourogallus-100830-GCA951394365.1	39
Gallusgallus-9031-GCA002798355.1	30
Gallusgallus-9031-GCA024206055.2	40
Gallusgallus-9031-GCA024652985.1	33
Gallusgallus-9031-GCA024652995.1	34
Gallusgallus-9031-GCA024653025.1	33
Gallusgallus-9031-GCA024653035.1	33
Gallusgallus-9031-GCA024653045.1	34
Gallusgallus-9031-GCA025370635.1	34
Gallusgallus-9031-GCA030849555.2	41
Gallusgallus-9031-GCA030914265.2	41
Gallusgallus-9031-GCA030914275.2	41
Gallusgallus-9031-GCA030979905.2	41
Gallusgallus-9031-GCA034769225.1	40
Gallusgallus-9031-GCA034769275.1	40
Gallusgallus-9031-GCA039997075.1	40
Gallusgallus-9031-GCA040436645.1	37
Gallusgallus-9031-GCA040436655.1	38
Gallusgallus-9031-GCA041920315.1	40
Gallusgallus-9031-GCA052054655.1	40
Gallusgallus-208526-GCA033088195.1	39
Lophuraswinhoii-140446-GCA030408155.1	40
Pavocristatus-9049-GCA045791835.1	38
Pavocristatus-9049-GCA965225075.1	28
Chrysolophuspictus-9089-GCA037216735.1	39
Chrysolophuspictus-9089-GCA037305975.1	39
Archilochuscolubris-190676-GCA023079485.1	33
Phaethornissuperciliosus-46513-GCA023637945.2	36
Caprimulguseuropaeus-111811-GCA907165065.1	37
Phaethonaethereus-37045-GCA964289735.1	40
Pteroclesgutturalis-240206-GCA009769525.1	36
Nesoenasmayeri-187126-GCA963082525.1	40
Streptopeliadecaocto-177147-GCA964273445.1	33
Streptopeliadecaocto-177147-GCA964273585.1	32
Streptopeliaturtur-177155-GCA901699155.2	33
Columbalivia-8932-GCA001887795.1	29
Columbalivia-8932-GCA028654425.1	40
Columbalivia-8932-GCA032719375.1	41
Columbalivia-8932-GCA040285205.1	29
Columbapalumbus-8934-GCA965250375.1	38
Phoenicopterusruber-9218-GCA009819775.1	33
Otistarda-73107-GCA026413225.1	40
Tauracoerythrolophus-121530-GCA009769465.1	33
Strixnebulosa-126836-GCA051313305.1	40
Strixuralensis-36305-GCA047947145.2	42
Cariamacristata-54380-GCA009819825.1	52
Falcopunctatus-148596-GCA963210335.1	23
Falcoperegrinus-8954-GCA001887755.1	19
Falcoperegrinus-8954-GCA965282525.1	25
Falcoperegrinus-8954-GCA965282645.1	24
Juncohyemalis-40217-GCA003829775.2	30
Zonotrichiacapensis-44391-GCA045269165.1	27
Zonotrichialeucophrys-655235-GCA045281155.1	30
Lonchurastriata-40157-GCA050655735.1	39
Lonchurastriata-40157-GCA050655825.1	41
Taeniopygiaguttata-59729-GCA008822115.3	31
Taeniopygiaguttata-59729-GCA008822125.1	30
Taeniopygiaguttata-59729-GCA009859065.2	29
Setophagacoronata-1037456-GCA001746935.2	31
Fringillacoelebs-37598-GCA963513975.1	40
Fringillacoelebs-1471794-GCA015532645.2	30
Pyrrhulamurina-928672-GCA965183895.1	42
Calcariuslapponicus-135424-GCA039654755.1	20
Emberizaaureola-433632-GCA050947545.1	31
Passerdomesticus-48849-GCA001700915.1	30
Coloeusmonedula-30423-GCA013407035.1	29
Coloeusmonedula-30423-GCA965178535.1	40
Coloeusmonedula-30423-GCA965178545.1	42
Aphelocomacoerulescens-39617-GCA041296225.1	30
Aphelocomacoerulescens-39617-GCA041296385.2	35
Maluruscyaneus-2593467-GCA009741485.1	25
Myzomelatristrami-1786045-GCA051294455.1	36
Myzomelacardinalis-265620-GCA051294465.1	36
Lichenostomuscassidix-1497555-GCA008360975.3	33
Phylloscopustrochiloides-48154-GCA048593965.1	31
Acrocephalusscirpaceus-126889-GCA910950805.1	31
Acrocephaluspaludicola-68471-GCA965285925.1	41
Acrocephaluspaludicola-68471-GCA965287075.1	41
Sylviaborin-73324-GCA014839755.1	37
Zosteropslateralis-43581-GCA965231245.1	39
Zosteropslateralis-43581-GCA965231275.1	41
Pyrocephalusnanus-1853061-GCA038380795.1	38
Acanthisittachloris-57068-GCA016904835.1	38
Diglossabrunneiventris-547948-GCA019023105.1	31
Camarhynchusparvulus-87175-GCA902806625.1	30
Sittacarolinensis-50250-GCA032173965.1	31
Certhiaamericana-186443-GCA018697195.1	24
Rhegmatorhinahoffmannsi-468512-GCA013398505.2	35
Willisornisvidua-1566151-GCA045364795.1	41
Willisornisvidua-1566151-GCA045364805.1	39
Poecilemontanus-48895-GCA038429875.2	41
Periparusater-156567-GCA032357785.1	31
Pseudopodoceshumilis-181119-GCA049639895.1	33
Acridotherestristis-279927-GCA037013685.1	36
Sturnusvulgaris-9172-GCA023376015.1	32
Erithacusrubecula-37610-GCA903797595.2	33
Lusciniamegarhynchos-383689-GCA034336665.1	29
Luscinialuscinia-391696-GCA034336685.1	28
Turdusphilomelos-127946-GCA965287025.1	40
Turdusiliacus-411526-GCA965287035.1	41
Turdusmerula-9187-GCA965287015.1	41
Amazonaaestiva-12930-GCA017639355.1	29
Myiopsittamonachus-176066-GCA017639245.1	25
Guarubaguarouba-51906-GCA045345405.1	36
Guarubaguarouba-51906-GCA045519325.1	34
Agapornisfischeri-60463-GCA051622115.1	26
Agapornisroseicollis-60468-GCA051622155.1	25
Psittaculaecho-232653-GCA963264785.1	35
Bucorvusabyssinicus-153643-GCA009769605.1	41
Bucorvusleadbeateri-155086-GCA042477495.1	41
Meropsnubicus-57421-GCA009819595.1	36
Picusviridis-100825-GCA033816785.1	41
Colaptesauratus-51355-GCA015227895.2	29
Morphnusguianensis-252789-GCA045345505.1	26
Morphnusguianensis-252789-GCA045345515.1	28
Asturgentilis-8957-GCA929443795.2	40
Accipitergularis-258530-GCA043388435.1	33
Accipitergularis-258530-GCA046127185.1	33
Vulturgryphus-8924-GCA039700855.2	30
Calonectrisborealis-1323832-GCA964196065.2	39
Ciconiamaguari-52777-GCA017639555.1	31
Nipponianippon-128390-GCA035839065.1	29
Platalealeucorodia-257867-GCA965183815.1	37
Gorsachiusmagnificus-887050-GCA034008185.1	29
Aptenodytespatagonicus-9234-GCA965638715.1	32
Pluvialisapricaria-670352-GCA017639485.1	38
Vanellusvanellus-100859-GCA965231255.1	34
Vanellusvanellus-100859-GCA965286855.1	38
Chroicocephalusridibundus-1192867-GCA030820635.1	25
Sternahirundo-108405-GCA009819605.1	27
Larusglaucescens-119606-GCA965654385.1	36
Larusglaucescens-119606-GCA965654465.1	34
Larusmichahellis-119627-GCA964199725.2	34
Larusmichahellis-119627-GCA964199755.2	36
Larushyperboreus-119637-GCA965654215.1	35
Larushyperboreus-119637-GCA965654415.1	33
Larusoccidentalis-126713-GCA965654445.1	34
Larusoccidentalis-126713-GCA965654455.1	36
Laruscanus-28681-GCA966204495.1	35
Laruscanus-28681-GCA966207165.1	35
Larusargentatus-35669-GCA964417125.1	33
Larusargentatus-35669-GCA964417175.1	35
Larusmarinus-8912-GCA965649785.1	36
Larusmarinus-8912-GCA965649815.1	34
Larusfuscus-8915-GCA963932225.2	32
Larusfuscus-8915-GCA963932325.2	32
Lymnocryptesminimus-107379-GCA964304605.1	49
Scolopaxrusticola-100826-GCA964304615.2	46
Grusgrus-40816-GCA964106855.1	40
Rallusaquaticus-54496-GCA965250365.1	39
Gallinulachloropus-9123-GCA964237585.1	38
Sceloporustristichus-190870-GCA016801065.1	11
Sceloporustristichus-190870-GCA016801415.1	11
Furciferpardalis-187939-GCA030440675.1	11
Chamaeleocalyptratus-179908-GCA043643385.1	12
Pogonavitticeps-103695-GCA048414675.1	16
Pogonavitticeps-103695-GCA051106095.1	18
Laudakiawui-1816318-GCA040285375.1	18
Phrynocephalusguinanensis-740940-GCA037367245.1	24
Iguanaiguana-8517-GCA051529865.1	19
Anniellastebbinsi-2202111-GCA051312515.1	10
Anniellastebbinsi-2202111-GCA051312545.1	10
Dopasiagracilis-182351-GCA052054735.1	19
Shinisauruscrocodilurus-52224-GCA021292165.1	16
Varanusacanthurus-62035-GCA050042745.1	21
Malpolonmonspessulanus-184164-GCA964265115.1	23
Rhabdophisnuchalis-126483-GCA039707465.1	20
Natrixhelvetica-2025560-GCA964273705.1	18
Natrixmaura-8585-GCA964659585.1	18
Hemorrhoishippocrepis-166086-GCA964340495.1	19
Elapheschrenckii-74362-GCA050231175.1	18
Coluberconstrictor-3052055-GCA038048745.1	19
Pseudoxenodonstejnegeri-1938231-GCA050613815.1	18
Notechisscutatus-8663-GCA049901735.1	17
Pseudonajatextilis-8673-GCA049901715.1	19
Hydrophiscurtus-355685-GCA019472885.1	17
Hydrophismajor-355693-GCA033807585.1	16
Hydrophiscyanocinctus-8686-GCA019473425.1	18
Bungarusmulticinctus-8616-GCA023653725.1	18
Macroviperaschweizeri-110205-GCA965194845.1	18
Cerastesgasperettii-110202-GCA046524025.1	19
Viperaursinii-103942-GCA947247035.1	19
Viperaberus-31155-GCA964194415.1	19
Viperaammodytes-8704-GCA047301725.1	18
Crotalusviridis-8742-GCA003400415.2	18
Sistruruscatenatus-8756-GCA039880765.1	18
Zootocavivipara-8524-GCA965207765.1	18
Zootocavivipara-8524-GCA965208345.1	18
Podarciscretensis-1330250-GCA951804945.1	19
Podarciserhardii-140042-GCA964252035.1	20
Podarcisvaucheri-140051-GCA965113305.1	18
Podarcisvaucheri-140051-GCA965113315.1	20
Podarcismuralis-64176-GCA964188315.1	20
Podarcismuralis-1534827-GCA014706415.1	19
Podarcisfilfolensis-65481-GCA964270895.1	20
Podarcismelisellensis-65482-GCA964234715.1	20
Podarcismelisellensis-65482-GCA964234825.1	18
Podarcissiculus-65484-GCA964188175.1	20
Podarcistiliguerta-65485-GCA965153285.1	20
Podarcistiliguerta-65485-GCA965153305.2	18
Podarcisliolepis-662736-GCA965112155.1	20
Podarcispityusensis-74359-GCA964106635.2	18
Podarcispityusensis-74359-GCA964106645.2	20
Podarcisbocagei-90520-GCA964188305.1	20
Podarcisbocagei-90520-GCA964188325.1	18
Podarcisgaigeae-90521-GCA964106785.1	18
Podarcisgaigeae-90521-GCA964106915.2	20
Aspidoscelistigris-2917703-GCA023333525.2	23
Spondylurusnitidus-3095121-GCA041380405.1	16
Cryptoblepharusegeriae-2509230-GCA030015325.2	16
Carinascincusocellatus-316445-GCA965280105.1	15
Acritoscincusduperreyi-316450-GCA041722995.2	15
Xantusiavigilis-8547-GCA051940845.1	20
Xantusiavigilis-8547-GCA051940855.1	21
Xantusiavigilis-8547-GCA051940885.1	20
Teratoscincusroborowskii-102174-GCA051473905.1	18
Correlophusciliatus-143539-GCA045269775.1	19
Asaccuscaudivolvulus-886391-GCA042257475.1	20
Mediodactyluskotschyi-1303476-GCA965636955.1	21
Paroedurapicta-143630-GCA049243985.1	18
Ambystomamexicanum-8296-GCA002915635.3	28
Lissotritonhelveticus-256425-GCA964261635.1	17
Lissotritonvulgaris-8324-GCA964263255.1	16
Pleurodeleswaltl-8319-GCA031142525.1	16
Trituruscristatus-8323-GCA964204655.1	17
Desmognathusfuscus-52100-GCA050004315.1	15
Bombinavariegata-8348-GCA964205295.1	12
Bombinavariegata-8348-GCA964205305.1	12
Xenopusborealis-8354-GCA024363595.1	18
Xenopustropicalis-8364-GCA013368275.1	10
Ptychadenarobeensis-2829185-GCA036250615.1	12
Pyxicephalusadspersus-30357-GCA004786255.1	14
Pelophylaxlessonae-45623-GCA965119305.1	13
Lithobatespipiens-8404-GCA037367395.2	13
Ranamuscosa-160500-GCA029206835.1	13
Ranakukunoris-670907-GCA029574335.1	12
Bufotesviridis-30338-GCA033119425.1	11
Bufotesviridis-30338-GCA037900795.1	11
Leptobrachiumailaonicum-428466-GCA018994145.1	13
Leptobrachiumailaonicum-428466-GCA032062155.1	13
Leptobrachiumleishanense-445787-GCA009667805.1	13
Microcaeciliaunicolor-1415580-GCA901765095.2	14
Geotrypetesseraphini-260995-GCA902459505.2	19
Rhinatremabivittatum-194408-GCA901001135.2	19
Ichthyophisbannanicus-8453-GCA033557465.1	21
Neoceratodusforsteri-7892-GCA016271365.2	21
Lepidosirenparadoxa-7883-GCA040581445.1	49
Protopterusannectens-7888-GCA040939525.1	27
Leucorajanaevus-223888-GCA965643135.1	47
Malacorajasenta-1072478-GCA038087875.1	26
Okamejeikenojei-432798-GCA035221665.1	44
Okamejeikenojei-432798-GCA040805665.1	50
Rajabrachyura-223862-GCA963514005.1	49
Somniosusmicrocephalus-191813-GCA052327205.1	34
Squalusacanthias-7797-GCA030390025.1	29
Prionaceglauca-7815-GCA037974335.1	43
Scyliorhinuscanicula-7830-GCA902713615.2	31
Mustelusasterias-112232-GCA964213995.1	34
Cetorhinusmaximus-57982-GCA964194155.1	39
Haliclystusoctoradiatus-313498-GCA916610825.1	9
Kudoaneothunni-1134596-GCA964304625.1	3
Candelabrumcocksii-264050-GCA963930725.1	15
Hydraviridissima-6082-GCA964215635.1	15
Hydravulgaris-6087-GCA024232925.2	15
Turritopsisrubra-367916-GCA039566895.2	15
Milleporadichotoma-544484-GCA965112555.1	15
Milleporaalcicornis-544493-GCA965112645.1	15
Milleporacomplanata-544496-GCA964656905.1	15
Physaliaphysalis-168775-GCA041430235.2	10
Nanomiaseptata-3117660-GCA048301595.1	8
Nanomiaseptata-3117660-GCA048301705.1	8
Sertularellagayi-662004-GCA965641995.1	15
Plumapathespennacea-1350358-GCA964036295.1	12
Ricordeaflorida-165100-GCA949710005.1	16
Rhodactisosculifera-2751898-GCA965240485.1	17
Palythoacaribaeorum-134933-GCA965234985.1	16
Paranemoniacinerea-1548796-GCA965243875.1	19
Aulactiniaverrucosa-200527-GCA965282975.1	19
Condylactisgigantea-47073-GCA964258915.1	19
Actiniamediterranea-1960102-GCA965224875.2	19
Anemoniasulcata-6108-GCA965177965.1	19
Anthopleuraartemisia-160216-GCA964304775.1	19
Anthopleuraxanthogrammica-6112-GCA964019055.1	19
Scolanthuscallimorphus-2072708-GCA033964015.1	15
Nematostellavectensis-45351-GCA033964005.1	15
Metridiumsenile-6116-GCA949775045.1	16
Calliactisparasitica-6114-GCA964340385.1	8
Diadumenelineata-1789172-GCA918843875.1	16
Stephanocoeniaintersepta-504342-GCA965112835.1	13
Madracissenaria-123773-GCA964656595.1	14
Madracisauretenra-999287-GCA964059495.1	14
Pocilloporagrandis-2759717-GCA964027065.2	14
Pocilloporadamicornis-46731-GCA964200805.1	14
Stylophorapistillata-50429-GCA964205215.1	14
Isoporapalifera-105615-GCA964212065.1	14
Montiporacapricornis-246305-GCA965112405.1	14
Montiporasp-3154093-GCA964205245.1	14
Montiporapalawanensis-3109268-GCA964330385.1	14
Montiporacapitata-46704-GCA949126865.1	14
Acroporaaustera-117779-GCA964273435.1	14
Acroporapulchra-140239-GCA965118205.1	14
Acroporaspathulata-141011-GCA964019555.1	14
Acroporaloripes-154029-GCA965213945.1	20
Acroporaloripes-154029-GCA965214385.1	14
Acroporamuricata-159855-GCA964332325.1	14
Acroporaglauca-1869258-GCA964274385.1	14
Acroporaspicifera-191023-GCA964261235.1	14
Acroporahyacinthus-55974-GCA020536085.1	14
Acroporahyacinthus-55974-GCA964291705.1	14
Acroporacervicornis-6130-GCA041430625.1	14
Acroporacervicornis-6130-GCA964034985.1	14
Acroporapalmata-6131-GCA025960835.2	14
Siderastreasiderea-130672-GCA964030785.1	14
Siderastrearadians-214988-GCA964017195.1	14
Poritescylindrica-126659-GCA964035525.1	14
Poritesdivaricata-262287-GCA964035745.1	13
Poritesrus-262591-GCA964035705.1	14
Astrangiapoculata-165419-GCA047906015.2	14
Micromussalordhowensis-1216036-GCA964020085.1	15
Galaxeafascicularis-46745-GCA948470475.1	13
Blastomussawellsi-419443-GCA947652115.1	14
Orbicellafranksi-48499-GCA964199315.1	15
Cyphastreasalae-1967629-GCA964194085.1	14
Echinoporahorrida-983564-GCA964199735.2	16
Oculinaarbuscula-1282862-GCA964656845.1	14
Dendrogyracylindrus-214965-GCA964187815.1	15
Meandrinameandrites-51056-GCA963693305.1	14
Catalaphylliajardinei-46748-GCA022496165.2	14
Duncanopsammiaaxifuga-1479653-GCA964258685.1	14
Turbinariareniformis-1381352-GCA964204835.1	14
Eunicellacavolini-317547-GCA965177985.1	17
Eunicellaverrucosa-396355-GCA964261655.1	15
Eunicellaverrucosa-396355-GCA964289765.3	15
Gorgoniaventalina-204384-GCA964194065.1	16
Leptogorgiasarmentosa-1502934-GCA964658295.1	18
Leptogorgiasarmentosa-1502934-GCA964658305.1	18
Muriceamuricata-204328-GCA963855995.1	16
Euniceaknighti-204324-GCA965233905.1	17
Callogorgiagracilis-1309697-GCA964204845.1	17
Hemicoralliumimperiale-1825785-GCA045791825.1	21
Coralliumrubrum-142104-GCA964265095.1	20
Veretillumcynomorium-1400855-GCA965118255.1	16
Cavernulariaobesa-1226274-GCA041682505.1	18
Pteroeidesgriseum-2759737-GCA964659595.1	20
Catostylusmosaicus-237413-GCA964019065.1	21
Cassiopeaxamachana-12993-GCA964235115.1	20
Cassiopeasp-3146530-GCA964204825.1	20
Cassiopeaornata-880217-GCA964304725.1	20
Rhopilemaesculentum-499914-GCA964035655.1	21
Mastigiaspapua-596313-GCA964019165.1	21
Pseudorhizahaeckeli-880241-GCA964026355.1	18
Aureliacoerulea-1962980-GCA039566865.1	22
Aureliacoerulea-1962980-GCA051233565.1	21
Aureliasp-237398-GCA964020215.1	22
Aureliasp-2790877-GCA964019985.1	21
Pelagianoctiluca-400838-GCA963924455.1	21
Nausithoeracemosa-2976324-GCA965183845.1	20
