clade	axis	N_threshold	sweep_namespace	go_id	go_namespace	k	K	n	N	fold	p	q
Annelida	intersection	20	BP	GO:0006986	BP	2	4	26	2290	44.03846153846154	0.0007336512108632651	0.008070163319495916
Annelida	stability	5	BP	GO:0006888	BP	2	44	9	2290	11.565656565656564	0.01192473067867492	0.02384946135734984
Annelida	intersection	20	MF	GO:0003725	MF	2	9	26	2290	19.572649572649574	0.004250465894231081	0.027628028312502027
Annelida	intersection	20	MF	GO:0051087	MF	3	28	26	2290	9.436813186813188	0.0035277288947252886	0.027628028312502027
Annelida	stability	5	BP	GO:0006886	BP	2	72	9	2290	7.0679012345679	0.0304230098716762	0.0304230098716762
Annelida	intersection	20	all	GO:0006986	BP	2	4	26	2290	44.03846153846154	0.0007336512108632651	0.03301430448884693
Annelida	intersection	20	all	GO:0003725	MF	2	9	26	2290	19.572649572649574	0.004250465894231081	0.0637569884134662
Annelida	intersection	20	all	GO:0051087	MF	3	28	26	2290	9.436813186813188	0.0035277288947252886	0.0637569884134662
Annelida	closeness	10	MF	GO:0044325	MF	2	27	20	2290	8.481481481481481	0.022322938886316302	0.11161469443158151
Annelida	intersection	20	MF	GO:0044325	MF	2	27	26	2290	6.524216524216524	0.03656550315381444	0.11540460873529453
Annelida	intersection	20	MF	GO:0051082	MF	2	30	26	2290	5.871794871794872	0.044386387975113274	0.11540460873529453
Annelida	intersection	20	MF	GO:0003697	MF	2	25	26	2290	7.046153846153847	0.031688205162043744	0.11540460873529453
Annelida	stability	5	all	GO:0006888	BP	2	44	9	2290	11.565656565656564	0.01192473067867492	0.11924730678674919
Annelida	closeness	10	BP	GO:0036503	BP	2	30	20	2290	7.633333333333334	0.027236098439328817	0.13618049219664408
Annelida	stability	5	all	GO:0006886	BP	2	72	9	2290	7.0679012345679	0.0304230098716762	0.152115049358381
Annelida	intersection	20	MF	GO:0003723	MF	7	339	26	2290	1.8186975266621284	0.07754325698942448	0.16801039014375305
Annelida	intersection	20	all	GO:0044325	MF	2	27	26	2290	6.524216524216524	0.03656550315381444	0.22193193987556636
Annelida	intersection	20	all	GO:0005905	CC	2	21	26	2290	8.388278388278389	0.0228056140265967	0.22193193987556636
Annelida	intersection	20	all	GO:0072686	CC	2	24	26	2290	7.33974358974359	0.029355820799574796	0.22193193987556636
Annelida	intersection	20	all	GO:0036503	BP	2	30	26	2290	5.871794871794872	0.044386387975113274	0.22193193987556636
Annelida	intersection	20	all	GO:0051082	MF	2	30	26	2290	5.871794871794872	0.044386387975113274	0.22193193987556636
Annelida	intersection	20	all	GO:0003697	MF	2	25	26	2290	7.046153846153847	0.031688205162043744	0.22193193987556636
Annelida	intersection	20	BP	GO:0036503	BP	2	30	26	2290	5.871794871794872	0.044386387975113274	0.244125133863123
Annelida	closeness	10	all	GO:0044325	MF	2	27	20	2290	8.481481481481481	0.022322938886316302	0.24512488595395934
Annelida	closeness	10	all	GO:0072686	CC	2	24	20	2290	9.541666666666668	0.017829926097896156	0.24512488595395934
Annelida	closeness	10	all	GO:0036503	BP	2	30	20	2290	7.633333333333334	0.027236098439328817	0.24512488595395934
Annelida	intersection	20	MF	GO:0046872	MF	2	61	26	2290	2.887767969735183	0.15107894888622242	0.24550329194011145
Annelida	intersection	20	MF	GO:0031625	MF	2	57	26	2290	3.0904183535762484	0.13537796007167707	0.24550329194011145
Bilateria	intersection	10	MF	GO:0070840	MF	2	6	11	2290	69.39393939393939	0.0003114878843855076	0.001557439421927538
Bilateria	closeness	5	MF	GO:0015631	MF	2	15	9	2290	33.925925925925924	0.0014044570223925928	0.0028089140447851856
Bilateria	intersection	10	MF	GO:0015631	MF	2	15	11	2290	27.75757575757576	0.0021294920470596303	0.005323730117649076
Bilateria	intersection	10	all	GO:0070840	MF	2	6	11	2290	69.39393939393939	0.0003114878843855076	0.0056067819189391365
Bilateria	closeness	5	all	GO:0015631	MF	2	15	9	2290	33.925925925925924	0.0014044570223925928	0.012640113201533335
Bilateria	intersection	10	all	GO:0015631	MF	2	15	11	2290	27.75757575757576	0.0021294920470596303	0.019165428423536673
Bilateria	closeness	5	BP	GO:0060271	BP	2	71	9	2290	7.167449139280125	0.029638637697742158	0.029638637697742158
Bilateria	intersection	10	MF	GO:0008017	MF	2	47	11	2290	8.85880077369439	0.020157140174677488	0.03359523362446248
Bilateria	closeness	5	all	GO:0048471	CC	3	130	9	2290	5.871794871794871	0.011667255953776995	0.05250265179199647
Bilateria	stability	5	BP	GO:0008284	BP	2	47	10	2290	9.74468085106383	0.016708909910236984	0.06683563964094794
Bilateria	stability	5	BP	GO:0006338	BP	2	68	10	2290	6.73529411764706	0.033524531753287734	0.06704906350657547
Bilateria	closeness	5	CC	GO:0048471	CC	3	130	9	2290	5.871794871794871	0.011667255953776995	0.07000353572266196
Bilateria	intersection	10	all	GO:0048471	CC	3	130	11	2290	4.804195804195804	0.021080020002502756	0.07557477882821585
Bilateria	intersection	10	all	GO:0005813	CC	3	139	11	2290	4.493132766514061	0.025191592942738615	0.07557477882821585
Bilateria	intersection	10	all	GO:0008017	MF	2	47	11	2290	8.85880077369439	0.020157140174677488	0.07557477882821585
Bilateria	intersection	10	all	GO:0015630	CC	2	41	11	2290	10.155210643015522	0.015533034432110463	0.07557477882821585
Bilateria	intersection	10	CC	GO:0048471	CC	3	130	11	2290	4.804195804195804	0.021080020002502756	0.08397197647579539
Bilateria	intersection	10	CC	GO:0005813	CC	3	139	11	2290	4.493132766514061	0.025191592942738615	0.08397197647579539
Bilateria	intersection	10	CC	GO:0015630	CC	2	41	11	2290	10.155210643015522	0.015533034432110463	0.08397197647579539
Bilateria	closeness	5	all	GO:0060271	BP	2	71	9	2290	7.167449139280125	0.029638637697742158	0.08891591309322648
Bilateria	intersection	10	all	GO:0006338	BP	2	68	11	2290	6.122994652406417	0.04020014656658795	0.10337180545694044
Bilateria	intersection	10	BP	GO:0006338	BP	2	68	11	2290	6.122994652406417	0.04020014656658795	0.12060043969976385
Bilateria	stability	5	MF	GO:0016887	MF	2	86	10	2290	5.325581395348837	0.05157318698628213	0.12893296746570532
Bilateria	stability	5	MF	GO:0019899	MF	2	63	10	2290	7.26984126984127	0.02907946588843699	0.12893296746570532
Bilateria	stability	5	BP	GO:0006355	BP	2	133	10	2290	3.4436090225563913	0.11097451910438023	0.13129930456906316
Bilateria	stability	5	BP	GO:0045944	BP	2	147	10	2290	3.1156462585034017	0.13129930456906316	0.13129930456906316
Bilateria	intersection	10	BP	GO:0006355	BP	2	133	11	2290	3.1305536568694463	0.1306567968587175	0.15398858539410054
Bilateria	intersection	10	BP	GO:0045944	BP	2	147	11	2290	2.832405689548547	0.15398858539410054	0.15398858539410054
Bilateria	stability	5	all	GO:0008284	BP	2	47	10	2290	9.74468085106383	0.016708909910236984	0.17879750268420125
Bilateria	stability	5	all	GO:0006338	BP	2	68	10	2290	6.73529411764706	0.033524531753287734	0.17879750268420125
Bilateria	stability	5	all	GO:0019899	MF	2	63	10	2290	7.26984126984127	0.02907946588843699	0.17879750268420125
Bilateria	closeness	5	all	GO:0005829	CC	6	913	9	2290	1.6721431179262505	0.09746235767108	0.1790702091906496
Bilateria	closeness	5	all	GO:0005813	CC	2	139	9	2290	3.6610711430855316	0.09948344955036087	0.1790702091906496
Bilateria	closeness	5	CC	GO:0005829	CC	6	913	9	2290	1.6721431179262505	0.09746235767108	0.19896689910072174
Bilateria	closeness	5	CC	GO:0005813	CC	2	139	9	2290	3.6610711430855316	0.09948344955036087	0.19896689910072174
Bilateria	stability	5	all	GO:0016887	MF	2	86	10	2290	5.325581395348837	0.05157318698628213	0.20629274794512853
Bivalvia	intersection	5	BP	GO:0003341	BP	2	20	5	2290	45.800000000000004	0.0007135974973969586	0.0007135974973969586
Bivalvia	stability	5	BP	GO:0003341	BP	2	20	9	2290	25.444444444444443	0.0025155593556356994	0.0025155593556356994
Bivalvia	intersection	5	all	GO:0003341	BP	2	20	5	2290	45.800000000000004	0.0007135974973969586	0.004281584984381752
Bivalvia	closeness	5	BP	GO:0003341	BP	2	20	9	2290	25.444444444444443	0.0025155593556356994	0.005031118711271399
Bivalvia	closeness	5	BP	GO:0006366	BP	2	33	9	2290	15.42087542087542	0.006807202858552564	0.006807202858552564
Bivalvia	stability	5	CC	GO:0031514	CC	3	47	9	2290	16.24113475177305	0.000624593039403015	0.006870523433433165
Bivalvia	stability	5	CC	GO:0097228	CC	2	15	9	2290	33.925925925925924	0.0014044570223925928	0.00772451362315926
Bivalvia	stability	5	all	GO:0031514	CC	3	47	9	2290	16.24113475177305	0.000624593039403015	0.010618081669851256
Bivalvia	intersection	5	all	GO:0031514	CC	2	47	5	2290	19.48936170212766	0.003964617692425566	0.011893853077276698
Bivalvia	stability	5	all	GO:0097228	CC	2	15	9	2290	33.925925925925924	0.0014044570223925928	0.011937884690337039
Bivalvia	stability	5	all	GO:0003341	BP	2	20	9	2290	25.444444444444443	0.0025155593556356994	0.014254836348602298
Bivalvia	intersection	5	CC	GO:0031514	CC	2	47	5	2290	19.48936170212766	0.003964617692425566	0.015858470769702263
Bivalvia	intersection	5	CC	GO:0005930	CC	2	78	5	2290	11.743589743589745	0.010715247036407392	0.021430494072814783
Bivalvia	intersection	5	all	GO:0005930	CC	2	78	5	2290	11.743589743589745	0.010715247036407392	0.021430494072814787
Bivalvia	closeness	5	all	GO:0003341	BP	2	20	9	2290	25.444444444444443	0.0025155593556356994	0.027671152911992694
Bivalvia	closeness	5	all	GO:0019904	MF	2	43	9	2290	11.834625322997415	0.011406024863055905	0.03724329939765738
Bivalvia	closeness	5	all	GO:0006366	BP	2	33	9	2290	15.42087542087542	0.006807202858552564	0.03724329939765738
Bivalvia	closeness	5	all	GO:0031514	CC	2	47	9	2290	10.8274231678487	0.013543017962784502	0.03724329939765738
Bivalvia	closeness	5	MF	GO:0019904	MF	2	43	9	2290	11.834625322997415	0.011406024863055905	0.04562409945222362
Bivalvia	stability	5	MF	GO:0005524	MF	3	225	9	2290	3.392592592592593	0.050312638122434576	0.06289079765304322
Bivalvia	stability	5	MF	GO:0004674	MF	2	71	9	2290	7.167449139280125	0.029638637697742158	0.06289079765304322
Bivalvia	stability	5	MF	GO:0106310	MF	2	64	9	2290	7.951388888888888	0.02439240815700681	0.06289079765304322
Bivalvia	stability	5	MF	GO:0004672	MF	2	82	9	2290	6.205962059620596	0.03872599373660781	0.06289079765304322
Bivalvia	closeness	5	CC	GO:0031514	CC	2	47	9	2290	10.8274231678487	0.013543017962784502	0.06771508981392252
Bivalvia	closeness	5	all	GO:0005930	CC	2	78	9	2290	6.524216524216524	0.0353063329632142	0.07767393251907125
Bivalvia	closeness	5	CC	GO:0005930	CC	2	78	9	2290	6.524216524216524	0.0353063329632142	0.0882658324080355
Bivalvia	stability	5	all	GO:0004674	MF	2	71	9	2290	7.167449139280125	0.029638637697742158	0.09404884193176181
Bivalvia	stability	5	all	GO:0106310	MF	2	64	9	2290	7.951388888888888	0.02439240815700681	0.09404884193176181
Bivalvia	stability	5	all	GO:0004672	MF	2	82	9	2290	6.205962059620596	0.03872599373660781	0.09404884193176181
Bivalvia	stability	5	all	GO:0005930	CC	2	78	9	2290	6.524216524216524	0.0353063329632142	0.09404884193176181
Bivalvia	stability	5	all	GO:0005524	MF	3	225	9	2290	3.392592592592593	0.050312638122434576	0.10691435601017348
Bivalvia	stability	5	CC	GO:0005930	CC	2	78	9	2290	6.524216524216524	0.0353063329632142	0.12945655419845206
Bivalvia	stability	5	all	GO:0005813	CC	2	139	9	2290	3.6610711430855316	0.09948344955036087	0.16912186423561348
Bivalvia	stability	5	all	GO:0005856	CC	2	138	9	2290	3.687600644122383	0.09825384159877884	0.16912186423561348
Bivalvia	stability	5	CC	GO:0005813	CC	2	139	9	2290	3.6610711430855316	0.09948344955036087	0.2188635890107939
Bivalvia	stability	5	CC	GO:0005856	CC	2	138	9	2290	3.687600644122383	0.09825384159877884	0.2188635890107939
Cnidaria	stability	10	BP	GO:0006986	BP	2	4	16	2290	71.5625	0.00027247778743980745	0.0016348667246388446
Cnidaria	intersection	10	BP	GO:0006986	BP	2	4	16	2290	71.5625	0.00027247778743980745	0.0016348667246388446
Cnidaria	closeness	5	BP	GO:0010498	BP	2	25	9	2290	20.355555555555554	0.0039315385834944715	0.005642731706920237
Cnidaria	closeness	5	BP	GO:0006508	BP	2	30	9	2290	16.962962962962962	0.005642731706920237	0.005642731706920237
Cnidaria	stability	10	MF	GO:0051087	MF	3	28	16	2290	15.334821428571429	0.0008247570926982491	0.006598056741585993
Cnidaria	intersection	10	MF	GO:0051087	MF	3	28	16	2290	15.334821428571429	0.0008247570926982491	0.006598056741585993
Cnidaria	stability	10	all	GO:0006986	BP	2	4	16	2290	71.5625	0.00027247778743980745	0.007901855835754416
Cnidaria	intersection	10	all	GO:0006986	BP	2	4	16	2290	71.5625	0.00027247778743980745	0.007901855835754416
Cnidaria	stability	10	BP	GO:0006457	BP	3	43	16	2290	9.98546511627907	0.0029137417938009387	0.008741225381402816
Cnidaria	intersection	10	BP	GO:0006457	BP	3	43	16	2290	9.98546511627907	0.0029137417938009387	0.008741225381402816
Cnidaria	stability	10	all	GO:0051087	MF	3	28	16	2290	15.334821428571429	0.0008247570926982491	0.011958977844124611
Cnidaria	intersection	10	all	GO:0051087	MF	3	28	16	2290	15.334821428571429	0.0008247570926982491	0.011958977844124611
Cnidaria	stability	10	MF	GO:0044183	MF	2	16	16	2290	17.890625	0.005189059752088642	0.020756239008354566
Cnidaria	intersection	10	MF	GO:0044183	MF	2	16	16	2290	17.890625	0.005189059752088642	0.020756239008354566
Cnidaria	stability	10	BP	GO:0010498	BP	2	25	16	2290	11.450000000000001	0.012505683624220342	0.02501136724844068
Cnidaria	intersection	10	BP	GO:0010498	BP	2	25	16	2290	11.450000000000001	0.012505683624220342	0.02501136724844068
Cnidaria	stability	10	BP	GO:0006508	BP	2	30	16	2290	9.541666666666668	0.017768186489272322	0.026652279733908484
Cnidaria	intersection	10	BP	GO:0006508	BP	2	30	16	2290	9.541666666666668	0.017768186489272322	0.026652279733908484
Cnidaria	stability	10	all	GO:0006457	BP	3	43	16	2290	9.98546511627907	0.0029137417938009387	0.028166170673409072
Cnidaria	intersection	10	all	GO:0006457	BP	3	43	16	2290	9.98546511627907	0.0029137417938009387	0.028166170673409072
Cnidaria	closeness	5	all	GO:0010498	BP	2	25	9	2290	20.355555555555554	0.0039315385834944715	0.031035024388061307
Cnidaria	closeness	5	all	GO:0006508	BP	2	30	9	2290	16.962962962962962	0.005642731706920237	0.031035024388061307
Cnidaria	stability	10	all	GO:0044183	MF	2	16	16	2290	17.890625	0.005189059752088642	0.037620683202642655
Cnidaria	intersection	10	all	GO:0044183	MF	2	16	16	2290	17.890625	0.005189059752088642	0.037620683202642655
Cnidaria	stability	10	MF	GO:0051082	MF	2	30	16	2290	9.541666666666668	0.017768186489272322	0.04738183063805953
Cnidaria	intersection	10	MF	GO:0051082	MF	2	30	16	2290	9.541666666666668	0.017768186489272322	0.04738183063805953
Cnidaria	stability	10	BP	GO:0043066	BP	2	52	16	2290	5.504807692307692	0.04953934125219937	0.05127425318427161
Cnidaria	stability	10	BP	GO:0050821	BP	2	53	16	2290	5.400943396226415	0.05127425318427161	0.05127425318427161
Cnidaria	intersection	10	BP	GO:0043066	BP	2	52	16	2290	5.504807692307692	0.04953934125219937	0.05127425318427161
Cnidaria	intersection	10	BP	GO:0050821	BP	2	53	16	2290	5.400943396226415	0.05127425318427161	0.05127425318427161
Cnidaria	stability	10	all	GO:0010498	BP	2	25	16	2290	11.450000000000001	0.012505683624220342	0.07253296502047799
Cnidaria	intersection	10	all	GO:0010498	BP	2	25	16	2290	11.450000000000001	0.012505683624220342	0.07253296502047799
Cnidaria	stability	10	all	GO:0006508	BP	2	30	16	2290	9.541666666666668	0.017768186489272322	0.07361105831269962
Cnidaria	stability	10	all	GO:0051082	MF	2	30	16	2290	9.541666666666668	0.017768186489272322	0.07361105831269962
Cnidaria	intersection	10	all	GO:0006508	BP	2	30	16	2290	9.541666666666668	0.017768186489272322	0.07361105831269962
Cnidaria	intersection	10	all	GO:0051082	MF	2	30	16	2290	9.541666666666668	0.017768186489272322	0.07361105831269962
Cnidaria	stability	10	MF	GO:0019899	MF	2	63	16	2290	4.5436507936507935	0.06979269954831621	0.13958539909663242
Cnidaria	intersection	10	MF	GO:0019899	MF	2	63	16	2290	4.5436507936507935	0.06979269954831621	0.13958539909663242
Cnidaria	stability	10	all	GO:0043066	BP	2	52	16	2290	5.504807692307692	0.04953934125219937	0.16521703803820853
Cnidaria	stability	10	all	GO:0050821	BP	2	53	16	2290	5.400943396226415	0.05127425318427161	0.16521703803820853
Cnidaria	intersection	10	all	GO:0043066	BP	2	52	16	2290	5.504807692307692	0.04953934125219937	0.16521703803820853
Cnidaria	intersection	10	all	GO:0050821	BP	2	53	16	2290	5.400943396226415	0.05127425318427161	0.16521703803820853
Cnidaria	stability	10	all	GO:0019899	MF	2	63	16	2290	4.5436507936507935	0.06979269954831621	0.1686656905750975
Cnidaria	stability	10	all	GO:0005856	CC	3	138	16	2290	3.111413043478261	0.06733599921831654	0.1686656905750975
Cnidaria	stability	10	all	GO:0032991	CC	3	138	16	2290	3.111413043478261	0.06733599921831654	0.1686656905750975
Cnidaria	intersection	10	all	GO:0019899	MF	2	63	16	2290	4.5436507936507935	0.06979269954831621	0.1686656905750975
Cnidaria	intersection	10	all	GO:0005856	CC	3	138	16	2290	3.111413043478261	0.06733599921831654	0.1686656905750975
Cnidaria	intersection	10	all	GO:0032991	CC	3	138	16	2290	3.111413043478261	0.06733599921831654	0.1686656905750975
Cnidaria	closeness	5	all	GO:0005654	CC	5	697	9	2290	1.8252829587119401	0.10381465421724105	0.19032686606494195
Cnidaria	closeness	5	all	GO:0005829	CC	6	913	9	2290	1.6721431179262505	0.09746235767108	0.19032686606494195
Cnidaria	closeness	5	all	GO:0005694	CC	2	116	9	2290	4.3869731800766285	0.07253425888231062	0.19032686606494195
Cnidaria	closeness	5	all	GO:0042802	MF	3	249	9	2290	3.0655957161981258	0.0649750151829077	0.19032686606494195
Cnidaria	closeness	5	CC	GO:0005730	CC	2	161	9	2290	3.1608005521048996	0.12768863565640237	0.19153295348460356
Cnidaria	closeness	5	CC	GO:0005654	CC	5	697	9	2290	1.8252829587119401	0.10381465421724105	0.19153295348460356
Cnidaria	closeness	5	CC	GO:0005829	CC	6	913	9	2290	1.6721431179262505	0.09746235767108	0.19153295348460356
Cnidaria	closeness	5	CC	GO:0005694	CC	2	116	9	2290	4.3869731800766285	0.07253425888231062	0.19153295348460356
Cnidaria	closeness	5	MF	GO:0042802	MF	3	249	9	2290	3.0655957161981258	0.0649750151829077	0.19492504554872309
Cnidaria	closeness	5	all	GO:0005730	CC	2	161	9	2290	3.1608005521048996	0.12768863565640237	0.2006535703172037
Cnidaria	stability	10	all	GO:0005765	CC	2	75	16	2290	3.816666666666667	0.09448828446477019	0.20926776239143305
Cnidaria	stability	10	all	GO:0005930	CC	2	78	16	2290	3.669871794871795	0.10102581632689872	0.20926776239143305
Cnidaria	intersection	10	all	GO:0005765	CC	2	75	16	2290	3.816666666666667	0.09448828446477019	0.20926776239143305
Cnidaria	intersection	10	all	GO:0005930	CC	2	78	16	2290	3.669871794871795	0.10102581632689872	0.20926776239143305
Cnidaria	stability	10	all	GO:0070062	CC	4	280	16	2290	2.044642857142857	0.12174117764034867	0.22065588447313197
Cnidaria	stability	10	all	GO:0005759	CC	2	87	16	2290	3.290229885057471	0.12138816827967516	0.22065588447313197
Cnidaria	intersection	10	all	GO:0070062	CC	4	280	16	2290	2.044642857142857	0.12174117764034867	0.22065588447313197
Cnidaria	intersection	10	all	GO:0005759	CC	2	87	16	2290	3.290229885057471	0.12138816827967516	0.22065588447313197
Cnidaria	stability	10	all	GO:0005737	CC	10	1049	16	2290	1.3643946615824596	0.1373133428392235	0.22391541214087451
Cnidaria	stability	10	all	GO:0005829	CC	9	913	16	2290	1.410870755750274	0.13898197994950834	0.22391541214087451
Cnidaria	intersection	10	all	GO:0005737	CC	10	1049	16	2290	1.3643946615824596	0.1373133428392235	0.22391541214087451
Cnidaria	intersection	10	all	GO:0005829	CC	9	913	16	2290	1.410870755750274	0.13898197994950834	0.22391541214087451
Coleoidea	closeness	5	MF	GO:0008574	MF	2	2	10	2290	229.0	1.7169641784023106e-05	0.00012018749248816175
Coleoidea	closeness	5	all	GO:0008574	MF	2	2	10	2290	229.0	1.7169641784023106e-05	0.0003433928356804621
Coleoidea	closeness	5	BP	GO:0016226	BP	2	11	10	2290	41.63636363636363	0.0009247001965488279	0.0018494003930976557
Coleoidea	closeness	5	BP	GO:0007018	BP	2	16	10	2290	28.625	0.0019941141460999767	0.0019941141460999767
Coleoidea	closeness	5	MF	GO:0003777	MF	2	11	10	2290	41.63636363636363	0.0009247001965488279	0.0032364506879208974
Coleoidea	closeness	5	all	GO:0005871	CC	2	7	10	2290	65.42857142857143	0.0003563793708518424	0.0035637937085184236
Coleoidea	closeness	5	CC	GO:0005871	CC	2	7	10	2290	65.42857142857143	0.0003563793708518424	0.003920173079370266
Coleoidea	stability	5	BP	GO:0072344	BP	2	16	10	2290	28.625	0.0019941141460999767	0.003988228292199953
Coleoidea	stability	5	BP	GO:0016485	BP	2	14	10	2290	32.714285714285715	0.001519280814211497	0.003988228292199953
Coleoidea	intersection	50	BP	GO:0006559	BP	2	2	49	2290	46.73469387755102	0.0004486999719559227	0.0044869997195592275
Coleoidea	intersection	50	BP	GO:0009072	BP	2	2	49	2290	46.73469387755102	0.0004486999719559227	0.0044869997195592275
Coleoidea	intersection	50	BP	GO:0006572	BP	2	2	49	2290	46.73469387755102	0.0004486999719559227	0.0044869997195592275
Coleoidea	closeness	5	all	GO:0003777	MF	2	11	10	2290	41.63636363636363	0.0009247001965488279	0.0046235009827441395
Coleoidea	closeness	5	all	GO:0016226	BP	2	11	10	2290	41.63636363636363	0.0009247001965488279	0.0046235009827441395
Coleoidea	closeness	5	all	GO:0007018	BP	2	16	10	2290	28.625	0.0019941141460999767	0.007976456584399907
Coleoidea	closeness	5	all	GO:0005930	CC	3	78	10	2290	8.807692307692308	0.0038392590032200725	0.010969311437771636
Coleoidea	closeness	5	all	GO:0005815	CC	2	22	10	2290	20.818181818181817	0.0037852653987959536	0.010969311437771636
Coleoidea	intersection	50	BP	GO:0000398	BP	5	41	49	2290	5.699352911896466	0.0015294798429526667	0.011471098822145
Coleoidea	intersection	50	all	GO:0006559	BP	2	2	49	2290	46.73469387755102	0.0004486999719559227	0.013460999158677682
Coleoidea	intersection	50	all	GO:0009072	BP	2	2	49	2290	46.73469387755102	0.0004486999719559227	0.013460999158677682
Coleoidea	intersection	50	all	GO:0006572	BP	2	2	49	2290	46.73469387755102	0.0004486999719559227	0.013460999158677682
Coleoidea	closeness	5	CC	GO:0005930	CC	3	78	10	2290	8.807692307692308	0.0038392590032200725	0.014077283011806933
Coleoidea	closeness	5	CC	GO:0005815	CC	2	22	10	2290	20.818181818181817	0.0037852653987959536	0.014077283011806933
Coleoidea	stability	5	all	GO:0072344	BP	2	16	10	2290	28.625	0.0019941141460999767	0.01810235512809918
Coleoidea	stability	5	all	GO:0016485	BP	2	14	10	2290	32.714285714285715	0.001519280814211497	0.01810235512809918
Coleoidea	stability	5	all	GO:0005768	CC	3	64	10	2290	10.734375	0.0021722826153719016	0.01810235512809918
Coleoidea	intersection	50	BP	GO:0034498	BP	2	6	49	2290	15.578231292517005	0.006370067916644901	0.0191102037499347
Coleoidea	intersection	50	BP	GO:0071300	BP	2	6	49	2290	15.578231292517005	0.006370067916644901	0.0191102037499347
Coleoidea	intersection	50	BP	GO:0006139	BP	2	6	49	2290	15.578231292517005	0.006370067916644901	0.0191102037499347
Coleoidea	intersection	50	BP	GO:0006412	BP	5	55	49	2290	4.24860853432282	0.005668779833628099	0.0191102037499347
Coleoidea	intersection	50	BP	GO:0032790	BP	2	6	49	2290	15.578231292517005	0.006370067916644901	0.0191102037499347
Coleoidea	intersection	50	BP	GO:0036297	BP	2	6	49	2290	15.578231292517005	0.006370067916644901	0.0191102037499347
Coleoidea	intersection	50	BP	GO:0006103	BP	2	7	49	2290	13.352769679300291	0.008796659085589785	0.023990888415244868
Coleoidea	closeness	5	all	GO:0015630	CC	2	41	10	2290	11.170731707317074	0.01285359035428426	0.03213397588571065
Coleoidea	stability	5	CC	GO:0005768	CC	3	64	10	2290	10.734375	0.0021722826153719016	0.03258423923057852
Coleoidea	intersection	50	all	GO:0000398	BP	5	41	49	2290	5.699352911896466	0.0015294798429526667	0.034413296466435
Coleoidea	closeness	5	all	GO:0008017	MF	2	47	10	2290	9.74468085106383	0.016708909910236984	0.03483346762863109
Coleoidea	closeness	5	all	GO:0005813	CC	3	139	10	2290	4.942446043165468	0.019158407195747098	0.03483346762863109
Coleoidea	closeness	5	all	GO:0005814	CC	2	49	10	2290	9.346938775510205	0.018092567280960762	0.03483346762863109
Coleoidea	closeness	5	CC	GO:0015630	CC	2	41	10	2290	11.170731707317074	0.01285359035428426	0.03512374652553635
Coleoidea	closeness	5	CC	GO:0005813	CC	3	139	10	2290	4.942446043165468	0.019158407195747098	0.03512374652553635
Coleoidea	closeness	5	CC	GO:0005814	CC	2	49	10	2290	9.346938775510205	0.018092567280960762	0.03512374652553635
Coleoidea	intersection	50	BP	GO:0006259	BP	2	9	49	2290	10.38548752834467	0.01467298128072725	0.03668245320181813
Coleoidea	closeness	5	MF	GO:0008017	MF	2	47	10	2290	9.74468085106383	0.016708909910236984	0.03898745645721963
Coleoidea	intersection	50	BP	GO:0045739	BP	2	10	49	2290	9.346938775510203	0.018092567280964835	0.04175207834068809
Coleoidea	intersection	50	BP	GO:0016226	BP	2	11	49	2290	8.49721706864564	0.021813783430344725	0.04674382163645298
Coleoidea	intersection	50	all	GO:0043024	MF	2	4	49	2290	23.36734693877551	0.0026190185979139426	0.047142334762450964
Coleoidea	intersection	50	BP	GO:0010212	BP	2	12	49	2290	7.7891156462585025	0.025822703961210485	0.04841756992726966
Coleoidea	intersection	50	BP	GO:0006413	BP	3	30	49	2290	4.673469387755103	0.02492049099827737	0.04841756992726966
Coleoidea	intersection	50	all	GO:0034498	BP	2	6	49	2290	15.578231292517005	0.006370067916644901	0.05211873749982192
Coleoidea	intersection	50	all	GO:0071300	BP	2	6	49	2290	15.578231292517005	0.006370067916644901	0.05211873749982192
Coleoidea	intersection	50	all	GO:0006139	BP	2	6	49	2290	15.578231292517005	0.006370067916644901	0.05211873749982192
Coleoidea	intersection	50	all	GO:0006412	BP	5	55	49	2290	4.24860853432282	0.005668779833628099	0.05211873749982192
Coleoidea	intersection	50	all	GO:0032790	BP	2	6	49	2290	15.578231292517005	0.006370067916644901	0.05211873749982192
Coleoidea	intersection	50	all	GO:0036297	BP	2	6	49	2290	15.578231292517005	0.006370067916644901	0.05211873749982192
Coleoidea	stability	5	all	GO:0005770	CC	2	33	10	2290	13.878787878787879	0.008432588071211972	0.05270367544507482
Coleoidea	intersection	50	BP	GO:0140861	BP	2	13	49	2290	7.189952904238617	0.030105839904014952	0.053127952771791095
Coleoidea	stability	5	CC	GO:0005770	CC	2	33	10	2290	13.878787878787879	0.008432588071211972	0.06324441053408979
Coleoidea	stability	5	all	GO:0022626	CC	2	41	10	2290	11.170731707317074	0.01285359035428426	0.06426795177142129
Coleoidea	stability	5	CC	GO:0022626	CC	2	41	10	2290	11.170731707317074	0.01285359035428426	0.06426795177142129
Coleoidea	intersection	50	all	GO:0006103	BP	2	7	49	2290	13.352769679300291	0.008796659085589785	0.06597494314192338
Coleoidea	intersection	50	MF	GO:0043024	MF	2	4	49	2290	23.36734693877551	0.0026190185979139426	0.07071350214367646
Coleoidea	stability	5	all	GO:0019899	MF	2	63	10	2290	7.26984126984127	0.02907946588843699	0.08318733206228149
Coleoidea	stability	5	all	GO:0003677	MF	3	161	10	2290	4.267080745341614	0.028348124916956687	0.08318733206228149
Coleoidea	stability	5	all	GO:0010008	CC	2	64	10	2290	7.15625	0.029947439542421333	0.08318733206228149
Coleoidea	stability	5	all	GO:0005769	CC	2	62	10	2290	7.387096774193548	0.02822219002200441	0.08318733206228149
Coleoidea	closeness	5	all	GO:0016887	MF	2	86	10	2290	5.325581395348837	0.05157318698628213	0.08595531164380354
Coleoidea	stability	5	MF	GO:0019899	MF	2	63	10	2290	7.26984126984127	0.02907946588843699	0.08723839766531097
Coleoidea	stability	5	MF	GO:0003677	MF	3	161	10	2290	4.267080745341614	0.028348124916956687	0.08723839766531097
Coleoidea	stability	5	CC	GO:0010008	CC	2	64	10	2290	7.15625	0.029947439542421333	0.089842318627264
Coleoidea	stability	5	CC	GO:0005769	CC	2	62	10	2290	7.387096774193548	0.02822219002200441	0.089842318627264
Coleoidea	closeness	5	MF	GO:0016887	MF	2	86	10	2290	5.325581395348837	0.05157318698628213	0.09025307722599374
Coleoidea	closeness	5	MF	GO:0005524	MF	3	225	10	2290	3.0533333333333332	0.06680368667267739	0.09352516134174835
Coleoidea	intersection	50	all	GO:0071013	CC	3	24	49	2290	5.841836734693877	0.013588274212060584	0.09407266762195789
Coleoidea	intersection	50	all	GO:0006259	BP	2	9	49	2290	10.38548752834467	0.01467298128072725	0.09432630823324661
Coleoidea	intersection	50	all	GO:0045739	BP	2	10	49	2290	9.346938775510203	0.018092567280964835	0.09759255598624401
Coleoidea	intersection	50	all	GO:0071007	CC	2	10	49	2290	9.346938775510203	0.018092567280964835	0.09759255598624401
Coleoidea	intersection	50	all	GO:0005739	CC	11	260	49	2290	1.9772370486656201	0.018434149464068315	0.09759255598624401
Coleoidea	closeness	5	all	GO:0005524	MF	3	225	10	2290	3.0533333333333332	0.06680368667267739	0.10277490257334983
Coleoidea	intersection	50	all	GO:0003723	MF	13	339	49	2290	1.7921859009090362	0.021994855669506774	0.10418615843450577
Coleoidea	intersection	50	all	GO:0016226	BP	2	11	49	2290	8.49721706864564	0.021813783430344725	0.10418615843450577
Coleoidea	intersection	50	BP	GO:0006302	BP	2	20	49	2290	4.673469387755102	0.06671919825569021	0.10534610250898453
Coleoidea	intersection	50	BP	GO:0006282	BP	2	20	49	2290	4.673469387755102	0.06671919825569021	0.10534610250898453
Coleoidea	intersection	50	all	GO:0010212	BP	2	12	49	2290	7.7891156462585025	0.025822703961210485	0.11066873126233065
Coleoidea	intersection	50	all	GO:0006413	BP	3	30	49	2290	4.673469387755103	0.02492049099827737	0.11066873126233065
Coleoidea	stability	5	MF	GO:0003682	MF	2	108	10	2290	4.2407407407407405	0.07744265926032184	0.11489157140654764
Coleoidea	stability	5	MF	GO:0005524	MF	3	225	10	2290	3.0533333333333332	0.06680368667267739	0.11489157140654764
Coleoidea	stability	5	MF	GO:0008270	MF	2	122	10	2290	3.754098360655738	0.09574297617212303	0.11489157140654764
Coleoidea	intersection	50	all	GO:0140861	BP	2	13	49	2290	7.189952904238617	0.030105839904014952	0.12316025415278845
Coleoidea	stability	5	BP	GO:0045944	BP	2	147	10	2290	3.1156462585034017	0.13129930456906316	0.13129930456906316
Coleoidea	stability	5	BP	GO:0006357	BP	2	139	10	2290	3.294964028776979	0.11956471013887641	0.13129930456906316
Coleoidea	stability	5	all	GO:0005759	CC	2	87	10	2290	5.264367816091954	0.052663426653544274	0.1316585666338607
Coleoidea	stability	5	CC	GO:0005759	CC	2	87	10	2290	5.264367816091954	0.052663426653544274	0.1316585666338607
Coleoidea	intersection	50	all	GO:0003924	MF	3	35	49	2290	4.005830903790088	0.037295064676692746	0.14593720960444986
Coleoidea	stability	5	all	GO:0005524	MF	3	225	10	2290	3.0533333333333332	0.06680368667267739	0.15182656061972133
Coleoidea	intersection	50	all	GO:0005743	CC	5	90	49	2290	2.5963718820861676	0.04092613902565719	0.15347302134621446
Coleoidea	closeness	5	all	GO:0005856	CC	2	138	10	2290	3.3188405797101455	0.11812001513234667	0.15749335350979557
Coleoidea	closeness	5	all	GO:0005737	CC	7	1049	10	2290	1.5281220209723545	0.111163560395791	0.15749335350979557
Coleoidea	stability	5	all	GO:0003682	MF	2	108	10	2290	4.2407407407407405	0.07744265926032184	0.16133887345900386
Coleoidea	closeness	5	CC	GO:0005856	CC	2	138	10	2290	3.3188405797101455	0.11812001513234667	0.16241502080697667
Coleoidea	closeness	5	CC	GO:0005737	CC	7	1049	10	2290	1.5281220209723545	0.111163560395791	0.16241502080697667
Coleoidea	stability	5	all	GO:0005739	CC	3	260	10	2290	2.6423076923076922	0.09495412110583547	0.17096960030736258
Coleoidea	stability	5	all	GO:0008270	MF	2	122	10	2290	3.754098360655738	0.09574297617212303	0.17096960030736258
Coleoidea	intersection	50	all	GO:0005681	CC	2	17	49	2290	5.498199279711884	0.04972539866596262	0.17901143519746543
Coleoidea	intersection	50	BP	GO:0006979	BP	2	29	49	2290	3.223082336382829	0.12644441814538543	0.18966662721807814
Coleoidea	intersection	50	BP	GO:0002181	BP	2	30	49	2290	3.1156462585034013	0.1336961272271785	0.19099446746739784
Coleoidea	intersection	50	all	GO:0022626	CC	3	41	49	2290	3.4196117471378797	0.05558216845398311	0.19239981387917232
Coleoidea	intersection	50	all	GO:0003735	MF	3	42	49	2290	3.338192419825073	0.0589810981312625	0.19660366043754166
Coleoidea	stability	5	all	GO:0006357	BP	2	139	10	2290	3.294964028776979	0.11956471013887641	0.19927451689812736
Coleoidea	intersection	50	all	GO:0006302	BP	2	20	49	2290	4.673469387755102	0.06671919825569021	0.20015759476707062
Coleoidea	intersection	50	all	GO:0006282	BP	2	20	49	2290	4.673469387755102	0.06671919825569021	0.20015759476707062
Coleoidea	intersection	50	all	GO:0005840	CC	3	43	49	2290	3.2605600379686757	0.06247694568749032	0.20015759476707062
Coleoidea	intersection	50	CC	GO:0071013	CC	3	24	49	2290	5.841836734693877	0.013588274212060584	0.20277564410475146
Coleoidea	intersection	50	CC	GO:0071007	CC	2	10	49	2290	9.346938775510203	0.018092567280964835	0.20277564410475146
Coleoidea	intersection	50	CC	GO:0005739	CC	11	260	49	2290	1.9772370486656201	0.018434149464068315	0.20277564410475146
Coleoidea	stability	5	CC	GO:0005739	CC	3	260	10	2290	2.6423076923076922	0.09495412110583547	0.2034731166553617
Coleoidea	stability	5	all	GO:0000785	CC	2	152	10	2290	3.0131578947368425	0.13878435333723196	0.20409463726063523
Coleoidea	stability	5	all	GO:0045944	BP	2	147	10	2290	3.1156462585034017	0.13129930456906316	0.20409463726063523
Coleoidea	stability	5	MF	GO:0005515	MF	10	1959	10	2290	1.1689637570188873	0.20919111340478677	0.20919111340478677
Coleoidea	stability	5	all	GO:0005730	CC	2	161	10	2290	2.8447204968944098	0.1525237633413171	0.21183856019627373
Coleoidea	intersection	50	all	GO:0005815	CC	2	22	49	2290	4.24860853432282	0.07896970393245986	0.2292668823845609
Coleoidea	intersection	50	all	GO:0043130	MF	2	23	49	2290	4.063886424134871	0.08534118229618574	0.23274867898959747
Coleoidea	intersection	50	all	GO:0034451	CC	2	23	49	2290	4.063886424134871	0.08534118229618574	0.23274867898959747
Coleoidea	intersection	50	BP	GO:0007399	BP	2	36	49	2290	2.5963718820861676	0.1789408841755997	0.23340115327252134
Coleoidea	intersection	50	BP	GO:0006357	BP	5	139	49	2290	1.681104096314785	0.17295118600943224	0.23340115327252134
Ctenophora	intersection	5	BP	GO:1901289	BP	2	3	4	2290	381.6666666666667	6.863854466126768e-06	1.715963616531692e-05
Ctenophora	intersection	5	BP	GO:0006105	BP	2	3	4	2290	381.6666666666667	6.863854466126768e-06	1.715963616531692e-05
Ctenophora	intersection	5	CC	GO:0042709	CC	2	2	4	2290	572.5	2.289285571205589e-06	2.0603570140850302e-05
Ctenophora	intersection	5	BP	GO:0006104	BP	2	4	4	2290	286.25	1.3719707062217827e-05	2.2866178437029713e-05
Ctenophora	stability	5	MF	GO:0005524	MF	7	225	9	2290	7.91604938271605	2.4549653065731448e-06	2.9459583678877736e-05
Ctenophora	intersection	5	all	GO:0042709	CC	2	2	4	2290	572.5	2.289285571205589e-06	3.7751199563697224e-05
Ctenophora	intersection	5	all	GO:1901289	BP	2	3	4	2290	381.6666666666667	6.863854466126768e-06	3.7751199563697224e-05
Ctenophora	intersection	5	all	GO:0004775	MF	2	3	4	2290	381.6666666666667	6.863854466126768e-06	3.7751199563697224e-05
Ctenophora	intersection	5	all	GO:0006105	BP	2	3	4	2290	381.6666666666667	6.863854466126768e-06	3.7751199563697224e-05
Ctenophora	intersection	5	MF	GO:0004775	MF	2	3	4	2290	381.6666666666667	6.863854466126768e-06	5.4910835729014144e-05
Ctenophora	intersection	5	all	GO:0006104	BP	2	4	4	2290	286.25	1.3719707062217827e-05	6.036671107375844e-05
Ctenophora	stability	5	all	GO:0005524	MF	7	225	9	2290	7.91604938271605	2.4549653065731448e-06	9.81986122629258e-05
Ctenophora	intersection	5	all	GO:0000146	MF	2	6	4	2290	190.83333333333334	3.4259277993044856e-05	0.00012561735264116447
Ctenophora	intersection	5	MF	GO:0000146	MF	2	6	4	2290	190.83333333333334	3.4259277993044856e-05	0.00013703711197217942
Ctenophora	intersection	5	all	GO:0016459	CC	2	8	4	2290	143.125	6.387605388358589e-05	0.00020075331220555565
Ctenophora	intersection	5	MF	GO:0005524	MF	4	225	4	2290	10.177777777777779	9.09672182253963e-05	0.0002050762645074792
Ctenophora	intersection	5	MF	GO:0003774	MF	2	10	4	2290	114.5	0.0001025381322537396	0.0002050762645074792
Ctenophora	stability	5	BP	GO:1901289	BP	2	3	9	2290	169.62962962962962	4.112309308418406e-05	0.00020561546542092028
Ctenophora	stability	5	BP	GO:0006105	BP	2	3	9	2290	169.62962962962962	4.112309308418406e-05	0.00020561546542092028
Ctenophora	intersection	5	BP	GO:0006099	BP	2	13	4	2290	88.07692307692307	0.00017742150864272674	0.00022177688580340843
Ctenophora	stability	5	MF	GO:0004775	MF	2	3	9	2290	169.62962962962962	4.112309308418406e-05	0.00024673855850510434
Ctenophora	stability	5	CC	GO:0042709	CC	2	2	9	2290	254.44444444444443	1.3735713427233529e-05	0.00024724284169020354
Ctenophora	intersection	5	all	GO:0005524	MF	4	225	4	2290	10.177777777777779	9.09672182253963e-05	0.00025015985011983983
Ctenophora	intersection	5	all	GO:0003774	MF	2	10	4	2290	114.5	0.0001025381322537396	0.00025064876773136347
Ctenophora	stability	5	BP	GO:0006104	BP	2	4	9	2290	127.22222222222221	8.20784225230961e-05	0.0002735947417436537
Ctenophora	stability	5	all	GO:0042709	CC	2	2	9	2290	254.44444444444443	1.3735713427233529e-05	0.00027471426854467056
Ctenophora	intersection	5	CC	GO:0016459	CC	2	8	4	2290	143.125	6.387605388358589e-05	0.0002874422424761365
Ctenophora	closeness	5	BP	GO:1901289	BP	2	3	10	2290	152.66666666666669	5.138885792713928e-05	0.0003083331475628357
Ctenophora	closeness	5	BP	GO:0006105	BP	2	3	10	2290	152.66666666666669	5.138885792713928e-05	0.0003083331475628357
Ctenophora	intersection	5	BP	GO:0007605	BP	2	17	4	2290	67.3529411764706	0.0003086275568786184	0.0003086275568786184
Ctenophora	closeness	5	CC	GO:0042709	CC	2	2	10	2290	229.0	1.7169641784023106e-05	0.000326223193896439
Ctenophora	stability	5	all	GO:1901289	BP	2	3	9	2290	169.62962962962962	4.112309308418406e-05	0.00032898474467347246
Ctenophora	stability	5	all	GO:0004775	MF	2	3	9	2290	169.62962962962962	4.112309308418406e-05	0.00032898474467347246
Ctenophora	stability	5	all	GO:0006105	BP	2	3	9	2290	169.62962962962962	4.112309308418406e-05	0.00032898474467347246
Ctenophora	intersection	5	all	GO:0032420	CC	2	12	4	2290	95.41666666666667	0.00015021365262370657	0.00033047003577215447
Ctenophora	intersection	5	all	GO:0006099	BP	2	13	4	2290	88.07692307692307	0.00017742150864272674	0.0003548430172854535
Ctenophora	closeness	5	BP	GO:0006104	BP	2	4	10	2290	114.5	0.0001025381322536275	0.00041015252901451
Ctenophora	intersection	5	CC	GO:0032420	CC	2	12	4	2290	95.41666666666667	0.00015021365262370657	0.0004506409578711197
Ctenophora	intersection	5	all	GO:0001917	CC	2	16	4	2290	71.5625	0.00027247778743991744	0.0004995426103065153
Ctenophora	stability	5	BP	GO:1904874	BP	2	6	9	2290	84.81481481481481	0.0002043597129194611	0.0005108992822986528
Ctenophora	closeness	5	BP	GO:0045214	BP	2	5	10	2290	91.60000000000001	0.00017049849790884433	0.000511495493726533
Ctenophora	intersection	5	all	GO:0007605	BP	2	17	4	2290	67.3529411764706	0.0003086275568786184	0.0005222927885638157
Ctenophora	stability	5	all	GO:0006104	BP	2	4	9	2290	127.22222222222221	8.20784225230961e-05	0.0005471894834873074
Ctenophora	stability	5	BP	GO:1904871	BP	2	7	9	2290	72.6984126984127	0.00028551988606048066	0.0005710397721209613
Ctenophora	closeness	5	all	GO:0042709	CC	2	2	10	2290	229.0	1.7169641784023106e-05	0.0005909718661621017
Ctenophora	closeness	5	all	GO:1901289	BP	2	3	10	2290	152.66666666666669	5.138885792713928e-05	0.0005909718661621017
Ctenophora	closeness	5	all	GO:0004775	MF	2	3	10	2290	152.66666666666669	5.138885792713928e-05	0.0005909718661621017
Ctenophora	closeness	5	all	GO:0006105	BP	2	3	10	2290	152.66666666666669	5.138885792713928e-05	0.0005909718661621017
Ctenophora	intersection	5	CC	GO:0001917	CC	2	16	4	2290	71.5625	0.00027247778743991744	0.0006130750217398142
Ctenophora	stability	5	MF	GO:0000146	MF	2	6	9	2290	84.81481481481481	0.0002043597129194611	0.0006130791387583834
Ctenophora	stability	5	MF	GO:0016887	MF	4	86	9	2290	11.834625322997415	0.00020245549052279224	0.0006130791387583834
Ctenophora	closeness	5	MF	GO:0004198	MF	2	4	10	2290	114.5	0.0001025381322536275	0.0006313885505870158
Ctenophora	closeness	5	MF	GO:0005524	MF	6	225	10	2290	6.1066666666666665	0.00012627771011740316	0.0006313885505870158
Ctenophora	closeness	5	MF	GO:0004775	MF	2	3	10	2290	152.66666666666669	5.138885792713928e-05	0.0006313885505870158
Ctenophora	closeness	5	all	GO:0030018	CC	3	23	10	2290	29.8695652173913	0.00010153470072070689	0.0006738220119524094
Ctenophora	closeness	5	all	GO:0004198	MF	2	4	10	2290	114.5	0.0001025381322536275	0.0006738220119524094
Ctenophora	closeness	5	all	GO:0006104	BP	2	4	10	2290	114.5	0.0001025381322536275	0.0006738220119524094
Ctenophora	closeness	5	all	GO:0005524	MF	6	225	10	2290	6.1066666666666665	0.00012627771011740316	0.0007260968331750682
Ctenophora	stability	5	all	GO:0000146	MF	2	6	9	2290	84.81481481481481	0.0002043597129194611	0.0008174388516778444
Ctenophora	stability	5	all	GO:0016887	MF	4	86	9	2290	11.834625322997415	0.00020245549052279224	0.0008174388516778444
Ctenophora	stability	5	all	GO:0005832	CC	2	6	9	2290	84.81481481481481	0.0002043597129194611	0.0008174388516778444
Ctenophora	stability	5	all	GO:1904874	BP	2	6	9	2290	84.81481481481481	0.0002043597129194611	0.0008174388516778444
Ctenophora	closeness	5	all	GO:0045214	BP	2	5	10	2290	91.60000000000001	0.00017049849790884433	0.0008714367670896489
Ctenophora	closeness	5	MF	GO:0000146	MF	2	6	10	2290	76.33333333333334	0.0002551515354354208	0.000956818257882828
Ctenophora	closeness	5	CC	GO:0030018	CC	3	23	10	2290	29.8695652173913	0.00010153470072070689	0.0009645796568467155
Ctenophora	stability	5	BP	GO:0032212	BP	2	10	9	2290	50.888888888888886	0.0006080906553506588	0.0010134844255844312
Ctenophora	stability	5	all	GO:1904871	BP	2	7	9	2290	72.6984126984127	0.00028551988606048066	0.0010382541311290206
Ctenophora	intersection	5	all	GO:0005516	MF	2	26	4	2290	44.03846153846153	0.0007336512108627272	0.001152880474212857
Ctenophora	closeness	5	all	GO:0000146	MF	2	6	10	2290	76.33333333333334	0.0002551515354354208	0.0011736970630029356
Ctenophora	intersection	5	MF	GO:0005516	MF	2	26	4	2290	44.03846153846153	0.0007336512108627272	0.0011738419373803636
Ctenophora	stability	5	MF	GO:0003774	MF	2	10	9	2290	50.888888888888886	0.0006080906553506588	0.0012161813107013175
Ctenophora	stability	5	MF	GO:0140662	MF	2	10	9	2290	50.888888888888886	0.0006080906553506588	0.0012161813107013175
Ctenophora	stability	5	all	GO:0016459	CC	2	8	9	2290	63.61111111111111	0.0003799164314300788	0.0012663881047669293
Ctenophora	stability	5	BP	GO:0006099	BP	2	13	9	2290	39.14529914529914	0.001047583397150687	0.0014965477102152672
Ctenophora	closeness	5	MF	GO:0051015	MF	3	39	10	2290	17.615384615384617	0.0005049393228500408	0.0015148179685501224
Ctenophora	closeness	5	MF	GO:0003824	MF	3	42	10	2290	16.357142857142858	0.0006298926048771795	0.0015747315121929489
Ctenophora	stability	5	all	GO:0003774	MF	2	10	9	2290	50.888888888888886	0.0006080906553506588	0.00162157508093509
Ctenophora	stability	5	all	GO:0140662	MF	2	10	9	2290	50.888888888888886	0.0006080906553506588	0.00162157508093509
Ctenophora	stability	5	all	GO:0032212	BP	2	10	9	2290	50.888888888888886	0.0006080906553506588	0.00162157508093509
Ctenophora	closeness	5	MF	GO:0003774	MF	2	10	10	2290	45.800000000000004	0.000758341066667853	0.0016250165714311138
Ctenophora	stability	5	CC	GO:0005832	CC	2	6	9	2290	84.81481481481481	0.0002043597129194611	0.00183923741627515
Ctenophora	closeness	5	all	GO:0051015	MF	3	39	10	2290	17.615384615384617	0.0005049393228500408	0.001935600737591823
Ctenophora	closeness	5	all	GO:0016459	CC	2	8	10	2290	57.25	0.0004740646737435535	0.001935600737591823
Ctenophora	closeness	5	all	GO:0003824	MF	3	42	10	2290	16.357142857142858	0.0006298926048771795	0.0020696471303107327
Ctenophora	closeness	5	all	GO:0015629	CC	3	42	10	2290	16.357142857142858	0.0006298926048771795	0.0020696471303107327
Ctenophora	stability	5	all	GO:0032420	CC	2	12	9	2290	42.407407407407405	0.0008882296618982608	0.002220574154745652
Ctenophora	stability	5	BP	GO:0007605	BP	2	17	9	2290	29.934640522875817	0.001811686173604423	0.002264607717005529
Ctenophora	stability	5	CC	GO:0016459	CC	2	8	9	2290	63.61111111111111	0.0003799164314300788	0.0022794985885804726
Ctenophora	closeness	5	all	GO:0003774	MF	2	10	10	2290	45.800000000000004	0.000758341066667853	0.0023255792711147495
Ctenophora	stability	5	all	GO:0006099	BP	2	13	9	2290	39.14529914529914	0.001047583397150687	0.002464902110942793
Ctenophora	intersection	5	MF	GO:0003824	MF	2	42	4	2290	27.261904761904763	0.0019254228915543264	0.002525705068647656
Ctenophora	intersection	5	MF	GO:0000287	MF	2	45	4	2290	25.444444444444443	0.002209991935066699	0.002525705068647656
Ctenophora	closeness	5	BP	GO:0071277	BP	2	12	10	2290	38.16666666666667	0.0011070528698085827	0.002610568890669265
Ctenophora	closeness	5	BP	GO:0006099	BP	2	13	10	2290	35.23076923076923	0.0013052844453346325	0.002610568890669265
Ctenophora	intersection	5	all	GO:0003824	MF	2	42	4	2290	27.261904761904763	0.0019254228915543264	0.002647456475887199
Ctenophora	intersection	5	all	GO:0015629	CC	2	42	4	2290	27.261904761904763	0.0019254228915543264	0.002647456475887199
Ctenophora	stability	5	MF	GO:0044183	MF	2	16	9	2290	31.805555555555554	0.0016018169489015563	0.002745971912402668
Ctenophora	intersection	5	all	GO:0000287	MF	2	45	4	2290	25.444444444444443	0.002209991935066699	0.002859989563027493
Ctenophora	closeness	5	CC	GO:0015629	CC	3	42	10	2290	16.357142857142858	0.0006298926048771795	0.002991989873166603
Ctenophora	closeness	5	CC	GO:0016459	CC	2	8	10	2290	57.25	0.0004740646737435535	0.002991989873166603
Ctenophora	closeness	5	all	GO:0071277	BP	2	12	10	2290	38.16666666666667	0.0011070528698085827	0.0029955548241879294
Ctenophora	closeness	5	all	GO:0032420	CC	2	12	10	2290	38.16666666666667	0.0011070528698085827	0.0029955548241879294
Ctenophora	stability	5	all	GO:0044297	CC	2	15	9	2290	33.925925925925924	0.0014044570223925928	0.0031210156053168726
Ctenophora	stability	5	all	GO:0001917	CC	2	16	9	2290	31.805555555555554	0.0016018169489015563	0.0032036338978031127
Ctenophora	stability	5	all	GO:0044183	MF	2	16	9	2290	31.805555555555554	0.0016018169489015563	0.0032036338978031127
Ctenophora	closeness	5	all	GO:0006099	BP	2	13	10	2290	35.23076923076923	0.0013052844453346325	0.003335726915855172
Ctenophora	stability	5	all	GO:0007605	BP	2	17	9	2290	29.934640522875817	0.001811686173604423	0.0034508308068655676
Ctenophora	intersection	5	CC	GO:0015629	CC	2	42	4	2290	27.261904761904763	0.0019254228915543264	0.0034657612047977876
Ctenophora	closeness	5	BP	GO:0007605	BP	2	17	10	2290	26.94117647058824	0.0022547255353815143	0.0038652437749397387
Ctenophora	stability	5	CC	GO:0032420	CC	2	12	9	2290	42.407407407407405	0.0008882296618982608	0.003997033478542173
Ctenophora	closeness	5	MF	GO:0106310	MF	3	64	10	2290	10.734375	0.0021722826153719016	0.004073029903822315
Ctenophora	closeness	5	CC	GO:0032420	CC	2	12	10	2290	38.16666666666667	0.0011070528698085827	0.004206800905272614
Ctenophora	closeness	5	all	GO:0005856	CC	4	138	10	2290	6.637681159420291	0.001994744353087416	0.0045879120121010575
Ctenophora	closeness	5	all	GO:0001917	CC	2	16	10	2290	28.625	0.0019941141460999767	0.0045879120121010575
Ctenophora	closeness	5	all	GO:0007605	BP	2	17	10	2290	26.94117647058824	0.0022547255353815143	0.004714426119434075
Ctenophora	closeness	5	all	GO:0106310	MF	3	64	10	2290	10.734375	0.0021722826153719016	0.004714426119434075
Ctenophora	stability	5	CC	GO:0001917	CC	2	16	9	2290	31.805555555555554	0.0016018169489015563	0.004805450846704669
Ctenophora	stability	5	CC	GO:0044297	CC	2	15	9	2290	33.925925925925924	0.0014044570223925928	0.004805450846704669
Ctenophora	closeness	5	MF	GO:0004674	MF	3	71	10	2290	9.676056338028168	0.0029318139833731157	0.004886356638955192
Ctenophora	closeness	5	CC	GO:0005856	CC	4	138	10	2290	6.637681159420291	0.001994744353087416	0.005414306101237272
Ctenophora	closeness	5	CC	GO:0001917	CC	2	16	10	2290	28.625	0.0019941141460999767	0.005414306101237272
Ctenophora	closeness	5	all	GO:0004674	MF	3	71	10	2290	9.676056338028168	0.0029318139833731157	0.005863627966746232
Ctenophora	closeness	5	all	GO:0005925	CC	3	74	10	2290	9.283783783783782	0.003302051239829686	0.0063289315430068984
Ctenophora	stability	5	MF	GO:0005516	MF	2	26	9	2290	19.57264957264957	0.004250465894227965	0.006375698841341948
Ctenophora	closeness	5	MF	GO:0004672	MF	3	82	10	2290	8.378048780487806	0.004427780661108661	0.006641670991662992
Ctenophora	closeness	5	BP	GO:0000165	BP	2	24	10	2290	19.083333333333336	0.004501580953431617	0.006752371430147426
Ctenophora	closeness	5	MF	GO:0005516	MF	2	26	10	2290	17.615384615384617	0.005276073766217643	0.007194646044842241
Ctenophora	stability	5	MF	GO:0051082	MF	2	30	9	2290	16.962962962962962	0.005642731706920237	0.0075236422758936505
Ctenophora	stability	5	all	GO:0005516	MF	2	26	9	2290	19.57264957264957	0.004250465894227965	0.007728119807687209
Ctenophora	closeness	5	CC	GO:0005925	CC	3	74	10	2290	9.283783783783782	0.003302051239829686	0.007842371694595503
Ctenophora	closeness	5	all	GO:0004672	MF	3	82	10	2290	8.378048780487806	0.004427780661108661	0.0079643355329944
Ctenophora	closeness	5	all	GO:0000165	BP	2	24	10	2290	19.083333333333336	0.004501580953431617	0.0079643355329944
Ctenophora	closeness	5	all	GO:0005737	CC	9	1049	10	2290	1.9647283126787418	0.005139822731502906	0.008667835473071843
Ctenophora	closeness	5	all	GO:0005516	MF	2	26	10	2290	17.615384615384617	0.005276073766217643	0.008667835473071843
Ctenophora	closeness	5	BP	GO:0006508	BP	2	30	10	2290	15.266666666666667	0.006996155624791811	0.009328207499722414
Ctenophora	stability	5	all	GO:0051082	MF	2	30	9	2290	16.962962962962962	0.005642731706920237	0.009813446446817803
Ctenophora	intersection	5	all	GO:0005759	CC	2	87	4	2290	13.160919540229884	0.008145842068629675	0.009956029194991826
Ctenophora	stability	5	all	GO:0005874	CC	2	32	9	2290	15.902777777777777	0.006407741183669577	0.010679568639449294
Ctenophora	closeness	5	CC	GO:0005737	CC	9	1049	10	2290	1.9647283126787418	0.005139822731502906	0.010850736877617246
Ctenophora	closeness	5	all	GO:0006508	BP	2	30	10	2290	15.266666666666667	0.006996155624791811	0.011097350301393905
Ctenophora	closeness	5	BP	GO:0030036	BP	2	36	10	2290	12.722222222222223	0.009991347188117379	0.011989616625740853
Ctenophora	intersection	5	CC	GO:0005759	CC	2	87	4	2290	13.160919540229884	0.008145842068629675	0.012218763102944513
Ctenophora	stability	5	BP	GO:0006457	BP	2	43	9	2290	11.834625322997415	0.011406024863055905	0.012673360958951005
Ctenophora	stability	5	MF	GO:0003824	MF	2	42	9	2290	12.116402116402117	0.010897798714403065	0.013077358457283677
Ctenophora	stability	5	MF	GO:0000287	MF	2	45	9	2290	11.30864197530864	0.012453845198830754	0.013586012944179004
Ctenophora	closeness	5	all	GO:0030036	BP	2	36	10	2290	12.722222222222223	0.009991347188117379	0.015320065688446648
Ctenophora	closeness	5	all	GO:0005938	CC	2	38	10	2290	12.05263157894737	0.011097105984960881	0.01646667339703873
Ctenophora	stability	5	CC	GO:0005874	CC	2	32	9	2290	15.902777777777777	0.006407741183669577	0.01647704875800748
Ctenophora	closeness	5	BP	GO:0007165	BP	3	128	10	2290	5.3671875	0.015324224914594063	0.01671733627046625
Ctenophora	stability	5	all	GO:0015629	CC	2	42	9	2290	12.116402116402117	0.010897798714403065	0.016765844176004716
Ctenophora	stability	5	all	GO:0003824	MF	2	42	9	2290	12.116402116402117	0.010897798714403065	0.016765844176004716
Ctenophora	stability	5	all	GO:0006457	BP	2	43	9	2290	11.834625322997415	0.011406024863055905	0.016897814611934674
Ctenophora	stability	5	BP	GO:0050821	BP	2	53	9	2290	9.601677148846958	0.017053055205232603	0.017053055205232603
Ctenophora	stability	5	all	GO:0000287	MF	2	45	9	2290	11.30864197530864	0.012453845198830754	0.017791207426901077
Ctenophora	closeness	5	MF	GO:0000287	MF	2	45	10	2290	10.177777777777777	0.01537400759067786	0.019217509488347325
Ctenophora	closeness	5	MF	GO:0042802	MF	4	249	10	2290	3.6787148594377514	0.016863810183917086	0.019458242519904332
Ctenophora	closeness	5	BP	GO:0043066	BP	2	52	10	2290	8.807692307692308	0.020257784189625642	0.020257784189625642
Ctenophora	closeness	5	CC	GO:0005938	CC	2	38	10	2290	12.05263157894737	0.011097105984960881	0.021084501371425673
Ctenophora	closeness	5	all	GO:0000287	MF	2	45	10	2290	10.177777777777777	0.01537400759067786	0.02143043482336914
Ctenophora	closeness	5	all	GO:0007165	BP	3	128	10	2290	5.3671875	0.015324224914594063	0.02143043482336914
Ctenophora	closeness	5	all	GO:0042802	MF	4	249	10	2290	3.6787148594377514	0.016863810183917086	0.02281574319000547
Ctenophora	intersection	5	all	GO:0005856	CC	2	138	4	2290	8.297101449275363	0.019963474956597	0.023115602581322846
Ctenophora	stability	5	all	GO:0050821	BP	2	53	9	2290	9.601677148846958	0.017053055205232603	0.023521455455493247
Ctenophora	stability	5	CC	GO:0015629	CC	2	42	9	2290	12.116402116402117	0.010897798714403065	0.024520047107406896
Ctenophora	intersection	5	CC	GO:0005856	CC	2	138	4	2290	8.297101449275363	0.019963474956597	0.025667324944196147
Ctenophora	closeness	5	all	GO:0043066	BP	2	52	10	2290	8.807692307692308	0.020257784189625642	0.02662451636350799
Ctenophora	closeness	5	MF	GO:0005509	MF	2	72	10	2290	6.361111111111112	0.03726572003837654	0.03992755718397486
Ctenophora	closeness	5	all	GO:0005509	MF	2	72	10	2290	6.361111111111112	0.03726572003837654	0.047617308937925575
Ctenophora	stability	5	all	GO:0005759	CC	2	87	9	2290	5.8492975734355035	0.04317834154798769	0.05757112206398359
Ctenophora	closeness	5	all	GO:0005759	CC	2	87	10	2290	5.264367816091954	0.052663426653544274	0.06547344935305505
Ctenophora	stability	5	all	GO:0005737	CC	7	1049	9	2290	1.6979133566359497	0.05474117188453924	0.07063377017359902
Ctenophora	intersection	5	all	GO:0005739	CC	2	260	4	2290	4.403846153846154	0.06597962137631697	0.07257758351394866
Ctenophora	intersection	5	CC	GO:0005739	CC	2	260	4	2290	4.403846153846154	0.06597962137631697	0.07422707404835659
Ctenophora	closeness	5	all	GO:0045202	CC	2	103	10	2290	4.4466019417475735	0.0712337607589469	0.08623034197135677
Ctenophora	stability	5	CC	GO:0005759	CC	2	87	9	2290	5.8492975734355035	0.04317834154798769	0.08635668309597538
Ctenophora	closeness	5	CC	GO:0005759	CC	2	87	10	2290	5.264367816091954	0.052663426653544274	0.09096410058339464
Ctenophora	stability	5	CC	GO:0005737	CC	7	1049	9	2290	1.6979133566359497	0.05474117188453924	0.09853410939217064
Ctenophora	stability	5	all	GO:0070062	CC	3	280	9	2290	2.7261904761904763	0.08674280053726413	0.10842850067158016
Ctenophora	closeness	5	all	GO:0005886	CC	4	421	10	2290	2.175771971496437	0.09371241664503215	0.1091972392717108
Ctenophora	closeness	5	all	GO:0005739	CC	3	260	10	2290	2.6423076923076922	0.09495412110583547	0.1091972392717108
Ctenophora	closeness	5	CC	GO:0045202	CC	2	103	10	2290	4.4466019417475735	0.0712337607589469	0.11278678786833259
Ctenophora	stability	5	all	GO:0005856	CC	2	138	9	2290	3.687600644122383	0.09825384159877884	0.11703935241218925
Ctenophora	stability	5	all	GO:0005813	CC	2	139	9	2290	3.6610711430855316	0.09948344955036087	0.11703935241218925
Ctenophora	closeness	5	all	GO:0070062	CC	3	280	10	2290	2.4535714285714287	0.1131140558049144	0.1269084528542942
Ctenophora	closeness	5	CC	GO:0005886	CC	4	421	10	2290	2.175771971496437	0.09371241664503215	0.12886630721506243
Ctenophora	closeness	5	CC	GO:0005739	CC	3	260	10	2290	2.6423076923076922	0.09495412110583547	0.12886630721506243
Ctenophora	closeness	5	all	GO:0032991	CC	2	138	10	2290	3.3188405797101455	0.11812001513234667	0.12936954038304635
Ctenophora	stability	5	CC	GO:0005856	CC	2	138	9	2290	3.687600644122383	0.09825384159877884	0.13774631476203814
Ctenophora	stability	5	CC	GO:0070062	CC	3	280	9	2290	2.7261904761904763	0.08674280053726413	0.13774631476203814
Ctenophora	stability	5	CC	GO:0005813	CC	2	139	9	2290	3.6610711430855316	0.09948344955036087	0.13774631476203814
Ctenophora	closeness	5	CC	GO:0032991	CC	2	138	10	2290	3.3188405797101455	0.11812001513234667	0.14026751796966166
Ctenophora	closeness	5	CC	GO:0070062	CC	3	280	10	2290	2.4535714285714287	0.1131140558049144	0.14026751796966166
Ctenophora	closeness	5	all	GO:0005829	CC	6	913	10	2290	1.5049288061336255	0.1635436671470555	0.17495369043638498
Ctenophora	closeness	5	CC	GO:0005829	CC	6	913	10	2290	1.5049288061336255	0.1635436671470555	0.18278409857612085
Ctenophora	closeness	5	MF	GO:0005515	MF	10	1959	10	2290	1.1689637570188873	0.20919111340478677	0.20919111340478677
Ctenophora	closeness	5	all	GO:0005515	MF	10	1959	10	2290	1.1689637570188873	0.20919111340478677	0.21869980037773162
Ctenophora	stability	5	MF	GO:0005515	MF	9	1959	9	2290	1.1689637570188873	0.24469996393618185	0.24469996393618185
Decapodiformes	closeness	5	MF	GO:0008574	MF	2	2	10	2290	229.0	1.7169641784023106e-05	0.00017169641784023105
Decapodiformes	closeness	5	all	GO:0008574	MF	2	2	10	2290	229.0	1.7169641784023106e-05	0.0003090535521124159
Decapodiformes	closeness	5	BP	GO:0007018	BP	2	16	10	2290	28.625	0.0019941141460999767	0.0019941141460999767
Decapodiformes	closeness	5	CC	GO:0005871	CC	2	7	10	2290	65.42857142857143	0.0003563793708518424	0.002494655595962897
Decapodiformes	intersection	20	BP	GO:0006103	BP	2	7	18	2290	36.34920634920635	0.0011976161394032093	0.0026242835819211426
Decapodiformes	intersection	20	BP	GO:0006979	BP	3	29	18	2290	13.160919540229886	0.0013121417909605713	0.0026242835819211426
Decapodiformes	intersection	20	BP	GO:0071300	BP	2	6	18	2290	42.407407407407405	0.0008594426555266662	0.0026242835819211426
Decapodiformes	closeness	5	all	GO:0005871	CC	2	7	10	2290	65.42857142857143	0.0003563793708518424	0.0032074143376665813
Decapodiformes	closeness	5	MF	GO:0003777	MF	2	11	10	2290	41.63636363636363	0.0009247001965488279	0.0046235009827441395
Decapodiformes	intersection	20	BP	GO:0000398	BP	3	41	18	2290	9.308943089430894	0.00360796902437788	0.005411953536566819
Decapodiformes	closeness	5	all	GO:0003777	MF	2	11	10	2290	41.63636363636363	0.0009247001965488279	0.005548201179292968
Decapodiformes	closeness	5	CC	GO:0001726	CC	2	15	10	2290	30.533333333333335	0.001748928397850625	0.0061212493924771875
Decapodiformes	closeness	5	all	GO:0007018	BP	2	16	10	2290	28.625	0.0019941141460999767	0.006764176606144544
Decapodiformes	closeness	5	all	GO:0001726	CC	2	15	10	2290	30.533333333333335	0.001748928397850625	0.006764176606144544
Decapodiformes	closeness	5	all	GO:0003684	MF	2	17	10	2290	26.94117647058824	0.0022547255353815143	0.006764176606144544
Decapodiformes	closeness	5	MF	GO:0003684	MF	2	17	10	2290	26.94117647058824	0.0022547255353815143	0.007515751784605048
Decapodiformes	intersection	20	all	GO:0006103	BP	2	7	18	2290	36.34920634920635	0.0011976161394032093	0.01049713432768457
Decapodiformes	intersection	20	all	GO:0006979	BP	3	29	18	2290	13.160919540229886	0.0013121417909605713	0.01049713432768457
Decapodiformes	intersection	20	all	GO:0071300	BP	2	6	18	2290	42.407407407407405	0.0008594426555266662	0.01049713432768457
Decapodiformes	intersection	20	all	GO:0003713	MF	4	73	18	2290	6.9710806697108065	0.002072971842790755	0.012437831056744529
Decapodiformes	intersection	20	MF	GO:0003713	MF	4	73	18	2290	6.9710806697108065	0.002072971842790755	0.012437831056744529
Decapodiformes	closeness	5	MF	GO:0016887	MF	3	86	10	2290	7.988372093023255	0.0050692026342658006	0.012673006585664502
Decapodiformes	closeness	5	all	GO:0016887	MF	3	86	10	2290	7.988372093023255	0.0050692026342658006	0.01303509248811206
Decapodiformes	intersection	20	all	GO:0000398	BP	3	41	18	2290	9.308943089430894	0.00360796902437788	0.01731825131701382
Decapodiformes	stability	5	BP	GO:0006357	BP	3	139	9	2290	5.491606714628297	0.014025696933341745	0.02103854540001262
Decapodiformes	stability	5	BP	GO:0006468	BP	2	36	9	2290	14.1358024691358	0.008072525734951493	0.02103854540001262
Decapodiformes	closeness	5	MF	GO:0003779	MF	2	37	10	2290	12.378378378378379	0.010537636069333115	0.02107527213866623
Decapodiformes	closeness	5	all	GO:0003779	MF	2	37	10	2290	12.378378378378379	0.010537636069333115	0.023709681155999508
Decapodiformes	intersection	20	BP	GO:0006357	BP	4	139	18	2290	3.6610711430855316	0.020415411710726524	0.024498494052871828
Decapodiformes	closeness	5	MF	GO:0008017	MF	2	47	10	2290	9.74468085106383	0.016708909910236984	0.02784818318372831
Decapodiformes	stability	5	BP	GO:0006886	BP	2	72	9	2290	7.0679012345679	0.0304230098716762	0.0304230098716762
Decapodiformes	closeness	5	all	GO:0008017	MF	2	47	10	2290	9.74468085106383	0.016708909910236984	0.03341781982047397
Decapodiformes	closeness	5	MF	GO:0003677	MF	3	161	10	2290	4.267080745341614	0.028348124916956687	0.04049732130993812
Decapodiformes	stability	5	CC	GO:0032588	CC	2	24	9	2290	21.203703703703702	0.0036244192103958303	0.0471174497351458
Decapodiformes	closeness	5	all	GO:0003677	MF	3	161	10	2290	4.267080745341614	0.028348124916956687	0.05102662485052204
Decapodiformes	stability	5	MF	GO:0019904	MF	2	43	9	2290	11.834625322997415	0.011406024863055905	0.057030124315279526
Decapodiformes	intersection	20	all	GO:0071013	CC	2	24	18	2290	10.601851851851851	0.014542107075165624	0.058168428300662496
Decapodiformes	intersection	20	all	GO:0006357	BP	4	139	18	2290	3.6610711430855316	0.020415411710726524	0.06999569729391951
Decapodiformes	stability	5	all	GO:0006357	BP	3	139	9	2290	5.491606714628297	0.014025696933341745	0.07363490890004416
Decapodiformes	stability	5	all	GO:0032588	CC	2	24	9	2290	21.203703703703702	0.0036244192103958303	0.07363490890004416
Decapodiformes	stability	5	all	GO:0019904	MF	2	43	9	2290	11.834625322997415	0.011406024863055905	0.07363490890004416
Decapodiformes	stability	5	all	GO:0006468	BP	2	36	9	2290	14.1358024691358	0.008072525734951493	0.07363490890004416
Decapodiformes	stability	5	MF	GO:0003713	MF	2	73	9	2290	6.9710806697108065	0.031215919199562348	0.07803979799890587
Decapodiformes	closeness	5	MF	GO:0005524	MF	3	225	10	2290	3.0533333333333332	0.06680368667267739	0.08350460834084673
Decapodiformes	intersection	20	all	GO:0005743	CC	3	90	18	2290	4.2407407407407405	0.031228644830638173	0.09368593449191452
Decapodiformes	stability	5	all	GO:0006886	BP	2	72	9	2290	7.0679012345679	0.0304230098716762	0.09605190851284306
Decapodiformes	stability	5	all	GO:0005925	CC	2	74	9	2290	6.876876876876876	0.03201730283761436	0.09605190851284306
Decapodiformes	stability	5	all	GO:0003713	MF	2	73	9	2290	6.9710806697108065	0.031215919199562348	0.09605190851284306
Decapodiformes	intersection	20	all	GO:0003723	MF	6	339	18	2290	2.2517207472959684	0.038947710246824904	0.10386056065819975
Decapodiformes	intersection	20	BP	GO:0045944	BP	3	147	18	2290	2.596371882086168	0.10417055334109378	0.10417055334109378
Decapodiformes	closeness	5	all	GO:0005524	MF	3	225	10	2290	3.0533333333333332	0.06680368667267739	0.10931512364619934
Decapodiformes	stability	5	all	GO:0005794	CC	3	212	9	2290	3.6006289308176096	0.043192367188448495	0.1133799638696773
Decapodiformes	intersection	20	MF	GO:0003723	MF	6	339	18	2290	2.2517207472959684	0.038947710246824904	0.11684313074047471
Decapodiformes	intersection	20	CC	GO:0071013	CC	2	24	18	2290	10.601851851851851	0.014542107075165624	0.1745052849019875
Decapodiformes	closeness	5	all	GO:0005856	CC	2	138	10	2290	3.3188405797101455	0.11812001513234667	0.17718002269851998
Decapodiformes	stability	5	all	GO:0000139	CC	2	125	9	2290	4.071111111111111	0.08273462030749362	0.18605646889415456
Decapodiformes	stability	5	all	GO:0048471	CC	2	130	9	2290	3.9145299145299144	0.08859831852102598	0.18605646889415456
Decapodiformes	stability	5	CC	GO:0005794	CC	3	212	9	2290	3.6006289308176096	0.043192367188448495	0.1871669244832768
Decapodiformes	stability	5	CC	GO:0005925	CC	2	74	9	2290	6.876876876876876	0.03201730283761436	0.1871669244832768
Decapodiformes	intersection	20	CC	GO:0005743	CC	3	90	18	2290	4.2407407407407405	0.031228644830638173	0.18737186898382904
Decapodiformes	stability	5	all	GO:0005856	CC	2	138	9	2290	3.687600644122383	0.09825384159877884	0.18757551577948686
Decapodiformes	stability	5	MF	GO:0003677	MF	2	161	9	2290	3.1608005521048996	0.12768863565640237	0.21281439276067063
Decapodiformes	stability	5	CC	GO:0000139	CC	2	125	9	2290	4.071111111111111	0.08273462030749362	0.21288332346402083
Decapodiformes	stability	5	CC	GO:0048471	CC	2	130	9	2290	3.9145299145299144	0.08859831852102598	0.21288332346402083
Decapodiformes	stability	5	CC	GO:0005856	CC	2	138	9	2290	3.687600644122383	0.09825384159877884	0.21288332346402083
Decapodiformes	stability	5	all	GO:0003677	MF	2	161	9	2290	3.1608005521048996	0.12768863565640237	0.22345511239870416
Decapodiformes	intersection	20	all	GO:0005925	CC	2	74	18	2290	3.438438438438438	0.11301675748987815	0.2465820163415523
Decapodiformes	intersection	20	all	GO:0045944	BP	3	147	18	2290	2.596371882086168	0.10417055334109378	0.2465820163415523
Deuterostomia	closeness	5	BP	GO:1902600	BP	2	26	10	2290	17.615384615384617	0.005276073766217643	0.005276073766217643
Deuterostomia	closeness	5	MF	GO:0043022	MF	2	23	10	2290	19.91304347826087	0.004136096893846164	0.012408290681538493
Deuterostomia	closeness	5	all	GO:0016020	CC	7	604	10	2290	2.6539735099337745	0.004782022644076104	0.028139060086494097
Deuterostomia	closeness	5	all	GO:1902600	BP	2	26	10	2290	17.615384615384617	0.005276073766217643	0.028139060086494097
Deuterostomia	closeness	5	all	GO:0043022	MF	2	23	10	2290	19.91304347826087	0.004136096893846164	0.028139060086494097
Deuterostomia	stability	5	MF	GO:0000287	MF	2	45	9	2290	11.30864197530864	0.012453845198830754	0.03736153559649226
Deuterostomia	intersection	10	CC	GO:0005739	CC	4	260	8	2290	4.403846153846154	0.007845962154192187	0.03760069280104873
Deuterostomia	intersection	10	CC	GO:0032991	CC	3	138	8	2290	6.222826086956522	0.009585616303108004	0.03760069280104873
Deuterostomia	intersection	10	CC	GO:0000785	CC	3	152	8	2290	5.649671052631579	0.012533564267016245	0.03760069280104873
Deuterostomia	intersection	10	all	GO:0005739	CC	4	260	8	2290	4.403846153846154	0.007845962154192187	0.054312111823737054
Deuterostomia	intersection	10	all	GO:0032991	CC	3	138	8	2290	6.222826086956522	0.009585616303108004	0.054312111823737054
Deuterostomia	intersection	10	all	GO:0000785	CC	3	152	8	2290	5.649671052631579	0.012533564267016245	0.054312111823737054
Deuterostomia	closeness	5	CC	GO:0016020	CC	7	604	10	2290	2.6539735099337745	0.004782022644076104	0.05738427172891324
Deuterostomia	closeness	5	all	GO:0005739	CC	4	260	10	2290	3.5230769230769234	0.01957692152432562	0.07830768609730249
Deuterostomia	closeness	5	CC	GO:0005739	CC	4	260	10	2290	3.5230769230769234	0.01957692152432562	0.11746152914595373
Deuterostomia	stability	5	all	GO:0000287	MF	2	45	9	2290	11.30864197530864	0.012453845198830754	0.14944614238596904
Deuterostomia	intersection	10	all	GO:0003682	MF	2	108	8	2290	5.300925925925926	0.05122740885274773	0.16648907877143013
Deuterostomia	intersection	10	MF	GO:0003682	MF	2	108	8	2290	5.300925925925926	0.05122740885274773	0.20490963541099091
Deuterostomia	intersection	10	MF	GO:0003677	MF	2	161	8	2290	3.5559006211180124	0.10395885190999962	0.20791770381999924
Deuterostomia	closeness	5	MF	GO:0005515	MF	10	1959	10	2290	1.1689637570188873	0.20919111340478677	0.20919111340478677
Deuterostomia	closeness	5	MF	GO:0003723	MF	3	339	10	2290	2.0265486725663715	0.17435051237722568	0.20919111340478677
Diptera	intersection	5	BP	GO:0009615	BP	2	9	5	2290	101.77777777777779	0.00013651831508118035	0.00013651831508118035
Diptera	stability	5	BP	GO:0009615	BP	2	9	8	2290	63.61111111111111	0.0003799164314303318	0.0003799164314303318
Diptera	closeness	5	BP	GO:0009615	BP	2	9	9	2290	56.5432098765432	0.00048746727190391486	0.00048746727190391486
Diptera	intersection	5	all	GO:0009615	BP	2	9	5	2290	101.77777777777779	0.00013651831508118035	0.0009556282055682625
Diptera	stability	5	all	GO:0009615	BP	2	9	8	2290	63.61111111111111	0.0003799164314303318	0.0026594150200123226
Diptera	closeness	5	all	GO:0009615	BP	2	9	9	2290	56.5432098765432	0.00048746727190391486	0.004874672719039149
Diptera	intersection	5	MF	GO:0005524	MF	2	225	5	2290	4.071111111111112	0.07873680003719176	0.15747360007438352
Diptera	stability	5	all	GO:0070062	CC	3	280	8	2290	3.066964285714286	0.0633967241977469	0.22188853469211417
Echinodermata	closeness	5	CC	GO:0005743	CC	3	90	8	2290	9.541666666666666	0.002849171349431633	0.008547514048294898
Echinodermata	closeness	5	all	GO:0005743	CC	3	90	8	2290	9.541666666666666	0.002849171349431633	0.011396685397726532
Echinodermata	closeness	5	CC	GO:0005739	CC	4	260	8	2290	4.403846153846154	0.007845962154192187	0.01176894323128828
Echinodermata	closeness	5	all	GO:0005739	CC	4	260	8	2290	4.403846153846154	0.007845962154192187	0.015691924308384373
Echinodermata	intersection	5	CC	GO:0005743	CC	2	90	6	2290	8.481481481481481	0.02066915912083736	0.06200747736251208
Echinodermata	intersection	5	all	GO:0005743	CC	2	90	6	2290	8.481481481481481	0.02066915912083736	0.08267663648334944
Echinodermata	stability	5	CC	GO:0005743	CC	2	90	7	2290	7.269841269841269	0.028203751598326044	0.11281500639330418
Echinodermata	stability	5	all	GO:0005743	CC	2	90	7	2290	7.269841269841269	0.028203751598326044	0.14101875799163022
Echinodermata	intersection	5	CC	GO:0005739	CC	2	260	6	2290	2.9358974358974357	0.14165378752492813	0.2124806812873922
Gastropoda	intersection	5	BP	GO:0003341	BP	2	20	8	2290	28.625	0.0019668409852417017	0.003933681970483403
Gastropoda	stability	5	BP	GO:0003341	BP	2	20	10	2290	22.900000000000002	0.0031279961733733457	0.006255992346746691
Gastropoda	closeness	5	BP	GO:0003341	BP	2	20	10	2290	22.900000000000002	0.0031279961733733457	0.006255992346746691
Gastropoda	intersection	5	all	GO:0003341	BP	2	20	8	2290	28.625	0.0019668409852417017	0.008850784433587658
Gastropoda	intersection	5	all	GO:0005930	CC	3	78	8	2290	11.009615384615385	0.0018824382415836567	0.008850784433587658
Gastropoda	intersection	5	BP	GO:0030317	BP	2	48	8	2290	11.927083333333334	0.01111670760158907	0.01111670760158907
Gastropoda	intersection	5	CC	GO:0005930	CC	3	78	8	2290	11.009615384615385	0.0018824382415836567	0.01129462944950194
Gastropoda	closeness	5	all	GO:0003341	BP	2	20	10	2290	22.900000000000002	0.0031279961733733457	0.017276665514490325
Gastropoda	closeness	5	all	GO:0005930	CC	3	78	10	2290	8.807692307692308	0.0038392590032200725	0.017276665514490325
Gastropoda	stability	5	BP	GO:0030317	BP	2	48	10	2290	9.541666666666668	0.01739469258703176	0.01739469258703176
Gastropoda	closeness	5	BP	GO:0030317	BP	2	48	10	2290	9.541666666666668	0.01739469258703176	0.01739469258703176
Gastropoda	stability	5	all	GO:0003341	BP	2	20	10	2290	22.900000000000002	0.0031279961733733457	0.019196295016100363
Gastropoda	stability	5	all	GO:0005930	CC	3	78	10	2290	8.807692307692308	0.0038392590032200725	0.019196295016100363
Gastropoda	closeness	5	CC	GO:0005930	CC	3	78	10	2290	8.807692307692308	0.0038392590032200725	0.023035554019320434
Gastropoda	intersection	5	all	GO:0036126	CC	2	48	8	2290	11.927083333333334	0.01111670760158907	0.02501259210357541
Gastropoda	intersection	5	all	GO:0030317	BP	2	48	8	2290	11.927083333333334	0.01111670760158907	0.02501259210357541
Gastropoda	stability	5	CC	GO:0005930	CC	3	78	10	2290	8.807692307692308	0.0038392590032200725	0.02687481302254051
Gastropoda	intersection	5	CC	GO:0036126	CC	2	48	8	2290	11.927083333333334	0.01111670760158907	0.03335012280476721
Gastropoda	closeness	5	all	GO:0036126	CC	2	48	10	2290	9.541666666666668	0.01739469258703176	0.039138058320821456
Gastropoda	closeness	5	all	GO:0030317	BP	2	48	10	2290	9.541666666666668	0.01739469258703176	0.039138058320821456
Gastropoda	stability	5	all	GO:0036126	CC	2	48	10	2290	9.541666666666668	0.01739469258703176	0.0434867314675794
Gastropoda	stability	5	all	GO:0030317	BP	2	48	10	2290	9.541666666666668	0.01739469258703176	0.0434867314675794
Gastropoda	closeness	5	CC	GO:0036126	CC	2	48	10	2290	9.541666666666668	0.01739469258703176	0.05218407776109528
Gastropoda	stability	5	CC	GO:0036126	CC	2	48	10	2290	9.541666666666668	0.01739469258703176	0.06088142405461116
Gastropoda	intersection	5	all	GO:0005929	CC	2	92	8	2290	6.2228260869565215	0.03817683801312968	0.06871830842363343
Gastropoda	intersection	5	CC	GO:0005929	CC	2	92	8	2290	6.2228260869565215	0.03817683801312968	0.07635367602625937
Gastropoda	closeness	5	all	GO:0005929	CC	2	92	10	2290	4.978260869565218	0.05824312805906819	0.10483763050632275
Gastropoda	stability	5	all	GO:0005929	CC	2	92	10	2290	4.978260869565218	0.05824312805906819	0.11648625611813639
Gastropoda	closeness	5	CC	GO:0005929	CC	2	92	10	2290	4.978260869565218	0.05824312805906819	0.11648625611813639
Gastropoda	stability	5	CC	GO:0005929	CC	2	92	10	2290	4.978260869565218	0.05824312805906819	0.1359006321378258
Insecta	closeness	5	BP	GO:0006649	BP	2	2	7	2290	327.1428571428571	8.012499499220759e-06	2.0031248748051896e-05
Insecta	closeness	5	BP	GO:0097212	BP	2	2	7	2290	327.1428571428571	8.012499499220759e-06	2.0031248748051896e-05
Insecta	closeness	5	BP	GO:0055091	BP	2	3	7	2290	218.09523809523807	2.4002478832063553e-05	4.000413138677259e-05
Insecta	closeness	5	all	GO:7770015	CC	2	2	7	2290	327.1428571428571	8.012499499220759e-06	5.8758329660952225e-05
Insecta	closeness	5	all	GO:0006649	BP	2	2	7	2290	327.1428571428571	8.012499499220759e-06	5.8758329660952225e-05
Insecta	closeness	5	all	GO:0097212	BP	2	2	7	2290	327.1428571428571	8.012499499220759e-06	5.8758329660952225e-05
Insecta	closeness	5	CC	GO:7770015	CC	2	2	7	2290	327.1428571428571	8.012499499220759e-06	9.614999399064911e-05
Insecta	closeness	5	all	GO:0160270	MF	2	3	7	2290	218.09523809523807	2.4002478832063553e-05	0.00010561090686107963
Insecta	closeness	5	all	GO:0055091	BP	2	3	7	2290	218.09523809523807	2.4002478832063553e-05	0.00010561090686107963
Insecta	closeness	5	MF	GO:0004198	MF	2	4	7	2290	163.57142857142856	4.793501020779695e-05	0.00011983752551949237
Insecta	closeness	5	MF	GO:0160270	MF	2	3	7	2290	218.09523809523807	2.4002478832063553e-05	0.00011983752551949237
Insecta	closeness	5	MF	GO:0032934	MF	2	5	7	2290	130.85714285714286	7.977525754981099e-05	0.00013295876258301832
Insecta	closeness	5	all	GO:0004198	MF	2	4	7	2290	163.57142857142856	4.793501020779695e-05	0.0001506528892245047
Insecta	closeness	5	all	GO:0160258	CC	2	4	7	2290	163.57142857142856	4.793501020779695e-05	0.0001506528892245047
Insecta	closeness	5	all	GO:0032934	MF	2	5	7	2290	130.85714285714286	7.977525754981099e-05	0.00021938195826198023
Insecta	closeness	5	BP	GO:0120009	BP	2	8	7	2290	81.78571428571428	0.00022239530695098686	0.0002779941336887336
Insecta	closeness	5	CC	GO:0160258	CC	2	4	7	2290	163.57142857142856	4.793501020779695e-05	0.00028761006124678173
Insecta	closeness	5	all	GO:0120009	BP	2	8	7	2290	81.78571428571428	0.00022239530695098686	0.0005436329725468568
Insecta	intersection	20	BP	GO:0007417	BP	2	15	6	2290	50.888888888888886	0.0005918859584085645	0.0005918859584085645
Insecta	closeness	5	MF	GO:0008289	MF	2	18	7	2290	36.34920634920635	0.001197616139403725	0.0014970201742546562
Insecta	closeness	5	all	GO:0008289	MF	2	18	7	2290	36.34920634920635	0.001197616139403725	0.0026347555066881948
Insecta	closeness	5	BP	GO:0006508	BP	2	30	7	2290	21.80952380952381	0.0033457524672950655	0.0033457524672950655
Insecta	intersection	20	all	GO:0007417	BP	2	15	6	2290	50.888888888888886	0.0005918859584085645	0.003551315750451387
Insecta	closeness	5	all	GO:0031902	CC	2	27	7	2290	24.23280423280423	0.00271155428120958	0.00542310856241916
Insecta	closeness	5	all	GO:0006508	BP	2	30	7	2290	21.80952380952381	0.0033457524672950655	0.006133879523374287
Insecta	stability	10	BP	GO:0007417	BP	2	15	16	2290	19.083333333333336	0.0045589784021615	0.010378119504177283
Insecta	stability	10	BP	GO:0008380	BP	2	16	16	2290	17.890625	0.005189059752088642	0.010378119504177283
Insecta	stability	10	BP	GO:0000245	BP	2	11	16	2290	26.02272727272727	0.002427323429157381	0.010378119504177283
Insecta	closeness	5	all	GO:0032991	CC	3	138	7	2290	7.111801242236025	0.006265282206557088	0.010602785272635072
Insecta	closeness	5	CC	GO:0031902	CC	2	27	7	2290	24.23280423280423	0.00271155428120958	0.01084621712483832
Insecta	closeness	5	all	GO:0005802	CC	2	44	7	2290	14.870129870129869	0.0071283228400995675	0.01120165017729932
Insecta	stability	10	BP	GO:0016236	BP	2	21	16	2290	13.630952380952381	0.008897704594654745	0.013346556891982117
Insecta	closeness	5	CC	GO:0032991	CC	3	138	7	2290	7.111801242236025	0.006265282206557088	0.017107974816238963
Insecta	closeness	5	CC	GO:0005802	CC	2	44	7	2290	14.870129870129869	0.0071283228400995675	0.017107974816238963
Insecta	stability	10	all	GO:0007417	BP	2	15	16	2290	19.083333333333336	0.0045589784021615	0.029285043939792543
Insecta	stability	10	all	GO:0005776	CC	2	15	16	2290	19.083333333333336	0.0045589784021615	0.029285043939792543
Insecta	stability	10	all	GO:0008380	BP	2	16	16	2290	17.890625	0.005189059752088642	0.029285043939792543
Insecta	stability	10	all	GO:0000245	BP	2	11	16	2290	26.02272727272727	0.002427323429157381	0.029285043939792543
Insecta	stability	10	all	GO:0005681	CC	2	17	16	2290	16.83823529411765	0.005857008787958509	0.029285043939792543
Insecta	closeness	5	all	GO:0005765	CC	2	75	7	2290	8.723809523809523	0.019978913182361724	0.029302406000797195
Insecta	stability	10	all	GO:0016236	BP	2	21	16	2290	13.630952380952381	0.008897704594654745	0.03707376914439477
Insecta	stability	10	CC	GO:0005776	CC	2	15	16	2290	19.083333333333336	0.0045589784021615	0.038070557121730304
Insecta	stability	10	CC	GO:0005681	CC	2	17	16	2290	16.83823529411765	0.005857008787958509	0.038070557121730304
Insecta	stability	10	BP	GO:0000398	BP	2	41	16	2290	6.981707317073171	0.03203096915583272	0.038437162986999264
Insecta	closeness	5	CC	GO:0005765	CC	2	75	7	2290	8.723809523809523	0.019978913182361724	0.03995782636472345
Insecta	stability	10	all	GO:0005516	MF	2	26	16	2290	11.009615384615383	0.013492807769035097	0.04818859917512535
Insecta	stability	10	MF	GO:0005516	MF	2	26	16	2290	11.009615384615383	0.013492807769035097	0.08095684661421058
Insecta	stability	10	all	GO:0000398	BP	2	41	16	2290	6.981707317073171	0.03203096915583272	0.10009677861197726
Insecta	closeness	5	all	GO:0005794	CC	2	212	7	2290	3.086253369272237	0.1313690358179822	0.18063242424972553
Insecta	closeness	5	CC	GO:0005794	CC	2	212	7	2290	3.086253369272237	0.1313690358179822	0.2252040614022552
Insecta	stability	10	all	GO:0003729	MF	2	70	16	2290	4.089285714285714	0.08390178792629015	0.23306052201747265
Mollusca	stability	5	BP	GO:0006986	BP	2	4	9	2290	127.22222222222221	8.20784225230961e-05	0.0001641568450461922
Mollusca	stability	5	all	GO:0006986	BP	2	4	9	2290	127.22222222222221	8.20784225230961e-05	0.001641568450461922
Mollusca	stability	5	MF	GO:0003725	MF	2	9	9	2290	56.5432098765432	0.00048746727190391486	0.002924803631423489
Mollusca	stability	5	all	GO:0003725	MF	2	9	9	2290	56.5432098765432	0.00048746727190391486	0.004874672719039149
Mollusca	stability	5	MF	GO:0051087	MF	2	28	9	2290	18.174603174603174	0.004923439152020758	0.011285463413840477
Mollusca	stability	5	MF	GO:0051082	MF	2	30	9	2290	16.962962962962962	0.005642731706920237	0.011285463413840477
Mollusca	stability	5	BP	GO:0006457	BP	2	43	9	2290	11.834625322997415	0.011406024863055905	0.011406024863055905
Mollusca	intersection	5	CC	GO:0005819	CC	2	45	5	2290	20.355555555555554	0.0036372876675839503	0.01818643833791975
Mollusca	intersection	5	all	GO:0005819	CC	2	45	5	2290	20.355555555555554	0.0036372876675839503	0.025461013673087653
Mollusca	stability	5	all	GO:0051087	MF	2	28	9	2290	18.174603174603174	0.004923439152020758	0.028213658534601185
Mollusca	stability	5	all	GO:0051082	MF	2	30	9	2290	16.962962962962962	0.005642731706920237	0.028213658534601185
Mollusca	stability	5	all	GO:0006457	BP	2	43	9	2290	11.834625322997415	0.011406024863055905	0.04151281732943585
Mollusca	stability	5	all	GO:0005819	CC	2	45	9	2290	11.30864197530864	0.012453845198830754	0.04151281732943585
Mollusca	stability	5	all	GO:0070062	CC	4	280	9	2290	3.634920634920635	0.016704571518561775	0.047727347195890786
Mollusca	stability	5	MF	GO:0003723	MF	4	339	9	2290	3.002294329727958	0.03217771326165243	0.04826656989247865
Mollusca	stability	5	all	GO:0003723	MF	4	339	9	2290	3.002294329727958	0.03217771326165243	0.08044428315413107
Mollusca	closeness	5	CC	GO:0005819	CC	2	45	9	2290	11.30864197530864	0.012453845198830754	0.08717691639181528
Mollusca	stability	5	all	GO:0005759	CC	2	87	9	2290	5.8492975734355035	0.04317834154798769	0.09595187010663932
Mollusca	stability	5	CC	GO:0070062	CC	4	280	9	2290	3.634920634920635	0.016704571518561775	0.10022742911137064
Mollusca	stability	5	CC	GO:0005819	CC	2	45	9	2290	11.30864197530864	0.012453845198830754	0.10022742911137064
Mollusca	closeness	5	all	GO:0005819	CC	2	45	9	2290	11.30864197530864	0.012453845198830754	0.11208460678947678
Mollusca	stability	5	CC	GO:0005759	CC	2	87	9	2290	5.8492975734355035	0.04317834154798769	0.17271336619195077
Mollusca	stability	5	all	GO:0005829	CC	6	913	9	2290	1.6721431179262505	0.09746235767108	0.17864334836141607
Mollusca	stability	5	all	GO:0032991	CC	2	138	9	2290	3.687600644122383	0.09825384159877884	0.17864334836141607
Mollusca	stability	5	CC	GO:0005829	CC	6	913	9	2290	1.6721431179262505	0.09746235767108	0.23580921983706923
Mollusca	stability	5	CC	GO:0032991	CC	2	138	9	2290	3.687600644122383	0.09825384159877884	0.23580921983706923
Mollusca	stability	5	MF	GO:0005515	MF	9	1959	9	2290	1.1689637570188873	0.24469996393618185	0.24469996393618185
Mollusca	stability	5	MF	GO:0005524	MF	2	225	9	2290	2.2617283950617284	0.21899461903303874	0.24469996393618185
Nematoda	intersection	5	MF	GO:0042813	MF	2	3	8	2290	190.83333333333334	3.199396653195338e-05	0.00038392759838344056
Nematoda	intersection	5	MF	GO:0140326	MF	2	5	8	2290	114.5	0.00010627393032695796	0.0004250957213078318
Nematoda	intersection	5	MF	GO:0017147	MF	2	5	8	2290	114.5	0.00010627393032695796	0.0004250957213078318
Nematoda	intersection	5	BP	GO:0035567	BP	2	4	8	2290	143.125	6.387605388362854e-05	0.0005110084310690283
Nematoda	intersection	5	MF	GO:0001540	MF	2	7	8	2290	81.78571428571429	0.00022239530695110295	0.0005337487366826471
Nematoda	intersection	5	MF	GO:0004888	MF	2	7	8	2290	81.78571428571429	0.00022239530695110295	0.0005337487366826471
Nematoda	stability	5	MF	GO:0042813	MF	2	3	10	2290	152.66666666666669	5.138885792713928e-05	0.0006680551530528106
Nematoda	closeness	5	MF	GO:0042813	MF	2	3	10	2290	152.66666666666669	5.138885792713928e-05	0.0007194440109799499
Nematoda	stability	5	MF	GO:0140326	MF	2	5	10	2290	91.60000000000001	0.00017049849790884433	0.0007388268242716588
Nematoda	stability	5	MF	GO:0017147	MF	2	5	10	2290	91.60000000000001	0.00017049849790884433	0.0007388268242716588
Nematoda	intersection	5	BP	GO:0045332	BP	2	8	8	2290	71.5625	0.00029600839110198327	0.0007893557096052887
Nematoda	intersection	5	BP	GO:0060070	BP	2	7	8	2290	81.78571428571429	0.00022239530695110295	0.0007893557096052887
Nematoda	closeness	5	MF	GO:0140326	MF	2	5	10	2290	91.60000000000001	0.00017049849790884433	0.0007956596569079401
Nematoda	closeness	5	MF	GO:0017147	MF	2	5	10	2290	91.60000000000001	0.00017049849790884433	0.0007956596569079401
Nematoda	stability	5	BP	GO:0035567	BP	2	4	10	2290	114.5	0.0001025381322536275	0.0009228431902826475
Nematoda	stability	5	MF	GO:0001540	MF	2	7	10	2290	65.42857142857143	0.0003563793708518424	0.0009265863642147901
Nematoda	stability	5	MF	GO:0004888	MF	2	7	10	2290	65.42857142857143	0.0003563793708518424	0.0009265863642147901
Nematoda	intersection	5	all	GO:0140326	MF	2	5	8	2290	114.5	0.00010627393032695796	0.0009298968903608822
Nematoda	intersection	5	all	GO:0017147	MF	2	5	8	2290	114.5	0.00010627393032695796	0.0009298968903608822
Nematoda	intersection	5	all	GO:0035567	BP	2	4	8	2290	143.125	6.387605388362854e-05	0.0009298968903608822
Nematoda	intersection	5	all	GO:0042813	MF	2	3	8	2290	190.83333333333334	3.199396653195338e-05	0.0009298968903608822
Nematoda	intersection	5	BP	GO:0015914	BP	2	10	8	2290	57.25	0.00047406467374438716	0.0009481293474887743
Nematoda	closeness	5	MF	GO:0001540	MF	2	7	10	2290	65.42857142857143	0.0003563793708518424	0.0009978622383851588
Nematoda	closeness	5	MF	GO:0004888	MF	2	7	10	2290	65.42857142857143	0.0003563793708518424	0.0009978622383851588
Nematoda	closeness	5	BP	GO:0035567	BP	2	4	10	2290	114.5	0.0001025381322536275	0.001025381322536275
Nematoda	intersection	5	BP	GO:0034220	BP	2	12	8	2290	47.708333333333336	0.0006928636509419598	0.0011085818415071357
Nematoda	intersection	5	all	GO:0060070	BP	2	7	8	2290	81.78571428571429	0.00022239530695110295	0.0011119765347555148
Nematoda	intersection	5	all	GO:0001540	MF	2	7	8	2290	81.78571428571429	0.00022239530695110295	0.0011119765347555148
Nematoda	intersection	5	all	GO:0004888	MF	2	7	8	2290	81.78571428571429	0.00022239530695110295	0.0011119765347555148
Nematoda	intersection	5	all	GO:0045332	BP	2	8	8	2290	71.5625	0.00029600839110198327	0.0012950367110711768
Nematoda	stability	5	BP	GO:0045332	BP	2	8	10	2290	57.25	0.0004740646737435535	0.0014221940212306606
Nematoda	stability	5	BP	GO:0060070	BP	2	7	10	2290	65.42857142857143	0.0003563793708518424	0.0014221940212306606
Nematoda	intersection	5	BP	GO:0007166	BP	2	15	8	2290	38.16666666666667	0.00109650514803913	0.0014620068640521734
Nematoda	intersection	5	MF	GO:0031625	MF	3	57	8	2290	15.06578947368421	0.0007497992110941323	0.0014995984221882646
Nematoda	closeness	5	BP	GO:0045332	BP	2	8	10	2290	57.25	0.0004740646737435535	0.0015802155791451785
Nematoda	closeness	5	BP	GO:0060070	BP	2	7	10	2290	65.42857142857143	0.0003563793708518424	0.0015802155791451785
Nematoda	intersection	5	all	GO:0015914	BP	2	10	8	2290	57.25	0.00047406467374438716	0.0016592263581053552
Nematoda	intersection	5	all	GO:0030669	CC	2	10	8	2290	57.25	0.00047406467374438716	0.0016592263581053552
Nematoda	stability	5	all	GO:0140326	MF	2	5	10	2290	91.60000000000001	0.00017049849790884433	0.0017049849790884432
Nematoda	stability	5	all	GO:0017147	MF	2	5	10	2290	91.60000000000001	0.00017049849790884433	0.0017049849790884432
Nematoda	stability	5	all	GO:0035567	BP	2	4	10	2290	114.5	0.0001025381322536275	0.0017049849790884432
Nematoda	stability	5	all	GO:0042813	MF	2	3	10	2290	152.66666666666669	5.138885792713928e-05	0.0017049849790884432
Nematoda	stability	5	BP	GO:0015914	BP	2	10	10	2290	45.800000000000004	0.000758341066667853	0.0017062674000026693
Nematoda	closeness	5	all	GO:0140326	MF	2	5	10	2290	91.60000000000001	0.00017049849790884433	0.0018754834769972876
Nematoda	closeness	5	all	GO:0017147	MF	2	5	10	2290	91.60000000000001	0.00017049849790884433	0.0018754834769972876
Nematoda	closeness	5	all	GO:0035567	BP	2	4	10	2290	114.5	0.0001025381322536275	0.0018754834769972876
Nematoda	closeness	5	all	GO:0042813	MF	2	3	10	2290	152.66666666666669	5.138885792713928e-05	0.0018754834769972876
Nematoda	closeness	5	BP	GO:0015914	BP	2	10	10	2290	45.800000000000004	0.000758341066667853	0.0018958526666696326
Nematoda	stability	5	BP	GO:0034220	BP	2	12	10	2290	38.16666666666667	0.0011070528698085827	0.001992695165655449
Nematoda	stability	5	all	GO:0060070	BP	2	7	10	2290	65.42857142857143	0.0003563793708518424	0.0020364535477248136
Nematoda	stability	5	all	GO:0001540	MF	2	7	10	2290	65.42857142857143	0.0003563793708518424	0.0020364535477248136
Nematoda	stability	5	all	GO:0004888	MF	2	7	10	2290	65.42857142857143	0.0003563793708518424	0.0020364535477248136
Nematoda	intersection	5	all	GO:0034220	BP	2	12	8	2290	47.708333333333336	0.0006928636509419598	0.002186914365691219
Nematoda	intersection	5	all	GO:0031625	MF	3	57	8	2290	15.06578947368421	0.0007497992110941323	0.002186914365691219
Nematoda	closeness	5	BP	GO:0034220	BP	2	12	10	2290	38.16666666666667	0.0011070528698085827	0.0022141057396171653
Nematoda	closeness	5	all	GO:0060070	BP	2	7	10	2290	65.42857142857143	0.0003563793708518424	0.002240098902497295
Nematoda	closeness	5	all	GO:0001540	MF	2	7	10	2290	65.42857142857143	0.0003563793708518424	0.002240098902497295
Nematoda	closeness	5	all	GO:0004888	MF	2	7	10	2290	65.42857142857143	0.0003563793708518424	0.002240098902497295
Nematoda	stability	5	all	GO:0045332	BP	2	8	10	2290	57.25	0.0004740646737435535	0.002370323368717768
Nematoda	intersection	5	BP	GO:0030182	BP	2	21	8	2290	27.261904761904763	0.002170069068912742	0.0024800789359002767
Nematoda	closeness	5	all	GO:0045332	BP	2	8	10	2290	57.25	0.0004740646737435535	0.0026073557055895443
Nematoda	stability	5	BP	GO:0007166	BP	2	15	10	2290	30.533333333333335	0.001748928397850625	0.0026233925967759377
Nematoda	closeness	5	BP	GO:0007166	BP	2	15	10	2290	30.533333333333335	0.001748928397850625	0.002914880663084375
Nematoda	closeness	5	all	GO:0016020	CC	8	604	10	2290	3.033112582781457	0.0006010584056400297	0.002938507760906812
Nematoda	intersection	5	all	GO:0007166	BP	2	15	8	2290	38.16666666666667	0.00109650514803913	0.0029521292447207345
Nematoda	stability	5	all	GO:0015914	BP	2	10	10	2290	45.800000000000004	0.000758341066667853	0.003033364266671412
Nematoda	stability	5	all	GO:0030669	CC	2	10	10	2290	45.800000000000004	0.000758341066667853	0.003033364266671412
Nematoda	closeness	5	all	GO:0015914	BP	2	10	10	2290	45.800000000000004	0.000758341066667853	0.003033364266671412
Nematoda	closeness	5	all	GO:0030669	CC	2	10	10	2290	45.800000000000004	0.000758341066667853	0.003033364266671412
Nematoda	stability	5	MF	GO:0031625	MF	3	57	10	2290	12.052631578947368	0.00155057781358138	0.0033595852627596565
Nematoda	closeness	5	MF	GO:0031625	MF	3	57	10	2290	12.052631578947368	0.00155057781358138	0.0036180148983565533
Nematoda	stability	5	all	GO:0034220	BP	2	12	10	2290	38.16666666666667	0.0011070528698085827	0.004025646799303937
Nematoda	closeness	5	all	GO:0034220	BP	2	12	10	2290	38.16666666666667	0.0011070528698085827	0.0040591938559648025
Nematoda	stability	5	BP	GO:0030182	BP	2	21	10	2290	21.809523809523814	0.003449195357632216	0.004434679745527135
Nematoda	closeness	5	BP	GO:0030182	BP	2	21	10	2290	21.809523809523814	0.003449195357632216	0.004927421939474595
Nematoda	stability	5	all	GO:0031625	MF	3	57	10	2290	12.052631578947368	0.00155057781358138	0.005168592711937934
Nematoda	closeness	5	all	GO:0031625	MF	3	57	10	2290	12.052631578947368	0.00155057781358138	0.005248109522890824
Nematoda	stability	5	all	GO:0007166	BP	2	15	10	2290	30.533333333333335	0.001748928397850625	0.005381318147232693
Nematoda	intersection	5	all	GO:0030182	BP	2	21	8	2290	27.261904761904763	0.002170069068912742	0.005425172672281855
Nematoda	closeness	5	all	GO:0007166	BP	2	15	10	2290	30.533333333333335	0.001748928397850625	0.005496632107530535
Nematoda	intersection	5	CC	GO:0030669	CC	2	10	8	2290	57.25	0.00047406467374438716	0.007110970106165807
Nematoda	closeness	5	CC	GO:0016020	CC	8	604	10	2290	3.033112582781457	0.0006010584056400297	0.007583410666678531
Nematoda	closeness	5	CC	GO:0030669	CC	2	10	10	2290	45.800000000000004	0.000758341066667853	0.007583410666678531
Nematoda	intersection	5	MF	GO:0000166	MF	2	31	8	2290	18.46774193548387	0.004721597620243652	0.008094167348989116
Nematoda	closeness	5	BP	GO:0002181	BP	2	30	10	2290	15.266666666666667	0.006996155624791811	0.008745194530989764
Nematoda	stability	5	all	GO:0030182	BP	2	21	10	2290	21.809523809523814	0.003449195357632216	0.00985484387894919
Nematoda	closeness	5	all	GO:0030182	BP	2	21	10	2290	21.809523809523814	0.003449195357632216	0.010117639715721166
Nematoda	intersection	5	all	GO:0031901	CC	2	30	8	2290	19.083333333333336	0.0044247369516168065	0.010324386220439215
Nematoda	intersection	5	all	GO:0000166	MF	2	31	8	2290	18.46774193548387	0.004721597620243652	0.010328494794282989
Nematoda	intersection	5	all	GO:0016020	CC	6	604	8	2290	2.8435430463576155	0.005576499070429323	0.011481027497942725
Nematoda	stability	5	CC	GO:0030669	CC	2	10	10	2290	45.800000000000004	0.000758341066667853	0.013650139200021354
Nematoda	stability	5	MF	GO:0000166	MF	2	31	10	2290	14.774193548387096	0.007461201499554496	0.013856517070601206
Nematoda	intersection	5	MF	GO:0000287	MF	2	45	8	2290	12.722222222222221	0.009808272597991198	0.014712408896986797
Nematoda	closeness	5	MF	GO:0000166	MF	2	31	10	2290	14.774193548387096	0.007461201499554496	0.014922402999108991
Nematoda	intersection	5	all	GO:0009986	CC	2	43	8	2290	13.313953488372093	0.008977833263820104	0.017456898012983536
Nematoda	intersection	5	all	GO:0000287	MF	2	45	8	2290	12.722222222222221	0.009808272597991198	0.018067870575246944
Nematoda	closeness	5	all	GO:0031901	CC	2	30	10	2290	15.266666666666667	0.006996155624791811	0.01810769691122586
Nematoda	closeness	5	all	GO:0002181	BP	2	30	10	2290	15.266666666666667	0.006996155624791811	0.01810769691122586
Nematoda	closeness	5	all	GO:0000166	MF	2	31	10	2290	14.774193548387096	0.007461201499554496	0.018238492554466544
Nematoda	stability	5	all	GO:0000166	MF	2	31	10	2290	14.774193548387096	0.007461201499554496	0.01865300374888624
Nematoda	stability	5	all	GO:0031901	CC	2	30	10	2290	15.266666666666667	0.006996155624791811	0.01865300374888624
Nematoda	intersection	5	MF	GO:0044877	MF	2	56	8	2290	10.223214285714286	0.014965014721719244	0.019953352962292323
Nematoda	intersection	5	all	GO:0012505	CC	2	52	8	2290	11.009615384615383	0.012976449485689108	0.022436052814723044
Nematoda	intersection	5	all	GO:0030425	CC	2	53	8	2290	10.80188679245283	0.013461631688833827	0.022436052814723044
Nematoda	closeness	5	MF	GO:0003735	MF	2	42	10	2290	10.904761904761907	0.013464775241784896	0.023563356673123568
Nematoda	intersection	5	all	GO:0044877	MF	2	56	8	2290	10.223214285714286	0.014965014721719244	0.023807977966371522
Nematoda	closeness	5	MF	GO:0000287	MF	2	45	10	2290	10.177777777777777	0.01537400759067786	0.023915122918832226
Nematoda	stability	5	MF	GO:0000287	MF	2	45	10	2290	10.177777777777777	0.01537400759067786	0.02498276233485152
Nematoda	closeness	5	BP	GO:0006412	BP	2	55	10	2290	8.327272727272728	0.022528395350611154	0.02503155038956795
Nematoda	intersection	5	all	GO:0005769	CC	2	62	8	2290	9.233870967741934	0.018182844812525627	0.027669546453843345
Nematoda	intersection	5	CC	GO:0016020	CC	6	604	8	2290	2.8435430463576155	0.005576499070429323	0.027882495352146614
Nematoda	intersection	5	CC	GO:0031901	CC	2	30	8	2290	19.083333333333336	0.0044247369516168065	0.027882495352146614
Nematoda	closeness	5	all	GO:0009986	CC	2	43	10	2290	10.651162790697674	0.014088638992875895	0.02817727798575179
Nematoda	closeness	5	all	GO:0003735	MF	2	42	10	2290	10.904761904761907	0.013464775241784896	0.02817727798575179
Nematoda	closeness	5	all	GO:0022626	CC	2	41	10	2290	11.170731707317074	0.01285359035428426	0.02817727798575179
Nematoda	closeness	5	all	GO:0005840	CC	2	43	10	2290	10.651162790697674	0.014088638992875895	0.02817727798575179
Nematoda	closeness	5	all	GO:0000287	MF	2	45	10	2290	10.177777777777777	0.01537400759067786	0.029411144956079386
Nematoda	closeness	5	MF	GO:0044877	MF	2	56	10	2290	8.178571428571429	0.023308247654938382	0.032631546716913734
Nematoda	stability	5	all	GO:0009986	CC	2	43	10	2290	10.651162790697674	0.014088638992875895	0.03314973880676681
Nematoda	intersection	5	CC	GO:0012505	CC	2	52	8	2290	11.009615384615383	0.012976449485689108	0.03365407922208457
Nematoda	intersection	5	CC	GO:0009986	CC	2	43	8	2290	13.313953488372093	0.008977833263820104	0.03365407922208457
Nematoda	intersection	5	CC	GO:0030425	CC	2	53	8	2290	10.80188679245283	0.013461631688833827	0.03365407922208457
Nematoda	stability	5	MF	GO:0044877	MF	2	56	10	2290	8.178571428571429	0.023308247654938382	0.033667468834910994
Nematoda	stability	5	all	GO:0000287	MF	2	45	10	2290	10.177777777777777	0.01537400759067786	0.03416446131261747
Nematoda	closeness	5	all	GO:0012505	CC	2	52	10	2290	8.807692307692308	0.020257784189625642	0.03696540319987361
Nematoda	closeness	5	all	GO:0030425	CC	2	53	10	2290	8.641509433962264	0.021003069999928188	0.03696540319987361
Nematoda	closeness	5	all	GO:0044877	MF	2	56	10	2290	8.178571428571429	0.023308247654938382	0.03798381099323292
Nematoda	closeness	5	all	GO:0006412	BP	2	55	10	2290	8.327272727272728	0.022528395350611154	0.03798381099323292
Nematoda	intersection	5	CC	GO:0005769	CC	2	62	8	2290	9.233870967741934	0.018182844812525627	0.03896323888398349
Nematoda	intersection	5	MF	GO:0016887	MF	2	86	8	2290	6.656976744186046	0.03368892067316381	0.04042670480779657
Nematoda	stability	5	all	GO:0012505	CC	2	52	10	2290	8.807692307692308	0.020257784189625642	0.042006139999856376
Nematoda	stability	5	all	GO:0030425	CC	2	53	10	2290	8.641509433962264	0.021003069999928188	0.042006139999856376
Nematoda	stability	5	all	GO:0005886	CC	5	421	10	2290	2.7197149643705463	0.022999453883870643	0.042378632099887965
Nematoda	stability	5	all	GO:0044877	MF	2	56	10	2290	8.178571428571429	0.023308247654938382	0.042378632099887965
Nematoda	closeness	5	all	GO:0005769	CC	2	62	10	2290	7.387096774193548	0.02822219002200441	0.04301094814986532
Nematoda	closeness	5	all	GO:0005730	CC	3	161	10	2290	4.267080745341614	0.028348124916956687	0.04301094814986532
Nematoda	stability	5	all	GO:0016020	CC	6	604	10	2290	2.2748344370860925	0.025373970676237406	0.04412864465432592
Nematoda	intersection	5	all	GO:0005794	CC	3	212	8	2290	4.050707547169811	0.030859965981592328	0.04500411705648882
Nematoda	stability	5	MF	GO:0019901	MF	2	70	10	2290	6.542857142857144	0.03537496250963496	0.04598745126252545
Nematoda	closeness	5	CC	GO:0031901	CC	2	30	10	2290	15.266666666666667	0.006996155624791811	0.04664103749861207
Nematoda	closeness	5	CC	GO:0009986	CC	2	43	10	2290	10.651162790697674	0.014088638992875895	0.046962129976252986
Nematoda	closeness	5	CC	GO:0022626	CC	2	41	10	2290	11.170731707317074	0.01285359035428426	0.046962129976252986
Nematoda	closeness	5	CC	GO:0005840	CC	2	43	10	2290	10.651162790697674	0.014088638992875895	0.046962129976252986
Nematoda	stability	5	all	GO:0005769	CC	2	62	10	2290	7.387096774193548	0.02822219002200441	0.047036983370007356
Nematoda	intersection	5	all	GO:0016887	MF	2	86	8	2290	6.656976744186046	0.03368892067316381	0.047164488942429326
Nematoda	closeness	5	CC	GO:0012505	CC	2	52	10	2290	8.807692307692308	0.020257784189625642	0.05250767499982047
Nematoda	closeness	5	CC	GO:0030425	CC	2	53	10	2290	8.641509433962264	0.021003069999928188	0.05250767499982047
Nematoda	stability	5	all	GO:0019901	MF	2	70	10	2290	6.542857142857144	0.03537496250963496	0.056599940015415934
Nematoda	closeness	5	CC	GO:0005769	CC	2	62	10	2290	7.387096774193548	0.02822219002200441	0.05669624983391337
Nematoda	closeness	5	CC	GO:0005730	CC	3	161	10	2290	4.267080745341614	0.028348124916956687	0.05669624983391337
Nematoda	intersection	5	all	GO:0005886	CC	4	421	8	2290	2.7197149643705463	0.042351942834103734	0.05701223073821656
Nematoda	intersection	5	CC	GO:0005794	CC	3	212	8	2290	4.050707547169811	0.030859965981592328	0.05786243621548561
Nematoda	intersection	5	all	GO:0045202	CC	2	103	8	2290	5.558252427184466	0.04698619745617804	0.06090803373949005
Nematoda	stability	5	MF	GO:0016887	MF	2	86	10	2290	5.325581395348837	0.05157318698628213	0.060950130074697066
Nematoda	stability	5	CC	GO:0031901	CC	2	30	10	2290	15.266666666666667	0.006996155624791811	0.06296540062312629
Nematoda	stability	5	CC	GO:0016020	CC	6	604	10	2290	2.2748344370860925	0.025373970676237406	0.06349992754950992
Nematoda	stability	5	CC	GO:0005886	CC	5	421	10	2290	2.7197149643705463	0.022999453883870643	0.06349992754950992
Nematoda	stability	5	CC	GO:0012505	CC	2	52	10	2290	8.807692307692308	0.020257784189625642	0.06349992754950992
Nematoda	stability	5	CC	GO:0005769	CC	2	62	10	2290	7.387096774193548	0.02822219002200441	0.06349992754950992
Nematoda	stability	5	CC	GO:0009986	CC	2	43	10	2290	10.651162790697674	0.014088638992875895	0.06349992754950992
Nematoda	stability	5	CC	GO:0030425	CC	2	53	10	2290	8.641509433962264	0.021003069999928188	0.06349992754950992
Nematoda	closeness	5	MF	GO:0016887	MF	2	86	10	2290	5.325581395348837	0.05157318698628213	0.06563860161890454
Nematoda	intersection	5	CC	GO:0005886	CC	4	421	8	2290	2.7197149643705463	0.042351942834103734	0.07047929618426706
Nematoda	intersection	5	CC	GO:0045202	CC	2	103	8	2290	5.558252427184466	0.04698619745617804	0.07047929618426706
Nematoda	closeness	5	all	GO:0016887	MF	2	86	10	2290	5.325581395348837	0.05157318698628213	0.07564067424654713
Nematoda	stability	5	all	GO:0016887	MF	2	86	10	2290	5.325581395348837	0.05157318698628213	0.0793433645942802
Nematoda	closeness	5	all	GO:0005794	CC	3	212	10	2290	3.240566037735849	0.05759548723026474	0.08013367955376664
Nematoda	closeness	5	all	GO:0005783	CC	3	213	10	2290	3.2253521126760565	0.05827903967546665	0.08013367955376664
Nematoda	intersection	5	all	GO:0000139	CC	2	125	8	2290	4.58	0.06667531811762675	0.08334414764703345
Nematoda	stability	5	all	GO:0005794	CC	3	212	10	2290	3.240566037735849	0.05759548723026474	0.08532664774854036
Nematoda	intersection	5	BP	GO:0045944	BP	2	147	8	2290	3.894557823129252	0.0887920238530812	0.0887920238530812
Nematoda	intersection	5	CC	GO:0000139	CC	2	125	8	2290	4.58	0.06667531811762675	0.0909208883422183
Nematoda	closeness	5	all	GO:0045202	CC	2	103	10	2290	4.4466019417475735	0.0712337607589469	0.09497834767859586
Nematoda	closeness	5	CC	GO:0005794	CC	3	212	10	2290	3.240566037735849	0.05759548723026474	0.09713173279244441
Nematoda	closeness	5	CC	GO:0005783	CC	3	213	10	2290	3.2253521126760565	0.05827903967546665	0.09713173279244441
Nematoda	stability	5	BP	GO:0045893	BP	2	117	10	2290	3.914529914529915	0.08905959115446889	0.1001920400487775
Nematoda	stability	5	all	GO:0045202	CC	2	103	10	2290	4.4466019417475735	0.0712337607589469	0.10176251536992413
Nematoda	intersection	5	all	GO:0045944	BP	2	147	8	2290	3.894557823129252	0.0887920238530812	0.1071627874088911
Nematoda	closeness	5	CC	GO:0045202	CC	2	103	10	2290	4.4466019417475735	0.0712337607589469	0.10959040116761061
Nematoda	stability	5	CC	GO:0005794	CC	3	212	10	2290	3.240566037735849	0.05759548723026474	0.11519097446052948
Nematoda	closeness	5	all	GO:0005886	CC	4	421	10	2290	2.175771971496437	0.09371241664503215	0.12127489212886514
Nematoda	stability	5	all	GO:0045893	BP	2	117	10	2290	3.914529914529915	0.08905959115446889	0.12284081538547433
Nematoda	closeness	5	all	GO:0000139	CC	2	125	10	2290	3.664	0.09982711083433866	0.12549693933459719
Nematoda	stability	5	CC	GO:0045202	CC	2	103	10	2290	4.4466019417475735	0.0712337607589469	0.12822076936610444
Nematoda	stability	5	BP	GO:0045944	BP	2	147	10	2290	3.1156462585034017	0.13129930456906316	0.13129930456906316
Nematoda	closeness	5	BP	GO:0045944	BP	2	147	10	2290	3.1156462585034017	0.13129930456906316	0.13129930456906316
Nematoda	stability	5	all	GO:0000139	CC	2	125	10	2290	3.664	0.09982711083433866	0.1331028144457849
Nematoda	closeness	5	CC	GO:0005886	CC	4	421	10	2290	2.175771971496437	0.09371241664503215	0.1331028144457849
Nematoda	closeness	5	CC	GO:0000139	CC	2	125	10	2290	3.664	0.09982711083433866	0.1331028144457849
Nematoda	closeness	5	all	GO:0045944	BP	2	147	10	2290	3.1156462585034017	0.13129930456906316	0.16047692780663275
Nematoda	stability	5	CC	GO:0000139	CC	2	125	10	2290	3.664	0.09982711083433866	0.1633534540925542
Nematoda	stability	5	all	GO:0045944	BP	2	147	10	2290	3.1156462585034017	0.13129930456906316	0.1694184575084686
Nematoda	intersection	5	all	GO:0005789	CC	2	200	8	2290	2.8625000000000003	0.14986173354217458	0.17483868913253703
Nematoda	intersection	5	CC	GO:0005789	CC	2	200	8	2290	2.8625000000000003	0.14986173354217458	0.18732716692771822
Nematoda	intersection	5	all	GO:0005783	CC	2	213	8	2290	2.687793427230047	0.16613864817454801	0.18757589310029613
Nematoda	stability	5	all	GO:0005730	CC	2	161	10	2290	2.8447204968944098	0.1525237633413171	0.19065470417664637
Nematoda	intersection	5	CC	GO:0005783	CC	2	213	8	2290	2.687793427230047	0.16613864817454801	0.19169844020140156
Nematoda	intersection	5	MF	GO:0005524	MF	2	225	8	2290	2.5444444444444447	0.18150973438650866	0.19801061933073674
Nematoda	intersection	5	all	GO:0005524	MF	2	225	8	2290	2.5444444444444447	0.18150973438650866	0.19852627198524386
Nematoda	closeness	5	MF	GO:0003723	MF	3	339	10	2290	2.0265486725663715	0.17435051237722568	0.20340893110676328
Nematoda	closeness	5	all	GO:0003723	MF	3	339	10	2290	2.0265486725663715	0.17435051237722568	0.2073357444485927
Nematoda	stability	5	CC	GO:0005730	CC	2	161	10	2290	2.8447204968944098	0.1525237633413171	0.22878564501197562
Nematoda	closeness	5	all	GO:0005789	CC	2	200	10	2290	2.29	0.21515569591386693	0.24912764790026698
Neoptera	closeness	5	BP	GO:0006649	BP	2	2	7	2290	327.1428571428571	8.012499499220759e-06	2.0031248748051896e-05
Neoptera	closeness	5	BP	GO:0097212	BP	2	2	7	2290	327.1428571428571	8.012499499220759e-06	2.0031248748051896e-05
Neoptera	closeness	5	BP	GO:0055091	BP	2	3	7	2290	218.09523809523807	2.4002478832063553e-05	4.000413138677259e-05
Neoptera	closeness	5	all	GO:7770015	CC	2	2	7	2290	327.1428571428571	8.012499499220759e-06	5.8758329660952225e-05
Neoptera	closeness	5	all	GO:0006649	BP	2	2	7	2290	327.1428571428571	8.012499499220759e-06	5.8758329660952225e-05
Neoptera	closeness	5	all	GO:0097212	BP	2	2	7	2290	327.1428571428571	8.012499499220759e-06	5.8758329660952225e-05
Neoptera	closeness	5	CC	GO:7770015	CC	2	2	7	2290	327.1428571428571	8.012499499220759e-06	9.614999399064911e-05
Neoptera	closeness	5	all	GO:0160270	MF	2	3	7	2290	218.09523809523807	2.4002478832063553e-05	0.00010561090686107963
Neoptera	closeness	5	all	GO:0055091	BP	2	3	7	2290	218.09523809523807	2.4002478832063553e-05	0.00010561090686107963
Neoptera	closeness	5	MF	GO:0004198	MF	2	4	7	2290	163.57142857142856	4.793501020779695e-05	0.00011983752551949237
Neoptera	closeness	5	MF	GO:0160270	MF	2	3	7	2290	218.09523809523807	2.4002478832063553e-05	0.00011983752551949237
Neoptera	closeness	5	MF	GO:0032934	MF	2	5	7	2290	130.85714285714286	7.977525754981099e-05	0.00013295876258301832
Neoptera	closeness	5	all	GO:0004198	MF	2	4	7	2290	163.57142857142856	4.793501020779695e-05	0.0001506528892245047
Neoptera	closeness	5	all	GO:0160258	CC	2	4	7	2290	163.57142857142856	4.793501020779695e-05	0.0001506528892245047
Neoptera	closeness	5	all	GO:0032934	MF	2	5	7	2290	130.85714285714286	7.977525754981099e-05	0.00021938195826198023
Neoptera	closeness	5	BP	GO:0120009	BP	2	8	7	2290	81.78571428571428	0.00022239530695098686	0.0002779941336887336
Neoptera	closeness	5	CC	GO:0160258	CC	2	4	7	2290	163.57142857142856	4.793501020779695e-05	0.00028761006124678173
Neoptera	closeness	5	all	GO:0120009	BP	2	8	7	2290	81.78571428571428	0.00022239530695098686	0.0005436329725468568
Neoptera	intersection	20	BP	GO:0007417	BP	2	15	7	2290	43.61904761904762	0.0008255034269629402	0.0008255034269629402
Neoptera	closeness	5	MF	GO:0008289	MF	2	18	7	2290	36.34920634920635	0.001197616139403725	0.0014970201742546562
Neoptera	closeness	5	all	GO:0008289	MF	2	18	7	2290	36.34920634920635	0.001197616139403725	0.0026347555066881948
Neoptera	closeness	5	BP	GO:0006508	BP	2	30	7	2290	21.80952380952381	0.0033457524672950655	0.0033457524672950655
Neoptera	closeness	5	all	GO:0031902	CC	2	27	7	2290	24.23280423280423	0.00271155428120958	0.00542310856241916
Neoptera	intersection	20	all	GO:0007417	BP	2	15	7	2290	43.61904761904762	0.0008255034269629402	0.005778523988740581
Neoptera	closeness	5	all	GO:0006508	BP	2	30	7	2290	21.80952380952381	0.0033457524672950655	0.006133879523374287
Neoptera	closeness	5	all	GO:0032991	CC	3	138	7	2290	7.111801242236025	0.006265282206557088	0.010602785272635072
Neoptera	closeness	5	CC	GO:0031902	CC	2	27	7	2290	24.23280423280423	0.00271155428120958	0.01084621712483832
Neoptera	closeness	5	all	GO:0005802	CC	2	44	7	2290	14.870129870129869	0.0071283228400995675	0.01120165017729932
Neoptera	closeness	5	CC	GO:0032991	CC	3	138	7	2290	7.111801242236025	0.006265282206557088	0.017107974816238963
Neoptera	closeness	5	CC	GO:0005802	CC	2	44	7	2290	14.870129870129869	0.0071283228400995675	0.017107974816238963
Neoptera	closeness	5	all	GO:0005765	CC	2	75	7	2290	8.723809523809523	0.019978913182361724	0.029302406000797195
Neoptera	closeness	5	CC	GO:0005765	CC	2	75	7	2290	8.723809523809523	0.019978913182361724	0.03995782636472345
Neoptera	stability	10	MF	GO:0005516	MF	2	26	15	2290	11.743589743589743	0.011888731033728608	0.05944365516864304
Neoptera	stability	10	all	GO:0005516	MF	2	26	15	2290	11.743589743589743	0.011888731033728608	0.1783309655059291
Neoptera	closeness	5	all	GO:0005794	CC	2	212	7	2290	3.086253369272237	0.1313690358179822	0.18063242424972553
Neoptera	closeness	5	CC	GO:0005794	CC	2	212	7	2290	3.086253369272237	0.1313690358179822	0.2252040614022552
Porifera	stability	5	BP	GO:0048255	BP	2	11	10	2290	41.63636363636363	0.0009247001965488279	0.0027741005896464834
Porifera	stability	5	BP	GO:0007018	BP	2	16	10	2290	28.625	0.0019941141460999767	0.002991171219149965
Porifera	closeness	5	CC	GO:0005686	CC	2	7	10	2290	65.42857142857143	0.0003563793708518424	0.004276552450222109
Porifera	closeness	5	CC	GO:0071007	CC	2	10	10	2290	45.800000000000004	0.000758341066667853	0.004550046400007118
Porifera	closeness	5	all	GO:0005686	CC	2	7	10	2290	65.42857142857143	0.0003563793708518424	0.005702069933629478
Porifera	closeness	5	all	GO:0071007	CC	2	10	10	2290	45.800000000000004	0.000758341066667853	0.006066728533342824
Porifera	closeness	5	CC	GO:0005681	CC	2	17	10	2290	26.94117647058824	0.0022547255353815143	0.009018902141526057
Porifera	stability	5	all	GO:0048255	BP	2	11	10	2290	41.63636363636363	0.0009247001965488279	0.010171702162037107
Porifera	stability	5	all	GO:0007018	BP	2	16	10	2290	28.625	0.0019941141460999767	0.010967627803549871
Porifera	closeness	5	all	GO:0005681	CC	2	17	10	2290	26.94117647058824	0.0022547255353815143	0.012025202855368075
Porifera	closeness	5	BP	GO:0000398	BP	2	41	10	2290	11.170731707317074	0.01285359035428426	0.01285359035428426
Porifera	closeness	5	BP	GO:0006396	BP	2	33	10	2290	13.878787878787879	0.008432588071211972	0.01285359035428426
Porifera	closeness	5	CC	GO:0071013	CC	2	24	10	2290	19.083333333333336	0.004501580953431617	0.013504742860294853
Porifera	closeness	5	CC	GO:0016607	CC	3	90	10	2290	7.633333333333333	0.005765021506764635	0.013836051616235124
Porifera	closeness	5	all	GO:0071013	CC	2	24	10	2290	19.083333333333336	0.004501580953431617	0.01800632381372647
Porifera	closeness	5	all	GO:0016607	CC	3	90	10	2290	7.633333333333333	0.005765021506764635	0.018448068821646832
Porifera	intersection	5	CC	GO:0016607	CC	2	90	6	2290	8.481481481481481	0.02066915912083736	0.02066915912083736
Porifera	closeness	5	all	GO:0006396	BP	2	33	10	2290	13.878787878787879	0.008432588071211972	0.022486901523231923
Porifera	stability	5	BP	GO:0007283	BP	2	59	10	2290	7.76271186440678	0.025715449245030435	0.02571544924503043
Porifera	closeness	5	all	GO:0000398	BP	2	41	10	2290	11.170731707317074	0.01285359035428426	0.029379635095506878
Porifera	intersection	5	all	GO:0016607	CC	2	90	6	2290	8.481481481481481	0.02066915912083736	0.04133831824167472
Porifera	stability	5	all	GO:0007283	BP	2	59	10	2290	7.76271186440678	0.025715449245030435	0.0942899805651116
Porifera	closeness	5	CC	GO:0005743	CC	2	90	10	2290	5.088888888888889	0.055985861644587784	0.11197172328917555
Porifera	closeness	5	all	GO:0005743	CC	2	90	10	2290	5.088888888888889	0.055985861644587784	0.11197172328917557
Porifera	stability	5	all	GO:0016607	CC	2	90	10	2290	5.088888888888889	0.055985861644587784	0.12813488172995002
Porifera	stability	5	all	GO:0005929	CC	2	92	10	2290	4.978260869565218	0.05824312805906819	0.12813488172995002
Porifera	stability	5	CC	GO:0016607	CC	2	90	10	2290	5.088888888888889	0.055985861644587784	0.17472938417720457
Porifera	stability	5	CC	GO:0005929	CC	2	92	10	2290	4.978260869565218	0.05824312805906819	0.17472938417720457
Protostomia	closeness	5	BP	GO:0006649	BP	2	2	10	2290	229.0	1.7169641784023106e-05	5.150892535206932e-05
Protostomia	closeness	5	BP	GO:0097212	BP	2	2	10	2290	229.0	1.7169641784023106e-05	5.150892535206932e-05
Protostomia	closeness	5	BP	GO:0055091	BP	2	3	10	2290	152.66666666666669	5.138885792713928e-05	0.00010277771585427856
Protostomia	closeness	5	all	GO:7770015	CC	2	2	10	2290	229.0	1.7169641784023106e-05	0.00014308034820019255
Protostomia	closeness	5	all	GO:0006649	BP	2	2	10	2290	229.0	1.7169641784023106e-05	0.00014308034820019255
Protostomia	closeness	5	all	GO:0097212	BP	2	2	10	2290	229.0	1.7169641784023106e-05	0.00014308034820019255
Protostomia	closeness	5	CC	GO:7770015	CC	2	2	10	2290	229.0	1.7169641784023106e-05	0.00022320534319230037
Protostomia	closeness	5	all	GO:0160270	MF	2	3	10	2290	152.66666666666669	5.138885792713928e-05	0.0002569442896356964
Protostomia	closeness	5	all	GO:0055091	BP	2	3	10	2290	152.66666666666669	5.138885792713928e-05	0.0002569442896356964
Protostomia	closeness	5	MF	GO:0160270	MF	2	3	10	2290	152.66666666666669	5.138885792713928e-05	0.0003083331475628357
Protostomia	closeness	5	all	GO:0160258	CC	2	4	10	2290	114.5	0.0001025381322536275	0.0004272422177234479
Protostomia	closeness	5	MF	GO:0032934	MF	2	5	10	2290	91.60000000000001	0.00017049849790884433	0.000511495493726533
Protostomia	closeness	5	all	GO:0032934	MF	2	5	10	2290	91.60000000000001	0.00017049849790884433	0.0006089232068173012
Protostomia	closeness	5	CC	GO:0160258	CC	2	4	10	2290	114.5	0.0001025381322536275	0.0006664978596485787
Protostomia	closeness	5	BP	GO:0120009	BP	2	8	10	2290	57.25	0.0004740646737435535	0.0007110970106153303
Protostomia	closeness	5	all	GO:0120009	BP	2	8	10	2290	57.25	0.0004740646737435535	0.0014814521054486048
Protostomia	closeness	5	MF	GO:0008289	MF	2	18	10	2290	25.444444444444446	0.0025306505668534355	0.005061301133706871
Protostomia	closeness	5	all	GO:0008289	MF	2	18	10	2290	25.444444444444446	0.0025306505668534355	0.00702958490792621
Protostomia	closeness	5	all	GO:0005765	CC	3	75	10	2290	9.16	0.0034316327001080865	0.008579081750270216
Protostomia	intersection	20	BP	GO:0045892	BP	2	80	5	2290	11.450000000000001	0.011255416562685605	0.011255416562685605
Protostomia	closeness	5	all	GO:0031902	CC	2	27	10	2290	16.962962962962962	0.005684867292606002	0.012920152937740913
Protostomia	closeness	5	CC	GO:0005765	CC	3	75	10	2290	9.16	0.0034316327001080865	0.014870408367135041
Protostomia	closeness	5	CC	GO:0031902	CC	2	27	10	2290	16.962962962962962	0.005684867292606002	0.018475818700969506
Protostomia	stability	5	BP	GO:0045892	BP	2	80	8	2290	7.15625	0.029436304417233616	0.029436304417233616
Protostomia	closeness	5	all	GO:0005802	CC	2	44	10	2290	10.409090909090908	0.01472508261472897	0.03067725544735202
Protostomia	closeness	5	CC	GO:0005802	CC	2	44	10	2290	10.409090909090908	0.01472508261472897	0.03828521479829532
Protostomia	closeness	5	BP	GO:0045892	BP	2	80	10	2290	5.7250000000000005	0.0452183483325343	0.05426201799904116
Protostomia	intersection	20	all	GO:0045892	BP	2	80	5	2290	11.450000000000001	0.011255416562685605	0.056277082813428025
Protostomia	closeness	5	all	GO:0045892	BP	2	80	10	2290	5.7250000000000005	0.0452183483325343	0.08695836217795058
Protostomia	closeness	5	BP	GO:0000122	BP	2	116	10	2290	3.9482758620689657	0.08774204156472386	0.08774204156472386
Protostomia	closeness	5	all	GO:0005794	CC	3	212	10	2290	3.240566037735849	0.05759548723026474	0.10284908433975846
Protostomia	closeness	5	CC	GO:0005794	CC	3	212	10	2290	3.240566037735849	0.05759548723026474	0.12479022233224026
Protostomia	closeness	5	all	GO:0000122	BP	2	116	10	2290	3.9482758620689657	0.08774204156472386	0.14623673594120642
Protostomia	closeness	5	all	GO:0032991	CC	2	138	10	2290	3.3188405797101455	0.11812001513234667	0.18456252364429168
Protostomia	stability	5	all	GO:0005743	CC	2	90	8	2290	6.361111111111111	0.03665527834798839	0.19257218721345948
Protostomia	stability	5	all	GO:0005739	CC	3	260	8	2290	3.3028846153846154	0.05251968742185258	0.19257218721345948
Protostomia	stability	5	all	GO:0045892	BP	2	80	8	2290	7.15625	0.029436304417233616	0.19257218721345948
Protostomia	closeness	5	all	GO:0000785	CC	2	152	10	2290	3.0131578947368425	0.13878435333723196	0.20409463726063523
Protostomia	closeness	5	all	GO:0003677	MF	2	161	10	2290	2.8447204968944098	0.1525237633413171	0.21183856019627373
Protostomia	stability	5	all	GO:0032991	CC	2	138	8	2290	4.148550724637682	0.079475393806132	0.218557332966863
Protostomia	closeness	5	CC	GO:0032991	CC	2	138	10	2290	3.3188405797101455	0.11812001513234667	0.21936574238864384
Protostomia	closeness	5	CC	GO:0000785	CC	2	152	10	2290	3.0131578947368425	0.13878435333723196	0.22552457417300195
Protostomia	closeness	5	MF	GO:0003677	MF	2	161	10	2290	2.8447204968944098	0.1525237633413171	0.22878564501197562
Protostomia	stability	5	CC	GO:0005743	CC	2	90	8	2290	6.361111111111111	0.03665527834798839	0.23633859339833663
Protostomia	stability	5	CC	GO:0005739	CC	3	260	8	2290	3.3028846153846154	0.05251968742185258	0.23633859339833663
Protostomia	stability	5	CC	GO:0032991	CC	2	138	8	2290	4.148550724637682	0.079475393806132	0.238426181418396
Scaphopoda	closeness	5	BP	GO:0000423	BP	2	12	10	2290	38.16666666666667	0.0011070528698085827	0.0011070528698085827
Scaphopoda	stability	5	BP	GO:0007098	BP	2	15	9	2290	33.925925925925924	0.0014044570223925928	0.0021066855335888893
Scaphopoda	stability	5	BP	GO:0006914	BP	2	15	9	2290	33.925925925925924	0.0014044570223925928	0.0021066855335888893
Scaphopoda	closeness	5	all	GO:0000423	BP	2	12	10	2290	38.16666666666667	0.0011070528698085827	0.009963475828277245
Scaphopoda	stability	5	all	GO:0007098	BP	2	15	9	2290	33.925925925925924	0.0014044570223925928	0.010533427667944446
Scaphopoda	stability	5	all	GO:0006914	BP	2	15	9	2290	33.925925925925924	0.0014044570223925928	0.010533427667944446
Scaphopoda	intersection	20	BP	GO:0007165	BP	2	128	4	2290	8.9453125	0.01726904536203577	0.01726904536203577
Scaphopoda	stability	5	all	GO:0055037	CC	2	25	9	2290	20.355555555555554	0.0039315385834944715	0.019657692917472356
Scaphopoda	stability	5	CC	GO:0055037	CC	2	25	9	2290	20.355555555555554	0.0039315385834944715	0.043246924418439185
Scaphopoda	closeness	5	MF	GO:0019904	MF	2	43	10	2290	10.651162790697674	0.014088638992875895	0.05635455597150358
Scaphopoda	closeness	5	all	GO:0019904	MF	2	43	10	2290	10.651162790697674	0.014088638992875895	0.06339887546794153
Scaphopoda	stability	5	all	GO:0005769	CC	2	62	9	2290	8.207885304659497	0.02297396261419602	0.08615235980323507
Scaphopoda	stability	5	BP	GO:0006355	BP	2	133	9	2290	3.826232247284879	0.09218064569747535	0.09218064569747535
Scaphopoda	stability	5	CC	GO:0005769	CC	2	62	9	2290	8.207885304659497	0.02297396261419602	0.12635679437807812
Scaphopoda	intersection	20	all	GO:0007165	BP	2	128	4	2290	8.9453125	0.01726904536203577	0.13815236289628616
Scaphopoda	closeness	5	MF	GO:0042803	MF	2	104	10	2290	4.403846153846154	0.0724609259048045	0.144921851809609
Scaphopoda	closeness	5	MF	GO:0003723	MF	3	339	10	2290	2.0265486725663715	0.17435051237722568	0.20919111340478677
Scaphopoda	closeness	5	MF	GO:0005515	MF	10	1959	10	2290	1.1689637570188873	0.20919111340478677	0.20919111340478677
Scaphopoda	intersection	20	MF	GO:0003723	MF	2	339	4	2290	3.377581120943953	0.10681730797413537	0.21363461594827074
Scaphopoda	closeness	5	all	GO:0042803	MF	2	104	10	2290	4.403846153846154	0.0724609259048045	0.2173827777144135
Scaphopoda	stability	5	all	GO:0006355	BP	2	133	9	2290	3.826232247284879	0.09218064569747535	0.24870862387590217
Scaphopoda	stability	5	all	GO:0005813	CC	2	139	9	2290	3.6610711430855316	0.09948344955036087	0.24870862387590217
Spiralia	closeness	5	MF	GO:0003713	MF	3	73	10	2290	9.410958904109588	0.003175572454337805	0.00635114490867561
Spiralia	intersection	5	BP	GO:0008284	BP	2	47	8	2290	12.180851063829786	0.01067225686872536	0.03201677060617608
Spiralia	closeness	5	BP	GO:0006357	BP	3	139	10	2290	4.942446043165468	0.019158407195747098	0.038316814391494196
Spiralia	closeness	5	BP	GO:0008284	BP	2	47	10	2290	9.74468085106383	0.016708909910236984	0.038316814391494196
Spiralia	stability	5	BP	GO:0008284	BP	2	47	9	2290	10.8274231678487	0.013543017962784502	0.04062905388835351
Spiralia	closeness	5	all	GO:0003713	MF	3	73	10	2290	9.410958904109588	0.003175572454337805	0.047633586815067075
Spiralia	intersection	5	MF	GO:0003713	MF	2	73	8	2290	7.842465753424658	0.024784543540843505	0.04956908708168701
Spiralia	intersection	5	CC	GO:0031966	CC	2	36	8	2290	15.902777777777777	0.006341098455231754	0.05072878764185403
Spiralia	stability	5	MF	GO:0003713	MF	2	73	9	2290	6.9710806697108065	0.031215919199562348	0.062431838399124695
Spiralia	intersection	5	all	GO:0031966	CC	2	36	8	2290	15.902777777777777	0.006341098455231754	0.06936966964671484
Spiralia	intersection	5	all	GO:0008284	BP	2	47	8	2290	12.180851063829786	0.01067225686872536	0.06936966964671484
Spiralia	closeness	5	all	GO:0031966	CC	2	36	10	2290	12.722222222222223	0.009991347188117379	0.07184402698405162
Spiralia	closeness	5	all	GO:0006357	BP	3	139	10	2290	4.942446043165468	0.019158407195747098	0.07184402698405162
Spiralia	closeness	5	all	GO:0008284	BP	2	47	10	2290	9.74468085106383	0.016708909910236984	0.07184402698405162
Spiralia	stability	5	CC	GO:0031966	CC	2	36	9	2290	14.1358024691358	0.008072525734951493	0.07265273161456343
Spiralia	intersection	5	BP	GO:0006357	BP	2	139	8	2290	4.118705035971224	0.08049283785779643	0.0887920238530812
Spiralia	intersection	5	BP	GO:0045944	BP	2	147	8	2290	3.894557823129252	0.0887920238530812	0.0887920238530812
Spiralia	closeness	5	CC	GO:0031966	CC	2	36	10	2290	12.722222222222223	0.009991347188117379	0.08992212469305641
Spiralia	stability	5	all	GO:0031966	CC	2	36	9	2290	14.1358024691358	0.008072525734951493	0.09480112573949151
Spiralia	stability	5	all	GO:0008284	BP	2	47	9	2290	10.8274231678487	0.013543017962784502	0.09480112573949151
Spiralia	intersection	5	all	GO:0003713	MF	2	73	8	2290	7.842465753424658	0.024784543540843505	0.10739968867698851
Spiralia	stability	5	BP	GO:0006357	BP	2	139	9	2290	3.6610711430855316	0.09948344955036087	0.10949208946205961
Spiralia	stability	5	BP	GO:0045944	BP	2	147	9	2290	3.4618291761148905	0.10949208946205961	0.10949208946205961
Spiralia	closeness	5	BP	GO:0045893	BP	2	117	10	2290	3.914529914529915	0.08905959115446889	0.11874612153929186
Spiralia	stability	5	all	GO:0005789	CC	3	200	9	2290	3.816666666666667	0.03713853341302749	0.12998486694559622
Spiralia	stability	5	all	GO:0003713	MF	2	73	9	2290	6.9710806697108065	0.031215919199562348	0.12998486694559622
Spiralia	closeness	5	BP	GO:0045944	BP	2	147	10	2290	3.1156462585034017	0.13129930456906316	0.13129930456906316
Spiralia	closeness	5	all	GO:0005789	CC	3	200	10	2290	3.435	0.04971902709562411	0.14915708128687233
Spiralia	stability	5	CC	GO:0005789	CC	3	200	9	2290	3.816666666666667	0.03713853341302749	0.1671234003586237
Spiralia	closeness	5	all	GO:0005886	CC	4	421	10	2290	2.175771971496437	0.09371241664503215	0.20081232138221175
Spiralia	closeness	5	all	GO:0045893	BP	2	117	10	2290	3.914529914529915	0.08905959115446889	0.20081232138221175
Spiralia	closeness	5	CC	GO:0005789	CC	3	200	10	2290	3.435	0.04971902709562411	0.2237356219303085
Spiralia	intersection	5	all	GO:0006357	BP	2	139	8	2290	4.118705035971224	0.08049283785779643	0.23085926201801113
Spiralia	intersection	5	all	GO:0045944	BP	2	147	8	2290	3.894557823129252	0.0887920238530812	0.23085926201801113
Spiralia	closeness	5	all	GO:0045944	BP	2	147	10	2290	3.1156462585034017	0.13129930456906316	0.24618619606699343
Vertebrata	intersection	5	BP	GO:0006261	BP	2	7	6	2290	109.04761904761904	0.00011948847633548544	0.0003065395693789085
Vertebrata	intersection	5	BP	GO:0006259	BP	2	9	6	2290	84.81481481481481	0.00020435971291927232	0.0003065395693789085
Vertebrata	intersection	5	CC	GO:0042555	CC	2	7	6	2290	109.04761904761904	0.00011948847633548544	0.0007169308580129126
Vertebrata	intersection	5	all	GO:0042555	CC	2	7	6	2290	109.04761904761904	0.00011948847633548544	0.0007766750961806553
Vertebrata	intersection	5	all	GO:0006261	BP	2	7	6	2290	109.04761904761904	0.00011948847633548544	0.0007766750961806553
Vertebrata	intersection	5	all	GO:0006259	BP	2	9	6	2290	84.81481481481481	0.00020435971291927232	0.0008855587559835135
Vertebrata	stability	5	BP	GO:0006261	BP	2	7	10	2290	65.42857142857143	0.0003563793708518424	0.0009121359830249916
Vertebrata	stability	5	BP	GO:0006259	BP	2	9	10	2290	50.88888888888889	0.0006080906553499944	0.0009121359830249916
Vertebrata	closeness	5	BP	GO:0006261	BP	2	7	10	2290	65.42857142857143	0.0003563793708518424	0.0009121359830249916
Vertebrata	closeness	5	BP	GO:0006259	BP	2	9	10	2290	50.88888888888889	0.0006080906553499944	0.0009121359830249916
Vertebrata	intersection	5	BP	GO:0006260	BP	2	26	6	2290	29.358974358974354	0.0018086009493560652	0.0018086009493560654
Vertebrata	stability	5	all	GO:0042555	CC	2	7	10	2290	65.42857142857143	0.0003563793708518424	0.002851034966814739
Vertebrata	stability	5	all	GO:0006261	BP	2	7	10	2290	65.42857142857143	0.0003563793708518424	0.002851034966814739
Vertebrata	stability	5	CC	GO:0042555	CC	2	7	10	2290	65.42857142857143	0.0003563793708518424	0.002851034966814739
Vertebrata	closeness	5	all	GO:0042555	CC	2	7	10	2290	65.42857142857143	0.0003563793708518424	0.0032074143376665813
Vertebrata	closeness	5	all	GO:0006261	BP	2	7	10	2290	65.42857142857143	0.0003563793708518424	0.0032074143376665813
Vertebrata	stability	5	all	GO:0006259	BP	2	9	10	2290	50.88888888888889	0.0006080906553499944	0.0032431501618666366
Vertebrata	closeness	5	CC	GO:0042555	CC	2	7	10	2290	65.42857142857143	0.0003563793708518424	0.0035637937085184236
Vertebrata	closeness	5	all	GO:0006259	BP	2	9	10	2290	50.88888888888889	0.0006080906553499944	0.003648543932099966
Vertebrata	stability	5	BP	GO:0006260	BP	2	26	10	2290	17.615384615384617	0.005276073766217643	0.005276073766217643
Vertebrata	closeness	5	BP	GO:0006260	BP	2	26	10	2290	17.615384615384617	0.005276073766217643	0.005276073766217643
Vertebrata	intersection	5	all	GO:0006260	BP	2	26	6	2290	29.358974358974354	0.0018086009493560652	0.005877953085407212
Vertebrata	stability	5	all	GO:0006260	BP	2	26	10	2290	17.615384615384617	0.005276073766217643	0.021104295064870573
Vertebrata	closeness	5	all	GO:0006260	BP	2	26	10	2290	17.615384615384617	0.005276073766217643	0.023742331947979395
Vertebrata	intersection	5	all	GO:0003682	MF	2	108	6	2290	7.0679012345679	0.02918925821422597	0.07231559985219178
Vertebrata	intersection	5	all	GO:0005694	CC	2	116	6	2290	6.580459770114943	0.033376430701011595	0.07231559985219178
Vertebrata	closeness	5	all	GO:0016020	CC	6	604	10	2290	2.2748344370860925	0.025373970676237406	0.09134629443445466
Vertebrata	intersection	5	CC	GO:0005694	CC	2	116	6	2290	6.580459770114943	0.033376430701011595	0.10012929210303478
Vertebrata	intersection	5	all	GO:0003677	MF	2	161	6	2290	4.741200828157349	0.06107790580945901	0.11343039650328102
Vertebrata	intersection	5	MF	GO:0003682	MF	2	108	6	2290	7.0679012345679	0.02918925821422597	0.11675703285690388
Vertebrata	intersection	5	MF	GO:0003677	MF	2	161	6	2290	4.741200828157349	0.06107790580945901	0.12215581161891802
Vertebrata	closeness	5	CC	GO:0016020	CC	6	604	10	2290	2.2748344370860925	0.025373970676237406	0.12686985338118703
Vertebrata	intersection	5	MF	GO:0005524	MF	2	225	6	2290	3.392592592592593	0.11062663623131544	0.1475021816417539
Vertebrata	intersection	5	all	GO:0005524	MF	2	225	6	2290	3.392592592592593	0.11062663623131544	0.17976828387588759
Vertebrata	closeness	5	all	GO:0003682	MF	2	108	10	2290	4.2407407407407405	0.07744265926032184	0.22562239259500422
Vertebrata	closeness	5	all	GO:0005694	CC	2	116	10	2290	3.9482758620689657	0.08774204156472386	0.22562239259500422
Vertebrata	stability	5	all	GO:0003682	MF	2	108	10	2290	4.2407407407407405	0.07744265926032184	0.2339787775059303
Vertebrata	stability	5	all	GO:0005694	CC	2	116	10	2290	3.9482758620689657	0.08774204156472386	0.2339787775059303
