clade	axis	N_threshold	pairs_used	namespace	foreground_size	n_families	n_terms_tested	n_hits_q05	n_hits_q25	top_term	top_term_fold	top_term_k	top_term_K	top_q
Ctenophora	stability	100	100	all	176	178	447	22	217	GO:0006099	7.046153846153846	7	13	0.00700412951750491
Nematoda	intersection	500	153	all	232	236	595	0	213	GO:0005524	1.7109195402298851	39	225	0.09352797631033813
Nematoda	closeness	100	100	all	170	172	429	0	207	GO:0000166	3.9108159392789372	9	31	0.057545950151366744
Deuterostomia	closeness	100	100	all	180	181	492	1	204	GO:0032991	2.396940418679549	26	138	0.006254397290275595
Diptera	stability	200	200	all	261	267	714	4	198	GO:0106310	2.8900240384615388	21	64	0.0020872682197369437
Nematoda	closeness	200	200	all	303	306	830	2	196	GO:0005524	1.8474514118078476	55	225	0.0008568089296684009
Ctenophora	closeness	100	100	all	185	189	425	19	177	GO:0005730	2.24176343505266	29	161	0.006364745581394204
Deuterostomia	closeness	50	50	all	96	97	263	55	170	GO:0016447	23.854166666666664	2	2	0.024083284209068495
Diptera	stability	200	200	BP	261	267	377	1	168	GO:0098609	5.420118343195266	8	13	0.007264947084711687
Nematoda	stability	200	200	all	274	276	760	2	162	GO:0005524	1.9686942416869426	53	225	0.00015064569815394406
Protostomia	intersection	500	300	BP	373	381	549	0	162	GO:0030833	6.155913978494624	5	5	0.06071352059596053
Vertebrata	closeness	100	100	all	187	188	477	0	162	GO:0006839	12.311827956989248	2	2	0.09488724488129645
Ctenophora	closeness	50	50	all	95	97	242	55	153	GO:0006364	6.96048632218845	8	28	0.0022868309811448968
Deuterostomia	intersection	200	100	all	181	181	461	2	153	GO:0006851	12.722222222222223	4	4	0.01706146306844355
Ctenophora	intersection	500	154	all	256	262	595	13	152	GO:0002181	4.5078740157480315	15	30	6.336323275778525e-05
Protostomia	closeness	200	200	all	273	279	737	1	152	GO:0043161	2.503963697993549	20	67	0.03871295279444353
Ctenophora	stability	50	50	all	96	98	249	38	150	GO:0006099	11.125506072874494	6	13	0.0014716145987558281
Deuterostomia	stability	100	100	all	167	167	423	0	149	GO:0000375	8.22754491017964	3	5	0.07714106913196503
Protostomia	stability	200	200	BP	259	264	370	0	149	GO:0030833	5.325581395348838	3	5	0.10884408248299804
Diptera	intersection	500	157	all	214	219	514	1	148	GO:0106310	2.855780516431925	17	64	0.02085271660406731
Nematoda	stability	100	100	all	163	165	413	1	148	GO:0005524	2.0605316973415135	33	225	0.00932648725024484
Diptera	closeness	100	100	all	153	157	393	0	148	GO:0032991	2.2926201372997714	21	138	0.07469842904896758
Deuterostomia	intersection	100	51	all	97	97	271	21	146	GO:0070461	14.164948453608249	3	5	0.03008922490512907
Protostomia	intersection	500	300	all	373	381	1017	0	146	GO:0030833	6.155913978494624	5	5	0.11246930864497606
Ctenophora	intersection	100	56	all	105	107	258	39	144	GO:0005730	2.5985427615862395	19	161	0.007834871750592548
Nematoda	intersection	200	66	all	121	123	317	0	143	GO:0005524	2.0187327823691463	24	225	0.05853755607255226
Diptera	stability	100	100	all	147	152	366	0	141	GO:0016567	2.390084801043705	16	105	0.07093452241713236
Nematoda	intersection	1000	323	all	380	387	975	1	140	GO:0005524	1.7677192982456142	66	225	0.00032001475180794736
Ctenophora	intersection	200	89	all	159	161	377	20	134	GO:0002181	4.861995753715499	10	30	0.005920889439976161
Diptera	closeness	200	200	all	273	279	739	0	132	GO:0030165	4.911151960784314	7	12	0.10686415137646496
Protostomia	closeness	200	200	BP	273	279	372	1	130	GO:0043161	2.503963697993549	20	67	0.019540323527181807
Protostomia	stability	200	200	all	259	264	699	0	129	GO:0030833	5.325581395348838	3	5	0.15244765084769207
Vertebrata	intersection	100	58	all	112	112	274	0	129	GO:0032991	2.0929625277451365	14	138	0.0842687569631785
Vertebrata	intersection	200	105	all	185	186	476	2	127	GO:0006851	12.445652173913043	4	4	0.019249629214888174
Nematoda	closeness	50	50	all	94	96	233	29	125	GO:0000166	4.715168153740562	6	31	0.028506422718694586
Deuterostomia	closeness	100	100	BP	180	181	233	0	125	GO:0006839	12.722222222222223	2	2	0.07956602776514657
Deuterostomia	stability	50	50	all	88	88	241	2	121	GO:0032991	2.8285573122529644	15	138	0.04002173895554098
Deuterostomia	intersection	200	100	BP	181	181	224	3	120	GO:0006851	12.722222222222223	4	4	0.008290168605924849
Vertebrata	stability	100	100	all	167	167	423	0	119	GO:0032991	2.099266631744369	21	138	0.06637225980480164
Insecta	closeness	100	100	all	168	173	432	0	118	GO:1903749	5.4523809523809526	4	10	0.10510068434018419
Ctenophora	intersection	50	27	all	52	54	156	73	117	GO:1901289	44.03846153846154	3	3	0.000862384280517246
Nematoda	stability	200	200	BP	274	276	388	1	117	GO:0006468	3.2502027575020276	14	36	0.011339789481580338
Spiralia	stability	100	100	all	134	139	334	0	115	GO:0070161	5.520289272800322	6	19	0.07640225599952596
Mollusca	stability	100	100	all	150	153	384	0	114	GO:0006357	2.129398521998728	19	139	0.07146566826071071
Neoptera	closeness	100	100	all	168	173	419	0	113	GO:1903749	5.4523809523809526	4	10	0.11803339525436378
Insecta	intersection	200	73	all	125	130	274	0	112	GO:0042393	3.4349999999999996	9	48	0.0706258961014345
Protostomia	stability	100	100	all	142	144	377	0	111	GO:0006511	3.0830571665285835	13	68	0.07079325656385663
Vertebrata	stability	50	50	all	87	87	222	8	107	GO:0070475	26.32183908045977	3	3	0.011772055715624553
Diptera	intersection	500	157	BP	214	219	262	0	107	GO:0007416	6.450704225352113	3	5	0.11285101901832481
Neoptera	intersection	200	71	all	121	126	273	0	106	GO:0042393	3.5485537190082646	9	48	0.05240373189030339
Decapodiformes	intersection	100	61	all	117	119	243	0	105	GO:0006572	19.572649572649574	2	2	0.08988160305575578
Deuterostomia	closeness	200	200	all	332	333	852	0	105	GO:0032991	1.804807566005517	36	138	0.12204684459286785
Nematoda	closeness	100	100	BP	170	172	182	0	105	GO:0001676	13.470588235294118	2	2	0.09572742369012206
Vertebrata	closeness	100	100	BP	187	188	229	0	105	GO:0006839	12.311827956989248	2	2	0.07911981789340806
Spiralia	stability	50	50	all	75	77	190	7	103	GO:0090263	8.25522710886806	5	19	0.018812633064247578
Neoptera	closeness	200	200	BP	310	317	413	0	103	GO:0007032	4.309139784946236	7	12	0.13888639453245524
Nematoda	stability	50	50	all	89	91	209	24	102	GO:0008569	19.29775280898876	3	4	0.023078443931820156
Protostomia	stability	100	100	BP	142	144	184	1	102	GO:0006511	3.0830571665285835	13	68	0.034551615935675385
Nematoda	intersection	500	153	BP	232	236	270	0	102	GO:0008206	9.870689655172413	2	2	0.13145077749836984
Vertebrata	closeness	200	200	all	329	330	831	0	102	GO:0005737	1.1780383175614408	177	1049	0.1445284115333977
Insecta	closeness	200	200	BP	309	316	411	0	101	GO:0008206	7.411003236245955	2	2	0.18200607581983633
Bilateria	stability	91	91	all	149	150	411	0	100	GO:0003008	15.369127516778523	2	2	0.12350384967891646
Bilateria	closeness	91	91	all	149	150	411	0	100	GO:0003008	15.369127516778523	2	2	0.12350384967891646
Bilateria	intersection	91	91	all	149	150	411	0	100	GO:0003008	15.369127516778523	2	2	0.12350384967891646
Vertebrata	intersection	200	105	BP	185	186	227	3	99	GO:0006851	12.445652173913043	4	4	0.009179970234831126
Deuterostomia	closeness	200	200	BP	332	333	425	0	99	GO:0008203	4.324018126888218	5	8	0.17712488625117243
Nematoda	closeness	200	200	BP	303	306	420	0	99	GO:0006508	2.519251925192519	10	30	0.15599825088830632
Protostomia	closeness	100	100	all	160	165	381	0	99	GO:0006511	2.525735294117647	12	68	0.1087706906808499
Spiralia	stability	200	200	BP	235	240	251	0	99	GO:0044209	9.956521739130435	2	2	0.1146391834465855
Mollusca	stability	100	100	BP	150	153	166	18	97	GO:0006357	2.129398521998728	19	139	0.03998048720712554
Ctenophora	stability	100	100	BP	176	178	194	11	97	GO:0006099	7.046153846153846	7	13	0.003039823548984234
Diptera	stability	100	100	BP	147	152	173	4	97	GO:0016567	2.390084801043705	16	105	0.041911449378975056
Insecta	closeness	100	100	BP	168	173	195	0	97	GO:1903749	5.4523809523809526	4	10	0.09160405576734991
Cnidaria	intersection	200	83	all	142	145	354	2	96	GO:0005930	2.8945467677862045	14	78	0.0413686609853281
Neoptera	intersection	500	348	BP	442	452	619	0	96	GO:0006631	2.590497737556561	5	10	0.24308501343341815
Porifera	intersection	100	81	all	151	152	316	2	95	GO:0006355	2.2805357765274112	20	133	0.046640529528241895
Ctenophora	stability	200	200	all	317	322	752	4	94	GO:0006099	5.592185592185592	10	13	0.00031217934310194035
Cnidaria	stability	50	50	all	87	89	214	0	94	GO:0045954	26.321839080459768	2	2	0.05090951408008996
Insecta	intersection	500	348	BP	437	446	629	0	94	GO:0030833	4.192219679633867	4	5	0.24322568942102177
Ctenophora	stability	20	20	all	38	40	108	57	93	GO:1901289	60.26315789473684	3	3	0.00022789997951258538
Coleoidea	intersection	200	91	all	167	167	354	0	93	GO:0140861	5.305838739573679	5	13	0.09588055734314026
Decapodiformes	intersection	200	138	all	239	241	515	0	93	GO:0003723	1.3907686968592745	49	339	0.1787679101979692
Deuterostomia	stability	100	100	BP	167	167	187	0	93	GO:0000375	8.22754491017964	3	5	0.06593160250632725
Deuterostomia	closeness	50	50	BP	96	97	120	27	92	GO:0016447	23.854166666666664	2	2	0.023198093788202857
Vertebrata	stability	100	100	BP	167	167	189	2	92	GO:1903241	9.196787148594378	4	6	0.03539406088888387
Bilateria	stability	91	91	BP	149	150	168	0	91	GO:0003008	15.369127516778523	2	2	0.08713623399293441
Bilateria	closeness	91	91	BP	149	150	168	0	91	GO:0003008	15.369127516778523	2	2	0.08713623399293441
Bilateria	intersection	91	91	BP	149	150	168	0	91	GO:0003008	15.369127516778523	2	2	0.08713623399293441
Mollusca	stability	200	200	BP	266	271	319	0	90	GO:0007368	5.264367816091954	6	10	0.09339410056952552
Ctenophora	closeness	200	200	all	327	332	817	7	89	GO:0005730	2.0569517439082654	47	161	0.00018252798324862942
Decapodiformes	stability	100	100	all	186	188	387	0	89	GO:0034244	8.297101449275361	4	6	0.09464657902766233
Neoptera	closeness	100	100	BP	168	173	188	0	88	GO:1903749	5.4523809523809526	4	10	0.09510922082038066
Decapodiformes	stability	100	100	BP	186	188	163	0	87	GO:0034244	8.297101449275361	4	6	0.059796094501972714
Porifera	closeness	100	100	all	183	185	402	0	87	GO:0006396	3.0336148368935256	8	33	0.09460269130952986
Deuterostomia	intersection	50	24	all	48	48	135	32	86	GO:0032991	3.4571256038647347	10	138	0.01349778035460035
Vertebrata	intersection	100	58	BP	112	112	123	0	86	GO:0001568	20.63063063063063	2	2	0.07162745311251864
Ctenophora	closeness	20	20	all	38	40	107	46	85	GO:1901289	61.891891891891895	3	3	0.00020796428442397167
Diptera	intersection	200	51	all	78	81	184	14	85	GO:0106310	5.111607142857142	11	64	0.000981544386011856
Diptera	stability	50	50	all	82	85	189	10	85	GO:0106310	4.417438271604938	10	64	0.010582868572753344
Nematoda	intersection	200	66	BP	121	123	135	8	85	GO:0042254	6.308539944903582	4	12	0.04674434975703459
Coleoidea	closeness	100	100	all	183	184	361	0	85	GO:0140672	12.513661202185792	2	2	0.14336014182120452
Ctenophora	closeness	100	100	BP	185	189	179	8	84	GO:0006364	4.444875776397516	10	28	0.0057596698085001785
Nematoda	stability	100	100	BP	163	165	178	0	84	GO:0006520	9.366053169734151	4	6	0.0590584808191851
Protostomia	intersection	200	109	BP	161	165	196	0	84	GO:0008206	14.223602484472048	2	2	0.10702325257029648
Nematoda	intersection	100	38	all	71	73	166	30	83	GO:0008569	24.19014084507042	3	4	0.009281366079795315
Cnidaria	intersection	200	83	BP	142	145	150	1	83	GO:0035646	16.12676056338028	3	3	0.03505818727570178
Diptera	closeness	100	100	BP	153	157	171	0	83	GO:1901888	15.065789473684209	2	2	0.07487474746318604
Neoptera	closeness	200	200	all	310	317	806	0	83	GO:0008206	7.387096774193548	2	2	0.19904085121801143
Nematoda	intersection	50	29	all	54	56	138	39	82	GO:0008569	31.805555555555554	3	4	0.003367594346330468
Deuterostomia	stability	200	200	all	307	309	714	1	82	GO:0006488	7.483660130718955	5	5	0.029563983203854366
Vertebrata	stability	200	200	all	310	311	728	1	82	GO:0006488	7.411003236245954	5	5	0.03166070132002942
Annelida	intersection	500	189	BP	310	315	398	0	82	GO:0097700	7.411003236245954	3	3	0.19634709767144679
Diptera	closeness	200	200	BP	273	279	388	0	82	GO:0009100	8.419117647058822	2	2	0.1330775475480153
Deuterostomia	stability	200	200	BP	307	309	356	1	81	GO:0006488	7.483660130718955	5	5	0.01474058546298621
Insecta	closeness	200	200	all	309	316	803	0	81	GO:0008206	7.411003236245955	2	2	0.20534546568714132
Decapodiformes	closeness	50	50	all	97	98	195	7	80	GO:0006572	23.60824742268041	2	2	0.04948781323352804
Nematoda	intersection	1000	323	MF	380	387	236	5	80	GO:0005524	1.7677192982456142	66	225	7.74599809504365e-05
Gastropoda	closeness	50	50	all	93	94	199	0	80	GO:0006412	4.073122529644269	9	55	0.05054428261803018
Deuterostomia	intersection	100	51	BP	97	97	109	15	79	GO:0006282	5.902061855670103	5	20	0.024204616344347372
Porifera	stability	100	100	all	172	174	393	0	79	GO:0045892	2.496366279069768	15	80	0.08820553205858378
Spiralia	stability	100	100	BP	134	139	147	0	79	GO:0009267	5.826972010178117	4	12	0.05196352512083222
Spiralia	intersection	500	176	BP	231	235	250	0	79	GO:0060395	6.106666666666667	3	5	0.14139704998610952
Nematoda	intersection	500	153	MF	232	236	161	2	78	GO:0005524	1.7109195402298851	39	225	0.025307570060444436
Nematoda	closeness	200	200	MF	303	306	201	1	78	GO:0005524	1.8474514118078476	55	225	0.00020749228296788985
Diptera	intersection	1000	376	BP	410	416	571	0	78	GO:0006665	3.732681336593317	4	6	0.2330470992625095
Cnidaria	closeness	50	50	all	88	89	203	1	77	GO:0005930	3.669871794871795	11	78	0.027347177277172216
Protostomia	closeness	100	100	BP	160	165	171	0	77	GO:0006511	2.525735294117647	12	68	0.07438273542393867
Nematoda	closeness	20	20	all	37	38	110	49	76	GO:0008569	46.41891891891892	3	4	0.0008456449940895045
Coleoidea	closeness	50	50	all	93	93	185	19	76	GO:0045190	14.774193548387098	3	5	0.023228324097684435
Mollusca	intersection	500	179	BP	252	255	290	0	75	GO:0060395	5.540322580645161	3	5	0.1412063135951288
Insecta	intersection	200	73	BP	125	130	118	8	74	GO:0008206	18.32	2	2	0.046908573490490726
Nematoda	stability	20	20	all	37	39	108	44	73	GO:0006986	46.41891891891892	3	4	0.0016605392611212088
Nematoda	intersection	20	19	all	36	37	108	44	73	GO:0006986	47.70833333333333	3	4	0.0015264069898363827
Vertebrata	stability	200	200	BP	310	311	365	1	73	GO:0006488	7.411003236245954	5	5	0.01587384063435541
Protostomia	intersection	200	109	all	161	165	419	0	73	GO:0008206	14.223602484472048	2	2	0.15729898106978116
Deuterostomia	intersection	500	245	BP	382	384	492	0	72	GO:0006488	6.026315789473684	5	5	0.06055210126419708
Deuterostomia	stability	50	50	BP	88	88	99	17	71	GO:0001568	26.022727272727273	2	2	0.036148963812105826
Neoptera	intersection	200	71	BP	121	126	117	7	71	GO:0045892	2.838842975206612	12	80	0.0449174844774029
Cnidaria	stability	100	100	all	157	161	385	0	71	GO:0005930	2.6347797501643657	14	78	0.09866502855568698
Decapodiformes	closeness	100	100	BP	187	190	165	0	71	GO:0006572	12.245989304812833	2	2	0.1599015007099178
Mollusca	stability	50	50	all	91	93	217	0	71	GO:0090263	6.848086124401914	5	19	0.06658449158536868
Nematoda	stability	7488	7488	all	1199	1217	2890	28	70	GO:0005524	1.553405615790937	183	225	5.244808533766839e-18
Nematoda	closeness	7488	7488	all	1199	1217	2890	28	70	GO:0005524	1.553405615790937	183	225	5.244808533766839e-18
Nematoda	intersection	7488	7488	all	1199	1217	2890	28	70	GO:0005524	1.553405615790937	183	225	5.244808533766839e-18
Nematoda	closeness	50	50	BP	94	96	91	18	70	GO:0006986	18.27127659574468	3	4	0.023681266423116624
Annelida	intersection	500	189	all	310	315	777	0	70	GO:0005515	1.051689075894015	278	1959	0.23126989579165275
Bilateria	closeness	50	50	all	86	87	203	0	70	GO:0042981	4.591018444266239	5	29	0.06904151595380897
Coleoidea	closeness	100	100	BP	183	184	153	0	70	GO:0045190	7.508196721311476	3	5	0.09721485517404672
Decapodiformes	closeness	100	100	all	187	190	392	0	70	GO:0006572	12.245989304812833	2	2	0.2109344731628947
Echinodermata	stability	100	100	BP	181	184	180	0	70	GO:0043032	12.937853107344633	3	3	0.08181994680944955
Vertebrata	stability	50	50	BP	87	87	97	9	68	GO:0070475	26.32183908045977	3	3	0.0051436459658359525
Spiralia	stability	50	50	BP	75	77	81	6	68	GO:0090263	8.25522710886806	5	19	0.01906607376326568
Ctenophora	stability	100	100	CC	176	178	140	3	68	GO:0032040	4.361904761904762	7	21	0.04485659435867214
Coleoidea	intersection	200	91	BP	167	167	151	0	68	GO:0140861	5.305838739573679	5	13	0.06575162014641954
Decapodiformes	closeness	200	200	all	330	334	699	1	66	GO:0003723	1.5034354989567595	73	339	0.04138284133107667
Protostomia	closeness	50	50	all	87	90	219	1	66	GO:0160258	19.741379310344826	3	4	0.04517228493694819
Ctenophora	intersection	20	13	all	24	26	74	38	65	GO:1901289	95.41666666666667	3	3	3.74650388672527e-05
Ctenophora	closeness	10	10	all	19	20	70	42	64	GO:1901289	120.52631578947368	3	3	1.696702800429374e-05
Protostomia	closeness	20	20	all	36	39	93	23	64	GO:0160258	47.70833333333333	3	4	0.001314406019025774
Insecta	closeness	50	50	all	90	95	195	8	64	GO:0160258	19.083333333333332	3	4	0.04453500649847778
Bivalvia	stability	200	200	BP	282	285	310	2	64	GO:0090110	6.4533011272141705	7	9	0.003100417141814463
Nematoda	closeness	100	100	MF	170	172	122	2	64	GO:0000166	3.9108159392789372	9	31	0.01636504876099474
Spiralia	stability	200	200	all	235	240	525	1	64	GO:0070161	4.716247139588101	9	19	0.017606460897977412
Cnidaria	stability	100	100	BP	157	161	159	0	63	GO:0030317	2.7524038461538463	9	48	0.07334527577308472
Insecta	stability	50	50	all	75	77	165	0	63	GO:0003281	20.355555555555558	2	3	0.06275884572144533
Ctenophora	stability	50	50	BP	96	98	96	11	62	GO:0006099	11.125506072874494	6	13	0.0005673694838576686
Ctenophora	intersection	200	89	BP	159	161	152	6	62	GO:0002181	4.861995753715499	10	30	0.0023872021084254016
Ctenophora	closeness	50	50	BP	95	97	93	23	61	GO:0006364	6.96048632218845	8	28	0.0008788234762251051
Ctenophora	intersection	100	56	BP	105	107	98	12	61	GO:0006364	5.504807692307692	7	28	0.007669351234569778
Echinodermata	stability	100	100	all	181	184	385	2	61	GO:0005739	1.9904389395914819	40	260	0.002399274356579665
Nematoda	stability	200	200	MF	274	276	177	5	60	GO:0005524	1.9686942416869426	53	225	3.5084590227958025e-05
Cnidaria	stability	200	200	BP	288	294	305	0	60	GO:0002183	3.3362470862470865	5	12	0.1671786805740389
Neoptera	closeness	50	50	all	90	95	200	8	59	GO:0160258	19.083333333333332	3	4	0.04567692974202849
Decapodiformes	intersection	200	138	BP	239	241	230	0	59	GO:0140861	4.440853264382676	6	13	0.1302621563322964
Gastropoda	intersection	100	95	BP	167	171	155	0	59	GO:0006851	10.346385542168674	3	4	0.10990105531280946
Nematoda	intersection	1000	323	BP	380	387	506	0	59	GO:0006412	2.081818181818182	19	55	0.2046730840188303
Nematoda	stability	500	500	MF	492	500	311	5	58	GO:0005524	1.6962962962962964	82	225	1.2444386345742714e-05
Gastropoda	stability	50	50	all	91	92	189	1	58	GO:0006412	4.163636363636364	9	55	0.040503359840325125
Neoptera	stability	100	100	BP	145	152	148	0	58	GO:0008206	15.793103448275861	2	2	0.09128066789878732
Protostomia	stability	50	50	BP	77	78	77	24	57	GO:0030833	17.844155844155846	3	5	0.014901986979581498
Protostomia	stability	50	50	all	77	78	176	6	57	GO:0030833	17.844155844155846	3	5	0.03406168452475771
Nematoda	stability	100	100	MF	163	165	116	4	57	GO:0005524	2.0605316973415135	33	225	0.0026195460557588415
Bivalvia	stability	100	100	BP	166	168	158	0	57	GO:0002040	9.308943089430894	2	3	0.15253689978596324
Bivalvia	intersection	100	63	BP	115	115	103	0	57	GO:0045893	2.0785114590424327	12	117	0.13808037398541628
Coleoidea	stability	50	50	all	89	90	182	0	57	GO:0006572	25.730337078651683	2	2	0.06798338741763288
Decapodiformes	intersection	100	61	BP	117	119	95	0	57	GO:0006572	19.572649572649574	2	2	0.06149307204946255
Insecta	stability	50	50	BP	75	77	69	16	56	GO:0003281	20.355555555555558	2	3	0.03382609375820424
Insecta	intersection	100	30	all	52	56	111	16	56	GO:0008206	44.03846153846154	2	2	0.01676825058862374
Insecta	stability	100	100	BP	143	149	149	0	56	GO:0008206	16.013986013986013	2	2	0.08830199233706844
Cnidaria	stability	50	50	BP	87	89	83	16	55	GO:0045954	26.321839080459768	2	2	0.023694334590546543
Neoptera	intersection	100	29	all	50	54	104	16	55	GO:0008206	45.8	2	2	0.02430458181432272
Diptera	intersection	200	51	BP	78	81	73	15	55	GO:1901888	29.74025974025974	2	2	0.02037445080991797
Diptera	stability	50	50	BP	82	85	77	8	55	GO:0008284	4.812188074599422	8	47	0.00748158353790705
Mollusca	intersection	100	39	BP	72	74	65	4	55	GO:2001046	32.714285714285715	2	2	0.029946716878301704
Coleoidea	intersection	100	45	all	84	84	154	0	55	GO:0006572	27.26190476190476	2	2	0.05120788429956937
Insecta	stability	100	100	all	143	149	340	0	55	GO:0008206	16.013986013986013	2	2	0.1410461354108878
Neoptera	stability	50	50	all	78	81	172	0	55	GO:0016614	19.57264957264957	2	3	0.08076621141835634
Neoptera	stability	50	50	BP	78	81	70	2	54	GO:0030224	29.358974358974358	2	2	0.04010255999358343
Bivalvia	stability	200	200	all	282	285	622	1	54	GO:0090110	6.4533011272141705	7	9	0.006220836974866438
Mollusca	intersection	100	39	all	72	74	171	0	54	GO:2001046	32.714285714285715	2	2	0.07878290132599372
Neoptera	stability	100	100	all	145	152	343	0	54	GO:0008206	15.793103448275861	2	2	0.14808438082769484
Scaphopoda	stability	100	100	BP	189	192	166	0	54	GO:0062176	12.180851063829786	2	2	0.1521891844732832
Mollusca	stability	50	50	BP	91	93	85	5	53	GO:0090263	6.848086124401914	5	19	0.026081482879061462
Ctenophora	stability	200	200	MF	317	322	179	1	53	GO:0003723	1.4797022053659221	69	339	0.030478422829328805
Gastropoda	stability	100	100	BP	177	181	169	0	53	GO:0006851	9.758522727272727	3	4	0.14246680440227008
Vertebrata	closeness	200	200	BP	329	330	423	0	53	GO:0006851	6.9817073170731705	4	4	0.17525058044123495
Diptera	stability	15575	15575	all	1600	1621	3436	31	52	GO:0005524	1.3064774229458014	205	225	2.0796147314581724e-12
Diptera	closeness	15575	15575	all	1600	1621	3436	31	52	GO:0005524	1.3064774229458014	205	225	2.0796147314581724e-12
Diptera	intersection	15575	15575	all	1600	1621	3436	31	52	GO:0005524	1.3064774229458014	205	225	2.0796147314581724e-12
Decapodiformes	closeness	50	50	BP	97	98	76	5	52	GO:0006572	23.60824742268041	2	2	0.03375322646184221
Gastropoda	closeness	100	100	BP	176	180	167	0	52	GO:0006851	9.814285714285715	3	4	0.13842924413153865
Scaphopoda	stability	50	50	all	98	99	221	0	52	GO:0006914	7.869415807560137	5	15	0.05824588949634171
Vertebrata	closeness	50	50	all	97	98	182	0	52	GO:0006282	4.770833333333333	4	20	0.1797435862248536
Scaphopoda	stability	50	50	BP	98	99	86	5	51	GO:0006914	7.869415807560137	5	15	0.02266582125197008
Bivalvia	closeness	100	100	BP	180	180	170	0	51	GO:0070922	12.937853107344633	2	2	0.16838458471393714
Bivalvia	intersection	200	86	BP	149	150	133	0	51	GO:0006357	1.9315306375589185	17	139	0.1176115950196952
Cnidaria	intersection	500	199	BP	266	273	291	0	51	GO:0071356	3.9279588336192104	5	11	0.17653825682365856
Mollusca	stability	200	200	all	266	271	634	0	51	GO:0006357	1.6411698227624796	26	139	0.17990294330168374
Mollusca	intersection	200	66	BP	111	113	102	0	51	GO:0070374	6.00262123197903	4	14	0.11418450538047613
Coleoidea	closeness	50	50	BP	93	93	70	16	50	GO:0045190	14.774193548387098	3	5	0.010387112987170927
Mollusca	closeness	50	50	BP	94	94	82	0	50	GO:2001046	24.891304347826086	2	2	0.06548348757386645
Spiralia	intersection	100	33	all	52	53	122	0	50	GO:0035091	7.184313725490196	4	25	0.05766834848504373
Ctenophora	intersection	50	27	BP	52	54	61	30	49	GO:1901289	44.03846153846154	3	3	0.0006744287321993847
Ctenophora	stability	100	100	MF	176	178	113	18	49	GO:0106310	3.0669642857142856	15	64	0.006323704496358097
Ctenophora	intersection	500	154	CC	256	262	179	6	49	GO:0022626	3.518340695217976	16	41	0.0004715050563635738
Ctenophora	closeness	100	100	CC	185	189	142	5	49	GO:0005730	2.24176343505266	29	161	0.002126573817783475
Porifera	closeness	200	200	MF	320	325	191	0	49	GO:0003723	1.3721423303834808	65	339	0.12924205716981962
Ctenophora	intersection	100	56	CC	105	107	93	12	48	GO:0005730	2.5985427615862395	19	161	0.006438601884820942
Cnidaria	stability	200	200	all	288	294	647	0	48	GO:0005852	4.003496503496504	5	10	0.2285445233960431
Scaphopoda	intersection	500	145	BP	258	261	302	0	48	GO:0006325	2.607210626185958	9	31	0.18658192494570355
Protostomia	closeness	50	50	BP	87	90	86	8	47	GO:0006649	26.321839080459768	2	2	0.04091792720455829
Neoptera	closeness	50	50	BP	90	95	76	7	47	GO:0048024	10.904761904761905	3	7	0.03482088061589912
Insecta	closeness	50	50	BP	90	95	75	3	47	GO:0048024	10.904761904761905	3	7	0.045816948178814626
Echinodermata	intersection	100	82	all	151	153	291	2	47	GO:0005739	2.0371533228676086	34	260	0.00582140823583991
Ctenophora	closeness	200	200	MF	327	332	197	1	47	GO:0003774	4.932307692307693	7	10	0.017567643848004126
Cnidaria	closeness	50	50	BP	88	89	78	0	47	GO:0045954	26.022727272727273	2	2	0.0555346340292134
Scaphopoda	closeness	100	100	BP	185	186	186	0	47	GO:0042572	8.297101449275361	2	3	0.16163619699428086
Deuterostomia	intersection	50	24	BP	48	48	53	34	46	GO:0006396	7.228535353535354	5	33	0.008831880972763191
Nematoda	stability	10	10	all	19	20	60	33	46	GO:0016020	2.3945625653537816	12	604	0.008059816652228659
Ctenophora	stability	10	10	all	19	20	59	31	46	GO:0003824	14.348370927318296	5	42	0.0009234821686868306
Mollusca	intersection	50	31	all	61	61	144	3	46	GO:0007283	4.604998563631141	7	59	0.031335740898658336
Echinodermata	closeness	100	100	all	175	177	341	2	46	GO:0005739	1.854251012145749	36	260	0.026107931864830566
Ctenophora	stability	50	50	MF	96	98	64	18	45	GO:0004775	24.10526315789474	3	3	0.0023650826720012473
Nematoda	stability	50	50	BP	89	91	70	16	45	GO:0006986	19.29775280898876	3	4	0.015459244739018286
Ctenophora	closeness	100	100	MF	185	189	104	6	45	GO:0019843	6.2228260869565215	6	12	0.015851293382813714
Ctenophora	closeness	5	5	all	10	10	46	36	44	GO:0042709	229.0	2	2	0.0005909718661621017
Nematoda	closeness	10	10	all	20	20	56	31	44	GO:0035567	57.25	2	4	0.006025801802909534
Deuterostomia	closeness	50	50	MF	96	97	69	19	44	GO:0032137	23.854166666666664	2	2	0.015006266919243724
Ctenophora	intersection	200	89	CC	159	161	130	8	44	GO:0005730	2.2649048542152945	25	161	0.003770740921425258
Cnidaria	intersection	100	46	all	78	80	155	5	44	GO:0005930	3.763971071663379	10	78	0.035010915104135315
Gastropoda	closeness	50	50	BP	93	94	75	1	44	GO:0006412	4.073122529644269	9	55	0.01904935274548876
Annelida	stability	50	50	all	97	100	204	0	44	GO:0002115	17.70618556701031	3	4	0.058333899252589895
Annelida	closeness	200	200	BP	328	334	385	0	44	GO:0097700	7.003058103975536	3	3	0.21171127610614246
Bivalvia	stability	50	50	BP	93	93	72	0	44	GO:0070922	25.164835164835168	2	2	0.10588931363018325
Coleoidea	stability	100	100	BP	167	168	162	0	44	GO:0006572	13.712574850299402	2	2	0.10709478214597273
Deuterostomia	closeness	100	100	MF	180	181	117	0	44	GO:0032137	12.722222222222223	2	2	0.07191676157656596
Porifera	stability	200	200	MF	334	338	191	0	44	GO:0008047	3.6566866267465072	8	15	0.09091939761932051
Ctenophora	closeness	50	50	MF	95	97	60	19	43	GO:0004775	24.361702127659573	3	3	0.004023579481300797
Annelida	closeness	100	100	all	189	192	411	0	43	GO:0005634	1.2117737845882481	96	965	0.13126251101370393
Bivalvia	intersection	500	170	BP	248	251	273	0	43	GO:0045893	1.691463543315395	21	117	0.18015822329915304
Porifera	intersection	200	154	MF	260	264	156	0	43	GO:1990841	3.626696832579186	7	17	0.12461033494421586
Nematoda	intersection	10	8	all	16	16	53	29	42	GO:0016020	2.606581125827814	11	604	0.004309127979396725
Nematoda	intersection	100	38	BP	71	73	57	11	42	GO:0006986	24.19014084507042	3	4	0.006373950199377506
Ctenophora	closeness	50	50	CC	95	97	89	10	42	GO:0070062	2.0011398176291793	23	280	0.020412353718564376
Porifera	intersection	50	41	all	78	78	139	8	42	GO:0070778	29.358974358974358	2	2	0.0199080565682432
Ctenophora	intersection	500	154	BP	256	262	270	4	42	GO:0002181	4.5078740157480315	15	30	2.8753063604373142e-05
Gastropoda	intersection	50	40	all	74	74	143	1	42	GO:0006412	5.133250311332502	9	55	0.005775649656152509
Mollusca	closeness	50	50	all	94	94	211	0	42	GO:2001046	24.891304347826086	2	2	0.16850019363519295
Porifera	closeness	100	100	BP	183	185	174	0	42	GO:0006396	3.0336148368935256	8	33	0.07897005042149453
Diptera	stability	200	200	MF	261	267	155	4	41	GO:0106310	2.8900240384615388	21	64	0.00045311845106334213
Bivalvia	stability	20	20	all	40	40	81	3	41	GO:0003725	20.087719298245613	3	9	0.02679572895385894
Bilateria	stability	50	50	BP	89	90	75	0	41	GO:0061053	25.730337078651683	2	2	0.056030264355191935
Bivalvia	closeness	50	50	BP	91	91	72	0	41	GO:0070922	25.730337078651683	2	2	0.09931738962804533
Vertebrata	intersection	200	105	MF	185	186	111	0	41	GO:0032137	12.445652173913043	2	2	0.1188391032867112
Porifera	closeness	50	50	all	94	95	163	10	40	GO:0006396	4.429400386847195	6	33	0.03166090329596222
Ctenophora	intersection	500	154	MF	256	262	146	7	40	GO:0003735	3.219910011248594	15	42	0.0028562458328383715
Porifera	intersection	100	81	BP	151	152	130	2	40	GO:0045892	2.653973509933775	14	80	0.03501752347006193
Vertebrata	closeness	100	100	MF	187	188	119	2	40	GO:0070006	12.311827956989248	3	3	0.03141102917761568
Porifera	intersection	100	81	MF	151	152	87	1	40	GO:0160270	15.165562913907285	3	3	0.024481410280803705
Bilateria	stability	50	50	all	89	90	212	0	40	GO:0061053	25.730337078651683	2	2	0.07918944028867127
Bilateria	closeness	50	50	BP	86	87	65	0	40	GO:0042981	4.591018444266239	5	29	0.05305653442755763
Diptera	closeness	100	100	MF	153	157	96	0	40	GO:0106310	2.589432565789474	11	64	0.06935435569949519
Nematoda	closeness	50	50	MF	94	96	71	23	39	GO:0008569	18.27127659574468	3	4	0.018476592483970114
Mollusca	intersection	50	31	BP	61	61	53	5	39	GO:0007283	4.604998563631141	7	59	0.011533293525200638
Annelida	stability	50	50	BP	97	100	72	3	39	GO:0002115	17.70618556701031	3	4	0.020588435030325845
Ctenophora	closeness	200	200	CC	327	332	221	3	39	GO:0005730	2.0569517439082654	47	161	4.9374154587450546e-05
Cnidaria	closeness	100	100	BP	167	169	139	0	39	GO:0030317	2.586596385542169	9	48	0.13029052538187777
Deuterostomia	stability	100	100	MF	167	167	102	0	39	GO:0032137	13.712574850299402	2	2	0.06743004801783468
Echinodermata	stability	50	50	all	95	97	182	0	39	GO:0005739	1.7994210090984286	19	260	0.1612535056980545
Gastropoda	closeness	200	200	BP	332	337	375	0	39	GO:0006851	6.96048632218845	4	4	0.1572761619340775
Vertebrata	closeness	20	20	all	40	40	83	0	39	GO:1902600	6.60576923076923	3	26	0.05142405442471326
Vertebrata	closeness	50	50	BP	97	98	74	0	39	GO:0006282	4.770833333333333	4	20	0.09135319629559867
Nematoda	closeness	5	5	all	10	10	44	29	38	GO:0140326	91.60000000000001	2	5	0.0018754834769972876
Ctenophora	intersection	100	56	MF	105	107	67	17	38	GO:0004775	22.01923076923077	3	3	0.006103911712670939
Nematoda	stability	7488	7488	CC	1199	1217	522	17	38	GO:0070062	1.384695579649708	203	280	9.470764983757431e-11
Nematoda	closeness	7488	7488	CC	1199	1217	522	17	38	GO:0070062	1.384695579649708	203	280	9.470764983757431e-11
Nematoda	intersection	7488	7488	CC	1199	1217	522	17	38	GO:0070062	1.384695579649708	203	280	9.470764983757431e-11
Coleoidea	intersection	100	45	BP	84	84	56	7	38	GO:0006572	27.26190476190476	2	2	0.02482806511494273
Insecta	stability	20	20	all	33	35	76	4	38	GO:0001091	46.26262626262626	2	3	0.022758668357833585
Gastropoda	stability	50	50	BP	91	92	70	1	38	GO:0006412	4.163636363636364	9	55	0.015001244385305602
Bivalvia	intersection	50	47	BP	88	88	62	0	38	GO:0070922	26.627906976744185	2	2	0.07745877762306086
Gastropoda	intersection	200	146	BP	254	258	266	0	38	GO:1900026	4.561752988047808	4	8	0.19901880266533972
Nematoda	intersection	500	153	CC	232	236	164	0	38	GO:0005783	1.575603043548648	34	213	0.13972730793345237
Porifera	intersection	200	154	all	260	264	618	0	38	GO:0006396	2.402097902097902	9	33	0.21457473658894605
Ctenophora	stability	50	50	CC	96	98	89	12	37	GO:0032040	5.739348370927319	5	21	0.023860946577985608
Ctenophora	stability	200	200	BP	317	322	353	3	37	GO:0006099	5.592185592185592	10	13	0.00014654163313162892
Annelida	stability	200	200	BP	322	329	394	0	37	GO:0007064	5.7250000000000005	4	5	0.21911516199841252
Deuterostomia	stability	200	200	MF	307	309	168	0	37	GO:0000287	2.494553376906318	15	45	0.07261496938208815
Diptera	closeness	50	50	all	82	85	175	0	37	GO:0019992	16.75609756097561	3	5	0.0735710002967561
Porifera	stability	100	100	BP	172	174	175	0	37	GO:0045892	2.496366279069768	15	80	0.07013798668780517
Spiralia	intersection	200	66	all	91	92	187	0	37	GO:0140268	10.904761904761905	3	7	0.11423692412584448
Ctenophora	intersection	50	27	MF	52	54	40	25	36	GO:0004775	44.03846153846154	3	3	0.0004422483489832031
Nematoda	intersection	200	66	MF	121	123	88	18	36	GO:0005524	2.0187327823691463	24	225	0.02437525994188296
Insecta	intersection	100	30	BP	52	56	43	13	36	GO:0008206	44.03846153846154	2	2	0.007251693594379184
Decapodiformes	stability	50	50	BP	96	97	68	8	36	GO:0006572	24.105263157894736	2	2	0.028961370213744876
Coleoidea	stability	50	50	BP	89	90	66	6	36	GO:0006572	25.730337078651683	2	2	0.0328710884217126
Neoptera	stability	20	20	all	33	36	72	4	36	GO:0001091	46.26262626262626	2	3	0.014373895804947528
Deuterostomia	closeness	100	100	CC	180	181	142	1	36	GO:0032991	2.396940418679549	26	138	0.0018051309252421434
Ctenophora	stability	200	200	CC	317	322	220	0	36	GO:0005730	1.670708863255447	37	161	0.07572284776590721
Echinodermata	intersection	100	82	BP	151	153	120	0	36	GO:0006754	7.7891156462585025	3	6	0.08981028936695316
Gastropoda	closeness	20	20	all	39	39	79	0	36	GO:0031167	30.131578947368418	2	4	0.05132703417079287
Ctenophora	closeness	20	20	BP	38	40	40	22	35	GO:1901289	61.891891891891895	3	3	0.00015548731545717508
Nematoda	stability	50	50	MF	89	91	66	12	35	GO:0008569	19.29775280898876	3	4	0.014575859325360098
Cnidaria	stability	20	20	all	33	35	82	3	35	GO:0030593	69.39393939393939	2	2	0.008259742340907187
Porifera	stability	100	100	MF	172	174	105	1	35	GO:0160270	13.313953488372093	3	3	0.04377493225100005
Mollusca	intersection	500	179	all	252	255	615	0	35	GO:0060395	5.540322580645161	3	5	0.20534041267626613
Vertebrata	stability	200	200	MF	310	311	173	0	35	GO:0000287	2.470334412081985	15	45	0.08332688088478377
Ctenophora	stability	5	5	all	9	10	40	29	34	GO:0005524	7.91604938271605	7	225	9.81986122629258e-05
Nematoda	stability	7488	7488	MF	1199	1217	651	16	34	GO:0005524	1.553405615790937	183	225	1.1814430295786202e-18
Nematoda	closeness	7488	7488	MF	1199	1217	651	16	34	GO:0005524	1.553405615790937	183	225	1.1814430295786202e-18
Nematoda	intersection	7488	7488	MF	1199	1217	651	16	34	GO:0005524	1.553405615790937	183	225	1.1814430295786202e-18
Ctenophora	intersection	200	89	MF	159	161	95	13	34	GO:0003735	3.820139520776464	11	42	0.007029495540784302
Echinodermata	intersection	200	112	all	200	202	388	3	34	GO:0005739	1.7525510204081631	39	260	0.03437846718270063
Decapodiformes	closeness	100	100	MF	187	190	103	0	34	GO:0030295	4.592245989304813	3	8	0.16532754403146008
Decapodiformes	intersection	200	138	MF	239	241	127	0	34	GO:0009378	9.621848739495798	3	3	0.1409625449269443
Echinodermata	stability	200	200	BP	313	318	340	0	34	GO:0008654	4.461038961038962	3	5	0.21448433743772577
Nematoda	closeness	100	100	CC	170	172	125	0	34	GO:0005759	2.0128465179175117	13	87	0.12530036022460386
Protostomia	closeness	200	200	MF	273	279	177	0	34	GO:0044877	1.9472789115646256	13	56	0.14749409078180256
Ctenophora	intersection	50	27	CC	52	54	55	19	33	GO:0005730	3.2823698041089346	12	161	0.006956566529491659
Deuterostomia	stability	20	20	all	36	36	73	12	33	GO:0000287	7.067901234567901	5	45	0.017373536283090886
Neoptera	intersection	100	29	BP	50	54	41	12	33	GO:0008206	45.8	2	2	0.009581613984492612
Coleoidea	intersection	50	26	all	49	49	90	5	33	GO:0006559	46.73469387755102	2	2	0.013460999158677682
Porifera	stability	50	50	BP	95	96	61	3	33	GO:0070778	24.105263157894736	2	2	0.03464007025565564
Annelida	intersection	50	47	all	91	94	171	1	33	GO:0002115	18.873626373626372	3	4	0.040371520733806815
Annelida	stability	100	100	all	181	185	399	0	33	GO:0034451	4.449842118047122	8	23	0.08409339226871128
Decapodiformes	stability	200	200	BP	335	339	338	0	33	GO:0006281	1.9434652043347695	13	46	0.22996198493651301
Echinodermata	closeness	50	50	all	95	96	171	0	33	GO:0005739	1.914715719063545	20	260	0.14838146313677691
Mollusca	intersection	200	66	all	111	113	256	0	33	GO:0035577	5.72977481234362	3	11	0.20833583669150096
Porifera	closeness	100	100	MF	183	185	106	0	33	GO:0160270	12.513661202185792	3	3	0.053280663289355275
Nematoda	intersection	5	4	all	8	8	35	25	32	GO:0140326	114.5	2	5	0.0009298968903608822
Nematoda	stability	5	5	all	10	10	40	24	32	GO:0140326	91.60000000000001	2	5	0.0017049849790884432
Nematoda	intersection	50	29	BP	54	56	42	15	32	GO:0006986	31.805555555555554	3	4	0.0020498400368968066
Gastropoda	intersection	50	40	BP	74	74	50	12	32	GO:0006412	5.133250311332502	9	55	0.0020194579217316464
Ctenophora	stability	2000	2000	CC	1112	1126	487	9	32	GO:0005930	1.63987063987064	62	78	5.053561624009747e-06
Ctenophora	stability	2000	2000	all	1112	1126	2461	8	32	GO:0005524	1.5037437437437438	164	225	1.0845573902903881e-11
Mollusca	closeness	10	10	all	20	20	41	4	32	GO:1903358	48.21052631578947	2	5	0.013177435396781465
Diptera	closeness	100	100	CC	153	157	126	1	32	GO:0032991	2.2926201372997714	21	138	0.0239491146569209
Diptera	intersection	500	157	MF	214	219	124	1	32	GO:0106310	2.855780516431925	17	64	0.005030616457012347
Cnidaria	stability	100	100	CC	157	161	133	0	32	GO:0005930	2.6347797501643657	14	78	0.0766527772465466
Decapodiformes	stability	50	50	all	96	97	187	0	32	GO:0006572	24.105263157894736	2	2	0.06371501447023872
Decapodiformes	closeness	200	200	BP	330	334	334	0	32	GO:0006281	2.428419936373277	16	46	0.12078949896637604
Deuterostomia	intersection	200	100	MF	181	181	101	0	32	GO:0032137	12.722222222222223	2	2	0.08868855823239512
Echinodermata	closeness	100	100	BP	175	177	145	0	32	GO:0006754	6.695906432748537	3	6	0.14326192419230316
Ctenophora	stability	20	20	BP	38	40	32	22	31	GO:1901289	60.26315789473684	3	3	0.0001350518397111617
Nematoda	closeness	20	20	BP	37	38	35	22	31	GO:0006986	46.41891891891892	3	4	0.0005381377235115028
Nematoda	stability	20	20	BP	37	39	34	21	31	GO:0006986	46.41891891891892	3	4	0.0005227623599826028
Deuterostomia	intersection	100	51	MF	97	97	71	17	31	GO:0032137	23.60824742268041	2	2	0.021021746305182425
Decapodiformes	intersection	50	27	all	52	53	92	5	31	GO:0006559	44.03846153846154	2	2	0.009309150846737928
Bivalvia	closeness	100	100	all	180	180	397	0	31	GO:0070922	12.937853107344633	2	2	0.21448774373721832
Coleoidea	closeness	100	100	MF	183	184	100	0	31	GO:0140664	8.342440801457196	2	3	0.16074487253486774
Vertebrata	intersection	500	254	MF	392	394	227	0	31	GO:0019904	1.7751937984496122	13	43	0.22654829218315922
Nematoda	intersection	20	19	BP	36	37	34	21	30	GO:0006986	47.70833333333333	3	4	0.0004805355338373797
Nematoda	intersection	50	29	MF	54	56	45	19	30	GO:0008569	31.805555555555554	3	4	0.0021962571823894357
Ctenophora	stability	20	20	CC	38	40	45	15	30	GO:0042709	60.263157894736835	2	2	0.004023419391388834
Nematoda	closeness	2000	2000	MF	1014	1027	572	9	30	GO:0005524	1.5557747096208636	155	225	2.287294811397998e-12
Spiralia	stability	20	20	all	35	36	72	8	30	GO:0035091	10.468571428571428	4	25	0.015750773878858256
Scaphopoda	intersection	200	52	all	95	96	145	6	30	GO:0005930	3.472566859663634	11	78	0.01992917428401562
Diptera	closeness	50	50	BP	82	85	57	5	30	GO:0007188	18.617886178861788	2	3	0.042325337816772154
Nematoda	closeness	200	200	CC	303	306	209	2	30	GO:0005759	2.1717689010280337	25	87	0.016223499028288128
Vertebrata	intersection	100	58	CC	112	112	90	2	30	GO:0005689	12.378378378378379	3	5	0.046465390224335455
Cnidaria	intersection	200	83	CC	142	145	128	1	30	GO:0005930	2.8945467677862045	14	78	0.027352361250578085
Decapodiformes	stability	100	100	MF	186	188	96	1	30	GO:0009378	12.445652173913043	3	3	0.04905397875237458
Echinodermata	intersection	200	112	BP	200	202	180	0	30	GO:0006754	7.7891156462585025	4	6	0.06129818344836181
Protostomia	intersection	100	31	all	49	51	93	0	30	GO:0006511	4.1236494597839135	6	68	0.13040504760984978
Scaphopoda	closeness	100	100	all	185	186	401	0	30	GO:0160112	6.914251207729468	5	9	0.12289968863265008
Spiralia	closeness	200	200	BP	276	278	285	0	30	GO:0090043	8.450184501845017	2	2	0.16985788149571385
Ctenophora	stability	20	20	MF	38	40	31	22	29	GO:0004775	60.26315789473684	3	3	0.0001308314697201879
Ctenophora	stability	2870	2870	all	1167	1182	2554	9	29	GO:0005524	1.485169289461135	170	225	3.5166905622332584e-12
Ctenophora	closeness	2870	2870	all	1167	1182	2554	9	29	GO:0005524	1.485169289461135	170	225	3.5166905622332584e-12
Ctenophora	intersection	2870	2870	all	1167	1182	2554	9	29	GO:0005524	1.485169289461135	170	225	3.5166905622332584e-12
Cnidaria	intersection	50	28	all	49	50	102	6	29	GO:0030593	46.73469387755102	2	2	0.02288369856975206
Mollusca	stability	10	10	all	20	20	45	6	29	GO:0071339	40.175438596491226	2	6	0.014391461648044208
Porifera	closeness	50	50	BP	94	95	60	4	29	GO:0006396	4.429400386847195	6	33	0.027577848039449397
Annelida	intersection	200	93	all	176	179	380	0	29	GO:0097700	13.085714285714287	3	3	0.16690897940676666
Coleoidea	closeness	200	200	BP	330	332	340	0	29	GO:0006412	2.284922394678492	18	55	0.12618928086934217
Deuterostomia	intersection	100	51	CC	97	97	91	0	29	GO:0070461	14.164948453608249	3	5	0.0630519205099676
Deuterostomia	intersection	500	245	MF	382	384	224	0	29	GO:0140090	6.026315789473685	3	3	0.20335522015773297
Echinodermata	intersection	50	41	all	78	79	139	0	29	GO:0005739	1.854251012145749	16	260	0.17700623260618578
Echinodermata	intersection	500	200	BP	319	321	336	0	29	GO:0008203	3.6464968152866244	4	8	0.2411431993656379
Vertebrata	stability	50	50	CC	87	87	80	0	29	GO:0032991	2.479593536565051	13	138	0.05167160367086986
Ctenophora	closeness	20	20	MF	38	40	29	21	28	GO:0004775	61.891891891891895	3	3	0.00011272830370645192
Nematoda	closeness	20	20	MF	37	38	37	20	28	GO:0008569	46.41891891891892	3	4	0.000568888450569303
Nematoda	intersection	100	38	MF	71	73	54	20	28	GO:0008569	24.19014084507042	3	4	0.006038479136252374
Nematoda	intersection	20	19	MF	36	37	37	19	28	GO:0042813	42.407407407407405	2	3	0.005283458979241338
Nematoda	stability	20	20	MF	37	39	37	18	28	GO:0042813	41.26126126126126	2	3	0.005583727197845583
Porifera	closeness	20	20	all	37	37	58	18	28	GO:0005313	61.891891891891895	2	2	0.0024564034179010113
Diptera	stability	15575	15575	CC	1600	1621	612	16	28	GO:0005829	1.0962641480706226	698	913	1.8335331701153436e-06
Diptera	closeness	15575	15575	CC	1600	1621	612	16	28	GO:0005829	1.0962641480706226	698	913	1.8335331701153436e-06
Diptera	intersection	15575	15575	CC	1600	1621	612	16	28	GO:0005829	1.0962641480706226	698	913	1.8335331701153436e-06
Gastropoda	stability	20	20	all	38	39	66	13	28	GO:0006412	6.751842751842752	6	55	0.012576595943996734
Porifera	stability	50	50	all	95	96	169	9	28	GO:0070778	24.105263157894736	2	2	0.03199001023609728
Bilateria	closeness	20	20	all	38	38	85	7	28	GO:0043813	60.263157894736835	2	2	0.022799376551203388
Deuterostomia	closeness	50	50	CC	96	97	74	4	28	GO:0032301	23.854166666666664	2	2	0.04862871937109382
Coleoidea	stability	200	200	BP	304	306	351	1	28	GO:0006412	2.473447344734473	18	55	0.04640126688563378
Ctenophora	closeness	1000	1000	CC	931	941	444	1	28	GO:0005930	1.5801385553807514	50	78	0.007504866994666866
Scaphopoda	stability	100	100	all	189	192	361	1	28	GO:0160112	8.120567375886523	6	9	0.006974461139845674
Spiralia	intersection	100	33	BP	52	53	44	1	28	GO:0090110	14.967320261437909	3	9	0.035015672578473135
Cnidaria	closeness	200	200	BP	301	304	347	0	28	GO:0030317	2.0673611111111114	13	48	0.22519374250244564
Protostomia	stability	500	500	all	567	578	1546	0	28	GO:0070062	1.3727284199899041	95	280	0.10498940292436927
Spiralia	closeness	100	100	BP	160	161	155	0	28	GO:0071880	14.585987261146498	2	2	0.12070448947983135
Spiralia	intersection	200	66	BP	91	92	67	0	28	GO:0015914	7.633333333333334	3	10	0.0772512881906629
Protostomia	closeness	20	20	BP	36	39	36	12	27	GO:0045892	5.565972222222222	7	80	0.0017306998918335324
Diptera	intersection	100	22	all	34	36	59	10	27	GO:0019992	40.411764705882355	3	5	0.0017305479915399615
Deuterostomia	closeness	200	200	CC	332	333	221	1	27	GO:0032991	1.804807566005517	36	138	0.0335396670743621
Annelida	stability	100	100	BP	181	185	165	0	27	GO:0097700	12.793296089385475	3	3	0.07758771265608959
Annelida	closeness	100	100	BP	189	192	175	0	27	GO:0097700	12.180851063829786	3	3	0.09541423081559866
Echinodermata	closeness	20	20	all	38	39	68	0	27	GO:0045171	25.444444444444443	2	5	0.05288314606647524
Protostomia	stability	100	100	MF	142	144	94	0	27	GO:0043024	12.09507042253521	3	4	0.08387332782894595
Protostomia	intersection	200	109	MF	161	165	105	0	27	GO:0043024	10.667701863354038	3	4	0.13600292229262412
Insecta	closeness	20	20	all	37	40	69	14	26	GO:0160258	46.41891891891892	3	4	0.0010609000834941055
Scaphopoda	stability	20	20	BP	39	40	29	4	26	GO:0046847	39.14529914529914	2	3	0.024332048905427745
Porifera	intersection	50	41	BP	78	78	50	3	26	GO:0070778	29.358974358974358	2	2	0.01909645713980163
Bilateria	intersection	50	33	all	58	59	128	2	26	GO:0015085	39.48275862068965	2	2	0.040364683191484056
Deuterostomia	closeness	20	20	all	40	40	72	2	26	GO:0006364	8.178571428571429	4	28	0.04350773452379626
Ctenophora	intersection	10	4	all	8	8	30	23	25	GO:0003774	85.875	3	10	9.970386533227383e-05
Nematoda	closeness	1000	1000	all	793	803	2074	6	25	GO:0005524	1.5786464901219	123	225	1.4449644820881015e-07
Ctenophora	stability	1000	1000	CC	926	937	431	3	25	GO:0005930	1.7793317793317793	56	78	4.583950613176565e-06
Cnidaria	intersection	20	15	all	25	26	55	2	25	GO:0045954	91.6	2	2	0.006295535320818458
Decapodiformes	intersection	100	61	MF	117	119	58	0	25	GO:0070006	13.04843304843305	2	3	0.07257027456346161
Scaphopoda	stability	20	20	all	39	40	76	0	25	GO:0046847	39.14529914529914	2	3	0.06376674885560374
Spiralia	stability	100	100	MF	134	139	85	0	25	GO:0003712	3.745910577971647	6	28	0.11745620376268412
Vertebrata	closeness	200	200	CC	329	330	209	0	25	GO:0005737	1.1780383175614408	177	1049	0.05452425633660672
Insecta	closeness	10	10	all	17	20	39	17	24	GO:0160258	101.02941176470588	3	4	5.28261495299372e-05
Nematoda	stability	2000	2000	all	932	946	2260	17	24	GO:0005524	1.572532188841202	144	225	2.2221259230677035e-10
Neoptera	closeness	10	10	all	17	20	39	17	24	GO:0160258	101.02941176470588	3	4	5.28261495299372e-05
Ctenophora	closeness	10	10	CC	19	20	28	13	24	GO:0042709	120.52631578947367	2	2	0.0006089499619413644
Nematoda	closeness	2000	2000	all	1014	1027	2509	12	24	GO:0005524	1.5557747096208636	155	225	1.00329067863594e-11
Nematoda	stability	500	500	all	492	500	1280	8	24	GO:0005524	1.6962962962962964	82	225	5.1218053127172586e-05
Cnidaria	intersection	100	46	BP	78	80	46	7	24	GO:0045954	29.358974358974358	2	2	0.017568740568617503
Deuterostomia	intersection	50	24	MF	48	48	33	7	24	GO:0034595	47.70833333333333	2	2	0.014202727683737388
Nematoda	closeness	50	50	CC	94	96	71	4	24	GO:0030286	14.617021276595745	3	5	0.03691765259813773
Deuterostomia	stability	50	50	CC	88	88	84	3	24	GO:0032991	2.8285573122529644	15	138	0.01394948577703503
Coleoidea	closeness	20	20	all	40	40	60	2	24	GO:0000398	6.981707317073171	5	41	0.017830210370771413
Protostomia	intersection	100	31	BP	49	51	33	2	24	GO:0006511	4.1236494597839135	6	68	0.046272758829301534
Cnidaria	closeness	100	100	all	167	169	359	1	24	GO:0005930	2.8297806611059624	16	78	0.03311342807934298
Annelida	closeness	50	50	all	97	100	180	0	24	GO:0002115	17.70618556701031	3	4	0.05147108757581462
Cnidaria	stability	20	20	CC	33	35	43	0	24	GO:0030665	11.565656565656566	2	12	0.13236385684687618
Mollusca	stability	20	20	all	40	40	83	0	24	GO:0045893	3.513039666885821	7	117	0.06741643607120038
Spiralia	intersection	500	176	all	231	235	526	0	24	GO:0060395	6.106666666666667	3	5	0.21072873682929857
Vertebrata	closeness	200	200	MF	329	330	199	0	24	GO:0003743	3.0719512195121954	11	25	0.05970218374139999
Coleoidea	intersection	50	26	BP	49	49	30	16	23	GO:0006559	46.73469387755102	2	2	0.0044869997195592275
Porifera	closeness	10	10	all	20	20	34	16	23	GO:0005313	114.5	2	2	0.0004929594930000377
Mollusca	stability	20	20	BP	40	40	26	7	23	GO:0045893	3.513039666885821	7	117	0.02587208575486985
Diptera	intersection	200	51	MF	78	81	51	5	23	GO:0106310	5.111607142857142	11	64	0.00027205849829676446
Decapodiformes	stability	20	20	all	40	40	73	4	23	GO:0006559	58.717948717948715	2	2	0.006879684689067209
Annelida	intersection	200	93	BP	176	179	163	0	23	GO:0097700	13.085714285714287	3	3	0.07159516748237622
Coleoidea	intersection	200	91	MF	167	167	88	0	23	GO:0003684	4.8688873139617295	6	17	0.0737183334911256
Deuterostomia	stability	50	50	MF	88	88	58	0	23	GO:0000287	3.4696969696969693	6	45	0.06039478913035017
Echinodermata	stability	50	50	BP	95	97	67	0	23	GO:0006754	8.207885304659499	2	6	0.14872263669439428
Mollusca	stability	100	100	MF	150	153	95	0	23	GO:0050699	11.683673469387754	3	4	0.0939454086510764
Vertebrata	intersection	50	26	all	52	52	98	0	23	GO:0005515	1.124003612518161	50	1959	0.13166945410212944
Ctenophora	intersection	20	13	MF	24	26	23	14	22	GO:0004775	95.41666666666667	3	3	2.3289078214778702e-05
Ctenophora	intersection	2000	1458	all	1037	1050	2331	11	22	GO:0005524	1.4652066559312937	149	225	4.4423649486141615e-08
Ctenophora	closeness	20	20	CC	38	40	38	10	22	GO:0042709	61.891891891891895	2	2	0.0032187355131116703
Decapodiformes	closeness	10	10	all	20	20	36	8	22	GO:0008574	114.5	2	2	0.00260978555117667
Coleoidea	stability	20	20	all	38	39	59	6	22	GO:0090110	20.087719298245613	3	9	0.019517876645403425
Ctenophora	stability	2870	2870	CC	1167	1182	506	6	22	GO:0005930	1.6380543633762519	65	78	6.369200684889212e-07
Ctenophora	closeness	2870	2870	CC	1167	1182	506	6	22	GO:0005930	1.6380543633762519	65	78	6.369200684889212e-07
Ctenophora	intersection	2870	2870	CC	1167	1182	506	6	22	GO:0005930	1.6380543633762519	65	78	6.369200684889212e-07
Annelida	intersection	50	47	BP	91	94	53	1	22	GO:0002115	18.873626373626372	3	4	0.01251281051983486
Decapodiformes	closeness	200	200	MF	330	334	173	1	22	GO:0003723	1.5034354989567595	73	339	0.010242105222140578
Deuterostomia	closeness	200	200	MF	332	333	206	0	22	GO:0003743	3.0441087613293054	11	25	0.06712447804690885
Deuterostomia	intersection	200	100	CC	181	181	136	0	22	GO:1990246	12.722222222222221	3	3	0.06503500105520134
Neoptera	closeness	20	20	all	37	40	68	15	21	GO:0160258	46.41891891891892	3	4	0.0010455247199652057
Ctenophora	intersection	20	13	BP	24	26	22	13	21	GO:1901289	95.41666666666667	3	3	2.2276509596744846e-05
Ctenophora	intersection	20	13	CC	24	26	29	12	21	GO:0042709	95.41666666666666	2	2	0.0010179689839958051
Decapodiformes	intersection	50	27	BP	52	53	28	10	21	GO:0006559	44.03846153846154	2	2	0.003541524778650299
Vertebrata	intersection	20	10	all	20	20	39	5	21	GO:0006264	76.33333333333334	2	3	0.008437318060343129
Mollusca	intersection	10	8	all	16	16	33	4	21	GO:1903358	61.06666666666667	2	5	0.006535490132362495
Deuterostomia	stability	200	200	CC	307	309	190	3	21	GO:0032991	1.7895709008240979	33	138	0.0450680635419616
Cnidaria	closeness	20	20	all	35	36	69	2	21	GO:0045954	65.42857142857143	2	2	0.01566443652096847
Spiralia	stability	50	50	MF	75	77	46	2	21	GO:0004712	18.82191780821918	3	5	0.013663912436137715
Annelida	intersection	100	67	all	129	132	275	1	21	GO:0097700	17.890625	3	3	0.04696557398779419
Bivalvia	closeness	20	20	all	40	40	81	0	21	GO:0019005	13.906882591093115	3	13	0.06381984171589611
Bivalvia	closeness	50	50	all	91	91	189	0	21	GO:0071339	8.576779026217228	2	6	0.22399477523807587
Echinodermata	closeness	100	100	MF	175	177	94	0	21	GO:0050661	8.927875243664717	2	3	0.18361476848105798
Neoptera	stability	200	200	BP	265	275	315	0	21	GO:0006355	1.6243438785643356	25	133	0.2102079243621914
Vertebrata	stability	200	200	CC	310	311	190	0	21	GO:0032991	1.7721964260588152	33	138	0.05606895415790873
Ctenophora	intersection	5	2	all	4	4	22	19	20	GO:0042709	572.5	2	2	3.7751199563697224e-05
Ctenophora	closeness	10	10	BP	19	20	20	16	20	GO:1901289	120.52631578947368	3	3	9.695444573882138e-06
Ctenophora	closeness	10	10	MF	19	20	22	14	20	GO:0004775	120.52631578947368	3	3	1.0664989031270353e-05
Scaphopoda	intersection	100	21	all	40	41	61	13	20	GO:0005930	5.871794871794872	8	78	0.0024501561792939527
Vertebrata	closeness	20	20	BP	40	40	29	12	20	GO:0006264	38.16666666666667	2	3	0.025605138821779096
Deuterostomia	stability	20	20	BP	36	36	23	11	20	GO:2000774	42.407407407407405	2	3	0.008210780846118296
Echinodermata	stability	20	20	all	38	40	62	9	20	GO:0099513	42.407407407407405	2	3	0.028409736721329168
Protostomia	closeness	10	10	all	18	20	34	9	20	GO:7770015	127.22222222222221	2	2	0.0006616035300782263
Ctenophora	closeness	1000	1000	all	931	941	2137	5	20	GO:0005524	1.4461428058844639	132	225	1.3402458981352224e-05
Cnidaria	intersection	50	28	BP	49	50	29	4	20	GO:0030593	46.73469387755102	2	2	0.006506149593360879
Ctenophora	intersection	2000	1458	CC	1037	1050	468	4	20	GO:0005930	1.6168710516536604	57	78	0.00016880680519492505
Protostomia	closeness	20	20	CC	36	39	30	4	20	GO:0160258	47.70833333333333	3	4	0.00042400194162121744
Bilateria	stability	50	50	MF	89	90	63	3	20	GO:0042393	3.7523408239700373	7	48	0.04451905253034721
Nematoda	intersection	50	29	CC	54	56	51	3	20	GO:0030286	25.444444444444443	3	5	0.006118735552266151
Bivalvia	intersection	20	16	all	32	32	53	2	20	GO:0033017	30.533333333333335	2	5	0.04291589740108387
Decapodiformes	closeness	50	50	MF	97	98	46	2	20	GO:0000268	23.60824742268041	2	2	0.040859168874861615
Deuterostomia	intersection	50	24	CC	48	48	49	1	20	GO:0032991	3.4571256038647347	10	138	0.02027519877024955
Bivalvia	intersection	200	86	all	149	150	311	0	20	GO:0045893	1.8897730621868554	14	117	0.2448057780456915
Echinodermata	closeness	50	50	BP	95	96	59	0	20	GO:0006754	12.445652173913043	3	6	0.06784045205734628
Vertebrata	stability	100	100	MF	167	167	94	0	20	GO:0051539	6.2705366922234385	5	11	0.05721887089781314
Nematoda	stability	10	10	BP	19	20	21	17	19	GO:0035567	60.263157894736835	2	4	0.00813959641615607
Gastropoda	closeness	20	20	BP	39	39	28	12	19	GO:0031167	30.131578947368418	2	4	0.018191860212432916
Diptera	stability	15575	15575	MF	1600	1621	743	11	19	GO:0005524	1.3064774229458014	205	225	4.4969550217503554e-13
Diptera	closeness	15575	15575	MF	1600	1621	743	11	19	GO:0005524	1.3064774229458014	205	225	4.4969550217503554e-13
Diptera	intersection	15575	15575	MF	1600	1621	743	11	19	GO:0005524	1.3064774229458014	205	225	4.4969550217503554e-13
Deuterostomia	intersection	20	11	all	22	22	31	6	19	GO:0006264	69.39393939393939	2	3	0.008149020163770731
Insecta	stability	20	20	BP	33	35	24	6	19	GO:0061909	46.26262626262626	2	3	0.014373895804947528
Neoptera	stability	20	20	BP	33	36	23	6	19	GO:0045780	69.39393939393939	2	2	0.0046335139961186655
Vertebrata	closeness	10	10	all	20	20	37	6	19	GO:0006264	76.33333333333334	2	3	0.008004635082889636
Spiralia	stability	10	10	all	19	20	31	5	19	GO:0003712	12.913533834586465	3	28	0.02158241081373872
Cnidaria	intersection	100	46	CC	78	80	73	2	19	GO:0005930	3.763971071663379	10	78	0.016489011629689534
Spiralia	stability	20	20	BP	35	36	25	2	19	GO:0043933	43.61904761904762	2	3	0.010938037415873788
Spiralia	stability	50	50	CC	75	77	63	2	19	GO:0070161	8.25522710886806	5	19	0.014829168482539972
Scaphopoda	stability	10	10	all	19	20	34	1	19	GO:0051496	34.43609022556391	2	7	0.04544295843670201
Bilateria	intersection	50	33	BP	58	59	37	0	19	GO:0070475	26.32183908045977	2	3	0.06774347405414004
Bivalvia	intersection	50	47	all	88	88	174	0	19	GO:0070922	26.627906976744185	2	2	0.21151310216817343
Coleoidea	closeness	200	200	MF	330	332	179	0	19	GO:0003723	1.3592704511115907	66	339	0.10437222166498938
Deuterostomia	stability	100	100	CC	167	167	134	0	19	GO:0032991	1.9873296884491887	20	138	0.11811276384823331
Echinodermata	intersection	50	41	BP	78	79	47	0	19	GO:0006754	10.043859649122806	2	6	0.17571001369603073
Gastropoda	closeness	50	50	MF	93	94	51	0	19	GO:0051082	4.148550724637682	5	30	0.10245664456506327
Mollusca	closeness	20	20	all	40	40	77	0	19	GO:0045893	3.513039666885821	7	117	0.06254295876484853
Mollusca	stability	100	100	CC	150	153	123	0	19	GO:0012507	4.154195011337869	4	15	0.17424035875960361
Porifera	intersection	200	154	BP	260	264	296	0	19	GO:0006396	2.402097902097902	9	33	0.2001381804736959
Protostomia	closeness	100	100	MF	160	165	89	0	19	GO:0044877	2.044642857142857	8	56	0.19752717604723075
Protostomia	stability	500	500	BP	567	578	880	0	19	GO:0043161	1.811613311534202	30	67	0.10102183717070651
Spiralia	closeness	20	20	all	39	40	79	0	19	GO:0045725	30.131578947368418	2	4	0.12448808631001955
Vertebrata	intersection	200	105	CC	185	186	138	0	19	GO:1990246	12.445652173913043	3	3	0.07051509445653846
Protostomia	closeness	5	5	all	10	10	25	12	18	GO:7770015	229.0	2	2	0.00014308034820019255
Echinodermata	intersection	20	12	all	23	24	32	10	18	GO:0045171	43.61904761904762	2	5	0.0125386101858384
Nematoda	closeness	20	20	CC	37	38	38	10	18	GO:0030286	37.13513513513514	3	5	0.001444379777932827
Ctenophora	closeness	2000	2000	all	1106	1121	2456	9	18	GO:0005524	1.4566022544283415	158	225	4.240571458467534e-09
Ctenophora	stability	1000	1000	all	926	937	2062	8	18	GO:0005524	1.4759980759980762	134	225	1.524613811940553e-06
Nematoda	stability	2000	2000	MF	932	946	528	7	18	GO:0005524	1.572532188841202	144	225	5.1915154308838384e-11
Cnidaria	stability	10	10	all	16	17	29	4	18	GO:0006986	71.5625	2	4	0.007901855835754416
Cnidaria	closeness	10	10	all	16	17	29	4	18	GO:0006986	71.5625	2	4	0.007901855835754416
Cnidaria	intersection	10	10	all	16	17	29	4	18	GO:0006986	71.5625	2	4	0.007901855835754416
Coleoidea	stability	5	5	all	10	10	25	3	18	GO:0072344	28.625	2	16	0.01810235512809918
Scaphopoda	intersection	200	52	BP	95	96	53	2	18	GO:0030317	4.103942652329749	8	48	0.02510601875528834
Ctenophora	closeness	500	500	all	654	662	1542	1	18	GO:0005524	1.4985685071574644	96	225	0.001692126207343761
Diptera	stability	100	100	MF	147	152	83	1	18	GO:0106310	2.9409246575342465	12	64	0.043599183521528355
Deuterostomia	intersection	500	245	all	382	384	957	0	18	GO:0006488	6.026315789473684	5	5	0.11778122136145651
Insecta	closeness	200	200	CC	309	316	215	0	18	GO:0005759	1.8740467953725402	22	87	0.21686720172368978
Spiralia	closeness	50	50	BP	92	93	63	0	18	GO:0006470	7.017364657814095	3	11	0.13413866013055747
Ctenophora	closeness	5	5	CC	10	10	19	10	17	GO:0042709	229.0	2	2	0.000326223193896439
Decapodiformes	stability	20	20	BP	40	40	22	10	17	GO:0006559	58.717948717948715	2	2	0.002073329632321625
Mollusca	intersection	20	18	BP	36	36	18	10	17	GO:0045893	3.914529914529915	7	117	0.013232436936656065
Nematoda	closeness	2000	2000	CC	1014	1027	462	8	17	GO:0070062	1.3792265426880812	171	280	5.917633951312852e-07
Ctenophora	closeness	2000	2000	CC	1106	1121	482	7	17	GO:0005930	1.5955964325529544	60	78	6.233946690441681e-05
Echinodermata	closeness	10	10	all	19	20	29	7	17	GO:0045171	50.888888888888886	2	5	0.008307945670091106
Ctenophora	stability	10	10	CC	19	20	28	6	17	GO:0042709	120.52631578947367	2	2	0.001826849885824093
Deuterostomia	closeness	20	20	BP	40	40	24	6	17	GO:0006364	8.178571428571429	4	28	0.014502578174598754
Protostomia	closeness	20	20	MF	36	39	27	6	17	GO:0008233	14.679487179487177	3	13	0.012371982120578832
Mollusca	closeness	20	20	BP	40	40	21	5	17	GO:0045893	3.513039666885821	7	117	0.020896684648164108
Mollusca	intersection	20	18	all	36	36	68	5	17	GO:0045893	3.914529914529915	7	117	0.044558843361097
Insecta	closeness	50	50	CC	90	95	75	4	17	GO:0160258	19.083333333333332	3	4	0.017128848653260687
Spiralia	stability	100	100	CC	134	139	102	2	17	GO:0070161	5.520289272800322	6	19	0.023332425484885174
Vertebrata	intersection	50	26	BP	52	52	31	2	17	GO:0006264	29.35897435897436	2	3	0.04569173157965333
Annelida	closeness	20	20	all	39	40	64	0	17	GO:0006986	29.358974358974358	2	4	0.1062399985332749
Annelida	closeness	100	100	MF	189	192	113	0	17	GO:0004771	12.180851063829786	2	2	0.10826761857334703
Bilateria	closeness	50	50	CC	86	87	78	0	17	GO:0016602	26.627906976744185	2	2	0.10877540391580713
Bilateria	stability	91	91	MF	149	150	115	0	17	GO:0004694	15.369127516778523	2	2	0.09675970704771557
Bilateria	closeness	91	91	MF	149	150	115	0	17	GO:0004694	15.369127516778523	2	2	0.09675970704771557
Bilateria	intersection	91	91	MF	149	150	115	0	17	GO:0004694	15.369127516778523	2	2	0.09675970704771557
Bivalvia	stability	50	50	all	93	93	192	0	17	GO:0071339	8.388278388278389	2	6	0.23840315723567684
Cnidaria	stability	50	50	CC	87	89	80	0	17	GO:0005930	2.699675803124079	8	78	0.10385553246863845
Coleoidea	closeness	50	50	MF	93	93	50	0	17	GO:0140664	16.415770609318997	2	3	0.06629908802758214
Coleoidea	closeness	50	50	CC	93	93	65	0	17	GO:0071817	24.623655913978496	2	2	0.08618881443585677
Ctenophora	closeness	500	500	CC	654	662	349	0	17	GO:0005930	1.6660767657700173	37	78	0.060954280087762075
Diptera	stability	20	20	all	37	39	75	0	17	GO:0019992	24.756756756756758	2	5	0.07605330116560712
Insecta	closeness	200	200	MF	309	316	177	0	17	GO:0019843	3.705501618122977	6	12	0.23037833028179697
Neoptera	stability	100	100	MF	145	152	85	0	17	GO:0042393	3.2902298850574714	10	48	0.052515015422826244
Neoptera	closeness	200	200	CC	310	317	216	0	17	GO:0005759	1.868001483129403	22	87	0.23219011573994267
Vertebrata	intersection	100	58	MF	112	112	61	0	17	GO:0070006	13.753753753753754	2	3	0.08254647579896754
Insecta	closeness	5	5	all	7	10	22	15	16	GO:7770015	327.1428571428571	2	2	5.8758329660952225e-05
Neoptera	closeness	5	5	all	7	10	22	15	16	GO:7770015	327.1428571428571	2	2	5.8758329660952225e-05
Porifera	closeness	20	20	BP	37	37	18	12	16	GO:0015810	61.891891891891895	2	2	0.0015246641904213176
Bilateria	closeness	50	50	MF	86	87	60	5	16	GO:0043813	26.627906976744185	2	2	0.041836693813771975
Nematoda	stability	20	20	CC	37	39	37	5	16	GO:0009986	5.757385292269013	4	43	0.04689953571879105
Nematoda	intersection	20	19	CC	36	37	37	5	16	GO:0009986	5.917312661498707	4	43	0.04442946958909112
Nematoda	intersection	2000	738	CC	651	659	339	5	16	GO:0005759	1.7790490315518124	44	87	0.002447122379968327
Nematoda	intersection	100	38	CC	71	73	55	4	16	GO:0030286	19.35211267605634	3	5	0.015033280641414614
Protostomia	closeness	50	50	CC	87	90	79	3	16	GO:0160258	19.741379310344826	3	4	0.016295025159903685
Bivalvia	stability	10	10	all	20	20	30	1	16	GO:0044458	36.34920634920635	2	7	0.03592848418209628
Decapodiformes	closeness	20	20	all	39	39	60	1	16	GO:0008574	58.717948717948715	2	2	0.016963606082631474
Spiralia	closeness	20	20	BP	39	40	27	1	16	GO:0045725	30.131578947368418	2	4	0.04254656114393073
Vertebrata	stability	20	20	all	37	37	56	1	16	GO:0006264	41.26126126126126	2	3	0.04225523284856117
Coleoidea	intersection	100	45	CC	84	84	55	0	16	GO:0070531	13.63095238095238	2	4	0.20911451789847146
Diptera	stability	10	10	all	18	20	31	0	16	GO:0009615	28.2716049382716	2	9	0.0630535508166101
Gastropoda	stability	50	50	MF	91	92	58	0	16	GO:1990948	16.962962962962965	2	3	0.1295357020690723
Porifera	stability	20	20	all	39	39	55	0	16	GO:1904813	5.871794871794872	3	30	0.10701775740145361
Scaphopoda	closeness	50	50	BP	96	97	59	0	16	GO:0010669	24.105263157894736	2	2	0.050256495370910224
Vertebrata	closeness	100	100	CC	187	188	129	0	16	GO:0032991	1.9627551815490105	22	138	0.15963216781735542
Ctenophora	closeness	5	5	MF	10	10	15	14	15	GO:0004198	114.5	2	4	0.0006313885505870158
Nematoda	closeness	10	10	BP	20	20	16	14	15	GO:0045332	28.625	2	8	0.006371871685365684
Coleoidea	closeness	5	5	all	10	10	20	11	15	GO:0008574	229.0	2	2	0.0003433928356804621
Nematoda	closeness	10	10	CC	20	20	25	7	15	GO:0005840	10.651162790697674	4	43	0.010501781834334386
Porifera	stability	10	10	all	20	20	29	7	15	GO:0048255	20.818181818181817	2	11	0.027572542233756395
Coleoidea	closeness	10	10	all	20	20	32	6	15	GO:0008574	114.5	2	2	0.0023198093788237067
Echinodermata	stability	10	10	all	18	20	27	6	15	GO:0043024	71.5625	2	4	0.007356900260874801
Nematoda	closeness	5	5	CC	10	10	20	6	15	GO:0016020	3.033112582781457	8	604	0.007583410666678531
Bivalvia	stability	20	20	BP	40	40	21	5	15	GO:0002115	30.131578947368418	2	4	0.016545884889306396
Nematoda	stability	1000	1000	all	708	719	1762	5	15	GO:0005524	1.5812931575643443	110	225	3.7848200751861095e-06
Diptera	stability	2000	2000	all	1073	1084	2498	4	15	GO:0005829	1.119445952897406	478	913	0.019499488044824848
Diptera	closeness	2000	2000	MF	1177	1189	600	3	15	GO:0003723	1.1900583694219544	207	339	0.013219789078607968
Scaphopoda	closeness	50	50	CC	96	97	59	3	15	GO:0160112	10.71345029239766	4	9	0.017620138846540918
Insecta	intersection	200	73	MF	125	130	71	2	15	GO:0019843	7.633333333333334	5	12	0.018468984569449287
Cnidaria	closeness	50	50	CC	88	89	81	1	15	GO:0005930	3.669871794871795	11	78	0.010911927879068717
Insecta	stability	100	100	MF	143	149	85	1	15	GO:0042393	3.3362470862470865	10	48	0.046956932857182776
Scaphopoda	closeness	50	50	all	96	97	152	1	15	GO:0160112	10.71345029239766	4	9	0.04539425601142745
Bivalvia	closeness	10	10	all	20	20	29	0	15	GO:0019005	19.57264957264957	2	13	0.05576548433323639
Decapodiformes	stability	200	200	MF	335	339	176	0	15	GO:0043022	2.690951821386604	9	23	0.24746993881925347
Mollusca	closeness	100	100	BP	181	183	179	0	15	GO:0003341	3.859550561797753	6	20	0.21517658976590726
Spiralia	intersection	50	14	BP	27	28	18	0	15	GO:0000045	12.582417582417584	2	14	0.062253782200373586
Nematoda	intersection	10	8	BP	16	16	15	13	14	GO:0035567	71.5625	2	4	0.004087166811597112
Ctenophora	stability	10	10	BP	19	20	15	12	14	GO:0006099	27.81376518218623	3	13	0.0009689995733519132
Nematoda	stability	10	10	MF	19	20	16	9	14	GO:0042813	80.35087719298245	2	3	0.0031162299501004717
Nematoda	intersection	10	8	MF	16	16	15	9	14	GO:0042813	95.41666666666667	2	3	0.002051952294330857
Porifera	intersection	10	8	all	16	16	22	7	14	GO:0048255	26.02272727272727	2	11	0.015540640279262715
Nematoda	stability	10	10	CC	19	20	23	6	14	GO:0016020	2.3945625653537816	12	604	0.015911863679320598
Gastropoda	closeness	10	10	all	19	19	28	5	14	GO:1900026	30.131578947368418	2	8	0.0165504513527825
Diptera	stability	20	20	BP	37	39	19	4	14	GO:0043525	17.683397683397683	2	7	0.032111393825478556
Diptera	stability	2000	2000	CC	1073	1084	488	4	14	GO:0005829	1.119445952897406	478	913	0.0038093475443853183
Annelida	stability	50	50	MF	97	100	60	3	14	GO:0005078	11.804123711340207	3	6	0.03552971206509706
Annelida	closeness	50	50	MF	97	100	56	3	14	GO:0005078	11.804123711340207	3	6	0.033161064594090586
Neoptera	closeness	50	50	CC	90	95	74	3	14	GO:0160258	19.083333333333332	3	4	0.016900464004550544
Protostomia	stability	914	914	all	780	794	1950	3	14	GO:0070062	1.3438474234366404	128	280	0.012196072191622694
Protostomia	closeness	914	914	all	780	794	1950	3	14	GO:0070062	1.3438474234366404	128	280	0.012196072191622694
Protostomia	intersection	914	914	all	780	794	1950	3	14	GO:0070062	1.3438474234366404	128	280	0.012196072191622694
Cnidaria	closeness	20	20	BP	35	36	18	2	14	GO:0045954	65.42857142857143	2	2	0.00408637474460047
Bilateria	stability	20	20	all	35	35	72	1	14	GO:0070475	43.61904761904762	2	3	0.048564992157001344
Gastropoda	stability	10	10	all	19	20	27	1	14	GO:0005930	8.155270655270655	5	78	0.006587298219788595
Echinodermata	stability	50	50	CC	95	97	65	0	14	GO:0005739	1.7994210090984286	19	260	0.15352989794905003
Protostomia	stability	20	20	all	31	31	45	0	14	GO:1903861	21.10599078341014	2	7	0.05311797322778061
Spiralia	intersection	50	14	all	27	28	53	0	14	GO:0000151	8.523573200992557	3	31	0.08360199943449638
Spiralia	closeness	100	100	all	160	161	353	0	14	GO:0035577	6.629994209612043	5	11	0.16542826888175274
Vertebrata	closeness	20	20	CC	40	40	37	0	14	GO:0016363	7.467391304347825	3	23	0.053668055134836114
Ctenophora	stability	10	10	MF	19	20	16	12	13	GO:0003824	14.348370927318296	5	42	0.00025043584235575066
Nematoda	closeness	10	10	MF	20	20	15	9	13	GO:0140326	45.800000000000004	2	5	0.0026759906152425115
Ctenophora	stability	5	5	CC	9	10	18	8	13	GO:0042709	254.44444444444443	2	2	0.00024724284169020354
Nematoda	intersection	5	4	CC	8	8	15	7	13	GO:0030669	57.25	2	10	0.007110970106165807
Nematoda	stability	2000	2000	CC	932	946	421	7	13	GO:0070062	1.3689454322501533	156	280	1.9054947649169264e-05
Nematoda	intersection	10	8	CC	16	16	23	6	13	GO:0016020	2.606581125827814	11	604	0.005609996803365548
Diptera	intersection	100	22	MF	34	36	21	5	13	GO:0019992	40.411764705882355	3	5	0.0006159577597006642
Neoptera	intersection	100	29	CC	50	54	37	5	13	GO:0005654	1.577044476327116	24	697	0.04904489078886147
Neoptera	stability	1480	1480	all	1079	1094	2527	5	13	GO:0070062	1.2897561622051419	170	280	0.0009038181864490512
Neoptera	closeness	1480	1480	all	1079	1094	2527	5	13	GO:0070062	1.2897561622051419	170	280	0.0009038181864490512
Neoptera	intersection	1480	1480	all	1079	1094	2527	5	13	GO:0070062	1.2897561622051419	170	280	0.0009038181864490512
Annelida	intersection	50	47	MF	91	94	55	3	13	GO:0005078	12.582417582417582	3	6	0.028644685709699757
Nematoda	intersection	2000	738	all	651	659	1665	3	13	GO:0005524	1.516504522956136	97	225	0.0008096222052625527
Annelida	intersection	100	67	BP	129	132	105	2	13	GO:0097700	17.890625	3	3	0.017932310068066875
Echinodermata	closeness	20	20	BP	38	39	23	2	13	GO:0008654	25.444444444444443	2	5	0.039848036530378134
Diptera	stability	1000	1000	all	761	771	1822	1	13	GO:0045202	1.6110876600534685	55	103	0.021106199961054277
Annelida	intersection	500	189	MF	310	315	176	0	13	GO:0005515	1.051689075894015	278	1959	0.24580869232939154
Diptera	stability	2000	2000	MF	1073	1084	546	0	13	GO:0003677	1.2749447605129007	96	161	0.13364313905708394
Echinodermata	closeness	50	50	MF	95	96	50	0	13	GO:0050661	16.594202898550723	2	3	0.11664560350518605
Mollusca	intersection	500	179	MF	252	255	136	0	13	GO:0050699	6.925403225806451	3	4	0.17658904504770132
Protostomia	closeness	100	100	CC	160	165	121	0	13	GO:0097598	14.3125	2	2	0.11541548273312724
Spiralia	intersection	100	33	CC	52	53	49	0	13	GO:0070531	22.45098039215686	2	4	0.06948563301066744
Vertebrata	intersection	50	26	MF	52	52	20	0	13	GO:0005515	1.124003612518161	50	1959	0.20361100354372155
Ctenophora	closeness	5	5	BP	10	10	12	12	12	GO:1901289	152.66666666666669	2	3	0.0003083331475628357
Ctenophora	stability	5	5	MF	9	10	12	11	12	GO:0005524	7.91604938271605	7	225	2.9459583678877736e-05
Gastropoda	stability	20	20	BP	38	39	18	10	12	GO:0006412	6.751842751842752	6	55	0.0034299807119991094
Nematoda	closeness	5	5	MF	10	10	14	10	12	GO:0042813	152.66666666666669	2	3	0.0007194440109799499
Decapodiformes	closeness	5	5	all	10	10	18	9	12	GO:0008574	229.0	2	2	0.0003090535521124159
Diptera	intersection	1000	376	MF	410	416	234	7	12	GO:0106310	2.099633251833741	24	64	0.02963984688008636
Insecta	closeness	20	20	BP	37	40	20	6	12	GO:0120009	23.20945945945946	3	8	0.0016940713226903529
Diptera	stability	50	50	MF	82	85	51	5	12	GO:0106310	4.417438271604938	10	64	0.002855694694235029
Echinodermata	stability	20	20	CC	38	40	36	5	12	GO:0099513	42.407407407407405	2	3	0.02570331395306597
Insecta	stability	1466	1466	all	1073	1088	2539	5	12	GO:0005829	1.1347799610926748	485	913	0.001313964700873956
Insecta	closeness	1466	1466	all	1073	1088	2539	5	12	GO:0005829	1.1347799610926748	485	913	0.001313964700873956
Insecta	intersection	1466	1466	all	1073	1088	2539	5	12	GO:0005829	1.1347799610926748	485	913	0.001313964700873956
Scaphopoda	stability	10	10	BP	19	20	16	5	12	GO:0051496	34.43609022556391	2	7	0.021384921617271537
Ctenophora	stability	2000	2000	MF	1112	1126	556	4	12	GO:0005524	1.5037437437437438	164	225	2.4502800040693045e-12
Ctenophora	intersection	2000	1458	MF	1037	1050	531	4	12	GO:0005524	1.4652066559312937	149	225	1.0119673048966623e-08
Ctenophora	stability	2870	2870	MF	1167	1182	580	3	12	GO:0005524	1.485169289461135	170	225	7.98621975761664e-13
Ctenophora	closeness	2870	2870	MF	1167	1182	580	3	12	GO:0005524	1.485169289461135	170	225	7.98621975761664e-13
Ctenophora	intersection	2870	2870	MF	1167	1182	580	3	12	GO:0005524	1.485169289461135	170	225	7.98621975761664e-13
Echinodermata	stability	100	100	CC	181	184	113	3	12	GO:0005739	1.9904389395914819	40	260	0.0007042026033597459
Neoptera	intersection	200	71	MF	121	126	67	3	12	GO:0019843	7.885674931129477	5	12	0.014930014177458581
Porifera	intersection	50	41	CC	78	78	52	3	12	GO:0005743	3.5883190883190883	11	90	0.008615506330370733
Deuterostomia	closeness	10	10	all	20	20	33	2	12	GO:0006264	76.33333333333334	2	3	0.007139269127982647
Scaphopoda	closeness	20	20	all	40	40	43	2	12	GO:0005930	5.137820512820513	7	78	0.008296891325282883
Bilateria	closeness	20	20	BP	38	38	23	1	12	GO:0036092	30.131578947368418	2	4	0.03624336690038544
Bivalvia	closeness	20	20	CC	40	40	40	1	12	GO:0019005	13.906882591093115	3	13	0.04302676830962546
Nematoda	stability	5	5	CC	10	10	18	1	12	GO:0030669	45.800000000000004	2	10	0.013650139200021354
Nematoda	stability	50	50	CC	89	91	73	1	12	GO:0030286	15.438202247191011	3	5	0.03916956272239508
Coleoidea	stability	50	50	CC	89	90	69	0	12	GO:0042719	25.730337078651683	2	2	0.10309568641355316
Decapodiformes	stability	5	5	all	10	10	21	0	12	GO:0032588	21.203703703703702	2	24	0.07363490890004416
Diptera	intersection	1000	376	all	410	416	1062	0	12	GO:0005829	1.1774504106668953	192	913	0.1283785220599911
Echinodermata	intersection	100	82	MF	151	153	79	0	12	GO:0050661	10.38548752834467	2	3	0.22257767681147228
Gastropoda	closeness	50	50	CC	93	94	73	0	12	GO:0005840	4.052072800808898	7	43	0.08222340073654612
Mollusca	stability	50	50	CC	91	93	75	0	12	GO:0071339	8.674242424242424	2	6	0.1699451271323796
Protostomia	closeness	50	50	MF	87	90	54	0	12	GO:0004553	10.528735632183908	2	5	0.09605778025110386
Spiralia	intersection	20	10	all	19	20	26	0	12	GO:0007283	6.128456735057984	3	59	0.10174326335256419
Nematoda	stability	5	5	MF	10	10	13	10	11	GO:0042813	152.66666666666669	2	3	0.0006680551530528106
Nematoda	intersection	5	4	MF	8	8	12	10	11	GO:0042813	190.83333333333334	2	3	0.00038392759838344056
Bilateria	intersection	50	33	MF	58	59	39	8	11	GO:0015085	39.48275862068965	2	2	0.012298614409905298
Porifera	closeness	10	10	BP	20	20	11	8	11	GO:0015810	114.5	2	2	0.00026581149132354974
Scaphopoda	intersection	100	21	CC	40	41	28	8	11	GO:0005930	5.871794871794872	8	78	0.0011246618527906667
Ctenophora	intersection	10	4	CC	8	8	15	7	11	GO:0042709	286.25	2	2	0.00016024998998449814
Mollusca	stability	5	5	all	10	10	20	7	11	GO:0006986	127.22222222222221	2	4	0.001641568450461922
Neoptera	closeness	20	20	BP	37	40	19	7	11	GO:0120009	23.20945945945946	3	8	0.0016093677565558351
Bilateria	closeness	20	20	MF	38	38	30	6	11	GO:0043813	60.263157894736835	2	2	0.008046838782777666
Cnidaria	stability	20	20	BP	33	35	20	5	11	GO:0030593	69.39393939393939	2	2	0.0020145713026602893
Ctenophora	stability	1000	1000	MF	926	937	474	5	11	GO:0005524	1.4759980759980762	134	225	3.504689364014656e-07
Decapodiformes	intersection	20	9	all	18	18	24	5	11	GO:0006103	36.34920634920635	2	7	0.01049713432768457
Coleoidea	stability	20	20	BP	38	39	15	4	11	GO:0090110	20.087719298245613	3	9	0.004962172028492396
Ctenophora	closeness	2000	2000	MF	1106	1121	563	4	11	GO:0005524	1.4566022544283415	158	225	9.720853954060348e-10
Decapodiformes	closeness	10	10	MF	20	20	13	4	11	GO:0008574	114.5	2	2	0.0009424225601471309
Insecta	intersection	50	8	all	14	16	22	4	11	GO:0007417	21.80952380952381	2	15	0.024642935886086133
Diptera	closeness	2000	2000	CC	1177	1189	519	2	11	GO:0005829	1.1185570133532194	524	913	0.0006570496155307491
Bivalvia	closeness	20	20	BP	40	40	19	1	11	GO:0002115	30.131578947368418	2	4	0.029940172656840146
Gastropoda	intersection	20	14	CC	28	28	24	1	11	GO:0005930	5.43684710351377	5	78	0.04335781269505292
Mollusca	closeness	10	10	MF	20	20	12	1	11	GO:0003725	26.78362573099415	2	9	0.027223633067553682
Neoptera	stability	1000	1000	all	938	952	2234	1	11	GO:0070062	1.283084311632871	147	280	0.04402315513782591
Coleoidea	stability	100	100	all	167	168	388	0	11	GO:0044545	13.712574850299402	2	2	0.1865444465662735
Diptera	intersection	200	51	CC	78	81	60	0	11	GO:0032991	2.370600414078675	11	138	0.16397740262025542
Gastropoda	closeness	20	20	CC	39	39	35	0	11	GO:0005925	4.0718349928876245	5	74	0.09777442666772534
Insecta	stability	50	50	MF	75	77	43	0	11	GO:0016614	20.355555555555558	2	3	0.05943671315676399
Insecta	intersection	200	73	CC	125	130	85	0	11	GO:0005654	1.3667718794835007	52	697	0.1806147235351676
Porifera	intersection	20	14	all	28	28	36	0	11	GO:0048255	14.870129870129869	2	11	0.05334425274286329
Porifera	intersection	100	81	CC	151	152	99	0	11	GO:0031416	15.165562913907284	2	2	0.10694540626235881
Vertebrata	closeness	50	50	CC	97	98	66	0	11	GO:0070461	9.541666666666666	2	5	0.24777042487822276
Ctenophora	stability	5	5	BP	9	10	10	10	10	GO:1901289	169.62962962962962	2	3	0.00020561546542092028
Nematoda	closeness	5	5	BP	10	10	10	9	10	GO:0035567	114.5	2	4	0.001025381322536275
Cnidaria	intersection	20	15	BP	25	26	12	6	10	GO:0045954	91.6	2	2	0.0013735713427240274
Nematoda	closeness	1000	1000	MF	793	803	468	6	10	GO:0005524	1.5786464901219	123	225	3.260575591211338e-08
Bivalvia	stability	5	5	all	10	10	17	3	10	GO:0031514	16.24113475177305	3	47	0.010618081669851256
Insecta	intersection	100	30	CC	52	56	38	3	10	GO:0005654	1.7059375344884673	27	697	0.03293707284594236
Protostomia	closeness	10	10	MF	18	20	10	3	10	GO:0160270	84.81481481481481	2	3	0.0017431388770721332
Scaphopoda	closeness	20	20	BP	40	40	12	3	10	GO:0010977	14.3125	2	8	0.035714127846167704
Diptera	stability	20	20	MF	37	39	27	2	10	GO:0019992	24.756756756756758	2	5	0.033267062197967844
Nematoda	stability	7488	7488	BP	1199	1217	1717	2	10	GO:0002181	1.718932443703086	27	30	0.0196890812272695
Nematoda	closeness	7488	7488	BP	1199	1217	1717	2	10	GO:0002181	1.718932443703086	27	30	0.0196890812272695
Nematoda	intersection	7488	7488	BP	1199	1217	1717	2	10	GO:0002181	1.718932443703086	27	30	0.0196890812272695
Bilateria	stability	20	20	BP	35	35	20	1	10	GO:0070475	43.61904761904762	2	3	0.01349027559916704
Bivalvia	stability	20	20	MF	40	40	25	1	10	GO:0003725	20.087719298245613	3	9	0.008270286714153995
Mollusca	stability	10	10	MF	20	20	11	1	10	GO:0003725	26.78362573099415	2	9	0.024954996978590875
Annelida	stability	50	50	CC	97	100	72	0	10	GO:0140268	10.11782032400589	3	7	0.12436641520431964
Annelida	closeness	100	100	CC	189	192	123	0	10	GO:0005634	1.2117737845882481	96	965	0.2062354415744509
Cnidaria	intersection	20	15	CC	25	26	30	0	10	GO:0030665	15.266666666666667	2	12	0.11564887810168602
Coleoidea	closeness	20	20	CC	40	40	30	0	10	GO:0005871	16.357142857142858	2	7	0.07795922107961492
Coleoidea	closeness	200	200	all	330	332	714	0	10	GO:0003723	1.3592704511115907	66	339	0.20816135829274424
Diptera	stability	200	200	CC	261	267	182	0	10	GO:0032991	1.787068004459309	28	138	0.21083942091498636
Echinodermata	intersection	50	41	CC	78	79	53	0	10	GO:0099513	20.087719298245613	2	3	0.16917029927323607
Gastropoda	stability	100	100	all	177	181	399	0	10	GO:0051082	3.46969696969697	8	30	0.2242376921361174
Mollusca	closeness	10	10	CC	20	20	23	0	10	GO:0005829	1.848158182971119	14	913	0.06565572541098406
Neoptera	closeness	100	100	CC	168	173	141	0	10	GO:0005654	1.329849012775842	68	697	0.08385347809240004
Neoptera	intersection	200	71	CC	121	126	89	0	10	GO:0005654	1.357648481686567	50	697	0.19338132055250243
Porifera	stability	20	20	CC	39	39	33	0	10	GO:1904813	5.871794871794872	3	30	0.07913889774593232
Protostomia	stability	200	200	MF	259	264	159	0	10	GO:0017025	5.325581395348838	3	5	0.20112621403682635
Scaphopoda	stability	20	20	MF	39	40	17	0	10	GO:0003714	4.0495137046861185	2	29	0.2374711828273473
Spiralia	closeness	10	10	all	20	20	27	0	10	GO:0000045	16.357142857142858	2	14	0.0836225219877944
Vertebrata	stability	50	50	MF	87	87	45	0	10	GO:0030620	26.321839080459768	2	2	0.06423162991413219
Vertebrata	stability	100	100	CC	167	167	140	0	10	GO:0032991	2.099266631744369	21	138	0.05182485978930419
Diptera	intersection	100	22	BP	34	36	14	7	9	GO:0006468	9.354575163398692	5	36	0.0020208342555651728
Insecta	stability	10	10	all	16	18	25	7	9	GO:0007417	19.083333333333336	2	15	0.029285043939792543
Nematoda	stability	5	5	BP	10	10	9	7	9	GO:0035567	114.5	2	4	0.0009228431902826475
Scaphopoda	intersection	200	52	CC	95	96	55	6	9	GO:0005930	3.472566859663634	11	78	0.007559341969799029
Coleoidea	closeness	20	20	BP	40	40	15	5	9	GO:0000398	6.981707317073171	5	41	0.008915105185385706
Gastropoda	closeness	10	10	BP	19	19	10	5	9	GO:1900026	30.131578947368418	2	8	0.005910875483136607
Mollusca	stability	10	10	BP	20	20	10	5	9	GO:1903358	48.21052631578947	2	5	0.003214008633361333
Nematoda	stability	1000	1000	CC	708	719	353	5	9	GO:0005829	1.1655404360121535	329	913	0.0037136123402092967
Protostomia	stability	20	20	BP	31	31	11	5	9	GO:1903861	21.10599078341014	2	7	0.013094629274257141
Scaphopoda	intersection	100	21	BP	40	41	18	5	9	GO:0003341	11.450000000000001	4	20	0.00569498281865675
Nematoda	closeness	1000	1000	CC	793	803	409	4	9	GO:0070062	1.3820032426589803	134	280	0.0003081635931153376
Ctenophora	closeness	1000	1000	MF	931	941	503	3	9	GO:0005524	1.4461428058844639	132	225	3.154626517370224e-06
Echinodermata	intersection	200	112	CC	200	202	106	3	9	GO:0005739	1.7525510204081631	39	260	0.009392055467438832
Spiralia	stability	10	10	BP	19	20	11	3	9	GO:0006357	4.335478985232866	5	139	0.02453633833045576
Bilateria	stability	10	10	all	19	19	35	2	9	GO:0070840	40.175438596491226	2	6	0.03358007717876982
Bivalvia	stability	10	10	CC	20	20	17	2	9	GO:0097228	16.962962962962962	2	15	0.04903516725853544
Echinodermata	stability	10	10	CC	18	20	17	2	9	GO:0000151	13.850806451612902	3	31	0.01899267318105835
Echinodermata	closeness	100	100	CC	175	177	102	2	9	GO:0005739	1.854251012145749	36	260	0.007809410704436122
Insecta	closeness	1000	1000	all	895	908	2162	2	9	GO:0005829	1.130660531081005	403	913	0.03939949053396694
Nematoda	closeness	500	500	MF	563	570	330	2	9	GO:0005524	1.6269982238010658	90	225	1.6633618515319055e-05
Annelida	intersection	20	13	all	26	26	45	1	9	GO:0006986	44.03846153846154	2	4	0.03301430448884693
Deuterostomia	intersection	20	11	CC	22	22	15	1	9	GO:0000785	4.108851674641148	6	152	0.035610935436435016
Insecta	stability	20	20	CC	33	35	27	1	9	GO:0000346	34.696969696969695	2	4	0.032049376222352766
Neoptera	stability	20	20	CC	33	36	28	1	9	GO:0000346	34.696969696969695	2	4	0.03323639015651398
Porifera	closeness	20	20	CC	37	37	28	1	9	GO:0005743	5.501501501501502	8	90	0.001765216071668255
Scaphopoda	intersection	500	145	CC	258	261	174	1	9	GO:0160112	5.9869281045751634	6	9	0.01970577157885091
Bivalvia	stability	20	20	CC	40	40	35	0	9	GO:0071339	20.087719298245613	2	6	0.067506041222717
Coleoidea	closeness	100	100	CC	183	184	108	0	9	GO:0140672	12.513661202185792	2	2	0.22874083570363934
Decapodiformes	intersection	50	27	CC	52	53	40	0	9	GO:0005871	12.582417582417584	2	7	0.19750196651988863
Decapodiformes	closeness	500	500	CC	715	724	354	0	9	GO:0005634	1.109870757408162	333	965	0.2316268683806451
Diptera	closeness	20	20	all	38	40	66	0	9	GO:0005789	2.4105263157894736	8	200	0.19153746056507634
Diptera	closeness	20	20	BP	38	40	15	0	9	GO:0010564	12.052631578947368	2	10	0.05548552992479613
Diptera	stability	15575	15575	BP	1600	1621	2081	0	9	GO:0045892	1.2546963055729494	70	80	0.1392108274122341
Diptera	closeness	15575	15575	BP	1600	1621	2081	0	9	GO:0045892	1.2546963055729494	70	80	0.1392108274122341
Diptera	intersection	15575	15575	BP	1600	1621	2081	0	9	GO:0045892	1.2546963055729494	70	80	0.1392108274122341
Gastropoda	intersection	50	40	MF	74	74	40	0	9	GO:0008097	20.913242009132418	2	3	0.058917805883202626
Gastropoda	closeness	100	100	MF	176	180	96	0	9	GO:0051082	3.48952380952381	8	30	0.12921624967214107
Insecta	closeness	100	100	CC	168	173	146	0	9	GO:0005654	1.3494056159048986	69	697	0.0746388518040972
Mollusca	intersection	50	31	MF	61	61	38	0	9	GO:0004842	3.080441216034436	5	63	0.18986306083648302
Mollusca	stability	200	200	MF	266	271	137	0	9	GO:0050699	6.580459770114942	3	4	0.1986940674180181
Nematoda	closeness	500	500	CC	563	570	314	0	9	GO:0005783	1.3176394065994546	69	213	0.14709615836254467
Neoptera	stability	50	50	MF	78	81	47	0	9	GO:0016614	19.57264957264957	2	3	0.0772444289437187
Porifera	stability	100	100	CC	172	174	113	0	9	GO:0044322	5.325581395348838	4	10	0.1147595943368726
Ctenophora	intersection	10	4	MF	8	8	9	8	8	GO:0003774	85.875	3	10	2.991115959968215e-05
Ctenophora	intersection	5	2	CC	4	4	9	7	8	GO:0042709	572.5	2	2	2.0603570140850302e-05
Decapodiformes	closeness	5	5	MF	10	10	10	7	8	GO:0008574	229.0	2	2	0.00017169641784023105
Insecta	closeness	10	10	MF	17	20	11	7	8	GO:0008289	22.450980392156865	3	18	0.0011316343752201974
Nematoda	intersection	5	4	BP	8	8	8	7	8	GO:0035567	143.125	2	4	0.0005110084310690283
Neoptera	closeness	10	10	MF	17	20	11	7	8	GO:0008289	22.450980392156865	3	18	0.0011316343752201974
Porifera	closeness	5	5	all	10	10	16	7	8	GO:0005686	65.42857142857143	2	7	0.005702069933629478
Vertebrata	closeness	10	10	BP	20	20	8	7	8	GO:0006264	76.33333333333334	2	3	0.0017307319098139751
Bivalvia	intersection	10	6	all	12	12	14	6	8	GO:0097228	30.533333333333335	2	15	0.012242498784954375
Coleoidea	closeness	5	5	CC	10	10	11	6	8	GO:0005871	65.42857142857143	2	7	0.003920173079370266
Insecta	stability	1000	1000	all	930	943	2259	5	8	GO:0016887	1.5191378576614012	53	86	0.03221092422746161
Protostomia	closeness	5	5	CC	10	10	13	5	8	GO:7770015	229.0	2	2	0.00022320534319230037
Vertebrata	stability	20	20	BP	37	37	12	5	8	GO:0006264	41.26126126126126	2	3	0.009054692753263108
Echinodermata	intersection	20	12	CC	23	24	19	4	8	GO:0045171	43.61904761904762	2	5	0.014972396611267796
Vertebrata	intersection	5	3	all	6	6	13	4	8	GO:0042555	109.04761904761904	2	7	0.0007766750961806553
Vertebrata	stability	10	10	all	20	20	26	4	8	GO:0042555	32.714285714285715	2	7	0.019277636748362602
Diptera	stability	10	10	BP	18	20	8	3	8	GO:0009615	28.2716049382716	2	9	0.016271884081705833
Diptera	intersection	500	157	CC	214	219	128	3	8	GO:0005829	1.2835464778447978	109	913	0.038148438587072966
Echinodermata	closeness	10	10	CC	19	20	15	3	8	GO:0045171	50.888888888888886	2	5	0.00863464998957024
Echinodermata	stability	20	20	BP	38	40	15	3	8	GO:0031146	14.679487179487177	3	13	0.013746646800643147
Insecta	closeness	10	10	CC	17	20	22	3	8	GO:0160258	101.02941176470588	3	4	2.9799366401503034e-05
Insecta	stability	1000	1000	MF	930	943	488	3	8	GO:0016887	1.5191378576614012	53	86	0.013916716266490716
Mollusca	intersection	10	8	MF	16	16	9	3	8	GO:0003725	33.925925925925924	2	9	0.012640113201548403
Neoptera	closeness	10	10	CC	17	20	22	3	8	GO:0160258	101.02941176470588	3	4	2.9799366401503034e-05
Spiralia	stability	20	20	MF	35	36	21	3	8	GO:0035091	10.468571428571428	4	25	0.007583428671713989
Annelida	intersection	20	13	MF	26	26	13	2	8	GO:0003725	19.572649572649574	2	9	0.027628028312502027
Gastropoda	stability	10	10	CC	19	20	19	2	8	GO:0005930	8.155270655270655	5	78	0.004635506154666048
Gastropoda	intersection	20	14	BP	28	28	11	2	8	GO:0000463	33.925925925925924	2	5	0.014412148848823823
Nematoda	stability	500	500	CC	492	500	292	2	8	GO:0005829	1.1827353760941772	232	913	0.018909663605836298
Scaphopoda	closeness	10	10	all	20	20	20	2	8	GO:0010977	28.625	2	8	0.03933681970484232
Cnidaria	intersection	20	15	MF	25	26	13	1	8	GO:0051087	9.814285714285713	3	28	0.040902596153491164
Coleoidea	stability	10	10	all	19	20	31	1	8	GO:0034498	40.175438596491226	2	6	0.029742354072624697
Echinodermata	closeness	20	20	MF	38	39	17	1	8	GO:0043024	31.805555555555554	2	4	0.0240350842998341
Spiralia	closeness	5	5	all	10	10	15	1	8	GO:0003713	9.410958904109588	3	73	0.047633586815067075
Vertebrata	intersection	20	10	CC	20	20	21	1	8	GO:0042555	32.714285714285715	2	7	0.031140797824278046
Annelida	closeness	20	20	MF	39	40	19	0	8	GO:0003725	13.048433048433047	2	9	0.07061259660890239
Annelida	closeness	20	20	CC	39	40	27	0	8	GO:0005783	2.205368965932346	8	213	0.19725083579794328
Annelida	intersection	50	47	CC	91	94	63	0	8	GO:0140268	10.784929356357928	3	7	0.09588093789952058
Coleoidea	stability	20	20	CC	38	39	30	0	8	GO:0005739	2.549595141700405	11	260	0.07116975111986007
Ctenophora	intersection	1000	371	all	532	539	1274	0	8	GO:0003723	1.3765236266488563	108	339	0.0520559382572215
Deuterostomia	closeness	20	20	CC	40	40	33	0	8	GO:0043226	19.083333333333336	2	6	0.14090881824535786
Diptera	stability	50	50	CC	82	85	61	0	8	GO:0005794	1.8669927789424643	14	212	0.22972864714666436
Echinodermata	closeness	50	50	CC	95	96	62	0	8	GO:0005739	1.914715719063545	20	260	0.1446405483464307
Insecta	closeness	50	50	MF	90	95	45	0	8	GO:0019706	9.541666666666666	3	8	0.06410635536214883
Mollusca	stability	20	20	MF	40	40	20	0	8	GO:0003697	7.046153846153847	3	25	0.09436712291965453
Nematoda	stability	500	500	BP	492	500	677	0	8	GO:0006364	2.4934668989547037	15	28	0.12079067639488766
Nematoda	intersection	1000	323	CC	380	387	233	0	8	GO:0005783	1.4146281195947614	50	213	0.15108981599729523
Neoptera	closeness	50	50	MF	90	95	50	0	8	GO:0019706	9.541666666666666	3	8	0.07122928373572092
Neoptera	stability	1000	1000	MF	938	952	487	0	8	GO:0003723	1.2255897343873468	170	339	0.06100964679224005
Protostomia	closeness	500	500	all	561	572	1413	0	8	GO:0005829	1.1555703332811766	258	913	0.2185816243915042
Vertebrata	intersection	20	10	MF	20	20	11	0	8	GO:0005515	1.1689637570188873	20	1959	0.23174296382870488
Ctenophora	intersection	5	2	MF	4	4	8	7	7	GO:0004775	381.6666666666667	2	3	5.4910835729014144e-05
Insecta	closeness	20	20	MF	37	40	18	7	7	GO:0019706	23.20945945945946	3	8	0.0018524117636358325
Neoptera	closeness	20	20	MF	37	40	18	7	7	GO:0019706	23.20945945945946	3	8	0.0018524117636358325
Ctenophora	closeness	500	500	MF	654	662	364	6	7	GO:0005524	1.4985685071574644	96	225	0.000399438352446906
Echinodermata	closeness	10	10	BP	19	20	7	6	7	GO:0032790	42.407407407407405	2	6	0.006016098588686664
Insecta	closeness	5	5	CC	7	10	12	6	7	GO:7770015	327.1428571428571	2	2	9.614999399064911e-05
Neoptera	closeness	5	5	CC	7	10	12	6	7	GO:7770015	327.1428571428571	2	2	9.614999399064911e-05
Porifera	closeness	10	10	CC	20	20	15	6	7	GO:0005743	6.361111111111111	5	90	0.01112171350867073
Vertebrata	intersection	20	10	BP	20	20	7	6	7	GO:0006264	76.33333333333334	2	3	0.0015143904210872282
Bivalvia	intersection	10	6	CC	12	12	11	5	7	GO:0097228	30.533333333333335	2	15	0.009619106188178437
Diptera	stability	1000	1000	MF	761	771	395	5	7	GO:0005524	1.3543551456594936	101	225	0.019194976725907965
Diptera	closeness	2000	2000	all	1177	1189	2704	5	7	GO:0005829	1.1185570133532194	524	913	0.003423241156830724
Protostomia	closeness	10	10	BP	18	20	7	4	7	GO:0006649	127.22222222222221	2	2	0.00020431873723004046
Vertebrata	closeness	5	5	all	10	10	18	4	7	GO:0042555	65.42857142857143	2	7	0.0032074143376665813
Vertebrata	intersection	10	4	all	8	8	16	4	7	GO:0042555	81.78571428571429	2	7	0.0017791624556088236
Bivalvia	closeness	10	10	CC	20	20	18	3	7	GO:0019005	19.57264957264957	2	13	0.03461305924131914
Ctenophora	stability	500	500	all	643	651	1451	3	7	GO:0005524	1.492529034494713	94	225	0.002802620307898926
Echinodermata	intersection	100	82	CC	151	153	92	3	7	GO:0005739	2.0371533228676086	34	260	0.001840445215454542
Insecta	closeness	20	20	CC	37	40	31	3	7	GO:0160258	46.41891891891892	3	4	0.0004766362693959025
Protostomia	stability	914	914	CC	780	794	397	3	7	GO:0070062	1.3438474234366404	128	280	0.0024829952102944667
Protostomia	closeness	914	914	CC	780	794	397	3	7	GO:0070062	1.3438474234366404	128	280	0.0024829952102944667
Protostomia	intersection	914	914	CC	780	794	397	3	7	GO:0070062	1.3438474234366404	128	280	0.0024829952102944667
Scaphopoda	stability	100	100	CC	189	192	110	3	7	GO:0160112	8.120567375886523	6	9	0.00212518206477292
Spiralia	stability	20	20	CC	35	36	26	3	7	GO:0033116	9.346938775510205	3	21	0.039372598712184216
Spiralia	intersection	20	10	BP	19	20	11	3	7	GO:0007283	6.128456735057984	3	59	0.04304522680300793
Annelida	closeness	50	50	BP	97	100	61	2	7	GO:0002115	17.70618556701031	3	4	0.01744297967847051
Bilateria	intersection	10	6	all	11	11	18	2	7	GO:0070840	69.39393939393939	2	6	0.0056067819189391365
Cnidaria	closeness	5	5	all	9	9	11	2	7	GO:0010498	20.355555555555554	2	25	0.031035024388061307
Diptera	closeness	1000	1000	MF	851	859	450	2	7	GO:0003676	1.5222334954343493	57	101	0.018391975375272818
Gastropoda	intersection	20	14	all	28	28	43	2	7	GO:0005930	5.43684710351377	5	78	0.038841373872651574
Coleoidea	stability	5	5	CC	10	10	15	1	7	GO:0005768	10.734375	3	64	0.03258423923057852
Coleoidea	closeness	10	10	CC	20	20	19	1	7	GO:0005871	32.714285714285715	2	7	0.028175007555299184
Decapodiformes	closeness	20	20	MF	39	39	20	1	7	GO:0008574	58.717948717948715	2	2	0.0056545353608771585
Diptera	intersection	2000	837	MF	698	705	379	1	7	GO:0004672	1.6427546628407461	41	82	0.04744888731896147
Gastropoda	stability	20	20	CC	38	39	35	1	7	GO:0005840	7.196731615336266	5	43	0.017988208223107042
Mollusca	stability	10	10	CC	20	20	24	1	7	GO:0071339	40.175438596491226	2	6	0.023026338636870734
Protostomia	stability	914	914	MF	780	794	420	1	7	GO:0140297	1.9068105332546925	24	37	0.04611523541493624
Protostomia	closeness	914	914	MF	780	794	420	1	7	GO:0140297	1.9068105332546925	24	37	0.04611523541493624
Protostomia	intersection	914	914	MF	780	794	420	1	7	GO:0140297	1.9068105332546925	24	37	0.04611523541493624
Scaphopoda	intersection	50	9	all	17	18	22	1	7	GO:0015030	29.934640522875817	2	9	0.0398570958192481
Scaphopoda	intersection	1000	315	BP	498	505	617	1	7	GO:0006338	2.1090314913844326	31	68	0.004039260308350104
Annelida	closeness	50	50	CC	97	100	63	0	7	GO:0034451	5.132227700582698	5	23	0.07177318296182647
Annelida	intersection	100	67	MF	129	132	78	0	7	GO:0005078	8.9453125	3	6	0.08063169019859116
Bilateria	intersection	20	17	BP	32	32	16	0	7	GO:0007399	5.963541666666666	3	36	0.10356808852447784
Bivalvia	closeness	100	100	MF	180	180	96	0	7	GO:0140750	8.625235404896422	2	3	0.23204359554401494
Cnidaria	stability	20	20	MF	33	35	19	0	7	GO:0051087	7.435064935064935	3	28	0.08070669610112603
Cnidaria	closeness	20	20	CC	35	36	34	0	7	GO:0005905	9.346938775510205	3	21	0.12253148761502737
Cnidaria	intersection	50	28	MF	49	50	22	0	7	GO:0051087	5.00728862973761	3	28	0.18275026732070074
Coleoidea	stability	200	200	CC	304	306	189	0	7	GO:0022626	2.580697094099654	14	41	0.08661247110030067
Deuterostomia	closeness	20	20	MF	40	40	15	0	7	GO:0003682	3.1805555555555554	6	108	0.14862774784914995
Diptera	stability	100	100	CC	147	152	110	0	7	GO:0000151	3.035793194874061	6	31	0.19456889729353885
Diptera	intersection	2000	837	all	698	705	1742	0	7	GO:0005829	1.13355469615517	315	913	0.19489910387056744
Echinodermata	intersection	50	41	MF	78	79	39	0	7	GO:0043997	12.052631578947368	2	5	0.13243631792117497
Gastropoda	intersection	50	40	CC	74	74	53	0	7	GO:0022626	4.590711660541263	6	41	0.05405045136547518
Gastropoda	stability	100	100	MF	177	181	92	0	7	GO:0051082	3.46969696969697	8	30	0.12856620728588436
Gastropoda	intersection	100	95	MF	167	171	89	0	7	GO:0051082	3.6787148594377514	8	30	0.08438461756995155
Gastropoda	intersection	200	146	MF	254	258	132	0	7	GO:0016772	9.123505976095618	3	3	0.1719688208112552
Insecta	closeness	500	500	MF	582	592	336	0	7	GO:0016887	1.6013346120035163	35	86	0.24113136969960935
Mollusca	closeness	20	20	MF	40	40	19	0	7	GO:0003697	7.046153846153847	3	25	0.08964876677367181
Nematoda	intersection	200	66	CC	121	123	94	0	7	GO:0022626	3.23120338641403	7	41	0.09699437558792821
Porifera	closeness	100	100	CC	183	185	122	0	7	GO:0071682	12.513661202185792	2	2	0.12919621275853704
Protostomia	stability	20	20	CC	31	31	21	0	7	GO:0031594	11.364764267990074	2	13	0.08826896464710184
Ctenophora	intersection	10	4	BP	8	8	6	6	6	GO:1901289	190.83333333333334	2	3	9.598189959586014e-05
Decapodiformes	intersection	20	9	BP	18	18	6	5	6	GO:0006103	36.34920634920635	2	7	0.0026242835819211426
Insecta	closeness	10	10	BP	17	20	6	5	6	GO:0120009	50.51470588235294	3	8	0.00010378094589452449
Neoptera	closeness	10	10	BP	17	20	6	5	6	GO:0120009	50.51470588235294	3	8	0.00010378094589452449
Porifera	closeness	5	5	CC	10	10	12	5	6	GO:0005686	65.42857142857143	2	7	0.004276552450222109
Scaphopoda	closeness	10	10	BP	20	20	6	5	6	GO:0010977	28.625	2	8	0.011801045911452694
Cnidaria	stability	10	10	BP	16	17	6	4	6	GO:0006986	71.5625	2	4	0.0016348667246388446
Cnidaria	closeness	10	10	BP	16	17	6	4	6	GO:0006986	71.5625	2	4	0.0016348667246388446
Cnidaria	intersection	10	10	BP	16	17	6	4	6	GO:0006986	71.5625	2	4	0.0016348667246388446
Deuterostomia	closeness	10	10	BP	20	20	7	4	6	GO:0006264	76.33333333333334	2	3	0.0015143904210872282
Mollusca	stability	5	5	MF	10	10	6	4	6	GO:0003725	56.5432098765432	2	9	0.002924803631423489
Mollusca	closeness	10	10	BP	20	20	6	4	6	GO:1903358	48.21052631578947	2	5	0.0019284051800167997
Porifera	stability	10	10	CC	20	20	17	4	6	GO:0005686	32.714285714285715	2	7	0.025209217286320324
Protostomia	closeness	5	5	BP	10	10	6	4	6	GO:0006649	229.0	2	2	5.150892535206932e-05
Vertebrata	stability	5	5	all	10	10	16	4	6	GO:0042555	65.42857142857143	2	7	0.002851034966814739
Cnidaria	intersection	50	28	CC	49	50	51	3	6	GO:0005829	1.5356416389118628	30	913	0.031359192079031956
Ctenophora	closeness	200	200	BP	327	332	399	3	6	GO:0042274	3.523076923076923	11	22	0.013555049327402811
Ctenophora	stability	500	500	MF	643	651	337	3	6	GO:0005524	1.492529034494713	94	225	0.0006509187069344852
Diptera	stability	10	10	MF	18	20	10	3	6	GO:0031490	14.967320261437909	2	17	0.0367898354598302
Porifera	stability	10	10	BP	20	20	6	3	6	GO:0048255	20.818181818181817	2	11	0.011409327820864715
Porifera	intersection	20	14	CC	28	28	21	3	6	GO:0016607	4.5436507936507935	5	90	0.0422718519633298
Scaphopoda	stability	5	5	all	9	10	15	3	6	GO:0007098	33.925925925925924	2	15	0.010533427667944446
Scaphopoda	closeness	20	20	CC	40	40	22	3	6	GO:0005930	5.137820512820513	7	78	0.004244921143167987
Bivalvia	intersection	20	16	BP	32	32	12	2	6	GO:0002115	38.166666666666664	2	4	0.011755944440350918
Bivalvia	stability	200	200	CC	282	285	167	2	6	GO:0016592	5.926501035196687	5	7	0.035082643460678756
Insecta	stability	1466	1466	CC	1073	1088	487	2	6	GO:0005829	1.1347799610926748	485	913	0.0002520286763787383
Insecta	closeness	1466	1466	CC	1073	1088	487	2	6	GO:0005829	1.1347799610926748	485	913	0.0002520286763787383
Insecta	intersection	1466	1466	CC	1073	1088	487	2	6	GO:0005829	1.1347799610926748	485	913	0.0002520286763787383
Nematoda	closeness	500	500	all	563	570	1460	2	6	GO:0005524	1.6269982238010658	90	225	7.359116070413885e-05
Nematoda	intersection	2000	738	MF	651	659	398	2	6	GO:0005524	1.516504522956136	97	225	0.00019353131393062823
Spiralia	intersection	100	33	MF	52	53	29	2	6	GO:0035091	7.184313725490196	4	25	0.04112415014917052
Bilateria	closeness	10	10	all	19	19	26	1	6	GO:0070840	40.175438596491226	2	6	0.024945200189943294
Decapodiformes	stability	5	5	CC	10	10	13	1	6	GO:0032588	21.203703703703702	2	24	0.0471174497351458
Deuterostomia	stability	20	20	MF	36	36	24	1	6	GO:0000287	7.067901234567901	5	45	0.013421002546026503
Diptera	closeness	50	50	MF	82	85	53	1	6	GO:0019992	16.75609756097561	3	5	0.022281502947017563
Protostomia	stability	500	500	CC	567	578	334	1	6	GO:0070062	1.3727284199899041	95	280	0.04568212076567818
Protostomia	stability	914	914	BP	780	794	1133	1	6	GO:0043161	1.711149004655797	39	67	0.037716827177492245
Protostomia	closeness	914	914	BP	780	794	1133	1	6	GO:0043161	1.711149004655797	39	67	0.037716827177492245
Protostomia	intersection	914	914	BP	780	794	1133	1	6	GO:0043161	1.711149004655797	39	67	0.037716827177492245
Vertebrata	closeness	10	10	CC	20	20	21	1	6	GO:0042555	32.714285714285715	2	7	0.031140797824278046
Bilateria	intersection	20	17	all	32	32	64	0	6	GO:0070840	23.854166666666668	2	6	0.16938767141760036
Coleoidea	stability	5	5	MF	10	10	6	0	6	GO:0019899	7.26984126984127	2	63	0.08723839766531097
Coleoidea	closeness	1000	1000	CC	1088	1103	460	0	6	GO:0005829	1.0954621811345104	473	913	0.11501885593750968
Echinodermata	closeness	20	20	CC	38	39	28	0	6	GO:0045171	25.444444444444443	2	5	0.06532623925858706
Echinodermata	stability	50	50	MF	95	97	50	0	6	GO:0043024	12.311827956989248	2	4	0.12551783868438307
Insecta	closeness	500	500	CC	582	592	343	0	6	GO:0005654	1.1459766204696613	203	697	0.2461072693759548
Insecta	stability	1466	1466	BP	1073	1088	1506	0	6	GO:0006355	1.3331135675008416	83	133	0.07164231746359223
Insecta	closeness	1466	1466	BP	1073	1088	1506	0	6	GO:0006355	1.3331135675008416	83	133	0.07164231746359223
Insecta	intersection	1466	1466	BP	1073	1088	1506	0	6	GO:0006355	1.3331135675008416	83	133	0.07164231746359223
Mollusca	intersection	20	18	MF	36	36	16	0	6	GO:0003725	14.53968253968254	2	9	0.0611173513199337
Neoptera	stability	1000	1000	BP	938	952	1294	0	6	GO:0006355	1.3965543527976825	76	133	0.0958991615917338
Neoptera	stability	1480	1480	BP	1079	1094	1500	0	6	GO:0006355	1.3416658529440484	84	133	0.067730812475018
Neoptera	closeness	1480	1480	BP	1079	1094	1500	0	6	GO:0006355	1.3416658529440484	84	133	0.067730812475018
Neoptera	intersection	1480	1480	BP	1079	1094	1500	0	6	GO:0006355	1.3416658529440484	84	133	0.067730812475018
Protostomia	closeness	500	500	BP	561	572	799	0	6	GO:0030833	4.089285714285714	5	5	0.17409140759904837
Spiralia	intersection	50	14	MF	27	28	15	0	6	GO:0003712	9.436813186813188	3	28	0.05291593342087933
Spiralia	intersection	500	176	MF	231	235	122	0	6	GO:0050699	7.633333333333334	3	4	0.1955049877807941
Vertebrata	closeness	20	20	MF	40	40	17	0	6	GO:0003676	2.8341584158415842	5	101	0.20509639777930797
Ctenophora	intersection	5	2	BP	4	4	5	5	5	GO:1901289	381.6666666666667	2	3	1.715963616531692e-05
Insecta	closeness	5	5	BP	7	10	5	5	5	GO:0006649	327.1428571428571	2	2	2.0031248748051896e-05
Insecta	stability	10	10	BP	16	18	6	5	5	GO:0007417	19.083333333333336	2	15	0.010378119504177283
Mollusca	intersection	10	8	BP	16	16	5	5	5	GO:1903358	61.06666666666667	2	5	0.000990225777630681
Nematoda	stability	1000	1000	MF	708	719	427	5	5	GO:0005524	1.5812931575643443	110	225	9.172066811035578e-07
Neoptera	closeness	5	5	BP	7	10	5	5	5	GO:0006649	327.1428571428571	2	2	2.0031248748051896e-05
Porifera	intersection	10	8	CC	16	16	14	5	5	GO:0016607	6.361111111111111	4	90	0.013185997812707758
Bivalvia	closeness	5	5	all	10	10	11	4	5	GO:0003341	25.444444444444443	2	20	0.027671152911992694
Bivalvia	closeness	10	10	BP	20	20	5	4	5	GO:0031647	11.565656565656564	2	22	0.030711888323635552
Decapodiformes	closeness	20	20	BP	39	39	12	4	5	GO:0000398	5.728580362726705	4	41	0.022498728894605677
Gastropoda	stability	5	5	all	10	10	10	4	5	GO:0003341	22.900000000000002	2	20	0.019196295016100363
Gastropoda	closeness	5	5	all	10	10	9	4	5	GO:0003341	22.900000000000002	2	20	0.017276665514490325
Gastropoda	intersection	5	4	all	8	8	9	4	5	GO:0003341	28.625	2	20	0.008850784433587658
Porifera	intersection	10	8	BP	16	16	5	4	5	GO:0048255	26.02272727272727	2	11	0.012136617145786906
Spiralia	stability	10	10	MF	19	20	7	4	5	GO:0003712	12.913533834586465	3	28	0.0089704837847665
Coleoidea	closeness	5	5	MF	10	10	7	3	5	GO:0008574	229.0	2	2	0.00012018749248816175
Ctenophora	intersection	1000	371	MF	532	539	300	3	5	GO:0003723	1.3765236266488563	108	339	0.012258070233254668
Deuterostomia	intersection	20	11	BP	22	22	6	3	5	GO:0006264	69.39393939393939	2	3	0.0015772297091169157
Echinodermata	intersection	10	6	all	11	12	12	3	5	GO:0043024	114.5	2	4	0.00123045758704353
Echinodermata	intersection	20	12	BP	23	24	6	3	5	GO:0032790	36.34920634920635	2	6	0.007052968229534101
Gastropoda	intersection	10	6	all	12	12	11	3	5	GO:0005930	9.786324786324785	4	78	0.005512400199186896
Gastropoda	stability	20	20	MF	38	39	13	3	5	GO:1990948	41.26126126126126	2	3	0.0098092504827017
Porifera	intersection	20	14	BP	28	28	7	3	5	GO:0048255	14.870129870129869	2	11	0.02593123397222521
Protostomia	intersection	50	13	BP	21	21	7	3	5	GO:0045892	5.4523809523809526	4	80	0.022685824615190708
Bilateria	stability	10	10	MF	19	19	10	2	5	GO:0070840	40.175438596491226	2	6	0.009594307765362806
Bivalvia	stability	5	5	CC	10	10	11	2	5	GO:0031514	16.24113475177305	3	47	0.006870523433433165
Coleoidea	closeness	10	10	MF	20	20	10	2	5	GO:0008574	114.5	2	2	0.0007249404308824084
Decapodiformes	closeness	10	10	BP	20	20	7	2	5	GO:0006103	32.714285714285715	2	7	0.010380265941426015
Diptera	stability	500	500	MF	490	497	274	2	5	GO:0004672	1.827522569704225	32	82	0.021708029282270613
Neoptera	stability	1480	1480	MF	1079	1094	543	2	5	GO:0005524	1.265141207998351	134	225	0.028294790135087858
Neoptera	closeness	1480	1480	MF	1079	1094	543	2	5	GO:0005524	1.265141207998351	134	225	0.028294790135087858
Neoptera	intersection	1480	1480	MF	1079	1094	543	2	5	GO:0005524	1.265141207998351	134	225	0.028294790135087858
Porifera	stability	5	5	all	10	10	11	2	5	GO:0048255	41.63636363636363	2	11	0.010171702162037107
Porifera	closeness	10	10	MF	20	20	8	2	5	GO:0005313	114.5	2	2	0.00028997617235296334
Porifera	closeness	50	50	MF	94	95	40	2	5	GO:0005313	24.361702127659573	2	2	0.03335489077247461
Protostomia	stability	10	10	BP	17	17	5	2	5	GO:0036211	26.941176470588236	2	10	0.011273627676905965
Protostomia	closeness	10	10	CC	18	20	17	2	5	GO:7770015	127.22222222222221	2	2	0.0009924052951173394
Spiralia	closeness	10	10	BP	20	20	7	2	5	GO:0000045	16.357142857142858	2	14	0.021679913107946695
Bilateria	closeness	5	5	all	9	9	9	1	5	GO:0015631	33.925925925925924	2	15	0.012640113201533335
Bivalvia	intersection	20	16	CC	32	32	29	1	5	GO:0033017	30.533333333333335	2	5	0.046964566967223856
Decapodiformes	intersection	50	27	MF	52	53	24	1	5	GO:0008574	44.03846153846154	2	2	0.012142370669658169
Decapodiformes	closeness	500	500	MF	715	724	370	1	5	GO:0003723	1.3187746511550826	139	339	0.006678800731484293
Diptera	intersection	50	12	MF	20	22	9	1	5	GO:0019992	45.800000000000004	2	5	0.006422377476582027
Insecta	intersection	100	30	MF	52	56	30	1	5	GO:0042393	5.5048076923076925	6	48	0.018127838474187828
Protostomia	stability	500	500	MF	567	578	332	1	5	GO:0031490	2.8559551028892125	12	17	0.027523063607157987
Spiralia	stability	10	10	CC	19	20	13	1	5	GO:0016592	34.43609022556391	2	7	0.017375248814033125
Annelida	stability	20	20	all	39	40	65	0	5	GO:0006986	29.358974358974358	2	4	0.10789999851035732
Bilateria	stability	20	20	MF	35	35	23	0	5	GO:0070840	21.80952380952381	2	6	0.07535686744891405
Bivalvia	intersection	20	16	MF	32	32	12	0	5	GO:0003725	16.962962962962962	2	9	0.06771278048311412
Cnidaria	closeness	50	50	MF	88	89	44	0	5	GO:0000978	2.5299873737373737	7	72	0.22873157943681802
Cnidaria	stability	200	200	CC	288	294	197	0	5	GO:0005930	1.9504213734982967	19	78	0.1622191477693609
Cnidaria	stability	500	500	CC	562	573	312	0	5	GO:0005930	1.5784394816652882	30	78	0.225538492394658
Coleoidea	intersection	100	45	MF	84	84	43	0	5	GO:0008574	27.26190476190476	2	2	0.05719322142549307
Ctenophora	intersection	1000	371	CC	532	539	323	0	5	GO:0022626	2.1076852277956744	20	41	0.08288892410499636
Decapodiformes	stability	10	10	BP	20	20	5	0	5	GO:0006886	5.021929824561403	3	72	0.05028934674210318
Decapodiformes	closeness	50	50	CC	97	98	73	0	5	GO:0034515	11.804123711340207	3	6	0.09805293981157319
Deuterostomia	intersection	20	11	MF	22	22	10	0	5	GO:0000287	6.939393939393939	3	45	0.08412079178947367
Deuterostomia	intersection	500	245	CC	382	384	241	0	5	GO:1990246	6.026315789473685	3	3	0.21878842883041805
Diptera	intersection	2000	837	CC	698	705	369	0	5	GO:0005829	1.13355469615517	315	913	0.11720428794380623
Echinodermata	stability	500	500	CC	568	574	305	0	5	GO:0035869	2.716488730723606	8	12	0.15318200079556848
Gastropoda	stability	10	10	BP	19	20	5	0	5	GO:0003341	12.722222222222221	2	20	0.050993721450803275
Insecta	stability	500	500	all	558	568	1436	0	5	GO:0005759	1.7957448564766092	38	87	0.06050173561490899
Insecta	stability	500	500	MF	558	568	311	0	5	GO:0016887	1.721013736378439	36	86	0.060824602903939005
Mollusca	stability	5	5	CC	10	10	12	0	5	GO:0070062	3.634920634920635	4	280	0.10022742911137064
Mollusca	stability	50	50	MF	91	93	57	0	5	GO:0003712	3.7175324675324677	4	28	0.23463778382752895
Mollusca	closeness	50	50	CC	94	94	75	0	5	GO:0032585	12.445652173913043	2	4	0.22719204530147388
Mollusca	stability	2000	2000	CC	1256	1277	506	0	5	GO:0012507	1.8364073777064958	15	15	0.053439113374736044
Neoptera	intersection	100	29	MF	50	54	26	0	5	GO:0031490	8.08235294117647	3	17	0.0698106335189082
Neoptera	stability	500	500	all	560	570	1418	0	5	GO:0005759	1.7422326403882138	37	87	0.16428823169238171
Porifera	stability	20	20	BP	39	39	10	0	5	GO:0048255	10.675990675990676	2	11	0.08755998332846204
Protostomia	intersection	50	13	all	21	21	28	0	5	GO:0045892	5.4523809523809526	4	80	0.09074329846076283
Spiralia	intersection	5	4	all	8	8	13	0	5	GO:0031966	15.902777777777777	2	36	0.06936966964671484
Spiralia	intersection	10	6	all	12	12	15	0	5	GO:0003713	7.842465753424658	3	73	0.0834017190837982
Vertebrata	intersection	500	254	BP	392	394	491	0	5	GO:0006488	5.871794871794872	5	5	0.06885666907096671
Vertebrata	stability	1373	1373	CC	1190	1199	494	0	5	GO:0016020	1.108350954323047	347	604	0.16976838346476758
Vertebrata	closeness	1373	1373	CC	1190	1199	494	0	5	GO:0016020	1.108350954323047	347	604	0.16976838346476758
Vertebrata	intersection	1373	1373	CC	1190	1199	494	0	5	GO:0016020	1.108350954323047	347	604	0.16976838346476758
Bivalvia	stability	10	10	MF	20	20	7	4	4	GO:0005524	2.8271604938271606	5	225	0.045157348046871534
Insecta	closeness	5	5	MF	7	10	5	4	4	GO:0004198	163.57142857142856	2	4	0.00011983752551949237
Insecta	stability	1466	1466	MF	1073	1088	546	4	4	GO:0005524	1.300704809286899	137	225	0.0031208479675177876
Insecta	closeness	1466	1466	MF	1073	1088	546	4	4	GO:0005524	1.300704809286899	137	225	0.0031208479675177876
Insecta	intersection	1466	1466	MF	1073	1088	546	4	4	GO:0005524	1.300704809286899	137	225	0.0031208479675177876
Neoptera	closeness	5	5	MF	7	10	5	4	4	GO:0004198	163.57142857142856	2	4	0.00011983752551949237
Porifera	closeness	50	50	CC	94	95	63	4	4	GO:0005743	2.9775413711583925	11	90	0.03059259060806165
Vertebrata	stability	10	10	BP	20	20	4	4	4	GO:0006261	32.714285714285715	2	7	0.005031118711275785
Cnidaria	stability	10	10	MF	16	17	8	3	4	GO:0051087	15.334821428571429	3	28	0.006598056741585993
Cnidaria	closeness	10	10	MF	16	17	8	3	4	GO:0051087	15.334821428571429	3	28	0.006598056741585993
Cnidaria	intersection	10	10	MF	16	17	8	3	4	GO:0051087	15.334821428571429	3	28	0.006598056741585993
Coleoidea	stability	10	10	BP	19	20	5	3	4	GO:0034498	40.175438596491226	2	6	0.004797153882681403
Deuterostomia	closeness	5	5	all	10	10	16	3	4	GO:0016020	2.6539735099337745	7	604	0.028139060086494097
Echinodermata	intersection	20	12	MF	23	24	7	3	4	GO:0043024	54.52380952380952	2	4	0.0033280988397312926
Neoptera	closeness	20	20	CC	37	40	31	3	4	GO:0160258	46.41891891891892	3	4	0.0004766362693959025
Porifera	stability	50	50	MF	95	96	47	3	4	GO:0005313	24.105263157894736	2	2	0.026689890196980575
Protostomia	closeness	5	5	MF	10	10	6	3	4	GO:0160270	152.66666666666669	2	3	0.0003083331475628357
Bilateria	closeness	10	10	MF	19	19	8	2	4	GO:0070840	40.175438596491226	2	6	0.007675446212290244
Coleoidea	stability	5	5	BP	10	10	4	2	4	GO:0072344	28.625	2	16	0.003988228292199953
Coleoidea	closeness	20	20	MF	40	40	15	2	4	GO:0008574	57.25	2	2	0.004464106863850188
Diptera	intersection	50	12	all	20	22	29	2	4	GO:0019992	45.800000000000004	2	5	0.020694327424542087
Diptera	intersection	50	12	BP	20	22	7	2	4	GO:0009615	25.444444444444446	2	9	0.01760891548946525
Diptera	stability	1000	1000	CC	761	771	401	2	4	GO:0045202	1.6110876600534685	55	103	0.00464521744477649
Echinodermata	stability	10	10	BP	18	20	4	2	4	GO:0032790	47.708333333333336	2	6	0.0027026033615301505
Echinodermata	stability	20	20	MF	38	40	11	2	4	GO:0043024	31.805555555555554	2	4	0.015552113370480888
Neoptera	stability	1480	1480	CC	1079	1094	484	2	4	GO:0070062	1.2897561622051419	170	280	0.0001731096170325844
Neoptera	closeness	1480	1480	CC	1079	1094	484	2	4	GO:0070062	1.2897561622051419	170	280	0.0001731096170325844
Neoptera	intersection	1480	1480	CC	1079	1094	484	2	4	GO:0070062	1.2897561622051419	170	280	0.0001731096170325844
Porifera	stability	2000	2000	MF	1264	1276	585	2	4	GO:0005524	1.244938663842556	154	225	0.005974575437778353
Spiralia	closeness	5	5	BP	10	10	4	2	4	GO:0006357	4.942446043165468	3	139	0.038316814391494196
Annelida	closeness	20	20	BP	39	40	18	1	4	GO:0006986	29.358974358974358	2	4	0.029879999587483566
Ctenophora	stability	2870	2870	BP	1167	1182	1468	1	4	GO:0000398	1.6300638542866117	34	41	0.02567295781884657
Ctenophora	closeness	2870	2870	BP	1167	1182	1468	1	4	GO:0000398	1.6300638542866117	34	41	0.02567295781884657
Ctenophora	intersection	2870	2870	BP	1167	1182	1468	1	4	GO:0000398	1.6300638542866117	34	41	0.02567295781884657
Decapodiformes	closeness	10	10	CC	20	20	16	1	4	GO:0005871	32.714285714285715	2	7	0.023726322151830893
Deuterostomia	stability	1000	1000	CC	990	998	451	1	4	GO:0032991	1.410843161415244	84	138	0.005352729171306749
Diptera	intersection	20	8	all	14	16	19	1	4	GO:0009615	36.34920634920635	2	9	0.023174032057791234
Diptera	intersection	20	8	BP	14	16	4	1	4	GO:0009615	36.34920634920635	2	9	0.004878743591113944
Insecta	intersection	50	8	MF	14	16	7	1	4	GO:0003724	32.714285714285715	2	10	0.010634965699480579
Insecta	stability	1000	1000	CC	930	943	457	1	4	GO:0070062	1.276526218668307	145	280	0.015509777030826068
Scaphopoda	intersection	1000	315	all	498	505	1143	1	4	GO:0006338	2.1090314913844326	31	68	0.00748277882081713
Annelida	stability	100	100	MF	181	185	102	0	4	GO:0005078	6.396648044692737	3	6	0.20078099158086404
Annelida	intersection	100	67	CC	129	132	92	0	4	GO:0034451	3.889266304347826	5	23	0.2061280412630372
Annelida	intersection	200	93	MF	176	179	94	0	4	GO:0005078	6.542857142857144	3	6	0.17355411196860643
Annelida	intersection	500	189	CC	310	315	203	0	4	GO:0034451	2.899957788096243	9	23	0.19807415776430037
Bilateria	stability	5	5	all	10	10	16	0	4	GO:0008284	9.74468085106383	2	47	0.17879750268420125
Bilateria	stability	5	5	BP	10	10	4	0	4	GO:0008284	9.74468085106383	2	47	0.06683563964094794
Bilateria	intersection	20	17	MF	32	32	22	0	4	GO:0070840	23.854166666666668	2	6	0.06029903148692236
Bivalvia	stability	5	5	MF	10	10	5	0	4	GO:0005524	3.392592592592593	3	225	0.06289079765304322
Cnidaria	closeness	5	5	CC	9	9	6	0	4	GO:0005829	1.6721431179262505	6	913	0.19153295348460356
Cnidaria	stability	50	50	MF	87	89	51	0	4	GO:0030742	9.870689655172413	3	8	0.070992919784117
Coleoidea	stability	10	10	CC	19	20	20	0	4	GO:0005768	5.649671052631579	3	64	0.20832309216168943
Coleoidea	stability	2000	2000	CC	1275	1293	511	0	4	GO:0000781	1.4413847364280095	32	40	0.17016074568072395
Decapodiformes	stability	10	10	all	20	20	28	0	4	GO:0032588	10.043859649122806	2	24	0.18774689450385187
Decapodiformes	stability	20	20	MF	40	40	24	0	4	GO:0003723	1.9053021707888964	11	339	0.20199891921678048
Decapodiformes	intersection	500	417	MF	610	617	311	0	4	GO:0003723	1.2798083324828817	115	339	0.06560763110150328
Deuterostomia	closeness	10	10	MF	20	20	8	0	4	GO:0003723	2.3643067846607666	7	339	0.08002929803184158
Deuterostomia	intersection	10	4	all	8	8	13	0	4	GO:0005739	4.403846153846154	4	260	0.054312111823737054
Deuterostomia	stability	1398	1398	CC	1209	1218	498	0	4	GO:0016020	1.1003206923440194	350	604	0.20071778996030812
Deuterostomia	closeness	1398	1398	CC	1209	1218	498	0	4	GO:0016020	1.1003206923440194	350	604	0.20071778996030812
Deuterostomia	intersection	1398	1398	CC	1209	1218	498	0	4	GO:0016020	1.1003206923440194	350	604	0.20071778996030812
Gastropoda	closeness	10	10	CC	19	19	17	0	4	GO:0005930	6.180836707152497	4	78	0.05560463351888485
Gastropoda	closeness	20	20	MF	39	39	16	0	4	GO:0044183	7.532894736842104	2	16	0.12403849639817108
Insecta	intersection	500	348	all	437	446	1152	0	4	GO:0005759	1.8069912412214943	30	87	0.21092561058845863
Insecta	intersection	1000	699	MF	745	756	400	0	4	GO:0016887	1.5031882970742685	42	86	0.1744118827698903
Mollusca	intersection	100	39	CC	72	74	58	0	4	GO:0019005	7.549450549450549	3	13	0.18210091179503446
Nematoda	intersection	2000	738	BP	651	659	928	0	4	GO:0006631	2.814132104454685	8	10	0.24286595627925567
Neoptera	intersection	500	348	all	442	452	1142	0	4	GO:0016887	1.927812269809534	32	86	0.06720685033251858
Neoptera	closeness	1000	1000	all	894	907	2144	0	4	GO:0006511	1.5838877544298795	42	68	0.2086337473084452
Protostomia	stability	5	5	all	8	8	11	0	4	GO:0005743	6.361111111111111	2	90	0.19257218721345948
Protostomia	stability	10	10	all	17	17	24	0	4	GO:0036211	26.941176470588236	2	10	0.054113412849148626
Protostomia	stability	50	50	MF	77	78	46	0	4	GO:0016614	19.82683982683983	2	3	0.0737062314941268
Protostomia	intersection	100	31	MF	49	51	23	0	4	GO:0042803	2.6962323390894816	6	104	0.1824847957714737
Protostomia	intersection	500	300	CC	373	381	236	0	4	GO:0016604	1.8780754510661564	18	59	0.2461511146728598
Scaphopoda	closeness	5	5	MF	10	10	4	0	4	GO:0019904	10.651162790697674	2	43	0.05635455597150358
Scaphopoda	stability	100	100	MF	189	192	85	0	4	GO:0120013	7.308510638297872	3	5	0.14252042710429533
Scaphopoda	intersection	1000	315	CC	498	505	278	0	4	GO:0005654	1.214642841615582	183	697	0.07057601687479027
Spiralia	stability	5	5	all	9	10	14	0	4	GO:0031966	14.1358024691358	2	36	0.09480112573949151
Spiralia	intersection	10	6	BP	12	12	4	0	4	GO:0006357	4.118705035971224	3	139	0.06425089468717327
Spiralia	closeness	20	20	MF	39	40	17	0	4	GO:0003713	3.302090843547224	4	73	0.13250444729174585
Spiralia	intersection	20	10	MF	19	20	5	0	4	GO:0003712	8.609022556390977	2	28	0.054215178810816105
Spiralia	intersection	200	66	MF	91	92	48	0	4	GO:0019992	10.177777777777779	2	5	0.17981883095306406
Spiralia	intersection	200	66	CC	91	92	72	0	4	GO:0070971	8.481481481481483	4	12	0.06245356678898193
Vertebrata	closeness	10	10	MF	20	20	8	0	4	GO:0003676	3.400990099009901	3	101	0.12591897780145872
Bilateria	intersection	10	6	MF	11	11	5	3	3	GO:0070840	69.39393939393939	2	6	0.001557439421927538
Bivalvia	intersection	5	3	all	6	6	6	3	3	GO:0003341	45.800000000000004	2	20	0.004281584984381752
Ctenophora	stability	2000	2000	BP	1112	1126	1418	3	3	GO:0000398	1.6101955614150738	32	41	0.04263681508629954
Decapodiformes	stability	5	5	BP	10	10	3	3	3	GO:0006357	5.491606714628297	3	139	0.02103854540001262
Deuterostomia	intersection	10	4	CC	8	8	9	3	3	GO:0005739	4.403846153846154	4	260	0.03760069280104873
Deuterostomia	stability	20	20	CC	36	36	26	3	3	GO:0000785	3.3479532163742687	8	152	0.02146677980800928
Porifera	stability	5	5	BP	10	10	3	3	3	GO:0048255	41.63636363636363	2	11	0.0027741005896464834
Porifera	stability	50	50	CC	95	96	61	3	3	GO:0005743	2.9461988304093567	11	90	0.03464007025565564
Vertebrata	stability	5	5	BP	10	10	3	3	3	GO:0006261	65.42857142857143	2	7	0.0009121359830249916
Vertebrata	closeness	5	5	BP	10	10	3	3	3	GO:0006261	65.42857142857143	2	7	0.0009121359830249916
Vertebrata	intersection	5	3	BP	6	6	3	3	3	GO:0006261	109.04761904761904	2	7	0.0003065395693789085
Vertebrata	intersection	10	4	BP	8	8	3	3	3	GO:0006261	81.78571428571429	2	7	0.0005698746471454977
Bivalvia	stability	10	10	BP	20	20	6	2	3	GO:0044458	36.34920634920635	2	7	0.007185696836419256
Coleoidea	closeness	10	10	BP	20	20	3	2	3	GO:0016226	20.818181818181817	2	11	0.011409327820864715
Coleoidea	intersection	500	294	BP	452	458	493	2	3	GO:0006412	2.1280808080808082	23	55	0.03367299874741439
Echinodermata	stability	10	10	MF	18	20	6	2	3	GO:0043024	71.5625	2	4	0.0016348667246388446
Echinodermata	intersection	500	200	CC	319	321	174	2	3	GO:0005759	2.09568782487737	25	87	0.024632399932044587
Gastropoda	intersection	5	4	CC	8	8	6	2	3	GO:0005930	11.009615384615385	3	78	0.01129462944950194
Gastropoda	intersection	10	6	CC	12	12	8	2	3	GO:0005930	9.786324786324785	4	78	0.004009018326681379
Neoptera	stability	1000	1000	CC	938	952	453	2	3	GO:0070062	1.283084311632871	147	280	0.008926808091958432
Porifera	intersection	50	41	MF	78	78	37	2	3	GO:0005313	29.358974358974358	2	2	0.02119706742517981
Porifera	closeness	2000	2000	MF	1280	1291	589	2	3	GO:0005524	1.2143031571603002	152	225	0.02465560206799717
Porifera	intersection	2000	1762	MF	1209	1218	559	2	3	GO:0003723	1.195057772028342	213	339	0.008918115794058878
Scaphopoda	stability	5	5	BP	9	10	3	2	3	GO:0007098	33.925925925925924	2	15	0.0021066855335888893
Scaphopoda	intersection	50	9	BP	17	18	3	2	3	GO:0006914	17.96078431372549	2	15	0.015441938812059519
Bilateria	stability	10	10	BP	19	19	5	1	3	GO:0016241	26.78362573099415	2	9	0.011343180444814034
Cnidaria	closeness	200	200	CC	301	304	201	1	3	GO:0005930	2.152991452991453	22	78	0.04942986971427052
Cnidaria	intersection	1000	393	CC	462	472	262	1	3	GO:0005930	1.9785395763656635	31	78	0.010219225324556028
Coleoidea	stability	6061	6061	MF	1801	1827	752	1	3	GO:0005524	1.1396843082636956	201	225	0.0041173070000075345
Coleoidea	closeness	6061	6061	MF	1801	1827	752	1	3	GO:0005524	1.1396843082636956	201	225	0.0041173070000075345
Coleoidea	intersection	6061	6061	MF	1801	1827	752	1	3	GO:0005524	1.1396843082636956	201	225	0.0041173070000075345
Ctenophora	closeness	2000	2000	BP	1106	1121	1411	1	3	GO:0006457	1.6401247050893157	34	43	0.040019167376454404
Decapodiformes	stability	2427	2427	CC	1604	1630	591	1	3	GO:0005829	1.0745009716505456	685	913	0.0032243236333708717
Decapodiformes	closeness	2427	2427	CC	1604	1630	591	1	3	GO:0005829	1.0745009716505456	685	913	0.0032243236333708717
Decapodiformes	intersection	2427	2427	CC	1604	1630	591	1	3	GO:0005829	1.0745009716505456	685	913	0.0032243236333708717
Deuterostomia	closeness	5	5	MF	10	10	3	1	3	GO:0043022	19.91304347826087	2	23	0.012408290681538493
Diptera	closeness	200	200	MF	273	279	165	1	3	GO:0030165	4.911151960784314	7	12	0.023860060862133582
Echinodermata	intersection	10	6	CC	11	12	8	1	3	GO:0005759	7.896551724137931	3	87	0.041904009004529716
Gastropoda	stability	5	5	CC	10	10	7	1	3	GO:0005930	8.807692307692308	3	78	0.02687481302254051
Gastropoda	closeness	5	5	CC	10	10	6	1	3	GO:0005930	8.807692307692308	3	78	0.023035554019320434
Insecta	stability	20	20	MF	33	35	25	1	3	GO:0001091	46.26262626262626	2	3	0.014972808130153675
Insecta	closeness	1000	1000	BP	895	908	1262	1	3	GO:0006511	1.6197854980918542	43	68	0.04599644500820192
Nematoda	stability	2000	2000	BP	932	946	1311	1	3	GO:0002181	2.047567954220315	25	30	0.002359143703179269
Neoptera	stability	20	20	MF	33	36	21	1	3	GO:0001091	46.26262626262626	2	3	0.012577158829329088
Porifera	stability	3714	3714	all	1480	1499	2956	1	3	GO:0005524	1.195353398204722	173	225	0.0416432619527544
Porifera	closeness	3714	3714	all	1480	1499	2956	1	3	GO:0005524	1.195353398204722	173	225	0.0416432619527544
Porifera	intersection	3714	3714	all	1480	1499	2956	1	3	GO:0005524	1.195353398204722	173	225	0.0416432619527544
Scaphopoda	closeness	5	5	all	10	10	9	1	3	GO:0000423	38.16666666666667	2	12	0.009963475828277245
Spiralia	stability	5	5	BP	9	10	3	1	3	GO:0008284	10.8274231678487	2	47	0.04062905388835351
Spiralia	intersection	5	4	BP	8	8	3	1	3	GO:0008284	12.180851063829786	2	47	0.03201677060617608
Vertebrata	stability	1000	1000	CC	992	1000	451	1	3	GO:0032991	1.4079929732103647	84	138	0.0058900592689450455
Vertebrata	intersection	1000	889	CC	944	952	438	1	3	GO:0032991	1.391658204867842	79	138	0.02661251258740604
Annelida	stability	10	10	BP	19	20	5	0	3	GO:0036503	8.035087719298245	2	30	0.12355804792781934
Annelida	closeness	10	10	all	20	20	27	0	3	GO:0044325	8.481481481481481	2	27	0.24512488595395934
Annelida	intersection	10	8	BP	16	16	3	0	3	GO:0036503	9.541666666666668	2	30	0.05330455946781697
Annelida	stability	20	20	MF	39	40	20	0	3	GO:0003725	13.048433048433047	2	9	0.07432904906200252
Bilateria	closeness	5	5	CC	9	9	6	0	3	GO:0048471	5.871794871794871	3	130	0.07000353572266196
Bilateria	closeness	10	10	BP	19	19	5	0	3	GO:0007399	6.695906432748537	2	36	0.1737431760805057
Bilateria	intersection	10	6	BP	11	11	3	0	3	GO:0006338	6.122994652406417	2	68	0.12060043969976385
Bilateria	intersection	10	6	CC	11	11	10	0	3	GO:0048471	4.804195804195804	3	130	0.08397197647579539
Bivalvia	closeness	10	10	MF	20	20	6	0	3	GO:0019904	5.917312661498707	2	43	0.2438142733614222
Bivalvia	closeness	20	20	MF	40	40	22	0	3	GO:0003725	13.391812865497075	2	9	0.09868232336100112
Cnidaria	closeness	20	20	MF	35	36	17	0	3	GO:0051087	7.010204081632653	3	28	0.14024896286545702
Cnidaria	stability	100	100	MF	157	161	93	0	3	GO:0140318	14.679487179487179	2	2	0.1430002232053853
Cnidaria	closeness	200	200	MF	301	304	162	0	3	GO:0032453	7.633333333333334	3	3	0.2007448460610336
Cnidaria	intersection	2000	852	CC	807	820	378	0	3	GO:0005930	1.5046474358974358	41	78	0.22502846770010676
Coleoidea	intersection	50	26	CC	49	49	33	0	3	GO:0071013	5.841836734693877	3	24	0.20277564410475146
Coleoidea	stability	200	200	all	304	306	703	0	3	GO:0006412	2.473447344734473	18	55	0.09293473111282206
Coleoidea	intersection	200	91	CC	167	167	115	0	3	GO:0035861	3.9414802065404477	8	28	0.06565119569602146
Coleoidea	closeness	500	500	CC	690	699	348	0	3	GO:0005634	1.1208024290397136	324	965	0.20890552592570266
Coleoidea	closeness	1000	1000	all	1088	1103	2250	0	3	GO:0006413	1.762080640196984	25	30	0.10470940015810355
Ctenophora	closeness	1000	1000	BP	931	941	1190	0	3	GO:0006457	1.7197787067864918	30	43	0.10578377077552736
Ctenophora	intersection	2000	1458	BP	1037	1050	1332	0	3	GO:0002181	1.770048309178744	24	30	0.06348625613562402
Decapodiformes	stability	5	5	MF	10	10	5	0	3	GO:0019904	11.834625322997415	2	43	0.057030124315279526
Decapodiformes	closeness	20	20	CC	39	39	28	0	3	GO:0005871	16.776556776556777	2	7	0.15749110226223972
Decapodiformes	stability	50	50	MF	96	97	50	0	3	GO:0008574	24.105263157894736	2	2	0.08518050062866139
Deuterostomia	stability	500	500	CC	621	624	334	0	3	GO:0032991	1.5012526047154129	56	138	0.08526885656516112
Diptera	stability	500	500	all	490	497	1304	0	3	GO:0004672	1.827522569704225	32	82	0.10331120505139008
Diptera	intersection	1000	376	CC	410	416	257	0	3	GO:0005829	1.1774504106668953	192	913	0.12918246932272273
Echinodermata	stability	200	200	CC	313	318	165	0	3	GO:0045259	5.9480519480519485	4	5	0.1505176072654306
Echinodermata	intersection	200	112	MF	200	202	102	0	3	GO:0043997	7.010204081632653	3	5	0.24790673450593056
Gastropoda	closeness	100	100	all	176	180	398	0	3	GO:0051082	3.48952380952381	8	30	0.21993947770200553
Gastropoda	intersection	100	95	all	167	171	378	0	3	GO:0051082	3.6787148594377514	8	30	0.17867784476663215
Gastropoda	intersection	1000	409	CC	577	584	327	0	3	GO:0005783	1.3532945927312126	72	213	0.22597653000965265
Insecta	stability	1000	1000	BP	930	943	1314	0	3	GO:0006355	1.4085806550822697	76	133	0.0686557365526882
Insecta	closeness	1000	1000	MF	895	908	470	0	3	GO:0016887	1.4594714114770302	49	86	0.07121015955664944
Mollusca	intersection	10	8	CC	16	16	19	0	3	GO:0005829	1.8393574297188755	11	913	0.16895047541777125
Mollusca	intersection	50	31	CC	61	61	53	0	3	GO:0071339	12.937853107344633	2	6	0.16181898989737217
Neoptera	stability	200	200	MF	265	275	141	0	3	GO:0031490	3.55826859045505	7	17	0.1064509832118895
Neoptera	stability	500	500	BP	560	570	789	0	3	GO:0030833	4.096601073345259	5	5	0.22487700026550136
Neoptera	closeness	500	500	CC	587	598	341	0	3	GO:0005852	3.1209540034071552	8	10	0.16569783615635825
Porifera	stability	20	20	MF	39	39	12	0	3	GO:0030145	8.388278388278389	2	14	0.15835053190656395
Porifera	intersection	1000	655	MF	762	769	401	0	3	GO:0003723	1.217706877814004	137	339	0.2313159398957254
Porifera	closeness	2000	2000	all	1280	1291	2682	0	3	GO:0005829	1.0926680892257485	555	913	0.056888923424334034
Protostomia	stability	5	5	CC	8	8	9	0	3	GO:0005743	6.361111111111111	2	90	0.23633859339833663
Protostomia	intersection	200	109	CC	161	165	118	0	3	GO:0032154	5.1722190852625625	4	11	0.20672865292544032
Scaphopoda	intersection	50	9	MF	17	18	8	0	3	GO:0016301	13.470588235294118	2	20	0.07290480711080859
Scaphopoda	stability	200	200	CC	348	352	203	0	3	GO:0160112	4.42512077294686	6	9	0.1278689777275935
Vertebrata	intersection	5	3	MF	6	6	4	0	3	GO:0003682	7.0679012345679	2	108	0.11675703285690388
Vertebrata	intersection	50	26	CC	52	52	47	0	3	GO:0042555	12.582417582417584	2	7	0.17243830334623522
Vertebrata	closeness	1000	1000	CC	1033	1042	455	0	3	GO:0000139	1.314917555771096	74	125	0.1265742291254708
Annelida	stability	5	5	BP	9	10	2	2	2	GO:0006888	11.565656565656564	2	44	0.02384946135734984
Bivalvia	closeness	5	5	BP	10	10	2	2	2	GO:0003341	25.444444444444443	2	20	0.005031118711271399
Bivalvia	intersection	5	3	CC	6	6	4	2	2	GO:0031514	19.48936170212766	2	47	0.015858470769702263
Cnidaria	closeness	5	5	BP	9	9	2	2	2	GO:0010498	20.355555555555554	2	25	0.005642731706920237
Cnidaria	stability	10007	10007	all	2078	2113	3879	2	2	GO:0005524	1.0887167903624826	221	225	0.0024233126115370115
Cnidaria	closeness	10007	10007	all	2078	2113	3879	2	2	GO:0005524	1.0887167903624826	221	225	0.0024233126115370115
Cnidaria	intersection	10007	10007	all	2078	2113	3879	2	2	GO:0005524	1.0887167903624826	221	225	0.0024233126115370115
Coleoidea	closeness	5	5	BP	10	10	2	2	2	GO:0016226	41.63636363636363	2	11	0.0018494003930976557
Coleoidea	stability	6061	6061	all	1801	1827	3469	2	2	GO:0005829	1.0577818999472186	757	913	0.016291214075796725
Coleoidea	closeness	6061	6061	all	1801	1827	3469	2	2	GO:0005829	1.0577818999472186	757	913	0.016291214075796725
Coleoidea	intersection	6061	6061	all	1801	1827	3469	2	2	GO:0005829	1.0577818999472186	757	913	0.016291214075796725
Ctenophora	stability	1000	1000	BP	926	937	1157	2	2	GO:0006457	1.8443571931944023	32	43	0.0058134783752392975
Decapodiformes	closeness	5	5	CC	10	10	7	2	2	GO:0005871	65.42857142857143	2	7	0.002494655595962897
Echinodermata	closeness	5	5	all	9	10	4	2	2	GO:0005743	9.541666666666666	3	90	0.011396685397726532
Echinodermata	closeness	5	5	CC	9	10	3	2	2	GO:0005743	9.541666666666666	3	90	0.008547514048294898
Gastropoda	stability	5	5	BP	10	10	2	2	2	GO:0003341	22.900000000000002	2	20	0.006255992346746691
Gastropoda	closeness	5	5	BP	10	10	2	2	2	GO:0003341	22.900000000000002	2	20	0.006255992346746691
Gastropoda	intersection	5	4	BP	8	8	2	2	2	GO:0003341	28.625	2	20	0.003933681970483403
Gastropoda	intersection	10	6	BP	12	12	2	2	2	GO:0003341	19.083333333333332	2	20	0.009079736574132052
Insecta	stability	10	10	CC	16	18	13	2	2	GO:0005776	19.083333333333336	2	15	0.038070557121730304
Insecta	intersection	50	8	BP	14	16	2	2	2	GO:0007417	21.80952380952381	2	15	0.006967030544352193
Insecta	intersection	50	8	CC	14	16	13	2	2	GO:0005776	21.80952380952381	2	15	0.029123469683556343
Mollusca	stability	5	5	BP	10	10	2	2	2	GO:0006986	127.22222222222221	2	4	0.0001641568450461922
Neoptera	intersection	50	8	all	13	16	16	2	2	GO:0007417	23.48717948717949	2	15	0.023977633990154328
Porifera	closeness	5	5	BP	10	10	2	2	2	GO:0000398	11.170731707317074	2	41	0.01285359035428426
Porifera	closeness	20	20	MF	37	37	12	2	2	GO:0005313	61.891891891891895	2	2	0.0015246641904213174
Porifera	intersection	2000	1762	all	1209	1218	2554	2	2	GO:0003723	1.195057772028342	213	339	0.040745738350673306
Porifera	stability	3714	3714	MF	1480	1499	647	2	2	GO:0005524	1.195353398204722	173	225	0.009114746442297731
Porifera	closeness	3714	3714	MF	1480	1499	647	2	2	GO:0005524	1.195353398204722	173	225	0.009114746442297731
Porifera	intersection	3714	3714	MF	1480	1499	647	2	2	GO:0005524	1.195353398204722	173	225	0.009114746442297731
Spiralia	stability	200	200	CC	235	240	155	2	2	GO:0070161	4.716247139588101	9	19	0.005198097979402855
Annelida	intersection	20	13	BP	26	26	11	1	2	GO:0006986	44.03846153846154	2	4	0.008070163319495916
Annelida	closeness	1000	1000	CC	991	1007	438	1	2	GO:0044297	2.1676808654496282	14	15	0.02820583964779317
Coleoidea	stability	6061	6061	CC	1801	1827	619	1	2	GO:0005829	1.0577818999472186	757	913	0.005813929958442302
Coleoidea	closeness	6061	6061	CC	1801	1827	619	1	2	GO:0005829	1.0577818999472186	757	913	0.005813929958442302
Coleoidea	intersection	6061	6061	CC	1801	1827	619	1	2	GO:0005829	1.0577818999472186	757	913	0.005813929958442302
Decapodiformes	intersection	20	9	MF	18	18	6	1	2	GO:0003713	6.9710806697108065	4	73	0.012437831056744529
Decapodiformes	closeness	2000	2000	CC	1501	1525	585	1	2	GO:0005829	1.0814160872952188	645	913	0.004344067320829417
Diptera	stability	5	5	all	8	10	7	1	2	GO:0009615	63.61111111111111	2	9	0.0026594150200123226
Diptera	closeness	10	10	all	18	20	23	1	2	GO:0009615	28.2716049382716	2	9	0.04678166673490427
Diptera	closeness	10	10	BP	18	20	2	1	2	GO:0009615	28.2716049382716	2	9	0.004067971020426458
Insecta	stability	200	200	MF	270	279	145	1	2	GO:0019843	4.947530864197531	7	12	0.01998506112072889
Insecta	stability	500	500	CC	558	568	321	1	2	GO:0005759	1.7957448564766092	38	87	0.013524413044836899
Neoptera	stability	500	500	CC	560	570	323	1	2	GO:0005759	1.7422326403882138	37	87	0.03742249565348328
Neoptera	intersection	500	348	MF	442	452	251	1	2	GO:0016887	1.927812269809534	32	86	0.014771383041560565
Porifera	stability	2000	2000	all	1264	1276	2643	1	2	GO:0005524	1.244938663842556	154	225	0.02699282543939861
Scaphopoda	stability	5	5	CC	9	10	11	1	2	GO:0055037	20.355555555555554	2	25	0.043246924418439185
Vertebrata	closeness	5	5	CC	10	10	10	1	2	GO:0042555	65.42857142857143	2	7	0.0035637937085184236
Vertebrata	intersection	5	3	CC	6	6	6	1	2	GO:0042555	109.04761904761904	2	7	0.0007169308580129126
Vertebrata	intersection	10	4	CC	8	8	8	1	2	GO:0042555	81.78571428571429	2	7	0.0017791624556088236
Annelida	stability	5	5	all	9	10	10	0	2	GO:0006888	11.565656565656564	2	44	0.11924730678674919
Annelida	stability	10	10	all	19	20	20	0	2	GO:0005789	3.013157894736842	5	200	0.24711609585563868
Annelida	closeness	1000	1000	all	991	1007	2264	0	2	GO:0044297	2.1676808654496282	14	15	0.14579456840777108
Annelida	intersection	1000	353	all	479	487	1131	0	2	GO:0016887	1.7863585393203647	32	86	0.21807774474909597
Annelida	closeness	2000	2000	CC	1350	1369	538	0	2	GO:0044297	1.705137751303053	15	15	0.17388738493858824
Bilateria	stability	5	5	MF	10	10	5	0	2	GO:0016887	5.325581395348837	2	86	0.12893296746570532
Bilateria	stability	20	20	CC	35	35	29	0	2	GO:0010008	4.089285714285714	4	64	0.21990897251395927
Bilateria	closeness	20	20	CC	38	38	32	0	2	GO:0008180	13.391812865497075	2	9	0.1435379248887289
Bivalvia	closeness	5	5	CC	10	10	5	0	2	GO:0031514	10.8274231678487	2	47	0.06771508981392252
Bivalvia	stability	200	200	MF	282	285	145	0	2	GO:0042809	8.297101449275361	3	3	0.18436624358966883
Cnidaria	intersection	500	199	CC	266	273	174	0	2	GO:0005930	1.9941944847605226	18	78	0.22310711609807496
Coleoidea	intersection	500	294	all	452	458	984	0	2	GO:0006412	2.1280808080808082	23	55	0.06720939303743562
Coleoidea	closeness	1000	1000	MF	1088	1103	510	0	2	GO:0003743	1.7761772853185596	21	25	0.08127199358204729
Ctenophora	stability	500	500	BP	643	651	769	0	2	GO:0002181	2.1435257410296416	18	30	0.12968178179776088
Ctenophora	closeness	500	500	BP	654	662	829	0	2	GO:0002181	2.107361963190184	18	30	0.23362639962710904
Decapodiformes	intersection	20	9	CC	18	18	12	0	2	GO:0071013	10.601851851851851	2	24	0.1745052849019875
Decapodiformes	closeness	1000	1000	CC	1108	1121	495	0	2	GO:0005829	1.0859842532184072	478	913	0.17596401789317484
Deuterostomia	closeness	5	5	CC	10	10	12	0	2	GO:0016020	2.6539735099337745	7	604	0.05738427172891324
Deuterostomia	intersection	10	4	MF	8	8	4	0	2	GO:0003682	5.300925925925926	2	108	0.20490963541099091
Deuterostomia	intersection	1000	884	CC	939	947	438	0	2	GO:0032991	1.328244629019535	75	138	0.15414058818988305
Diptera	closeness	20	20	CC	38	40	29	0	2	GO:0005789	2.4105263157894736	8	200	0.21040099834800052
Diptera	intersection	20	8	MF	14	16	5	0	2	GO:0000981	5.3629976580796255	2	61	0.1292887932825828
Diptera	closeness	50	50	CC	82	85	65	0	2	GO:1990696	13.963414634146341	2	4	0.2357182627417428
Diptera	stability	500	500	CC	490	497	295	0	2	GO:0005829	1.1746036012426728	229	913	0.07530808912061
Diptera	closeness	1000	1000	all	851	859	2060	0	2	GO:0003676	1.5222334954343493	57	101	0.08419437616236
Echinodermata	intersection	5	4	CC	7	8	3	0	2	GO:0005743	8.481481481481481	2	90	0.06200747736251208
Echinodermata	intersection	500	200	all	319	321	658	0	2	GO:0005759	2.09568782487737	25	87	0.09315011008784677
Gastropoda	stability	10	10	MF	19	20	3	0	2	GO:0008017	5.41371158392435	2	47	0.09523651485312201
Gastropoda	stability	50	50	CC	91	92	61	0	2	GO:0022626	3.7235772357723578	6	41	0.17925022426912351
Insecta	closeness	100	100	MF	168	173	91	0	2	GO:0042393	2.839781746031746	10	48	0.17803431377363826
Insecta	intersection	500	348	MF	437	446	250	0	2	GO:0016887	1.7670693417061356	29	86	0.0932268731483614
Nematoda	stability	100	100	CC	163	165	119	0	2	GO:0005759	2.4222551301036597	15	87	0.10908645837533383
Nematoda	stability	200	200	CC	274	276	195	0	2	GO:0070062	1.4625912408759125	49	280	0.23170420182594828
Nematoda	closeness	2000	2000	BP	1014	1027	1475	0	2	GO:0006470	2.2583826429980274	11	11	0.09179049617325741
Neoptera	closeness	200	200	MF	310	317	177	0	2	GO:0019843	3.6935483870967745	6	12	0.23433787554498933
Neoptera	intersection	1000	694	BP	733	745	1014	0	2	GO:0007032	2.6070127504553735	10	12	0.1814138366947656
Porifera	stability	5	5	CC	10	10	6	0	2	GO:0016607	5.088888888888889	2	90	0.17472938417720457
Porifera	stability	10	10	MF	20	20	6	0	2	GO:0003723	2.3643067846607666	7	339	0.12004394704776238
Porifera	intersection	10	8	MF	16	16	3	0	2	GO:0003723	2.5331858407079646	6	339	0.06523520891645176
Porifera	intersection	20	14	MF	28	28	8	0	2	GO:0003723	1.9300463548251157	8	339	0.17755714948624793
Scaphopoda	stability	10	10	CC	19	20	13	0	2	GO:0055037	9.642105263157895	2	25	0.11353898303190361
Scaphopoda	closeness	10	10	MF	20	20	6	0	2	GO:0004842	5.452380952380952	3	63	0.09720383286516691
Scaphopoda	closeness	200	200	BP	338	342	394	0	2	GO:0006325	2.6461242176215696	12	31	0.15915270964663666
Scaphopoda	intersection	500	145	all	258	261	617	0	2	GO:0160112	5.9869281045751634	6	9	0.06987621301236213
Scaphopoda	stability	10697	10697	MF	1968	2010	793	0	2	GO:0005524	1.0960683760683763	210	225	0.050857792089683974
Scaphopoda	closeness	10697	10697	MF	1968	2010	793	0	2	GO:0005524	1.0960683760683763	210	225	0.050857792089683974
Scaphopoda	intersection	10697	10697	MF	1968	2010	793	0	2	GO:0005524	1.0960683760683763	210	225	0.050857792089683974
Spiralia	stability	5	5	CC	9	10	9	0	2	GO:0031966	14.1358024691358	2	36	0.07265273161456343
Spiralia	closeness	5	5	CC	10	10	9	0	2	GO:0031966	12.722222222222223	2	36	0.08992212469305641
Spiralia	closeness	10	10	MF	20	20	3	0	2	GO:0003713	4.705479452054794	3	73	0.0719961754638889
Spiralia	closeness	100	100	CC	160	161	113	0	2	GO:0035577	6.629994209612043	5	11	0.05295579145506533
Vertebrata	stability	20	20	MF	37	37	15	0	2	GO:0000287	5.501501501501502	4	45	0.080333455022295
Vertebrata	closeness	50	50	MF	97	98	42	0	2	GO:0016779	11.927083333333332	2	4	0.20739644564406184
Vertebrata	stability	500	500	CC	621	624	338	0	2	GO:0032991	1.5012526047154129	56	138	0.08629004047612113
Annelida	stability	20	20	BP	39	40	16	1	1	GO:0006986	29.358974358974358	2	4	0.026559999633318725
Annelida	stability	100	100	CC	181	185	132	1	1	GO:0034451	4.449842118047122	8	23	0.027820370374611252
Annelida	stability	7885	7885	all	1954	1987	3719	1	1	GO:0005524	1.1063941839830558	211	225	0.044223485355898234
Annelida	stability	7885	7885	MF	1954	1987	798	1	1	GO:0005524	1.1063941839830558	211	225	0.00948920175154794
Annelida	closeness	7885	7885	all	1954	1987	3719	1	1	GO:0005524	1.1063941839830558	211	225	0.044223485355898234
Annelida	closeness	7885	7885	MF	1954	1987	798	1	1	GO:0005524	1.1063941839830558	211	225	0.00948920175154794
Annelida	intersection	7885	7885	all	1954	1987	3719	1	1	GO:0005524	1.1063941839830558	211	225	0.044223485355898234
Annelida	intersection	7885	7885	MF	1954	1987	798	1	1	GO:0005524	1.1063941839830558	211	225	0.00948920175154794
Bilateria	closeness	5	5	BP	9	9	1	1	1	GO:0060271	7.167449139280125	2	71	0.029638637697742158
Bilateria	closeness	5	5	MF	9	9	2	1	1	GO:0015631	33.925925925925924	2	15	0.0028089140447851856
Bivalvia	stability	5	5	BP	10	10	1	1	1	GO:0003341	25.444444444444443	2	20	0.0025155593556356994
Bivalvia	closeness	5	5	MF	10	10	4	1	1	GO:0019904	11.834625322997415	2	43	0.04562409945222362
Bivalvia	intersection	5	3	BP	6	6	1	1	1	GO:0003341	45.800000000000004	2	20	0.0007135974973969586
Bivalvia	intersection	10	6	BP	12	12	1	1	1	GO:0003341	22.900000000000002	2	20	0.0031279961733733457
Cnidaria	closeness	100	100	CC	167	169	129	1	1	GO:0005930	2.8297806611059624	16	78	0.011898696997869761
Cnidaria	intersection	1000	393	all	462	472	1030	1	1	GO:0005930	1.9785395763656635	31	78	0.04017481711562103
Cnidaria	stability	10007	10007	MF	2078	2113	824	1	1	GO:0005524	1.0887167903624826	221	225	0.0005147743211927037
Cnidaria	stability	10007	10007	CC	2078	2113	678	1	1	GO:0005829	1.036793482121746	854	913	0.004025390957019223
Cnidaria	closeness	10007	10007	MF	2078	2113	824	1	1	GO:0005524	1.0887167903624826	221	225	0.0005147743211927037
Cnidaria	closeness	10007	10007	CC	2078	2113	678	1	1	GO:0005829	1.036793482121746	854	913	0.004025390957019223
Cnidaria	intersection	10007	10007	MF	2078	2113	824	1	1	GO:0005524	1.0887167903624826	221	225	0.0005147743211927037
Cnidaria	intersection	10007	10007	CC	2078	2113	678	1	1	GO:0005829	1.036793482121746	854	913	0.004025390957019223
Coleoidea	stability	20	20	MF	38	39	14	1	1	GO:0043024	30.131578947368418	2	4	0.02206117985240853
Coleoidea	closeness	2000	2000	all	1499	1521	2992	1	1	GO:0005829	1.0970289243193319	653	913	0.00036663633735808227
Coleoidea	closeness	2000	2000	CC	1499	1521	563	1	1	GO:0005829	1.0970289243193319	653	913	6.898939102025413e-05
Decapodiformes	closeness	5	5	BP	10	10	1	1	1	GO:0007018	28.625	2	16	0.0019941141460999767
Decapodiformes	intersection	10	3	BP	6	6	1	1	1	GO:0006357	5.491606714628297	2	139	0.046694757965167026
Decapodiformes	closeness	500	500	all	715	724	1559	1	1	GO:0003723	1.3187746511550826	139	339	0.028141217136173007
Decapodiformes	closeness	2000	2000	all	1501	1525	3063	1	1	GO:0005829	1.0814160872952188	645	913	0.02274509094649659
Decapodiformes	stability	2427	2427	all	1604	1630	3194	1	1	GO:0005829	1.0745009716505456	685	913	0.0174255324619062
Decapodiformes	closeness	2427	2427	all	1604	1630	3194	1	1	GO:0005829	1.0745009716505456	685	913	0.0174255324619062
Decapodiformes	intersection	2427	2427	all	1604	1630	3194	1	1	GO:0005829	1.0745009716505456	685	913	0.0174255324619062
Deuterostomia	stability	5	5	MF	9	9	3	1	1	GO:0000287	11.30864197530864	2	45	0.03736153559649226
Deuterostomia	closeness	5	5	BP	10	10	1	1	1	GO:1902600	17.615384615384617	2	26	0.005276073766217643
Deuterostomia	stability	1000	1000	all	990	998	2170	1	1	GO:0032991	1.410843161415244	84	138	0.025754816633560187
Diptera	stability	5	5	BP	8	10	1	1	1	GO:0009615	63.61111111111111	2	9	0.0003799164314303318
Diptera	closeness	5	5	all	9	10	10	1	1	GO:0009615	56.5432098765432	2	9	0.004874672719039149
Diptera	closeness	5	5	BP	9	10	1	1	1	GO:0009615	56.5432098765432	2	9	0.00048746727190391486
Diptera	intersection	5	3	all	5	6	7	1	1	GO:0009615	101.77777777777779	2	9	0.0009556282055682625
Diptera	intersection	5	3	BP	5	6	1	1	1	GO:0009615	101.77777777777779	2	9	0.00013651831508118035
Diptera	intersection	10	5	all	8	10	8	1	1	GO:0009615	63.61111111111111	2	9	0.0030393314514426542
Diptera	intersection	10	5	BP	8	10	1	1	1	GO:0009615	63.61111111111111	2	9	0.0003799164314303318
Echinodermata	closeness	10	10	MF	19	20	7	1	1	GO:0043024	63.61111111111111	2	4	0.002429020236498863
Echinodermata	intersection	10	6	BP	11	12	1	1	1	GO:0032790	76.33333333333334	2	6	0.0002551515354354208
Echinodermata	intersection	10	6	MF	11	12	3	1	1	GO:0043024	114.5	2	4	0.0003076143967608825
Insecta	intersection	20	4	all	6	8	6	1	1	GO:0007417	50.888888888888886	2	15	0.003551315750451387
Insecta	intersection	20	4	BP	6	8	1	1	1	GO:0007417	50.888888888888886	2	15	0.0005918859584085645
Insecta	closeness	1000	1000	CC	895	908	430	1	1	GO:0005829	1.130660531081005	403	913	0.01231363187628454
Mollusca	intersection	5	3	all	6	6	7	1	1	GO:0005819	20.355555555555554	2	45	0.025461013673087653
Mollusca	intersection	5	3	CC	6	6	5	1	1	GO:0005819	20.355555555555554	2	45	0.01818643833791975
Neoptera	intersection	20	5	all	7	10	7	1	1	GO:0007417	43.61904761904762	2	15	0.005778523988740581
Neoptera	intersection	20	5	BP	7	10	1	1	1	GO:0007417	43.61904761904762	2	15	0.0008255034269629402
Neoptera	intersection	50	8	BP	13	16	1	1	1	GO:0007417	23.48717948717949	2	15	0.002997204248769291
Neoptera	intersection	50	8	CC	13	16	12	1	1	GO:0005776	23.48717948717949	2	15	0.03596645098523149
Porifera	intersection	5	3	all	6	6	2	1	1	GO:0016607	8.481481481481481	2	90	0.04133831824167472
Porifera	intersection	5	3	CC	6	6	1	1	1	GO:0016607	8.481481481481481	2	90	0.02066915912083736
Porifera	closeness	1000	1000	MF	984	992	471	1	1	GO:0003723	1.2338510625489132	179	339	0.017928806739351686
Porifera	closeness	2000	2000	CC	1280	1291	501	1	1	GO:0005829	1.0926680892257485	555	913	0.01532892140037512
Porifera	stability	3714	3714	CC	1480	1499	547	1	1	GO:0005829	1.0744626348385582	631	913	0.030192547188043577
Porifera	closeness	3714	3714	CC	1480	1499	547	1	1	GO:0005829	1.0744626348385582	631	913	0.030192547188043577
Porifera	intersection	3714	3714	CC	1480	1499	547	1	1	GO:0005829	1.0744626348385582	631	913	0.030192547188043577
Protostomia	stability	5	5	BP	8	8	1	1	1	GO:0045892	7.15625	2	80	0.029436304417233616
Protostomia	intersection	20	3	BP	5	5	1	1	1	GO:0045892	11.450000000000001	2	80	0.011255416562685605
Scaphopoda	closeness	5	5	BP	10	10	1	1	1	GO:0000423	38.16666666666667	2	12	0.0011070528698085827
Scaphopoda	intersection	20	2	BP	4	4	1	1	1	GO:0007165	8.9453125	2	128	0.01726904536203577
Scaphopoda	intersection	50	9	CC	17	18	11	1	1	GO:0015030	29.934640522875817	2	9	0.01992854790962405
Scaphopoda	closeness	100	100	CC	185	186	124	1	1	GO:0160112	6.914251207729468	5	9	0.03800389374176711
Scaphopoda	closeness	500	500	all	686	695	1507	1	1	GO:0006338	1.8297054504621233	37	68	0.02123813273677024
Scaphopoda	closeness	500	500	BP	686	695	820	1	1	GO:0006338	1.8297054504621233	37	68	0.011556250062476176
Spiralia	closeness	5	5	MF	10	10	2	1	1	GO:0003713	9.410958904109588	3	73	0.00635114490867561
Spiralia	intersection	5	4	MF	8	8	2	1	1	GO:0003713	7.842465753424658	2	73	0.04956908708168701
Spiralia	intersection	10	6	MF	12	12	2	1	1	GO:0003713	7.842465753424658	3	73	0.011120229211173093
Vertebrata	stability	5	5	CC	10	10	8	1	1	GO:0042555	65.42857142857143	2	7	0.002851034966814739
Vertebrata	stability	10	10	MF	20	20	7	1	1	GO:0000287	7.633333333333333	3	45	0.04480236492316106
Vertebrata	stability	10	10	CC	20	20	15	1	1	GO:0042555	32.714285714285715	2	7	0.02224342701734146
Vertebrata	stability	1000	1000	all	992	1000	2176	1	1	GO:0032991	1.4079929732103647	84	138	0.028418556472781416
Annelida	closeness	5	5	BP	10	10	1	0	1	GO:0016567	4.3619047619047615	2	105	0.07369547067542505
Annelida	stability	10	10	CC	19	20	12	0	1	GO:0005789	3.013157894736842	5	200	0.2443985904897986
Annelida	closeness	10	10	BP	20	20	5	0	1	GO:0036503	7.633333333333334	2	30	0.13618049219664408
Annelida	closeness	10	10	MF	20	20	5	0	1	GO:0044325	8.481481481481481	2	27	0.11161469443158151
Annelida	stability	20	20	CC	39	40	29	0	1	GO:0140268	16.776556776556777	2	7	0.16311578448589115
Annelida	intersection	200	93	CC	176	179	123	0	1	GO:0034451	3.982608695652174	7	23	0.14233108329693575
Annelida	closeness	500	500	all	644	653	1515	0	1	GO:0005829	1.1504135959523814	294	913	0.2474921681630601
Annelida	closeness	500	500	CC	644	653	333	0	1	GO:0005829	1.1504135959523814	294	913	0.054399268645741926
Annelida	closeness	1000	1000	BP	991	1007	1345	0	1	GO:0002181	1.7805949966193375	23	30	0.23591866694721592
Annelida	intersection	1000	353	BP	479	487	609	0	1	GO:2000773	4.800838574423481	5	5	0.23485295588364183
Annelida	intersection	1000	353	MF	479	487	254	0	1	GO:0016887	1.7863585393203647	32	86	0.06954510152595653
Bilateria	intersection	20	17	CC	32	32	26	0	1	GO:0008180	15.902777777777777	2	9	0.16660127077531572
Bivalvia	stability	50	50	MF	93	93	51	0	1	GO:0003725	8.388278388278389	3	9	0.21857526389579401
Bivalvia	closeness	50	50	MF	91	91	51	0	1	GO:0003725	8.576779026217228	3	9	0.20514543706232313
Bivalvia	intersection	50	47	MF	88	88	48	0	1	GO:0003725	8.875968992248062	3	9	0.17504532593228145
Bivalvia	closeness	100	100	CC	180	180	131	0	1	GO:0035577	5.880842321520287	5	11	0.10755631945283063
Bivalvia	intersection	2000	725	all	699	708	1601	0	1	GO:0007368	2.982633863965268	9	10	0.23396626107583043
Bivalvia	intersection	2000	725	BP	699	708	917	0	1	GO:0007368	2.982633863965268	9	10	0.13400815828016022
Cnidaria	closeness	5	5	MF	9	9	3	0	1	GO:0042802	3.0655957161981258	3	249	0.19492504554872309
Cnidaria	closeness	200	200	all	301	304	710	0	1	GO:0005930	2.152991452991453	22	78	0.17460302237379138
Cnidaria	stability	500	500	BP	562	573	763	0	1	GO:0071300	4.103942652329749	6	6	0.15647707257634563
Cnidaria	stability	500	500	MF	562	573	289	0	1	GO:0035612	4.103942652329749	5	5	0.24489791659824356
Cnidaria	closeness	500	500	CC	584	595	312	0	1	GO:0005930	1.670424403183024	33	78	0.19864524844221348
Cnidaria	closeness	1000	1000	MF	925	940	452	0	1	GO:0097110	2.489130434782609	9	9	0.12036455883787547
Coleoidea	stability	10	10	MF	19	20	6	0	1	GO:0019899	5.739348370927318	3	63	0.08425317546664643
Coleoidea	intersection	20	9	BP	18	18	3	0	1	GO:0006412	4.626262626262626	2	55	0.20338208069838953
Coleoidea	intersection	20	9	MF	18	18	4	0	1	GO:0003735	6.058201058201059	2	42	0.16694046717524869
Coleoidea	intersection	50	26	MF	49	49	27	0	1	GO:0043024	23.36734693877551	2	4	0.07071350214367646
Coleoidea	closeness	200	200	CC	330	332	195	0	1	GO:0005814	2.2797411647585863	16	49	0.15785013671871503
Coleoidea	stability	500	500	BP	614	621	692	0	1	GO:0006412	1.8368983957219251	27	55	0.191796567336637
Coleoidea	closeness	1000	1000	BP	1088	1103	1280	0	1	GO:0006413	1.762080640196984	25	30	0.059568014312165574
Coleoidea	closeness	2000	2000	MF	1499	1521	664	0	1	GO:0003743	1.4724715338245145	24	25	0.20436072676794662
Ctenophora	stability	500	500	CC	643	651	345	0	1	GO:0005930	1.6488659546381856	36	78	0.13189952157441287
Ctenophora	intersection	1000	371	BP	532	539	651	0	1	GO:0002181	2.3044025157232704	16	30	0.19202553847682674
Decapodiformes	stability	10	10	CC	20	20	15	0	1	GO:0032588	10.043859649122806	2	24	0.24224374704763418
Decapodiformes	intersection	10	3	MF	6	6	3	0	1	GO:0003677	4.741200828157349	2	161	0.18323371742837702
Decapodiformes	stability	100	100	CC	186	188	128	0	1	GO:0070552	9.334239130434781	3	4	0.24609210736850004
Decapodiformes	intersection	100	61	CC	117	119	90	0	1	GO:0034515	9.786324786324785	3	6	0.20900103799829678
Decapodiformes	stability	1000	1000	CC	1105	1121	494	0	1	GO:0005829	1.0944936771880913	480	913	0.11588654258103427
Decapodiformes	intersection	1000	867	CC	1009	1022	471	0	1	GO:0005829	1.1056110466288491	443	913	0.07667336831057235
Decapodiformes	stability	2000	2000	CC	1478	1501	572	0	1	GO:0005829	1.067651461242117	627	913	0.1295845553793883
Decapodiformes	intersection	2000	1731	CC	1406	1427	561	0	1	GO:0005829	1.0723915713467067	599	913	0.12718961262341652
Deuterostomia	stability	5	5	all	9	9	12	0	1	GO:0000287	11.30864197530864	2	45	0.14944614238596904
Deuterostomia	intersection	5	2	CC	4	4	4	0	1	GO:0016020	2.8435430463576155	3	604	0.23485460150443238
Diptera	intersection	5	3	MF	5	6	2	0	1	GO:0005524	4.071111111111112	2	225	0.15747360007438352
Diptera	closeness	10	10	CC	18	20	14	0	1	GO:0005789	3.180555555555556	5	200	0.22572148021622349
Diptera	intersection	50	12	CC	20	22	13	0	1	GO:0031594	17.615384615384617	2	13	0.06938430887386672
Diptera	closeness	500	500	BP	551	557	769	0	1	GO:0048488	3.128415300546448	9	12	0.20551745224018672
Diptera	closeness	1000	1000	CC	851	859	436	0	1	GO:0005829	1.1137773064632446	377	913	0.17443499223272876
Diptera	intersection	2000	837	BP	698	705	994	0	1	GO:0048488	2.73792443806791	10	12	0.22578661688234855
Echinodermata	stability	5	5	all	8	10	5	0	1	GO:0005743	7.269841269841269	2	90	0.14101875799163022
Echinodermata	stability	5	5	CC	8	10	4	0	1	GO:0005743	7.269841269841269	2	90	0.11281500639330418
Echinodermata	intersection	5	4	all	7	8	4	0	1	GO:0005743	8.481481481481481	2	90	0.08267663648334944
Echinodermata	intersection	1000	372	CC	483	488	263	0	1	GO:0005759	1.7070648776030395	31	87	0.2229463451714744
Gastropoda	intersection	500	231	BP	383	388	469	0	1	GO:0007179	3.407738095238095	9	16	0.15048940209560058
Insecta	stability	5	5	CC	7	9	7	0	1	GO:0005743	7.269841269841269	2	90	0.1974262611882823
Insecta	stability	10	10	MF	16	18	6	0	1	GO:0005516	11.009615384615383	2	26	0.08095684661421058
Insecta	stability	200	200	all	270	279	643	0	1	GO:0019843	4.947530864197531	7	12	0.08862340896985295
Insecta	stability	500	500	BP	558	568	804	0	1	GO:0006355	1.5456054858870696	50	133	0.2444256033634324
Insecta	intersection	500	348	CC	437	446	273	0	1	GO:0005759	1.8069912412214943	30	87	0.10683221617229141
Insecta	intersection	1000	699	CC	745	756	391	0	1	GO:0005759	1.5566679026078358	44	87	0.10799768975464806
Mollusca	closeness	5	5	all	10	10	9	0	1	GO:0005819	11.30864197530864	2	45	0.11208460678947678
Mollusca	closeness	5	5	CC	10	10	7	0	1	GO:0005819	11.30864197530864	2	45	0.08717691639181528
Mollusca	stability	20	20	CC	40	40	37	0	1	GO:0071339	19.57264957264957	2	6	0.15026555027918154
Mollusca	closeness	20	20	CC	40	40	37	0	1	GO:0071339	19.57264957264957	2	6	0.15026555027918154
Mollusca	intersection	20	18	CC	36	36	34	0	1	GO:0071339	21.80952380952381	2	6	0.1113971084027425
Mollusca	closeness	200	200	MF	321	323	165	0	1	GO:0005506	3.6006289308176096	7	14	0.2201539260672191
Mollusca	stability	500	500	CC	523	532	281	0	1	GO:0009925	4.437984496124031	5	5	0.16078073506356427
Mollusca	closeness	1000	1000	MF	895	908	412	0	1	GO:0050660	2.2129167337735542	12	14	0.17040180295429003
Nematoda	stability	1000	1000	BP	708	719	982	0	1	GO:0002181	2.0484934086629	19	30	0.22532088568900102
Neoptera	stability	5	5	CC	7	9	7	0	1	GO:0005743	7.269841269841269	2	90	0.1974262611882823
Neoptera	stability	10	10	all	15	18	15	0	1	GO:0005516	11.743589743589743	2	26	0.1783309655059291
Neoptera	stability	10	10	MF	15	18	5	0	1	GO:0005516	11.743589743589743	2	26	0.05944365516864304
Neoptera	intersection	500	348	CC	442	452	272	0	1	GO:0005759	1.846101835959848	31	87	0.05352104823276632
Neoptera	closeness	1000	1000	BP	894	907	1253	0	1	GO:0006511	1.5838877544298795	42	68	0.12193007713501951
Neoptera	closeness	1000	1000	MF	894	907	463	0	1	GO:0003723	1.2178959920984913	161	339	0.16251758387689075
Neoptera	closeness	1000	1000	CC	894	907	428	0	1	GO:0005829	1.1122654110282115	396	913	0.12061454706269431
Porifera	closeness	500	500	CC	657	663	331	0	1	GO:0005634	1.1250315935801845	311	965	0.24283951420161318
Porifera	stability	1000	1000	CC	934	944	419	0	1	GO:0005829	1.1045843367611643	410	913	0.18481161404574428
Porifera	closeness	1000	1000	all	984	992	2138	0	1	GO:0003723	1.2338510625489132	179	339	0.08138384035824608
Protostomia	stability	10	10	CC	17	17	15	0	1	GO:0010008	6.314338235294118	3	64	0.16053036370847518
Protostomia	intersection	20	3	all	5	5	5	0	1	GO:0045892	11.450000000000001	2	80	0.056277082813428025
Protostomia	intersection	50	13	CC	21	21	15	0	1	GO:0016605	12.116402116402115	2	18	0.16829998793618073
Protostomia	closeness	500	500	CC	561	572	307	0	1	GO:0005829	1.1555703332811766	258	913	0.1093840416763204
Scaphopoda	closeness	20	20	MF	40	40	9	0	1	GO:1990756	8.178571428571429	2	14	0.21342820830017192
Scaphopoda	intersection	20	2	all	4	4	8	0	1	GO:0007165	8.9453125	2	128	0.13815236289628616
Scaphopoda	intersection	20	2	MF	4	4	2	0	1	GO:0003723	3.377581120943953	2	339	0.21363461594827074
Scaphopoda	closeness	500	500	CC	686	695	353	0	1	GO:0005654	1.1675378220483423	242	697	0.12962936601900626
Scaphopoda	closeness	1000	1000	all	1112	1131	2335	0	1	GO:0006338	1.4974111241592827	49	68	0.09782356276174518
Scaphopoda	closeness	1000	1000	BP	1112	1131	1357	0	1	GO:0006338	1.4974111241592827	49	68	0.056850781442264756
Scaphopoda	intersection	2000	574	all	778	791	1689	0	1	GO:0006338	1.6555056692793548	38	68	0.19955063292778957
Scaphopoda	intersection	2000	574	BP	778	791	957	0	1	GO:0006338	1.6555056692793548	38	68	0.11306687727169604
Scaphopoda	stability	10697	10697	all	1968	2010	3738	0	1	GO:0005524	1.0960683760683763	210	225	0.23973067696247
Scaphopoda	closeness	10697	10697	all	1968	2010	3738	0	1	GO:0005524	1.0960683760683763	210	225	0.23973067696247
Scaphopoda	intersection	10697	10697	all	1968	2010	3738	0	1	GO:0005524	1.0960683760683763	210	225	0.23973067696247
Spiralia	stability	5	5	MF	9	10	2	0	1	GO:0003713	6.9710806697108065	2	73	0.062431838399124695
Spiralia	intersection	5	4	CC	8	8	8	0	1	GO:0031966	15.902777777777777	2	36	0.05072878764185403
Spiralia	intersection	10	6	CC	12	12	9	0	1	GO:0031966	10.601851851851851	2	36	0.1293062847276346
Spiralia	intersection	50	14	CC	27	28	20	0	1	GO:0000151	8.523573200992557	3	31	0.09464377294471289
Spiralia	closeness	200	200	CC	276	278	162	0	1	GO:0070971	4.225092250922509	6	12	0.20946691096959144
Spiralia	stability	500	500	CC	499	506	263	0	1	GO:0070971	3.1029810298102984	8	12	0.2458862685841058
Spiralia	intersection	500	176	CC	231	235	154	0	1	GO:0070161	3.749707602339181	7	19	0.22265323381558313
Spiralia	stability	10261	10261	CC	2059	2096	675	0	1	GO:0005829	1.0310593404753485	839	913	0.19146798408629437
Spiralia	closeness	10261	10261	CC	2059	2096	675	0	1	GO:0005829	1.0310593404753485	839	913	0.19146798408629437
Spiralia	intersection	10261	10261	CC	2059	2096	675	0	1	GO:0005829	1.0310593404753485	839	913	0.19146798408629437
Vertebrata	stability	20	20	CC	37	37	29	0	1	GO:0042555	17.683397683397683	2	7	0.14703638225350707
Vertebrata	intersection	500	254	all	392	394	961	0	1	GO:0006488	5.871794871794872	5	5	0.13476834822240125
Vertebrata	intersection	1000	889	all	944	952	2064	0	1	GO:0032991	1.391658204867842	79	138	0.12540690863106407
Annelida	stability	5	5	MF	9	10	2	0	0	GO:0003723	1.501147164863979	2	339	0.7876938217671051
Annelida	stability	5	5	CC	9	10	6	0	0	GO:0005794	2.4004192872117396	2	212	0.5989130560687477
Annelida	closeness	5	5	all	10	10	10	0	0	GO:0016567	4.3619047619047615	2	105	0.5811683745907522
Annelida	closeness	5	5	MF	10	10	3	0	0	GO:0003723	2.0265486725663715	3	339	0.26152576856583853
Annelida	closeness	5	5	CC	10	10	6	0	0	GO:0005737	1.0915157292659676	5	1049	0.8653327664529883
Annelida	intersection	5	3	all	6	6	5	0	0	GO:0005737	1.0915157292659676	3	1049	0.9562708580785478
Annelida	intersection	5	3	BP	6	6	0	0	0			0	0	
Annelida	intersection	5	3	MF	6	6	2	0	0	GO:0003723	2.2517207472959684	2	339	0.4375511760890979
Annelida	intersection	5	3	CC	6	6	3	0	0	GO:0005737	1.0915157292659676	3	1049	0.7650166864628383
Annelida	stability	10	10	MF	19	20	3	0	0	GO:0003723	1.0666045645086166	3	339	0.8247005929985567
Annelida	closeness	10	10	CC	20	20	17	0	0	GO:0072686	9.541666666666668	2	24	0.3031087436642346
Annelida	intersection	10	8	all	16	16	18	0	0	GO:0036503	9.541666666666668	2	30	0.3198273568069018
Annelida	intersection	10	8	MF	16	16	3	0	0	GO:0003723	1.2665929203539823	3	339	0.6447666731129438
Annelida	intersection	10	8	CC	16	16	12	0	0	GO:0005789	2.8625000000000003	4	200	0.5343697847045825
Annelida	intersection	20	13	CC	26	26	21	0	0	GO:0005905	8.388278388278389	2	21	0.3082361183955354
Annelida	stability	200	200	all	322	329	778	0	0	GO:0005515	1.0447613578356305	286	1959	0.27055212934888545
Annelida	stability	200	200	MF	322	329	172	0	0	GO:0005515	1.0447613578356305	286	1959	0.3045055047778061
Annelida	stability	200	200	CC	322	329	212	0	0	GO:0070161	3.0131578947368425	8	19	0.3546934386437399
Annelida	closeness	200	200	all	328	334	747	0	0	GO:0097700	7.003058103975536	3	3	0.2614021871922123
Annelida	closeness	200	200	MF	328	334	164	0	0	GO:0008641	5.252293577981652	3	4	0.25655741638257856
Annelida	closeness	200	200	CC	328	334	198	0	0	GO:0005634	1.1538717497742075	159	965	0.3603108266414889
Annelida	stability	500	500	all	604	612	1377	0	0	GO:0015030	2.5359911406423032	6	9	0.42812506428982294
Annelida	stability	500	500	BP	604	612	769	0	0	GO:0016556	2.5359911406423037	4	6	0.3660564181275136
Annelida	stability	500	500	MF	604	612	291	0	0	GO:0008168	2.113325950535253	5	9	0.48989027761395654
Annelida	stability	500	500	CC	604	612	317	0	0	GO:0015030	2.5359911406423032	6	9	0.5964551100790689
Annelida	closeness	500	500	BP	644	653	855	0	0	GO:0042274	1.6238831371436675	10	22	0.4317090421431337
Annelida	closeness	500	500	MF	644	653	327	0	0	GO:0005515	1.0212475880352214	560	1959	0.5181808010000897
Annelida	stability	1000	1000	all	903	917	1961	0	0	GO:0003008	2.541620421753607	2	2	0.6093839469955279
Annelida	stability	1000	1000	BP	903	917	1130	0	0	GO:0003008	2.541620421753607	2	2	0.5634722003159436
Annelida	stability	1000	1000	MF	903	917	417	0	0	GO:0005515	1.014572317412619	782	1959	0.6010928845907747
Annelida	stability	1000	1000	CC	903	917	414	0	0	GO:0034451	1.8785890073831009	17	23	0.29787576624366724
Annelida	closeness	1000	1000	MF	991	1007	481	0	0	GO:0005515	1.011284061599504	853	1959	0.5529138257040511
Annelida	intersection	1000	353	CC	479	487	268	0	0	GO:0005694	1.5313019590833516	37	116	0.3697676893358904
Annelida	stability	2000	2000	all	1273	1295	2640	0	0	GO:0006890	1.2651933701657458	7	10	0.8311256918810374
Annelida	stability	2000	2000	BP	1273	1295	1552	0	0	GO:0006890	1.2651933701657458	7	10	0.8076876389745591
Annelida	stability	2000	2000	MF	1273	1295	583	0	0	GO:0005515	1.013963037856162	1099	1959	0.833650139076003
Annelida	stability	2000	2000	CC	1273	1295	505	0	0	GO:0016020	1.029391010730881	344	604	0.9090159472297815
Annelida	closeness	2000	2000	all	1350	1369	2856	0	0	GO:0006890	1.3641102010424424	8	10	0.7593087521526201
Annelida	closeness	2000	2000	BP	1350	1369	1693	0	0	GO:0006890	1.3641102010424424	8	10	0.7488479323536699
Annelida	closeness	2000	2000	MF	1350	1369	625	0	0	GO:0005524	1.1670720608918674	154	225	0.506839148896013
Annelida	intersection	2000	771	all	774	786	1763	0	0	GO:0006890	1.7844155844155845	6	10	0.5053965576160269
Annelida	intersection	2000	771	BP	774	786	1009	0	0	GO:0006402	2.6766233766233767	9	10	0.3759924798811576
Annelida	intersection	2000	771	MF	774	786	374	0	0	GO:0005515	1.02322282107887	674	1959	0.5654630169437244
Annelida	intersection	2000	771	CC	774	786	380	0	0	GO:0005829	1.1042659421629848	339	913	0.42769055783256954
Annelida	stability	7885	7885	BP	1954	1987	2267	0	0	GO:0006890	1.1798042246264813	10	10	0.9435321849955156
Annelida	stability	7885	7885	CC	1954	1987	654	0	0	GO:0005634	1.0294250333010335	842	965	0.6557737612173756
Annelida	closeness	7885	7885	BP	1954	1987	2267	0	0	GO:0006890	1.1798042246264813	10	10	0.9435321849955156
Annelida	closeness	7885	7885	CC	1954	1987	654	0	0	GO:0005634	1.0294250333010335	842	965	0.6557737612173756
Annelida	intersection	7885	7885	BP	1954	1987	2267	0	0	GO:0006890	1.1798042246264813	10	10	0.9435321849955156
Annelida	intersection	7885	7885	CC	1954	1987	654	0	0	GO:0005634	1.0294250333010335	842	965	0.6557737612173756
Bilateria	stability	5	5	CC	10	10	7	0	0	GO:0000785	3.0131578947368425	2	152	0.5338331716946099
Bilateria	intersection	5	1	all	2	2	0	0	0			0	0	
Bilateria	intersection	5	1	BP	2	2	0	0	0			0	0	
Bilateria	intersection	5	1	MF	2	2	0	0	0			0	0	
Bilateria	intersection	5	1	CC	2	2	0	0	0			0	0	
Bilateria	stability	10	10	CC	19	19	20	0	0	GO:0010008	5.649671052631579	3	64	0.29311227969265297
Bilateria	closeness	10	10	CC	19	19	13	0	0	GO:0048471	3.708502024291498	4	130	0.2566752522127232
Bilateria	stability	50	50	CC	89	90	74	0	0	GO:0008180	8.576779026217228	3	9	0.2976620067178806
Bilateria	intersection	50	33	CC	58	59	52	0	0	GO:0010008	3.0845905172413794	5	64	0.2771324728296611
Bilateria	stability	91	91	CC	149	150	128	0	0	GO:0005634	1.2263448899398408	77	965	0.3092544969563814
Bilateria	closeness	91	91	CC	149	150	128	0	0	GO:0005634	1.2263448899398408	77	965	0.3092544969563814
Bilateria	intersection	91	91	CC	149	150	128	0	0	GO:0005634	1.2263448899398408	77	965	0.3092544969563814
Bivalvia	intersection	5	3	MF	6	6	1	0	0	GO:0005515	0.7013782542113323	3	1959	0.9761132505079317
Bivalvia	intersection	10	6	MF	12	12	2	0	0	GO:0005524	2.035555555555556	2	225	0.5140847042465803
Bivalvia	stability	50	50	CC	93	93	69	0	0	GO:0005829	1.157637543179712	42	913	0.4328795482191843
Bivalvia	closeness	50	50	CC	91	91	66	0	0	GO:0071339	8.576779026217228	2	6	0.4139862354823117
Bivalvia	intersection	50	47	CC	88	88	64	0	0	GO:0071339	8.875968992248062	2	6	0.40431837796702247
Bivalvia	stability	100	100	all	166	168	360	0	0	GO:0044853	13.963414634146341	2	2	0.25276540355786775
Bivalvia	stability	100	100	MF	166	168	83	0	0	GO:0003725	4.654471544715447	3	9	0.45583740175016885
Bivalvia	stability	100	100	CC	166	168	119	0	0	GO:0044853	13.963414634146341	2	2	0.3734571484218251
Bivalvia	intersection	100	63	all	115	115	239	0	0	GO:0071339	6.755162241887906	2	6	0.28129669888598224
Bivalvia	intersection	100	63	MF	115	115	58	0	0	GO:0003725	6.755162241887906	3	9	0.45833701915262326
Bivalvia	intersection	100	63	CC	115	115	78	0	0	GO:0071339	6.755162241887906	2	6	0.46608543622169973
Bivalvia	closeness	200	200	all	343	344	772	0	0	GO:0016491	2.5331858407079646	9	24	0.3923327442361815
Bivalvia	closeness	200	200	BP	343	344	373	0	0	GO:0090307	2.702064896755162	6	15	0.34752617651145346
Bivalvia	closeness	200	200	MF	343	344	176	0	0	GO:0016491	2.5331858407079646	9	24	0.3009392985220406
Bivalvia	closeness	200	200	CC	343	344	223	0	0	GO:0005783	1.1417175620092235	36	213	0.5190101716380856
Bivalvia	intersection	200	86	MF	149	150	75	0	0	GO:0003713	1.947094945677846	9	73	0.42221820438335333
Bivalvia	intersection	200	86	CC	149	150	103	0	0	GO:0071339	5.264367816091954	2	6	0.4362585949419312
Bivalvia	stability	500	500	all	534	540	1142	0	0	GO:0016830	4.337121212121212	2	2	0.46836846171876656
Bivalvia	stability	500	500	BP	534	540	627	0	0	GO:0060271	1.404982927870252	23	71	0.36222417132925
Bivalvia	stability	500	500	MF	534	540	247	0	0	GO:0003725	2.8914141414141414	6	9	0.6028648119647538
Bivalvia	stability	500	500	CC	534	540	268	0	0	GO:0160112	2.8914141414141414	6	9	0.5451004372690756
Bivalvia	closeness	500	500	all	648	654	1411	0	0	GO:0019752	2.6794071762870515	3	4	0.5258531108989922
Bivalvia	closeness	500	500	BP	648	654	765	0	0	GO:0019752	2.6794071762870515	3	4	0.5073832854804448
Bivalvia	closeness	500	500	MF	648	654	311	0	0	GO:0016616	2.3816952678107124	4	6	0.43463939800563406
Bivalvia	closeness	500	500	CC	648	654	335	0	0	GO:0005783	1.0734401207034197	64	213	0.7037484433361819
Bivalvia	intersection	500	170	all	248	251	552	0	0	GO:0045893	1.691463543315395	21	117	0.3096345727910718
Bivalvia	intersection	500	170	MF	248	251	127	0	0	GO:0101005	4.1883859167809785	4	9	0.42877377740115136
Bivalvia	intersection	500	170	CC	248	251	152	0	0	GO:0071339	3.1412894375857343	2	6	0.5349182740853105
Bivalvia	stability	1000	1000	all	840	851	1792	0	0	GO:0006890	1.651442307692308	6	10	0.607623552949702
Bivalvia	stability	1000	1000	BP	840	851	1036	0	0	GO:0006890	1.651442307692308	6	10	0.5489621773827305
Bivalvia	stability	1000	1000	MF	840	851	380	0	0	GO:0016830	2.7524038461538463	2	2	0.6537880738789991
Bivalvia	stability	1000	1000	CC	840	851	376	0	0	GO:0005814	1.2357731554160125	22	49	0.7820805018876196
Bivalvia	closeness	1000	1000	all	986	994	2107	0	0	GO:0005654	1.0671172707387633	317	697	0.6619014072968954
Bivalvia	closeness	1000	1000	BP	986	994	1209	0	0	GO:0019752	1.759733606557377	3	4	0.6694945562684215
Bivalvia	closeness	1000	1000	MF	986	994	463	0	0	GO:0004521	1.6424180327868854	7	10	0.5646350126136997
Bivalvia	closeness	1000	1000	CC	986	994	435	0	0	GO:0005654	1.0671172707387633	317	697	0.780388216030537
Bivalvia	intersection	1000	355	all	435	438	983	0	0	GO:0008206	5.337995337995338	2	2	0.42509723987755965
Bivalvia	intersection	1000	355	BP	435	438	527	0	0	GO:0008206	5.337995337995338	2	2	0.3296418739764095
Bivalvia	intersection	1000	355	MF	435	438	217	0	0	GO:0003725	2.9655529655529658	5	9	0.47507211249541365
Bivalvia	intersection	1000	355	CC	435	438	239	0	0	GO:0005790	3.202797202797203	3	5	0.6782873467013056
Bivalvia	stability	2000	2000	all	1256	1276	2609	0	0	GO:0006890	1.2865168539325842	7	10	0.8047734388276699
Bivalvia	stability	2000	2000	BP	1256	1276	1553	0	0	GO:0006890	1.2865168539325842	7	10	0.7534383802670556
Bivalvia	stability	2000	2000	MF	1256	1276	545	0	0	GO:0030246	1.3127722999312084	5	7	0.8804566230358435
Bivalvia	stability	2000	2000	CC	1256	1276	511	0	0	GO:0031514	1.4077388067347427	36	47	0.6561118337672017
Bivalvia	closeness	2000	2000	all	1379	1403	2886	0	0	GO:0005886	1.0432874387482916	262	421	0.8245728879216739
Bivalvia	closeness	2000	2000	BP	1379	1403	1727	0	0	GO:0006888	1.1049181418873952	29	44	0.7936946494409032
Bivalvia	closeness	2000	2000	MF	1379	1403	617	0	0	GO:0003743	1.1399707174231333	17	25	0.8573285262505855
Bivalvia	closeness	2000	2000	CC	1379	1403	542	0	0	GO:0005886	1.0432874387482916	262	421	0.8936372536036391
Bivalvia	intersection	2000	725	MF	699	708	337	0	0	GO:1990931	3.314037626628075	2	2	0.4789561895130964
Bivalvia	intersection	2000	725	CC	699	708	347	0	0	GO:0005886	1.1020552677623052	140	421	0.6262572645119884
Bivalvia	stability	11382	11382	all	2176	2223	3971	0	0	GO:0006890	1.061167747914736	10	10	1.0
Bivalvia	stability	11382	11382	BP	2176	2223	2453	0	0	GO:0006890	1.061167747914736	10	10	0.9999999999994639
Bivalvia	stability	11382	11382	MF	2176	2223	830	0	0	GO:0030246	1.061167747914736	7	7	0.9854186665223417
Bivalvia	stability	11382	11382	CC	2176	2223	688	0	0	GO:0005829	1.019325427076915	877	913	0.8919320563658112
Bivalvia	closeness	11382	11382	all	2176	2223	3971	0	0	GO:0006890	1.061167747914736	10	10	1.0
Bivalvia	closeness	11382	11382	BP	2176	2223	2453	0	0	GO:0006890	1.061167747914736	10	10	0.9999999999994639
Bivalvia	closeness	11382	11382	MF	2176	2223	830	0	0	GO:0030246	1.061167747914736	7	7	0.9854186665223417
Bivalvia	closeness	11382	11382	CC	2176	2223	688	0	0	GO:0005829	1.019325427076915	877	913	0.8919320563658112
Bivalvia	intersection	11382	11382	all	2176	2223	3971	0	0	GO:0006890	1.061167747914736	10	10	1.0
Bivalvia	intersection	11382	11382	BP	2176	2223	2453	0	0	GO:0006890	1.061167747914736	10	10	0.9999999999994639
Bivalvia	intersection	11382	11382	MF	2176	2223	830	0	0	GO:0030246	1.061167747914736	7	7	0.9854186665223417
Bivalvia	intersection	11382	11382	CC	2176	2223	688	0	0	GO:0005829	1.019325427076915	877	913	0.8919320563658112
Cnidaria	stability	5	5	all	7	7	8	0	0	GO:0005730	4.063886424134871	2	161	0.4574817146961887
Cnidaria	stability	5	5	BP	7	7	0	0	0			0	0	
Cnidaria	stability	5	5	MF	7	7	3	0	0	GO:0003723	1.9300463548251157	2	339	0.41678823797315756
Cnidaria	stability	5	5	CC	7	7	5	0	0	GO:0005730	4.063886424134871	2	161	0.3285677615152282
Cnidaria	intersection	5	4	all	7	7	8	0	0	GO:0005730	4.063886424134871	2	161	0.4574817146961887
Cnidaria	intersection	5	4	BP	7	7	0	0	0			0	0	
Cnidaria	intersection	5	4	MF	7	7	3	0	0	GO:0003723	1.9300463548251157	2	339	0.41678823797315756
Cnidaria	intersection	5	4	CC	7	7	5	0	0	GO:0005730	4.063886424134871	2	161	0.3285677615152282
Cnidaria	stability	10	10	CC	16	17	15	0	0	GO:0005765	3.816666666666667	2	75	0.2605912124053281
Cnidaria	closeness	10	10	CC	16	17	15	0	0	GO:0005765	3.816666666666667	2	75	0.2605912124053281
Cnidaria	intersection	10	10	CC	16	17	15	0	0	GO:0005765	3.816666666666667	2	75	0.2605912124053281
Cnidaria	closeness	100	100	MF	167	169	91	0	0	GO:0000993	4.13855421686747	3	10	0.399411501957844
Cnidaria	intersection	100	46	MF	78	80	36	0	0	GO:0005102	2.590497737556561	3	34	0.5042394410005935
Cnidaria	stability	200	200	MF	288	294	145	0	0	GO:0004571	8.006993006993007	2	2	0.3725476398848344
Cnidaria	intersection	200	83	MF	142	145	76	0	0	GO:0008168	5.375586854460094	3	9	0.4007267848722032
Cnidaria	stability	500	500	all	562	573	1364	0	0	GO:0071300	4.103942652329749	6	6	0.2797309659162981
Cnidaria	closeness	500	500	all	584	595	1348	0	0	GO:0099122	3.9482758620689653	2	2	0.445157243533384
Cnidaria	closeness	500	500	BP	584	595	722	0	0	GO:0050766	3.9482758620689657	3	3	0.4167153526561474
Cnidaria	closeness	500	500	MF	584	595	314	0	0	GO:0099122	3.9482758620689653	2	2	0.4470359157118301
Cnidaria	intersection	500	199	all	266	273	608	0	0	GO:0005930	1.9941944847605226	18	78	0.25358416272264356
Cnidaria	intersection	500	199	MF	266	273	143	0	0	GO:0003714	1.7878985035783994	6	29	0.4753797220476015
Cnidaria	stability	1000	1000	all	898	916	2000	0	0	GO:0099122	2.570145903479237	2	2	0.621833656068859
Cnidaria	stability	1000	1000	BP	898	916	1157	0	0	GO:0006665	2.1417882528993637	5	6	0.5860659353775305
Cnidaria	stability	1000	1000	MF	898	916	425	0	0	GO:0099122	2.570145903479237	2	2	0.6810274367907984
Cnidaria	stability	1000	1000	CC	898	916	418	0	0	GO:0005929	1.3688820572878544	49	92	0.358831185063426
Cnidaria	closeness	1000	1000	all	925	940	2055	0	0	GO:0097110	2.489130434782609	9	9	0.547232673477509
Cnidaria	closeness	1000	1000	BP	925	940	1188	0	0	GO:0031124	2.0224184782608696	13	16	0.5983613422803403
Cnidaria	closeness	1000	1000	CC	925	940	415	0	0	GO:0097550	1.7779503105590062	5	7	0.713326604992036
Cnidaria	intersection	1000	393	BP	462	472	550	0	0	GO:0031124	2.489130434782609	8	16	0.34615607490557354
Cnidaria	intersection	1000	393	MF	462	472	218	0	0	GO:0099122	4.978260869565218	2	2	0.3991379799241787
Cnidaria	stability	2000	2000	all	1300	1326	2806	0	0	GO:0006890	1.2445652173913044	7	10	0.7453547693088299
Cnidaria	stability	2000	2000	BP	1300	1326	1684	0	0	GO:0006890	1.2445652173913044	7	10	0.7141515600119808
Cnidaria	stability	2000	2000	MF	1300	1326	595	0	0	GO:0005515	1.0065068373710762	1109	1959	0.7587145624597286
Cnidaria	stability	2000	2000	CC	1300	1326	527	0	0	GO:0005886	1.0220046915802363	242	421	0.8198322246891019
Cnidaria	closeness	2000	2000	all	1324	1345	2761	0	0	GO:0006890	1.2171602126044039	7	10	0.8172851779475616
Cnidaria	closeness	2000	2000	BP	1324	1345	1653	0	0	GO:0006890	1.2171602126044039	7	10	0.7932571967559531
Cnidaria	closeness	2000	2000	MF	1324	1345	586	0	0	GO:0031072	1.2645820390695106	8	11	0.8141061736974361
Cnidaria	closeness	2000	2000	CC	1324	1345	522	0	0	GO:0005576	1.0867501898253606	90	144	0.908400346645183
Cnidaria	intersection	2000	852	all	807	820	1788	0	0	GO:0099122	2.8625	2	2	0.5411640511595327
Cnidaria	intersection	2000	852	BP	807	820	1023	0	0	GO:0031124	1.7890625	10	16	0.5204377579924945
Cnidaria	intersection	2000	852	MF	807	820	387	0	0	GO:0099122	2.8625	2	2	0.5616970831494554
Cnidaria	stability	10007	10007	BP	2078	2113	2377	0	0	GO:0006890	1.1084220716360116	10	10	0.9947032348116543
Cnidaria	closeness	10007	10007	BP	2078	2113	2377	0	0	GO:0006890	1.1084220716360116	10	10	0.9947032348116543
Cnidaria	intersection	10007	10007	BP	2078	2113	2377	0	0	GO:0006890	1.1084220716360116	10	10	0.9947032348116543
Coleoidea	intersection	10	3	all	6	6	6	0	0	GO:0005737	1.0915157292659676	3	1049	0.7988584970719707
Coleoidea	intersection	10	3	BP	6	6	0	0	0			0	0	
Coleoidea	intersection	10	3	MF	6	6	1	0	0	GO:0005515	0.9741364641824061	5	1959	0.7893759542843316
Coleoidea	intersection	10	3	CC	6	6	5	0	0	GO:0005737	1.0915157292659676	3	1049	0.7988584970719705
Coleoidea	intersection	20	9	all	18	18	17	0	0	GO:0003735	6.058201058201059	2	42	0.3703384055544042
Coleoidea	intersection	20	9	CC	18	18	10	0	0	GO:0005840	5.917312661498707	2	43	0.4356922418287108
Coleoidea	stability	50	50	MF	89	90	47	0	0	GO:0043024	12.865168539325841	2	4	0.2596066407458962
Coleoidea	stability	100	100	MF	167	168	90	0	0	GO:0042974	6.856287425149701	2	4	0.28111866034212407
Coleoidea	stability	100	100	CC	167	168	136	0	0	GO:0032040	2.6119190191046484	4	21	0.3585400462242121
Coleoidea	stability	200	200	MF	304	306	163	0	0	GO:0034979	5.038503850385038	2	3	0.28843581116213074
Coleoidea	stability	500	500	all	614	621	1330	0	0	GO:0006412	1.8368983957219251	27	55	0.36862635051694687
Coleoidea	stability	500	500	MF	614	621	324	0	0	GO:0016616	3.1181917211328978	5	6	0.517347695453405
Coleoidea	stability	500	500	CC	614	621	314	0	0	GO:0022627	2.4945533769063184	10	15	0.2987003907731634
Coleoidea	closeness	500	500	all	690	699	1481	0	0	GO:0003682	1.236367562898175	40	108	0.41169415796878245
Coleoidea	closeness	500	500	BP	690	699	786	0	0	GO:0006406	1.8545513443472625	10	18	0.45239741614639517
Coleoidea	closeness	500	500	MF	690	699	347	0	0	GO:0003723	1.2505912605244374	127	339	0.26682605997341224
Coleoidea	intersection	500	294	MF	452	458	246	0	0	GO:0003723	1.2309406751884628	82	339	0.2709222305161685
Coleoidea	intersection	500	294	CC	452	458	245	0	0	GO:0071013	2.1203703703703707	10	24	0.3273176442222117
Coleoidea	stability	1000	1000	all	932	944	1939	0	0	GO:0006890	1.7273706896551726	7	10	0.6310409255058061
Coleoidea	stability	1000	1000	BP	932	944	1063	0	0	GO:0006890	1.7273706896551726	7	10	0.6373928893712592
Coleoidea	stability	1000	1000	MF	932	944	470	0	0	GO:0030170	1.5422952586206897	10	16	0.5922028338930929
Coleoidea	stability	1000	1000	CC	932	944	406	0	0	GO:0022627	1.9741379310344829	12	15	0.48298007332813453
Coleoidea	intersection	1000	612	all	780	790	1675	0	0	GO:0005783	1.1776414500750205	85	213	0.5211506415608125
Coleoidea	intersection	1000	612	BP	780	790	908	0	0	GO:0006631	1.770618556701031	6	10	0.5017921361375473
Coleoidea	intersection	1000	612	MF	780	790	397	0	0	GO:0003682	1.1749474990454372	43	108	0.5228364678815443
Coleoidea	intersection	1000	612	CC	780	790	370	0	0	GO:0005783	1.1776414500750205	85	213	0.5687086050611105
Coleoidea	stability	2000	2000	all	1275	1293	2583	0	0	GO:0000781	1.4413847364280095	32	40	0.531269592594533
Coleoidea	stability	2000	2000	BP	1275	1293	1492	0	0	GO:0002181	1.5615001311303438	26	30	0.4049158352323292
Coleoidea	stability	2000	2000	MF	1275	1293	580	0	0	GO:0030170	1.2386900078678207	11	16	0.7568049902802341
Coleoidea	closeness	2000	2000	BP	1499	1521	1765	0	0	GO:0006413	1.4315695467738336	28	30	0.6213169025285012
Coleoidea	intersection	2000	1244	all	1166	1183	2421	0	0	GO:0006890	1.7736660929432015	9	10	0.805027843435215
Coleoidea	intersection	2000	1244	BP	1166	1183	1389	0	0	GO:0006890	1.7736660929432015	9	10	0.7805376212213292
Coleoidea	intersection	2000	1244	MF	1166	1183	544	0	0	GO:0030170	1.3548838209982788	11	16	0.7778278113852355
Coleoidea	intersection	2000	1244	CC	1166	1183	488	0	0	GO:0005789	1.1134681583476767	113	200	0.9182438237336656
Coleoidea	stability	6061	6061	BP	1801	1827	2098	0	0	GO:0006890	1.1481894150417828	9	10	0.9414412153445848
Coleoidea	closeness	6061	6061	BP	1801	1827	2098	0	0	GO:0006890	1.1481894150417828	9	10	0.9414412153445848
Coleoidea	intersection	6061	6061	BP	1801	1827	2098	0	0	GO:0006890	1.1481894150417828	9	10	0.9414412153445848
Decapodiformes	intersection	5	1	all	2	2	1	0	0	GO:0005515	1.1689637570188873	2	1959	0.7317552524794781
Decapodiformes	intersection	5	1	BP	2	2	0	0	0			0	0	
Decapodiformes	intersection	5	1	MF	2	2	1	0	0	GO:0005515	1.1689637570188873	2	1959	0.7317552524794781
Decapodiformes	intersection	5	1	CC	2	2	0	0	0			0	0	
Decapodiformes	stability	10	10	MF	20	20	8	0	0	GO:0019904	5.605875152998776	2	43	0.38499775041817114
Decapodiformes	intersection	10	3	all	6	6	9	0	0	GO:0003677	4.741200828157349	2	161	0.27485057614256553
Decapodiformes	intersection	10	3	CC	6	6	5	0	0	GO:0005739	2.9358974358974357	2	260	0.7082689376246407
Decapodiformes	stability	20	20	CC	40	40	27	0	0	GO:0032588	4.893162393162393	2	24	0.5126417717929759
Decapodiformes	stability	50	50	CC	96	97	69	0	0	GO:0032154	6.574162679425837	3	11	0.2692025385143549
Decapodiformes	closeness	100	100	CC	187	190	124	0	0	GO:0002177	4.081996434937611	3	9	0.39940211511344875
Decapodiformes	stability	200	200	all	335	339	713	0	0	GO:0006281	1.9434652043347695	13	46	0.27848179668265105
Decapodiformes	stability	200	200	CC	335	339	199	0	0	GO:0005829	1.1072299024106254	147	913	0.4330836108412265
Decapodiformes	closeness	200	200	CC	330	334	192	0	0	GO:0022627	3.2581300813008136	7	15	0.2548658731910659
Decapodiformes	intersection	200	138	CC	239	241	158	0	0	GO:0005694	1.575992465951898	19	116	0.2802940722218448
Decapodiformes	stability	500	500	all	703	712	1533	0	0	GO:0000993	1.962857142857143	6	10	0.48181425650242765
Decapodiformes	stability	500	500	BP	703	712	830	0	0	GO:0016973	2.044642857142857	5	8	0.48423039942275536
Decapodiformes	stability	500	500	MF	703	712	354	0	0	GO:0003676	1.4575671852899574	45	101	0.3155211421909266
Decapodiformes	stability	500	500	CC	703	712	349	0	0	GO:0005654	1.121766755482681	239	697	0.5616831222219913
Decapodiformes	closeness	500	500	BP	715	724	835	0	0	GO:0016973	2.010182584269663	5	8	0.504004962026019
Decapodiformes	intersection	500	417	all	610	617	1336	0	0	GO:0003723	1.2798083324828817	115	339	0.2818385696193196
Decapodiformes	intersection	500	417	BP	610	617	713	0	0	GO:0016973	2.3579077429983526	5	8	0.45076126737043254
Decapodiformes	intersection	500	417	CC	610	617	312	0	0	GO:0005634	1.1024745840837893	282	965	0.475966955655004
Decapodiformes	stability	1000	1000	all	1105	1121	2430	0	0	GO:0005829	1.0944936771880913	480	913	0.5700491871901079
Decapodiformes	stability	1000	1000	BP	1105	1121	1401	0	0	GO:0006631	1.6654545454545455	8	10	0.6809214796362764
Decapodiformes	stability	1000	1000	MF	1105	1121	535	0	0	GO:0030170	1.3011363636363635	10	16	0.612728758115399
Decapodiformes	closeness	1000	1000	all	1108	1121	2403	0	0	GO:0099122	2.0742753623188404	2	2	0.72299504639255
Decapodiformes	closeness	1000	1000	BP	1108	1121	1373	0	0	GO:0003008	2.0742753623188404	2	2	0.7280007956674895
Decapodiformes	closeness	1000	1000	MF	1108	1121	535	0	0	GO:0099122	2.0742753623188404	2	2	0.6513719577847016
Decapodiformes	intersection	1000	867	all	1009	1022	2273	0	0	GO:0005829	1.1056110466288491	443	913	0.37001818719730567
Decapodiformes	intersection	1000	867	BP	1009	1022	1298	0	0	GO:0006631	1.8228855721393034	8	10	0.6406614391702499
Decapodiformes	intersection	1000	867	MF	1009	1022	504	0	0	GO:0003743	1.6405970149253732	18	25	0.5080843036242763
Decapodiformes	stability	2000	2000	all	1478	1501	3018	0	0	GO:0005829	1.067651461242117	627	913	0.6837171121241151
Decapodiformes	stability	2000	2000	BP	1478	1501	1788	0	0	GO:0006631	1.39918533604888	9	10	0.7924916180406588
Decapodiformes	stability	2000	2000	MF	1478	1501	658	0	0	GO:0030170	1.165987780040733	12	16	0.7763364620457341
Decapodiformes	closeness	2000	2000	BP	1501	1525	1808	0	0	GO:0006631	1.2245989304812834	8	10	0.833085585598665
Decapodiformes	closeness	2000	2000	MF	1501	1525	670	0	0	GO:0030170	1.1480614973262033	12	16	0.7718021879854888
Decapodiformes	intersection	2000	1731	all	1406	1427	2904	0	0	GO:0005829	1.0723915713467067	599	913	0.6583932888741562
Decapodiformes	intersection	2000	1731	BP	1406	1427	1708	0	0	GO:0006631	1.3076374018558174	8	10	0.820418234988464
Decapodiformes	intersection	2000	1731	MF	1406	1427	635	0	0	GO:0030170	1.2259100642398288	12	16	0.735624354178422
Decapodiformes	stability	2427	2427	BP	1604	1630	1911	0	0	GO:0006631	1.2889305816135086	9	10	0.8905800582359714
Decapodiformes	stability	2427	2427	MF	1604	1630	692	0	0	GO:0030170	1.074108818011257	12	16	0.8627268227867196
Decapodiformes	closeness	2427	2427	BP	1604	1630	1911	0	0	GO:0006631	1.2889305816135086	9	10	0.8905800582359714
Decapodiformes	closeness	2427	2427	MF	1604	1630	692	0	0	GO:0030170	1.074108818011257	12	16	0.8627268227867196
Decapodiformes	intersection	2427	2427	BP	1604	1630	1911	0	0	GO:0006631	1.2889305816135086	9	10	0.8905800582359714
Decapodiformes	intersection	2427	2427	MF	1604	1630	692	0	0	GO:0030170	1.074108818011257	12	16	0.8627268227867196
Deuterostomia	stability	5	5	BP	9	9	0	0	0			0	0	
Deuterostomia	stability	5	5	CC	9	9	9	0	0	GO:0005634	1.318364997121474	5	965	0.4687367477950781
Deuterostomia	intersection	5	2	all	4	4	5	0	0	GO:0016020	2.8435430463576155	3	604	0.2935682518805405
Deuterostomia	intersection	5	2	BP	4	4	0	0	0			0	0	
Deuterostomia	intersection	5	2	MF	4	4	1	0	0	GO:0005515	1.1689637570188873	4	1959	0.5353075143722248
Deuterostomia	stability	10	10	all	17	17	20	0	0	GO:0000287	5.9869281045751634	2	45	0.5291001501219137
Deuterostomia	stability	10	10	BP	17	17	2	0	0	GO:0000122	2.3225152129817443	2	116	0.29881311765103213
Deuterostomia	stability	10	10	MF	17	17	6	0	0	GO:0000287	5.9869281045751634	2	45	0.2555542178686922
Deuterostomia	stability	10	10	CC	17	17	12	0	0	GO:0005739	2.0723981900452486	4	260	0.4413145887140335
Deuterostomia	closeness	10	10	CC	20	20	18	0	0	GO:0005739	2.6423076923076922	6	260	0.258642135542954
Deuterostomia	intersection	10	4	BP	8	8	0	0	0			0	0	
Deuterostomia	stability	500	500	all	621	624	1460	0	0	GO:0032991	1.5012526047154129	56	138	0.37273212750040485
Deuterostomia	stability	500	500	BP	621	624	771	0	0	GO:0006282	1.6647819063004847	9	20	0.4262636466133955
Deuterostomia	stability	500	500	MF	621	624	355	0	0	GO:0022857	1.9920467254877592	7	13	0.37414046376522136
Deuterostomia	closeness	500	500	all	679	682	1525	0	0	GO:0003008	3.3825701624815365	2	2	0.4895026297039428
Deuterostomia	closeness	500	500	BP	679	682	824	0	0	GO:0003008	3.3825701624815365	2	2	0.47961200170616525
Deuterostomia	closeness	500	500	MF	679	682	352	0	0	GO:0003723	1.1474795536441789	115	339	0.45194734598239444
Deuterostomia	closeness	500	500	CC	679	682	349	0	0	GO:0032991	1.3971485453728085	57	138	0.5597616835095368
Deuterostomia	stability	1000	1000	BP	990	998	1229	0	0	GO:0019752	1.7383603238866396	3	4	0.6668607282315006
Deuterostomia	stability	1000	1000	MF	990	998	490	0	0	GO:0030170	1.4486336032388665	10	16	0.5946119621783703
Deuterostomia	closeness	1000	1000	all	1031	1040	2207	0	0	GO:0003008	2.225461613216715	2	2	0.7192179795515832
Deuterostomia	closeness	1000	1000	BP	1031	1040	1247	0	0	GO:0003008	2.225461613216715	2	2	0.7377656947186649
Deuterostomia	closeness	1000	1000	MF	1031	1040	502	0	0	GO:0004521	1.5578231292517006	7	10	0.665218271896265
Deuterostomia	closeness	1000	1000	CC	1031	1040	458	0	0	GO:0000139	1.281865889212828	72	125	0.36580165139952625
Deuterostomia	intersection	1000	884	all	939	947	2067	0	0	GO:0004553	1.9551760939167557	4	5	0.6263648462371054
Deuterostomia	intersection	1000	884	BP	939	947	1157	0	0	GO:0008203	1.8329775880469583	6	8	0.6470380905157932
Deuterostomia	intersection	1000	884	MF	939	947	472	0	0	GO:0004553	1.9551760939167557	4	5	0.5623500416162213
Deuterostomia	stability	1398	1398	all	1209	1218	2529	0	0	GO:0003008	1.8988391376451077	2	2	0.7886787656785982
Deuterostomia	stability	1398	1398	BP	1209	1218	1466	0	0	GO:0003008	1.8988391376451077	2	2	0.7938109566999442
Deuterostomia	stability	1398	1398	MF	1209	1218	565	0	0	GO:0030170	1.3054519071310116	11	16	0.7319606837671325
Deuterostomia	closeness	1398	1398	all	1209	1218	2529	0	0	GO:0003008	1.8988391376451077	2	2	0.7886787656785982
Deuterostomia	closeness	1398	1398	BP	1209	1218	1466	0	0	GO:0003008	1.8988391376451077	2	2	0.7938109566999442
Deuterostomia	closeness	1398	1398	MF	1209	1218	565	0	0	GO:0030170	1.3054519071310116	11	16	0.7319606837671325
Deuterostomia	intersection	1398	1398	all	1209	1218	2529	0	0	GO:0003008	1.8988391376451077	2	2	0.7886787656785982
Deuterostomia	intersection	1398	1398	BP	1209	1218	1466	0	0	GO:0003008	1.8988391376451077	2	2	0.7938109566999442
Deuterostomia	intersection	1398	1398	MF	1209	1218	565	0	0	GO:0030170	1.3054519071310116	11	16	0.7319606837671325
Diptera	stability	5	5	MF	8	10	2	0	0	GO:0005524	2.5444444444444447	2	225	0.36301946877301733
Diptera	stability	5	5	CC	8	10	4	0	0	GO:0070062	3.066964285714286	3	280	0.2535868967909876
Diptera	closeness	5	5	MF	9	10	3	0	0	GO:0042802	2.043730477465417	2	249	0.3830828025387235
Diptera	closeness	5	5	CC	9	10	6	0	0	GO:0005634	1.5820379965457685	6	965	0.7481063269919109
Diptera	intersection	5	3	CC	5	6	4	0	0	GO:0005737	1.309818875119161	3	1049	0.42169716737926066
Diptera	stability	10	10	CC	18	20	13	0	0	GO:0005634	1.5820379965457685	12	965	0.4029541400041308
Diptera	closeness	10	10	MF	18	20	7	0	0	GO:0042803	3.6698717948717943	3	104	0.28784797395654066
Diptera	intersection	10	5	MF	8	10	2	0	0	GO:0005524	2.5444444444444447	2	225	0.36301946877301733
Diptera	intersection	10	5	CC	8	10	5	0	0	GO:0005634	1.4831606217616582	5	965	0.6375902476075597
Diptera	stability	20	20	CC	37	39	29	0	0	GO:0005794	2.3355430902600713	8	212	0.47038486706027355
Diptera	closeness	20	20	MF	38	40	22	0	0	GO:0004812	8.035087719298245	2	15	0.2933951416873522
Diptera	intersection	20	8	CC	14	16	10	0	0	GO:0070062	1.7525510204081634	3	280	0.6449404650984687
Diptera	intersection	100	22	CC	34	36	24	0	0	GO:0005886	1.759815565180942	11	421	0.2816015601696806
Diptera	closeness	200	200	CC	273	279	186	0	0	GO:0045202	1.63478012564249	20	103	0.26767294961894944
Diptera	stability	500	500	BP	490	497	735	0	0	GO:0006631	2.3415132924335382	5	10	0.27426785785823743
Diptera	closeness	500	500	all	551	557	1409	0	0	GO:0048488	3.128415300546448	9	12	0.37655928505386616
Diptera	closeness	500	500	MF	551	557	316	0	0	GO:0004553	3.336976320582878	4	5	0.34910245735468765
Diptera	closeness	500	500	CC	551	557	324	0	0	GO:0005829	1.123899472704529	246	913	0.3240197841684052
Diptera	stability	1000	1000	BP	761	771	1026	0	0	GO:0006665	2.0114185331576637	4	6	0.3923694362905342
Diptera	closeness	1000	1000	BP	851	859	1174	0	0	GO:0006665	1.7981939536709854	4	6	0.5000736306682585
Diptera	stability	2000	2000	BP	1073	1084	1464	0	0	GO:0000122	1.3087188898547926	71	116	0.4648243685984667
Diptera	closeness	2000	2000	BP	1177	1189	1585	0	0	GO:0048488	1.9489361702127659	12	12	0.5134773343579494
Echinodermata	stability	5	5	BP	8	10	0	0	0			0	0	
Echinodermata	stability	5	5	MF	8	10	1	0	0	GO:0005515	0.8349741121563481	5	1959	0.9330984546953447
Echinodermata	closeness	5	5	BP	9	10	0	0	0			0	0	
Echinodermata	closeness	5	5	MF	9	10	1	0	0	GO:0005515	0.8767228177641654	6	1959	0.9041021412090823
Echinodermata	intersection	5	4	BP	7	8	0	0	0			0	0	
Echinodermata	intersection	5	4	MF	7	8	1	0	0	GO:0005515	0.7793091713459248	4	1959	0.9572850033574083
Echinodermata	stability	100	100	MF	181	184	92	0	0	GO:0050661	8.625235404896422	2	3	0.3118618014805701
Echinodermata	stability	200	200	all	313	318	657	0	0	GO:0036064	1.8587662337662338	17	68	0.2519263264471835
Echinodermata	stability	200	200	MF	313	318	152	0	0	GO:0043997	4.461038961038962	3	5	0.2702273256702043
Echinodermata	closeness	200	200	all	344	347	682	0	0	GO:0030317	1.8295231071779745	13	48	0.3783186702817268
Echinodermata	closeness	200	200	BP	344	347	324	0	0	GO:0030317	1.8295231071779745	13	48	0.30620514075588445
Echinodermata	closeness	200	200	MF	344	347	168	0	0	GO:0043997	4.053097345132744	3	5	0.4286871970582382
Echinodermata	closeness	200	200	CC	344	347	190	0	0	GO:0045259	5.404129793510324	4	5	0.39668945695286484
Echinodermata	stability	500	500	all	568	574	1251	0	0	GO:0021954	4.074733096085409	2	2	0.4792648287468283
Echinodermata	stability	500	500	BP	568	574	673	0	0	GO:0021954	4.074733096085409	2	2	0.42165934810666994
Echinodermata	stability	500	500	MF	568	574	273	0	0	GO:0016878	4.074733096085409	2	2	0.5296864398782344
Echinodermata	closeness	500	500	all	664	672	1436	0	0	GO:0005634	1.0747279399026726	298	965	0.5974483434045615
Echinodermata	closeness	500	500	BP	664	672	784	0	0	GO:0030317	1.8126266464032421	25	48	0.38501387412223537
Echinodermata	closeness	500	500	MF	664	672	314	0	0	GO:0003743	1.809726443768997	13	25	0.5967864450752642
Echinodermata	closeness	500	500	CC	664	672	338	0	0	GO:0005930	1.5170290702205596	34	78	0.5837746536506034
Echinodermata	intersection	500	200	MF	319	321	148	0	0	GO:0043997	4.375796178343949	3	5	0.4081104035079633
Echinodermata	stability	1000	1000	all	847	855	1890	0	0	GO:0099122	2.7261904761904763	2	2	0.6194823516430831
Echinodermata	stability	1000	1000	BP	847	855	1059	0	0	GO:0050766	2.7261904761904763	3	3	0.5865835472910277
Echinodermata	stability	1000	1000	MF	847	855	420	0	0	GO:0030165	2.2718253968253967	10	12	0.52985218136512
Echinodermata	stability	1000	1000	CC	847	855	411	0	0	GO:0035869	2.2718253968253967	10	12	0.34305581583803896
Echinodermata	closeness	1000	1000	all	999	1013	2173	0	0	GO:0099122	2.315470171890799	2	2	0.7081469008076257
Echinodermata	closeness	1000	1000	BP	999	1013	1261	0	0	GO:0042274	1.4734810184759628	14	22	0.7157982428843612
Echinodermata	closeness	1000	1000	MF	999	1013	469	0	0	GO:0099122	2.315470171890799	2	2	0.6897640554764484
Echinodermata	closeness	1000	1000	CC	999	1013	443	0	0	GO:0031514	1.4779596841856162	30	47	0.6837091856041179
Echinodermata	intersection	1000	372	all	483	488	1102	0	0	GO:0021954	4.7907949790794975	2	2	0.3929042843135036
Echinodermata	intersection	1000	372	BP	483	488	602	0	0	GO:0021954	4.7907949790794975	2	2	0.335712018441074
Echinodermata	intersection	1000	372	MF	483	488	237	0	0	GO:0019900	2.5550906555090656	8	15	0.4297637035745249
Echinodermata	stability	2000	2000	all	1219	1231	2555	0	0	GO:0099122	1.8956953642384105	2	2	0.7896621544429683
Echinodermata	stability	2000	2000	BP	1219	1231	1510	0	0	GO:0050766	1.8956953642384107	3	3	0.7595296729725383
Echinodermata	stability	2000	2000	MF	1219	1231	553	0	0	GO:0099122	1.8956953642384105	2	2	0.7848054120896707
Echinodermata	stability	2000	2000	CC	1219	1231	492	0	0	GO:0031514	1.4520219811187827	36	47	0.29368892878459557
Echinodermata	closeness	2000	2000	all	1358	1378	2788	0	0	GO:0031072	1.3909698319497874	9	11	0.8719047086749451
Echinodermata	closeness	2000	2000	BP	1358	1378	1649	0	0	GO:0050766	1.70007423904974	3	3	0.8564022646677054
Echinodermata	closeness	2000	2000	MF	1358	1378	607	0	0	GO:0031072	1.3909698319497874	9	11	0.8776306466920373
Echinodermata	closeness	2000	2000	CC	1358	1378	532	0	0	GO:0016020	1.0329921286941302	367	604	0.9020131012227971
Echinodermata	intersection	2000	771	all	769	776	1665	0	0	GO:0005515	1.0197670669783188	663	1959	0.5342035596878092
Echinodermata	intersection	2000	771	BP	769	776	924	0	0	GO:0006665	2.008771929824561	4	6	0.4999111071899202
Echinodermata	intersection	2000	771	MF	769	776	372	0	0	GO:0005515	1.0197670669783188	663	1959	0.5685707799393123
Echinodermata	intersection	2000	771	CC	769	776	369	0	0	GO:0005783	1.1317024956758093	80	213	0.5981534341072043
Echinodermata	stability	8170	8170	all	1992	2023	3723	0	0	GO:0006890	1.1583206879109764	10	10	0.9769909492196388
Echinodermata	stability	8170	8170	BP	1992	2023	2265	0	0	GO:0006890	1.1583206879109764	10	10	0.9799456637271228
Echinodermata	stability	8170	8170	MF	1992	2023	799	0	0	GO:0005524	1.0810993087169112	210	225	0.32387535572627557
Echinodermata	stability	8170	8170	CC	1992	2023	659	0	0	GO:0005886	0.9959907102702457	362	421	0.9990425078811728
Echinodermata	closeness	8170	8170	all	1992	2023	3723	0	0	GO:0006890	1.1583206879109764	10	10	0.9769909492196388
Echinodermata	closeness	8170	8170	BP	1992	2023	2265	0	0	GO:0006890	1.1583206879109764	10	10	0.9799456637271228
Echinodermata	closeness	8170	8170	MF	1992	2023	799	0	0	GO:0005524	1.0810993087169112	210	225	0.32387535572627557
Echinodermata	closeness	8170	8170	CC	1992	2023	659	0	0	GO:0005886	0.9959907102702457	362	421	0.9990425078811728
Echinodermata	intersection	8170	8170	all	1992	2023	3723	0	0	GO:0006890	1.1583206879109764	10	10	0.9769909492196388
Echinodermata	intersection	8170	8170	BP	1992	2023	2265	0	0	GO:0006890	1.1583206879109764	10	10	0.9799456637271228
Echinodermata	intersection	8170	8170	MF	1992	2023	799	0	0	GO:0005524	1.0810993087169112	210	225	0.32387535572627557
Echinodermata	intersection	8170	8170	CC	1992	2023	659	0	0	GO:0005886	0.9959907102702457	362	421	0.9990425078811728
Gastropoda	stability	5	5	MF	10	10	1	0	0	GO:0005515	0.7013782542113323	6	1959	0.9917332416977004
Gastropoda	closeness	5	5	MF	10	10	1	0	0	GO:0005515	0.818274629913221	7	1959	0.9560306071820858
Gastropoda	intersection	5	4	MF	8	8	1	0	0	GO:0005515	0.7306023481368045	5	1959	0.9814256438392628
Gastropoda	closeness	10	10	MF	19	19	1	0	0	GO:0005515	0.9843905322264314	16	1959	0.7093159838633653
Gastropoda	intersection	10	6	MF	12	12	1	0	0	GO:0005515	0.8767228177641654	9	1959	0.9179740443223295
Gastropoda	intersection	20	14	MF	28	28	8	0	0	GO:0030674	3.200559049615653	2	53	0.34096537357618106
Gastropoda	stability	100	100	CC	177	181	138	0	0	GO:0032991	1.6028491436100132	17	138	0.29290117949010214
Gastropoda	closeness	100	100	CC	176	180	135	0	0	GO:0005840	2.130232558139535	7	43	0.35441717965488306
Gastropoda	intersection	100	95	CC	167	171	134	0	0	GO:0005840	2.245727094424208	7	43	0.3130606161990943
Gastropoda	stability	200	200	all	329	334	802	0	0	GO:0008649	7.024539877300613	2	2	0.3449023840918888
Gastropoda	stability	200	200	BP	329	334	401	0	0	GO:0007179	3.5122699386503067	8	16	0.2822173758071061
Gastropoda	stability	200	200	MF	329	334	179	0	0	GO:0008649	7.024539877300613	2	2	0.27831035462929793
Gastropoda	stability	200	200	CC	329	334	222	0	0	GO:0005789	1.2995398773006135	37	200	0.46531838998450914
Gastropoda	closeness	200	200	all	332	337	749	0	0	GO:0006851	6.96048632218845	4	4	0.31413292076966415
Gastropoda	closeness	200	200	MF	332	337	164	0	0	GO:0008649	6.96048632218845	2	2	0.33762322556497354
Gastropoda	closeness	200	200	CC	332	337	210	0	0	GO:0005789	1.3224924012158055	38	200	0.4831950497040722
Gastropoda	intersection	200	146	all	254	258	573	0	0	GO:1900026	4.561752988047808	4	8	0.2708478719375464
Gastropoda	intersection	200	146	CC	254	258	175	0	0	GO:0005925	1.726068698180252	14	74	0.3643016475463133
Gastropoda	stability	500	500	all	661	673	1565	0	0	GO:0099122	3.49618320610687	2	2	0.4985240701384267
Gastropoda	stability	500	500	BP	661	673	868	0	0	GO:0031167	2.622137404580153	3	4	0.4572846496398781
Gastropoda	stability	500	500	MF	661	673	336	0	0	GO:0099122	3.49618320610687	2	2	0.4602348731859418
Gastropoda	stability	500	500	CC	661	673	361	0	0	GO:0005654	1.098513805075186	219	697	0.7063979133508715
Gastropoda	closeness	500	500	all	701	711	1589	0	0	GO:0099122	3.3044733044733046	2	2	0.5745944543045728
Gastropoda	closeness	500	500	BP	701	711	894	0	0	GO:0030149	3.3044733044733046	3	3	0.5176527027726892
Gastropoda	closeness	500	500	MF	701	711	349	0	0	GO:0099122	3.3044733044733046	2	2	0.5772125779549647
Gastropoda	closeness	500	500	CC	701	711	346	0	0	GO:0097550	1.4162028447742734	3	7	0.7569609706952971
Gastropoda	intersection	500	231	all	383	388	911	0	0	GO:0007179	3.407738095238095	9	16	0.29231523520062286
Gastropoda	intersection	500	231	MF	383	388	200	0	0	GO:0099122	6.058201058201058	2	2	0.3198401270684044
Gastropoda	intersection	500	231	CC	383	388	242	0	0	GO:0005783	1.308343890503515	46	213	0.3855038046541802
Gastropoda	stability	1000	1000	all	1005	1021	2164	0	0	GO:0099122	2.296890672016048	2	2	0.7084809763026105
Gastropoda	stability	1000	1000	BP	1005	1021	1251	0	0	GO:0006890	1.3781344032096288	6	10	0.6709777482208834
Gastropoda	stability	1000	1000	MF	1005	1021	469	0	0	GO:0099122	2.296890672016048	2	2	0.7161014900476708
Gastropoda	stability	1000	1000	CC	1005	1021	444	0	0	GO:0005654	1.054526563909807	320	697	0.8268248004551324
Gastropoda	closeness	1000	1000	all	1073	1090	2269	0	0	GO:0099122	2.1563088512241055	2	2	0.7609131542286408
Gastropoda	closeness	1000	1000	BP	1073	1090	1332	0	0	GO:0030149	2.1563088512241055	3	3	0.7017827474726106
Gastropoda	closeness	1000	1000	MF	1073	1090	482	0	0	GO:0099122	2.1563088512241055	2	2	0.8262680809832156
Gastropoda	closeness	1000	1000	CC	1073	1090	455	0	0	GO:0005654	1.054951676136901	341	697	0.8741811722146056
Gastropoda	intersection	1000	409	all	577	584	1371	0	0	GO:0099122	4.003496503496503	2	2	0.4568216838432486
Gastropoda	intersection	1000	409	BP	577	584	734	0	0	GO:0031167	3.0026223776223775	3	4	0.43146051416096654
Gastropoda	intersection	1000	409	MF	577	584	310	0	0	GO:0099122	4.003496503496503	2	2	0.47111691683821894
Gastropoda	stability	2000	2000	all	1393	1421	2870	0	0	GO:0006890	1.324656543745481	8	10	0.8318599272421626
Gastropoda	stability	2000	2000	BP	1393	1421	1723	0	0	GO:0006890	1.324656543745481	8	10	0.7942509484025047
Gastropoda	stability	2000	2000	MF	1393	1421	621	0	0	GO:0030246	1.4192748682987295	6	7	0.8417599687062263
Gastropoda	stability	2000	2000	CC	1393	1421	526	0	0	GO:0005886	1.0422624230776498	265	421	0.9578111306096326
Gastropoda	closeness	2000	2000	all	1484	1512	2933	0	0	GO:0006890	1.4020408163265305	9	10	0.8685765607188628
Gastropoda	closeness	2000	2000	BP	1484	1512	1747	0	0	GO:0006890	1.4020408163265305	9	10	0.8415325118612607
Gastropoda	closeness	2000	2000	MF	1484	1512	637	0	0	GO:0030246	1.5578231292517009	7	7	0.8736384766247007
Gastropoda	closeness	2000	2000	CC	1484	1512	549	0	0	GO:0005789	1.0748979591836736	138	200	0.9603270403091502
Gastropoda	intersection	2000	841	all	923	937	1966	0	0	GO:0099122	2.5027322404371586	2	2	0.6408213556934362
Gastropoda	intersection	2000	841	BP	923	937	1118	0	0	GO:0006890	1.751912568306011	7	10	0.6107002141365965
Gastropoda	intersection	2000	841	MF	923	937	437	0	0	GO:0099122	2.5027322404371586	2	2	0.6244611799635457
Gastropoda	intersection	2000	841	CC	923	937	411	0	0	GO:1902494	2.5027322404371586	7	7	0.659077355220989
Gastropoda	stability	9718	9718	all	2137	2181	3952	0	0	GO:0006890	1.0796793965110798	10	10	0.999996919494009
Gastropoda	stability	9718	9718	BP	2137	2181	2427	0	0	GO:0006890	1.0796793965110798	10	10	0.9999969194940089
Gastropoda	stability	9718	9718	MF	2137	2181	837	0	0	GO:0030246	1.0796793965110796	7	7	0.97846359035235
Gastropoda	stability	9718	9718	CC	2137	2181	688	0	0	GO:0005886	1.025823654642356	400	421	0.9999837023484399
Gastropoda	closeness	9718	9718	all	2137	2181	3952	0	0	GO:0006890	1.0796793965110798	10	10	0.999996919494009
Gastropoda	closeness	9718	9718	BP	2137	2181	2427	0	0	GO:0006890	1.0796793965110798	10	10	0.9999969194940089
Gastropoda	closeness	9718	9718	MF	2137	2181	837	0	0	GO:0030246	1.0796793965110796	7	7	0.97846359035235
Gastropoda	closeness	9718	9718	CC	2137	2181	688	0	0	GO:0005886	1.025823654642356	400	421	0.9999837023484399
Gastropoda	intersection	9718	9718	all	2137	2181	3952	0	0	GO:0006890	1.0796793965110798	10	10	0.999996919494009
Gastropoda	intersection	9718	9718	BP	2137	2181	2427	0	0	GO:0006890	1.0796793965110798	10	10	0.9999969194940089
Gastropoda	intersection	9718	9718	MF	2137	2181	837	0	0	GO:0030246	1.0796793965110796	7	7	0.97846359035235
Gastropoda	intersection	9718	9718	CC	2137	2181	688	0	0	GO:0005886	1.025823654642356	400	421	0.9999837023484399
Insecta	stability	5	5	all	7	9	9	0	0	GO:0005743	7.269841269841269	2	90	0.2538337643849344
Insecta	stability	5	5	BP	7	9	0	0	0			0	0	
Insecta	stability	5	5	MF	7	9	2	0	0	GO:0005524	2.907936507936508	2	225	0.2903162697265237
Insecta	intersection	5	2	all	2	4	0	0	0			0	0	
Insecta	intersection	5	2	BP	2	4	0	0	0			0	0	
Insecta	intersection	5	2	MF	2	4	0	0	0			0	0	
Insecta	intersection	5	2	CC	2	4	0	0	0			0	0	
Insecta	intersection	10	2	all	2	4	0	0	0			0	0	
Insecta	intersection	10	2	BP	2	4	0	0	0			0	0	
Insecta	intersection	10	2	MF	2	4	0	0	0			0	0	
Insecta	intersection	10	2	CC	2	4	0	0	0			0	0	
Insecta	intersection	20	4	MF	6	8	1	0	0	GO:0005515	0.7793091713459248	4	1959	0.9572850033574083
Insecta	intersection	20	4	CC	6	8	4	0	0	GO:0005886	1.8131433095803642	2	421	0.8465438835042949
Insecta	stability	50	50	CC	75	77	53	0	0	GO:0005681	5.3882352941176475	3	17	0.2560774986240237
Insecta	stability	100	100	CC	143	149	106	0	0	GO:0005921	16.013986013986013	2	2	0.3672541524774692
Insecta	stability	200	200	BP	270	279	319	0	0	GO:0006338	1.8709150326797386	15	68	0.2600019054935272
Insecta	stability	200	200	CC	270	279	179	0	0	GO:0005853	8.481481481481481	2	2	0.49604125292589546
Insecta	closeness	500	500	all	582	592	1520	0	0	GO:0030833	3.147766323024055	4	5	0.33168443368223677
Insecta	closeness	500	500	BP	582	592	841	0	0	GO:0030833	3.147766323024055	4	5	0.3047851727341224
Insecta	intersection	1000	699	all	745	756	1832	0	0	GO:0016887	1.5031882970742685	42	86	0.2662688076953659
Insecta	intersection	1000	699	BP	745	756	1041	0	0	GO:0007032	2.5649641577060933	10	12	0.2639887621720828
Mollusca	closeness	5	5	BP	10	10	0	0	0			0	0	
Mollusca	closeness	5	5	MF	10	10	2	0	0	GO:0005515	1.1689637570188873	9	1959	0.39384691088355256
Mollusca	intersection	5	3	BP	6	6	0	0	0			0	0	
Mollusca	intersection	5	3	MF	6	6	2	0	0	GO:0003723	2.702064896755162	2	339	0.32203489982970074
Mollusca	closeness	50	50	MF	94	94	54	0	0	GO:0042393	2.0742753623188404	4	48	0.41937645240546195
Mollusca	closeness	100	100	all	181	183	408	0	0	GO:0044183	4.020365168539326	5	16	0.34812198286178314
Mollusca	closeness	100	100	MF	181	183	89	0	0	GO:0044183	4.020365168539326	5	16	0.2571351547618952
Mollusca	closeness	100	100	CC	181	183	140	0	0	GO:0033116	2.4505082932049227	4	21	0.4200685065997631
Mollusca	intersection	100	39	MF	72	74	48	0	0	GO:0003713	2.2407045009784734	5	73	0.2994125952519361
Mollusca	stability	200	200	CC	266	271	178	0	0	GO:0000151	2.2642442219750336	8	31	0.42876838363874303
Mollusca	closeness	200	200	all	321	323	709	0	0	GO:0070922	7.20125786163522	2	2	0.41317820301851577
Mollusca	closeness	200	200	BP	321	323	345	0	0	GO:0070922	7.20125786163522	2	2	0.31594021367222797
Mollusca	closeness	200	200	CC	321	323	199	0	0	GO:0005783	1.3185401718487024	39	213	0.718306009117741
Mollusca	intersection	200	66	MF	111	113	69	0	0	GO:0019992	8.403669724770642	2	5	0.2709452732234735
Mollusca	intersection	200	66	CC	111	113	85	0	0	GO:0035577	5.72977481234362	3	11	0.2997540358647247
Mollusca	stability	500	500	all	523	532	1159	0	0	GO:0071819	4.437984496124031	2	2	0.4240675190910534
Mollusca	stability	500	500	BP	523	532	643	0	0	GO:0006357	1.277117840611232	40	139	0.33369620761917457
Mollusca	stability	500	500	MF	523	532	235	0	0	GO:0003723	1.1913173721158903	91	339	0.5179832090851083
Mollusca	closeness	500	500	all	604	614	1333	0	0	GO:0005783	1.3506499634321842	75	213	0.5225724577460513
Mollusca	closeness	500	500	BP	604	614	740	0	0	GO:0019752	2.8768844221105527	3	4	0.4566446253553713
Mollusca	closeness	500	500	MF	604	614	287	0	0	GO:0003697	1.6877721943048578	11	25	0.43516630701659553
Mollusca	closeness	500	500	CC	604	614	306	0	0	GO:0005783	1.3506499634321842	75	213	0.3715020185196816
Mollusca	intersection	500	179	CC	252	255	189	0	0	GO:0005829	1.1226283432851643	111	913	0.4613454371248533
Mollusca	stability	1000	1000	all	826	840	1818	0	0	GO:0006629	1.4716277874172612	10	19	0.5942937675966394
Mollusca	stability	1000	1000	BP	826	840	1041	0	0	GO:0006629	1.4716277874172612	10	19	0.5272024351098725
Mollusca	stability	1000	1000	MF	826	840	383	0	0	GO:0004553	2.7960927960927964	5	5	0.6968673478317904
Mollusca	stability	1000	1000	CC	826	840	394	0	0	GO:0036064	1.4802844214608921	36	68	0.5763304157409385
Mollusca	closeness	1000	1000	all	895	908	2004	0	0	GO:0005654	1.0408434278652754	281	697	0.6216506112599544
Mollusca	closeness	1000	1000	BP	895	908	1173	0	0	GO:0019752	1.93630214205186	3	4	0.5802256817913856
Mollusca	closeness	1000	1000	CC	895	908	419	0	0	GO:0005654	1.0408434278652754	281	697	0.7754738996648052
Mollusca	intersection	1000	345	all	414	420	1006	0	0	GO:0008206	5.585365853658536	2	2	0.37821209990693666
Mollusca	intersection	1000	345	BP	414	420	554	0	0	GO:0008206	5.585365853658536	2	2	0.3003887355638587
Mollusca	intersection	1000	345	MF	414	420	197	0	0	GO:0051219	3.7235772357723578	4	6	0.3707175911508525
Mollusca	intersection	1000	345	CC	414	420	255	0	0	GO:0005886	1.1409535948091072	86	421	0.662812277940228
Mollusca	stability	2000	2000	all	1256	1277	2605	0	0	GO:0012507	1.8364073777064958	15	15	0.27511638407349287
Mollusca	stability	2000	2000	BP	1256	1277	1572	0	0	GO:0006890	1.2854851643945469	7	10	0.7661819113540626
Mollusca	stability	2000	2000	MF	1256	1277	527	0	0	GO:0030246	1.5740634666055677	6	7	0.9273214385192821
Mollusca	closeness	2000	2000	all	1265	1284	2604	0	0	GO:0005783	1.0956610149218027	128	213	0.8759747713327729
Mollusca	closeness	2000	2000	BP	1265	1284	1543	0	0	GO:0019752	1.367436305732484	3	4	0.8504433073495858
Mollusca	closeness	2000	2000	MF	1265	1284	553	0	0	GO:0005515	1.0023678075711318	1077	1959	0.8982676098101238
Mollusca	closeness	2000	2000	CC	1265	1284	508	0	0	GO:0005815	1.5746236247828604	19	22	0.9211292134801433
Mollusca	intersection	2000	759	all	713	723	1637	0	0	GO:0003008	3.239038189533239	2	2	0.5044673228537945
Mollusca	intersection	2000	759	BP	713	723	944	0	0	GO:0003008	3.239038189533239	2	2	0.44721748680896206
Mollusca	intersection	2000	759	MF	713	723	325	0	0	GO:0003723	1.1943356156096014	125	339	0.5951450930124561
Mollusca	intersection	2000	759	CC	713	723	368	0	0	GO:0005886	1.1078895470137446	144	421	0.625752554938811
Mollusca	stability	11651	11651	all	2150	2195	3870	0	0	GO:0006890	1.0731021555763824	10	10	0.9999999999970732
Mollusca	stability	11651	11651	BP	2150	2195	2374	0	0	GO:0006890	1.0731021555763824	10	10	0.9999999999970732
Mollusca	stability	11651	11651	MF	2150	2195	816	0	0	GO:0030246	1.0731021555763822	7	7	0.9999878689867836
Mollusca	stability	11651	11651	CC	2150	2195	680	0	0	GO:0005886	0.9940851322441547	390	421	0.9999999999946534
Mollusca	closeness	11651	11651	all	2150	2195	3870	0	0	GO:0006890	1.0731021555763824	10	10	0.9999999999970732
Mollusca	closeness	11651	11651	BP	2150	2195	2374	0	0	GO:0006890	1.0731021555763824	10	10	0.9999999999970732
Mollusca	closeness	11651	11651	MF	2150	2195	816	0	0	GO:0030246	1.0731021555763822	7	7	0.9999878689867836
Mollusca	closeness	11651	11651	CC	2150	2195	680	0	0	GO:0005886	0.9940851322441547	390	421	0.9999999999946534
Mollusca	intersection	11651	11651	all	2150	2195	3870	0	0	GO:0006890	1.0731021555763824	10	10	0.9999999999970732
Mollusca	intersection	11651	11651	BP	2150	2195	2374	0	0	GO:0006890	1.0731021555763824	10	10	0.9999999999970732
Mollusca	intersection	11651	11651	MF	2150	2195	816	0	0	GO:0030246	1.0731021555763822	7	7	0.9999878689867836
Mollusca	intersection	11651	11651	CC	2150	2195	680	0	0	GO:0005886	0.9940851322441547	390	421	0.9999999999946534
Nematoda	closeness	500	500	BP	563	570	816	0	0	GO:0006631	3.2539964476021317	8	10	0.29020246076879186
Nematoda	closeness	1000	1000	BP	793	803	1197	0	0	GO:0006631	2.598991172761665	9	10	0.36444401100088125
Neoptera	stability	5	5	all	7	9	9	0	0	GO:0005743	7.269841269841269	2	90	0.2538337643849344
Neoptera	stability	5	5	BP	7	9	0	0	0			0	0	
Neoptera	stability	5	5	MF	7	9	2	0	0	GO:0005524	2.907936507936508	2	225	0.2903162697265237
Neoptera	intersection	5	2	all	2	4	0	0	0			0	0	
Neoptera	intersection	5	2	BP	2	4	0	0	0			0	0	
Neoptera	intersection	5	2	MF	2	4	0	0	0			0	0	
Neoptera	intersection	5	2	CC	2	4	0	0	0			0	0	
Neoptera	stability	10	10	BP	15	18	0	0	0			0	0	
Neoptera	stability	10	10	CC	15	18	10	0	0	GO:0005886	1.8131433095803642	5	421	0.45642929291924667
Neoptera	intersection	10	3	all	3	6	0	0	0			0	0	
Neoptera	intersection	10	3	BP	3	6	0	0	0			0	0	
Neoptera	intersection	10	3	MF	3	6	0	0	0			0	0	
Neoptera	intersection	10	3	CC	3	6	0	0	0			0	0	
Neoptera	intersection	20	5	MF	7	10	1	0	0	GO:0005515	0.6679792897250784	4	1959	0.9895337349077539
Neoptera	intersection	20	5	CC	7	10	5	0	0	GO:0005886	1.5541228367831694	2	421	0.6308122765300143
Neoptera	stability	50	50	CC	78	81	55	0	0	GO:0016605	4.8931623931623935	3	18	0.2979839915746267
Neoptera	intersection	50	8	MF	13	16	3	0	0	GO:0005524	2.348717948717949	3	225	0.38450283529788154
Neoptera	stability	100	100	CC	145	152	110	0	0	GO:0005921	15.793103448275861	2	2	0.43816925832859
Neoptera	closeness	100	100	MF	168	173	90	0	0	GO:0042393	2.555803571428571	9	48	0.28533855070327385
Neoptera	stability	200	200	all	265	275	635	0	0	GO:0006355	1.6243438785643356	25	133	0.27338869835123714
Neoptera	stability	200	200	CC	265	275	179	0	0	GO:0044297	3.456603773584906	6	15	0.41352965344048603
Neoptera	stability	500	500	MF	560	570	306	0	0	GO:0016887	1.5719515746557389	33	86	0.34525114969472726
Neoptera	closeness	500	500	all	587	598	1479	0	0	GO:0030833	3.1209540034071552	4	5	0.3555166698457226
Neoptera	closeness	500	500	BP	587	598	813	0	0	GO:0030833	3.1209540034071552	4	5	0.29972639179064314
Neoptera	closeness	500	500	MF	587	598	325	0	0	GO:0016887	1.5423319202884196	34	86	0.3481162851312969
Neoptera	intersection	1000	694	all	733	745	1800	0	0	GO:0007032	2.6070127504553735	10	12	0.32203639649958393
Neoptera	intersection	1000	694	MF	733	745	399	0	0	GO:0003723	1.2273723745506713	133	339	0.38536132302993353
Neoptera	intersection	1000	694	CC	733	745	387	0	0	GO:0035097	2.5027322404371586	8	10	0.31831609034263353
Porifera	stability	5	5	MF	10	10	2	0	0	GO:0003723	2.0265486725663715	3	339	0.34870102475445136
Porifera	closeness	5	5	MF	10	10	2	0	0	GO:0003723	2.0265486725663715	3	339	0.34870102475445136
Porifera	intersection	5	3	BP	6	6	0	0	0			0	0	
Porifera	intersection	5	3	MF	6	6	1	0	0	GO:0005515	0.7793091713459248	4	1959	0.9572850033574083
Porifera	stability	200	200	all	334	338	817	0	0	GO:0050766	6.8562874251497	3	3	0.29381872524984187
Porifera	stability	200	200	BP	334	338	422	0	0	GO:0050766	6.8562874251497	3	3	0.28884189289179785
Porifera	stability	200	200	CC	334	338	204	0	0	GO:0044322	3.4281437125748506	5	10	0.4809468485117771
Porifera	closeness	200	200	all	320	325	789	0	0	GO:0050766	7.15625	3	3	0.2618572083261278
Porifera	closeness	200	200	BP	320	325	393	0	0	GO:0050766	7.15625	3	3	0.2565138609825908
Porifera	closeness	200	200	CC	320	325	205	0	0	GO:0005743	1.5902777777777777	20	90	0.3429818628394656
Porifera	intersection	200	154	CC	260	264	166	0	0	GO:0005743	1.7615384615384615	18	90	0.3046504928639174
Porifera	stability	500	500	all	636	643	1519	0	0	GO:0097550	2.57999098693105	5	7	0.478589529707287
Porifera	stability	500	500	BP	636	643	845	0	0	GO:0006888	1.3955405792945224	17	44	0.4756959933123852
Porifera	stability	500	500	MF	636	643	344	0	0	GO:0031072	1.9701749354746199	6	11	0.38731224070878223
Porifera	stability	500	500	CC	636	643	330	0	0	GO:0097550	2.57999098693105	5	7	0.6478299553894659
Porifera	closeness	500	500	all	657	663	1511	0	0	GO:0099122	3.4908536585365852	2	2	0.4936937665708797
Porifera	closeness	500	500	BP	657	663	833	0	0	GO:0031124	1.7454268292682926	8	16	0.47163480418051335
Porifera	closeness	500	500	MF	657	663	347	0	0	GO:0099122	3.4908536585365852	2	2	0.4245399226489969
Porifera	intersection	500	336	all	481	487	1183	0	0	GO:0097550	3.400653400653401	5	7	0.340563697668814
Porifera	intersection	500	336	BP	481	487	639	0	0	GO:0050766	4.760914760914761	3	3	0.33910001150828445
Porifera	intersection	500	336	MF	481	487	270	0	0	GO:0043008	4.760914760914761	3	3	0.2506657091341472
Porifera	intersection	500	336	CC	481	487	274	0	0	GO:0097550	3.400653400653401	5	7	0.48274256411401595
Porifera	stability	1000	1000	all	934	944	2127	0	0	GO:0099122	2.459720730397422	2	2	0.5979692939173971
Porifera	stability	1000	1000	BP	934	944	1229	0	0	GO:0031124	1.537325456498389	10	16	0.5651530633940129
Porifera	stability	1000	1000	MF	934	944	479	0	0	GO:0003723	1.1972092050606922	165	339	0.35572914408802014
Porifera	closeness	1000	1000	BP	984	992	1245	0	0	GO:0031124	1.7525510204081631	12	16	0.6483273074552788
Porifera	closeness	1000	1000	CC	984	992	422	0	0	GO:0097550	2.002915451895044	6	7	0.8280028702012755
Porifera	intersection	1000	655	all	762	769	1789	0	0	GO:0099122	3.013157894736842	2	2	0.4825299455936573
Porifera	intersection	1000	655	BP	762	769	1015	0	0	GO:0031124	1.6949013157894737	9	16	0.4596569825873373
Porifera	intersection	1000	655	CC	762	769	373	0	0	GO:0097550	2.582706766917293	6	7	0.6620506792425499
Porifera	stability	2000	2000	BP	1264	1276	1555	0	0	GO:0006890	1.2732327243844321	7	10	0.7733628638302774
Porifera	stability	2000	2000	CC	1264	1276	503	0	0	GO:0005829	1.0738107314085572	539	913	0.42613001510618603
Porifera	closeness	2000	2000	BP	1280	1291	1592	0	0	GO:0006890	1.2582417582417584	7	10	0.7660350603139884
Porifera	intersection	2000	1762	BP	1209	1218	1508	0	0	GO:0031124	1.4264950166112955	12	16	0.7336076391844337
Porifera	intersection	2000	1762	CC	1209	1218	487	0	0	GO:0005829	1.079115616801243	518	913	0.32783247133254834
Porifera	stability	3714	3714	BP	1480	1499	1762	0	0	GO:0006890	1.2437202987101155	8	10	0.8391820254521859
Porifera	closeness	3714	3714	BP	1480	1499	1762	0	0	GO:0006890	1.2437202987101155	8	10	0.8391820254521859
Porifera	intersection	3714	3714	BP	1480	1499	1762	0	0	GO:0006890	1.2437202987101155	8	10	0.8391820254521859
Protostomia	stability	5	5	MF	8	8	1	0	0	GO:0005515	0.8767228177641654	6	1959	0.9041021412090823
Protostomia	stability	10	10	MF	17	17	4	0	0	GO:0003729	3.8487394957983194	2	70	0.3730601878998497
Protostomia	stability	20	20	MF	31	31	13	0	0	GO:0005509	2.051971326164874	2	72	0.5516161097424414
Protostomia	intersection	20	3	MF	5	5	1	0	0	GO:0005515	1.1689637570188873	5	1959	0.4577979836387483
Protostomia	intersection	20	3	CC	5	5	3	0	0	GO:0005634	1.4238341968911916	3	965	0.42169716737926066
Protostomia	stability	50	50	CC	77	78	53	0	0	GO:0000139	1.9033766233766234	8	125	0.404325485554389
Protostomia	intersection	50	13	MF	21	21	6	0	0	GO:0042393	4.5436507936507935	2	48	0.40002885166413205
Protostomia	stability	100	100	CC	142	144	99	0	0	GO:0000139	1.548169014084507	12	125	0.5676075081537654
Protostomia	intersection	100	31	CC	49	51	37	0	0	GO:0005771	11.683673469387754	2	8	0.37530297833921794
Protostomia	stability	200	200	CC	259	264	170	0	0	GO:0005737	1.1168998159930832	132	1049	0.3475565503989591
Protostomia	closeness	200	200	CC	273	279	188	0	0	GO:0097598	8.388278388278389	2	2	0.2663226633551644
Protostomia	closeness	500	500	MF	561	572	307	0	0	GO:0051015	1.6776556776556777	16	39	0.3030535017077124
Protostomia	intersection	500	300	MF	373	381	232	0	0	GO:0061733	2.798142717497556	5	11	0.2634920611401138
Scaphopoda	stability	5	5	MF	9	10	1	0	0	GO:0005515	1.0390788951278997	8	1959	0.6183346090243438
Scaphopoda	closeness	5	5	CC	10	10	4	0	0	GO:0005634	0.7119170984455958	3	965	0.9095910823567236
Scaphopoda	stability	10	10	MF	19	20	5	0	0	GO:0031625	4.22899353647276	2	57	0.30251784332992365
Scaphopoda	closeness	10	10	CC	20	20	8	0	0	GO:0016020	0.7582781456953642	4	604	0.9904029216558686
Scaphopoda	stability	20	20	CC	39	40	30	0	0	GO:0000118	13.048433048433047	2	9	0.2831013687589636
Scaphopoda	intersection	20	2	CC	4	4	5	0	0	GO:0005886	2.7197149643705463	2	421	0.3152568107678399
Scaphopoda	stability	50	50	MF	98	99	57	0	0	GO:0120013	9.443298969072165	2	5	0.43962863011956094
Scaphopoda	stability	50	50	CC	98	99	78	0	0	GO:0005856	2.0528910802330795	12	138	0.30156339726317827
Scaphopoda	closeness	50	50	MF	96	97	34	0	0	GO:0008289	4.017543859649122	3	18	0.45907055689818393
Scaphopoda	closeness	100	100	MF	185	186	91	0	0	GO:0140658	3.1114130434782608	3	12	0.5436305994268025
Scaphopoda	intersection	100	21	MF	40	41	15	0	0	GO:1990756	8.178571428571429	2	14	0.3477273352824161
Scaphopoda	stability	200	200	all	348	352	756	0	0	GO:0008203	3.318840579710145	4	8	0.31121130782187084
Scaphopoda	stability	200	200	BP	348	352	380	0	0	GO:0008203	3.318840579710145	4	8	0.33090742437307186
Scaphopoda	stability	200	200	MF	348	352	173	0	0	GO:0005025	6.63768115942029	2	2	0.2797784952688115
Scaphopoda	closeness	200	200	all	338	342	768	0	0	GO:0005654	1.2161288250283733	124	697	0.2980633164357463
Scaphopoda	closeness	200	200	MF	338	342	176	0	0	GO:0061629	2.357179619145651	10	29	0.2889876705827348
Scaphopoda	closeness	200	200	CC	338	342	198	0	0	GO:0005654	1.2161288250283733	124	697	0.34175945002766267
Scaphopoda	intersection	200	52	MF	95	96	37	0	0	GO:0140938	8.207885304659499	2	6	0.40699495788042594
Scaphopoda	stability	500	500	all	744	756	1688	0	0	GO:0035194	3.10719131614654	2	2	0.5907173503703582
Scaphopoda	stability	500	500	BP	744	756	958	0	0	GO:0035194	3.10719131614654	2	2	0.5139412903858547
Scaphopoda	stability	500	500	MF	744	756	366	0	0	GO:0000976	1.3417417046996423	19	44	0.6101146473054727
Scaphopoda	stability	500	500	CC	744	756	364	0	0	GO:0160112	2.761947836574702	8	9	0.26308518825034943
Scaphopoda	closeness	500	500	MF	686	695	334	0	0	GO:0005096	1.3450807635829662	20	50	0.5364861651714601
Scaphopoda	intersection	500	145	MF	258	261	141	0	0	GO:0034237	5.9869281045751634	2	3	0.38480423631153887
Scaphopoda	stability	1000	1000	all	1194	1216	2478	0	0	GO:0000993	1.5486052409129332	8	10	0.8031976201208657
Scaphopoda	stability	1000	1000	BP	1194	1216	1465	0	0	GO:0003008	1.9357565511411663	2	2	0.7544471305726901
Scaphopoda	stability	1000	1000	MF	1194	1216	537	0	0	GO:0000993	1.5486052409129332	8	10	0.8305670486831087
Scaphopoda	stability	1000	1000	CC	1194	1216	476	0	0	GO:0005654	1.0553622516981969	380	697	0.906852229007678
Scaphopoda	closeness	1000	1000	MF	1112	1131	508	0	0	GO:0005509	1.0678816293607583	37	72	0.7963195478233124
Scaphopoda	closeness	1000	1000	CC	1112	1131	470	0	0	GO:0005930	1.3320768765414863	50	78	0.6709049650690435
Scaphopoda	intersection	1000	315	MF	498	505	248	0	0	GO:0042393	1.831228956228956	19	48	0.4136274329319351
Scaphopoda	stability	2000	2000	all	1606	1639	3161	0	0	GO:0006890	1.1522012578616352	8	10	0.9328924183537438
Scaphopoda	stability	2000	2000	BP	1606	1639	1900	0	0	GO:0006890	1.1522012578616352	8	10	0.9119823767084076
Scaphopoda	stability	2000	2000	MF	1606	1639	678	0	0	GO:0005515	1.0035443574407428	1365	1959	0.909523826815217
Scaphopoda	stability	2000	2000	CC	1606	1639	583	0	0	GO:0005886	1.0297285588371503	301	421	0.9918715660261233
Scaphopoda	closeness	2000	2000	all	1573	1603	3052	0	0	GO:0006890	1.322849807445443	9	10	0.9275266169694601
Scaphopoda	closeness	2000	2000	BP	1573	1603	1834	0	0	GO:0006890	1.322849807445443	9	10	0.9098264410512246
Scaphopoda	closeness	2000	2000	MF	1573	1603	659	0	0	GO:0031072	0.935348348698798	7	11	0.9438396541595219
Scaphopoda	closeness	2000	2000	CC	1573	1603	559	0	0	GO:0005886	1.0229479904500258	293	421	0.9305868753804063
Scaphopoda	intersection	2000	574	MF	778	791	368	0	0	GO:0099122	2.9624838292367404	2	2	0.5147670916970692
Scaphopoda	intersection	2000	574	CC	778	791	364	0	0	GO:0005654	1.139089908515705	268	697	0.37720472589087295
Scaphopoda	stability	10697	10697	BP	1968	2010	2284	0	0	GO:0006890	1.056923076923077	9	10	0.942517697313741
Scaphopoda	stability	10697	10697	CC	1968	2010	661	0	0	GO:0005829	1.0341562052405426	804	913	0.5241110879912927
Scaphopoda	closeness	10697	10697	BP	1968	2010	2284	0	0	GO:0006890	1.056923076923077	9	10	0.942517697313741
Scaphopoda	closeness	10697	10697	CC	1968	2010	661	0	0	GO:0005829	1.0341562052405426	804	913	0.5241110879912927
Scaphopoda	intersection	10697	10697	BP	1968	2010	2284	0	0	GO:0006890	1.056923076923077	9	10	0.942517697313741
Scaphopoda	intersection	10697	10697	CC	1968	2010	661	0	0	GO:0005829	1.0341562052405426	804	913	0.5241110879912927
Spiralia	closeness	10	10	CC	20	20	17	0	0	GO:0098793	5.871794871794872	2	39	0.2508893143413978
Spiralia	closeness	20	20	CC	39	40	35	0	0	GO:0000151	5.831918505942275	3	31	0.2626661429267394
Spiralia	intersection	20	10	CC	19	20	10	0	0	GO:0031966	6.695906432748537	2	36	0.3474863521610114
Spiralia	closeness	50	50	all	92	93	168	0	0	GO:0006470	7.017364657814095	3	11	0.2709896656213127
Spiralia	closeness	50	50	MF	92	93	46	0	0	GO:0005506	5.513643659711075	3	14	0.3481356911626521
Spiralia	closeness	50	50	CC	92	93	59	0	0	GO:0031258	12.865168539325841	2	4	0.5024876792192312
Spiralia	closeness	100	100	MF	160	161	85	0	0	GO:0070300	7.292993630573249	2	4	0.3621888576177446
Spiralia	stability	200	200	MF	235	240	119	0	0	GO:0003712	2.489130434782609	7	28	0.4186060499137581
Spiralia	closeness	200	200	all	276	278	583	0	0	GO:0035577	3.840992955384099	5	11	0.2632300502711355
Spiralia	closeness	200	200	MF	276	278	136	0	0	GO:0101005	3.7556375563755635	4	9	0.4052749453231067
Spiralia	stability	500	500	all	499	506	1091	0	0	GO:0006629	2.204749679075738	9	19	0.43721215779853506
Spiralia	stability	500	500	BP	499	506	597	0	0	GO:0006629	2.204749679075738	9	19	0.32753699853409307
Spiralia	stability	500	500	MF	499	506	231	0	0	GO:0004553	3.723577235772358	4	5	0.5703647883010482
Spiralia	closeness	500	500	all	541	547	1274	0	0	GO:0003008	4.288389513108614	2	2	0.45231214151484106
Spiralia	closeness	500	500	BP	541	547	706	0	0	GO:0003008	4.288389513108614	2	2	0.38606201329681944
Spiralia	closeness	500	500	MF	541	547	281	0	0	GO:0016616	2.8589263420724094	4	6	0.4041732974877413
Spiralia	closeness	500	500	CC	541	547	287	0	0	GO:0005783	1.147597193648784	57	213	0.7900799793145202
Spiralia	stability	1000	1000	all	794	807	1724	0	0	GO:0019752	2.1851145038167936	3	4	0.5397446352878881
Spiralia	stability	1000	1000	BP	794	807	980	0	0	GO:0019752	2.1851145038167936	3	4	0.487594591871061
Spiralia	stability	1000	1000	MF	794	807	367	0	0	GO:0016830	2.9134860050890588	2	2	0.5715117793164555
Spiralia	stability	1000	1000	CC	794	807	377	0	0	GO:0005886	1.093422301197319	158	421	0.695469102568744
Spiralia	closeness	1000	1000	all	827	837	1884	0	0	GO:0003008	2.802937576499388	2	2	0.595883721519452
Spiralia	closeness	1000	1000	BP	827	837	1086	0	0	GO:0003008	2.802937576499388	2	2	0.5506281969892151
Spiralia	closeness	1000	1000	MF	827	837	403	0	0	GO:0044877	1.3013638748032874	26	56	0.6224959185329485
Spiralia	closeness	1000	1000	CC	827	837	395	0	0	GO:0005654	1.0495935544710764	261	697	0.728776756016138
Spiralia	intersection	1000	360	all	390	397	899	0	0	GO:0008202	5.994764397905759	2	2	0.3617576006562519
Spiralia	intersection	1000	360	BP	390	397	479	0	0	GO:0008202	5.994764397905759	2	2	0.27707755050263677
Spiralia	intersection	1000	360	MF	390	397	193	0	0	GO:0061631	2.9973821989528795	4	8	0.4034132039339468
Spiralia	intersection	1000	360	CC	390	397	227	0	0	GO:0016592	4.281974569932685	5	7	0.44842091475205603
Spiralia	stability	2000	2000	all	1200	1219	2518	0	0	GO:0005789	1.0592935239697225	110	200	0.7790307329159412
Spiralia	stability	2000	2000	BP	1200	1219	1501	0	0	GO:0006631	1.5407905803195963	8	10	0.7435305420991267
Spiralia	stability	2000	2000	MF	1200	1219	523	0	0	GO:0016830	1.9259882253994953	2	2	0.8490057294884003
Spiralia	stability	2000	2000	CC	1200	1219	494	0	0	GO:0005789	1.0592935239697225	110	200	0.8268335551104683
Spiralia	closeness	2000	2000	all	1160	1177	2480	0	0	GO:0099122	1.994773519163763	2	2	0.7816591038026153
Spiralia	closeness	2000	2000	BP	1160	1177	1462	0	0	GO:0003008	1.994773519163763	2	2	0.7479798723624109
Spiralia	closeness	2000	2000	MF	1160	1177	533	0	0	GO:0099122	1.994773519163763	2	2	0.7784357861835492
Spiralia	closeness	2000	2000	CC	1160	1177	485	0	0	GO:0005654	1.0675043366543524	373	697	0.8665655349323572
Spiralia	intersection	2000	770	all	668	678	1532	0	0	GO:0006629	1.6485362342025276	9	19	0.47983230384352454
Spiralia	intersection	2000	770	BP	668	678	874	0	0	GO:0006629	1.6485362342025276	9	19	0.43422350915621827
Spiralia	intersection	2000	770	MF	668	678	315	0	0	GO:0004721	2.030141843971631	7	12	0.48781906869209496
Spiralia	intersection	2000	770	CC	668	678	343	0	0	GO:0031902	1.9334684228301249	15	27	0.5250451095199355
Spiralia	stability	10261	10261	all	2059	2096	3816	0	0	GO:0006890	1.1219990200881922	10	10	0.9990030025976622
Spiralia	stability	10261	10261	BP	2059	2096	2341	0	0	GO:0006890	1.1219990200881922	10	10	0.9940126263771664
Spiralia	stability	10261	10261	MF	2059	2096	800	0	0	GO:0030246	1.121999020088192	7	7	0.988259302819358
Spiralia	closeness	10261	10261	all	2059	2096	3816	0	0	GO:0006890	1.1219990200881922	10	10	0.9990030025976622
Spiralia	closeness	10261	10261	BP	2059	2096	2341	0	0	GO:0006890	1.1219990200881922	10	10	0.9940126263771664
Spiralia	closeness	10261	10261	MF	2059	2096	800	0	0	GO:0030246	1.121999020088192	7	7	0.988259302819358
Spiralia	intersection	10261	10261	all	2059	2096	3816	0	0	GO:0006890	1.1219990200881922	10	10	0.9990030025976622
Spiralia	intersection	10261	10261	BP	2059	2096	2341	0	0	GO:0006890	1.1219990200881922	10	10	0.9940126263771664
Spiralia	intersection	10261	10261	MF	2059	2096	800	0	0	GO:0030246	1.121999020088192	7	7	0.988259302819358
Vertebrata	stability	5	5	MF	10	10	5	0	0	GO:0003682	4.2407407407407405	2	108	0.38130940835329274
Vertebrata	closeness	5	5	MF	10	10	5	0	0	GO:0003682	4.2407407407407405	2	108	0.25704235212329013
Vertebrata	intersection	10	4	MF	8	8	5	0	0	GO:0003682	5.300925925925926	2	108	0.2561370442637386
Vertebrata	stability	500	500	all	621	624	1468	0	0	GO:0032991	1.5012526047154129	56	138	0.35289057864947093
Vertebrata	stability	500	500	BP	621	624	778	0	0	GO:0006282	1.6647819063004847	9	20	0.40555467345385643
Vertebrata	stability	500	500	MF	621	624	352	0	0	GO:0005262	2.2197092084006464	6	10	0.3618113311091286
Vertebrata	closeness	500	500	all	680	683	1525	0	0	GO:0003008	3.377581120943953	2	2	0.4909508623361405
Vertebrata	closeness	500	500	BP	680	683	826	0	0	GO:0003008	3.377581120943953	2	2	0.49203930921282635
Vertebrata	closeness	500	500	MF	680	683	350	0	0	GO:0003723	1.175677204340373	118	339	0.45743598820064174
Vertebrata	closeness	500	500	CC	680	683	349	0	0	GO:0016020	1.1519564750239308	206	604	0.5186520876451777
Vertebrata	intersection	500	254	CC	392	394	243	0	0	GO:0070461	3.5230769230769234	3	5	0.3060785040064663
Vertebrata	stability	1000	1000	BP	992	1000	1227	0	0	GO:0008203	1.7348484848484849	6	8	0.665540303442401
Vertebrata	stability	1000	1000	MF	992	1000	498	0	0	GO:0004553	1.8505050505050507	4	5	0.5804148989484391
Vertebrata	closeness	1000	1000	all	1033	1042	2199	0	0	GO:0000139	1.314917555771096	74	125	0.6117290765866161
Vertebrata	closeness	1000	1000	BP	1033	1042	1242	0	0	GO:0003008	2.221144519883608	2	2	0.7433517298892078
Vertebrata	closeness	1000	1000	MF	1033	1042	502	0	0	GO:0004521	1.5548011639185257	7	10	0.663211478013871
Vertebrata	intersection	1000	889	BP	944	952	1153	0	0	GO:0008203	1.8232484076433122	6	8	0.6631132137084514
Vertebrata	intersection	1000	889	MF	944	952	473	0	0	GO:0004553	1.9447983014861996	4	5	0.5489211089007406
Vertebrata	stability	1373	1373	all	1190	1199	2509	0	0	GO:0016020	1.108350954323047	347	604	0.6897957475515819
Vertebrata	stability	1373	1373	BP	1190	1199	1450	0	0	GO:0003008	1.9292333614153325	2	2	0.7915111414303208
Vertebrata	stability	1373	1373	MF	1190	1199	565	0	0	GO:0004521	1.350463352990733	7	10	0.7157588389551093
Vertebrata	closeness	1373	1373	all	1190	1199	2509	0	0	GO:0016020	1.108350954323047	347	604	0.6897957475515819
Vertebrata	closeness	1373	1373	BP	1190	1199	1450	0	0	GO:0003008	1.9292333614153325	2	2	0.7915111414303208
Vertebrata	closeness	1373	1373	MF	1190	1199	565	0	0	GO:0004521	1.350463352990733	7	10	0.7157588389551093
Vertebrata	intersection	1373	1373	all	1190	1199	2509	0	0	GO:0016020	1.108350954323047	347	604	0.6897957475515819
Vertebrata	intersection	1373	1373	BP	1190	1199	1450	0	0	GO:0003008	1.9292333614153325	2	2	0.7915111414303208
Vertebrata	intersection	1373	1373	MF	1190	1199	565	0	0	GO:0004521	1.350463352990733	7	10	0.7157588389551093
