family_id	alg	human_gene	human_scaf	source	note
Simakov2022BCnS_genefamily_11671	A1a	NP_112574.3	NC_000015.10	human_rbh	
Simakov2022BCnS_genefamily_8892	A1a	NP_055953.3	NC_000015.10	human_rbh	
Simakov2022BCnS_genefamily_11122	A1a	NP_003391.1	NC_000002.12	human_rbh	
Simakov2022BCnS_genefamily_3642	A1a	NP_742066.2	NC_000002.12	human_rbh	
Simakov2022BCnS_genefamily_2277	A1a	NP_998810.1	NC_000014.9	human_rbh	
Simakov2022BCnS_genefamily_6161	A1a	NP_001231627.1	NC_000014.9	human_rbh	
Simakov2022BCnS_genefamily_6971	A1a	NP_938148.1	NC_000011.10	human_rbh	
Simakov2022BCnS_genefamily_4984	A1a	NP_001010892.1	NC_000006.12	human_rbh	
Simakov2022BCnS_genefamily_3134	A1a	NP_001243479.1	NC_000014.9	human_rbh	
Simakov2022BCnS_genefamily_4778	A1a	NP_061176.4	NC_000010.11	human_rbh	
Simakov2022BCnS_genefamily_7358	A1a	NP_001001872.2	NC_000014.9	human_rbh	
Simakov2022BCnS_genefamily_9177	A1a	NP_006076.4	NC_000001.11	human_rbh	
Simakov2022BCnS_genefamily_3972	A1a	NP_001193723.1	NC_000001.11	human_rbh	
Simakov2022BCnS_genefamily_12005	A1a	NP_115807.1	NC_000011.10	human_rbh	
Simakov2022BCnS_genefamily_1618	A1a	NP_005990.1	NC_000001.11	human_rbh	
Simakov2022BCnS_genefamily_855	A1a	NP_001358533.1	NC_000002.12	human_rbh	
Simakov2022BCnS_genefamily_5485	A1a	NP_110418.1	NC_000014.9	human_rbh	
Simakov2022BCnS_genefamily_2059	A1a	NP_079160.1	NC_000014.9	human_rbh	
Simakov2022BCnS_genefamily_2174	A1a	NP_005104.4	NC_000014.9	human_rbh	
Simakov2022BCnS_genefamily_12591	A1a	XP_054188245.1	NW_018654717.1	human_rbh	
Simakov2022BCnS_genefamily_9967	A1a	NP_001036041.2	NC_000020.11	human_rbh	
Simakov2022BCnS_genefamily_1273	A1a	NP_006421.2	NC_000002.12	human_rbh	
Simakov2022BCnS_genefamily_75	A1a	NP_000911.2	NC_000011.10	human_rbh	
Simakov2022BCnS_genefamily_5622	A1a	NP_001288762.1	NC_000002.12	human_rbh	
Simakov2022BCnS_genefamily_8719	A1a	NP_996809.1	NC_000001.11	human_rbh	
Simakov2022BCnS_genefamily_6382	A1a	NP_006407.1	NC_000006.12	human_rbh	
Simakov2022BCnS_genefamily_8300	A1a	NP_001271209.1	NC_000014.9	human_rbh	
Simakov2022BCnS_genefamily_9751	A1a	NP_001310993.1	NC_000001.11	human_rbh	
Simakov2022BCnS_genefamily_4053	A1a	NP_001139736.1	NC_000001.11	human_rbh	
Simakov2022BCnS_genefamily_1451	A1a	NP_001364411.1	NC_000001.11	human_rbh	
Simakov2022BCnS_genefamily_9361	A1a	NP_001308138.1	NC_000002.12	human_rbh	
Simakov2022BCnS_genefamily_3938	A1a	NP_001257449.1	NC_000014.9	human_rbh	
Simakov2022BCnS_genefamily_1423	A1a	NP_004810.2	NC_000019.10	human_rbh	
Simakov2022BCnS_genefamily_1381	A1a	NP_001011713.2	NC_000014.9	human_rbh	
Simakov2022BCnS_genefamily_1910	A1a	NP_006355.2	NC_000014.9	human_rbh	
Simakov2022BCnS_genefamily_1992	A1a	NP_689419.3	NC_000014.9	human_rbh	
Simakov2022BCnS_genefamily_505	A1a	NP_006773.2	NC_000011.10	human_rbh	
Simakov2022BCnS_genefamily_8193	A1a	NP_001284630.1	NC_000019.10	human_rbh	
Simakov2022BCnS_genefamily_4020	A1a	NP_006810.1	NC_000011.10	human_rbh	
Simakov2022BCnS_genefamily_7695	A1a	NP_775110.1	NC_000015.10	human_rbh	
Simakov2022BCnS_genefamily_12577	A1a	NP_001070736.1	NC_000015.10	human_rbh	
Simakov2022BCnS_genefamily_5845	A1a	NP_060140.2	NC_000011.10	human_rbh	
Simakov2022BCnS_genefamily_4564	A1a	NP_003122.1	NC_000006.12	human_rbh	
Simakov2022BCnS_genefamily_11033	A1a	XP_016857698.1	NC_000001.11	human_rbh	
Simakov2022BCnS_genefamily_1218	A1a	NP_835361.1	NC_000006.12	human_rbh	
Simakov2022BCnS_genefamily_4040	A1a	NP_775816.1	NC_000002.12	human_rbh	
Simakov2022BCnS_genefamily_12745	A1a	XP_005267342.1	NC_000014.9	human_rbh	
Simakov2022BCnS_genefamily_12412	A1a	NP_001381773.1	NC_000014.9	human_rbh	
Simakov2022BCnS_genefamily_1642	A1a	NP_001337177.1	NC_000001.11	human_rbh	
Simakov2022BCnS_genefamily_7602	A1a	NP_005751.2	NC_000002.12	human_rbh	
Simakov2022BCnS_genefamily_9761	A1a	NP_001316041.1	NC_000002.12	human_rbh	
Simakov2022BCnS_genefamily_4286	A1a	NP_001034568.1	NC_000014.9	human_rbh	
Simakov2022BCnS_genefamily_7069	A1a	NP_060700.2	NC_000001.11	human_rbh	
Simakov2022BCnS_genefamily_4034	A1a	NP_066545.3	NC_000020.11	human_rbh	
Simakov2022BCnS_genefamily_10432	A1a	NP_060699.3	NC_000014.9	human_rbh	
Simakov2022BCnS_genefamily_11780	A1a	NP_001193762.1	NC_000011.10	human_rbh	
Simakov2022BCnS_genefamily_8057	A1a	NP_001003803.2	NC_000014.9	human_rbh	
Simakov2022BCnS_genefamily_9239	A1a	NP_116021.2	NC_000014.9	human_rbh	
Simakov2022BCnS_genefamily_9935	A1a	NP_055524.3	NC_000002.12	human_rbh	
Simakov2022BCnS_genefamily_469	A1a	NP_003949.1	NC_000006.12	human_rbh	
Simakov2022BCnS_genefamily_10059	A1a	NP_000134.2	NC_000001.11	human_rbh	
Simakov2022BCnS_genefamily_10686	A1a	NP_055523.1	NC_000012.12	human_rbh	
Simakov2022BCnS_genefamily_11624	A1a	NP_003155.2	NC_000011.10	human_rbh	
Simakov2022BCnS_genefamily_12936	A1a	NP_061994.1	NC_000019.10	human_rbh	
Simakov2022BCnS_genefamily_2538	A1a	NP_005908.1	NC_000002.12	human_rbh	
Simakov2022BCnS_genefamily_10957	A1a	NP_055203.4	NC_000001.11	human_rbh	
Simakov2022BCnS_genefamily_4465	A1a	NP_001338419.1	NC_000002.12	human_rbh	
Simakov2022BCnS_genefamily_6476	A1a	NP_001333175.1	NC_000014.9	human_rbh	
Simakov2022BCnS_genefamily_10736	A1a	NP_001005369.1	NC_000002.12	human_rbh	
Simakov2022BCnS_genefamily_8341	A1a	NP_001229609.1	NC_000019.10	human_rbh	
Simakov2022BCnS_genefamily_12367	A1a	NP_057123.1	NC_000014.9	human_rbh	
Simakov2022BCnS_genefamily_3495	A1a	NP_078925.3	NC_000011.10	human_rbh	
Simakov2022BCnS_genefamily_11695	A1a	NP_001924.2	NC_000014.9	human_rbh	
Simakov2022BCnS_genefamily_7106	A1a	NP_001316998.1	NC_000014.9	human_rbh	
Simakov2022BCnS_genefamily_213	A1a	NP_001034842.2	NC_000002.12	human_rbh	
Simakov2022BCnS_genefamily_6446	A1a	NP_689540.2	NC_000014.9	human_rbh	
Simakov2022BCnS_genefamily_12731	A1a	NP_073153.1	NC_000002.12	human_rbh	
Simakov2022BCnS_genefamily_8537	A1a	NP_001177192.1	NC_000002.12	human_rbh	
Simakov2022BCnS_genefamily_8085	A1a	NP_006464.1	NC_000011.10	human_rbh	
Simakov2022BCnS_genefamily_9631	A1a	NP_079047.2	NC_000011.10	human_rbh	
Simakov2022BCnS_genefamily_6399	A1a	NP_001188472.1	NC_000002.12	human_rbh	
Simakov2022BCnS_genefamily_3890	A1a	NP_060392.3	NC_000014.9	human_rbh	
Simakov2022BCnS_genefamily_4009	A1a	NP_001180245.1	NC_000014.9	human_rbh	
Simakov2022BCnS_genefamily_1936	A1a	NP_001008779.1	NC_000002.12	human_rbh	
Simakov2022BCnS_genefamily_10639	A1a	NP_060062.2	NC_000019.10	human_rbh	
Simakov2022BCnS_genefamily_6754	A1a	NP_004230.2	NC_000014.9	human_rbh	
Simakov2022BCnS_genefamily_5820	A1a	XP_047287971.1	NC_000014.9	human_rbh	
Simakov2022BCnS_genefamily_9052	A1a	NP_076976.1	NC_000014.9	human_rbh	
Simakov2022BCnS_genefamily_8828	A1a	NP_001092872.1	NC_000014.9	human_rbh	
Simakov2022BCnS_genefamily_1416	A1a	NP_001350634.1	NC_000006.12	human_rbh	
Simakov2022BCnS_genefamily_7085	A1a	NP_002389.1	NC_000002.12	human_rbh	
Simakov2022BCnS_genefamily_1312	A1a	NP_057078.1	NC_000014.9	human_rbh	
Simakov2022BCnS_genefamily_2302	A1a	NP_001154948.1	NC_000014.9	human_rbh	
Simakov2022BCnS_genefamily_7866	A1a	NP_063944.3	NC_000001.11	human_rbh	
Simakov2022BCnS_genefamily_7367	A1a	NP_001340585.1	NC_000014.9	human_rbh	
Simakov2022BCnS_genefamily_11925	A1a	NP_057046.1	NC_000014.9	human_rbh	
Simakov2022BCnS_genefamily_760	A1a	NP_036556.2	NC_000001.11	human_rbh	
Simakov2022BCnS_genefamily_3424	A1a	NP_005767.1	NC_000014.9	human_rbh	
Simakov2022BCnS_genefamily_8983	A1a	NP_001374301.1	NC_000014.9	human_rbh	
Simakov2022BCnS_genefamily_6364	A1a	NP_996816.3	NC_000001.11	human_rbh	
Simakov2022BCnS_genefamily_5201	A1a	NP_003667.1	NC_000001.11	human_rbh	
Simakov2022BCnS_genefamily_10578	A1a	NP_001960.2	NC_000014.9	human_rbh	
Simakov2022BCnS_genefamily_3635	A1a	NP_005600.1	NC_000011.10	human_rbh	
Simakov2022BCnS_genefamily_11732	A1a	NP_060506.6	NC_000014.9	human_rbh	
Simakov2022BCnS_genefamily_4621	A1a	NP_005093.2	NC_000002.12	human_rbh	
Simakov2022BCnS_genefamily_658	A1a	NP_005391.1	NC_000002.12	human_rbh	
Simakov2022BCnS_genefamily_6553	A1a	NP_056355.2	NC_000015.10	human_rbh	
Simakov2022BCnS_genefamily_12709	A1a				
Simakov2022BCnS_genefamily_12927	A1a	XP_047287708.1	NC_000014.9	human_rbh	
Simakov2022BCnS_genefamily_11003	A1a	NP_001311267.1	NC_000015.10	human_rbh	
Simakov2022BCnS_genefamily_8628	A1a	NP_001036017.1	NC_000001.11	human_rbh	
Simakov2022BCnS_genefamily_7090	A1a	NP_065956.1	NC_000002.12	human_rbh	
Simakov2022BCnS_genefamily_10521	A1a	NP_620156.1	NC_000002.12	human_rbh	
Simakov2022BCnS_genefamily_4591	A1a	NP_003818.2	NC_000019.10	human_rbh	
Simakov2022BCnS_genefamily_4262	A1a	NP_036243.1	NC_000014.9	human_rbh	
Simakov2022BCnS_genefamily_4141	A1a	NP_036545.1	NC_000002.12	human_rbh	
Simakov2022BCnS_genefamily_12518	A1a	XP_005268045.1	NC_000014.9	human_rbh	
Simakov2022BCnS_genefamily_5178	A1a	NP_006224.1	NC_000019.10	human_rbh	
Simakov2022BCnS_genefamily_6136	A1a	NP_057117.2	NC_000008.11	human_rbh	
Simakov2022BCnS_genefamily_3347	A1a	NP_079232.3	NC_000015.10	human_rbh	
Simakov2022BCnS_genefamily_12085	A1a	NP_061897.1	NC_000002.12	human_rbh	
Simakov2022BCnS_genefamily_245	A1a	NP_113615.2	NC_000014.9	human_rbh	
Simakov2022BCnS_genefamily_705	A1a	NP_001093.1	NC_000014.9	human_rbh	
Simakov2022BCnS_genefamily_11878	A1a	NP_036546.2	NC_000001.11	human_rbh	
Simakov2022BCnS_genefamily_6598	A1a	NP_000936.1	NC_000002.12	human_rbh	
Simakov2022BCnS_genefamily_7401	A1a	XP_011534700.1	NC_000014.9	human_rbh	
Simakov2022BCnS_genefamily_9860	A1a	NP_001092742.1	NC_000006.12	human_rbh	
Simakov2022BCnS_genefamily_4215	A1a	NP_073572.2	NC_000001.11	human_rbh	
Simakov2022BCnS_genefamily_6947	A1a	NP_001252540.1	NC_000015.10	human_rbh	
Simakov2022BCnS_genefamily_6383	A1a	NP_002680.2	NC_000011.10	human_rbh	
Simakov2022BCnS_genefamily_12108	A1a	NP_002803.2	NC_000019.10	human_rbh	
Simakov2022BCnS_genefamily_5225	A1a	NP_001362590.1	NC_000001.11	human_rbh	
Simakov2022BCnS_genefamily_10046	A1a	NP_919255.2	NC_000014.9	human_rbh	
Simakov2022BCnS_genefamily_1551	A1a	NP_060440.2	NC_000014.9	human_rbh	
Simakov2022BCnS_genefamily_3036	A1a	NP_004704.3	NC_000014.9	human_rbh	
Simakov2022BCnS_genefamily_10541	A1a	XP_016866149.1	NC_000006.12	human_rbh	
Simakov2022BCnS_genefamily_12698	A1a	NP_006480.2	NC_000014.9	human_rbh	
Simakov2022BCnS_genefamily_11479	A1a	NP_004441.1	NC_000014.9	human_rbh	
Simakov2022BCnS_genefamily_9811	A1a	NP_055299.1	NC_000020.11	human_rbh	
Simakov2022BCnS_genefamily_2734	A1a	NP_542398.3	NC_000002.12	human_rbh	
Simakov2022BCnS_genefamily_9565	A1a	NP_005457.2	NC_000014.9	human_rbh	
Simakov2022BCnS_genefamily_12220	A1a	NP_872282.1	NC_000014.9	human_rbh	
Simakov2022BCnS_genefamily_9734	A1a	NP_056404.4	NC_000014.9	human_rbh	
Simakov2022BCnS_genefamily_11096	A1a	NP_001164977.1	NC_000002.12	human_rbh	
Simakov2022BCnS_genefamily_5360	A1a	sp|Q96T92|INSM2_HUMAN		hmm_consensus	
Simakov2022BCnS_genefamily_7014	A1a	XP_011534921.1	NC_000014.9	human_rbh	
Simakov2022BCnS_genefamily_3118	A1a	NP_115688.1	NC_000002.12	human_rbh	
Simakov2022BCnS_genefamily_7476	A1a	NP_938051.1	NC_000014.9	human_rbh	
Simakov2022BCnS_genefamily_1530	A1a	NP_067062.1	NC_000014.9	human_rbh	
Simakov2022BCnS_genefamily_7275	A1a	NP_055659.2	NC_000014.9	human_rbh	
Simakov2022BCnS_genefamily_10390	A1a	NP_065801.1	NC_000006.12	human_rbh	
Simakov2022BCnS_genefamily_5661	A1a	XP_011534974.1	NC_000014.9	human_rbh	
Simakov2022BCnS_genefamily_1517	A1a	NP_001258211.1	NC_000014.9	human_rbh	
Simakov2022BCnS_genefamily_6471	A1a	NP_001122084.2	NC_000011.10	human_rbh	
Simakov2022BCnS_genefamily_6488	A1a	NP_006559.1	NC_000014.9	human_rbh	
Simakov2022BCnS_genefamily_7589	A1a	NP_005691.2	NC_000011.10	human_rbh	
Simakov2022BCnS_genefamily_6972	A1a	NP_073742.2	NC_000001.11	human_rbh	
Simakov2022BCnS_genefamily_3615	A1a	NP_006730.2	NC_000022.11	human_rbh	
Simakov2022BCnS_genefamily_1958	A1a	NP_061969.3	NC_000006.12	human_rbh	
Simakov2022BCnS_genefamily_10818	A1a	NP_031383.1	NC_000001.11	human_rbh	
Simakov2022BCnS_genefamily_5160	A1a	NP_004472.1	NC_000001.11	human_rbh	
Simakov2022BCnS_genefamily_12194	A1a	NP_003185.1	NC_000006.12	human_rbh	
Simakov2022BCnS_genefamily_7351	A1a	NP_612467.1	NC_000002.12	human_rbh	
Simakov2022BCnS_genefamily_2633	A1a	NP_001077362.1	NC_000014.9	human_rbh	
Simakov2022BCnS_genefamily_12534	A1a	NP_001155198.1	NC_000014.9	human_rbh	
Simakov2022BCnS_genefamily_2169	A1a	NP_061961.2	NC_000019.10	human_rbh	
Simakov2022BCnS_genefamily_10795	A1a	NP_065731.3	NC_000011.10	human_rbh	
Simakov2022BCnS_genefamily_9220	A1a	XP_011535336.1	NC_000014.9	human_rbh	
Simakov2022BCnS_genefamily_7380	A1a	NP_036337.2	NC_000002.12	human_rbh	
Simakov2022BCnS_genefamily_11615	A1a	NP_001395.1	NC_000011.10	human_rbh	
Simakov2022BCnS_genefamily_10921	A1a	NP_001012992.1	NC_000006.12	human_rbh	
Simakov2022BCnS_genefamily_6515	A1a	NP_057532.4	NC_000001.11	human_rbh	
Simakov2022BCnS_genefamily_1447	A1a	NP_055570.1	NC_000002.12	human_rbh	
Simakov2022BCnS_genefamily_11017	A1a	NP_036377.1	NC_000014.9	human_rbh	
Simakov2022BCnS_genefamily_11862	A1a	NP_071394.2	NC_000001.11	human_rbh	
Simakov2022BCnS_genefamily_177	A1a	NP_542407.2	NC_000020.11	human_rbh	
Simakov2022BCnS_genefamily_9057	A1a	NP_055797.2	NC_000014.9	human_rbh	
Simakov2022BCnS_genefamily_2677	A1a	NP_065154.2	NC_000014.9	human_rbh	
Simakov2022BCnS_genefamily_1286	A1a	NP_067083.1	NC_000014.9	human_rbh	
Simakov2022BCnS_genefamily_4421	A1a	NP_002678.3	NC_000014.9	human_rbh	
Simakov2022BCnS_genefamily_11875	A1a	XP_047287599.1	NC_000014.9	human_rbh	
Simakov2022BCnS_genefamily_12481	A1a	NP_060205.3	NC_000002.12	human_rbh	
Simakov2022BCnS_genefamily_3333	A1a	NP_733935.1	NC_000011.10	human_rbh	
Simakov2022BCnS_genefamily_7344	A1a	NP_004205.2	NC_000011.10	human_rbh	
Simakov2022BCnS_genefamily_7505	A1a	NP_689506.2	NC_000004.12	human_rbh	
Simakov2022BCnS_genefamily_3871	A1a	NP_002782.1	NC_000014.9	human_rbh	
Simakov2022BCnS_genefamily_7569	A1a	NP_001335442.1	NC_000002.12	human_rbh	
Simakov2022BCnS_genefamily_804	A1a	XP_006720155.1	NC_000014.9	human_rbh	
Simakov2022BCnS_genefamily_7087	A1a	NP_000391.1	NC_000019.10	human_rbh	
Simakov2022BCnS_genefamily_11001	A1a	NP_001129145.1	NC_000002.12	human_rbh	
Simakov2022BCnS_genefamily_4520	A1a	XP_024307132.1	NC_000019.10	human_rbh	
Simakov2022BCnS_genefamily_11156	A1a	XP_016883456.1	NC_000020.11	human_rbh	
Simakov2022BCnS_genefamily_4842	A1a	NP_803877.2	NC_000014.9	human_rbh	
Simakov2022BCnS_genefamily_5115	A1a	NP_005404.1	NC_000002.12	human_rbh	
Simakov2022BCnS_genefamily_11193	A1a	NP_001272.2	NC_000019.10	human_rbh	
Simakov2022BCnS_genefamily_6570	A1a	NP_001010854.1	NC_000014.9	human_rbh	
Simakov2022BCnS_genefamily_8650	A1a	NP_071411.1	NC_000002.12	human_rbh	
Simakov2022BCnS_genefamily_3463	A1a	XP_011542333.1	NC_000001.11	human_rbh	
Simakov2022BCnS_genefamily_3302	A1a	NP_060628.3	NC_000002.12	human_rbh	
Simakov2022BCnS_genefamily_8578	A1a				
Simakov2022BCnS_genefamily_9537	A1a	NP_001186797.1	NC_000010.11	human_rbh	
Simakov2022BCnS_genefamily_2267	A1a	NP_001357524.1	NC_000014.9	human_rbh	
Simakov2022BCnS_genefamily_12807	A1a	NP_001108585.2	NC_000001.11	human_rbh	
Simakov2022BCnS_genefamily_4182	A1a	NP_079404.3	NC_000011.10	human_rbh	
Simakov2022BCnS_genefamily_8426	A1a	XP_016866543.1	NC_000006.12	human_rbh	
Simakov2022BCnS_genefamily_4134	A1a	XP_047287862.1	NC_000014.9	human_rbh	
Simakov2022BCnS_genefamily_10881	A1a	NP_000245.2	NC_000001.11	human_rbh	
Simakov2022BCnS_genefamily_12363	A1b	NP_056400.3	NC_000020.11	human_rbh	
Simakov2022BCnS_genefamily_12393	A1b	NP_694992.2	NC_000015.10	human_rbh	
Simakov2022BCnS_genefamily_11922	A1b	NP_001362584.1	NC_000001.11	human_rbh	
Simakov2022BCnS_genefamily_7397	A1b	NP_060758.2	NC_000006.12	human_rbh	
Simakov2022BCnS_genefamily_1272	A1b	NP_060482.2	NC_000001.11	human_rbh	
Simakov2022BCnS_genefamily_3113	A1b	NP_001129695.1	NC_000001.11	human_rbh	
Simakov2022BCnS_genefamily_8553	A1b	NP_001374999.1	NC_000014.9	human_rbh	
Simakov2022BCnS_genefamily_12592	A1b	NP_004747.1	NC_000019.10	human_rbh	
Simakov2022BCnS_genefamily_5139	A1b	NP_001309832.1	NC_000020.11	human_rbh	
Simakov2022BCnS_genefamily_7355	A1b	NP_005491.1	NC_000019.10	human_rbh	
Simakov2022BCnS_genefamily_3974	A1b	NP_872345.2	NC_000006.12	human_rbh	
Simakov2022BCnS_genefamily_8627	A1b	NP_005580.1	NC_000014.9	human_rbh	
Simakov2022BCnS_genefamily_7198	A1b	NP_008970.2	NC_000014.9	human_rbh	
Simakov2022BCnS_genefamily_4386	A1b	XP_024309187.1	NC_000003.12	human_rbh	
Simakov2022BCnS_genefamily_10122	A1b	XP_047288313.1	NC_000001.11	human_rbh	
Simakov2022BCnS_genefamily_12937	A1b	NP_001380479.1	NC_000005.10	human_rbh	
Simakov2022BCnS_genefamily_6678	A1b	NP_001313227.1	NC_000014.9	human_rbh	
Simakov2022BCnS_genefamily_4392	A1b	NP_001397981.1	NC_000014.9	human_rbh	
Simakov2022BCnS_genefamily_12630	A1b	XP_006720075.1	NC_000014.9	human_rbh	
Simakov2022BCnS_genefamily_10251	A1b	NP_001013725.2	NC_000015.10	human_rbh	
Simakov2022BCnS_genefamily_11901	A1b	NP_002143.1	NC_000019.10	human_rbh	
Simakov2022BCnS_genefamily_12335	A1b	XP_047287430.1	NC_000014.9	human_rbh	
Simakov2022BCnS_genefamily_7269	A1b	NP_003670.2	NC_000001.11	human_rbh	
Simakov2022BCnS_genefamily_3699	A1b	NP_001345459.1	NC_000006.12	human_rbh	
Simakov2022BCnS_genefamily_176	A1b	NP_001096034.1	NC_000014.9	human_rbh	
Simakov2022BCnS_genefamily_11165	A1b	NP_055429.2	NC_000002.12	human_rbh	
Simakov2022BCnS_genefamily_7648	A1b	NP_001265557.1	NC_000020.11	human_rbh	
Simakov2022BCnS_genefamily_7513	A1b	NP_005947.3	NC_000014.9	human_rbh	
Simakov2022BCnS_genefamily_5864	A1b	NP_000136.2	NC_000002.12	human_rbh	
Simakov2022BCnS_genefamily_3306	A1b	NP_065074.1	NC_000020.11	human_rbh	
Simakov2022BCnS_genefamily_12473	A1b	NP_037366.1	NC_000019.10	human_rbh	
Simakov2022BCnS_genefamily_9878	A1b	NP_057184.1	NC_000020.11	human_rbh	
Simakov2022BCnS_genefamily_11095	A1b	NP_006493.1	NC_000006.12	human_rbh	
Simakov2022BCnS_genefamily_8979	A1b	NP_085140.2	NC_000014.9	human_rbh	
Simakov2022BCnS_genefamily_2685	A1b	NP_001397973.1	NC_000015.10	human_rbh	
Simakov2022BCnS_genefamily_5990	A1b	NP_001368923.1	NC_000015.10	human_rbh	
Simakov2022BCnS_genefamily_9464	A1b	NP_689659.2	NC_000014.9	human_rbh	
Simakov2022BCnS_genefamily_6330	A1b	NP_001263309.1	NC_000020.11	human_rbh	
Simakov2022BCnS_genefamily_2889	A1b	NP_001347385.1	NC_000006.12	human_rbh	
Simakov2022BCnS_genefamily_4549	A1b	NP_003125.3	NC_000015.10	human_rbh	
Simakov2022BCnS_genefamily_2060	A1b	NP_009138.1	NC_000001.11	human_rbh	
Simakov2022BCnS_genefamily_11764	A1b	NP_001158296.1	NC_000001.11	human_rbh	
Simakov2022BCnS_genefamily_2556	A1b	NP_543010.3	NC_000020.11	human_rbh	
Simakov2022BCnS_genefamily_2745	A1b	NP_001132960.1	NC_000002.12	human_rbh	
Simakov2022BCnS_genefamily_9197	A1b	NP_001002860.2	NC_000014.9	human_rbh	
Simakov2022BCnS_genefamily_10075	A1b	NP_008987.2	NC_000019.10	human_rbh	
Simakov2022BCnS_genefamily_2021	A1b	NP_001361254.1	NC_000002.12	human_rbh	
Simakov2022BCnS_genefamily_7872	A1b	NP_036387.2	NC_000020.11	human_rbh	
Simakov2022BCnS_genefamily_6960	A1b	NP_001364417.1	NC_000001.11	human_rbh	
Simakov2022BCnS_genefamily_5299	A1b	NP_004060.2	NC_000019.10	human_rbh	
Simakov2022BCnS_genefamily_12723	A1b	NP_001257452.1	NC_000014.9	human_rbh	
Simakov2022BCnS_genefamily_4447	A2	NP_000062.1	NC_000021.9	human_rbh	
Simakov2022BCnS_genefamily_1207	A2	NP_001254479.2	NC_000002.12	human_rbh	
Simakov2022BCnS_genefamily_3114	A2	NP_056006.1	NC_000011.10	human_rbh	
Simakov2022BCnS_genefamily_9815	A2	NP_001427.2	NC_000019.10	human_rbh	
Simakov2022BCnS_genefamily_5378	A2	NP_001107593.1	NC_000011.10	human_rbh	
Simakov2022BCnS_genefamily_7878	A2	NP_958816.1	NC_000021.9	human_rbh	
Simakov2022BCnS_genefamily_5689	A2	NP_060779.2	NC_000003.12	human_rbh	
Simakov2022BCnS_genefamily_10367	A2	NP_001681.2	NC_000003.12	human_rbh	
Simakov2022BCnS_genefamily_980	A2	NP_001366411.1	NC_000019.10	human_rbh	
Simakov2022BCnS_genefamily_8975	A2	NP_001403031.1	NC_000019.10	human_rbh	
Simakov2022BCnS_genefamily_4230	A2	NP_055635.3	NC_000003.12	human_rbh	
Simakov2022BCnS_genefamily_7028	A2	NP_036236.1	NC_000011.10	human_rbh	
Simakov2022BCnS_genefamily_371	A2	NP_116247.1	NC_000001.11	human_rbh	
Simakov2022BCnS_genefamily_6602	A2	NP_001369268.1	NC_000011.10	human_rbh	
Simakov2022BCnS_genefamily_2945	A2	NP_001184226.1	NC_000021.9	human_rbh	
Simakov2022BCnS_genefamily_8387	A2	NP_003895.1	NC_000011.10	human_rbh	
Simakov2022BCnS_genefamily_4952	A2	NP_001020374.1	NC_000021.9	human_rbh	
Simakov2022BCnS_genefamily_8311	A2	sp|Q92859|NEO1_HUMAN		hmm_consensus	
Simakov2022BCnS_genefamily_3185	A2	NP_001353615.1	NC_000011.10	human_rbh	
Simakov2022BCnS_genefamily_3905	A2	NP_001019.1	NC_000011.10	human_rbh	
Simakov2022BCnS_genefamily_11840	A2	NP_001646.2	NC_000011.10	human_rbh	
Simakov2022BCnS_genefamily_2545	A2	NP_065068.1	NC_000001.11	human_rbh	
Simakov2022BCnS_genefamily_10174	A2	XP_047283884.1	NC_000011.10	human_rbh	
Simakov2022BCnS_genefamily_7747	A2	NP_001354347.1	NC_000011.10	human_rbh	
Simakov2022BCnS_genefamily_10970	A2	XP_016858412.1	NC_000001.11	human_rbh	
Simakov2022BCnS_genefamily_12205	A2	NP_001157968.1	NC_000003.12	human_rbh	
Simakov2022BCnS_genefamily_8509	A2	NP_001364227.1	NC_000001.11	human_rbh	
Simakov2022BCnS_genefamily_7390	A2	NP_116024.1	NC_000019.10	human_rbh	
Simakov2022BCnS_genefamily_1156	A2	XP_047300296.1	NC_000002.12	human_rbh	
Simakov2022BCnS_genefamily_9458	A2	NP_055040.2	NC_000019.10	human_rbh	
Simakov2022BCnS_genefamily_917	A2	NP_001387.2	NC_000021.9	human_rbh	
Simakov2022BCnS_genefamily_3986	A2	NP_056541.2	NC_000001.11	human_rbh	
Simakov2022BCnS_genefamily_12391	A2	XP_011508135.1	NC_000001.11	human_rbh	
Simakov2022BCnS_genefamily_10764	A2	NP_001295374.1	NC_000003.12	human_rbh	
Simakov2022BCnS_genefamily_5396	A2	NP_001013647.2	NC_000001.11	human_rbh	
Simakov2022BCnS_genefamily_12519	A2	NP_115866.1	NC_000009.12	human_rbh	
Simakov2022BCnS_genefamily_8285	A2	NP_001230688.1	NC_000011.10	human_rbh	
Simakov2022BCnS_genefamily_11251	A2	NP_001353839.1	NC_000019.10	human_rbh	
Simakov2022BCnS_genefamily_109	A2	NP_001373.2	NC_000011.10	human_rbh	
Simakov2022BCnS_genefamily_2488	A2	XP_006718857.1	NC_000011.10	human_rbh	
Simakov2022BCnS_genefamily_6164	A2	NP_001124463.1	NC_000011.10	human_rbh	
Simakov2022BCnS_genefamily_4191	B1	NP_001393960.1	NC_000007.14	human_rbh	
Simakov2022BCnS_genefamily_8698	B1	XP_016861673.1	NC_000003.12	human_rbh	
Simakov2022BCnS_genefamily_9427	B1	NP_689609.2	NC_000003.12	human_rbh	
Simakov2022BCnS_genefamily_3987	B1	NP_835455.1	NC_000010.11	human_rbh	
Simakov2022BCnS_genefamily_9382	B1	NP_149073.1	NC_000012.12	human_rbh	
Simakov2022BCnS_genefamily_3205	B1	NP_001677.2	NC_000012.12	human_rbh	
Simakov2022BCnS_genefamily_9603	B1	NP_001357005.1	NC_000007.14	human_rbh	
Simakov2022BCnS_genefamily_3862	B1	NP_006822.1	NC_000011.10	human_rbh	
Simakov2022BCnS_genefamily_11908	B1	XP_005268633.1	NC_000012.12	human_rbh	
Simakov2022BCnS_genefamily_5905	B1	NP_001185706.1	NC_000010.11	human_rbh	
Simakov2022BCnS_genefamily_3287	B1	NP_001017916.1	NC_000017.11	human_rbh	
Simakov2022BCnS_genefamily_6841	B1	NP_079380.2	NC_000017.11	human_rbh	
Simakov2022BCnS_genefamily_9347	B1	NP_001035869.1	NC_000002.12	human_rbh	
Simakov2022BCnS_genefamily_6381	B1	NP_001317566.1	NC_000009.12	human_rbh	
Simakov2022BCnS_genefamily_11572	B1	NP_002198.2	NC_000003.12	human_rbh	
Simakov2022BCnS_genefamily_6086	B1	NP_003550.1	NC_000017.11	human_rbh	
Simakov2022BCnS_genefamily_12564	B1	NP_056202.2	NC_000002.12	human_rbh	
Simakov2022BCnS_genefamily_6540	B1	NP_001155056.1	NC_000009.12	human_rbh	
Simakov2022BCnS_genefamily_5377	B1	NP_064695.3	NC_000007.14	human_rbh	
Simakov2022BCnS_genefamily_7660	B1	NP_002148.1	NC_000002.12	human_rbh	
Simakov2022BCnS_genefamily_439	B1	NP_002495.2	NC_000009.12	human_rbh	
Simakov2022BCnS_genefamily_6411	B1	NP_001350295.1	NC_000007.14	human_rbh	
Simakov2022BCnS_genefamily_5972	B1	NP_689936.1	NC_000011.10	human_rbh	
Simakov2022BCnS_genefamily_5856	B1	NP_766627.1	NC_000011.10	human_rbh	
Simakov2022BCnS_genefamily_10682	B1	NP_036565.2	NC_000002.12	human_rbh	
Simakov2022BCnS_genefamily_9782	B1				
Simakov2022BCnS_genefamily_3153	B1	NP_001358374.1	NC_000017.11	human_rbh	
Simakov2022BCnS_genefamily_9791	B1	NP_001003793.1	NC_000003.12	human_rbh	
Simakov2022BCnS_genefamily_9236	B1	NP_000185.1	NC_000023.11	human_rbh	
Simakov2022BCnS_genefamily_2550	B1	NP_005722.1	NC_000002.12	human_rbh	
Simakov2022BCnS_genefamily_12106	B1	NP_001395351.1	NC_000017.11	human_rbh	
Simakov2022BCnS_genefamily_10195	B1	NP_001307749.1	NC_000002.12	human_rbh	
Simakov2022BCnS_genefamily_263	B1	NP_036575.1	NC_000010.11	human_rbh	
Simakov2022BCnS_genefamily_144	B1	NP_689597.1	NC_000002.12	human_rbh	
Simakov2022BCnS_genefamily_8170	B1	NP_002147.2	NC_000002.12	human_rbh	
Simakov2022BCnS_genefamily_12918	B1	XP_006722020.1	NC_000017.11	human_rbh	
Simakov2022BCnS_genefamily_2478	B1	NP_060599.1	NC_000017.11	human_rbh	
Simakov2022BCnS_genefamily_8956	B1	NP_001339425.1	NC_000007.14	human_rbh	
Simakov2022BCnS_genefamily_3482	B1	NP_055947.1	NC_000007.14	human_rbh	
Simakov2022BCnS_genefamily_51	B1	XP_047280584.1	NC_000010.11	human_rbh	
Simakov2022BCnS_genefamily_3878	B1	NP_659447.1	NC_000010.11	human_rbh	
Simakov2022BCnS_genefamily_6468	B1	XP_016860709.1	NC_000002.12	human_rbh	
Simakov2022BCnS_genefamily_11470	B1	NP_009172.2	NC_000017.11	human_rbh	
Simakov2022BCnS_genefamily_9312	B1	NP_055867.3	NC_000007.14	human_rbh	
Simakov2022BCnS_genefamily_4175	B1	NP_003067.3	NC_000012.12	human_rbh	
Simakov2022BCnS_genefamily_7772	B1	NP_002201.2	NC_000002.12	human_rbh	
Simakov2022BCnS_genefamily_7851	B1	NP_009120.1	NC_000007.14	human_rbh	
Simakov2022BCnS_genefamily_9305	B1	NP_064577.1	NC_000007.14	human_rbh	
Simakov2022BCnS_genefamily_10924	B1	NP_942127.1	NC_000017.11	human_rbh	
Simakov2022BCnS_genefamily_5536	B1	NP_219487.3	NC_000017.11	human_rbh	
Simakov2022BCnS_genefamily_2498	B1	NP_001017974.1	NC_000005.10	human_rbh	
Simakov2022BCnS_genefamily_1836	B1	NP_057737.2	NC_000002.12	human_rbh	
Simakov2022BCnS_genefamily_12308	B1	NP_004902.1	NC_000007.14	human_rbh	
Simakov2022BCnS_genefamily_4329	B1	XP_011509096.1	NC_000002.12	human_rbh	
Simakov2022BCnS_genefamily_10505	B1	NP_061887.2	NC_000002.12	human_rbh	
Simakov2022BCnS_genefamily_2298	B1	XP_047292808.1	NC_000017.11	human_rbh	
Simakov2022BCnS_genefamily_11333	B1	NP_005485.1	NC_000007.14	human_rbh	
Simakov2022BCnS_genefamily_338	B1	NP_620158.3	NC_000002.12	human_rbh	
Simakov2022BCnS_genefamily_9383	B1	NP_001335240.1	NC_000003.12	human_rbh	
Simakov2022BCnS_genefamily_5043	B1	XP_005265024.1	NC_000003.12	human_rbh	
Simakov2022BCnS_genefamily_7199	B1	NP_000456.2	NC_000002.12	human_rbh	
Simakov2022BCnS_genefamily_8420	B1	NP_004072.3	NC_000024.10	human_rbh	
Simakov2022BCnS_genefamily_2697	B1	NP_001130026.1	NC_000002.12	human_rbh	
Simakov2022BCnS_genefamily_3090	B1	NP_004799.1	NC_000010.11	human_rbh	
Simakov2022BCnS_genefamily_9080	B1	NP_066934.1	NC_000009.12	human_rbh	
Simakov2022BCnS_genefamily_3316	B1	NP_001248342.1	NC_000012.12	human_rbh	
Simakov2022BCnS_genefamily_11602	B1	NP_003709.3	NC_000007.14	human_rbh	
Simakov2022BCnS_genefamily_1864	B1	XP_016867964.1	NC_000007.14	human_rbh	
Simakov2022BCnS_genefamily_1561	B1	NP_001129970.1	NC_000017.11	human_rbh	
Simakov2022BCnS_genefamily_3223	B1	NP_001478.2	NC_000012.12	human_rbh	
Simakov2022BCnS_genefamily_5332	B1	NP_001120679.1	NC_000002.12	human_rbh	
Simakov2022BCnS_genefamily_558	B1	XP_047281517.1	NC_000010.11	human_rbh	
Simakov2022BCnS_genefamily_12112	B1	NP_001119575.1	NC_000012.12	human_rbh	
Simakov2022BCnS_genefamily_3609	B1	NP_001362453.1	NC_000007.14	human_rbh	
Simakov2022BCnS_genefamily_8804	B1	XP_047301507.1	NC_000002.12	human_rbh	
Simakov2022BCnS_genefamily_12625	B1	NP_036203.1	NC_000010.11	human_rbh	
Simakov2022BCnS_genefamily_610	B1	NP_115544.1	NC_000002.12	human_rbh	
Simakov2022BCnS_genefamily_11404	B1	NP_001303701.1	NC_000007.14	human_rbh	
Simakov2022BCnS_genefamily_3513	B1	NP_071760.2	NC_000010.11	human_rbh	
Simakov2022BCnS_genefamily_11227	B1	NP_004068.2	NC_000012.12	human_rbh	
Simakov2022BCnS_genefamily_5158	B1	NP_219482.1	NC_000005.10	human_rbh	
Simakov2022BCnS_genefamily_1822	B1	NP_001070666.1	NC_000002.12	human_rbh	
Simakov2022BCnS_genefamily_5290	B1	NP_940961.1	NC_000002.12	human_rbh	
Simakov2022BCnS_genefamily_12257	B1	NP_001035522.1	NC_000003.12	human_rbh	
Simakov2022BCnS_genefamily_9647	B1	NP_001032752.1	NC_000002.12	human_rbh	
Simakov2022BCnS_genefamily_2861	B1	NP_775782.2	NC_000002.12	human_rbh	
Simakov2022BCnS_genefamily_3115	B1	NP_001171867.1	NC_000002.12	human_rbh	
Simakov2022BCnS_genefamily_6303	B1	NP_005171.4	NC_000010.11	human_rbh	
Simakov2022BCnS_genefamily_3517	B1	NP_001352508.1	NC_000002.12	human_rbh	
Simakov2022BCnS_genefamily_4843	B1	NP_002078.1	NC_000017.11	human_rbh	
Simakov2022BCnS_genefamily_4093	B1	NP_001182555.1	NC_000010.11	human_rbh	
Simakov2022BCnS_genefamily_9307	B1	NP_742067.3	NC_000002.12	human_rbh	
Simakov2022BCnS_genefamily_7308	B1	NP_006614.2	NC_000001.11	human_rbh	
Simakov2022BCnS_genefamily_1335	B1	XP_047300838.1	NC_000002.12	human_rbh	
Simakov2022BCnS_genefamily_1119	B1	NP_001078916.1	NC_000002.12	human_rbh	
Simakov2022BCnS_genefamily_12830	B2	NP_001364427.1	NC_000002.12	human_rbh	
Simakov2022BCnS_genefamily_10241	B2	NP_002778.1	NC_000007.14	human_rbh	
Simakov2022BCnS_genefamily_4445	B2	NP_001003786.1	NC_000017.11	human_rbh	
Simakov2022BCnS_genefamily_220	B2	XP_011509989.1	NC_000002.12	human_rbh	
Simakov2022BCnS_genefamily_6305	B2	NP_001392801.1	NC_000017.11	human_rbh	
Simakov2022BCnS_genefamily_275	B2	NP_056005.1	NC_000010.11	human_rbh	
Simakov2022BCnS_genefamily_12111	B2	NP_057494.3	NC_000009.12	human_rbh	
Simakov2022BCnS_genefamily_5501	B2	NP_054860.1	NC_000007.14	human_rbh	
Simakov2022BCnS_genefamily_3787	B2	NP_001231.2	NC_000012.12	human_rbh	
Simakov2022BCnS_genefamily_4685	B2	NP_036423.4	NC_000012.12	human_rbh	
Simakov2022BCnS_genefamily_10399	B2	NP_036205.1	NC_000005.10	human_rbh	
Simakov2022BCnS_genefamily_12010	B2	NP_115766.3	NC_000002.12	human_rbh	
Simakov2022BCnS_genefamily_4322	B2	NP_001357137.2	NC_000017.11	human_rbh	
Simakov2022BCnS_genefamily_5534	B2	XP_005257293.1	NC_000017.11	human_rbh	
Simakov2022BCnS_genefamily_1396	B2	NP_004222.2	NC_000007.14	human_rbh	
Simakov2022BCnS_genefamily_413	B2	NP_065080.1	NC_000003.12	human_rbh	
Simakov2022BCnS_genefamily_12434	B2	NP_054742.2	NC_000010.11	human_rbh	
Simakov2022BCnS_genefamily_8649	B2	NP_001357484.1	NC_000007.14	human_rbh	
Simakov2022BCnS_genefamily_12170	B2	NP_001028203.1	NC_000003.12	human_rbh	
Simakov2022BCnS_genefamily_4956	B2	NP_001032208.1	NC_000002.12	human_rbh	
Simakov2022BCnS_genefamily_6059	B2	NP_005972.1	NC_000012.12	human_rbh	
Simakov2022BCnS_genefamily_2867	B2	NP_775491.1	NC_000002.12	human_rbh	
Simakov2022BCnS_genefamily_9800	B2	XP_016861073.1	NC_000003.12	human_rbh	
Simakov2022BCnS_genefamily_6215	B2	XP_016871500.1	NC_000010.11	human_rbh	
Simakov2022BCnS_genefamily_4732	B2	XP_047276513.1	NC_000007.14	human_rbh	
Simakov2022BCnS_genefamily_4253	B2	NP_001002258.1	NC_000002.12	human_rbh	
Simakov2022BCnS_genefamily_8102	B2	NP_001153239.1	NC_000007.14	human_rbh	
Simakov2022BCnS_genefamily_9377	B2	NP_002800.2	NC_000017.11	human_rbh	
Simakov2022BCnS_genefamily_6427	B2	NP_055422.1	NC_000002.12	human_rbh	
Simakov2022BCnS_genefamily_10246	B2	NP_001337649.1	NC_000007.14	human_rbh	
Simakov2022BCnS_genefamily_6503	B2	XP_005252030.1	NC_000009.12	human_rbh	
Simakov2022BCnS_genefamily_12154	B2	NP_001276876.1	NC_000002.12	human_rbh	
Simakov2022BCnS_genefamily_9302	B2	NP_006795.3	NC_000017.11	human_rbh	
Simakov2022BCnS_genefamily_10689	B2	XP_024308758.1	NC_000002.12	human_rbh	
Simakov2022BCnS_genefamily_9541	B2	NP_000828.1	NC_000008.11	human_rbh	
Simakov2022BCnS_genefamily_467	B2	NP_001336005.1	NC_000003.12	human_rbh	
Simakov2022BCnS_genefamily_11650	B2	NP_036473.2	NC_000010.11	human_rbh	
Simakov2022BCnS_genefamily_12740	B2	NP_835221.2	NC_000002.12	human_rbh	
Simakov2022BCnS_genefamily_5074	B2	NP_003911.2	NC_000012.12	human_rbh	
Simakov2022BCnS_genefamily_9570	B2	NP_001339509.1	NC_000010.11	human_rbh	
Simakov2022BCnS_genefamily_2006	B2	NP_085153.1	NC_000002.12	human_rbh	
Simakov2022BCnS_genefamily_2614	B2	NP_001123630.1	NC_000002.12	human_rbh	
Simakov2022BCnS_genefamily_6654	B2	NP_443134.3	NC_000002.12	human_rbh	
Simakov2022BCnS_genefamily_4077	B2	XP_016876336.1	NC_000013.11	human_rbh	
Simakov2022BCnS_genefamily_3956	B2	NP_001357589.1	NC_000007.14	human_rbh	
Simakov2022BCnS_genefamily_10313	B2	XP_047275668.1	NC_000007.14	human_rbh	
Simakov2022BCnS_genefamily_12645	B2	XP_047285403.1	NC_000012.12	human_rbh	
Simakov2022BCnS_genefamily_2270	B2	NP_001124435.1	NC_000012.12	human_rbh	
Simakov2022BCnS_genefamily_10738	B2	NP_006801.1	NC_000003.12	human_rbh	
Simakov2022BCnS_genefamily_8734	B2	NP_001138667.1	NC_000010.11	human_rbh	
Simakov2022BCnS_genefamily_977	B2	NP_066990.3	NC_000007.14	human_rbh	
Simakov2022BCnS_genefamily_250	B2	NP_004981.2	NC_000012.12	human_rbh	
Simakov2022BCnS_genefamily_5148	B2	NP_778231.2	NC_000007.14	human_rbh	
Simakov2022BCnS_genefamily_2635	B2	NP_001397752.1	NC_000003.12	human_rbh	
Simakov2022BCnS_genefamily_7728	B2	NP_005403.2	NC_000012.12	human_rbh	
Simakov2022BCnS_genefamily_7650	B2	NP_001120700.1	NC_000017.11	human_rbh	
Simakov2022BCnS_genefamily_4713	B2	NP_079029.3	NC_000002.12	human_rbh	
Simakov2022BCnS_genefamily_10258	B2	NP_653320.3	NC_000003.12	human_rbh	
Simakov2022BCnS_genefamily_421	B2	NP_001239597.1	NC_000002.12	human_rbh	
Simakov2022BCnS_genefamily_9360	B2	NP_003070.3	NC_000017.11	human_rbh	
Simakov2022BCnS_genefamily_8377	B2	NP_001365451.1	NC_000017.11	human_rbh	
Simakov2022BCnS_genefamily_6490	B2	XP_011528038.1	NC_000021.9	human_rbh	
Simakov2022BCnS_genefamily_9881	B2	NP_001317164.1	NC_000017.11	human_rbh	
Simakov2022BCnS_genefamily_11074	B2	NP_001166923.1	NC_000012.12	human_rbh	
Simakov2022BCnS_genefamily_1043	B2	NP_002602.2	NC_000017.11	human_rbh	
Simakov2022BCnS_genefamily_11868	B2	NP_005267.2	NC_000012.12	human_rbh	
Simakov2022BCnS_genefamily_6274	B2	XP_011509358.1	NC_000002.12	human_rbh	
Simakov2022BCnS_genefamily_10707	B2	NP_060229.3	NC_000002.12	human_rbh	
Simakov2022BCnS_genefamily_7636	B2	NP_078808.3	NC_000002.12	human_rbh	
Simakov2022BCnS_genefamily_3571	B2	NP_055078.1	NC_000010.11	human_rbh	
Simakov2022BCnS_genefamily_11053	B2	NP_001007227.1	NC_000017.11	human_rbh	
Simakov2022BCnS_genefamily_11136	B2	XP_011513576.1	NC_000007.14	human_rbh	
Simakov2022BCnS_genefamily_1496	B2	NP_001369245.1	NC_000017.11	human_rbh	
Simakov2022BCnS_genefamily_9484	B2	NP_598368.2	NC_000021.9	human_rbh	
Simakov2022BCnS_genefamily_708	B2	NP_003785.1	NC_000003.12	human_rbh	
Simakov2022BCnS_genefamily_9373	B2	NP_001307570.1	NC_000002.12	human_rbh	
Simakov2022BCnS_genefamily_7328	B2	NP_001340.2	NC_000002.12	human_rbh	
Simakov2022BCnS_genefamily_6462	B2	NP_001369682.1	NC_000010.11	human_rbh	
Simakov2022BCnS_genefamily_4571	B2	XP_011516749.1	NC_000009.12	human_rbh	
Simakov2022BCnS_genefamily_9883	B2	NP_061331.2	NC_000007.14	human_rbh	
Simakov2022BCnS_genefamily_2403	B2	NP_001317191.1	NC_000017.11	human_rbh	
Simakov2022BCnS_genefamily_3315	B2	NP_003473.3	NC_000012.12	human_rbh	
Simakov2022BCnS_genefamily_3560	B2	XP_054188848.1	NW_025791761.1	human_rbh	
Simakov2022BCnS_genefamily_8357	B2	NP_001229691.1	NC_000018.10	human_rbh	
Simakov2022BCnS_genefamily_4485	B2	NP_005906.2	NC_000002.12	human_rbh	
Simakov2022BCnS_genefamily_2728	B2	NP_056097.1	NC_000002.12	human_rbh	
Simakov2022BCnS_genefamily_5244	B3	NP_003165.2	NC_000010.11	human_rbh	
Simakov2022BCnS_genefamily_3271	B3	NP_061854.1	NC_000002.12	human_rbh	
Simakov2022BCnS_genefamily_6596	B3	NP_001358386.1	NC_000002.12	human_rbh	
Simakov2022BCnS_genefamily_11974	B3	NP_001350870.1	NC_000003.12	human_rbh	
Simakov2022BCnS_genefamily_9808	B3	NP_060389.2	NC_000009.12	human_rbh	
Simakov2022BCnS_genefamily_864	B3	NP_056281.1	NC_000003.12	human_rbh	
Simakov2022BCnS_genefamily_4647	B3	NP_001244318.1	NC_000012.12	human_rbh	
Simakov2022BCnS_genefamily_11504	B3	NP_001248335.1	NC_000009.12	human_rbh	
Simakov2022BCnS_genefamily_10566	B3	NP_659449.3	NC_000010.11	human_rbh	
Simakov2022BCnS_genefamily_7570	B3	NP_001129492.1	NC_000007.14	human_rbh	
Simakov2022BCnS_genefamily_5778	B3	NP_001096.1	NC_000002.12	human_rbh	
Simakov2022BCnS_genefamily_969	B3	NP_001293139.1	NC_000009.12	human_rbh	
Simakov2022BCnS_genefamily_3719	B3	NP_001020.2	NC_000012.12	human_rbh	
Simakov2022BCnS_genefamily_1441	B3	XP_011517812.1	NC_000010.11	human_rbh	
Simakov2022BCnS_genefamily_9086	B3	XP_047301882.1	NC_000002.12	human_rbh	
Simakov2022BCnS_genefamily_3378	B3	NP_002323.2	NC_000012.12	human_rbh	
Simakov2022BCnS_genefamily_508	B3	NP_001229243.1	NC_000003.12	human_rbh	
Simakov2022BCnS_genefamily_6694	B3	NP_919278.2	NC_000002.12	human_rbh	
Simakov2022BCnS_genefamily_4146	B3	NP_000937.1	NC_000012.12	human_rbh	
Simakov2022BCnS_genefamily_3762	B3	NP_061720.2	NC_000002.12	human_rbh	
Simakov2022BCnS_genefamily_10404	B3	NP_001336299.1	NC_000003.12	human_rbh	
Simakov2022BCnS_genefamily_516	B3	NP_001229755.1	NC_000012.12	human_rbh	
Simakov2022BCnS_genefamily_8231	B3	NP_001245.1	NC_000017.11	human_rbh	
Simakov2022BCnS_genefamily_5996	B3	NP_001093629.1	NC_000007.14	human_rbh	
Simakov2022BCnS_genefamily_5395	B3	sp|O60229|KALRN_HUMAN		hmm_consensus	
Simakov2022BCnS_genefamily_3486	B3	NP_003459.2	NC_000002.12	human_rbh	
Simakov2022BCnS_genefamily_5374	B3	NP_001281074.1	NC_000002.12	human_rbh	
Simakov2022BCnS_genefamily_3760	B3	NP_004451.2	NC_000002.12	human_rbh	
Simakov2022BCnS_genefamily_775	B3	XP_011514448.1	NC_000007.14	human_rbh	
Simakov2022BCnS_genefamily_6866	B3	NP_001304845.1	NC_000009.12	human_rbh	
Simakov2022BCnS_genefamily_33	B3	NP_003334.2	NC_000021.9	human_rbh	
Simakov2022BCnS_genefamily_6586	B3	NP_002392.2	NC_000017.11	human_rbh	
Simakov2022BCnS_genefamily_4924	B3	NP_001317145.1	NC_000017.11	human_rbh	
Simakov2022BCnS_genefamily_1880	B3	NP_055866.1	NC_000009.12	human_rbh	
Simakov2022BCnS_genefamily_5165	B3	NP_057018.1	NC_000002.12	human_rbh	
Simakov2022BCnS_genefamily_9623	B3	XP_011531687.1	NC_000003.12	human_rbh	
Simakov2022BCnS_genefamily_3071	B3	XP_047284184.1	NC_000012.12	human_rbh	
Simakov2022BCnS_genefamily_3414	B3	NP_057390.1	NC_000003.12	human_rbh	
Simakov2022BCnS_genefamily_1814	B3	NP_001276949.1	NC_000010.11	human_rbh	
Simakov2022BCnS_genefamily_12811	B3	NP_001107563.1	NC_000017.11	human_rbh	
Simakov2022BCnS_genefamily_1450	B3	NP_001028777.1	NC_000007.14	human_rbh	
Simakov2022BCnS_genefamily_1333	B3	NP_001401391.1	NC_000012.12	human_rbh	
Simakov2022BCnS_genefamily_9461	B3	NP_001107604.1	NC_000002.12	human_rbh	
Simakov2022BCnS_genefamily_1148	B3	NP_006799.1	NC_000009.12	human_rbh	
Simakov2022BCnS_genefamily_4273	B3	NP_000399.3	NC_000002.12	human_rbh	
Simakov2022BCnS_genefamily_11006	B3	NP_001336175.1	NC_000003.12	human_rbh	
Simakov2022BCnS_genefamily_6038	C1	NP_055270.1	NC_000001.11	human_rbh	
Simakov2022BCnS_genefamily_10532	C1				
Simakov2022BCnS_genefamily_9025	C1	NP_116023.2	NC_000009.12	human_rbh	
Simakov2022BCnS_genefamily_7241	C1	NP_001273668.1	NC_000015.10	human_rbh	
Simakov2022BCnS_genefamily_4410	C1	NP_036276.1	NC_000009.12	human_rbh	
Simakov2022BCnS_genefamily_11350	C1	NP_001121361.1	NC_000015.10	human_rbh	
Simakov2022BCnS_genefamily_10467	C1	XP_006719119.1	NC_000012.12	human_rbh	
Simakov2022BCnS_genefamily_9615	C1	NP_001073965.2	NC_000009.12	human_rbh	
Simakov2022BCnS_genefamily_9971	C1	NP_001336677.1	NC_000005.10	human_rbh	
Simakov2022BCnS_genefamily_7874	C1	NP_113626.1	NC_000005.10	human_rbh	
Simakov2022BCnS_genefamily_6395	C1	NP_001351982.1	NC_000009.12	human_rbh	
Simakov2022BCnS_genefamily_3320	C1	NP_002638.2	NC_000018.10	human_rbh	
Simakov2022BCnS_genefamily_1616	C1	NP_060115.3	NC_000009.12	human_rbh	
Simakov2022BCnS_genefamily_1612	C1	NP_001119603.1	NC_000015.10	human_rbh	
Simakov2022BCnS_genefamily_3933	C1	NP_000498.2	NC_000009.12	human_rbh	
Simakov2022BCnS_genefamily_3112	C1	NP_006523.1	NC_000019.10	human_rbh	
Simakov2022BCnS_genefamily_8270	C1	NP_001303872.1	NC_000015.10	human_rbh	
Simakov2022BCnS_genefamily_1011	C1	NP_001952.1	NC_000019.10	human_rbh	
Simakov2022BCnS_genefamily_8559	C1	NP_003918.1	NC_000018.10	human_rbh	
Simakov2022BCnS_genefamily_9290	C1	NP_689837.2	NC_000005.10	human_rbh	
Simakov2022BCnS_genefamily_11400	C1	NP_002477.1	NC_000009.12	human_rbh	
Simakov2022BCnS_genefamily_12080	C1	NP_001308901.1	NC_000015.10	human_rbh	
Simakov2022BCnS_genefamily_6017	C1	NP_009190.2	NC_000001.11	human_rbh	
Simakov2022BCnS_genefamily_399	C1	NP_659457.2	NC_000018.10	human_rbh	
Simakov2022BCnS_genefamily_11813	C1	NP_003091.2	NC_000005.10	human_rbh	
Simakov2022BCnS_genefamily_4971	C1	NP_055701.1	NC_000005.10	human_rbh	
Simakov2022BCnS_genefamily_12495	C1	NP_757386.2	NC_000019.10	human_rbh	
Simakov2022BCnS_genefamily_6254	C1	NP_003019.2	NC_000009.12	human_rbh	
Simakov2022BCnS_genefamily_3139	C1	NP_057422.3	NC_000005.10	human_rbh	
Simakov2022BCnS_genefamily_2801	C1	NP_060281.2	NC_000009.12	human_rbh	
Simakov2022BCnS_genefamily_11364	C1	NP_001354752.1	NC_000019.10	human_rbh	
Simakov2022BCnS_genefamily_6027	C1	NP_055454.1	NC_000005.10	human_rbh	
Simakov2022BCnS_genefamily_2808	C1	XP_047294126.1	NC_000019.10	human_rbh	
Simakov2022BCnS_genefamily_2092	C1	NP_001074012.1	NC_000019.10	human_rbh	
Simakov2022BCnS_genefamily_5712	C1	NP_001278830.1	NC_000012.12	human_rbh	
Simakov2022BCnS_genefamily_7007	C1	NP_005964.3	NC_000001.11	human_rbh	
Simakov2022BCnS_genefamily_4508	C1	NP_001159758.1	NC_000015.10	human_rbh	
Simakov2022BCnS_genefamily_9835	C1	NP_005215.1	NC_000019.10	human_rbh	
Simakov2022BCnS_genefamily_353	C1	XP_016863848.1	NC_000004.12	human_rbh	
Simakov2022BCnS_genefamily_12498	C1	NP_001129675.1	NC_000019.10	human_rbh	
Simakov2022BCnS_genefamily_7762	C1	NP_001186020.1	NC_000001.11	human_rbh	
Simakov2022BCnS_genefamily_9235	C1	NP_003016.1	NC_000019.10	human_rbh	
Simakov2022BCnS_genefamily_12470	C1	NP_003861.1	NC_000015.10	human_rbh	
Simakov2022BCnS_genefamily_12800	C1	NP_005698.1	NC_000015.10	human_rbh	
Simakov2022BCnS_genefamily_1977	C1	NP_057388.1	NC_000015.10	human_rbh	
Simakov2022BCnS_genefamily_8601	C1	NP_060689.2	NC_000011.10	human_rbh	
Simakov2022BCnS_genefamily_10774	C1	NP_006704.3	NC_000005.10	human_rbh	
Simakov2022BCnS_genefamily_3581	C1	NP_075012.1	NC_000005.10	human_rbh	
Simakov2022BCnS_genefamily_170	C1	NP_057098.2	NC_000009.12	human_rbh	
Simakov2022BCnS_genefamily_9155	C1	NP_003136.1	NC_000001.11	human_rbh	
Simakov2022BCnS_genefamily_8308	C1	NP_004227.1	NC_000015.10	human_rbh	
Simakov2022BCnS_genefamily_8879	C1	NP_000850.1	NC_000005.10	human_rbh	
Simakov2022BCnS_genefamily_10069	C1	XP_016856782.1	NC_000001.11	human_rbh	
Simakov2022BCnS_genefamily_6727	C1	NP_005468.1	NC_000015.10	human_rbh	
Simakov2022BCnS_genefamily_12073	C1	NP_057623.2	NC_000019.10	human_rbh	
Simakov2022BCnS_genefamily_2408	C1	NP_001180481.1	NC_000019.10	human_rbh	
Simakov2022BCnS_genefamily_1239	C1	NP_001354863.1	NC_000001.11	human_rbh	
Simakov2022BCnS_genefamily_3349	C1	NP_056142.2	NC_000001.11	human_rbh	
Simakov2022BCnS_genefamily_4512	C1	XP_005251894.1	NC_000009.12	human_rbh	
Simakov2022BCnS_genefamily_12291	C1	NP_057479.2	NC_000015.10	human_rbh	
Simakov2022BCnS_genefamily_7630	C1	XP_011525909.1	NC_000019.10	human_rbh	
Simakov2022BCnS_genefamily_4854	C1	NP_078803.4	NC_000019.10	human_rbh	
Simakov2022BCnS_genefamily_9486	C1	NP_005782.1	NC_000002.12	human_rbh	
Simakov2022BCnS_genefamily_11804	C1	XP_011519466.1	NC_000015.10	human_rbh	
Simakov2022BCnS_genefamily_4640	C1	NP_776251.2	NC_000001.11	human_rbh	
Simakov2022BCnS_genefamily_11085	C1	NP_008936.2	NC_000009.12	human_rbh	
Simakov2022BCnS_genefamily_6269	C1	XP_047288079.1	NC_000015.10	human_rbh	
Simakov2022BCnS_genefamily_8754	C1	NP_056291.2	NC_000018.10	human_rbh	
Simakov2022BCnS_genefamily_10915	C1	NP_066285.1	NC_000015.10	human_rbh	
Simakov2022BCnS_genefamily_8149	C1	NP_997200.1	NC_000005.10	human_rbh	
Simakov2022BCnS_genefamily_9698	C1	NP_055733.2	NC_000015.10	human_rbh	
Simakov2022BCnS_genefamily_7530	C1	NP_001353289.1	NC_000015.10	human_rbh	
Simakov2022BCnS_genefamily_12967	C1	NP_001161067.1	NC_000005.10	human_rbh	
Simakov2022BCnS_genefamily_9685	C1	NP_001245366.1	NC_000005.10	human_rbh	
Simakov2022BCnS_genefamily_2936	C1	NP_115622.2	NC_000015.10	human_rbh	
Simakov2022BCnS_genefamily_4195	C1	NP_057191.2	NC_000005.10	human_rbh	
Simakov2022BCnS_genefamily_12777	C1	NP_001001937.1	NC_000018.10	human_rbh	
Simakov2022BCnS_genefamily_751	C1	NP_001365782.1	NC_000003.12	human_rbh	
Simakov2022BCnS_genefamily_3915	C1	NP_001990.2	NC_000005.10	human_rbh	
Simakov2022BCnS_genefamily_2353	C1	NP_001026885.2	NC_000015.10	human_rbh	
Simakov2022BCnS_genefamily_11182	C1	NP_001362334.1	NC_000005.10	human_rbh	
Simakov2022BCnS_genefamily_8790	C1	NP_938014.1	NC_000005.10	human_rbh	
Simakov2022BCnS_genefamily_6118	C1	XP_047271744.1	NC_000001.11	human_rbh	
Simakov2022BCnS_genefamily_10152	C1	NP_056144.3	NC_000019.10	human_rbh	
Simakov2022BCnS_genefamily_9584	C1	NP_057724.2	NC_000005.10	human_rbh	
Simakov2022BCnS_genefamily_12945	C1	NP_003749.2	NC_000015.10	human_rbh	
Simakov2022BCnS_genefamily_1075	C1	NP_001001.2	NC_000009.12	human_rbh	
Simakov2022BCnS_genefamily_12849	C1	XP_047303931.1	NC_000001.11	human_rbh	
Simakov2022BCnS_genefamily_2044	C1	NP_570721.1	NC_000005.10	human_rbh	
Simakov2022BCnS_genefamily_4819	C1	NP_002486.1	NC_000005.10	human_rbh	
Simakov2022BCnS_genefamily_8282	C1	NP_001231888.1	NC_000009.12	human_rbh	
Simakov2022BCnS_genefamily_11685	C1	NP_001262.3	NC_000015.10	human_rbh	
Simakov2022BCnS_genefamily_2489	C1	NP_112180.4	NC_000001.11	human_rbh	
Simakov2022BCnS_genefamily_3779	C1	NP_116126.3	NC_000019.10	human_rbh	
Simakov2022BCnS_genefamily_1384	C1	NP_002824.1	NC_000015.10	human_rbh	
Simakov2022BCnS_genefamily_12317	C1	NP_055764.2	NC_000001.11	human_rbh	
Simakov2022BCnS_genefamily_5762	C1	NP_005014.2	NC_000005.10	human_rbh	
Simakov2022BCnS_genefamily_846	C1	NP_004857.4	NC_000005.10	human_rbh	
Simakov2022BCnS_genefamily_10366	C1	NP_056092.2	NC_000018.10	human_rbh	
Simakov2022BCnS_genefamily_9374	C1	NP_065995.1	NC_000009.12	human_rbh	
Simakov2022BCnS_genefamily_623	C1	NP_058544.3	NC_000009.12	human_rbh	
Simakov2022BCnS_genefamily_3726	C1	XP_016864816.1	NC_000005.10	human_rbh	
Simakov2022BCnS_genefamily_2870	C1	NP_001309774.1	NC_000015.10	human_rbh	
Simakov2022BCnS_genefamily_5908	C1	NP_001365932.1	NC_000005.10	human_rbh	
Simakov2022BCnS_genefamily_6774	C1	NP_006342.2	NC_000019.10	human_rbh	
Simakov2022BCnS_genefamily_4045	C1	XP_011520535.1	NC_000015.10	human_rbh	
Simakov2022BCnS_genefamily_7985	C1	NP_001380474.1	NC_000005.10	human_rbh	
Simakov2022BCnS_genefamily_10297	C1	NP_057228.1	NC_000005.10	human_rbh	
Simakov2022BCnS_genefamily_6987	C1	NP_000117.1	NC_000015.10	human_rbh	
Simakov2022BCnS_genefamily_1461	C1	NP_115485.1	NC_000005.10	human_rbh	
Simakov2022BCnS_genefamily_7764	C1	NP_001164491.1	NC_000023.11	human_rbh	
Simakov2022BCnS_genefamily_6162	C1	NP_001295155.1	NC_000019.10	human_rbh	
Simakov2022BCnS_genefamily_1789	C1	XP_047273780.1	NC_000005.10	human_rbh	
Simakov2022BCnS_genefamily_5823	C1	NP_001186778.1	NC_000001.11	human_rbh	
Simakov2022BCnS_genefamily_11651	C1	NP_005989.3	NC_000001.11	human_rbh	
Simakov2022BCnS_genefamily_5288	C1	NP_787077.1	NC_000015.10	human_rbh	
Simakov2022BCnS_genefamily_12327	C1	NP_001790.1	NC_000005.10	human_rbh	
Simakov2022BCnS_genefamily_3638	C1	NP_001036046.1	NC_000015.10	human_rbh	
Simakov2022BCnS_genefamily_915	C1	XP_047289215.1	NC_000015.10	human_rbh	
Simakov2022BCnS_genefamily_11929	C1	NP_056078.2	NC_000015.10	human_rbh	
Simakov2022BCnS_genefamily_12838	C1	XP_016877945.1	NC_000015.10	human_rbh	
Simakov2022BCnS_genefamily_5858	C1	NP_002902.2	NC_000019.10	human_rbh	
Simakov2022BCnS_genefamily_4737	C1	NP_055782.3	NC_000015.10	human_rbh	
Simakov2022BCnS_genefamily_5552	C1	XP_047302239.1	NC_000002.12	human_rbh	
Simakov2022BCnS_genefamily_8247	C1	NP_000976.1	NC_000018.10	human_rbh	
Simakov2022BCnS_genefamily_5072	C1	NP_002446.3	NC_000001.11	human_rbh	
Simakov2022BCnS_genefamily_6899	C1	NP_653181.1	NC_000001.11	human_rbh	
Simakov2022BCnS_genefamily_2901	C1	NP_115996.1	NC_000019.10	human_rbh	
Simakov2022BCnS_genefamily_5138	C1	NP_006459.3	NC_000001.11	human_rbh	
Simakov2022BCnS_genefamily_1922	C1	NP_689576.6	NC_000019.10	human_rbh	
Simakov2022BCnS_genefamily_10079	C1	NP_612452.1	NC_000018.10	human_rbh	
Simakov2022BCnS_genefamily_7766	C1	NP_057049.5	NC_000019.10	human_rbh	
Simakov2022BCnS_genefamily_4701	C1	NP_001171870.1	NC_000009.12	human_rbh	
Simakov2022BCnS_genefamily_12546	C1	NP_001123571.1	NC_000016.10	human_rbh	
Simakov2022BCnS_genefamily_7279	C1	XP_011526113.1	NC_000019.10	human_rbh	
Simakov2022BCnS_genefamily_7950	C1	NP_079487.2	NC_000009.12	human_rbh	
Simakov2022BCnS_genefamily_9538	C1	NP_996929.1	NC_000001.11	human_rbh	
Simakov2022BCnS_genefamily_5727	C1	NP_005735.2	NC_000015.10	human_rbh	
Simakov2022BCnS_genefamily_6832	C1	NP_002746.1	NC_000015.10	human_rbh	
Simakov2022BCnS_genefamily_5640	C1	NP_001034786.1	NC_000009.12	human_rbh	
Simakov2022BCnS_genefamily_2510	C1	NP_004598.1	NC_000005.10	human_rbh	
Simakov2022BCnS_genefamily_9462	C1	NP_001123886.1	NC_000015.10	human_rbh	
Simakov2022BCnS_genefamily_4789	C2	NP_001077432.1	NC_000001.11	human_rbh	
Simakov2022BCnS_genefamily_9700	C2	NP_001159588.1	NC_000009.12	human_rbh	
Simakov2022BCnS_genefamily_4338	C2	NP_005770.1	NC_000005.10	human_rbh	
Simakov2022BCnS_genefamily_4730	C2	NP_001792.2	NC_000005.10	human_rbh	
Simakov2022BCnS_genefamily_12471	C2	NP_001381476.1	NC_000015.10	human_rbh	
Simakov2022BCnS_genefamily_3413	C2	NP_478059.1	NC_000009.12	human_rbh	
Simakov2022BCnS_genefamily_4537	C2	NP_694533.1	NC_000019.10	human_rbh	
Simakov2022BCnS_genefamily_9370	C2	NP_001341827.1	NC_000005.10	human_rbh	
Simakov2022BCnS_genefamily_456	C2	NP_001393970.1	NC_000018.10	human_rbh	
Simakov2022BCnS_genefamily_6125	C2	XP_047280386.1	NC_000001.11	human_rbh	
Simakov2022BCnS_genefamily_5263	C2	NP_001357490.1	NC_000015.10	human_rbh	
Simakov2022BCnS_genefamily_1213	C2	NP_060835.1	NC_000015.10	human_rbh	
Simakov2022BCnS_genefamily_12256	C2	NP_001139686.2	NC_000012.12	human_rbh	
Simakov2022BCnS_genefamily_8127	C2	NP_006392.1	NC_000009.12	human_rbh	
Simakov2022BCnS_genefamily_3213	C2	NP_001106819.1	NC_000001.11	human_rbh	
Simakov2022BCnS_genefamily_7418	C2	NP_001317168.1	NC_000015.10	human_rbh	
Simakov2022BCnS_genefamily_11330	C2	NP_002063.2	NC_000009.12	human_rbh	
Simakov2022BCnS_genefamily_5481	C2	XP_016868469.1	NC_000008.11	human_rbh	
Simakov2022BCnS_genefamily_4488	D	XP_006713876.1	NC_000003.12	human_rbh	
Simakov2022BCnS_genefamily_3540	D	NP_001127807.1	NC_000007.14	human_rbh	
Simakov2022BCnS_genefamily_2684	D	NP_038460.4	NC_000008.11	human_rbh	
Simakov2022BCnS_genefamily_4035	D	NP_683725.1	NC_000018.10	human_rbh	
Simakov2022BCnS_genefamily_10542	D	NP_001293014.1	NC_000018.10	human_rbh	
Simakov2022BCnS_genefamily_9263	D	NP_006733.1	NC_000016.10	human_rbh	
Simakov2022BCnS_genefamily_7392	D	NP_037364.1	NC_000005.10	human_rbh	
Simakov2022BCnS_genefamily_12091	D	NP_001094064.1	NC_000003.12	human_rbh	
Simakov2022BCnS_genefamily_10235	D	NP_001275743.2	NC_000008.11	human_rbh	
Simakov2022BCnS_genefamily_3751	D	XP_011527002.1	NC_000020.11	human_rbh	
Simakov2022BCnS_genefamily_7372	D	XP_047293813.1	NC_000018.10	human_rbh	
Simakov2022BCnS_genefamily_7009	D	XP_024306119.1	NC_000016.10	human_rbh	
Simakov2022BCnS_genefamily_6959	D	NP_597700.1	NC_000016.10	human_rbh	
Simakov2022BCnS_genefamily_8328	D	NP_001259004.1	NC_000016.10	human_rbh	
Simakov2022BCnS_genefamily_756	D	NP_775738.3	NC_000022.11	human_rbh	
Simakov2022BCnS_genefamily_5212	D	NP_612385.2	NC_000014.9	human_rbh	
Simakov2022BCnS_genefamily_4657	D	NP_060836.1	NC_000004.12	human_rbh	
Simakov2022BCnS_genefamily_1833	D	NP_116258.2	NC_000008.11	human_rbh	
Simakov2022BCnS_genefamily_6533	D	NP_066301.1	NC_000008.11	human_rbh	
Simakov2022BCnS_genefamily_1409	D	NP_037374.1	NC_000016.10	human_rbh	
Simakov2022BCnS_genefamily_12390	D	NP_001139139.1	NC_000016.10	human_rbh	
Simakov2022BCnS_genefamily_7154	D	XP_005250818.1	NC_000008.11	human_rbh	
Simakov2022BCnS_genefamily_3756	D	NP_112506.2	NC_000020.11	human_rbh	
Simakov2022BCnS_genefamily_2806	D	NP_001371350.1	NC_000019.10	human_rbh	
Simakov2022BCnS_genefamily_10092	D	NP_004102.1	NC_000011.10	human_rbh	
Simakov2022BCnS_genefamily_2078	D	NP_005006.4	NC_000014.9	human_rbh	
Simakov2022BCnS_genefamily_6115	D	NP_003904.3	NC_000006.12	human_rbh	
Simakov2022BCnS_genefamily_7271	D	NP_060826.2	NC_000005.10	human_rbh	
Simakov2022BCnS_genefamily_11761	D	NP_001273484.1	NC_000006.12	human_rbh	
Simakov2022BCnS_genefamily_8257	D	NP_001135.3	NC_000016.10	human_rbh	
Simakov2022BCnS_genefamily_5878	D	NP_066923.3	NC_000020.11	human_rbh	
Simakov2022BCnS_genefamily_11042	D	NP_001159741.1	NC_000014.9	human_rbh	
Simakov2022BCnS_genefamily_3823	D	NP_938204.2	NC_000016.10	human_rbh	
Simakov2022BCnS_genefamily_9173	D	NP_694545.1	NC_000018.10	human_rbh	
Simakov2022BCnS_genefamily_7026	D	NP_208325.3	NC_000008.11	human_rbh	
Simakov2022BCnS_genefamily_316	D	NP_060676.2	NC_000016.10	human_rbh	
Simakov2022BCnS_genefamily_4455	D	NP_005539.1	NC_000016.10	human_rbh	
Simakov2022BCnS_genefamily_2069	D	NP_001139817.1	NC_000018.10	human_rbh	
Simakov2022BCnS_genefamily_2587	D	NP_002783.1	NC_000020.11	human_rbh	
Simakov2022BCnS_genefamily_5354	D	NP_001333160.1	NC_000018.10	human_rbh	
Simakov2022BCnS_genefamily_810	D	NP_004328.1	NC_000008.11	human_rbh	
Simakov2022BCnS_genefamily_12609	D	NP_001008495.2	NC_000008.11	human_rbh	
Simakov2022BCnS_genefamily_3926	D	NP_002886.2	NC_000020.11	human_rbh	
Simakov2022BCnS_genefamily_10203	D	XP_024306015.1	NC_000016.10	human_rbh	
Simakov2022BCnS_genefamily_2547	D	NP_996667.2	NC_000006.12	human_rbh	
Simakov2022BCnS_genefamily_11121	D	NP_060469.4	NC_000014.9	human_rbh	
Simakov2022BCnS_genefamily_9959	D	NP_056453.1	NC_000020.11	human_rbh	
Simakov2022BCnS_genefamily_11349	D	NP_064574.1	NC_000008.11	human_rbh	
Simakov2022BCnS_genefamily_8287	D	NP_061861.1	NC_000006.12	human_rbh	
Simakov2022BCnS_genefamily_5893	D	NP_001444.2	NC_000006.12	human_rbh	
Simakov2022BCnS_genefamily_6008	D	NP_056201.2	NC_000016.10	human_rbh	
Simakov2022BCnS_genefamily_9817	D	NP_954580.2	NC_000020.11	human_rbh	
Simakov2022BCnS_genefamily_4151	D	NP_054876.2	NC_000016.10	human_rbh	
Simakov2022BCnS_genefamily_6084	D	NP_001365064.1	NC_000018.10	human_rbh	
Simakov2022BCnS_genefamily_2428	D	NP_003176.2	NC_000020.11	human_rbh	
Simakov2022BCnS_genefamily_1859	D	NP_001123360.1	NC_000008.11	human_rbh	
Simakov2022BCnS_genefamily_6716	D	NP_005126.1	NC_000015.10	human_rbh	
Simakov2022BCnS_genefamily_364	D	XP_005248394.1	NC_000005.10	human_rbh	
Simakov2022BCnS_genefamily_6056	D	NP_003850.1	NC_000020.11	human_rbh	
Simakov2022BCnS_genefamily_7452	D	NP_001025175.1	NC_000020.11	human_rbh	
Simakov2022BCnS_genefamily_1758	D	NP_060309.2	NC_000016.10	human_rbh	
Simakov2022BCnS_genefamily_1882	D	NP_004634.1	NC_000014.9	human_rbh	
Simakov2022BCnS_genefamily_10767	D	NP_054735.3	NC_000003.12	human_rbh	
Simakov2022BCnS_genefamily_4471	D	NP_001335080.1	NC_000020.11	human_rbh	
Simakov2022BCnS_genefamily_9560	D	NP_005484.2	NC_000006.12	human_rbh	
Simakov2022BCnS_genefamily_11654	D	NP_004542.1	NC_000011.10	human_rbh	
Simakov2022BCnS_genefamily_9982	D	NP_001070648.1	NC_000016.10	human_rbh	
Simakov2022BCnS_genefamily_8024	D	NP_001186110.1	NC_000003.12	human_rbh	
Simakov2022BCnS_genefamily_1666	D	NP_001528.1	NC_000016.10	human_rbh	
Simakov2022BCnS_genefamily_10385	D	NP_000344.1	NC_000016.10	human_rbh	
Simakov2022BCnS_genefamily_9606	D	NP_057179.1	NC_000016.10	human_rbh	
Simakov2022BCnS_genefamily_3554	D	NP_000261.2	NC_000014.9	human_rbh	
Simakov2022BCnS_genefamily_8368	D	NP_001380295.1	NC_000003.12	human_rbh	
Simakov2022BCnS_genefamily_12982	D	NP_077282.3	NC_000016.10	human_rbh	
Simakov2022BCnS_genefamily_12047	D	NP_005783.2	NC_000016.10	human_rbh	
Simakov2022BCnS_genefamily_11059	D	NP_110417.2	NC_000016.10	human_rbh	
Simakov2022BCnS_genefamily_8593	D	XP_011525742.1	NC_000019.10	human_rbh	
Simakov2022BCnS_genefamily_6326	D	NP_116219.2	NC_000016.10	human_rbh	
Simakov2022BCnS_genefamily_6583	D	NP_064709.2	NC_000016.10	human_rbh	
Simakov2022BCnS_genefamily_8864	D	XP_005256380.1	NC_000016.10	human_rbh	
Simakov2022BCnS_genefamily_6024	D	NP_060334.2	NC_000008.11	human_rbh	
Simakov2022BCnS_genefamily_6057	D	NP_878274.1	NC_000016.10	human_rbh	
Simakov2022BCnS_genefamily_4044	D	NP_001073861.1	NC_000007.14	human_rbh	
Simakov2022BCnS_genefamily_12874	D	XP_047295518.1	NC_000019.10	human_rbh	
Simakov2022BCnS_genefamily_8380	D	NP_149111.1	NC_000005.10	human_rbh	
Simakov2022BCnS_genefamily_1337	D	NP_004228.1	NC_000005.10	human_rbh	
Simakov2022BCnS_genefamily_10415	D	NP_653229.1	NC_000020.11	human_rbh	
Simakov2022BCnS_genefamily_8488	D	NP_067038.1	NC_000020.11	human_rbh	
Simakov2022BCnS_genefamily_37	D	NP_001135865.1	NC_000006.12	human_rbh	
Simakov2022BCnS_genefamily_1115	D	NP_003754.2	NC_000020.11	human_rbh	
Simakov2022BCnS_genefamily_5584	D	NP_808880.1	NC_000008.11	human_rbh	
Simakov2022BCnS_genefamily_9272	D	NP_001119.3	NC_000016.10	human_rbh	
Simakov2022BCnS_genefamily_1886	D	NP_001472.1	NC_000016.10	human_rbh	
Simakov2022BCnS_genefamily_5180	D	NP_005905.2	NC_000008.11	human_rbh	
Simakov2022BCnS_genefamily_5865	D	NP_055484.3	NC_000016.10	human_rbh	
Simakov2022BCnS_genefamily_12737	D	NP_004699.1	NC_000019.10	human_rbh	
Simakov2022BCnS_genefamily_7536	D	NP_004904.2	NC_000016.10	human_rbh	
Simakov2022BCnS_genefamily_12153	D	NP_001268387.1	NC_000020.11	human_rbh	
Simakov2022BCnS_genefamily_6355	D	NP_006423.1	NC_000014.9	human_rbh	
Simakov2022BCnS_genefamily_11030	D	NP_062826.2	NC_000014.9	human_rbh	
Simakov2022BCnS_genefamily_11309	D	NP_001295254.1	NC_000016.10	human_rbh	
Simakov2022BCnS_genefamily_12561	D	NP_085058.3	NC_000016.10	human_rbh	
Simakov2022BCnS_genefamily_1736	D	NP_001341190.1	NC_000004.12	human_rbh	
Simakov2022BCnS_genefamily_1950	D	NP_001399958.1	NC_000008.11	human_rbh	
Simakov2022BCnS_genefamily_526	D	NP_079175.2	NC_000018.10	human_rbh	
Simakov2022BCnS_genefamily_12983	D	NP_064520.2	NC_000006.12	human_rbh	
Simakov2022BCnS_genefamily_12540	D	NP_877963.1	NC_000020.11	human_rbh	
Simakov2022BCnS_genefamily_903	D	NP_001309046.1	NC_000016.10	human_rbh	
Simakov2022BCnS_genefamily_9005	D	XP_047290690.1	NC_000016.10	human_rbh	
Simakov2022BCnS_genefamily_11081	D	NP_003787.2	NC_000019.10	human_rbh	
Simakov2022BCnS_genefamily_88	D	NP_001352253.1	NC_000016.10	human_rbh	
Simakov2022BCnS_genefamily_2976	D	NP_004554.3	NC_000014.9	human_rbh	
Simakov2022BCnS_genefamily_2096	D	NP_001034200.1	NC_000003.12	human_rbh	
Simakov2022BCnS_genefamily_5822	D	NP_003277.1	NC_000020.11	human_rbh	
Simakov2022BCnS_genefamily_5940	D	NP_077311.2	NC_000016.10	human_rbh	
Simakov2022BCnS_genefamily_10656	D	XP_005260636.1	NC_000020.11	human_rbh	
Simakov2022BCnS_genefamily_9809	D	XP_016868866.1	NC_000008.11	human_rbh	
Simakov2022BCnS_genefamily_7802	D	XP_005258290.1	NC_000018.10	human_rbh	
Simakov2022BCnS_genefamily_792	D	NP_003565.4	NC_000018.10	human_rbh	
Simakov2022BCnS_genefamily_12014	D	NP_149989.2	NC_000016.10	human_rbh	
Simakov2022BCnS_genefamily_840	D	NP_061328.1	NC_000020.11	human_rbh	
Simakov2022BCnS_genefamily_11669	D	NP_891552.1	NC_000016.10	human_rbh	
Simakov2022BCnS_genefamily_6846	D	NP_057146.1	NC_000016.10	human_rbh	
Simakov2022BCnS_genefamily_5164	D	NP_073607.2	NC_000016.10	human_rbh	
Simakov2022BCnS_genefamily_8946	D	NP_005876.2	NC_000005.10	human_rbh	
Simakov2022BCnS_genefamily_4098	D	NP_057368.3	NC_000016.10	human_rbh	
Simakov2022BCnS_genefamily_12116	D	NP_001276718.1	NC_000019.10	human_rbh	
Simakov2022BCnS_genefamily_2659	D	NP_037423.2	NC_000008.11	human_rbh	
Simakov2022BCnS_genefamily_10637	D	NP_037394.2	NC_000006.12	human_rbh	
Simakov2022BCnS_genefamily_7051	D	NP_001034797.1	NC_000009.12	human_rbh	
Simakov2022BCnS_genefamily_5860	D	XP_016867845.1	NC_000007.14	human_rbh	
Simakov2022BCnS_genefamily_5416	D	NP_001128651.1	NC_000003.12	human_rbh	
Simakov2022BCnS_genefamily_5062	D	NP_001158289.1	NC_000014.9	human_rbh	
Simakov2022BCnS_genefamily_3156	D	NP_037395.2	NC_000016.10	human_rbh	
Simakov2022BCnS_genefamily_11131	D	NP_074036.1	NC_000016.10	human_rbh	
Simakov2022BCnS_genefamily_12995	D	NP_001596.2	NC_000016.10	human_rbh	
Simakov2022BCnS_genefamily_1660	D	NP_115648.2	NC_000008.11	human_rbh	
Simakov2022BCnS_genefamily_10056	D	NP_001335.1	NC_000014.9	human_rbh	
Simakov2022BCnS_genefamily_7167	D	NP_001008726.1	NC_000014.9	human_rbh	
Simakov2022BCnS_genefamily_7195	D	NP_001035847.1	NC_000018.10	human_rbh	
Simakov2022BCnS_genefamily_10491	D	NP_054906.2	NC_000016.10	human_rbh	
Simakov2022BCnS_genefamily_8404	D	NP_003782.1	NC_000016.10	human_rbh	
Simakov2022BCnS_genefamily_11932	D	XP_005255917.3	NC_000016.10	human_rbh	
Simakov2022BCnS_genefamily_5075	D	NP_115867.2	NC_000017.11	human_rbh	
Simakov2022BCnS_genefamily_9649	D	NP_001295263.1	NC_000016.10	human_rbh	
Simakov2022BCnS_genefamily_7687	D	NP_006315.1	NC_000016.10	human_rbh	
Simakov2022BCnS_genefamily_10326	D	NP_001336206.1	NC_000003.12	human_rbh	
Simakov2022BCnS_genefamily_2482	D	NP_054896.2	NC_000018.10	human_rbh	
Simakov2022BCnS_genefamily_3939	D	NP_001311374.1	NC_000016.10	human_rbh	
Simakov2022BCnS_genefamily_12802	D	NP_003341.1	NC_000008.11	human_rbh	
Simakov2022BCnS_genefamily_12718	D	NP_002517.1	NC_000006.12	human_rbh	
Simakov2022BCnS_genefamily_8078	D	NP_001308967.1	NC_000016.10	human_rbh	
Simakov2022BCnS_genefamily_12602	D	NP_054781.1	NC_000016.10	human_rbh	
Simakov2022BCnS_genefamily_8932	D	NP_001907.3	NC_000008.11	human_rbh	
Simakov2022BCnS_genefamily_10063	D	NP_060250.2	NC_000008.11	human_rbh	
Simakov2022BCnS_genefamily_4299	D	NP_006132.1	NC_000016.10	human_rbh	
Simakov2022BCnS_genefamily_5473	D	NP_078939.3	NC_000020.11	human_rbh	
Simakov2022BCnS_genefamily_7803	D	NP_543011.2	NC_000020.11	human_rbh	
Simakov2022BCnS_genefamily_12991	D	XP_016863506.1	NC_000004.12	human_rbh	
Simakov2022BCnS_genefamily_1935	D	NP_149017.2	NC_000015.10	human_rbh	
Simakov2022BCnS_genefamily_7729	D	NP_060040.1	NC_000008.11	human_rbh	
Simakov2022BCnS_genefamily_12341	D	NP_056383.1	NC_000020.11	human_rbh	
Simakov2022BCnS_genefamily_2850	D	NP_001290452.1	NC_000014.9	human_rbh	
Simakov2022BCnS_genefamily_4632	D	NP_001030087.2	NC_000008.11	human_rbh	
Simakov2022BCnS_genefamily_10339	D	NP_057457.1	NC_000016.10	human_rbh	
Simakov2022BCnS_genefamily_480	D	NP_036558.3	NC_000016.10	human_rbh	
Simakov2022BCnS_genefamily_11566	D	NP_115910.1	NC_000020.11	human_rbh	
Simakov2022BCnS_genefamily_7489	D	NP_071343.2	NC_000014.9	human_rbh	
Simakov2022BCnS_genefamily_8665	D	NP_536724.1	NC_000020.11	human_rbh	
Simakov2022BCnS_genefamily_10225	D	NP_055932.2	NC_000008.11	human_rbh	
Simakov2022BCnS_genefamily_1041	D	NP_002071.2	NC_000016.10	human_rbh	
Simakov2022BCnS_genefamily_8516	D	NP_002862.2	NC_000001.11	human_rbh	
Simakov2022BCnS_genefamily_1705	Ea	NP_001938.2	NC_000003.12	human_rbh	
Simakov2022BCnS_genefamily_3259	Ea	NP_064522.4	NC_000023.11	human_rbh	
Simakov2022BCnS_genefamily_10872	Ea	NP_001341658.1	NC_000003.12	human_rbh	
Simakov2022BCnS_genefamily_4330	Ea				
Simakov2022BCnS_genefamily_10845	Ea	NP_001278213.1	NC_000003.12	human_rbh	
Simakov2022BCnS_genefamily_386	Ea	NP_009115.3	NC_000003.12	human_rbh	
Simakov2022BCnS_genefamily_10702	Ea	NP_055629.1	NC_000003.12	human_rbh	
Simakov2022BCnS_genefamily_711	Ea	NP_004517.2	NC_000003.12	human_rbh	
Simakov2022BCnS_genefamily_11970	Ea	NP_116215.1	NC_000007.14	human_rbh	
Simakov2022BCnS_genefamily_6001	Ea	XP_047284552.1	NC_000012.12	human_rbh	
Simakov2022BCnS_genefamily_6744	Ea	NP_003839.2	NC_000003.12	human_rbh	
Simakov2022BCnS_genefamily_3391	Ea	NP_004625.2	NC_000003.12	human_rbh	
Simakov2022BCnS_genefamily_3160	Ea	NP_002099.1	NC_000012.12	human_rbh	
Simakov2022BCnS_genefamily_926	Ea	NP_000916.2	NC_000003.12	human_rbh	
Simakov2022BCnS_genefamily_11795	Ea	NP_001374375.1	NC_000003.12	human_rbh	
Simakov2022BCnS_genefamily_925	Ea	NP_055408.2	NC_000018.10	human_rbh	
Simakov2022BCnS_genefamily_6222	Ea	NP_005754.2	NC_000007.14	human_rbh	
Simakov2022BCnS_genefamily_11139	Ea	NP_064550.3	NC_000003.12	human_rbh	
Simakov2022BCnS_genefamily_12841	Ea	NP_004647.1	NC_000003.12	human_rbh	
Simakov2022BCnS_genefamily_8995	Ea	NP_036389.2	NC_000007.14	human_rbh	
Simakov2022BCnS_genefamily_2724	Ea	NP_002282.2	NC_000007.14	human_rbh	
Simakov2022BCnS_genefamily_12730	Ea	NP_001018049.1	NC_000010.11	human_rbh	
Simakov2022BCnS_genefamily_3817	Ea	NP_001009996.1	NC_000003.12	human_rbh	
Simakov2022BCnS_genefamily_6318	Ea	NP_055192.1	NC_000007.14	human_rbh	
Simakov2022BCnS_genefamily_7948	Ea	NP_006473.2	NC_000012.12	human_rbh	
Simakov2022BCnS_genefamily_4768	Ea	NP_001136221.1	NC_000007.14	human_rbh	
Simakov2022BCnS_genefamily_5919	Ea	XP_047276569.1	NC_000007.14	human_rbh	
Simakov2022BCnS_genefamily_9418	Ea	NP_002626.1	NC_000012.12	human_rbh	
Simakov2022BCnS_genefamily_6854	Ea	NP_056090.1	NC_000012.12	human_rbh	
Simakov2022BCnS_genefamily_3203	Ea	NP_055824.1	NC_000003.12	human_rbh	
Simakov2022BCnS_genefamily_466	Ea	XP_006713441.2	NC_000003.12	human_rbh	
Simakov2022BCnS_genefamily_427	Ea	NP_001158160.1	NC_000001.11	human_rbh	
Simakov2022BCnS_genefamily_6516	Ea	NP_073603.2	NC_000022.11	human_rbh	
Simakov2022BCnS_genefamily_6491	Ea	NP_776253.3	NC_000001.11	human_rbh	
Simakov2022BCnS_genefamily_297	Ea	NP_001397739.1	NC_000003.12	human_rbh	
Simakov2022BCnS_genefamily_10268	Ea	NP_001366139.1	NC_000003.12	human_rbh	
Simakov2022BCnS_genefamily_3982	Ea	sp|Q15751|HERC1_HUMAN		hmm_consensus	
Simakov2022BCnS_genefamily_10654	Ea	NP_005042.1	NC_000003.12	human_rbh	
Simakov2022BCnS_genefamily_1998	Ea	NP_001123308.1	NC_000012.12	human_rbh	
Simakov2022BCnS_genefamily_5945	Ea	NP_001036068.1	NC_000012.12	human_rbh	
Simakov2022BCnS_genefamily_9613	Ea	NP_077310.1	NC_000003.12	human_rbh	
Simakov2022BCnS_genefamily_1078	Ea	NP_005681.2	NC_000012.12	human_rbh	
Simakov2022BCnS_genefamily_5682	Ea	NP_001035199.1	NC_000007.14	human_rbh	
Simakov2022BCnS_genefamily_3687	Ea	NP_001129629.1	NC_000023.11	human_rbh	
Simakov2022BCnS_genefamily_8326	Ea	NP_079090.2	NC_000007.14	human_rbh	
Simakov2022BCnS_genefamily_9287	Ea	sp|Q9NYQ6|CELR1_HUMAN		hmm_consensus	
Simakov2022BCnS_genefamily_8297	Ea	NP_001372525.1	NC_000007.14	human_rbh	
Simakov2022BCnS_genefamily_7050	Ea	NP_055575.3	NC_000003.12	human_rbh	
Simakov2022BCnS_genefamily_3683	Ea	NP_940965.1	NC_000003.12	human_rbh	
Simakov2022BCnS_genefamily_10113	Ea	NP_006001.5	NC_000003.12	human_rbh	
Simakov2022BCnS_genefamily_6148	Ea	XP_047279037.1	NC_000009.12	human_rbh	
Simakov2022BCnS_genefamily_7584	Ea	NP_689648.2	NC_000012.12	human_rbh	
Simakov2022BCnS_genefamily_982	Ea	NP_060241.2	NC_000003.12	human_rbh	
Simakov2022BCnS_genefamily_2440	Ea	NP_001382427.1	NC_000023.11	human_rbh	
Simakov2022BCnS_genefamily_5357	Ea	XP_047305297.1	NC_000003.12	human_rbh	
Simakov2022BCnS_genefamily_5596	Ea	NP_079002.3	NC_000002.12	human_rbh	
Simakov2022BCnS_genefamily_9125	Ea	NP_001365899.1	NC_000001.11	human_rbh	
Simakov2022BCnS_genefamily_8395	Ea	NP_001188513.1	NC_000003.12	human_rbh	
Simakov2022BCnS_genefamily_7824	Ea	NP_065813.1	NC_000012.12	human_rbh	
Simakov2022BCnS_genefamily_12195	Ea	NP_001157749.1	NC_000011.10	human_rbh	
Simakov2022BCnS_genefamily_9979	Ea	NP_001350407.1	NC_000007.14	human_rbh	
Simakov2022BCnS_genefamily_1393	Ea	NP_001132913.1	NC_000023.11	human_rbh	
Simakov2022BCnS_genefamily_6267	Ea	NP_001352833.1	NC_000003.12	human_rbh	
Simakov2022BCnS_genefamily_7808	Ea	NP_891550.1	NC_000003.12	human_rbh	
Simakov2022BCnS_genefamily_10237	Ea	NP_057140.2	NC_000012.12	human_rbh	
Simakov2022BCnS_genefamily_10130	Ea				
Simakov2022BCnS_genefamily_7343	Ea	NP_078930.4	NC_000001.11	human_rbh	
Simakov2022BCnS_genefamily_11694	Ea	XP_011532131.1	NC_000003.12	human_rbh	
Simakov2022BCnS_genefamily_4263	Ea	NP_077300.3	NC_000022.11	human_rbh	
Simakov2022BCnS_genefamily_5182	Ea	NP_001001973.1	NC_000010.11	human_rbh	
Simakov2022BCnS_genefamily_6998	Ea	NP_001337670.1	NC_000007.14	human_rbh	
Simakov2022BCnS_genefamily_6460	Ea	NP_001317175.1	NC_000012.12	human_rbh	
Simakov2022BCnS_genefamily_2088	Ea	NP_653240.1	NC_000003.12	human_rbh	
Simakov2022BCnS_genefamily_8017	Ea	NP_001124192.1	NC_000007.14	human_rbh	
Simakov2022BCnS_genefamily_11998	Ea	XP_024302429.1	NC_000007.14	human_rbh	
Simakov2022BCnS_genefamily_9238	Ea	XP_011532456.1	NC_000003.12	human_rbh	
Simakov2022BCnS_genefamily_2295	Ea	NP_001364854.1	NC_000003.12	human_rbh	
Simakov2022BCnS_genefamily_3035	Ea	NP_001035810.1	NC_000023.11	human_rbh	
Simakov2022BCnS_genefamily_12548	Ea	NP_060821.3	NC_000012.12	human_rbh	
Simakov2022BCnS_genefamily_6721	Ea	NP_056357.1	NC_000010.11	human_rbh	
Simakov2022BCnS_genefamily_4196	Ea	NP_055121.1	NC_000022.11	human_rbh	
Simakov2022BCnS_genefamily_8482	Ea	NP_001128123.1	NC_000003.12	human_rbh	
Simakov2022BCnS_genefamily_6857	Ea	NP_000971.1	NC_000019.10	human_rbh	
Simakov2022BCnS_genefamily_4339	Ea	NP_001309182.1	NC_000003.12	human_rbh	
Simakov2022BCnS_genefamily_8877	Ea	NP_057284.1	NC_000007.14	human_rbh	
Simakov2022BCnS_genefamily_9804	Ea	NP_000472.2	NC_000003.12	human_rbh	
Simakov2022BCnS_genefamily_8846	Ea	NP_003170.1	NC_000023.11	human_rbh	
Simakov2022BCnS_genefamily_6706	Ea	NP_001400094.1	NC_000012.12	human_rbh	
Simakov2022BCnS_genefamily_5105	Ea	NP_001401452.1	NC_000012.12	human_rbh	
Simakov2022BCnS_genefamily_6191	Ea	NP_060282.1	NC_000007.14	human_rbh	
Simakov2022BCnS_genefamily_1364	Ea	NP_060242.2	NC_000006.12	human_rbh	
Simakov2022BCnS_genefamily_4747	Ea	NP_000679.1	NC_000003.12	human_rbh	
Simakov2022BCnS_genefamily_12633	Ea	NP_001171827.1	NC_000023.11	human_rbh	
Simakov2022BCnS_genefamily_11197	Ea	NP_004270.2	NC_000007.14	human_rbh	
Simakov2022BCnS_genefamily_3541	Ea	NP_001164104.1	NC_000012.12	human_rbh	
Simakov2022BCnS_genefamily_4113	Ea	XP_011537116.1	NC_000012.12	human_rbh	
Simakov2022BCnS_genefamily_829	Ea	NP_001191812.1	NC_000003.12	human_rbh	
Simakov2022BCnS_genefamily_12431	Ea	NP_055939.1	NC_000022.11	human_rbh	
Simakov2022BCnS_genefamily_9778	Ea	XP_011522292.1	NC_000017.11	human_rbh	
Simakov2022BCnS_genefamily_8686	Ea	NP_005155.1	NC_000012.12	human_rbh	
Simakov2022BCnS_genefamily_4519	Ea	NP_061188.1	NC_000007.14	human_rbh	
Simakov2022BCnS_genefamily_97	Ea	NP_001180463.1	NC_000004.12	human_rbh	
Simakov2022BCnS_genefamily_677	Ea	NP_001231954.1	NC_000001.11	human_rbh	
Simakov2022BCnS_genefamily_5282	Ea	NP_001120959.1	NC_000007.14	human_rbh	
Simakov2022BCnS_genefamily_9103	Ea				
Simakov2022BCnS_genefamily_3469	Ea	NP_001128647.1	NC_000012.12	human_rbh	
Simakov2022BCnS_genefamily_9652	Ea	XP_047284248.1	NC_000012.12	human_rbh	
Simakov2022BCnS_genefamily_8973	Ea	NP_001180353.1	NC_000010.11	human_rbh	
Simakov2022BCnS_genefamily_6343	Ea	NP_005769.1	NC_000003.12	human_rbh	
Simakov2022BCnS_genefamily_5018	Ea	XP_005271157.1	NC_000001.11	human_rbh	
Simakov2022BCnS_genefamily_663	Ea	NP_001357477.1	NC_000003.12	human_rbh	
Simakov2022BCnS_genefamily_5471	Ea	XP_011529104.1	NC_000023.11	human_rbh	
Simakov2022BCnS_genefamily_6391	Ea	NP_006126.1	NC_000001.11	human_rbh	
Simakov2022BCnS_genefamily_11867	Ea	NP_001289307.1	NC_000003.12	human_rbh	
Simakov2022BCnS_genefamily_9230	Ea	XP_047297348.1	NC_000022.11	human_rbh	
Simakov2022BCnS_genefamily_10645	Eb	XP_016875123.1	NC_000012.12	human_rbh	
Simakov2022BCnS_genefamily_9413	Eb	NP_073605.4	NC_000001.11	human_rbh	
Simakov2022BCnS_genefamily_7981	Eb	NP_001239007.1	NC_000012.12	human_rbh	
Simakov2022BCnS_genefamily_10573	Eb	NP_001341533.1	NC_000003.12	human_rbh	
Simakov2022BCnS_genefamily_11284	Eb	NP_001008212.1	NC_000010.11	human_rbh	
Simakov2022BCnS_genefamily_2120	Eb	NP_001040625.1	NC_000010.11	human_rbh	
Simakov2022BCnS_genefamily_10239	Eb	NP_060555.2	NC_000001.11	human_rbh	
Simakov2022BCnS_genefamily_12951	Eb	NP_001269784.1	NC_000007.14	human_rbh	
Simakov2022BCnS_genefamily_5631	Eb	NP_001161086.1	NC_000012.12	human_rbh	
Simakov2022BCnS_genefamily_4167	Eb	NP_006141.2	NC_000023.11	human_rbh	
Simakov2022BCnS_genefamily_9859	Eb	NP_065930.2	NC_000007.14	human_rbh	
Simakov2022BCnS_genefamily_9438	Eb	NP_001243034.1	NC_000003.12	human_rbh	
Simakov2022BCnS_genefamily_11387	Eb	NP_001306030.1	NC_000002.12	human_rbh	
Simakov2022BCnS_genefamily_6918	Eb	NP_078613.1	NC_000001.11	human_rbh	
Simakov2022BCnS_genefamily_6549	Eb	XP_011518043.2	NC_000010.11	human_rbh	
Simakov2022BCnS_genefamily_1894	Eb	NP_000099.2	NC_000007.14	human_rbh	
Simakov2022BCnS_genefamily_8273	Eb	NP_940869.2	NC_000007.14	human_rbh	
Simakov2022BCnS_genefamily_8476	Eb	NP_001336161.1	NC_000003.12	human_rbh	
Simakov2022BCnS_genefamily_5664	Eb	NP_899066.1	NC_000007.14	human_rbh	
Simakov2022BCnS_genefamily_8489	Eb	NP_006297.2	NC_000023.11	human_rbh	
Simakov2022BCnS_genefamily_9003	Eb	NP_001380826.1	NC_000007.14	human_rbh	
Simakov2022BCnS_genefamily_4328	Eb	NP_079103.2	NC_000003.12	human_rbh	
Simakov2022BCnS_genefamily_2752	Eb	NP_001361187.1	NC_000007.14	human_rbh	
Simakov2022BCnS_genefamily_1790	Eb	NP_829884.1	NC_000012.12	human_rbh	
Simakov2022BCnS_genefamily_11719	Eb	NP_057386.2	NC_000003.12	human_rbh	
Simakov2022BCnS_genefamily_7876	Eb	XP_005272706.1	NC_000023.11	human_rbh	
Simakov2022BCnS_genefamily_5100	Eb	NP_001001331.1	NC_000003.12	human_rbh	
Simakov2022BCnS_genefamily_12081	Eb	NP_060882.2	NC_000007.14	human_rbh	
Simakov2022BCnS_genefamily_9491	Eb	NP_036460.1	NC_000007.14	human_rbh	
Simakov2022BCnS_genefamily_7974	Eb	sp|Q8WWH4|ASZ1_HUMAN		hmm_consensus	
Simakov2022BCnS_genefamily_938	Eb	NP_009113.3	NC_000003.12	human_rbh	
Simakov2022BCnS_genefamily_10035	Eb	NP_060497.3	NC_000010.11	human_rbh	
Simakov2022BCnS_genefamily_3645	Eb	NP_056468.3	NC_000022.11	human_rbh	
Simakov2022BCnS_genefamily_3788	Eb	NP_056190.1	NC_000001.11	human_rbh	
Simakov2022BCnS_genefamily_8855	Eb	NP_598328.1	NC_000003.12	human_rbh	
Simakov2022BCnS_genefamily_12483	Eb	NP_009206.1	NC_000003.12	human_rbh	
Simakov2022BCnS_genefamily_9658	Eb	NP_079498.2	NC_000003.12	human_rbh	
Simakov2022BCnS_genefamily_9914	Eb	NP_006504.2	NC_000001.11	human_rbh	
Simakov2022BCnS_genefamily_3303	Eb	NP_001352567.1	NC_000003.12	human_rbh	
Simakov2022BCnS_genefamily_4188	Eb	NP_001365502.1	NC_000009.12	human_rbh	
Simakov2022BCnS_genefamily_10977	Eb	XP_047298319.1	NC_000023.11	human_rbh	
Simakov2022BCnS_genefamily_7582	Eb	XP_047298016.1	NC_000023.11	human_rbh	
Simakov2022BCnS_genefamily_7042	Eb	NP_001342459.1	NC_000007.14	human_rbh	
Simakov2022BCnS_genefamily_7946	Eb	NP_002941.1	NC_000003.12	human_rbh	
Simakov2022BCnS_genefamily_7206	Eb	NP_006755.5	NC_000003.12	human_rbh	
Simakov2022BCnS_genefamily_9789	Eb	NP_002213.5	NC_000003.12	human_rbh	
Simakov2022BCnS_genefamily_5959	Eb	NP_001338037.1	NC_000003.12	human_rbh	
Simakov2022BCnS_genefamily_8020	F	NP_001287746.1	NC_000005.10	human_rbh	
Simakov2022BCnS_genefamily_2086	F	XP_047276057.1	NC_000007.14	human_rbh	
Simakov2022BCnS_genefamily_11690	F	NP_877725.1	NC_000005.10	human_rbh	
Simakov2022BCnS_genefamily_465	F	NP_001304735.1	NC_000004.12	human_rbh	
Simakov2022BCnS_genefamily_8715	F	NP_000044.2	NC_000013.11	human_rbh	
Simakov2022BCnS_genefamily_2188	F	NP_001024.1	NC_000011.10	human_rbh	
Simakov2022BCnS_genefamily_9447	F	XP_016885090.1	NC_000023.11	human_rbh	
Simakov2022BCnS_genefamily_3013	F	NP_005236.2	NC_000004.12	human_rbh	
Simakov2022BCnS_genefamily_8305	F	NP_001008564.1	NC_000013.11	human_rbh	
Simakov2022BCnS_genefamily_12568	F	NP_078811.3	NC_000016.10	human_rbh	
Simakov2022BCnS_genefamily_258	F	XP_005262835.1	NC_000004.12	human_rbh	
Simakov2022BCnS_genefamily_7083	F	NP_036312.2	NC_000004.12	human_rbh	
Simakov2022BCnS_genefamily_11164	F	NP_001400599.1	NC_000008.11	human_rbh	
Simakov2022BCnS_genefamily_6197	F	NP_852480.1	NC_000013.11	human_rbh	
Simakov2022BCnS_genefamily_869	F	NP_663632.1	NC_000013.11	human_rbh	
Simakov2022BCnS_genefamily_11304	F	NP_001369496.1	NC_000011.10	human_rbh	
Simakov2022BCnS_genefamily_4055	F	NP_001265552.1	NC_000004.12	human_rbh	
Simakov2022BCnS_genefamily_84	F	NP_001009555.3	NC_000004.12	human_rbh	
Simakov2022BCnS_genefamily_9986	F	NP_001369275.1	NC_000022.11	human_rbh	
Simakov2022BCnS_genefamily_3637	F	NP_054779.1	NC_000023.11	human_rbh	
Simakov2022BCnS_genefamily_9747	F	NP_000652.2	NC_000004.12	human_rbh	
Simakov2022BCnS_genefamily_10901	F	NP_001386955.1	NC_000004.12	human_rbh	
Simakov2022BCnS_genefamily_5096	F	NP_003592.3	NC_000004.12	human_rbh	
Simakov2022BCnS_genefamily_10322	F	NP_808592.2	NC_000008.11	human_rbh	
Simakov2022BCnS_genefamily_12552	F	NP_060377.1	NC_000011.10	human_rbh	
Simakov2022BCnS_genefamily_2781	F	NP_001245321.1	NC_000011.10	human_rbh	
Simakov2022BCnS_genefamily_1282	F	XP_047300242.1	NC_000002.12	human_rbh	
Simakov2022BCnS_genefamily_6130	F	NP_001258522.1	NC_000011.10	human_rbh	
Simakov2022BCnS_genefamily_9995	F	NP_065910.3	NC_000004.12	human_rbh	
Simakov2022BCnS_genefamily_7858	F	NP_065876.3	NC_000016.10	human_rbh	
Simakov2022BCnS_genefamily_9248	F	NP_001182257.1	NC_000023.11	human_rbh	
Simakov2022BCnS_genefamily_11994	F	NP_000381.1	NC_000023.11	human_rbh	
Simakov2022BCnS_genefamily_10064	F	NP_055067.1	NC_000013.11	human_rbh	
Simakov2022BCnS_genefamily_2418	F	NP_001352055.1	NC_000011.10	human_rbh	
Simakov2022BCnS_genefamily_11359	F	XP_006713601.1	NC_000003.12	human_rbh	
Simakov2022BCnS_genefamily_6040	F	NP_001139681.1	NC_000011.10	human_rbh	
Simakov2022BCnS_genefamily_6890	F	NP_001076002.1	NC_000017.11	human_rbh	
Simakov2022BCnS_genefamily_5131	F	NP_060337.2	NC_000004.12	human_rbh	
Simakov2022BCnS_genefamily_9624	F	NP_001185498.1	NC_000016.10	human_rbh	
Simakov2022BCnS_genefamily_5492	F	NP_631906.2	NC_000008.11	human_rbh	
Simakov2022BCnS_genefamily_8128	F	NP_653245.2	NC_000004.12	human_rbh	
Simakov2022BCnS_genefamily_540	F	XP_047272223.1	NC_000004.12	human_rbh	
Simakov2022BCnS_genefamily_11183	F	XP_047305531.1	NC_000004.12	human_rbh	
Simakov2022BCnS_genefamily_10417	F	NP_006336.3	NC_000004.12	human_rbh	
Simakov2022BCnS_genefamily_3181	F	NP_001188294.1	NC_000005.10	human_rbh	
Simakov2022BCnS_genefamily_5912	F	XP_005272656.1	NC_000023.11	human_rbh	
Simakov2022BCnS_genefamily_6594	F	NP_987091.1	NC_000013.11	human_rbh	
Simakov2022BCnS_genefamily_11196	F	XP_024309986.1	NC_000004.12	human_rbh	
Simakov2022BCnS_genefamily_8895	F	NP_005040.2	NC_000021.9	human_rbh	
Simakov2022BCnS_genefamily_7774	F	NP_001107.2	NC_000016.10	human_rbh	
Simakov2022BCnS_genefamily_6870	F	NP_001030312.3	NC_000005.10	human_rbh	
Simakov2022BCnS_genefamily_10539	F	NP_001032410.1	NC_000005.10	human_rbh	
Simakov2022BCnS_genefamily_9483	F	NP_001335670.1	NC_000002.12	human_rbh	
Simakov2022BCnS_genefamily_10946	F	NP_001159354.1	NC_000012.12	human_rbh	
Simakov2022BCnS_genefamily_6852	F	NP_055304.1	NC_000011.10	human_rbh	
Simakov2022BCnS_genefamily_9610	F	NP_060790.2	NC_000011.10	human_rbh	
Simakov2022BCnS_genefamily_11061	F	NP_038286.2	NC_000023.11	human_rbh	
Simakov2022BCnS_genefamily_11810	F	NP_659429.4	NC_000002.12	human_rbh	
Simakov2022BCnS_genefamily_10724	F	NP_056139.1	NC_000011.10	human_rbh	
Simakov2022BCnS_genefamily_235	F	NP_056988.3	NC_000002.12	human_rbh	
Simakov2022BCnS_genefamily_9420	F	NP_000282.1	NC_000023.11	human_rbh	
Simakov2022BCnS_genefamily_6758	F	XP_016863389.1	NC_000004.12	human_rbh	
Simakov2022BCnS_genefamily_3031	F	XP_005266390.1	NC_000013.11	human_rbh	
Simakov2022BCnS_genefamily_11471	F	NP_000973.2	NC_000013.11	human_rbh	
Simakov2022BCnS_genefamily_9807	F	NP_001092264.1	NC_000011.10	human_rbh	
Simakov2022BCnS_genefamily_11770	F	NP_002878.2	NC_000005.10	human_rbh	
Simakov2022BCnS_genefamily_7111	F	NP_009014.2	NC_000004.12	human_rbh	
Simakov2022BCnS_genefamily_1999	F	NP_054899.2	NC_000005.10	human_rbh	
Simakov2022BCnS_genefamily_7795	F	NP_006337.2	NC_000013.11	human_rbh	
Simakov2022BCnS_genefamily_5746	F	NP_002660.1	NC_000004.12	human_rbh	
Simakov2022BCnS_genefamily_10586	F	XP_047298226.1	NC_000023.11	human_rbh	
Simakov2022BCnS_genefamily_11726	F	NP_056163.1	NC_000002.12	human_rbh	
Simakov2022BCnS_genefamily_1358	F	NP_002755.1	NC_000023.11	human_rbh	
Simakov2022BCnS_genefamily_1615	F	NP_001124000.1	NC_000017.11	human_rbh	
Simakov2022BCnS_genefamily_4296	F	NP_059122.2	NC_000004.12	human_rbh	
Simakov2022BCnS_genefamily_6196	F	NP_060945.2	NC_000004.12	human_rbh	
Simakov2022BCnS_genefamily_7917	F	NP_057437.1	NC_000008.11	human_rbh	
Simakov2022BCnS_genefamily_7665	F	NP_079285.2	NC_000004.12	human_rbh	
Simakov2022BCnS_genefamily_8564	F	NP_078908.1	NC_000005.10	human_rbh	
Simakov2022BCnS_genefamily_522	F	XP_047303766.1	NC_000003.12	human_rbh	
Simakov2022BCnS_genefamily_405	F	XP_011531412.1	NC_000002.12	human_rbh	
Simakov2022BCnS_genefamily_6048	F	NP_002694.3	NC_000004.12	human_rbh	
Simakov2022BCnS_genefamily_4205	F	NP_002100.2	NC_000005.10	human_rbh	
Simakov2022BCnS_genefamily_9752	F	NP_006311.3	NC_000004.12	human_rbh	
Simakov2022BCnS_genefamily_12960	F	NP_006074.2	NC_000005.10	human_rbh	
Simakov2022BCnS_genefamily_5962	F	NP_002691.1	NC_000005.10	human_rbh	
Simakov2022BCnS_genefamily_8462	F	NP_291029.2	NC_000005.10	human_rbh	
Simakov2022BCnS_genefamily_268	F	NP_001338477.1	NC_000002.12	human_rbh	
Simakov2022BCnS_genefamily_2500	F	XP_016876142.1	NC_000013.11	human_rbh	
Simakov2022BCnS_genefamily_6424	F	NP_001357341.1	NC_000011.10	human_rbh	
Simakov2022BCnS_genefamily_1054	F	NP_001333344.1	NC_000011.10	human_rbh	
Simakov2022BCnS_genefamily_7395	F	XP_011523226.1	NC_000017.11	human_rbh	
Simakov2022BCnS_genefamily_214	F	XP_016863408.1	NC_000004.12	human_rbh	
Simakov2022BCnS_genefamily_4734	F	NP_001368.2	NC_000011.10	human_rbh	
Simakov2022BCnS_genefamily_1300	F	NP_001400148.1	NC_000008.11	human_rbh	
Simakov2022BCnS_genefamily_5024	F	NP_037470.1	NC_000013.11	human_rbh	
Simakov2022BCnS_genefamily_2526	F	NP_001339567.2	NC_000008.11	human_rbh	
Simakov2022BCnS_genefamily_11569	F	NP_660160.2	NC_000023.11	human_rbh	
Simakov2022BCnS_genefamily_5502	F	NP_001268667.1	NC_000004.12	human_rbh	
Simakov2022BCnS_genefamily_8529	F	NP_005774.2	NC_000002.12	human_rbh	
Simakov2022BCnS_genefamily_4569	F	NP_078822.3	NC_000013.11	human_rbh	
Simakov2022BCnS_genefamily_3578	F	NP_839955.1	NC_000004.12	human_rbh	
Simakov2022BCnS_genefamily_5128	F	NP_005138.3	NC_000016.10	human_rbh	
Simakov2022BCnS_genefamily_5023	F	NP_004676.3	NC_000013.11	human_rbh	
Simakov2022BCnS_genefamily_3547	F	NP_060760.2	NC_000004.12	human_rbh	
Simakov2022BCnS_genefamily_6975	F	NP_001397771.1	NC_000004.12	human_rbh	
Simakov2022BCnS_genefamily_340	F	NP_068746.2	NC_000004.12	human_rbh	
Simakov2022BCnS_genefamily_6891	F	XP_011511984.2	NC_000004.12	human_rbh	
Simakov2022BCnS_genefamily_2911	F	NP_612373.2	NC_000004.12	human_rbh	
Simakov2022BCnS_genefamily_8727	F	NP_689794.1	NC_000023.11	human_rbh	
Simakov2022BCnS_genefamily_8952	F	NP_065775.1	NC_000004.12	human_rbh	
Simakov2022BCnS_genefamily_223	F	NP_000997.1	NC_000004.12	human_rbh	
Simakov2022BCnS_genefamily_10189	F	NP_078858.4	NC_000004.12	human_rbh	
Simakov2022BCnS_genefamily_2814	F	NP_612453.1	NC_000013.11	human_rbh	
Simakov2022BCnS_genefamily_2856	F	XP_047290485.1	NC_000016.10	human_rbh	
Simakov2022BCnS_genefamily_134	F	NP_055079.3	NC_000004.12	human_rbh	
Simakov2022BCnS_genefamily_10414	F	NP_001032420.1	NC_000023.11	human_rbh	
Simakov2022BCnS_genefamily_8806	F	NP_112586.1	NC_000004.12	human_rbh	
Simakov2022BCnS_genefamily_9923	F	NP_057376.2	NC_000016.10	human_rbh	
Simakov2022BCnS_genefamily_1136	F	NP_036242.1	NC_000004.12	human_rbh	
Simakov2022BCnS_genefamily_851	F	NP_776152.1	NC_000010.11	human_rbh	
Simakov2022BCnS_genefamily_8755	F	NP_848604.3	NC_000017.11	human_rbh	
Simakov2022BCnS_genefamily_1152	F	NP_004250.4	NC_000017.11	human_rbh	
Simakov2022BCnS_genefamily_1621	F	XP_011511989.1	NC_000004.12	human_rbh	
Simakov2022BCnS_genefamily_2132	F	NP_055886.1	NC_000005.10	human_rbh	
Simakov2022BCnS_genefamily_4430	F	NP_005462.1	NC_000005.10	human_rbh	
Simakov2022BCnS_genefamily_6856	F	NP_055639.2	NC_000011.10	human_rbh	
Simakov2022BCnS_genefamily_12652	F	NP_065921.2	NC_000004.12	human_rbh	
Simakov2022BCnS_genefamily_10289	F	NP_001304922.1	NC_000005.10	human_rbh	
Simakov2022BCnS_genefamily_3958	F	NP_001035809.1	NC_000004.12	human_rbh	
Simakov2022BCnS_genefamily_12196	F	NP_000996.2	NC_000011.10	human_rbh	
Simakov2022BCnS_genefamily_8364	F	NP_005024.2	NC_000004.12	human_rbh	
Simakov2022BCnS_genefamily_438	F	NP_653244.2	NC_000004.12	human_rbh	
Simakov2022BCnS_genefamily_502	F	NP_001019820.1	NC_000005.10	human_rbh	
Simakov2022BCnS_genefamily_8269	F	NP_001309019.1	NC_000008.11	human_rbh	
Simakov2022BCnS_genefamily_10333	F	XP_047298356.1	NC_000023.11	human_rbh	
Simakov2022BCnS_genefamily_11459	F	NP_055063.1	NC_000022.11	human_rbh	
Simakov2022BCnS_genefamily_1284	F	NP_001349772.1	NC_000022.11	human_rbh	
Simakov2022BCnS_genefamily_11741	F	NP_851782.3	NC_000004.12	human_rbh	
Simakov2022BCnS_genefamily_10138	F	NP_997244.4	NC_000013.11	human_rbh	
Simakov2022BCnS_genefamily_7656	F	XP_024304266.1	NC_000011.10	human_rbh	
Simakov2022BCnS_genefamily_9271	F	NP_001303597.1	NC_000008.11	human_rbh	
Simakov2022BCnS_genefamily_6979	F	NP_057016.1	NC_000013.11	human_rbh	
Simakov2022BCnS_genefamily_10555	F	NP_001317000.1	NC_000013.11	human_rbh	
Simakov2022BCnS_genefamily_2731	F	NP_115946.2	NC_000004.12	human_rbh	
Simakov2022BCnS_genefamily_9400	G	XP_047302240.1	NC_000002.12	human_rbh	
Simakov2022BCnS_genefamily_2377	G	NP_060117.3	NC_000017.11	human_rbh	
Simakov2022BCnS_genefamily_9211	G	NP_001271217.1	NC_000022.11	human_rbh	
Simakov2022BCnS_genefamily_7527	G	NP_000975.2	NC_000017.11	human_rbh	
Simakov2022BCnS_genefamily_11871	G	NP_057125.2	NC_000017.11	human_rbh	
Simakov2022BCnS_genefamily_1411	G	NP_653282.2	NC_000017.11	human_rbh	
Simakov2022BCnS_genefamily_5140	G	NP_055495.2	NC_000017.11	human_rbh	
Simakov2022BCnS_genefamily_10579	G	NP_031396.1	NC_000012.12	human_rbh	
Simakov2022BCnS_genefamily_7847	G	NP_116120.1	NC_000017.11	human_rbh	
Simakov2022BCnS_genefamily_2245	G	NP_001350614.1	NC_000012.12	human_rbh	
Simakov2022BCnS_genefamily_8012	G	NP_001356220.1	NC_000022.11	human_rbh	
Simakov2022BCnS_genefamily_12457	G	XP_047275872.1	NC_000007.14	human_rbh	
Simakov2022BCnS_genefamily_10303	G	NP_001753.1	NC_000007.14	human_rbh	
Simakov2022BCnS_genefamily_645	G	NP_002947.1	NC_000012.12	human_rbh	
Simakov2022BCnS_genefamily_8548	G	XP_011533107.1	NC_000012.12	human_rbh	
Simakov2022BCnS_genefamily_2515	G	NP_001263400.1	NC_000012.12	human_rbh	
Simakov2022BCnS_genefamily_4792	G	NP_001244928.1	NC_000017.11	human_rbh	
Simakov2022BCnS_genefamily_6369	G	NP_079111.1	NC_000017.11	human_rbh	
Simakov2022BCnS_genefamily_5108	G	NP_004594.1	NC_000007.14	human_rbh	
Simakov2022BCnS_genefamily_571	G	NP_116204.3	NC_000016.10	human_rbh	
Simakov2022BCnS_genefamily_8000	G	NP_079400.1	NC_000011.10	human_rbh	
Simakov2022BCnS_genefamily_11949	G	NP_000421.1	NC_000017.11	human_rbh	
Simakov2022BCnS_genefamily_8788	G	NP_006759.3	NC_000012.12	human_rbh	
Simakov2022BCnS_genefamily_7194	G	NP_036588.1	NC_000011.10	human_rbh	
Simakov2022BCnS_genefamily_570	G	NP_000918.2	NC_000007.14	human_rbh	
Simakov2022BCnS_genefamily_3537	G	NP_775813.2	NC_000012.12	human_rbh	
Simakov2022BCnS_genefamily_1375	G	NP_003576.2	NC_000017.11	human_rbh	
Simakov2022BCnS_genefamily_8930	G	NP_055317.1	NC_000011.10	human_rbh	
Simakov2022BCnS_genefamily_11220	G	NP_073614.1	NC_000007.14	human_rbh	
Simakov2022BCnS_genefamily_6227	G	NP_006322.4	NC_000012.12	human_rbh	
Simakov2022BCnS_genefamily_12997	G	NP_060566.2	NC_000017.11	human_rbh	
Simakov2022BCnS_genefamily_10762	G	NP_938017.2	NC_000002.12	human_rbh	
Simakov2022BCnS_genefamily_8751	G	NP_003338.1	NC_000022.11	human_rbh	
Simakov2022BCnS_genefamily_7852	G	NP_644814.1	NC_000017.11	human_rbh	
Simakov2022BCnS_genefamily_4595	G	NP_001017368.1	NC_000017.11	human_rbh	
Simakov2022BCnS_genefamily_7098	G	NP_001333695.1	NC_000017.11	human_rbh	
Simakov2022BCnS_genefamily_4231	G	XP_011537158.1	NC_000012.12	human_rbh	
Simakov2022BCnS_genefamily_9845	G	NP_006827.1	NC_000012.12	human_rbh	
Simakov2022BCnS_genefamily_1728	G	NP_002699.1	NC_000011.10	human_rbh	
Simakov2022BCnS_genefamily_2020	G	NP_057122.2	NC_000007.14	human_rbh	
Simakov2022BCnS_genefamily_5634	G	NP_001015509.1	NC_000017.11	human_rbh	
Simakov2022BCnS_genefamily_10928	G	NP_079229.2	NC_000012.12	human_rbh	
Simakov2022BCnS_genefamily_9468	G	NP_001265485.1	NC_000012.12	human_rbh	
Simakov2022BCnS_genefamily_4939	G	NP_001108070.1	NC_000019.10	human_rbh	
Simakov2022BCnS_genefamily_8890	G	XP_047285639.1	NC_000012.12	human_rbh	
Simakov2022BCnS_genefamily_3389	G	NP_001074294.2	NC_000012.12	human_rbh	
Simakov2022BCnS_genefamily_12188	G	NP_001171468.1	NC_000012.12	human_rbh	
Simakov2022BCnS_genefamily_358	G	NP_001317346.2	NC_000017.11	human_rbh	
Simakov2022BCnS_genefamily_8065	G	NP_001273501.1	NC_000016.10	human_rbh	
Simakov2022BCnS_genefamily_9895	G	NP_002844.1	NC_000005.10	human_rbh	
Simakov2022BCnS_genefamily_8736	G	NP_115690.3	NC_000012.12	human_rbh	
Simakov2022BCnS_genefamily_9925	G	NP_002551.2	NC_000012.12	human_rbh	
Simakov2022BCnS_genefamily_7568	G	NP_001273678.1	NC_000003.12	human_rbh	
Simakov2022BCnS_genefamily_10939	G	NP_055118.1	NC_000022.11	human_rbh	
Simakov2022BCnS_genefamily_6200	G	NP_847884.2	NC_000012.12	human_rbh	
Simakov2022BCnS_genefamily_2576	G	NP_004318.3	NC_000022.11	human_rbh	
Simakov2022BCnS_genefamily_1062	G	NP_055683.3	NC_000012.12	human_rbh	
Simakov2022BCnS_genefamily_4687	G	NP_001164015.1	NC_000012.12	human_rbh	
Simakov2022BCnS_genefamily_9993	G	NP_001310596.1	NC_000016.10	human_rbh	
Simakov2022BCnS_genefamily_12320	G	NP_004138.1	NC_000022.11	human_rbh	
Simakov2022BCnS_genefamily_5273	G	NP_003316.3	NC_000022.11	human_rbh	
Simakov2022BCnS_genefamily_4727	G	NP_071898.2	NC_000002.12	human_rbh	
Simakov2022BCnS_genefamily_6189	G	NP_060734.2	NC_000007.14	human_rbh	
Simakov2022BCnS_genefamily_1175	G	NP_055870.2	NC_000011.10	human_rbh	
Simakov2022BCnS_genefamily_8924	G	NP_001139269.1	NC_000016.10	human_rbh	
Simakov2022BCnS_genefamily_6757	G	NP_001353590.1	NC_000017.11	human_rbh	
Simakov2022BCnS_genefamily_166	G	NP_078792.1	NC_000016.10	human_rbh	
Simakov2022BCnS_genefamily_2494	G	NP_689480.2	NC_000022.11	human_rbh	
Simakov2022BCnS_genefamily_58	G	NP_000961.2	NC_000012.12	human_rbh	
Simakov2022BCnS_genefamily_10028	G	NP_066576.1	NC_000022.11	human_rbh	
Simakov2022BCnS_genefamily_7995	G	NP_001140170.1	NC_000012.12	human_rbh	
Simakov2022BCnS_genefamily_1990	G	NP_005329.3	NC_000007.14	human_rbh	
Simakov2022BCnS_genefamily_8471	G	XP_006722015.1	NC_000017.11	human_rbh	
Simakov2022BCnS_genefamily_6677	G	NP_078865.1	NC_000016.10	human_rbh	
Simakov2022BCnS_genefamily_6792	G	NP_001026997.2	NC_000016.10	human_rbh	
Simakov2022BCnS_genefamily_3334	G	NP_071353.4	NC_000017.11	human_rbh	
Simakov2022BCnS_genefamily_11559	G	NP_079140.2	NC_000017.11	human_rbh	
Simakov2022BCnS_genefamily_7620	G	NP_001380557.1	NC_000012.12	human_rbh	
Simakov2022BCnS_genefamily_8392	G	XP_011536957.1	NC_000012.12	human_rbh	
Simakov2022BCnS_genefamily_661	G	NP_001230685.1	NC_000012.12	human_rbh	
Simakov2022BCnS_genefamily_12266	G	NP_001193928.1	NC_000012.12	human_rbh	
Simakov2022BCnS_genefamily_5739	G	NP_006806.1	NC_000012.12	human_rbh	
Simakov2022BCnS_genefamily_7972	G	NP_038474.2	NC_000007.14	human_rbh	
Simakov2022BCnS_genefamily_105	G	NP_001002877.1	NC_000022.11	human_rbh	
Simakov2022BCnS_genefamily_1392	G	NP_005872.2	NC_000016.10	human_rbh	
Simakov2022BCnS_genefamily_5528	G	NP_149115.2	NC_000012.12	human_rbh	
Simakov2022BCnS_genefamily_10983	G	NP_001258804.1	NC_000017.11	human_rbh	
Simakov2022BCnS_genefamily_11999	G	NP_001098717.1	NC_000016.10	human_rbh	
Simakov2022BCnS_genefamily_6331	G	NP_057315.3	NC_000017.11	human_rbh	
Simakov2022BCnS_genefamily_3553	G	NP_000172.2	NC_000007.14	human_rbh	
Simakov2022BCnS_genefamily_6543	G	NP_057030.3	NC_000005.10	human_rbh	
Simakov2022BCnS_genefamily_7938	G	NP_001091967.1	NC_000022.11	human_rbh	
Simakov2022BCnS_genefamily_3648	G	NP_001032897.1	NC_000016.10	human_rbh	
Simakov2022BCnS_genefamily_3753	G	NP_001316323.1	NC_000017.11	human_rbh	
Simakov2022BCnS_genefamily_10723	G	NP_775869.4	NC_000012.12	human_rbh	
Simakov2022BCnS_genefamily_2127	G	NP_663623.1	NC_000012.12	human_rbh	
Simakov2022BCnS_genefamily_1570	G	NP_001374.4	NC_000017.11	human_rbh	
Simakov2022BCnS_genefamily_9018	G	NP_001340274.1	NC_000012.12	human_rbh	
Simakov2022BCnS_genefamily_928	G	NP_003625.2	NC_000022.11	human_rbh	
Simakov2022BCnS_genefamily_9138	G	NP_001372662.1	NC_000012.12	human_rbh	
Simakov2022BCnS_genefamily_11252	G	NP_006371.2	NC_000017.11	human_rbh	
Simakov2022BCnS_genefamily_12615	G	NP_001135920.1	NC_000016.10	human_rbh	
Simakov2022BCnS_genefamily_3362	G	NP_037505.1	NC_000022.11	human_rbh	
Simakov2022BCnS_genefamily_12165	G	XP_011533240.1	NC_000013.11	human_rbh	
Simakov2022BCnS_genefamily_1113	G	NP_001103373.1	NC_000012.12	human_rbh	
Simakov2022BCnS_genefamily_12513	G	NP_073564.3	NC_000022.11	human_rbh	
Simakov2022BCnS_genefamily_12898	G	NP_001336825.1	NC_000022.11	human_rbh	
Simakov2022BCnS_genefamily_1733	G	NP_001007469.1	NC_000022.11	human_rbh	
Simakov2022BCnS_genefamily_6431	G	NP_002547.1	NC_000011.10	human_rbh	
Simakov2022BCnS_genefamily_3449	G	NP_689895.2	NC_000004.12	human_rbh	
Simakov2022BCnS_genefamily_1445	G	NP_076417.2	NC_000012.12	human_rbh	
Simakov2022BCnS_genefamily_4097	G	NP_004755.2	NC_000012.12	human_rbh	
Simakov2022BCnS_genefamily_11950	G	NP_001119812.1	NC_000007.14	human_rbh	
Simakov2022BCnS_genefamily_9120	G	NP_073210.1	NC_000022.11	human_rbh	
Simakov2022BCnS_genefamily_8151	G	NP_005156.1	NC_000017.11	human_rbh	
Simakov2022BCnS_genefamily_1780	G	NP_001359503.1	NC_000012.12	human_rbh	
Simakov2022BCnS_genefamily_9180	G	NP_001304324.1	NC_000012.12	human_rbh	
Simakov2022BCnS_genefamily_11914	G	NP_001307917.1	NC_000017.11	human_rbh	
Simakov2022BCnS_genefamily_5826	G	XP_047291269.1	NC_000017.11	human_rbh	
Simakov2022BCnS_genefamily_11491	G	NP_006204.1	NC_000007.14	human_rbh	
Simakov2022BCnS_genefamily_5512	G	NP_060653.3	NC_000012.12	human_rbh	
Simakov2022BCnS_genefamily_4874	G	NP_002141.2	NC_000012.12	human_rbh	
Simakov2022BCnS_genefamily_10953	G	NP_444515.1	NC_000017.11	human_rbh	
Simakov2022BCnS_genefamily_11839	G	NP_060247.2	NC_000017.11	human_rbh	
Simakov2022BCnS_genefamily_3491	G	NP_071936.2	NC_000012.12	human_rbh	
Simakov2022BCnS_genefamily_10509	G	NP_004466.2	NC_000017.11	human_rbh	
Simakov2022BCnS_genefamily_12255	G	XP_011523675.1	NC_000017.11	human_rbh	
Simakov2022BCnS_genefamily_9281	G	XP_016874579.1	NC_000012.12	human_rbh	
Simakov2022BCnS_genefamily_11750	G	NP_997237.2	NC_000011.10	human_rbh	
Simakov2022BCnS_genefamily_12360	G	NP_001167005.1	NC_000022.11	human_rbh	
Simakov2022BCnS_genefamily_5361	G	NP_001362712.1	NC_000004.12	human_rbh	
Simakov2022BCnS_genefamily_8943	G	NP_078820.2	NC_000001.11	human_rbh	
Simakov2022BCnS_genefamily_1099	G	NP_006653.2	NC_000016.10	human_rbh	
Simakov2022BCnS_genefamily_5630	G	NP_057310.1	NC_000012.12	human_rbh	
Simakov2022BCnS_genefamily_5135	G	NP_076991.3	NC_000017.11	human_rbh	
Simakov2022BCnS_genefamily_12859	G	NP_002740.2	NC_000017.11	human_rbh	
Simakov2022BCnS_genefamily_9092	G	NP_076952.1	NC_000004.12	human_rbh	
Simakov2022BCnS_genefamily_11953	G	NP_001291762.1	NC_000012.12	human_rbh	
Simakov2022BCnS_genefamily_6528	H	NP_001013858.1	NC_000007.14	human_rbh	
Simakov2022BCnS_genefamily_2543	H	NP_001793.1	NC_000016.10	human_rbh	
Simakov2022BCnS_genefamily_1652	H	NP_055986.1	NC_000016.10	human_rbh	
Simakov2022BCnS_genefamily_3048	H	NP_037497.1	NC_000022.11	human_rbh	
Simakov2022BCnS_genefamily_9557	H	NP_004702.2	NC_000022.11	human_rbh	
Simakov2022BCnS_genefamily_7072	H	NP_001120690.1	NC_000007.14	human_rbh	
Simakov2022BCnS_genefamily_12559	H	NP_057055.2	NC_000017.11	human_rbh	
Simakov2022BCnS_genefamily_5850	H	NP_115909.1	NC_000016.10	human_rbh	
Simakov2022BCnS_genefamily_12496	H	NP_055070.1	NC_000012.12	human_rbh	
Simakov2022BCnS_genefamily_12216	H	NP_037434.2	NC_000016.10	human_rbh	
Simakov2022BCnS_genefamily_7836	H	NP_001012496.1	NC_000019.10	human_rbh	
Simakov2022BCnS_genefamily_10861	H	NP_001123478.2	NC_000016.10	human_rbh	
Simakov2022BCnS_genefamily_4755	H	NP_001336793.1	NC_000022.11	human_rbh	
Simakov2022BCnS_genefamily_805	H	NP_001089.1	NC_000022.11	human_rbh	
Simakov2022BCnS_genefamily_11354	H	NP_001004.2	NC_000019.10	human_rbh	
Simakov2022BCnS_genefamily_3232	H	NP_694941.2	NC_000017.11	human_rbh	
Simakov2022BCnS_genefamily_8168	H	NP_001317468.1	NC_000017.11	human_rbh	
Simakov2022BCnS_genefamily_11109	H	NP_001182000.1	NC_000022.11	human_rbh	
Simakov2022BCnS_genefamily_3103	H	NP_003867.1	NC_000017.11	human_rbh	
Simakov2022BCnS_genefamily_7020	H	NP_001155000.1	NC_000007.14	human_rbh	
Simakov2022BCnS_genefamily_3716	H	NP_057396.1	NC_000012.12	human_rbh	
Simakov2022BCnS_genefamily_5428	H	NP_001292050.1	NC_000016.10	human_rbh	
Simakov2022BCnS_genefamily_9918	H	NP_001352687.1	NC_000017.11	human_rbh	
Simakov2022BCnS_genefamily_4546	H	NP_056998.4	NC_000016.10	human_rbh	
Simakov2022BCnS_genefamily_4940	H	NP_001335099.1	NC_000017.11	human_rbh	
Simakov2022BCnS_genefamily_9843	H	XP_047292322.1	NC_000017.11	human_rbh	
Simakov2022BCnS_genefamily_11079	H	XP_016879391.1	NC_000016.10	human_rbh	
Simakov2022BCnS_genefamily_5590	H	NP_001269591.2	NC_000022.11	human_rbh	
Simakov2022BCnS_genefamily_5483	H	NP_056277.2	NC_000017.11	human_rbh	
Simakov2022BCnS_genefamily_5495	H	NP_443157.1	NC_000019.10	human_rbh	
Simakov2022BCnS_genefamily_1568	H	NP_054836.2	NC_000016.10	human_rbh	
Simakov2022BCnS_genefamily_9085	H	NP_055515.1	NC_000016.10	human_rbh	
Simakov2022BCnS_genefamily_12618	H	NP_001095841.1	NC_000022.11	human_rbh	
Simakov2022BCnS_genefamily_7743	H	NP_002475.2	NC_000016.10	human_rbh	
Simakov2022BCnS_genefamily_2217	H	NP_001278.1	NC_000016.10	human_rbh	
Simakov2022BCnS_genefamily_3858	H	NP_055331.1	NC_000019.10	human_rbh	
Simakov2022BCnS_genefamily_7033	H	NP_001445.2	NC_000017.11	human_rbh	
Simakov2022BCnS_genefamily_10198	H	NP_852469.1	NC_000022.11	human_rbh	
Simakov2022BCnS_genefamily_9673	H	NP_001032242.1	NC_000007.14	human_rbh	
Simakov2022BCnS_genefamily_11010	H	NP_001354587.1	NC_000007.14	human_rbh	
Simakov2022BCnS_genefamily_1911	H	NP_036461.2	NC_000017.11	human_rbh	
Simakov2022BCnS_genefamily_7105	H	NP_001036038.1	NC_000017.11	human_rbh	
Simakov2022BCnS_genefamily_7235	H	NP_001372098.1	NC_000017.11	human_rbh	
Simakov2022BCnS_genefamily_12517	H	NP_060816.1	NC_000017.11	human_rbh	
Simakov2022BCnS_genefamily_12770	H	NP_002940.2	NC_000017.11	human_rbh	
Simakov2022BCnS_genefamily_4598	H	NP_001157742.1	NC_000015.10	human_rbh	
Simakov2022BCnS_genefamily_8131	H	NP_001666.2	NC_000022.11	human_rbh	
Simakov2022BCnS_genefamily_7059	H	NP_001034662.3	NC_000017.11	human_rbh	
Simakov2022BCnS_genefamily_10570	H	NP_001347164.1	NC_000022.11	human_rbh	
Simakov2022BCnS_genefamily_457	H	NP_076957.3	NC_000017.11	human_rbh	
Simakov2022BCnS_genefamily_11903	H	NP_001334146.1	NC_000023.11	human_rbh	
Simakov2022BCnS_genefamily_7185	H	NP_434701.1	NC_000009.12	human_rbh	
Simakov2022BCnS_genefamily_11812	H	NP_055907.3	NC_000016.10	human_rbh	
Simakov2022BCnS_genefamily_935	H	XP_005255739.1	NC_000016.10	human_rbh	
Simakov2022BCnS_genefamily_6449	H	NP_000287.4	NC_000016.10	human_rbh	
Simakov2022BCnS_genefamily_12454	H	NP_006294.2	NC_000007.14	human_rbh	
Simakov2022BCnS_genefamily_1831	H	XP_016865457.1	NC_000005.10	human_rbh	
Simakov2022BCnS_genefamily_9344	H	NP_060777.3	NC_000017.11	human_rbh	
Simakov2022BCnS_genefamily_3717	H	NP_076988.1	NC_000017.11	human_rbh	
Simakov2022BCnS_genefamily_11773	H	NP_001272376.1	NC_000016.10	human_rbh	
Simakov2022BCnS_genefamily_7875	H	XP_011513631.1	NC_000007.14	human_rbh	
Simakov2022BCnS_genefamily_1980	H	NP_060228.3	NC_000017.11	human_rbh	
Simakov2022BCnS_genefamily_12754	H	NP_057033.2	NC_000007.14	human_rbh	
Simakov2022BCnS_genefamily_9199	H	NP_659491.4	NC_000017.11	human_rbh	
Simakov2022BCnS_genefamily_7870	H	NP_001350678.1	NC_000017.11	human_rbh	
Simakov2022BCnS_genefamily_11379	H	NP_071895.3	NC_000016.10	human_rbh	
Simakov2022BCnS_genefamily_11610	H	NP_689956.2	NC_000007.14	human_rbh	
Simakov2022BCnS_genefamily_11235	H	NP_057370.1	NC_000017.11	human_rbh	
Simakov2022BCnS_genefamily_821	H	NP_001372733.1	NC_000017.11	human_rbh	
Simakov2022BCnS_genefamily_8096	H	NP_003963.1	NC_000010.11	human_rbh	
Simakov2022BCnS_genefamily_10031	H	NP_000225.1	NC_000019.10	human_rbh	
Simakov2022BCnS_genefamily_12984	H	NP_009045.2	NC_000003.12	human_rbh	
Simakov2022BCnS_genefamily_12545	H	NP_004994.1	NC_000016.10	human_rbh	
Simakov2022BCnS_genefamily_7413	H	NP_000958.1	NC_000022.11	human_rbh	
Simakov2022BCnS_genefamily_3025	H	NP_057175.1	NC_000022.11	human_rbh	
Simakov2022BCnS_genefamily_2279	H	NP_001013861.1	NC_000017.11	human_rbh	
Simakov2022BCnS_genefamily_10781	H	NP_057103.2	NC_000007.14	human_rbh	
Simakov2022BCnS_genefamily_9666	H	NP_001350693.1	NC_000017.11	human_rbh	
Simakov2022BCnS_genefamily_306	H	NP_002807.1	NC_000017.11	human_rbh	
Simakov2022BCnS_genefamily_10112	H	NP_001077069.1	NC_000016.10	human_rbh	
Simakov2022BCnS_genefamily_4440	H	NP_001027464.1	NC_000017.11	human_rbh	
Simakov2022BCnS_genefamily_7466	H	NP_001265586.1	NC_000022.11	human_rbh	
Simakov2022BCnS_genefamily_7362	H	NP_036524.1	NC_000001.11	human_rbh	
Simakov2022BCnS_genefamily_10140	H	NP_001034672.1	NC_000022.11	human_rbh	
Simakov2022BCnS_genefamily_4108	H	NP_071439.3	NC_000017.11	human_rbh	
Simakov2022BCnS_genefamily_6036	H	XP_024306064.1	NC_000016.10	human_rbh	
Simakov2022BCnS_genefamily_6007	H	NP_078867.2	NC_000017.11	human_rbh	
Simakov2022BCnS_genefamily_10438	H	XP_011532171.1	NC_000003.12	human_rbh	
Simakov2022BCnS_genefamily_4961	H	NP_055316.2	NC_000019.10	human_rbh	
Simakov2022BCnS_genefamily_6525	H	XP_005257216.1	NC_000017.11	human_rbh	
Simakov2022BCnS_genefamily_1435	H	NP_116147.1	NC_000022.11	human_rbh	
Simakov2022BCnS_genefamily_4855	H	NP_056520.2	NC_000022.11	human_rbh	
Simakov2022BCnS_genefamily_2343	H	NP_060529.4	NC_000007.14	human_rbh	
Simakov2022BCnS_genefamily_12254	H	NP_002077.1	NC_000017.11	human_rbh	
Simakov2022BCnS_genefamily_11392	H	NP_835461.2	NC_000016.10	human_rbh	
Simakov2022BCnS_genefamily_11531	H	XP_047289804.1	NC_000016.10	human_rbh	
Simakov2022BCnS_genefamily_5239	H	NP_057323.3	NC_000017.11	human_rbh	
Simakov2022BCnS_genefamily_11381	H	NP_001018060.1	NC_000022.11	human_rbh	
Simakov2022BCnS_genefamily_1089	H	NP_064628.1	NC_000022.11	human_rbh	
Simakov2022BCnS_genefamily_4333	H	NP_003638.1	NC_000017.11	human_rbh	
Simakov2022BCnS_genefamily_2655	H	NP_002286.2	NC_000003.12	human_rbh	
Simakov2022BCnS_genefamily_9901	H	NP_689730.2	NC_000002.12	human_rbh	
Simakov2022BCnS_genefamily_7361	H	NP_065700.1	NC_000017.11	human_rbh	
Simakov2022BCnS_genefamily_12137	H	NP_699207.1	NC_000004.12	human_rbh	
Simakov2022BCnS_genefamily_2024	H	NP_001229461.1	NC_000017.11	human_rbh	
Simakov2022BCnS_genefamily_9463	H	XP_005255259.1	NC_000016.10	human_rbh	
Simakov2022BCnS_genefamily_4525	H	NP_003249.3	NC_000017.11	human_rbh	
Simakov2022BCnS_genefamily_2244	H	NP_005773.3	NC_000017.11	human_rbh	
Simakov2022BCnS_genefamily_1391	H	NP_858057.1	NC_000017.11	human_rbh	
Simakov2022BCnS_genefamily_12942	H	XP_011520874.1	NC_000016.10	human_rbh	
Simakov2022BCnS_genefamily_3171	H	NP_006684.1	NC_000007.14	human_rbh	
Simakov2022BCnS_genefamily_27	H	NP_001172006.1	NC_000017.11	human_rbh	
Simakov2022BCnS_genefamily_3131	H	NP_000909.2	NC_000017.11	human_rbh	
Simakov2022BCnS_genefamily_6124	H	NP_003357.2	NC_000016.10	human_rbh	
Simakov2022BCnS_genefamily_5741	H	NP_036357.1	NC_000016.10	human_rbh	
Simakov2022BCnS_genefamily_1170	H	NP_064710.5	NC_000016.10	human_rbh	
Simakov2022BCnS_genefamily_12477	H	NP_073576.1	NC_000017.11	human_rbh	
Simakov2022BCnS_genefamily_888	H	NP_005731.1	NC_000022.11	human_rbh	
Simakov2022BCnS_genefamily_228	H	NP_849158.2	NC_000017.11	human_rbh	
Simakov2022BCnS_genefamily_6415	H	sp|Q58EX2|SDK2_HUMAN		hmm_consensus	
Simakov2022BCnS_genefamily_3127	H	NP_775899.3	NC_000017.11	human_rbh	
Simakov2022BCnS_genefamily_3654	H	XP_047291245.1	NC_000017.11	human_rbh	
Simakov2022BCnS_genefamily_2464	H	NP_060589.1	NC_000016.10	human_rbh	
Simakov2022BCnS_genefamily_3877	H	NP_115875.1	NC_000016.10	human_rbh	
Simakov2022BCnS_genefamily_4638	H	XP_047292203.1	NC_000017.11	human_rbh	
Simakov2022BCnS_genefamily_1673	H	XP_047293177.1	NC_000017.11	human_rbh	
Simakov2022BCnS_genefamily_2686	H	NP_001191089.1	NC_000019.10	human_rbh	
Simakov2022BCnS_genefamily_7752	H	XP_047293033.1	NC_000017.11	human_rbh	
Simakov2022BCnS_genefamily_6429	H	NP_057070.3	NC_000017.11	human_rbh	
Simakov2022BCnS_genefamily_7694	H	NP_612637.1	NC_000017.11	human_rbh	
Simakov2022BCnS_genefamily_3439	H	NP_001153242.1	NC_000017.11	human_rbh	
Simakov2022BCnS_genefamily_9980	H	NP_001306122.1	NC_000017.11	human_rbh	
Simakov2022BCnS_genefamily_8570	H	NP_001003796.1	NC_000022.11	human_rbh	
Simakov2022BCnS_genefamily_1506	H	NP_001243024.1	NC_000017.11	human_rbh	
Simakov2022BCnS_genefamily_3058	H	NP_061989.2	NC_000016.10	human_rbh	
Simakov2022BCnS_genefamily_5753	I	NP_001269429.1	NC_000005.10	human_rbh	
Simakov2022BCnS_genefamily_5337	I	NP_002348.1	NC_000002.12	human_rbh	
Simakov2022BCnS_genefamily_6802	I	NP_001351447.1	NC_000005.10	human_rbh	
Simakov2022BCnS_genefamily_7223	I	XP_011527169.1	NC_000020.11	human_rbh	
Simakov2022BCnS_genefamily_4878	I	NP_006383.2	NC_000020.11	human_rbh	
Simakov2022BCnS_genefamily_1923	I	XP_047281190.1	NC_000010.11	human_rbh	
Simakov2022BCnS_genefamily_4671	I	NP_005299.1	NC_000010.11	human_rbh	
Simakov2022BCnS_genefamily_5181	I	NP_055994.2	NC_000010.11	human_rbh	
Simakov2022BCnS_genefamily_12097	I	NP_112485.2	NC_000016.10	human_rbh	
Simakov2022BCnS_genefamily_3454	I	NP_079421.5	NC_000010.11	human_rbh	
Simakov2022BCnS_genefamily_5356	I	NP_877497.4	NC_000010.11	human_rbh	
Simakov2022BCnS_genefamily_9276	I	NP_001317621.1	NC_000001.11	human_rbh	
Simakov2022BCnS_genefamily_12917	I	NP_579899.1	NC_000010.11	human_rbh	
Simakov2022BCnS_genefamily_8750	I	NP_001243352.1	NC_000010.11	human_rbh	
Simakov2022BCnS_genefamily_3807	I	NP_005530.3	NC_000010.11	human_rbh	
Simakov2022BCnS_genefamily_10379	I	NP_660333.2	NC_000004.12	human_rbh	
Simakov2022BCnS_genefamily_10463	I	NP_078817.2	NC_000010.11	human_rbh	
Simakov2022BCnS_genefamily_4565	I	NP_001387041.1	NC_000002.12	human_rbh	
Simakov2022BCnS_genefamily_11072	I	NP_004302.1	NC_000010.11	human_rbh	
Simakov2022BCnS_genefamily_3881	I	NP_001032722.1	NC_000005.10	human_rbh	
Simakov2022BCnS_genefamily_3908	I	NP_955631.1	NC_000010.11	human_rbh	
Simakov2022BCnS_genefamily_6786	I	NP_060895.1	NC_000010.11	human_rbh	
Simakov2022BCnS_genefamily_10023	I	NP_002720.1	NC_000010.11	human_rbh	
Simakov2022BCnS_genefamily_4000	I	NP_001287880.1	NC_000019.10	human_rbh	
Simakov2022BCnS_genefamily_793	I	NP_054733.2	NC_000002.12	human_rbh	
Simakov2022BCnS_genefamily_2399	I	NP_001193498.1	NC_000010.11	human_rbh	
Simakov2022BCnS_genefamily_12077	I	NP_002708.1	NC_000008.11	human_rbh	
Simakov2022BCnS_genefamily_3806	I	NP_001139438.1	NC_000010.11	human_rbh	
Simakov2022BCnS_genefamily_12182	I	XP_047280412.1	NC_000010.11	human_rbh	
Simakov2022BCnS_genefamily_8303	I	NP_001106849.1	NC_000015.10	human_rbh	
Simakov2022BCnS_genefamily_2917	I	NP_060587.8	NC_000010.11	human_rbh	
Simakov2022BCnS_genefamily_229	I	NP_003840.2	NC_000002.12	human_rbh	
Simakov2022BCnS_genefamily_4690	I	NP_006807.1	NC_000005.10	human_rbh	
Simakov2022BCnS_genefamily_11951	I	NP_001186421.1	NC_000010.11	human_rbh	
Simakov2022BCnS_genefamily_160	I	NP_510868.1	NC_000010.11	human_rbh	
Simakov2022BCnS_genefamily_8504	I	NP_065991.3	NC_000010.11	human_rbh	
Simakov2022BCnS_genefamily_3473	I	XP_011538217.1	NC_000010.11	human_rbh	
Simakov2022BCnS_genefamily_9209	I	NP_055752.1	NC_000010.11	human_rbh	
Simakov2022BCnS_genefamily_11589	I	NP_853553.1	NC_000002.12	human_rbh	
Simakov2022BCnS_genefamily_391	I	NP_001182537.1	NC_000010.11	human_rbh	
Simakov2022BCnS_genefamily_6665	I	NP_001008723.1	NC_000010.11	human_rbh	
Simakov2022BCnS_genefamily_3217	I	NP_054868.3	NC_000007.14	human_rbh	
Simakov2022BCnS_genefamily_12353	I	NP_115558.3	NC_000010.11	human_rbh	
Simakov2022BCnS_genefamily_2155	I	NP_005436.1	NC_000010.11	human_rbh	
Simakov2022BCnS_genefamily_6793	I	NP_057696.2	NC_000008.11	human_rbh	
Simakov2022BCnS_genefamily_12748	I	NP_872353.2	NC_000007.14	human_rbh	
Simakov2022BCnS_genefamily_4541	I	NP_060800.2	NC_000010.11	human_rbh	
Simakov2022BCnS_genefamily_8136	I	NP_060871.1	NC_000004.12	human_rbh	
Simakov2022BCnS_genefamily_10674	I	NP_001171938.1	NC_000004.12	human_rbh	
Simakov2022BCnS_genefamily_5872	I	NP_002018.1	NC_000008.11	human_rbh	
Simakov2022BCnS_genefamily_10864	I	NP_699196.2	NC_000004.12	human_rbh	
Simakov2022BCnS_genefamily_8220	I	XP_006718444.1	NC_000011.10	human_rbh	
Simakov2022BCnS_genefamily_2081	I	NP_001291363.1	NC_000004.12	human_rbh	
Simakov2022BCnS_genefamily_12843	I	NP_060501.4	NC_000003.12	human_rbh	
Simakov2022BCnS_genefamily_9277	I	NP_000311.2	NC_000004.12	human_rbh	
Simakov2022BCnS_genefamily_7304	I	NP_008878.3	NC_000004.12	human_rbh	
Simakov2022BCnS_genefamily_12027	I	NP_004721.1	NC_000005.10	human_rbh	
Simakov2022BCnS_genefamily_12121	I	XP_047281346.1	NC_000010.11	human_rbh	
Simakov2022BCnS_genefamily_4124	I	NP_056004.1	NC_000002.12	human_rbh	
Simakov2022BCnS_genefamily_1008	I	NP_001243404.1	NC_000004.12	human_rbh	
Simakov2022BCnS_genefamily_8119	I	NP_000929.1	NC_000004.12	human_rbh	
Simakov2022BCnS_genefamily_4343	I	NP_001350126.1	NC_000008.11	human_rbh	
Simakov2022BCnS_genefamily_9065	I	NP_001182192.1	NC_000010.11	human_rbh	
Simakov2022BCnS_genefamily_157	I	NP_006546.1	NC_000007.14	human_rbh	
Simakov2022BCnS_genefamily_656	I	XP_047278561.1	NC_000009.12	human_rbh	
Simakov2022BCnS_genefamily_10640	I	NP_064507.3	NC_000002.12	human_rbh	
Simakov2022BCnS_genefamily_11522	I	NP_055590.2	NC_000022.11	human_rbh	
Simakov2022BCnS_genefamily_9758	I	NP_001231878.1	NC_000010.11	human_rbh	
Simakov2022BCnS_genefamily_8718	I	NP_001268640.1	NC_000002.12	human_rbh	
Simakov2022BCnS_genefamily_6114	I	NP_037397.2	NC_000011.10	human_rbh	
Simakov2022BCnS_genefamily_11487	I	NP_001229288.1	NC_000010.11	human_rbh	
Simakov2022BCnS_genefamily_3313	I	NP_057688.3	NC_000005.10	human_rbh	
Simakov2022BCnS_genefamily_11118	I	NP_065192.1	NC_000002.12	human_rbh	
Simakov2022BCnS_genefamily_11833	I	NP_057163.1	NC_000002.12	human_rbh	
Simakov2022BCnS_genefamily_12516	I	NP_001338439.1	NC_000002.12	human_rbh	
Simakov2022BCnS_genefamily_11043	I	NP_110438.1	NC_000020.11	human_rbh	
Simakov2022BCnS_genefamily_7467	I	NP_058651.3	NC_000004.12	human_rbh	
Simakov2022BCnS_genefamily_12419	I	XP_047280520.1	NC_000010.11	human_rbh	
Simakov2022BCnS_genefamily_3920	I	NP_612378.1	NC_000005.10	human_rbh	
Simakov2022BCnS_genefamily_9600	I	NP_659486.2	NC_000005.10	human_rbh	
Simakov2022BCnS_genefamily_5260	I	NP_660328.2	NC_000010.11	human_rbh	
Simakov2022BCnS_genefamily_5624	I	NP_001304909.1	NC_000005.10	human_rbh	
Simakov2022BCnS_genefamily_7891	I	NP_001243307.1	NC_000010.11	human_rbh	
Simakov2022BCnS_genefamily_11524	I	NP_006420.1	NC_000002.12	human_rbh	
Simakov2022BCnS_genefamily_130	I	NP_055446.2	NC_000010.11	human_rbh	
Simakov2022BCnS_genefamily_3336	I	NP_009186.1	NC_000005.10	human_rbh	
Simakov2022BCnS_genefamily_12166	I	NP_001381085.1	NC_000004.12	human_rbh	
Simakov2022BCnS_genefamily_542	I	NP_001139323.1	NC_000004.12	human_rbh	
Simakov2022BCnS_genefamily_6306	I	NP_057584.2	NC_000023.11	human_rbh	
Simakov2022BCnS_genefamily_2456	I	XP_024304015.1	NC_000010.11	human_rbh	
Simakov2022BCnS_genefamily_9091	J1	NP_001003.1	NC_000001.11	human_rbh	
Simakov2022BCnS_genefamily_12739	J1	NP_065890.1	NC_000003.12	human_rbh	
Simakov2022BCnS_genefamily_6316	J1	NP_006357.1	NC_000006.12	human_rbh	
Simakov2022BCnS_genefamily_10927	J1	NP_009034.2	NC_000011.10	human_rbh	
Simakov2022BCnS_genefamily_9657	J1	NP_001182412.2	NC_000003.12	human_rbh	
Simakov2022BCnS_genefamily_11377	J1	NP_005733.1	NC_000002.12	human_rbh	
Simakov2022BCnS_genefamily_10131	J1	NP_001357277.1	NC_000006.12	human_rbh	
Simakov2022BCnS_genefamily_11749	J1	NP_003279.2	NC_000020.11	human_rbh	
Simakov2022BCnS_genefamily_5980	J1	NP_001489.1	NC_000006.12	human_rbh	
Simakov2022BCnS_genefamily_11499	J1	NP_059965.2	NC_000020.11	human_rbh	
Simakov2022BCnS_genefamily_3742	J1	NP_003791.3	NC_000006.12	human_rbh	
Simakov2022BCnS_genefamily_530	J1	NP_001922.2	NC_000011.10	human_rbh	
Simakov2022BCnS_genefamily_8107	J1	NP_542164.2	NC_000018.10	human_rbh	
Simakov2022BCnS_genefamily_10347	J1	NP_005535.1	NC_000002.12	human_rbh	
Simakov2022BCnS_genefamily_3750	J1	NP_057395.1	NC_000001.11	human_rbh	
Simakov2022BCnS_genefamily_2791	J1	NP_001339847.1	NC_000002.12	human_rbh	
Simakov2022BCnS_genefamily_4719	J1	NP_002379.4	NC_000006.12	human_rbh	
Simakov2022BCnS_genefamily_503	J1	NP_003189.3	NC_000001.11	human_rbh	
Simakov2022BCnS_genefamily_11149	J1	NP_006396.2	NC_000014.9	human_rbh	
Simakov2022BCnS_genefamily_2467	J1	XP_011527180.1	NC_000020.11	human_rbh	
Simakov2022BCnS_genefamily_3385	J1	NP_008933.2	NC_000020.11	human_rbh	
Simakov2022BCnS_genefamily_6669	J1	NP_006256.1	NC_000008.11	human_rbh	
Simakov2022BCnS_genefamily_10751	J1	NP_001397809.1	NC_000010.11	human_rbh	
Simakov2022BCnS_genefamily_7684	J1	NP_000118.2	NC_000008.11	human_rbh	
Simakov2022BCnS_genefamily_11880	J1	XP_047278434.1	NC_000008.11	human_rbh	
Simakov2022BCnS_genefamily_3611	J1	NP_066551.1	NC_000006.12	human_rbh	
Simakov2022BCnS_genefamily_4588	J1	NP_057147.2	NC_000006.12	human_rbh	
Simakov2022BCnS_genefamily_9880	J1	NP_003453.3	NC_000001.11	human_rbh	
Simakov2022BCnS_genefamily_8609	J1	NP_065830.2	NC_000002.12	human_rbh	
Simakov2022BCnS_genefamily_8379	J1	NP_060570.2	NC_000006.12	human_rbh	
Simakov2022BCnS_genefamily_11906	J1	NP_001265432.1	NC_000011.10	human_rbh	
Simakov2022BCnS_genefamily_6097	J1	NP_001267468.1	NC_000008.11	human_rbh	
Simakov2022BCnS_genefamily_4031	J1	NP_055563.1	NC_000002.12	human_rbh	
Simakov2022BCnS_genefamily_9480	J1	NP_001191676.1	NC_000004.12	human_rbh	
Simakov2022BCnS_genefamily_2776	J1	NP_001099037.1	NC_000006.12	human_rbh	
Simakov2022BCnS_genefamily_10997	J1	NP_056262.3	NC_000009.12	human_rbh	
Simakov2022BCnS_genefamily_11345	J1	NP_079150.3	NC_000001.11	human_rbh	
Simakov2022BCnS_genefamily_2774	J1	NP_660202.3	NC_000008.11	human_rbh	
Simakov2022BCnS_genefamily_4824	J1	NP_001351543.1	NC_000006.12	human_rbh	
Simakov2022BCnS_genefamily_885	J1	XP_016865819.1	NC_000006.12	human_rbh	
Simakov2022BCnS_genefamily_3209	J1	NP_001284542.1	NC_000001.11	human_rbh	
Simakov2022BCnS_genefamily_7176	J1	XP_016868660.1	NC_000008.11	human_rbh	
Simakov2022BCnS_genefamily_11973	J1	NP_002942.2	NC_000020.11	human_rbh	
Simakov2022BCnS_genefamily_4972	J1	NP_004159.2	NC_000005.10	human_rbh	
Simakov2022BCnS_genefamily_6705	J1	NP_001182539.1	NC_000006.12	human_rbh	
Simakov2022BCnS_genefamily_1920	J1	NP_001305896.1	NC_000002.12	human_rbh	
Simakov2022BCnS_genefamily_1023	J1	NP_006825.1	NC_000006.12	human_rbh	
Simakov2022BCnS_genefamily_6912	J1	NP_001138531.1	NC_000003.12	human_rbh	
Simakov2022BCnS_genefamily_10008	J1	NP_001356788.1	NC_000001.11	human_rbh	
Simakov2022BCnS_genefamily_10985	J1	NP_001157852.1	NC_000008.11	human_rbh	
Simakov2022BCnS_genefamily_3029	J1	NP_000170.1	NC_000002.12	human_rbh	
Simakov2022BCnS_genefamily_10984	J1	NP_001166599.1	NC_000001.11	human_rbh	
Simakov2022BCnS_genefamily_10663	J1	NP_116248.2	NC_000013.11	human_rbh	
Simakov2022BCnS_genefamily_434	J1	NP_055750.2	NC_000001.11	human_rbh	
Simakov2022BCnS_genefamily_11803	J2	NP_817092.1	NC_000002.12	human_rbh	
Simakov2022BCnS_genefamily_7722	J2	NP_003098.1	NC_000006.12	human_rbh	
Simakov2022BCnS_genefamily_2431	J2	NP_001007.2	NC_000006.12	human_rbh	
Simakov2022BCnS_genefamily_9381	J2	NP_001007070.1	NC_000008.11	human_rbh	
Simakov2022BCnS_genefamily_6520	J2	NP_277040.1	NC_000002.12	human_rbh	
Simakov2022BCnS_genefamily_10934	J2	XP_006712049.1	NC_000002.12	human_rbh	
Simakov2022BCnS_genefamily_6567	J2	NP_003463.1	NC_000006.12	human_rbh	
Simakov2022BCnS_genefamily_6120	J2	NP_037520.1	NC_000002.12	human_rbh	
Simakov2022BCnS_genefamily_11180	J2	NP_055661.3	NC_000008.11	human_rbh	
Simakov2022BCnS_genefamily_10369	J2	NP_001340231.1	NC_000008.11	human_rbh	
Simakov2022BCnS_genefamily_5167	J2	NP_001342058.1	NC_000001.11	human_rbh	
Simakov2022BCnS_genefamily_8833	J2	NP_000173.2	NC_000002.12	human_rbh	
Simakov2022BCnS_genefamily_11865	J2	NP_065095.2	NC_000001.11	human_rbh	
Simakov2022BCnS_genefamily_335	J2	NP_060022.2	NC_000002.12	human_rbh	
Simakov2022BCnS_genefamily_10234	J2	NP_005142.1	NC_000018.10	human_rbh	
Simakov2022BCnS_genefamily_9386	J2	NP_110416.1	NC_000020.11	human_rbh	
Simakov2022BCnS_genefamily_7455	J2	NP_001293066.1	NC_000002.12	human_rbh	
Simakov2022BCnS_genefamily_4374	J2	NP_001185941.1	NC_000001.11	human_rbh	
Simakov2022BCnS_genefamily_4649	J2	NP_001362327.1	NC_000006.12	human_rbh	
Simakov2022BCnS_genefamily_8994	J2	NP_001265595.1	NC_000006.12	human_rbh	
Simakov2022BCnS_genefamily_2228	J2	NP_003747.1	NC_000008.11	human_rbh	
Simakov2022BCnS_genefamily_9731	J2	NP_001559.1	NC_000008.11	human_rbh	
Simakov2022BCnS_genefamily_3527	J2	NP_001017420.1	NC_000008.11	human_rbh	
Simakov2022BCnS_genefamily_12411	J2	XP_047277478.1	NC_000008.11	human_rbh	
Simakov2022BCnS_genefamily_3869	J2	NP_004085.1	NC_000014.9	human_rbh	
Simakov2022BCnS_genefamily_4395	J2	NP_001351839.1	NC_000008.11	human_rbh	
Simakov2022BCnS_genefamily_2693	J2	NP_001317924.1	NC_000006.12	human_rbh	
Simakov2022BCnS_genefamily_1122	J2	NP_001002.1	NC_000002.12	human_rbh	
Simakov2022BCnS_genefamily_7254	J2	NP_055528.1	NC_000002.12	human_rbh	
Simakov2022BCnS_genefamily_4968	J2	NP_001229577.1	NC_000006.12	human_rbh	
Simakov2022BCnS_genefamily_12149	J2	NP_001365201.1	NC_000002.12	human_rbh	
Simakov2022BCnS_genefamily_8875	J2	NP_061135.2	NC_000006.12	human_rbh	
Simakov2022BCnS_genefamily_10293	J2	NP_660159.1	NC_000006.12	human_rbh	
Simakov2022BCnS_genefamily_7711	J2	NP_659400.3	NC_000008.11	human_rbh	
Simakov2022BCnS_genefamily_9781	J2	NP_000394.2	NC_000001.11	human_rbh	
Simakov2022BCnS_genefamily_12462	J2	NP_054829.2	NC_000001.11	human_rbh	
Simakov2022BCnS_genefamily_2066	J2	NP_009084.2	NC_000019.10	human_rbh	
Simakov2022BCnS_genefamily_4965	J2	NP_065825.1	NC_000018.10	human_rbh	
Simakov2022BCnS_genefamily_4759	J2	NP_001015.1	NC_000020.11	human_rbh	
Simakov2022BCnS_genefamily_8334	J2	NP_001400119.1	NC_000008.11	human_rbh	
Simakov2022BCnS_genefamily_2746	J2	NP_116236.1	NC_000008.11	human_rbh	
Simakov2022BCnS_genefamily_4148	J2	NP_000938.2	NC_000006.12	human_rbh	
Simakov2022BCnS_genefamily_10786	J2	NP_004271.1	NC_000006.12	human_rbh	
Simakov2022BCnS_genefamily_11266	J2	NP_001357458.1	NC_000006.12	human_rbh	
Simakov2022BCnS_genefamily_6193	J2	NP_003748.1	NC_000001.11	human_rbh	
Simakov2022BCnS_genefamily_4302	J2	NP_068759.2	NC_000006.12	human_rbh	
Simakov2022BCnS_genefamily_7220	J2	NP_001158730.1	NC_000006.12	human_rbh	
Simakov2022BCnS_genefamily_3366	J2	NP_001313507.1	NC_000006.12	human_rbh	
Simakov2022BCnS_genefamily_1767	J2	NP_060197.4	NC_000002.12	human_rbh	
Simakov2022BCnS_genefamily_7382	J2	NP_036222.3	NC_000001.11	human_rbh	
Simakov2022BCnS_genefamily_2769	J2	NP_001853.2	NC_000002.12	human_rbh	
Simakov2022BCnS_genefamily_11339	J2	NP_055281.2	NC_000001.11	human_rbh	
Simakov2022BCnS_genefamily_8215	J2	NP_060831.2	NC_000008.11	human_rbh	
Simakov2022BCnS_genefamily_12535	J2	NP_001307.2	NC_000020.11	human_rbh	
Simakov2022BCnS_genefamily_13005	J2	NP_001308031.1	NC_000002.12	human_rbh	
Simakov2022BCnS_genefamily_9059	J2	NP_006747.1	NC_000008.11	human_rbh	
Simakov2022BCnS_genefamily_2772	J2	NP_057292.1	NC_000008.11	human_rbh	
Simakov2022BCnS_genefamily_3004	J2	NP_006828.2	NC_000008.11	human_rbh	
Simakov2022BCnS_genefamily_5873	J2	NP_060838.3	NC_000006.12	human_rbh	
Simakov2022BCnS_genefamily_2027	J2	XP_047295901.1	NC_000020.11	human_rbh	
Simakov2022BCnS_genefamily_7179	J2	NP_689901.2	NC_000006.12	human_rbh	
Simakov2022BCnS_genefamily_9824	J2	NP_001136012.1	NC_000006.12	human_rbh	
Simakov2022BCnS_genefamily_3212	J2	NP_001188504.1	NC_000009.12	human_rbh	
Simakov2022BCnS_genefamily_8451	J2	XP_047294972.1	NC_000019.10	human_rbh	
Simakov2022BCnS_genefamily_5539	J2	NP_001290387.1	NC_000020.11	human_rbh	
Simakov2022BCnS_genefamily_11353	J2	NP_443169.2	NC_000008.11	human_rbh	
Simakov2022BCnS_genefamily_2008	K	XP_011533461.1	NC_000013.11	human_rbh	
Simakov2022BCnS_genefamily_9868	K	NP_036465.2	NC_000001.11	human_rbh	
Simakov2022BCnS_genefamily_1681	K	NP_003363.1	NC_000023.11	human_rbh	
Simakov2022BCnS_genefamily_6737	K	NP_114130.4	NC_000006.12	human_rbh	
Simakov2022BCnS_genefamily_3590	K	NP_067077.1	NC_000021.9	human_rbh	
Simakov2022BCnS_genefamily_8839	K	NP_078970.3	NC_000006.12	human_rbh	
Simakov2022BCnS_genefamily_11378	K	XP_047289163.1	NC_000015.10	human_rbh	
Simakov2022BCnS_genefamily_9794	K	NP_055578.2	NC_000002.12	human_rbh	
Simakov2022BCnS_genefamily_9559	K	NP_078916.3	NC_000001.11	human_rbh	
Simakov2022BCnS_genefamily_1098	K	NP_001128727.1	NC_000001.11	human_rbh	
Simakov2022BCnS_genefamily_4256	K	NP_065853.3	NC_000011.10	human_rbh	
Simakov2022BCnS_genefamily_11247	K	NP_009145.1	NC_000006.12	human_rbh	
Simakov2022BCnS_genefamily_11265	K	NP_001139182.1	NC_000002.12	human_rbh	
Simakov2022BCnS_genefamily_11688	K	NP_008976.1	NC_000006.12	human_rbh	
Simakov2022BCnS_genefamily_8610	K	NP_055269.1	NC_000006.12	human_rbh	
Simakov2022BCnS_genefamily_12018	K	NP_996879.1	NC_000001.11	human_rbh	
Simakov2022BCnS_genefamily_7015	K	NP_001001671.3	NC_000023.11	human_rbh	
Simakov2022BCnS_genefamily_2283	K	NP_060672.2	NC_000001.11	human_rbh	
Simakov2022BCnS_genefamily_5637	K	NP_998760.1	NC_000012.12	human_rbh	
Simakov2022BCnS_genefamily_5281	K	NP_057715.2	NC_000021.9	human_rbh	
Simakov2022BCnS_genefamily_8741	K	XP_016866397.1	NC_000006.12	human_rbh	
Simakov2022BCnS_genefamily_4438	K	NP_005666.2	NC_000022.11	human_rbh	
Simakov2022BCnS_genefamily_1986	K	NP_775943.1	NC_000006.12	human_rbh	
Simakov2022BCnS_genefamily_10495	K	NP_001288014.1	NC_000006.12	human_rbh	
Simakov2022BCnS_genefamily_12352	K	NP_001017408.1	NC_000006.12	human_rbh	
Simakov2022BCnS_genefamily_3997	K	NP_001258625.1	NC_000023.11	human_rbh	
Simakov2022BCnS_genefamily_1000	K	NP_001317939.1	NC_000021.9	human_rbh	
Simakov2022BCnS_genefamily_6313	K	NP_056968.1	NC_000023.11	human_rbh	
Simakov2022BCnS_genefamily_4977	K	NP_036448.1	NC_000001.11	human_rbh	
Simakov2022BCnS_genefamily_7145	K	NP_000242.1	NC_000002.12	human_rbh	
Simakov2022BCnS_genefamily_2804	K	NP_653265.3	NC_000011.10	human_rbh	
Simakov2022BCnS_genefamily_12449	K	XP_011529296.1	NC_000023.11	human_rbh	
Simakov2022BCnS_genefamily_6109	K	NP_001307328.1	NC_000003.12	human_rbh	
Simakov2022BCnS_genefamily_5944	K	NP_055095.2	NC_000001.11	human_rbh	
Simakov2022BCnS_genefamily_12155	K	NP_001287898.1	NC_000001.11	human_rbh	
Simakov2022BCnS_genefamily_7110	K	NP_001243114.1	NC_000023.11	human_rbh	
Simakov2022BCnS_genefamily_12875	K	NP_036325.2	NC_000011.10	human_rbh	
Simakov2022BCnS_genefamily_1812	K	NP_004100.1	NC_000011.10	human_rbh	
Simakov2022BCnS_genefamily_3592	K	NP_115570.1	NC_000006.12	human_rbh	
Simakov2022BCnS_genefamily_6459	K	NP_001121187.1	NC_000006.12	human_rbh	
Simakov2022BCnS_genefamily_10073	K	NP_001446.1	NC_000006.12	human_rbh	
Simakov2022BCnS_genefamily_12797	K	NP_001025029.2	NC_000006.12	human_rbh	
Simakov2022BCnS_genefamily_4427	K	XP_047274758.1	NC_000006.12	human_rbh	
Simakov2022BCnS_genefamily_7674	K	XP_047275322.1	NC_000006.12	human_rbh	
Simakov2022BCnS_genefamily_12555	K	NP_000388.2	NC_000023.11	human_rbh	
Simakov2022BCnS_genefamily_732	K	NP_001182408.1	NC_000003.12	human_rbh	
Simakov2022BCnS_genefamily_12538	K	NP_055223.1	NC_000001.11	human_rbh	
Simakov2022BCnS_genefamily_6315	K	NP_056254.2	NC_000006.12	human_rbh	
Simakov2022BCnS_genefamily_6821	K	NP_003179.1	NC_000006.12	human_rbh	
Simakov2022BCnS_genefamily_8659	K	NP_056380.3	NC_000021.9	human_rbh	
Simakov2022BCnS_genefamily_9094	K	NP_659484.4	NC_000001.11	human_rbh	
Simakov2022BCnS_genefamily_7011	K	XP_006724533.1	NC_000023.11	human_rbh	
Simakov2022BCnS_genefamily_5556	K	NP_057569.2	NC_000006.12	human_rbh	
Simakov2022BCnS_genefamily_12691	K	NP_001625.2	NC_000006.12	human_rbh	
Simakov2022BCnS_genefamily_7928	K	NP_001156807.1	NC_000023.11	human_rbh	
Simakov2022BCnS_genefamily_400	K	NP_006640.2	NC_000023.11	human_rbh	
Simakov2022BCnS_genefamily_1799	K	NP_001308451.1	NC_000019.10	human_rbh	
Simakov2022BCnS_genefamily_5560	K	NP_001244.1	NC_000006.12	human_rbh	
Simakov2022BCnS_genefamily_12719	K	NP_114098.1	NC_000023.11	human_rbh	
Simakov2022BCnS_genefamily_10183	K	NP_003172.1	NC_000006.12	human_rbh	
Simakov2022BCnS_genefamily_2162	K	XP_047271943.1	NC_000004.12	human_rbh	
Simakov2022BCnS_genefamily_8466	K	NP_001372785.1	NC_000006.12	human_rbh	
Simakov2022BCnS_genefamily_8765	K	NP_064518.1	NC_000006.12	human_rbh	
Simakov2022BCnS_genefamily_5087	K	NP_001273117.1	NC_000006.12	human_rbh	
Simakov2022BCnS_genefamily_1779	K	NP_055828.2	NC_000001.11	human_rbh	
Simakov2022BCnS_genefamily_8413	K	NP_060736.1	NC_000003.12	human_rbh	
Simakov2022BCnS_genefamily_12346	K	NP_005432.1	NC_000021.9	human_rbh	
Simakov2022BCnS_genefamily_9591	K	XP_006710365.1	NC_000001.11	human_rbh	
Simakov2022BCnS_genefamily_3046	K	NP_006576.2	NC_000021.9	human_rbh	
Simakov2022BCnS_genefamily_12683	K	NP_001337258.1	NC_000006.12	human_rbh	
Simakov2022BCnS_genefamily_12442	K	NP_001035879.1	NC_000013.11	human_rbh	
Simakov2022BCnS_genefamily_2261	K	NP_003788.2	NC_000011.10	human_rbh	
Simakov2022BCnS_genefamily_12022	K	NP_001293135.1	NC_000023.11	human_rbh	
Simakov2022BCnS_genefamily_10217	K	NP_036256.2	NC_000011.10	human_rbh	
Simakov2022BCnS_genefamily_11135	K	NP_862820.1	NC_000006.12	human_rbh	
Simakov2022BCnS_genefamily_2249	K	NP_056340.2	NC_000006.12	human_rbh	
Simakov2022BCnS_genefamily_3163	K	NP_057036.2	NC_000006.12	human_rbh	
Simakov2022BCnS_genefamily_6440	K	NP_004672.2	NC_000024.10	human_rbh	
Simakov2022BCnS_genefamily_179	K	NP_000275.1	NC_000023.11	human_rbh	
Simakov2022BCnS_genefamily_3226	K	NP_001017928.1	NC_000003.12	human_rbh	
Simakov2022BCnS_genefamily_212	K	NP_060103.2	NC_000006.12	human_rbh	
Simakov2022BCnS_genefamily_7086	K	NP_003671.1	NC_000001.11	human_rbh	
Simakov2022BCnS_genefamily_6238	K	NP_006510.1	NC_000006.12	human_rbh	
Simakov2022BCnS_genefamily_9286	K	XP_006715439.2	NC_000006.12	human_rbh	
Simakov2022BCnS_genefamily_6233	K	XP_047306004.1	NC_000004.12	human_rbh	
Simakov2022BCnS_genefamily_5921	K	NP_001245345.1	NC_000011.10	human_rbh	
Simakov2022BCnS_genefamily_999	K	NP_006080.1	NC_000023.11	human_rbh	
Simakov2022BCnS_genefamily_10242	K	NP_001269476.1	NC_000001.11	human_rbh	
Simakov2022BCnS_genefamily_4454	K	NP_079431.1	NC_000011.10	human_rbh	
Simakov2022BCnS_genefamily_886	K	NP_001291477.1	NC_000023.11	human_rbh	
Simakov2022BCnS_genefamily_4038	K	NP_115865.1	NC_000021.9	human_rbh	
Simakov2022BCnS_genefamily_3141	K	NP_001156752.1	NC_000023.11	human_rbh	
Simakov2022BCnS_genefamily_9607	K	NP_003920.1	NC_000001.11	human_rbh	
Simakov2022BCnS_genefamily_996	K	NP_055660.1	NC_000006.12	human_rbh	
Simakov2022BCnS_genefamily_8444	K	NP_001355065.1	NC_000006.12	human_rbh	
Simakov2022BCnS_genefamily_1829	K	NP_055640.2	NC_000021.9	human_rbh	
Simakov2022BCnS_genefamily_10513	K	NP_002897.1	NC_000011.10	human_rbh	
Simakov2022BCnS_genefamily_12132	K	NP_001273466.1	NC_000002.12	human_rbh	
Simakov2022BCnS_genefamily_11326	K	NP_001352750.1	NC_000001.11	human_rbh	
Simakov2022BCnS_genefamily_7835	K	NP_006591.1	NC_000001.11	human_rbh	
Simakov2022BCnS_genefamily_1545	K	NP_001149946.1	NC_000011.10	human_rbh	
Simakov2022BCnS_genefamily_883	K	NP_001348120.1	NC_000006.12	human_rbh	
Simakov2022BCnS_genefamily_5121	K	XP_011534290.1	NC_000006.12	human_rbh	
Simakov2022BCnS_genefamily_1725	K	NP_056299.1	NC_000001.11	human_rbh	
Simakov2022BCnS_genefamily_12389	K	NP_665857.2	NC_000021.9	human_rbh	
Simakov2022BCnS_genefamily_2091	K	NP_001688.1	NC_000021.9	human_rbh	
Simakov2022BCnS_genefamily_9718	K	NP_001268446.1	NC_000001.11	human_rbh	
Simakov2022BCnS_genefamily_2451	K	NP_001397711.1	NC_000003.12	human_rbh	
Simakov2022BCnS_genefamily_8167	K	NP_001340617.1	NC_000021.9	human_rbh	
Simakov2022BCnS_genefamily_4783	K	XP_005264620.1	NC_000002.12	human_rbh	
Simakov2022BCnS_genefamily_11600	K	NP_056173.1	NC_000021.9	human_rbh	
Simakov2022BCnS_genefamily_403	K	NP_001376485.1	NC_000001.11	human_rbh	
Simakov2022BCnS_genefamily_8560	K	NP_001340497.1	NC_000013.11	human_rbh	
Simakov2022BCnS_genefamily_5456	K	NP_059117.3	NC_000006.12	human_rbh	
Simakov2022BCnS_genefamily_2657	K	NP_003265.3	NC_000021.9	human_rbh	
Simakov2022BCnS_genefamily_6510	K	NP_060534.1	NC_000006.12	human_rbh	
Simakov2022BCnS_genefamily_8772	K	NP_036590.1	NC_000019.10	human_rbh	
Simakov2022BCnS_genefamily_11964	K	NP_000445.1	NC_000021.9	human_rbh	
Simakov2022BCnS_genefamily_817	K	XP_005267236.1	NC_000006.12	human_rbh	
Simakov2022BCnS_genefamily_5521	L	NP_620137.2	NC_000005.10	human_rbh	
Simakov2022BCnS_genefamily_1125	L	NP_115786.1	NC_000008.11	human_rbh	
Simakov2022BCnS_genefamily_6632	L	NP_003663.2	NC_000001.11	human_rbh	
Simakov2022BCnS_genefamily_11873	L	NP_004790.2	NC_000001.11	human_rbh	
Simakov2022BCnS_genefamily_4802	L	NP_951009.1	NC_000019.10	human_rbh	
Simakov2022BCnS_genefamily_6955	L	NP_000161.2	NC_000009.12	human_rbh	
Simakov2022BCnS_genefamily_815	L	NP_001028721.1	NC_000019.10	human_rbh	
Simakov2022BCnS_genefamily_1951	L	NP_056157.1	NC_000005.10	human_rbh	
Simakov2022BCnS_genefamily_6736	L	NP_001292807.1	NC_000008.11	human_rbh	
Simakov2022BCnS_genefamily_5675	L	NP_001893.2	NC_000001.11	human_rbh	
Simakov2022BCnS_genefamily_9053	L	NP_002865.1	NC_000009.12	human_rbh	
Simakov2022BCnS_genefamily_10944	L	XP_047306078.1	NC_000001.11	human_rbh	
Simakov2022BCnS_genefamily_7753	L	NP_149044.2	NC_000001.11	human_rbh	
Simakov2022BCnS_genefamily_12931	L	NP_001138984.1	NC_000001.11	human_rbh	
Simakov2022BCnS_genefamily_5046	L	NP_001092692.1	NC_000009.12	human_rbh	
Simakov2022BCnS_genefamily_7554	L	NP_777549.1	NC_000005.10	human_rbh	
Simakov2022BCnS_genefamily_11125	L	NP_057347.2	NC_000019.10	human_rbh	
Simakov2022BCnS_genefamily_4114	L	XP_011516034.1	NC_000009.12	human_rbh	
Simakov2022BCnS_genefamily_1877	L	NP_001290072.1	NC_000004.12	human_rbh	
Simakov2022BCnS_genefamily_11356	L	NP_001365118.1	NC_000001.11	human_rbh	
Simakov2022BCnS_genefamily_5847	L	NP_079187.3	NC_000001.11	human_rbh	
Simakov2022BCnS_genefamily_4966	L	NP_001336311.1	NC_000005.10	human_rbh	
Simakov2022BCnS_genefamily_2662	L	NP_060791.3	NC_000005.10	human_rbh	
Simakov2022BCnS_genefamily_186	L	NP_689478.1	NC_000001.11	human_rbh	
Simakov2022BCnS_genefamily_3559	L	NP_002810.1	NC_000019.10	human_rbh	
Simakov2022BCnS_genefamily_1036	L	NP_060961.3	NC_000009.12	human_rbh	
Simakov2022BCnS_genefamily_2932	L	NP_061855.1	NC_000001.11	human_rbh	
Simakov2022BCnS_genefamily_9479	L	NP_663768.1	NC_000001.11	human_rbh	
Simakov2022BCnS_genefamily_5302	L	XP_047273175.1	NC_000005.10	human_rbh	
Simakov2022BCnS_genefamily_1007	L	NP_000150.1	NC_000019.10	human_rbh	
Simakov2022BCnS_genefamily_1147	L	NP_001318007.1	NC_000003.12	human_rbh	
Simakov2022BCnS_genefamily_9999	L	NP_055954.1	NC_000001.11	human_rbh	
Simakov2022BCnS_genefamily_948	L	NP_003720.1	NC_000001.11	human_rbh	
Simakov2022BCnS_genefamily_12042	L	NP_976225.1	NC_000001.11	human_rbh	
Simakov2022BCnS_genefamily_7268	L	NP_005793.2	NC_000009.12	human_rbh	
Simakov2022BCnS_genefamily_11900	L	XP_016857972.2	NC_000001.11	human_rbh	
Simakov2022BCnS_genefamily_9641	L	XP_016856296.1	NC_000001.11	human_rbh	
Simakov2022BCnS_genefamily_3170	L	NP_001077072.1	NC_000009.12	human_rbh	
Simakov2022BCnS_genefamily_2173	L	NP_000427.1	NC_000005.10	human_rbh	
Simakov2022BCnS_genefamily_8294	L	NP_055478.2	NC_000001.11	human_rbh	
Simakov2022BCnS_genefamily_142	L	NP_001334.2	NC_000005.10	human_rbh	
Simakov2022BCnS_genefamily_8519	L	XP_011526160.1	NC_000019.10	human_rbh	
Simakov2022BCnS_genefamily_5960	L	NP_065746.3	NC_000019.10	human_rbh	
Simakov2022BCnS_genefamily_8938	L	NP_065880.2	NC_000009.12	human_rbh	
Simakov2022BCnS_genefamily_7240	L	NP_660155.2	NC_000001.11	human_rbh	
Simakov2022BCnS_genefamily_11502	L	NP_001307490.1	NC_000019.10	human_rbh	
Simakov2022BCnS_genefamily_4222	L	NP_954592.1	NC_000019.10	human_rbh	
Simakov2022BCnS_genefamily_10777	L	NP_001909.4	NC_000001.11	human_rbh	
Simakov2022BCnS_genefamily_12755	L	NP_003349.1	NC_000009.12	human_rbh	
Simakov2022BCnS_genefamily_10760	L	NP_001028198.1	NC_000019.10	human_rbh	
Simakov2022BCnS_genefamily_6166	L	NP_001124500.1	NC_000005.10	human_rbh	
Simakov2022BCnS_genefamily_9488	L	NP_036308.1	NC_000005.10	human_rbh	
Simakov2022BCnS_genefamily_6571	L	NP_005707.1	NC_000019.10	human_rbh	
Simakov2022BCnS_genefamily_5813	L	NP_055589.1	NC_000001.11	human_rbh	
Simakov2022BCnS_genefamily_6526	L	NP_001036090.1	NC_000005.10	human_rbh	
Simakov2022BCnS_genefamily_1892	L	NP_116241.2	NC_000001.11	human_rbh	
Simakov2022BCnS_genefamily_8989	L	NP_001304844.1	NC_000005.10	human_rbh	
Simakov2022BCnS_genefamily_8542	L	NP_001116080.1	NC_000023.11	human_rbh	
Simakov2022BCnS_genefamily_8931	L	NP_004334.1	NC_000019.10	human_rbh	
Simakov2022BCnS_genefamily_5571	L	NP_003081.2	NC_000015.10	human_rbh	
Simakov2022BCnS_genefamily_8194	L	NP_116072.2	NC_000019.10	human_rbh	
Simakov2022BCnS_genefamily_8309	L	NP_079341.2	NC_000001.11	human_rbh	
Simakov2022BCnS_genefamily_950	L	NP_002849.1	NC_000001.11	human_rbh	
Simakov2022BCnS_genefamily_6661	L	NP_001177747.1	NC_000001.11	human_rbh	
Simakov2022BCnS_genefamily_3002	L	XP_047295526.1	NC_000019.10	human_rbh	
Simakov2022BCnS_genefamily_8532	L	NP_001104003.1	NC_000001.11	human_rbh	
Simakov2022BCnS_genefamily_6636	L	NP_001353103.1	NC_000019.10	human_rbh	
Simakov2022BCnS_genefamily_1140	L	NP_149078.1	NC_000009.12	human_rbh	
Simakov2022BCnS_genefamily_8502	L	NP_001026902.1	NC_000004.12	human_rbh	
Simakov2022BCnS_genefamily_12809	L	NP_001070667.1	NC_000005.10	human_rbh	
Simakov2022BCnS_genefamily_12499	L	NP_004822.2	NC_000019.10	human_rbh	
Simakov2022BCnS_genefamily_5931	L	XP_047279654.1	NC_000009.12	human_rbh	
Simakov2022BCnS_genefamily_12883	L	NP_002087.2	NC_000019.10	human_rbh	
Simakov2022BCnS_genefamily_5468	L	NP_001291972.1	NC_000001.11	human_rbh	
Simakov2022BCnS_genefamily_10848	L	NP_689511.2	NC_000001.11	human_rbh	
Simakov2022BCnS_genefamily_5002	L	XP_047286705.1	NC_000001.11	human_rbh	
Simakov2022BCnS_genefamily_4763	L	NP_001351221.1	NC_000005.10	human_rbh	
Simakov2022BCnS_genefamily_922	L	NP_054753.1	NC_000006.12	human_rbh	
Simakov2022BCnS_genefamily_11267	L	NP_006815.2	NC_000001.11	human_rbh	
Simakov2022BCnS_genefamily_3778	L	NP_057229.1	NC_000019.10	human_rbh	
Simakov2022BCnS_genefamily_573	L	NP_001138356.1	NC_000001.11	human_rbh	
Simakov2022BCnS_genefamily_4052	L				
Simakov2022BCnS_genefamily_6398	L	NP_001276032.1	NC_000019.10	human_rbh	
Simakov2022BCnS_genefamily_8832	L	NP_078862.4	NC_000001.11	human_rbh	
Simakov2022BCnS_genefamily_643	L	NP_003881.2	NC_000019.10	human_rbh	
Simakov2022BCnS_genefamily_9589	L	XP_005248337.1	NC_000005.10	human_rbh	
Simakov2022BCnS_genefamily_5505	L	NP_001258930.1	NC_000001.11	human_rbh	
Simakov2022BCnS_genefamily_11460	L	NP_075384.4	NC_000019.10	human_rbh	
Simakov2022BCnS_genefamily_2688	L	NP_005246.2	NC_000004.12	human_rbh	
Simakov2022BCnS_genefamily_11635	L	NP_001273425.1	NC_000015.10	human_rbh	
Simakov2022BCnS_genefamily_7840	L				
Simakov2022BCnS_genefamily_1221	L	NP_620614.2	NC_000009.12	human_rbh	
Simakov2022BCnS_genefamily_1112	L	NP_001094846.2	NC_000001.11	human_rbh	
Simakov2022BCnS_genefamily_9919	L	NP_056175.3	NC_000005.10	human_rbh	
Simakov2022BCnS_genefamily_9953	L	NP_002624.2	NC_000001.11	human_rbh	
Simakov2022BCnS_genefamily_9542	L	NP_008824.2	NC_000001.11	human_rbh	
Simakov2022BCnS_genefamily_4467	L	NP_055288.1	NC_000005.10	human_rbh	
Simakov2022BCnS_genefamily_7592	L	NP_699192.1	NC_000005.10	human_rbh	
Simakov2022BCnS_genefamily_7900	L	NP_006406.1	NC_000009.12	human_rbh	
Simakov2022BCnS_genefamily_4903	L	NP_004992.2	NC_000019.10	human_rbh	
Simakov2022BCnS_genefamily_4219	L	NP_877590.1	NC_000005.10	human_rbh	
Simakov2022BCnS_genefamily_1458	L	NP_055187.1	NC_000001.11	human_rbh	
Simakov2022BCnS_genefamily_7442	L	NP_055693.4	NC_000009.12	human_rbh	
Simakov2022BCnS_genefamily_9476	L	NP_001333683.1	NC_000017.11	human_rbh	
Simakov2022BCnS_genefamily_3514	M	NP_116188.3	NC_000009.12	human_rbh	
Simakov2022BCnS_genefamily_1123	M	XP_047303061.1	NC_000001.11	human_rbh	
Simakov2022BCnS_genefamily_9294	M	NP_002576.1	NC_000001.11	human_rbh	
Simakov2022BCnS_genefamily_339	M	NP_001158229.1	NC_000001.11	human_rbh	
Simakov2022BCnS_genefamily_11713	M	NP_001365133.1	NC_000001.11	human_rbh	
Simakov2022BCnS_genefamily_9917	M	NP_001338511.1	NC_000009.12	human_rbh	
Simakov2022BCnS_genefamily_9590	M	XP_047278978.1	NC_000009.12	human_rbh	
Simakov2022BCnS_genefamily_12417	M	NP_005708.1	NC_000001.11	human_rbh	
Simakov2022BCnS_genefamily_8634	M	NP_065816.2	NC_000001.11	human_rbh	
Simakov2022BCnS_genefamily_10301	M	NP_775753.2	NC_000019.10	human_rbh	
Simakov2022BCnS_genefamily_6282	M	NP_060017.1	NC_000011.10	human_rbh	
Simakov2022BCnS_genefamily_9366	M	NP_005810.1	NC_000001.11	human_rbh	
Simakov2022BCnS_genefamily_9321	M	NP_060606.3	NC_000001.11	human_rbh	
Simakov2022BCnS_genefamily_4547	M	NP_009297.2	NC_000009.12	human_rbh	
Simakov2022BCnS_genefamily_9166	M	NP_001170986.1	NC_000006.12	human_rbh	
Simakov2022BCnS_genefamily_7715	M	NP_065944.3	NC_000009.12	human_rbh	
Simakov2022BCnS_genefamily_2015	M	NP_004727.2	NC_000001.11	human_rbh	
Simakov2022BCnS_genefamily_5455	M	NP_009140.1	NC_000009.12	human_rbh	
Simakov2022BCnS_genefamily_3616	M	XP_006717082.1	NC_000009.12	human_rbh	
Simakov2022BCnS_genefamily_7921	M	NP_001030331.1	NC_000009.12	human_rbh	
Simakov2022BCnS_genefamily_2350	M	XP_047286776.1	NC_000001.11	human_rbh	
Simakov2022BCnS_genefamily_3117	M	NP_001273176.1	NC_000001.11	human_rbh	
Simakov2022BCnS_genefamily_9593	M	NP_001155898.1	NC_000009.12	human_rbh	
Simakov2022BCnS_genefamily_9715	M	NP_065171.2	NC_000009.12	human_rbh	
Simakov2022BCnS_genefamily_11159	M	XP_047279837.1	NC_000009.12	human_rbh	
Simakov2022BCnS_genefamily_12049	M	NP_055785.2	NC_000001.11	human_rbh	
Simakov2022BCnS_genefamily_12301	M	NP_006247.1	NC_000001.11	human_rbh	
Simakov2022BCnS_genefamily_2816	M	NP_001138528.1	NC_000019.10	human_rbh	
Simakov2022BCnS_genefamily_12700	M	XP_011507467.1	NC_000001.11	human_rbh	
Simakov2022BCnS_genefamily_2778	M	NP_056219.3	NC_000009.12	human_rbh	
Simakov2022BCnS_genefamily_2483	M	XP_005245504.1	NC_000001.11	human_rbh	
Simakov2022BCnS_genefamily_6102	M	NP_777283.1	NC_000001.11	human_rbh	
Simakov2022BCnS_genefamily_8914	M	NP_001186385.1	NC_000006.12	human_rbh	
Simakov2022BCnS_genefamily_11697	M	NP_001020262.1	NC_000006.12	human_rbh	
Simakov2022BCnS_genefamily_10784	M	NP_149351.1	NC_000009.12	human_rbh	
Simakov2022BCnS_genefamily_1565	M	NP_570981.1	NC_000002.12	human_rbh	
Simakov2022BCnS_genefamily_56	M	NP_001362883.1	NC_000009.12	human_rbh	
Simakov2022BCnS_genefamily_8816	M	NP_001099129.1	NC_000001.11	human_rbh	
Simakov2022BCnS_genefamily_11858	M	NP_689785.1	NC_000009.12	human_rbh	
Simakov2022BCnS_genefamily_152	M	NP_057303.2	NC_000009.12	human_rbh	
Simakov2022BCnS_genefamily_1689	M	NP_004252.2	NC_000001.11	human_rbh	
Simakov2022BCnS_genefamily_7288	M	NP_001000.2	NC_000019.10	human_rbh	
Simakov2022BCnS_genefamily_10368	M	XP_047289447.1	NC_000001.11	human_rbh	
Simakov2022BCnS_genefamily_9625	M	NP_008860.4	NC_000006.12	human_rbh	
Simakov2022BCnS_genefamily_8738	M	XP_011507611.1	NC_000001.11	human_rbh	
Simakov2022BCnS_genefamily_6201	M	NP_001354425.1	NC_000002.12	human_rbh	
Simakov2022BCnS_genefamily_7976	M	NP_056207.3	NC_000009.12	human_rbh	
Simakov2022BCnS_genefamily_4563	M	NP_001136023.1	NC_000001.11	human_rbh	
Simakov2022BCnS_genefamily_8958	M	NP_079096.2	NC_000009.12	human_rbh	
Simakov2022BCnS_genefamily_6068	M	NP_078932.2	NC_000019.10	human_rbh	
Simakov2022BCnS_genefamily_10626	M	NP_002633.1	NC_000001.11	human_rbh	
Simakov2022BCnS_genefamily_4203	M	NP_001269886.1	NC_000009.12	human_rbh	
Simakov2022BCnS_genefamily_8272	M	NP_085131.1	NC_000011.10	human_rbh	
Simakov2022BCnS_genefamily_11571	M	NP_056450.2	NC_000009.12	human_rbh	
Simakov2022BCnS_genefamily_8547	M	NP_000022.3	NC_000009.12	human_rbh	
Simakov2022BCnS_genefamily_3538	M	NP_001369437.1	NC_000005.10	human_rbh	
Simakov2022BCnS_genefamily_4963	M	NP_001505.1	NC_000001.11	human_rbh	
Simakov2022BCnS_genefamily_4740	M	NP_055964.3	NC_000001.11	human_rbh	
Simakov2022BCnS_genefamily_3355	M	XP_011519689.1	NC_000015.10	human_rbh	
Simakov2022BCnS_genefamily_7763	M	XP_005249419.1	NC_000006.12	human_rbh	
Simakov2022BCnS_genefamily_4892	M	NP_659482.3	NC_000019.10	human_rbh	
Simakov2022BCnS_genefamily_8947	M	XP_047279204.1	NC_000001.11	human_rbh	
Simakov2022BCnS_genefamily_5854	M	NP_001265407.1	NC_000006.12	human_rbh	
Simakov2022BCnS_genefamily_5059	M	NP_060290.3	NC_000009.12	human_rbh	
Simakov2022BCnS_genefamily_168	M	XP_011517559.1	NC_000009.12	human_rbh	
Simakov2022BCnS_genefamily_167	M	XP_016870599.1	NC_000009.12	human_rbh	
Simakov2022BCnS_genefamily_5245	M	NP_004883.3	NC_000001.11	human_rbh	
Simakov2022BCnS_genefamily_8857	M	NP_001014796.1	NC_000001.11	human_rbh	
Simakov2022BCnS_genefamily_423	M	NP_005038.1	NC_000009.12	human_rbh	
Simakov2022BCnS_genefamily_418	M	NP_037498.1	NC_000009.12	human_rbh	
Simakov2022BCnS_genefamily_1869	M	NP_001012361.1	NC_000009.12	human_rbh	
Simakov2022BCnS_genefamily_8050	M	NP_060671.3	NC_000009.12	human_rbh	
Simakov2022BCnS_genefamily_7423	M	NP_001376625.2	NC_000009.12	human_rbh	
Simakov2022BCnS_genefamily_7196	M	NP_002790.1	NC_000009.12	human_rbh	
Simakov2022BCnS_genefamily_2234	M	NP_001366.1	NC_000019.10	human_rbh	
Simakov2022BCnS_genefamily_7504	M	NP_001157782.1	NC_000009.12	human_rbh	
Simakov2022BCnS_genefamily_9115	M	NP_112486.1	NC_000019.10	human_rbh	
Simakov2022BCnS_genefamily_2300	M	NP_009171.1	NC_000001.11	human_rbh	
Simakov2022BCnS_genefamily_655	M	NP_001229236.1	NC_000010.11	human_rbh	
Simakov2022BCnS_genefamily_11738	M	NP_060087.3	NC_000009.12	human_rbh	
Simakov2022BCnS_genefamily_5848	M	NP_004631.1	NC_000006.12	human_rbh	
Simakov2022BCnS_genefamily_5671	M	NP_054891.2	NC_000009.12	human_rbh	
Simakov2022BCnS_genefamily_7117	M	NP_003783.1	NC_000009.12	human_rbh	
Simakov2022BCnS_genefamily_12086	M	NP_444281.1	NC_000001.11	human_rbh	
Simakov2022BCnS_genefamily_9642	M	NP_002895.3	NC_000006.12	human_rbh	
Simakov2022BCnS_genefamily_5583	M	NP_114404.1	NC_000011.10	human_rbh	
Simakov2022BCnS_genefamily_1598	M	XP_047279753.1	NC_000009.12	human_rbh	
Simakov2022BCnS_genefamily_2569	M	NP_003746.2	NC_000019.10	human_rbh	
Simakov2022BCnS_genefamily_1209	M	NP_001005373.1	NC_000009.12	human_rbh	
Simakov2022BCnS_genefamily_1338	M	NP_005036.2	NC_000007.14	human_rbh	
Simakov2022BCnS_genefamily_4915	M	NP_115916.3	NC_000020.11	human_rbh	
Simakov2022BCnS_genefamily_789	M	NP_000960.2	NC_000001.11	human_rbh	
Simakov2022BCnS_genefamily_11436	M	XP_006711437.1	NC_000001.11	human_rbh	
Simakov2022BCnS_genefamily_605	M	NP_004948.4	NC_000009.12	human_rbh	
Simakov2022BCnS_genefamily_11024	M	NP_057068.1	NC_000001.11	human_rbh	
Simakov2022BCnS_genefamily_3324	M	NP_004399.2	NC_000009.12	human_rbh	
Simakov2022BCnS_genefamily_10249	M	NP_940871.2	NC_000009.12	human_rbh	
Simakov2022BCnS_genefamily_3914	M	NP_001371338.1	NC_000009.12	human_rbh	
Simakov2022BCnS_genefamily_10576	M	NP_002817.2	NC_000001.11	human_rbh	
Simakov2022BCnS_genefamily_4432	M	NP_078914.1	NC_000003.12	human_rbh	
Simakov2022BCnS_genefamily_4605	M	NP_065143.2	NC_000019.10	human_rbh	
Simakov2022BCnS_genefamily_393	M	XP_047291350.1	NC_000001.11	human_rbh	
Simakov2022BCnS_genefamily_4356	N	NP_001034680.2	NC_000023.11	human_rbh	
Simakov2022BCnS_genefamily_3676	N	NP_005699.1	NC_000013.11	human_rbh	
Simakov2022BCnS_genefamily_6731	N	NP_001008396.1	NC_000007.14	human_rbh	
Simakov2022BCnS_genefamily_3230	N	NP_001116697.1	NC_000022.11	human_rbh	
Simakov2022BCnS_genefamily_9050	N	NP_000928.1	NC_000017.11	human_rbh	
Simakov2022BCnS_genefamily_9337	N	NP_001073341.1	NC_000023.11	human_rbh	
Simakov2022BCnS_genefamily_1841	N	NP_001958.2	NC_000003.12	human_rbh	
Simakov2022BCnS_genefamily_1157	N	NP_060686.3	NC_000001.11	human_rbh	
Simakov2022BCnS_genefamily_765	N	NP_001397671.1	NC_000023.11	human_rbh	
Simakov2022BCnS_genefamily_11627	N	NP_001308122.1	NC_000003.12	human_rbh	
Simakov2022BCnS_genefamily_8865	N	NP_443182.1	NC_000013.11	human_rbh	
Simakov2022BCnS_genefamily_7260	N	NP_001317232.1	NC_000002.12	human_rbh	
Simakov2022BCnS_genefamily_8732	N	NP_060481.3	NC_000013.11	human_rbh	
Simakov2022BCnS_genefamily_11515	N	XP_011521965.1	NC_000017.11	human_rbh	
Simakov2022BCnS_genefamily_8307	N	NP_005923.3	NC_000013.11	human_rbh	
Simakov2022BCnS_genefamily_534	N	NP_002262.4	NC_000013.11	human_rbh	
Simakov2022BCnS_genefamily_519	N	NP_006251.1	NC_000013.11	human_rbh	
Simakov2022BCnS_genefamily_11361	N	XP_047283747.1	NC_000011.10	human_rbh	
Simakov2022BCnS_genefamily_12316	N	NP_001362833.1	NC_000002.12	human_rbh	
Simakov2022BCnS_genefamily_3077	N	NP_703157.2	NC_000013.11	human_rbh	
Simakov2022BCnS_genefamily_10155	N	NP_006313.1	NC_000013.11	human_rbh	
Simakov2022BCnS_genefamily_8253	N	XP_011510896.1	NC_000003.12	human_rbh	
Simakov2022BCnS_genefamily_6069	N	NP_001299602.1	NC_000003.12	human_rbh	
Simakov2022BCnS_genefamily_3656	N	NP_001002800.1	NC_000003.12	human_rbh	
Simakov2022BCnS_genefamily_7619	N	NP_001365086.1	NC_000011.10	human_rbh	
Simakov2022BCnS_genefamily_10311	N	NP_001137251.1	NC_000012.12	human_rbh	
Simakov2022BCnS_genefamily_2320	N	NP_001284.1	NC_000011.10	human_rbh	
Simakov2022BCnS_genefamily_11170	N	NP_001263265.1	NC_000002.12	human_rbh	
Simakov2022BCnS_genefamily_2161	N	XP_006712698.1	NC_000002.12	human_rbh	
Simakov2022BCnS_genefamily_5665	N	NP_003282.2	NC_000013.11	human_rbh	
Simakov2022BCnS_genefamily_7807	N	NP_054885.1	NC_000013.11	human_rbh	
Simakov2022BCnS_genefamily_11575	N	XP_006724629.1	NC_000023.11	human_rbh	
Simakov2022BCnS_genefamily_12608	N	NP_079460.2	NC_000023.11	human_rbh	
Simakov2022BCnS_genefamily_4401	N	XP_005274108.1	NC_000011.10	human_rbh	
Simakov2022BCnS_genefamily_9315	N	NP_001106985.1	NC_000013.11	human_rbh	
Simakov2022BCnS_genefamily_3992	N	XP_016873273.1	NC_000011.10	human_rbh	
Simakov2022BCnS_genefamily_6443	N	NP_001157790.1	NC_000003.12	human_rbh	
Simakov2022BCnS_genefamily_12242	N	NP_001350300.1	NC_000011.10	human_rbh	
Simakov2022BCnS_genefamily_11546	N	NP_001307148.1	NC_000003.12	human_rbh	
Simakov2022BCnS_genefamily_7471	N	NP_116202.2	NC_000013.11	human_rbh	
Simakov2022BCnS_genefamily_5379	N	XP_011529704.1	NC_000023.11	human_rbh	
Simakov2022BCnS_genefamily_6607	N	NP_005756.2	NC_000023.11	human_rbh	
Simakov2022BCnS_genefamily_6989	N	XP_011529655.1	NC_000023.11	human_rbh	
Simakov2022BCnS_genefamily_7347	N	NP_001371423.1	NC_000002.12	human_rbh	
Simakov2022BCnS_genefamily_5088	N	NP_001124321.1	NC_000002.12	human_rbh	
Simakov2022BCnS_genefamily_1997	N	NP_001029031.1	NC_000017.11	human_rbh	
Simakov2022BCnS_genefamily_3009	N	NP_001369143.1	NC_000013.11	human_rbh	
Simakov2022BCnS_genefamily_857	N	NP_001668.1	NC_000001.11	human_rbh	
Simakov2022BCnS_genefamily_1013	N	NP_071933.2	NC_000003.12	human_rbh	
Simakov2022BCnS_genefamily_2413	N	NP_065210.2	NC_000008.11	human_rbh	
Simakov2022BCnS_genefamily_1144	N	XP_047283476.1	NC_000011.10	human_rbh	
Simakov2022BCnS_genefamily_10295	N	XP_047303598.1	NC_000003.12	human_rbh	
Simakov2022BCnS_genefamily_8898	N	NP_002426.1	NC_000015.10	human_rbh	
Simakov2022BCnS_genefamily_6505	N	NP_001305438.1	NC_000023.11	human_rbh	
Simakov2022BCnS_genefamily_5680	N	NP_055594.1	NC_000003.12	human_rbh	
Simakov2022BCnS_genefamily_5466	N	NP_001336031.1	NC_000003.12	human_rbh	
Simakov2022BCnS_genefamily_6624	N	NP_001353135.1	NC_000003.12	human_rbh	
Simakov2022BCnS_genefamily_847	N	NP_001340778.1	NC_000023.11	human_rbh	
Simakov2022BCnS_genefamily_4712	N	NP_078846.2	NC_000013.11	human_rbh	
Simakov2022BCnS_genefamily_11609	N	XP_016879630.1	NC_000017.11	human_rbh	
Simakov2022BCnS_genefamily_6600	N	NP_001380391.1	NC_000002.12	human_rbh	
Simakov2022BCnS_genefamily_2811	N	NP_001380698.1	NC_000003.12	human_rbh	
Simakov2022BCnS_genefamily_11225	N	NP_060603.2	NC_000003.12	human_rbh	
Simakov2022BCnS_genefamily_9368	N	XP_011533148.1	NC_000013.11	human_rbh	
Simakov2022BCnS_genefamily_12210	N	NP_005853.2	NC_000003.12	human_rbh	
Simakov2022BCnS_genefamily_7980	N	NP_001004720.1	NC_000002.12	human_rbh	
Simakov2022BCnS_genefamily_7081	N	NP_612206.5	NC_000009.12	human_rbh	
Simakov2022BCnS_genefamily_2148	N	NP_001091059.1	NC_000010.11	human_rbh	
Simakov2022BCnS_genefamily_124	N	NP_004606.2	NC_000023.11	human_rbh	
Simakov2022BCnS_genefamily_4381	N	NP_004791.1	NC_000013.11	human_rbh	
Simakov2022BCnS_genefamily_4835	N	NP_776155.1	NC_000023.11	human_rbh	
Simakov2022BCnS_genefamily_6962	N	NP_291025.3	NC_000011.10	human_rbh	
Simakov2022BCnS_genefamily_6746	N	XP_016873712.3	NC_000011.10	human_rbh	
Simakov2022BCnS_genefamily_1941	N	NP_037457.3	NC_000002.12	human_rbh	
Simakov2022BCnS_genefamily_1179	N	NP_002258.2	NC_000013.11	human_rbh	
Simakov2022BCnS_genefamily_8265	N	NP_060444.3	NC_000002.12	human_rbh	
Simakov2022BCnS_genefamily_412	N	NP_004121.2	NC_000003.12	human_rbh	
Simakov2022BCnS_genefamily_7673	N	NP_689830.2	NC_000003.12	human_rbh	
Simakov2022BCnS_genefamily_725	N	NP_114414.2	NC_000003.12	human_rbh	
Simakov2022BCnS_genefamily_2425	N	NP_001240804.1	NC_000002.12	human_rbh	
Simakov2022BCnS_genefamily_4002	N	sp|Q9Y2G9|SBNO2_HUMAN		hmm_consensus	
Simakov2022BCnS_genefamily_3575	N	XP_011511457.1	NC_000003.12	human_rbh	
Simakov2022BCnS_genefamily_435	N	XP_005274036.1	NC_000011.10	human_rbh	
Simakov2022BCnS_genefamily_10469	N	NP_003841.1	NC_000013.11	human_rbh	
Simakov2022BCnS_genefamily_7708	N	XP_047302346.1	NC_000002.12	human_rbh	
Simakov2022BCnS_genefamily_10852	N	XP_005271440.1	NC_000011.10	human_rbh	
Simakov2022BCnS_genefamily_379	N	NP_079272.4	NC_000003.12	human_rbh	
Simakov2022BCnS_genefamily_5389	N	NP_078995.2	NC_000013.11	human_rbh	
Simakov2022BCnS_genefamily_5439	N				
Simakov2022BCnS_genefamily_12227	N	NP_004861.2	NC_000017.11	human_rbh	
Simakov2022BCnS_genefamily_1507	N	NP_003581.1	NC_000002.12	human_rbh	
Simakov2022BCnS_genefamily_12520	N	NP_006824.2	NC_000007.14	human_rbh	
Simakov2022BCnS_genefamily_7777	N	NP_852091.1	NC_000003.12	human_rbh	
Simakov2022BCnS_genefamily_2631	N	NP_037462.1	NC_000001.11	human_rbh	
Simakov2022BCnS_genefamily_2445	N	NP_001106203.2	NC_000013.11	human_rbh	
Simakov2022BCnS_genefamily_12052	N	NP_036273.1	NC_000013.11	human_rbh	
Simakov2022BCnS_genefamily_8858	N	NP_060439.2	NC_000002.12	human_rbh	
Simakov2022BCnS_genefamily_8288	N	NP_001128661.1	NC_000002.12	human_rbh	
Simakov2022BCnS_genefamily_4664	N	XP_047287979.1	NC_000014.9	human_rbh	
Simakov2022BCnS_genefamily_2314	N	NP_690618.2	NC_000002.12	human_rbh	
Simakov2022BCnS_genefamily_8124	N	NP_065851.1	NC_000003.12	human_rbh	
Simakov2022BCnS_genefamily_219	N	NP_062456.1	NC_000023.11	human_rbh	
Simakov2022BCnS_genefamily_2004	N	NP_002798.2	NC_000002.12	human_rbh	
Simakov2022BCnS_genefamily_453	N	NP_055623.1	NC_000002.12	human_rbh	
Simakov2022BCnS_genefamily_5470	N	NP_857596.2	NC_000011.10	human_rbh	
Simakov2022BCnS_genefamily_11168	N	NP_036477.2	NC_000013.11	human_rbh	
Simakov2022BCnS_genefamily_6611	N	NP_001013456.1	NC_000003.12	human_rbh	
Simakov2022BCnS_genefamily_10932	O1	NP_055448.1	NC_000011.10	human_rbh	
Simakov2022BCnS_genefamily_9260	O1	NP_056060.2	NC_000006.12	human_rbh	
Simakov2022BCnS_genefamily_3464	O1	NP_112224.1	NC_000011.10	human_rbh	
Simakov2022BCnS_genefamily_10846	O1	NP_001372246.1	NC_000020.11	human_rbh	
Simakov2022BCnS_genefamily_7573	O1	NP_112494.3	NC_000011.10	human_rbh	
Simakov2022BCnS_genefamily_3291	O1	NP_001304713.1	NC_000012.12	human_rbh	
Simakov2022BCnS_genefamily_3818	O1	NP_004965.1	NC_000001.11	human_rbh	
Simakov2022BCnS_genefamily_2209	O1	NP_001002926.1	NC_000007.14	human_rbh	
Simakov2022BCnS_genefamily_3955	O1	NP_001353346.1	NC_000001.11	human_rbh	
Simakov2022BCnS_genefamily_743	O1	XP_024304299.1	NC_000011.10	human_rbh	
Simakov2022BCnS_genefamily_12107	O1	NP_055869.1	NC_000012.12	human_rbh	
Simakov2022BCnS_genefamily_762	O1	NP_005889.3	NC_000011.10	human_rbh	
Simakov2022BCnS_genefamily_8572	O1	NP_001362323.1	NC_000005.10	human_rbh	
Simakov2022BCnS_genefamily_5335	O1	NP_060729.2	NC_000011.10	human_rbh	
Simakov2022BCnS_genefamily_9629	O1	NP_001157753.1	NC_000006.12	human_rbh	
Simakov2022BCnS_genefamily_8546	O1	NP_000981.1	NC_000011.10	human_rbh	
Simakov2022BCnS_genefamily_2446	O1	NP_919261.2	NC_000011.10	human_rbh	
Simakov2022BCnS_genefamily_3037	O1	NP_569829.2	NC_000011.10	human_rbh	
Simakov2022BCnS_genefamily_1511	O1	NP_001171565.1	NC_000012.12	human_rbh	
Simakov2022BCnS_genefamily_1731	O1	NP_932341.1	NC_000011.10	human_rbh	
Simakov2022BCnS_genefamily_7975	O1	NP_001357177.1	NC_000018.10	human_rbh	
Simakov2022BCnS_genefamily_12306	O1	NP_009103.2	NC_000022.11	human_rbh	
Simakov2022BCnS_genefamily_12174	O1	NP_001317160.1	NC_000012.12	human_rbh	
Simakov2022BCnS_genefamily_5493	O1	NP_001008938.1	NC_000011.10	human_rbh	
Simakov2022BCnS_genefamily_4672	O1	NP_003960.1	NC_000019.10	human_rbh	
Simakov2022BCnS_genefamily_11389	O1	NP_001171899.1	NC_000022.11	human_rbh	
Simakov2022BCnS_genefamily_4720	O1	NP_060742.4	NC_000012.12	human_rbh	
Simakov2022BCnS_genefamily_555	O1	NP_001034579.1	NC_000011.10	human_rbh	
Simakov2022BCnS_genefamily_11983	O1	XP_005268647.1	NC_000012.12	human_rbh	
Simakov2022BCnS_genefamily_10168	O1	NP_001186600.1	NC_000007.14	human_rbh	
Simakov2022BCnS_genefamily_12207	O1	NP_001229766.1	NC_000011.10	human_rbh	
Simakov2022BCnS_genefamily_4013	O1	NP_005700.2	NC_000011.10	human_rbh	
Simakov2022BCnS_genefamily_3317	O1	NP_001349878.1	NC_000022.11	human_rbh	
Simakov2022BCnS_genefamily_3204	O1	XP_005249355.1	NC_000006.12	human_rbh	
Simakov2022BCnS_genefamily_1171	O1	NP_699178.1	NC_000011.10	human_rbh	
Simakov2022BCnS_genefamily_5499	O1	NP_006351.2	NC_000011.10	human_rbh	
Simakov2022BCnS_genefamily_611	O1	NP_008974.5	NC_000012.12	human_rbh	
Simakov2022BCnS_genefamily_5359	O1	NP_003843.3	NC_000007.14	human_rbh	
Simakov2022BCnS_genefamily_9604	O1	XP_016873938.1	NC_000011.10	human_rbh	
Simakov2022BCnS_genefamily_7833	O1	NP_065892.1	NC_000012.12	human_rbh	
Simakov2022BCnS_genefamily_11000	O1	sp|Q5H9F3|BCORL_HUMAN		hmm_consensus	
Simakov2022BCnS_genefamily_3813	O1	NP_115604.1	NC_000011.10	human_rbh	
Simakov2022BCnS_genefamily_12670	O1	NP_001008777.2	NC_000017.11	human_rbh	
Simakov2022BCnS_genefamily_7457	O1	NP_001166176.1	NC_000011.10	human_rbh	
Simakov2022BCnS_genefamily_8135	O1	NP_003080.2	NC_000019.10	human_rbh	
Simakov2022BCnS_genefamily_11475	O1	NP_001914.3	NC_000011.10	human_rbh	
Simakov2022BCnS_genefamily_3774	O1	NP_001135779.1	NC_000011.10	human_rbh	
Simakov2022BCnS_genefamily_8907	O1	XP_047276221.1	NC_000007.14	human_rbh	
Simakov2022BCnS_genefamily_6828	O1	NP_004993.1	NC_000012.12	human_rbh	
Simakov2022BCnS_genefamily_7914	O1	NP_001354908.1	NC_000011.10	human_rbh	
Simakov2022BCnS_genefamily_2287	O1	NP_056151.2	NC_000012.12	human_rbh	
Simakov2022BCnS_genefamily_8226	O1	NP_997634.1	NC_000011.10	human_rbh	
Simakov2022BCnS_genefamily_6819	O1	NP_001005.1	NC_000006.12	human_rbh	
Simakov2022BCnS_genefamily_12970	O1	NP_852608.1	NC_000011.10	human_rbh	
Simakov2022BCnS_genefamily_3889	O1	XP_011544434.1	NC_000022.11	human_rbh	
Simakov2022BCnS_genefamily_608	O2	XP_016875472.1	NC_000012.12	human_rbh	
Simakov2022BCnS_genefamily_10283	O2	NP_056056.2	NC_000022.11	human_rbh	
Simakov2022BCnS_genefamily_9746	O2	NP_060692.3	NC_000011.10	human_rbh	
Simakov2022BCnS_genefamily_9911	O2	NP_001157633.1	NC_000011.10	human_rbh	
Simakov2022BCnS_genefamily_5869	O2	XP_047279615.1	NC_000009.12	human_rbh	
Simakov2022BCnS_genefamily_3309	O2	NP_005447.1	NC_000011.10	human_rbh	
Simakov2022BCnS_genefamily_5372	O2	NP_003071.2	NC_000006.12	human_rbh	
Simakov2022BCnS_genefamily_8233	O2	NP_001177989.1	NC_000011.10	human_rbh	
Simakov2022BCnS_genefamily_887	O2	NP_066288.2	NC_000011.10	human_rbh	
Simakov2022BCnS_genefamily_9114	O2	XP_054188115.1	NW_017852933.1	human_rbh	
Simakov2022BCnS_genefamily_3041	O2	NP_001316613.1	NC_000006.12	human_rbh	
Simakov2022BCnS_genefamily_5750	O2	NP_001107227.1	NC_000022.11	human_rbh	
Simakov2022BCnS_genefamily_1288	O2	NP_006283.1	NC_000011.10	human_rbh	
Simakov2022BCnS_genefamily_2370	O2	NP_057038.2	NC_000012.12	human_rbh	
Simakov2022BCnS_genefamily_983	O2	NP_001179.1	NC_000006.12	human_rbh	
Simakov2022BCnS_genefamily_943	O2	NP_002808.3	NC_000011.10	human_rbh	
Simakov2022BCnS_genefamily_9156	O2	NP_066957.3	NC_000011.10	human_rbh	
Simakov2022BCnS_genefamily_3695	O2	NP_003381.1	NC_000011.10	human_rbh	
Simakov2022BCnS_genefamily_2882	O2	NP_009035.3	NC_000006.12	human_rbh	
Simakov2022BCnS_genefamily_7925	O2	XP_047284441.1	NC_000012.12	human_rbh	
Simakov2022BCnS_genefamily_11727	O2	NP_003932.3	NC_000007.14	human_rbh	
Simakov2022BCnS_genefamily_81	O2	NP_003085.1	NC_000001.11	human_rbh	
Simakov2022BCnS_genefamily_436	O2	NP_001269588.1	NC_000011.10	human_rbh	
Simakov2022BCnS_genefamily_3737	O2	NP_001171669.1	NC_000011.10	human_rbh	
Simakov2022BCnS_genefamily_2707	O2	XP_047282575.1	NC_000011.10	human_rbh	
Simakov2022BCnS_genefamily_11962	O2	NP_000912.3	NC_000012.12	human_rbh	
Simakov2022BCnS_genefamily_12048	O2	NP_001231921.1	NC_000012.12	human_rbh	
Simakov2022BCnS_genefamily_3708	O2	NP_001867.2	NC_000011.10	human_rbh	
Simakov2022BCnS_genefamily_11938	O2	XP_047283766.1	NC_000011.10	human_rbh	
Simakov2022BCnS_genefamily_965	O2	NP_001284670.1	NC_000011.10	human_rbh	
Simakov2022BCnS_genefamily_5529	O2	NP_443086.1	NC_000011.10	human_rbh	
Simakov2022BCnS_genefamily_4420	O2	NP_006124.1	NC_000011.10	human_rbh	
Simakov2022BCnS_genefamily_1636	O2	NP_001750.1	NC_000012.12	human_rbh	
Simakov2022BCnS_genefamily_1640	O2	NP_976328.2	NC_000012.12	human_rbh	
Simakov2022BCnS_genefamily_1796	O2	NP_001238994.1	NC_000011.10	human_rbh	
Simakov2022BCnS_genefamily_601	O2	NP_699160.2	NC_000019.10	human_rbh	
Simakov2022BCnS_genefamily_9149	O2	NP_001317.1	NC_000011.10	human_rbh	
Simakov2022BCnS_genefamily_10591	O2	NP_620714.2	NC_000011.10	human_rbh	
Simakov2022BCnS_genefamily_4942	O2	NP_008996.1	NC_000019.10	human_rbh	
Simakov2022BCnS_genefamily_5517	O2	NP_085143.1	NC_000012.12	human_rbh	
Simakov2022BCnS_genefamily_4166	O2	NP_009109.3	NC_000012.12	human_rbh	
Simakov2022BCnS_genefamily_12231	O2	NP_000226.2	NC_000010.11	human_rbh	
Simakov2022BCnS_genefamily_12933	O2	NP_001139013.1	NC_000011.10	human_rbh	
Simakov2022BCnS_genefamily_1630	O2	XP_016873902.1	NC_000011.10	human_rbh	
Simakov2022BCnS_genefamily_3907	O2	NP_055205.2	NC_000007.14	human_rbh	
Simakov2022BCnS_genefamily_9978	O2	NP_068780.2	NC_000011.10	human_rbh	
Simakov2022BCnS_genefamily_5970	P	NP_009038.1	NC_000003.12	human_rbh	
Simakov2022BCnS_genefamily_12741	P	XP_047299836.1	NC_000002.12	human_rbh	
Simakov2022BCnS_genefamily_4119	P	NP_060288.3	NC_000001.11	human_rbh	
Simakov2022BCnS_genefamily_1967	P	NP_056177.4	NC_000017.11	human_rbh	
Simakov2022BCnS_genefamily_5030	P	NP_001121132.1	NC_000001.11	human_rbh	
Simakov2022BCnS_genefamily_3129	P	NP_079382.2	NC_000001.11	human_rbh	
Simakov2022BCnS_genefamily_10450	P	NP_001351496.1	NC_000005.10	human_rbh	
Simakov2022BCnS_genefamily_397	P	NP_001177921.1	NC_000003.12	human_rbh	
Simakov2022BCnS_genefamily_12658	P	NP_001036128.2	NC_000001.11	human_rbh	
Simakov2022BCnS_genefamily_1671	P	NP_060853.3	NC_000002.12	human_rbh	
Simakov2022BCnS_genefamily_11754	P	XP_047283457.1	NC_000011.10	human_rbh	
Simakov2022BCnS_genefamily_82	P	XP_047285215.1	NC_000012.12	human_rbh	
Simakov2022BCnS_genefamily_9111	P	XP_005271435.1	NC_000011.10	human_rbh	
Simakov2022BCnS_genefamily_3273	P	NP_057260.3	NC_000001.11	human_rbh	
Simakov2022BCnS_genefamily_6627	P	NP_001104251.1	NC_000001.11	human_rbh	
Simakov2022BCnS_genefamily_12505	P	NP_008964.3	NC_000001.11	human_rbh	
Simakov2022BCnS_genefamily_9316	P	NP_001020376.1	NC_000003.12	human_rbh	
Simakov2022BCnS_genefamily_369	P	NP_055444.2	NC_000008.11	human_rbh	
Simakov2022BCnS_genefamily_6682	P	NP_060828.2	NC_000003.12	human_rbh	
Simakov2022BCnS_genefamily_7548	P	XP_011530388.1	NC_000004.12	human_rbh	
Simakov2022BCnS_genefamily_7003	P	NP_061867.1	NC_000001.11	human_rbh	
Simakov2022BCnS_genefamily_8613	P	NP_055490.4	NC_000001.11	human_rbh	
Simakov2022BCnS_genefamily_3965	P	NP_689503.3	NC_000001.11	human_rbh	
Simakov2022BCnS_genefamily_2071	P	NP_005759.4	NC_000012.12	human_rbh	
Simakov2022BCnS_genefamily_4025	P	NP_001010866.1	NC_000001.11	human_rbh	
Simakov2022BCnS_genefamily_7312	P	NP_064703.1	NC_000003.12	human_rbh	
Simakov2022BCnS_genefamily_3680	P	NP_477515.2	NC_000001.11	human_rbh	
Simakov2022BCnS_genefamily_4830	P	NP_003123.2	NC_000001.11	human_rbh	
Simakov2022BCnS_genefamily_7912	P	NP_077305.2	NC_000001.11	human_rbh	
Simakov2022BCnS_genefamily_10577	P	NP_062552.2	NC_000007.14	human_rbh	
Simakov2022BCnS_genefamily_4948	P	NP_001185781.1	NC_000001.11	human_rbh	
Simakov2022BCnS_genefamily_6875	P	NP_075568.1	NC_000008.11	human_rbh	
Simakov2022BCnS_genefamily_2504	P	NP_001375218.1	NC_000001.11	human_rbh	
Simakov2022BCnS_genefamily_3944	P	NP_060802.1	NC_000016.10	human_rbh	
Simakov2022BCnS_genefamily_132	P	NP_001004316.2	NC_000003.12	human_rbh	
Simakov2022BCnS_genefamily_3433	P	NP_003472.2	NC_000012.12	human_rbh	
Simakov2022BCnS_genefamily_11068	P	NP_777568.1	NC_000003.12	human_rbh	
Simakov2022BCnS_genefamily_7788	P	NP_001400674.1	NC_000012.12	human_rbh	
Simakov2022BCnS_genefamily_9865	P	NP_005207.3	NC_000001.11	human_rbh	
Simakov2022BCnS_genefamily_7129	P	NP_054760.4	NC_000003.12	human_rbh	
Simakov2022BCnS_genefamily_8200	P				
Simakov2022BCnS_genefamily_7192	P	NP_004580.1	NC_000017.11	human_rbh	
Simakov2022BCnS_genefamily_2629	P	NP_001401249.1	NC_000012.12	human_rbh	
Simakov2022BCnS_genefamily_3673	P	XP_024308868.1	NC_000002.12	human_rbh	
Simakov2022BCnS_genefamily_6712	P	NP_057576.2	NC_000017.11	human_rbh	
Simakov2022BCnS_genefamily_4866	P	XP_005244872.1	NC_000001.11	human_rbh	
Simakov2022BCnS_genefamily_6103	P	NP_003027.1	NC_000001.11	human_rbh	
Simakov2022BCnS_genefamily_1594	P	NP_001268645.1	NC_000017.11	human_rbh	
Simakov2022BCnS_genefamily_329	P	NP_001350822.1	NC_000003.12	human_rbh	
Simakov2022BCnS_genefamily_6285	P	NP_001397684.1	NC_000001.11	human_rbh	
Simakov2022BCnS_genefamily_3335	P	NP_004881.2	NC_000017.11	human_rbh	
Simakov2022BCnS_genefamily_2208	P	NP_115633.3	NC_000001.11	human_rbh	
Simakov2022BCnS_genefamily_2668	P	NP_036537.1	NC_000001.11	human_rbh	
Simakov2022BCnS_genefamily_2368	P	NP_001137233.1	NC_000017.11	human_rbh	
Simakov2022BCnS_genefamily_10323	P	NP_877429.2	NC_000001.11	human_rbh	
Simakov2022BCnS_genefamily_11507	P	NP_001025056.1	NC_000001.11	human_rbh	
Simakov2022BCnS_genefamily_380	P	NP_002703.1	NC_000002.12	human_rbh	
Simakov2022BCnS_genefamily_2905	P	NP_001307894.1	NC_000002.12	human_rbh	
Simakov2022BCnS_genefamily_12189	P	NP_115717.3	NC_000001.11	human_rbh	
Simakov2022BCnS_genefamily_11827	P	NP_002789.1	NC_000017.11	human_rbh	
Simakov2022BCnS_genefamily_3270	P	NP_001245238.1	NC_000012.12	human_rbh	
Simakov2022BCnS_genefamily_2051	P	NP_055613.1	NC_000017.11	human_rbh	
Simakov2022BCnS_genefamily_7618	P	NP_001073910.1	NC_000011.10	human_rbh	
Simakov2022BCnS_genefamily_5679	P	NP_039269.2	NC_000017.11	human_rbh	
Simakov2022BCnS_genefamily_1944	P	NP_055816.2	NC_000001.11	human_rbh	
Simakov2022BCnS_genefamily_10080	P	NP_001161144.1	NC_000003.12	human_rbh	
Simakov2022BCnS_genefamily_4158	P	NP_056473.3	NC_000001.11	human_rbh	
Simakov2022BCnS_genefamily_5318	P	NP_937887.2	NC_000003.12	human_rbh	
Simakov2022BCnS_genefamily_11489	P	NP_001099032.1	NC_000001.11	human_rbh	
Simakov2022BCnS_genefamily_8819	P	NP_055313.1	NC_000003.12	human_rbh	
Simakov2022BCnS_genefamily_2987	P	NP_001369202.1	NC_000003.12	human_rbh	
Simakov2022BCnS_genefamily_12631	P	NP_056324.2	NC_000012.12	human_rbh	
Simakov2022BCnS_genefamily_10912	P	NP_001096618.1	NC_000002.12	human_rbh	
Simakov2022BCnS_genefamily_10259	P	NP_004921.1	NC_000001.11	human_rbh	
Simakov2022BCnS_genefamily_3509	P	NP_001185922.1	NC_000001.11	human_rbh	
Simakov2022BCnS_genefamily_9512	P	NP_001121056.1	NC_000012.12	human_rbh	
Simakov2022BCnS_genefamily_39	P	NP_001001567.1	NC_000021.9	human_rbh	
Simakov2022BCnS_genefamily_8353	P	NP_002825.3	NC_000012.12	human_rbh	
Simakov2022BCnS_genefamily_8919	Qa	XP_005269849.1	NC_000010.11	human_rbh	
Simakov2022BCnS_genefamily_7426	Qa	NP_001303693.1	NC_000002.12	human_rbh	
Simakov2022BCnS_genefamily_11324	Qa	XP_005269663.1	NC_000010.11	human_rbh	
Simakov2022BCnS_genefamily_10517	Qa	NP_003706.2	NC_000004.12	human_rbh	
Simakov2022BCnS_genefamily_1538	Qa	NP_005427.2	NC_000010.11	human_rbh	
Simakov2022BCnS_genefamily_9359	Qa	NP_055726.4	NC_000002.12	human_rbh	
Simakov2022BCnS_genefamily_2680	Qa	NP_066953.1	NC_000007.14	human_rbh	
Simakov2022BCnS_genefamily_12639	Qa	NP_001026879.2	NC_000010.11	human_rbh	
Simakov2022BCnS_genefamily_1017	Qa	NP_001292510.1	NC_000010.11	human_rbh	
Simakov2022BCnS_genefamily_4362	Qa	NP_001307370.1	NC_000010.11	human_rbh	
Simakov2022BCnS_genefamily_12985	Qa	NP_001002762.3	NC_000010.11	human_rbh	
Simakov2022BCnS_genefamily_12759	Qa	NP_115516.1	NC_000016.10	human_rbh	
Simakov2022BCnS_genefamily_4676	Qa	XP_047299618.1	NC_000002.12	human_rbh	
Simakov2022BCnS_genefamily_6915	Qa	NP_001255982.1	NC_000010.11	human_rbh	
Simakov2022BCnS_genefamily_3839	Qa	NP_001245384.1	NC_000005.10	human_rbh	
Simakov2022BCnS_genefamily_3600	Qa	NP_055860.1	NC_000010.11	human_rbh	
Simakov2022BCnS_genefamily_3854	Qa	NP_065891.1	NC_000004.12	human_rbh	
Simakov2022BCnS_genefamily_6695	Qa	NP_000986.2	NC_000004.12	human_rbh	
Simakov2022BCnS_genefamily_9132	Qa	XP_047305810.1	NC_000004.12	human_rbh	
Simakov2022BCnS_genefamily_7208	Qa	NP_055958.2	NC_000004.12	human_rbh	
Simakov2022BCnS_genefamily_4951	Qa	NP_057305.1	NC_000005.10	human_rbh	
Simakov2022BCnS_genefamily_12364	Qa	NP_660287.1	NC_000004.12	human_rbh	
Simakov2022BCnS_genefamily_12707	Qa	NP_056416.2	NC_000010.11	human_rbh	
Simakov2022BCnS_genefamily_7958	Qa	NP_066952.1	NC_000010.11	human_rbh	
Simakov2022BCnS_genefamily_1418	Qa	NP_001030127.2	NC_000010.11	human_rbh	
Simakov2022BCnS_genefamily_1587	Qa	NP_001378855.1	NC_000010.11	human_rbh	
Simakov2022BCnS_genefamily_3503	Qa	NP_004775.1	NC_000004.12	human_rbh	
Simakov2022BCnS_genefamily_3522	Qa	NP_001122403.1	NC_000004.12	human_rbh	
Simakov2022BCnS_genefamily_7500	Qa	NP_057543.2	NC_000005.10	human_rbh	
Simakov2022BCnS_genefamily_8540	Qa	NP_002532.2	NC_000007.14	human_rbh	
Simakov2022BCnS_genefamily_7465	Qb	NP_000316.2	NC_000004.12	human_rbh	
Simakov2022BCnS_genefamily_8039	Qb	NP_001123631.1	NC_000010.11	human_rbh	
Simakov2022BCnS_genefamily_9113	Qb	XP_016864450.1	NC_000005.10	human_rbh	
Simakov2022BCnS_genefamily_12988	Qb	NP_001288000.1	NC_000004.12	human_rbh	
Simakov2022BCnS_genefamily_8010	Qb	NP_000288.1	NC_000004.12	human_rbh	
Simakov2022BCnS_genefamily_1643	Qb	NP_006567.3	NC_000012.12	human_rbh	
Simakov2022BCnS_genefamily_4858	Qb	XP_016869289.1	NC_000008.11	human_rbh	
Simakov2022BCnS_genefamily_3702	Qb	XP_011538682.1	NC_000010.11	human_rbh	
Simakov2022BCnS_genefamily_2996	Qb	NP_001020787.2	NC_000004.12	human_rbh	
Simakov2022BCnS_genefamily_7201	Qb	NP_001386933.1	NC_000004.12	human_rbh	
Simakov2022BCnS_genefamily_6815	Qb	NP_001375201.1	NC_000010.11	human_rbh	
Simakov2022BCnS_genefamily_6122	Qb	NP_001136120.1	NC_000010.11	human_rbh	
Simakov2022BCnS_genefamily_6622	Qc	NP_003809.1	NC_000020.11	human_rbh	
Simakov2022BCnS_genefamily_224	Qc	NP_612366.1	NC_000010.11	human_rbh	
Simakov2022BCnS_genefamily_10537	Qc	NP_001073981.1	NC_000010.11	human_rbh	
Simakov2022BCnS_genefamily_8677	Qc	NP_001369554.1	NC_000004.12	human_rbh	
Simakov2022BCnS_genefamily_1212	Qc	XP_047305436.1	NC_000004.12	human_rbh	
Simakov2022BCnS_genefamily_8152	Qc	NP_001340896.1	NC_000002.12	human_rbh	
Simakov2022BCnS_genefamily_10949	Qc	NP_001338653.1	NC_000004.12	human_rbh	
Simakov2022BCnS_genefamily_11581	Qc	NP_003892.2	NC_000010.11	human_rbh	
Simakov2022BCnS_genefamily_11419	Qc	NP_001959.1	NC_000004.12	human_rbh	
Simakov2022BCnS_genefamily_10444	Qc	NP_006068.2	NC_000010.11	human_rbh	
Simakov2022BCnS_genefamily_3945	Qc	NP_060457.4	NC_000010.11	human_rbh	
Simakov2022BCnS_genefamily_7586	Qc	NP_113602.2	NC_000007.14	human_rbh	
Simakov2022BCnS_genefamily_1499	Qc	NP_000305.3	NC_000010.11	human_rbh	
Simakov2022BCnS_genefamily_9576	Qc	NP_060517.1	NC_000005.10	human_rbh	
Simakov2022BCnS_genefamily_431	Qd	NP_001008389.1	NC_000004.12	human_rbh	
Simakov2022BCnS_genefamily_3646	Qd	NP_036370.2	NC_000010.11	human_rbh	
Simakov2022BCnS_genefamily_8684	Qd	NP_001167627.1	NC_000010.11	human_rbh	
Simakov2022BCnS_genefamily_9834	Qd	NP_001108479.1	NC_000004.12	human_rbh	
Simakov2022BCnS_genefamily_12864	Qd	NP_001171752.1	NC_000010.11	human_rbh	
Simakov2022BCnS_genefamily_12742	Qd	NP_005629.1	NC_000023.11	human_rbh	
Simakov2022BCnS_genefamily_10461	Qd	NP_001350043.1	NC_000005.10	human_rbh	
Simakov2022BCnS_genefamily_11428	Qd	XP_011530188.1	NC_000004.12	human_rbh	
Simakov2022BCnS_genefamily_9093	Qd	NP_066289.3	NC_000012.12	human_rbh	
Simakov2022BCnS_genefamily_10257	Qd	NP_001273719.1	NC_000004.12	human_rbh	
Simakov2022BCnS_genefamily_11924	Qd	NP_001243397.1	NC_000010.11	human_rbh	
Simakov2022BCnS_genefamily_4711	Qd	NP_001114.2	NC_000010.11	human_rbh	
Simakov2022BCnS_genefamily_10510	Qd	NP_004888.2	NC_000010.11	human_rbh	
Simakov2022BCnS_genefamily_11187	Qd	NP_001382223.1	NC_000004.12	human_rbh	
Simakov2022BCnS_genefamily_1187	Qd	NP_003542.1	NC_000005.10	human_rbh	
Simakov2022BCnS_genefamily_6360	Qd	NP_004087.1	NC_000010.11	human_rbh	
Simakov2022BCnS_genefamily_5047	Qd	NP_065071.1	NC_000010.11	human_rbh	
Simakov2022BCnS_genefamily_303	Qd	NP_056389.1	NC_000004.12	human_rbh	
Simakov2022BCnS_genefamily_4066	Qd	sp|P38571|LICH_HUMAN		hmm_consensus	
Simakov2022BCnS_genefamily_12180	Qd	NP_005262.1	NC_000010.11	human_rbh	
Simakov2022BCnS_genefamily_2836	Qd	NP_001349807.1	NC_000008.11	human_rbh	
Simakov2022BCnS_genefamily_1339	Qd	NP_001070676.1	NC_000004.12	human_rbh	
Simakov2022BCnS_genefamily_12197	R	NP_060717.1	NC_000006.12	human_rbh	
Simakov2022BCnS_genefamily_7697	R	XP_016863660.1	NC_000004.12	human_rbh	
Simakov2022BCnS_genefamily_7607	R	NP_001124297.1	NC_000019.10	human_rbh	
Simakov2022BCnS_genefamily_12274	R	NP_612355.1	NC_000001.11	human_rbh	
Simakov2022BCnS_genefamily_2166	R	XP_047296995.1	NC_000021.9	human_rbh	
Simakov2022BCnS_genefamily_5696	R	NP_055945.2	NC_000004.12	human_rbh	
Simakov2022BCnS_genefamily_3502	R	NP_001335914.1	NC_000004.12	human_rbh	
Simakov2022BCnS_genefamily_11673	R	XP_024303387.1	NC_000001.11	human_rbh	
Simakov2022BCnS_genefamily_7162	R	NP_000149.4	NC_000003.12	human_rbh	
Simakov2022BCnS_genefamily_4251	R	NP_005917.2	NC_000015.10	human_rbh	
Simakov2022BCnS_genefamily_7657	R	NP_005850.1	NC_000005.10	human_rbh	
Simakov2022BCnS_genefamily_5472	R	NP_001185747.1	NC_000010.11	human_rbh	
Simakov2022BCnS_genefamily_1781	R	NP_055106.1	NC_000022.11	human_rbh	
Simakov2022BCnS_genefamily_311	R				
Simakov2022BCnS_genefamily_3739	R	NP_001165774.1	NC_000010.11	human_rbh	
Simakov2022BCnS_genefamily_7970	R	NP_056036.1	NC_000010.11	human_rbh	
Simakov2022BCnS_genefamily_12570	R	NP_073613.2	NC_000003.12	human_rbh	
Simakov2022BCnS_genefamily_3588	R	NP_001025226.1	NC_000014.9	human_rbh	
Simakov2022BCnS_genefamily_7376	R	XP_047274503.1	NC_000006.12	human_rbh	
Simakov2022BCnS_genefamily_12150	R	NP_001006611.1	NC_000016.10	human_rbh	
Simakov2022BCnS_genefamily_7120	R	NP_085053.1	NC_000017.11	human_rbh	
Simakov2022BCnS_genefamily_11362	R	NP_001308765.1	NC_000002.12	human_rbh	
Simakov2022BCnS_genefamily_5668	R	NP_056046.2	NC_000011.10	human_rbh	
Simakov2022BCnS_genefamily_3533	R	NP_006102.2	NC_000018.10	human_rbh	
