row_idx	col_idx	sample	pair	coo_value	gbgz_value	status	outcome
0	0	Syconciliatum-27933-GCF964019385.1	('Simakov2022BCnS_genefamily_11671', 'Simakov2022BCnS_genefamily_8892')	0.0		match_both_missing	True
0	56856	Syconciliatum-27933-GCF964019385.1	('Simakov2022BCnS_genefamily_3414', 'Simakov2022BCnS_genefamily_8719')	0.0		match_both_missing	True
0	113713	Syconciliatum-27933-GCF964019385.1	('Simakov2022BCnS_genefamily_1642', 'Simakov2022BCnS_genefamily_7254')	0.0		match_both_missing	True
0	170570	Syconciliatum-27933-GCF964019385.1	('Simakov2022BCnS_genefamily_7106', 'Simakov2022BCnS_genefamily_8489')	0.0		match_both_missing	True
0	227426	Syconciliatum-27933-GCF964019385.1	('Simakov2022BCnS_genefamily_7876', 'Simakov2022BCnS_genefamily_8983')	0.0		match_both_missing	True
0	284283	Syconciliatum-27933-GCF964019385.1	('Simakov2022BCnS_genefamily_11878', 'Simakov2022BCnS_genefamily_1767')	8091145.0	8091145.0	match	True
0	341140	Syconciliatum-27933-GCF964019385.1	('Simakov2022BCnS_genefamily_456', 'Simakov2022BCnS_genefamily_7275')	0.0		match_both_missing	True
0	397997	Syconciliatum-27933-GCF964019385.1	('Simakov2022BCnS_genefamily_177', 'Simakov2022BCnS_genefamily_6305')	0.0		match_both_missing	True
0	454853	Syconciliatum-27933-GCF964019385.1	('Simakov2022BCnS_genefamily_11081', 'Simakov2022BCnS_genefamily_2267')	0.0		match_both_missing	True
0	511710	Syconciliatum-27933-GCF964019385.1	('Simakov2022BCnS_genefamily_11901', 'Simakov2022BCnS_genefamily_7442')	0.0		match_both_missing	True
0	568567	Syconciliatum-27933-GCF964019385.1	('Simakov2022BCnS_genefamily_11043', 'Simakov2022BCnS_genefamily_7872')	0.0		match_both_missing	True
0	625423	Syconciliatum-27933-GCF964019385.1	('Simakov2022BCnS_genefamily_7747', 'Simakov2022BCnS_genefamily_9166')	0.0		match_both_missing	True
0	682280	Syconciliatum-27933-GCF964019385.1	('Simakov2022BCnS_genefamily_12548', 'Simakov2022BCnS_genefamily_3287')	0.0		match_both_missing	True
0	739137	Syconciliatum-27933-GCF964019385.1	('Simakov2022BCnS_genefamily_1337', 'Simakov2022BCnS_genefamily_3482')	0.0		match_both_missing	True
0	795994	Syconciliatum-27933-GCF964019385.1	('Simakov2022BCnS_genefamily_10438', 'Simakov2022BCnS_genefamily_11602')	0.0		match_both_missing	True
0	852850	Syconciliatum-27933-GCF964019385.1	('Simakov2022BCnS_genefamily_10491', 'Simakov2022BCnS_genefamily_12830')	50135728.0	50135728.0	match	True
0	909707	Syconciliatum-27933-GCF964019385.1	('Simakov2022BCnS_genefamily_10246', 'Simakov2022BCnS_genefamily_12960')	12340444.0	12340444.0	match	True
0	966564	Syconciliatum-27933-GCF964019385.1	('Simakov2022BCnS_genefamily_2629', 'Simakov2022BCnS_genefamily_421')	0.0		match_both_missing	True
0	1023420	Syconciliatum-27933-GCF964019385.1	('Simakov2022BCnS_genefamily_6596', 'Simakov2022BCnS_genefamily_8677')	0.0		match_both_missing	True
0	1080277	Syconciliatum-27933-GCF964019385.1	('Simakov2022BCnS_genefamily_1880', 'Simakov2022BCnS_genefamily_5337')	0.0		match_both_missing	True
0	1137134	Syconciliatum-27933-GCF964019385.1	('Simakov2022BCnS_genefamily_11749', 'Simakov2022BCnS_genefamily_8559')	0.0		match_both_missing	True
0	1193991	Syconciliatum-27933-GCF964019385.1	('Simakov2022BCnS_genefamily_6846', 'Simakov2022BCnS_genefamily_8308')	0.0		match_both_missing	True
0	1250847	Syconciliatum-27933-GCF964019385.1	('Simakov2022BCnS_genefamily_12960', 'Simakov2022BCnS_genefamily_6118')	0.0		match_both_missing	True
0	1307704	Syconciliatum-27933-GCF964019385.1	('Simakov2022BCnS_genefamily_12390', 'Simakov2022BCnS_genefamily_5288')	0.0		match_both_missing	True
0	1364561	Syconciliatum-27933-GCF964019385.1	('Simakov2022BCnS_genefamily_11392', 'Simakov2022BCnS_genefamily_4537')	0.0		match_both_missing	True
0	1421417	Syconciliatum-27933-GCF964019385.1	('Simakov2022BCnS_genefamily_12166', 'Simakov2022BCnS_genefamily_3756')	70861447.0	70861447.0	match	True
0	1478274	Syconciliatum-27933-GCF964019385.1	('Simakov2022BCnS_genefamily_1375', 'Simakov2022BCnS_genefamily_364')	0.0		match_both_missing	True
0	1535131	Syconciliatum-27933-GCF964019385.1	('Simakov2022BCnS_genefamily_10846', 'Simakov2022BCnS_genefamily_1886')	0.0		match_both_missing	True
0	1591988	Syconciliatum-27933-GCF964019385.1	('Simakov2022BCnS_genefamily_6424', 'Simakov2022BCnS_genefamily_7051')	0.0		match_both_missing	True
0	1648844	Syconciliatum-27933-GCF964019385.1	('Simakov2022BCnS_genefamily_10640', 'Simakov2022BCnS_genefamily_11566')	0.0		match_both_missing	True
0	1705701	Syconciliatum-27933-GCF964019385.1	('Simakov2022BCnS_genefamily_1147', 'Simakov2022BCnS_genefamily_6516')	0.0		match_both_missing	True
0	1762558	Syconciliatum-27933-GCF964019385.1	('Simakov2022BCnS_genefamily_4672', 'Simakov2022BCnS_genefamily_6460')	0.0		match_both_missing	True
0	1819414	Syconciliatum-27933-GCF964019385.1	('Simakov2022BCnS_genefamily_12196', 'Simakov2022BCnS_genefamily_6391')	0.0		match_both_missing	True
0	1876271	Syconciliatum-27933-GCF964019385.1	('Simakov2022BCnS_genefamily_12417', 'Simakov2022BCnS_genefamily_3303')	0.0		match_both_missing	True
0	1933128	Syconciliatum-27933-GCF964019385.1	('Simakov2022BCnS_genefamily_1000', 'Simakov2022BCnS_genefamily_11359')	0.0		match_both_missing	True
0	1989985	Syconciliatum-27933-GCF964019385.1	('Simakov2022BCnS_genefamily_7708', 'Simakov2022BCnS_genefamily_8564')	0.0		match_both_missing	True
0	2046841	Syconciliatum-27933-GCF964019385.1	('Simakov2022BCnS_genefamily_2132', 'Simakov2022BCnS_genefamily_8050')	0.0		match_both_missing	True
0	2103698	Syconciliatum-27933-GCF964019385.1	('Simakov2022BCnS_genefamily_4395', 'Simakov2022BCnS_genefamily_8930')	0.0		match_both_missing	True
0	2160555	Syconciliatum-27933-GCF964019385.1	('Simakov2022BCnS_genefamily_7033', 'Simakov2022BCnS_genefamily_7620')	0.0		match_both_missing	True
0	2217411	Syconciliatum-27933-GCF964019385.1	('Simakov2022BCnS_genefamily_12360', 'Simakov2022BCnS_genefamily_3058')	0.0		match_both_missing	True
0	2274268	Syconciliatum-27933-GCF964019385.1	('Simakov2022BCnS_genefamily_132', 'Simakov2022BCnS_genefamily_4598')	0.0		match_both_missing	True
0	2331125	Syconciliatum-27933-GCF964019385.1	('Simakov2022BCnS_genefamily_12137', 'Simakov2022BCnS_genefamily_2209')	0.0		match_both_missing	True
0	2387982	Syconciliatum-27933-GCF964019385.1	('Simakov2022BCnS_genefamily_2917', 'Simakov2022BCnS_genefamily_883')	0.0		match_both_missing	True
0	2444838	Syconciliatum-27933-GCF964019385.1	('Simakov2022BCnS_genefamily_10131', 'Simakov2022BCnS_genefamily_7196')	0.0		match_both_missing	True
0	2501695	Syconciliatum-27933-GCF964019385.1	('Simakov2022BCnS_genefamily_1598', 'Simakov2022BCnS_genefamily_3869')	0.0		match_both_missing	True
0	2558552	Syconciliatum-27933-GCF964019385.1	('Simakov2022BCnS_genefamily_3592', 'Simakov2022BCnS_genefamily_999')	0.0		match_both_missing	True
0	2615408	Syconciliatum-27933-GCF964019385.1	('Simakov2022BCnS_genefamily_5675', 'Simakov2022BCnS_genefamily_8898')	32084621.0	32084621.0	match	True
0	2672265	Syconciliatum-27933-GCF964019385.1	('Simakov2022BCnS_genefamily_10591', 'Simakov2022BCnS_genefamily_9321')	0.0		match_both_missing	True
0	2729122	Syconciliatum-27933-GCF964019385.1	('Simakov2022BCnS_genefamily_1144', 'Simakov2022BCnS_genefamily_7833')	0.0		match_both_missing	True
0	2785979	Syconciliatum-27933-GCF964019385.1	('Simakov2022BCnS_genefamily_3533', 'Simakov2022BCnS_genefamily_5668')	0.0		match_both_missing	True
118	0	Caenorhabditismonodelphis-1094320-GCA964197825.1	('Simakov2022BCnS_genefamily_11671', 'Simakov2022BCnS_genefamily_8892')	0.0		match_both_missing	True
118	56856	Caenorhabditismonodelphis-1094320-GCA964197825.1	('Simakov2022BCnS_genefamily_3414', 'Simakov2022BCnS_genefamily_8719')	0.0		match_both_missing	True
118	113713	Caenorhabditismonodelphis-1094320-GCA964197825.1	('Simakov2022BCnS_genefamily_1642', 'Simakov2022BCnS_genefamily_7254')	0.0		match_both_missing	True
118	170570	Caenorhabditismonodelphis-1094320-GCA964197825.1	('Simakov2022BCnS_genefamily_7106', 'Simakov2022BCnS_genefamily_8489')	0.0		match_both_missing	True
118	227426	Caenorhabditismonodelphis-1094320-GCA964197825.1	('Simakov2022BCnS_genefamily_7876', 'Simakov2022BCnS_genefamily_8983')	0.0		match_both_missing	True
118	284283	Caenorhabditismonodelphis-1094320-GCA964197825.1	('Simakov2022BCnS_genefamily_11878', 'Simakov2022BCnS_genefamily_1767')	0.0		match_both_missing	True
118	341140	Caenorhabditismonodelphis-1094320-GCA964197825.1	('Simakov2022BCnS_genefamily_456', 'Simakov2022BCnS_genefamily_7275')	0.0		match_both_missing	True
118	397997	Caenorhabditismonodelphis-1094320-GCA964197825.1	('Simakov2022BCnS_genefamily_177', 'Simakov2022BCnS_genefamily_6305')	0.0		match_both_missing	True
118	454853	Caenorhabditismonodelphis-1094320-GCA964197825.1	('Simakov2022BCnS_genefamily_11081', 'Simakov2022BCnS_genefamily_2267')	0.0		match_both_missing	True
118	511710	Caenorhabditismonodelphis-1094320-GCA964197825.1	('Simakov2022BCnS_genefamily_11901', 'Simakov2022BCnS_genefamily_7442')	0.0		match_both_missing	True
118	568567	Caenorhabditismonodelphis-1094320-GCA964197825.1	('Simakov2022BCnS_genefamily_11043', 'Simakov2022BCnS_genefamily_7872')	0.0		match_both_missing	True
118	625423	Caenorhabditismonodelphis-1094320-GCA964197825.1	('Simakov2022BCnS_genefamily_7747', 'Simakov2022BCnS_genefamily_9166')	0.0		match_both_missing	True
118	682280	Caenorhabditismonodelphis-1094320-GCA964197825.1	('Simakov2022BCnS_genefamily_12548', 'Simakov2022BCnS_genefamily_3287')	0.0		match_both_missing	True
118	739137	Caenorhabditismonodelphis-1094320-GCA964197825.1	('Simakov2022BCnS_genefamily_1337', 'Simakov2022BCnS_genefamily_3482')	0.0		match_both_missing	True
118	795994	Caenorhabditismonodelphis-1094320-GCA964197825.1	('Simakov2022BCnS_genefamily_10438', 'Simakov2022BCnS_genefamily_11602')	0.0		match_both_missing	True
118	852850	Caenorhabditismonodelphis-1094320-GCA964197825.1	('Simakov2022BCnS_genefamily_10491', 'Simakov2022BCnS_genefamily_12830')	0.0		match_both_missing	True
118	909707	Caenorhabditismonodelphis-1094320-GCA964197825.1	('Simakov2022BCnS_genefamily_10246', 'Simakov2022BCnS_genefamily_12960')	3579436.0	3579436.0	match	True
118	966564	Caenorhabditismonodelphis-1094320-GCA964197825.1	('Simakov2022BCnS_genefamily_2629', 'Simakov2022BCnS_genefamily_421')	0.0		match_both_missing	True
118	1023420	Caenorhabditismonodelphis-1094320-GCA964197825.1	('Simakov2022BCnS_genefamily_6596', 'Simakov2022BCnS_genefamily_8677')	0.0		match_both_missing	True
118	1080277	Caenorhabditismonodelphis-1094320-GCA964197825.1	('Simakov2022BCnS_genefamily_1880', 'Simakov2022BCnS_genefamily_5337')	2823185.0	2823185.0	match	True
118	1137134	Caenorhabditismonodelphis-1094320-GCA964197825.1	('Simakov2022BCnS_genefamily_11749', 'Simakov2022BCnS_genefamily_8559')	0.0		match_both_missing	True
118	1193991	Caenorhabditismonodelphis-1094320-GCA964197825.1	('Simakov2022BCnS_genefamily_6846', 'Simakov2022BCnS_genefamily_8308')	0.0		match_both_missing	True
118	1250847	Caenorhabditismonodelphis-1094320-GCA964197825.1	('Simakov2022BCnS_genefamily_12960', 'Simakov2022BCnS_genefamily_6118')	0.0		match_both_missing	True
118	1307704	Caenorhabditismonodelphis-1094320-GCA964197825.1	('Simakov2022BCnS_genefamily_12390', 'Simakov2022BCnS_genefamily_5288')	0.0		match_both_missing	True
118	1364561	Caenorhabditismonodelphis-1094320-GCA964197825.1	('Simakov2022BCnS_genefamily_11392', 'Simakov2022BCnS_genefamily_4537')	0.0		match_both_missing	True
118	1421417	Caenorhabditismonodelphis-1094320-GCA964197825.1	('Simakov2022BCnS_genefamily_12166', 'Simakov2022BCnS_genefamily_3756')	0.0		match_both_missing	True
118	1478274	Caenorhabditismonodelphis-1094320-GCA964197825.1	('Simakov2022BCnS_genefamily_1375', 'Simakov2022BCnS_genefamily_364')	0.0		match_both_missing	True
118	1535131	Caenorhabditismonodelphis-1094320-GCA964197825.1	('Simakov2022BCnS_genefamily_10846', 'Simakov2022BCnS_genefamily_1886')	0.0		match_both_missing	True
118	1591988	Caenorhabditismonodelphis-1094320-GCA964197825.1	('Simakov2022BCnS_genefamily_6424', 'Simakov2022BCnS_genefamily_7051')	0.0		match_both_missing	True
118	1648844	Caenorhabditismonodelphis-1094320-GCA964197825.1	('Simakov2022BCnS_genefamily_10640', 'Simakov2022BCnS_genefamily_11566')	0.0		match_both_missing	True
118	1705701	Caenorhabditismonodelphis-1094320-GCA964197825.1	('Simakov2022BCnS_genefamily_1147', 'Simakov2022BCnS_genefamily_6516')	0.0		match_both_missing	True
118	1762558	Caenorhabditismonodelphis-1094320-GCA964197825.1	('Simakov2022BCnS_genefamily_4672', 'Simakov2022BCnS_genefamily_6460')	0.0		match_both_missing	True
118	1819414	Caenorhabditismonodelphis-1094320-GCA964197825.1	('Simakov2022BCnS_genefamily_12196', 'Simakov2022BCnS_genefamily_6391')	0.0		match_both_missing	True
118	1876271	Caenorhabditismonodelphis-1094320-GCA964197825.1	('Simakov2022BCnS_genefamily_12417', 'Simakov2022BCnS_genefamily_3303')	0.0		match_both_missing	True
118	1933128	Caenorhabditismonodelphis-1094320-GCA964197825.1	('Simakov2022BCnS_genefamily_1000', 'Simakov2022BCnS_genefamily_11359')	0.0		match_both_missing	True
118	1989985	Caenorhabditismonodelphis-1094320-GCA964197825.1	('Simakov2022BCnS_genefamily_7708', 'Simakov2022BCnS_genefamily_8564')	0.0		match_both_missing	True
118	2046841	Caenorhabditismonodelphis-1094320-GCA964197825.1	('Simakov2022BCnS_genefamily_2132', 'Simakov2022BCnS_genefamily_8050')	0.0		match_both_missing	True
118	2103698	Caenorhabditismonodelphis-1094320-GCA964197825.1	('Simakov2022BCnS_genefamily_4395', 'Simakov2022BCnS_genefamily_8930')	0.0		match_both_missing	True
118	2160555	Caenorhabditismonodelphis-1094320-GCA964197825.1	('Simakov2022BCnS_genefamily_7033', 'Simakov2022BCnS_genefamily_7620')	0.0		match_both_missing	True
118	2217411	Caenorhabditismonodelphis-1094320-GCA964197825.1	('Simakov2022BCnS_genefamily_12360', 'Simakov2022BCnS_genefamily_3058')	0.0		match_both_missing	True
118	2274268	Caenorhabditismonodelphis-1094320-GCA964197825.1	('Simakov2022BCnS_genefamily_132', 'Simakov2022BCnS_genefamily_4598')	0.0		match_both_missing	True
118	2331125	Caenorhabditismonodelphis-1094320-GCA964197825.1	('Simakov2022BCnS_genefamily_12137', 'Simakov2022BCnS_genefamily_2209')	0.0		match_both_missing	True
118	2387982	Caenorhabditismonodelphis-1094320-GCA964197825.1	('Simakov2022BCnS_genefamily_2917', 'Simakov2022BCnS_genefamily_883')	0.0		match_both_missing	True
118	2444838	Caenorhabditismonodelphis-1094320-GCA964197825.1	('Simakov2022BCnS_genefamily_10131', 'Simakov2022BCnS_genefamily_7196')	0.0		match_both_missing	True
118	2501695	Caenorhabditismonodelphis-1094320-GCA964197825.1	('Simakov2022BCnS_genefamily_1598', 'Simakov2022BCnS_genefamily_3869')	0.0		match_both_missing	True
118	2558552	Caenorhabditismonodelphis-1094320-GCA964197825.1	('Simakov2022BCnS_genefamily_3592', 'Simakov2022BCnS_genefamily_999')	0.0		match_both_missing	True
118	2615408	Caenorhabditismonodelphis-1094320-GCA964197825.1	('Simakov2022BCnS_genefamily_5675', 'Simakov2022BCnS_genefamily_8898')	0.0		match_both_missing	True
118	2672265	Caenorhabditismonodelphis-1094320-GCA964197825.1	('Simakov2022BCnS_genefamily_10591', 'Simakov2022BCnS_genefamily_9321')	0.0		match_both_missing	True
118	2729122	Caenorhabditismonodelphis-1094320-GCA964197825.1	('Simakov2022BCnS_genefamily_1144', 'Simakov2022BCnS_genefamily_7833')	0.0		match_both_missing	True
118	2785979	Caenorhabditismonodelphis-1094320-GCA964197825.1	('Simakov2022BCnS_genefamily_3533', 'Simakov2022BCnS_genefamily_5668')	0.0		match_both_missing	True
237	0	Macrobrachiumrosenbergii-79674-GCA046866055.1	('Simakov2022BCnS_genefamily_11671', 'Simakov2022BCnS_genefamily_8892')	0.0		match_both_missing	True
237	56856	Macrobrachiumrosenbergii-79674-GCA046866055.1	('Simakov2022BCnS_genefamily_3414', 'Simakov2022BCnS_genefamily_8719')	0.0		match_both_missing	True
237	113713	Macrobrachiumrosenbergii-79674-GCA046866055.1	('Simakov2022BCnS_genefamily_1642', 'Simakov2022BCnS_genefamily_7254')	0.0		match_both_missing	True
237	170570	Macrobrachiumrosenbergii-79674-GCA046866055.1	('Simakov2022BCnS_genefamily_7106', 'Simakov2022BCnS_genefamily_8489')	0.0		match_both_missing	True
237	227426	Macrobrachiumrosenbergii-79674-GCA046866055.1	('Simakov2022BCnS_genefamily_7876', 'Simakov2022BCnS_genefamily_8983')	0.0		match_both_missing	True
237	284283	Macrobrachiumrosenbergii-79674-GCA046866055.1	('Simakov2022BCnS_genefamily_11878', 'Simakov2022BCnS_genefamily_1767')	0.0		match_both_missing	True
237	341140	Macrobrachiumrosenbergii-79674-GCA046866055.1	('Simakov2022BCnS_genefamily_456', 'Simakov2022BCnS_genefamily_7275')	0.0		match_both_missing	True
237	397997	Macrobrachiumrosenbergii-79674-GCA046866055.1	('Simakov2022BCnS_genefamily_177', 'Simakov2022BCnS_genefamily_6305')	0.0		match_both_missing	True
237	454853	Macrobrachiumrosenbergii-79674-GCA046866055.1	('Simakov2022BCnS_genefamily_11081', 'Simakov2022BCnS_genefamily_2267')	0.0		match_both_missing	True
237	511710	Macrobrachiumrosenbergii-79674-GCA046866055.1	('Simakov2022BCnS_genefamily_11901', 'Simakov2022BCnS_genefamily_7442')	0.0		match_both_missing	True
237	568567	Macrobrachiumrosenbergii-79674-GCA046866055.1	('Simakov2022BCnS_genefamily_11043', 'Simakov2022BCnS_genefamily_7872')	0.0		match_both_missing	True
237	625423	Macrobrachiumrosenbergii-79674-GCA046866055.1	('Simakov2022BCnS_genefamily_7747', 'Simakov2022BCnS_genefamily_9166')	0.0		match_both_missing	True
237	682280	Macrobrachiumrosenbergii-79674-GCA046866055.1	('Simakov2022BCnS_genefamily_12548', 'Simakov2022BCnS_genefamily_3287')	0.0		match_both_missing	True
237	739137	Macrobrachiumrosenbergii-79674-GCA046866055.1	('Simakov2022BCnS_genefamily_1337', 'Simakov2022BCnS_genefamily_3482')	0.0		match_both_missing	True
237	795994	Macrobrachiumrosenbergii-79674-GCA046866055.1	('Simakov2022BCnS_genefamily_10438', 'Simakov2022BCnS_genefamily_11602')	0.0		match_both_missing	True
237	852850	Macrobrachiumrosenbergii-79674-GCA046866055.1	('Simakov2022BCnS_genefamily_10491', 'Simakov2022BCnS_genefamily_12830')	0.0		match_both_missing	True
237	909707	Macrobrachiumrosenbergii-79674-GCA046866055.1	('Simakov2022BCnS_genefamily_10246', 'Simakov2022BCnS_genefamily_12960')	0.0		match_both_missing	True
237	966564	Macrobrachiumrosenbergii-79674-GCA046866055.1	('Simakov2022BCnS_genefamily_2629', 'Simakov2022BCnS_genefamily_421')	0.0		match_both_missing	True
237	1023420	Macrobrachiumrosenbergii-79674-GCA046866055.1	('Simakov2022BCnS_genefamily_6596', 'Simakov2022BCnS_genefamily_8677')	0.0		match_both_missing	True
237	1080277	Macrobrachiumrosenbergii-79674-GCA046866055.1	('Simakov2022BCnS_genefamily_1880', 'Simakov2022BCnS_genefamily_5337')	0.0		match_both_missing	True
237	1137134	Macrobrachiumrosenbergii-79674-GCA046866055.1	('Simakov2022BCnS_genefamily_11749', 'Simakov2022BCnS_genefamily_8559')	0.0		match_both_missing	True
237	1193991	Macrobrachiumrosenbergii-79674-GCA046866055.1	('Simakov2022BCnS_genefamily_6846', 'Simakov2022BCnS_genefamily_8308')	0.0		match_both_missing	True
237	1250847	Macrobrachiumrosenbergii-79674-GCA046866055.1	('Simakov2022BCnS_genefamily_12960', 'Simakov2022BCnS_genefamily_6118')	0.0		match_both_missing	True
237	1307704	Macrobrachiumrosenbergii-79674-GCA046866055.1	('Simakov2022BCnS_genefamily_12390', 'Simakov2022BCnS_genefamily_5288')	0.0		match_both_missing	True
237	1364561	Macrobrachiumrosenbergii-79674-GCA046866055.1	('Simakov2022BCnS_genefamily_11392', 'Simakov2022BCnS_genefamily_4537')	0.0		match_both_missing	True
237	1421417	Macrobrachiumrosenbergii-79674-GCA046866055.1	('Simakov2022BCnS_genefamily_12166', 'Simakov2022BCnS_genefamily_3756')	0.0		match_both_missing	True
237	1478274	Macrobrachiumrosenbergii-79674-GCA046866055.1	('Simakov2022BCnS_genefamily_1375', 'Simakov2022BCnS_genefamily_364')	0.0		match_both_missing	True
237	1535131	Macrobrachiumrosenbergii-79674-GCA046866055.1	('Simakov2022BCnS_genefamily_10846', 'Simakov2022BCnS_genefamily_1886')	0.0		match_both_missing	True
237	1591988	Macrobrachiumrosenbergii-79674-GCA046866055.1	('Simakov2022BCnS_genefamily_6424', 'Simakov2022BCnS_genefamily_7051')	0.0		match_both_missing	True
237	1648844	Macrobrachiumrosenbergii-79674-GCA046866055.1	('Simakov2022BCnS_genefamily_10640', 'Simakov2022BCnS_genefamily_11566')	0.0		match_both_missing	True
237	1705701	Macrobrachiumrosenbergii-79674-GCA046866055.1	('Simakov2022BCnS_genefamily_1147', 'Simakov2022BCnS_genefamily_6516')	0.0		match_both_missing	True
237	1762558	Macrobrachiumrosenbergii-79674-GCA046866055.1	('Simakov2022BCnS_genefamily_4672', 'Simakov2022BCnS_genefamily_6460')	0.0		match_both_missing	True
237	1819414	Macrobrachiumrosenbergii-79674-GCA046866055.1	('Simakov2022BCnS_genefamily_12196', 'Simakov2022BCnS_genefamily_6391')	0.0		match_both_missing	True
237	1876271	Macrobrachiumrosenbergii-79674-GCA046866055.1	('Simakov2022BCnS_genefamily_12417', 'Simakov2022BCnS_genefamily_3303')	0.0		match_both_missing	True
237	1933128	Macrobrachiumrosenbergii-79674-GCA046866055.1	('Simakov2022BCnS_genefamily_1000', 'Simakov2022BCnS_genefamily_11359')	0.0		match_both_missing	True
237	1989985	Macrobrachiumrosenbergii-79674-GCA046866055.1	('Simakov2022BCnS_genefamily_7708', 'Simakov2022BCnS_genefamily_8564')	0.0		match_both_missing	True
237	2046841	Macrobrachiumrosenbergii-79674-GCA046866055.1	('Simakov2022BCnS_genefamily_2132', 'Simakov2022BCnS_genefamily_8050')	0.0		match_both_missing	True
237	2103698	Macrobrachiumrosenbergii-79674-GCA046866055.1	('Simakov2022BCnS_genefamily_4395', 'Simakov2022BCnS_genefamily_8930')	0.0		match_both_missing	True
237	2160555	Macrobrachiumrosenbergii-79674-GCA046866055.1	('Simakov2022BCnS_genefamily_7033', 'Simakov2022BCnS_genefamily_7620')	0.0		match_both_missing	True
237	2217411	Macrobrachiumrosenbergii-79674-GCA046866055.1	('Simakov2022BCnS_genefamily_12360', 'Simakov2022BCnS_genefamily_3058')	22322931.0	22322931.0	match	True
237	2274268	Macrobrachiumrosenbergii-79674-GCA046866055.1	('Simakov2022BCnS_genefamily_132', 'Simakov2022BCnS_genefamily_4598')	0.0		match_both_missing	True
237	2331125	Macrobrachiumrosenbergii-79674-GCA046866055.1	('Simakov2022BCnS_genefamily_12137', 'Simakov2022BCnS_genefamily_2209')	0.0		match_both_missing	True
237	2387982	Macrobrachiumrosenbergii-79674-GCA046866055.1	('Simakov2022BCnS_genefamily_2917', 'Simakov2022BCnS_genefamily_883')	0.0		match_both_missing	True
237	2444838	Macrobrachiumrosenbergii-79674-GCA046866055.1	('Simakov2022BCnS_genefamily_10131', 'Simakov2022BCnS_genefamily_7196')	0.0		match_both_missing	True
237	2501695	Macrobrachiumrosenbergii-79674-GCA046866055.1	('Simakov2022BCnS_genefamily_1598', 'Simakov2022BCnS_genefamily_3869')	0.0		match_both_missing	True
237	2558552	Macrobrachiumrosenbergii-79674-GCA046866055.1	('Simakov2022BCnS_genefamily_3592', 'Simakov2022BCnS_genefamily_999')	0.0		match_both_missing	True
237	2615408	Macrobrachiumrosenbergii-79674-GCA046866055.1	('Simakov2022BCnS_genefamily_5675', 'Simakov2022BCnS_genefamily_8898')	0.0		match_both_missing	True
237	2672265	Macrobrachiumrosenbergii-79674-GCA046866055.1	('Simakov2022BCnS_genefamily_10591', 'Simakov2022BCnS_genefamily_9321')	0.0		match_both_missing	True
237	2729122	Macrobrachiumrosenbergii-79674-GCA046866055.1	('Simakov2022BCnS_genefamily_1144', 'Simakov2022BCnS_genefamily_7833')	0.0		match_both_missing	True
237	2785979	Macrobrachiumrosenbergii-79674-GCA046866055.1	('Simakov2022BCnS_genefamily_3533', 'Simakov2022BCnS_genefamily_5668')	0.0		match_both_missing	True
356	0	Indonemourascalprata-2498685-GCA052425775.1	('Simakov2022BCnS_genefamily_11671', 'Simakov2022BCnS_genefamily_8892')	0.0		match_both_missing	True
356	56856	Indonemourascalprata-2498685-GCA052425775.1	('Simakov2022BCnS_genefamily_3414', 'Simakov2022BCnS_genefamily_8719')	0.0		match_both_missing	True
356	113713	Indonemourascalprata-2498685-GCA052425775.1	('Simakov2022BCnS_genefamily_1642', 'Simakov2022BCnS_genefamily_7254')	0.0		match_both_missing	True
356	170570	Indonemourascalprata-2498685-GCA052425775.1	('Simakov2022BCnS_genefamily_7106', 'Simakov2022BCnS_genefamily_8489')	0.0		match_both_missing	True
356	227426	Indonemourascalprata-2498685-GCA052425775.1	('Simakov2022BCnS_genefamily_7876', 'Simakov2022BCnS_genefamily_8983')	0.0		match_both_missing	True
356	284283	Indonemourascalprata-2498685-GCA052425775.1	('Simakov2022BCnS_genefamily_11878', 'Simakov2022BCnS_genefamily_1767')	0.0		match_both_missing	True
356	341140	Indonemourascalprata-2498685-GCA052425775.1	('Simakov2022BCnS_genefamily_456', 'Simakov2022BCnS_genefamily_7275')	0.0		match_both_missing	True
356	397997	Indonemourascalprata-2498685-GCA052425775.1	('Simakov2022BCnS_genefamily_177', 'Simakov2022BCnS_genefamily_6305')	0.0		match_both_missing	True
356	454853	Indonemourascalprata-2498685-GCA052425775.1	('Simakov2022BCnS_genefamily_11081', 'Simakov2022BCnS_genefamily_2267')	0.0		match_both_missing	True
356	511710	Indonemourascalprata-2498685-GCA052425775.1	('Simakov2022BCnS_genefamily_11901', 'Simakov2022BCnS_genefamily_7442')	0.0		match_both_missing	True
356	568567	Indonemourascalprata-2498685-GCA052425775.1	('Simakov2022BCnS_genefamily_11043', 'Simakov2022BCnS_genefamily_7872')	0.0		match_both_missing	True
356	625423	Indonemourascalprata-2498685-GCA052425775.1	('Simakov2022BCnS_genefamily_7747', 'Simakov2022BCnS_genefamily_9166')	0.0		match_both_missing	True
356	682280	Indonemourascalprata-2498685-GCA052425775.1	('Simakov2022BCnS_genefamily_12548', 'Simakov2022BCnS_genefamily_3287')	15438810.0	15438810.0	match	True
356	739137	Indonemourascalprata-2498685-GCA052425775.1	('Simakov2022BCnS_genefamily_1337', 'Simakov2022BCnS_genefamily_3482')	0.0		match_both_missing	True
356	795994	Indonemourascalprata-2498685-GCA052425775.1	('Simakov2022BCnS_genefamily_10438', 'Simakov2022BCnS_genefamily_11602')	0.0		match_both_missing	True
356	852850	Indonemourascalprata-2498685-GCA052425775.1	('Simakov2022BCnS_genefamily_10491', 'Simakov2022BCnS_genefamily_12830')	0.0		match_both_missing	True
356	909707	Indonemourascalprata-2498685-GCA052425775.1	('Simakov2022BCnS_genefamily_10246', 'Simakov2022BCnS_genefamily_12960')	0.0		match_both_missing	True
356	966564	Indonemourascalprata-2498685-GCA052425775.1	('Simakov2022BCnS_genefamily_2629', 'Simakov2022BCnS_genefamily_421')	0.0		match_both_missing	True
356	1023420	Indonemourascalprata-2498685-GCA052425775.1	('Simakov2022BCnS_genefamily_6596', 'Simakov2022BCnS_genefamily_8677')	0.0		match_both_missing	True
356	1080277	Indonemourascalprata-2498685-GCA052425775.1	('Simakov2022BCnS_genefamily_1880', 'Simakov2022BCnS_genefamily_5337')	0.0		match_both_missing	True
356	1137134	Indonemourascalprata-2498685-GCA052425775.1	('Simakov2022BCnS_genefamily_11749', 'Simakov2022BCnS_genefamily_8559')	0.0		match_both_missing	True
356	1193991	Indonemourascalprata-2498685-GCA052425775.1	('Simakov2022BCnS_genefamily_6846', 'Simakov2022BCnS_genefamily_8308')	0.0		match_both_missing	True
356	1250847	Indonemourascalprata-2498685-GCA052425775.1	('Simakov2022BCnS_genefamily_12960', 'Simakov2022BCnS_genefamily_6118')	0.0		match_both_missing	True
356	1307704	Indonemourascalprata-2498685-GCA052425775.1	('Simakov2022BCnS_genefamily_12390', 'Simakov2022BCnS_genefamily_5288')	0.0		match_both_missing	True
356	1364561	Indonemourascalprata-2498685-GCA052425775.1	('Simakov2022BCnS_genefamily_11392', 'Simakov2022BCnS_genefamily_4537')	0.0		match_both_missing	True
356	1421417	Indonemourascalprata-2498685-GCA052425775.1	('Simakov2022BCnS_genefamily_12166', 'Simakov2022BCnS_genefamily_3756')	0.0		match_both_missing	True
356	1478274	Indonemourascalprata-2498685-GCA052425775.1	('Simakov2022BCnS_genefamily_1375', 'Simakov2022BCnS_genefamily_364')	0.0		match_both_missing	True
356	1535131	Indonemourascalprata-2498685-GCA052425775.1	('Simakov2022BCnS_genefamily_10846', 'Simakov2022BCnS_genefamily_1886')	0.0		match_both_missing	True
356	1591988	Indonemourascalprata-2498685-GCA052425775.1	('Simakov2022BCnS_genefamily_6424', 'Simakov2022BCnS_genefamily_7051')	0.0		match_both_missing	True
356	1648844	Indonemourascalprata-2498685-GCA052425775.1	('Simakov2022BCnS_genefamily_10640', 'Simakov2022BCnS_genefamily_11566')	0.0		match_both_missing	True
356	1705701	Indonemourascalprata-2498685-GCA052425775.1	('Simakov2022BCnS_genefamily_1147', 'Simakov2022BCnS_genefamily_6516')	0.0		match_both_missing	True
356	1762558	Indonemourascalprata-2498685-GCA052425775.1	('Simakov2022BCnS_genefamily_4672', 'Simakov2022BCnS_genefamily_6460')	0.0		match_both_missing	True
356	1819414	Indonemourascalprata-2498685-GCA052425775.1	('Simakov2022BCnS_genefamily_12196', 'Simakov2022BCnS_genefamily_6391')	0.0		match_both_missing	True
356	1876271	Indonemourascalprata-2498685-GCA052425775.1	('Simakov2022BCnS_genefamily_12417', 'Simakov2022BCnS_genefamily_3303')	0.0		match_both_missing	True
356	1933128	Indonemourascalprata-2498685-GCA052425775.1	('Simakov2022BCnS_genefamily_1000', 'Simakov2022BCnS_genefamily_11359')	0.0		match_both_missing	True
356	1989985	Indonemourascalprata-2498685-GCA052425775.1	('Simakov2022BCnS_genefamily_7708', 'Simakov2022BCnS_genefamily_8564')	0.0		match_both_missing	True
356	2046841	Indonemourascalprata-2498685-GCA052425775.1	('Simakov2022BCnS_genefamily_2132', 'Simakov2022BCnS_genefamily_8050')	4290169.0	4290169.0	match	True
356	2103698	Indonemourascalprata-2498685-GCA052425775.1	('Simakov2022BCnS_genefamily_4395', 'Simakov2022BCnS_genefamily_8930')	0.0		match_both_missing	True
356	2160555	Indonemourascalprata-2498685-GCA052425775.1	('Simakov2022BCnS_genefamily_7033', 'Simakov2022BCnS_genefamily_7620')	0.0		match_both_missing	True
356	2217411	Indonemourascalprata-2498685-GCA052425775.1	('Simakov2022BCnS_genefamily_12360', 'Simakov2022BCnS_genefamily_3058')	0.0		match_both_missing	True
356	2274268	Indonemourascalprata-2498685-GCA052425775.1	('Simakov2022BCnS_genefamily_132', 'Simakov2022BCnS_genefamily_4598')	0.0		match_both_missing	True
356	2331125	Indonemourascalprata-2498685-GCA052425775.1	('Simakov2022BCnS_genefamily_12137', 'Simakov2022BCnS_genefamily_2209')	0.0		match_both_missing	True
356	2387982	Indonemourascalprata-2498685-GCA052425775.1	('Simakov2022BCnS_genefamily_2917', 'Simakov2022BCnS_genefamily_883')	0.0		match_both_missing	True
356	2444838	Indonemourascalprata-2498685-GCA052425775.1	('Simakov2022BCnS_genefamily_10131', 'Simakov2022BCnS_genefamily_7196')	0.0		match_both_missing	True
356	2501695	Indonemourascalprata-2498685-GCA052425775.1	('Simakov2022BCnS_genefamily_1598', 'Simakov2022BCnS_genefamily_3869')	0.0		match_both_missing	True
356	2558552	Indonemourascalprata-2498685-GCA052425775.1	('Simakov2022BCnS_genefamily_3592', 'Simakov2022BCnS_genefamily_999')	495411.0	495411.0	match	True
356	2615408	Indonemourascalprata-2498685-GCA052425775.1	('Simakov2022BCnS_genefamily_5675', 'Simakov2022BCnS_genefamily_8898')	0.0		match_both_missing	True
356	2672265	Indonemourascalprata-2498685-GCA052425775.1	('Simakov2022BCnS_genefamily_10591', 'Simakov2022BCnS_genefamily_9321')	0.0		match_both_missing	True
356	2729122	Indonemourascalprata-2498685-GCA052425775.1	('Simakov2022BCnS_genefamily_1144', 'Simakov2022BCnS_genefamily_7833')	0.0		match_both_missing	True
356	2785979	Indonemourascalprata-2498685-GCA052425775.1	('Simakov2022BCnS_genefamily_3533', 'Simakov2022BCnS_genefamily_5668')	0.0		match_both_missing	True
475	0	Cyrtorhinuslividipennis-1032904-GCA019603395.1	('Simakov2022BCnS_genefamily_11671', 'Simakov2022BCnS_genefamily_8892')	0.0		match_both_missing	True
475	56856	Cyrtorhinuslividipennis-1032904-GCA019603395.1	('Simakov2022BCnS_genefamily_3414', 'Simakov2022BCnS_genefamily_8719')	0.0		match_both_missing	True
475	113713	Cyrtorhinuslividipennis-1032904-GCA019603395.1	('Simakov2022BCnS_genefamily_1642', 'Simakov2022BCnS_genefamily_7254')	0.0		match_both_missing	True
475	170570	Cyrtorhinuslividipennis-1032904-GCA019603395.1	('Simakov2022BCnS_genefamily_7106', 'Simakov2022BCnS_genefamily_8489')	0.0		match_both_missing	True
475	227426	Cyrtorhinuslividipennis-1032904-GCA019603395.1	('Simakov2022BCnS_genefamily_7876', 'Simakov2022BCnS_genefamily_8983')	0.0		match_both_missing	True
475	284283	Cyrtorhinuslividipennis-1032904-GCA019603395.1	('Simakov2022BCnS_genefamily_11878', 'Simakov2022BCnS_genefamily_1767')	0.0		match_both_missing	True
475	341140	Cyrtorhinuslividipennis-1032904-GCA019603395.1	('Simakov2022BCnS_genefamily_456', 'Simakov2022BCnS_genefamily_7275')	0.0		match_both_missing	True
475	397997	Cyrtorhinuslividipennis-1032904-GCA019603395.1	('Simakov2022BCnS_genefamily_177', 'Simakov2022BCnS_genefamily_6305')	0.0		match_both_missing	True
475	454853	Cyrtorhinuslividipennis-1032904-GCA019603395.1	('Simakov2022BCnS_genefamily_11081', 'Simakov2022BCnS_genefamily_2267')	0.0		match_both_missing	True
475	511710	Cyrtorhinuslividipennis-1032904-GCA019603395.1	('Simakov2022BCnS_genefamily_11901', 'Simakov2022BCnS_genefamily_7442')	0.0		match_both_missing	True
475	568567	Cyrtorhinuslividipennis-1032904-GCA019603395.1	('Simakov2022BCnS_genefamily_11043', 'Simakov2022BCnS_genefamily_7872')	0.0		match_both_missing	True
475	625423	Cyrtorhinuslividipennis-1032904-GCA019603395.1	('Simakov2022BCnS_genefamily_7747', 'Simakov2022BCnS_genefamily_9166')	0.0		match_both_missing	True
475	682280	Cyrtorhinuslividipennis-1032904-GCA019603395.1	('Simakov2022BCnS_genefamily_12548', 'Simakov2022BCnS_genefamily_3287')	0.0		match_both_missing	True
475	739137	Cyrtorhinuslividipennis-1032904-GCA019603395.1	('Simakov2022BCnS_genefamily_1337', 'Simakov2022BCnS_genefamily_3482')	0.0		match_both_missing	True
475	795994	Cyrtorhinuslividipennis-1032904-GCA019603395.1	('Simakov2022BCnS_genefamily_10438', 'Simakov2022BCnS_genefamily_11602')	0.0		match_both_missing	True
475	852850	Cyrtorhinuslividipennis-1032904-GCA019603395.1	('Simakov2022BCnS_genefamily_10491', 'Simakov2022BCnS_genefamily_12830')	0.0		match_both_missing	True
475	909707	Cyrtorhinuslividipennis-1032904-GCA019603395.1	('Simakov2022BCnS_genefamily_10246', 'Simakov2022BCnS_genefamily_12960')	0.0		match_both_missing	True
475	966564	Cyrtorhinuslividipennis-1032904-GCA019603395.1	('Simakov2022BCnS_genefamily_2629', 'Simakov2022BCnS_genefamily_421')	0.0		match_both_missing	True
475	1023420	Cyrtorhinuslividipennis-1032904-GCA019603395.1	('Simakov2022BCnS_genefamily_6596', 'Simakov2022BCnS_genefamily_8677')	0.0		match_both_missing	True
475	1080277	Cyrtorhinuslividipennis-1032904-GCA019603395.1	('Simakov2022BCnS_genefamily_1880', 'Simakov2022BCnS_genefamily_5337')	0.0		match_both_missing	True
475	1137134	Cyrtorhinuslividipennis-1032904-GCA019603395.1	('Simakov2022BCnS_genefamily_11749', 'Simakov2022BCnS_genefamily_8559')	0.0		match_both_missing	True
475	1193991	Cyrtorhinuslividipennis-1032904-GCA019603395.1	('Simakov2022BCnS_genefamily_6846', 'Simakov2022BCnS_genefamily_8308')	0.0		match_both_missing	True
475	1250847	Cyrtorhinuslividipennis-1032904-GCA019603395.1	('Simakov2022BCnS_genefamily_12960', 'Simakov2022BCnS_genefamily_6118')	0.0		match_both_missing	True
475	1307704	Cyrtorhinuslividipennis-1032904-GCA019603395.1	('Simakov2022BCnS_genefamily_12390', 'Simakov2022BCnS_genefamily_5288')	0.0		match_both_missing	True
475	1364561	Cyrtorhinuslividipennis-1032904-GCA019603395.1	('Simakov2022BCnS_genefamily_11392', 'Simakov2022BCnS_genefamily_4537')	0.0		match_both_missing	True
475	1421417	Cyrtorhinuslividipennis-1032904-GCA019603395.1	('Simakov2022BCnS_genefamily_12166', 'Simakov2022BCnS_genefamily_3756')	0.0		match_both_missing	True
475	1478274	Cyrtorhinuslividipennis-1032904-GCA019603395.1	('Simakov2022BCnS_genefamily_1375', 'Simakov2022BCnS_genefamily_364')	0.0		match_both_missing	True
475	1535131	Cyrtorhinuslividipennis-1032904-GCA019603395.1	('Simakov2022BCnS_genefamily_10846', 'Simakov2022BCnS_genefamily_1886')	11983977.0	11983977.0	match	True
475	1591988	Cyrtorhinuslividipennis-1032904-GCA019603395.1	('Simakov2022BCnS_genefamily_6424', 'Simakov2022BCnS_genefamily_7051')	0.0		match_both_missing	True
475	1648844	Cyrtorhinuslividipennis-1032904-GCA019603395.1	('Simakov2022BCnS_genefamily_10640', 'Simakov2022BCnS_genefamily_11566')	0.0		match_both_missing	True
475	1705701	Cyrtorhinuslividipennis-1032904-GCA019603395.1	('Simakov2022BCnS_genefamily_1147', 'Simakov2022BCnS_genefamily_6516')	0.0		match_both_missing	True
475	1762558	Cyrtorhinuslividipennis-1032904-GCA019603395.1	('Simakov2022BCnS_genefamily_4672', 'Simakov2022BCnS_genefamily_6460')	0.0		match_both_missing	True
475	1819414	Cyrtorhinuslividipennis-1032904-GCA019603395.1	('Simakov2022BCnS_genefamily_12196', 'Simakov2022BCnS_genefamily_6391')	0.0		match_both_missing	True
475	1876271	Cyrtorhinuslividipennis-1032904-GCA019603395.1	('Simakov2022BCnS_genefamily_12417', 'Simakov2022BCnS_genefamily_3303')	0.0		match_both_missing	True
475	1933128	Cyrtorhinuslividipennis-1032904-GCA019603395.1	('Simakov2022BCnS_genefamily_1000', 'Simakov2022BCnS_genefamily_11359')	0.0		match_both_missing	True
475	1989985	Cyrtorhinuslividipennis-1032904-GCA019603395.1	('Simakov2022BCnS_genefamily_7708', 'Simakov2022BCnS_genefamily_8564')	0.0		match_both_missing	True
475	2046841	Cyrtorhinuslividipennis-1032904-GCA019603395.1	('Simakov2022BCnS_genefamily_2132', 'Simakov2022BCnS_genefamily_8050')	0.0		match_both_missing	True
475	2103698	Cyrtorhinuslividipennis-1032904-GCA019603395.1	('Simakov2022BCnS_genefamily_4395', 'Simakov2022BCnS_genefamily_8930')	0.0		match_both_missing	True
475	2160555	Cyrtorhinuslividipennis-1032904-GCA019603395.1	('Simakov2022BCnS_genefamily_7033', 'Simakov2022BCnS_genefamily_7620')	0.0		match_both_missing	True
475	2217411	Cyrtorhinuslividipennis-1032904-GCA019603395.1	('Simakov2022BCnS_genefamily_12360', 'Simakov2022BCnS_genefamily_3058')	0.0		match_both_missing	True
475	2274268	Cyrtorhinuslividipennis-1032904-GCA019603395.1	('Simakov2022BCnS_genefamily_132', 'Simakov2022BCnS_genefamily_4598')	0.0		match_both_missing	True
475	2331125	Cyrtorhinuslividipennis-1032904-GCA019603395.1	('Simakov2022BCnS_genefamily_12137', 'Simakov2022BCnS_genefamily_2209')	0.0		match_both_missing	True
475	2387982	Cyrtorhinuslividipennis-1032904-GCA019603395.1	('Simakov2022BCnS_genefamily_2917', 'Simakov2022BCnS_genefamily_883')	0.0		match_both_missing	True
475	2444838	Cyrtorhinuslividipennis-1032904-GCA019603395.1	('Simakov2022BCnS_genefamily_10131', 'Simakov2022BCnS_genefamily_7196')	0.0		match_both_missing	True
475	2501695	Cyrtorhinuslividipennis-1032904-GCA019603395.1	('Simakov2022BCnS_genefamily_1598', 'Simakov2022BCnS_genefamily_3869')	0.0		match_both_missing	True
475	2558552	Cyrtorhinuslividipennis-1032904-GCA019603395.1	('Simakov2022BCnS_genefamily_3592', 'Simakov2022BCnS_genefamily_999')	0.0		match_both_missing	True
475	2615408	Cyrtorhinuslividipennis-1032904-GCA019603395.1	('Simakov2022BCnS_genefamily_5675', 'Simakov2022BCnS_genefamily_8898')	0.0		match_both_missing	True
475	2672265	Cyrtorhinuslividipennis-1032904-GCA019603395.1	('Simakov2022BCnS_genefamily_10591', 'Simakov2022BCnS_genefamily_9321')	0.0		match_both_missing	True
475	2729122	Cyrtorhinuslividipennis-1032904-GCA019603395.1	('Simakov2022BCnS_genefamily_1144', 'Simakov2022BCnS_genefamily_7833')	0.0		match_both_missing	True
475	2785979	Cyrtorhinuslividipennis-1032904-GCA019603395.1	('Simakov2022BCnS_genefamily_3533', 'Simakov2022BCnS_genefamily_5668')	0.0		match_both_missing	True
593	0	Pterostichusniger-106386-GCA947425015.1	('Simakov2022BCnS_genefamily_11671', 'Simakov2022BCnS_genefamily_8892')	0.0		match_both_missing	True
593	56856	Pterostichusniger-106386-GCA947425015.1	('Simakov2022BCnS_genefamily_3414', 'Simakov2022BCnS_genefamily_8719')	0.0		match_both_missing	True
593	113713	Pterostichusniger-106386-GCA947425015.1	('Simakov2022BCnS_genefamily_1642', 'Simakov2022BCnS_genefamily_7254')	0.0		match_both_missing	True
593	170570	Pterostichusniger-106386-GCA947425015.1	('Simakov2022BCnS_genefamily_7106', 'Simakov2022BCnS_genefamily_8489')	0.0		match_both_missing	True
593	227426	Pterostichusniger-106386-GCA947425015.1	('Simakov2022BCnS_genefamily_7876', 'Simakov2022BCnS_genefamily_8983')	0.0		match_both_missing	True
593	284283	Pterostichusniger-106386-GCA947425015.1	('Simakov2022BCnS_genefamily_11878', 'Simakov2022BCnS_genefamily_1767')	0.0		match_both_missing	True
593	341140	Pterostichusniger-106386-GCA947425015.1	('Simakov2022BCnS_genefamily_456', 'Simakov2022BCnS_genefamily_7275')	0.0		match_both_missing	True
593	397997	Pterostichusniger-106386-GCA947425015.1	('Simakov2022BCnS_genefamily_177', 'Simakov2022BCnS_genefamily_6305')	0.0		match_both_missing	True
593	454853	Pterostichusniger-106386-GCA947425015.1	('Simakov2022BCnS_genefamily_11081', 'Simakov2022BCnS_genefamily_2267')	0.0		match_both_missing	True
593	511710	Pterostichusniger-106386-GCA947425015.1	('Simakov2022BCnS_genefamily_11901', 'Simakov2022BCnS_genefamily_7442')	0.0		match_both_missing	True
593	568567	Pterostichusniger-106386-GCA947425015.1	('Simakov2022BCnS_genefamily_11043', 'Simakov2022BCnS_genefamily_7872')	0.0		match_both_missing	True
593	625423	Pterostichusniger-106386-GCA947425015.1	('Simakov2022BCnS_genefamily_7747', 'Simakov2022BCnS_genefamily_9166')	0.0		match_both_missing	True
593	682280	Pterostichusniger-106386-GCA947425015.1	('Simakov2022BCnS_genefamily_12548', 'Simakov2022BCnS_genefamily_3287')	0.0		match_both_missing	True
593	739137	Pterostichusniger-106386-GCA947425015.1	('Simakov2022BCnS_genefamily_1337', 'Simakov2022BCnS_genefamily_3482')	0.0		match_both_missing	True
593	795994	Pterostichusniger-106386-GCA947425015.1	('Simakov2022BCnS_genefamily_10438', 'Simakov2022BCnS_genefamily_11602')	0.0		match_both_missing	True
593	852850	Pterostichusniger-106386-GCA947425015.1	('Simakov2022BCnS_genefamily_10491', 'Simakov2022BCnS_genefamily_12830')	0.0		match_both_missing	True
593	909707	Pterostichusniger-106386-GCA947425015.1	('Simakov2022BCnS_genefamily_10246', 'Simakov2022BCnS_genefamily_12960')	0.0		match_both_missing	True
593	966564	Pterostichusniger-106386-GCA947425015.1	('Simakov2022BCnS_genefamily_2629', 'Simakov2022BCnS_genefamily_421')	0.0		match_both_missing	True
593	1023420	Pterostichusniger-106386-GCA947425015.1	('Simakov2022BCnS_genefamily_6596', 'Simakov2022BCnS_genefamily_8677')	0.0		match_both_missing	True
593	1080277	Pterostichusniger-106386-GCA947425015.1	('Simakov2022BCnS_genefamily_1880', 'Simakov2022BCnS_genefamily_5337')	0.0		match_both_missing	True
593	1137134	Pterostichusniger-106386-GCA947425015.1	('Simakov2022BCnS_genefamily_11749', 'Simakov2022BCnS_genefamily_8559')	0.0		match_both_missing	True
593	1193991	Pterostichusniger-106386-GCA947425015.1	('Simakov2022BCnS_genefamily_6846', 'Simakov2022BCnS_genefamily_8308')	0.0		match_both_missing	True
593	1250847	Pterostichusniger-106386-GCA947425015.1	('Simakov2022BCnS_genefamily_12960', 'Simakov2022BCnS_genefamily_6118')	0.0		match_both_missing	True
593	1307704	Pterostichusniger-106386-GCA947425015.1	('Simakov2022BCnS_genefamily_12390', 'Simakov2022BCnS_genefamily_5288')	0.0		match_both_missing	True
593	1364561	Pterostichusniger-106386-GCA947425015.1	('Simakov2022BCnS_genefamily_11392', 'Simakov2022BCnS_genefamily_4537')	0.0		match_both_missing	True
593	1421417	Pterostichusniger-106386-GCA947425015.1	('Simakov2022BCnS_genefamily_12166', 'Simakov2022BCnS_genefamily_3756')	0.0		match_both_missing	True
593	1478274	Pterostichusniger-106386-GCA947425015.1	('Simakov2022BCnS_genefamily_1375', 'Simakov2022BCnS_genefamily_364')	0.0		match_both_missing	True
593	1535131	Pterostichusniger-106386-GCA947425015.1	('Simakov2022BCnS_genefamily_10846', 'Simakov2022BCnS_genefamily_1886')	0.0		match_both_missing	True
593	1591988	Pterostichusniger-106386-GCA947425015.1	('Simakov2022BCnS_genefamily_6424', 'Simakov2022BCnS_genefamily_7051')	0.0		match_both_missing	True
593	1648844	Pterostichusniger-106386-GCA947425015.1	('Simakov2022BCnS_genefamily_10640', 'Simakov2022BCnS_genefamily_11566')	0.0		match_both_missing	True
593	1705701	Pterostichusniger-106386-GCA947425015.1	('Simakov2022BCnS_genefamily_1147', 'Simakov2022BCnS_genefamily_6516')	0.0		match_both_missing	True
593	1762558	Pterostichusniger-106386-GCA947425015.1	('Simakov2022BCnS_genefamily_4672', 'Simakov2022BCnS_genefamily_6460')	0.0		match_both_missing	True
593	1819414	Pterostichusniger-106386-GCA947425015.1	('Simakov2022BCnS_genefamily_12196', 'Simakov2022BCnS_genefamily_6391')	0.0		match_both_missing	True
593	1876271	Pterostichusniger-106386-GCA947425015.1	('Simakov2022BCnS_genefamily_12417', 'Simakov2022BCnS_genefamily_3303')	0.0		match_both_missing	True
593	1933128	Pterostichusniger-106386-GCA947425015.1	('Simakov2022BCnS_genefamily_1000', 'Simakov2022BCnS_genefamily_11359')	0.0		match_both_missing	True
593	1989985	Pterostichusniger-106386-GCA947425015.1	('Simakov2022BCnS_genefamily_7708', 'Simakov2022BCnS_genefamily_8564')	0.0		match_both_missing	True
593	2046841	Pterostichusniger-106386-GCA947425015.1	('Simakov2022BCnS_genefamily_2132', 'Simakov2022BCnS_genefamily_8050')	0.0		match_both_missing	True
593	2103698	Pterostichusniger-106386-GCA947425015.1	('Simakov2022BCnS_genefamily_4395', 'Simakov2022BCnS_genefamily_8930')	0.0		match_both_missing	True
593	2160555	Pterostichusniger-106386-GCA947425015.1	('Simakov2022BCnS_genefamily_7033', 'Simakov2022BCnS_genefamily_7620')	0.0		match_both_missing	True
593	2217411	Pterostichusniger-106386-GCA947425015.1	('Simakov2022BCnS_genefamily_12360', 'Simakov2022BCnS_genefamily_3058')	0.0		match_both_missing	True
593	2274268	Pterostichusniger-106386-GCA947425015.1	('Simakov2022BCnS_genefamily_132', 'Simakov2022BCnS_genefamily_4598')	0.0		match_both_missing	True
593	2331125	Pterostichusniger-106386-GCA947425015.1	('Simakov2022BCnS_genefamily_12137', 'Simakov2022BCnS_genefamily_2209')	0.0		match_both_missing	True
593	2387982	Pterostichusniger-106386-GCA947425015.1	('Simakov2022BCnS_genefamily_2917', 'Simakov2022BCnS_genefamily_883')	0.0		match_both_missing	True
593	2444838	Pterostichusniger-106386-GCA947425015.1	('Simakov2022BCnS_genefamily_10131', 'Simakov2022BCnS_genefamily_7196')	0.0		match_both_missing	True
593	2501695	Pterostichusniger-106386-GCA947425015.1	('Simakov2022BCnS_genefamily_1598', 'Simakov2022BCnS_genefamily_3869')	0.0		match_both_missing	True
593	2558552	Pterostichusniger-106386-GCA947425015.1	('Simakov2022BCnS_genefamily_3592', 'Simakov2022BCnS_genefamily_999')	1801.0	1801.0	match	True
593	2615408	Pterostichusniger-106386-GCA947425015.1	('Simakov2022BCnS_genefamily_5675', 'Simakov2022BCnS_genefamily_8898')	0.0		match_both_missing	True
593	2672265	Pterostichusniger-106386-GCA947425015.1	('Simakov2022BCnS_genefamily_10591', 'Simakov2022BCnS_genefamily_9321')	0.0		match_both_missing	True
593	2729122	Pterostichusniger-106386-GCA947425015.1	('Simakov2022BCnS_genefamily_1144', 'Simakov2022BCnS_genefamily_7833')	0.0		match_both_missing	True
593	2785979	Pterostichusniger-106386-GCA947425015.1	('Simakov2022BCnS_genefamily_3533', 'Simakov2022BCnS_genefamily_5668')	0.0		match_both_missing	True
712	0	Brassicogethesaeneus-1431903-GCA921294245.1	('Simakov2022BCnS_genefamily_11671', 'Simakov2022BCnS_genefamily_8892')	0.0		match_both_missing	True
712	56856	Brassicogethesaeneus-1431903-GCA921294245.1	('Simakov2022BCnS_genefamily_3414', 'Simakov2022BCnS_genefamily_8719')	0.0		match_both_missing	True
712	113713	Brassicogethesaeneus-1431903-GCA921294245.1	('Simakov2022BCnS_genefamily_1642', 'Simakov2022BCnS_genefamily_7254')	0.0		match_both_missing	True
712	170570	Brassicogethesaeneus-1431903-GCA921294245.1	('Simakov2022BCnS_genefamily_7106', 'Simakov2022BCnS_genefamily_8489')	0.0		match_both_missing	True
712	227426	Brassicogethesaeneus-1431903-GCA921294245.1	('Simakov2022BCnS_genefamily_7876', 'Simakov2022BCnS_genefamily_8983')	0.0		match_both_missing	True
712	284283	Brassicogethesaeneus-1431903-GCA921294245.1	('Simakov2022BCnS_genefamily_11878', 'Simakov2022BCnS_genefamily_1767')	0.0		match_both_missing	True
712	341140	Brassicogethesaeneus-1431903-GCA921294245.1	('Simakov2022BCnS_genefamily_456', 'Simakov2022BCnS_genefamily_7275')	0.0		match_both_missing	True
712	397997	Brassicogethesaeneus-1431903-GCA921294245.1	('Simakov2022BCnS_genefamily_177', 'Simakov2022BCnS_genefamily_6305')	0.0		match_both_missing	True
712	454853	Brassicogethesaeneus-1431903-GCA921294245.1	('Simakov2022BCnS_genefamily_11081', 'Simakov2022BCnS_genefamily_2267')	0.0		match_both_missing	True
712	511710	Brassicogethesaeneus-1431903-GCA921294245.1	('Simakov2022BCnS_genefamily_11901', 'Simakov2022BCnS_genefamily_7442')	0.0		match_both_missing	True
712	568567	Brassicogethesaeneus-1431903-GCA921294245.1	('Simakov2022BCnS_genefamily_11043', 'Simakov2022BCnS_genefamily_7872')	0.0		match_both_missing	True
712	625423	Brassicogethesaeneus-1431903-GCA921294245.1	('Simakov2022BCnS_genefamily_7747', 'Simakov2022BCnS_genefamily_9166')	0.0		match_both_missing	True
712	682280	Brassicogethesaeneus-1431903-GCA921294245.1	('Simakov2022BCnS_genefamily_12548', 'Simakov2022BCnS_genefamily_3287')	0.0		match_both_missing	True
712	739137	Brassicogethesaeneus-1431903-GCA921294245.1	('Simakov2022BCnS_genefamily_1337', 'Simakov2022BCnS_genefamily_3482')	0.0		match_both_missing	True
712	795994	Brassicogethesaeneus-1431903-GCA921294245.1	('Simakov2022BCnS_genefamily_10438', 'Simakov2022BCnS_genefamily_11602')	0.0		match_both_missing	True
712	852850	Brassicogethesaeneus-1431903-GCA921294245.1	('Simakov2022BCnS_genefamily_10491', 'Simakov2022BCnS_genefamily_12830')	0.0		match_both_missing	True
712	909707	Brassicogethesaeneus-1431903-GCA921294245.1	('Simakov2022BCnS_genefamily_10246', 'Simakov2022BCnS_genefamily_12960')	0.0		match_both_missing	True
712	966564	Brassicogethesaeneus-1431903-GCA921294245.1	('Simakov2022BCnS_genefamily_2629', 'Simakov2022BCnS_genefamily_421')	0.0		match_both_missing	True
712	1023420	Brassicogethesaeneus-1431903-GCA921294245.1	('Simakov2022BCnS_genefamily_6596', 'Simakov2022BCnS_genefamily_8677')	0.0		match_both_missing	True
712	1080277	Brassicogethesaeneus-1431903-GCA921294245.1	('Simakov2022BCnS_genefamily_1880', 'Simakov2022BCnS_genefamily_5337')	0.0		match_both_missing	True
712	1137134	Brassicogethesaeneus-1431903-GCA921294245.1	('Simakov2022BCnS_genefamily_11749', 'Simakov2022BCnS_genefamily_8559')	0.0		match_both_missing	True
712	1193991	Brassicogethesaeneus-1431903-GCA921294245.1	('Simakov2022BCnS_genefamily_6846', 'Simakov2022BCnS_genefamily_8308')	0.0		match_both_missing	True
712	1250847	Brassicogethesaeneus-1431903-GCA921294245.1	('Simakov2022BCnS_genefamily_12960', 'Simakov2022BCnS_genefamily_6118')	0.0		match_both_missing	True
712	1307704	Brassicogethesaeneus-1431903-GCA921294245.1	('Simakov2022BCnS_genefamily_12390', 'Simakov2022BCnS_genefamily_5288')	0.0		match_both_missing	True
712	1364561	Brassicogethesaeneus-1431903-GCA921294245.1	('Simakov2022BCnS_genefamily_11392', 'Simakov2022BCnS_genefamily_4537')	0.0		match_both_missing	True
712	1421417	Brassicogethesaeneus-1431903-GCA921294245.1	('Simakov2022BCnS_genefamily_12166', 'Simakov2022BCnS_genefamily_3756')	0.0		match_both_missing	True
712	1478274	Brassicogethesaeneus-1431903-GCA921294245.1	('Simakov2022BCnS_genefamily_1375', 'Simakov2022BCnS_genefamily_364')	0.0		match_both_missing	True
712	1535131	Brassicogethesaeneus-1431903-GCA921294245.1	('Simakov2022BCnS_genefamily_10846', 'Simakov2022BCnS_genefamily_1886')	0.0		match_both_missing	True
712	1591988	Brassicogethesaeneus-1431903-GCA921294245.1	('Simakov2022BCnS_genefamily_6424', 'Simakov2022BCnS_genefamily_7051')	0.0		match_both_missing	True
712	1648844	Brassicogethesaeneus-1431903-GCA921294245.1	('Simakov2022BCnS_genefamily_10640', 'Simakov2022BCnS_genefamily_11566')	0.0		match_both_missing	True
712	1705701	Brassicogethesaeneus-1431903-GCA921294245.1	('Simakov2022BCnS_genefamily_1147', 'Simakov2022BCnS_genefamily_6516')	0.0		match_both_missing	True
712	1762558	Brassicogethesaeneus-1431903-GCA921294245.1	('Simakov2022BCnS_genefamily_4672', 'Simakov2022BCnS_genefamily_6460')	0.0		match_both_missing	True
712	1819414	Brassicogethesaeneus-1431903-GCA921294245.1	('Simakov2022BCnS_genefamily_12196', 'Simakov2022BCnS_genefamily_6391')	0.0		match_both_missing	True
712	1876271	Brassicogethesaeneus-1431903-GCA921294245.1	('Simakov2022BCnS_genefamily_12417', 'Simakov2022BCnS_genefamily_3303')	0.0		match_both_missing	True
712	1933128	Brassicogethesaeneus-1431903-GCA921294245.1	('Simakov2022BCnS_genefamily_1000', 'Simakov2022BCnS_genefamily_11359')	0.0		match_both_missing	True
712	1989985	Brassicogethesaeneus-1431903-GCA921294245.1	('Simakov2022BCnS_genefamily_7708', 'Simakov2022BCnS_genefamily_8564')	0.0		match_both_missing	True
712	2046841	Brassicogethesaeneus-1431903-GCA921294245.1	('Simakov2022BCnS_genefamily_2132', 'Simakov2022BCnS_genefamily_8050')	0.0		match_both_missing	True
712	2103698	Brassicogethesaeneus-1431903-GCA921294245.1	('Simakov2022BCnS_genefamily_4395', 'Simakov2022BCnS_genefamily_8930')	0.0		match_both_missing	True
712	2160555	Brassicogethesaeneus-1431903-GCA921294245.1	('Simakov2022BCnS_genefamily_7033', 'Simakov2022BCnS_genefamily_7620')	0.0		match_both_missing	True
712	2217411	Brassicogethesaeneus-1431903-GCA921294245.1	('Simakov2022BCnS_genefamily_12360', 'Simakov2022BCnS_genefamily_3058')	0.0		match_both_missing	True
712	2274268	Brassicogethesaeneus-1431903-GCA921294245.1	('Simakov2022BCnS_genefamily_132', 'Simakov2022BCnS_genefamily_4598')	0.0		match_both_missing	True
712	2331125	Brassicogethesaeneus-1431903-GCA921294245.1	('Simakov2022BCnS_genefamily_12137', 'Simakov2022BCnS_genefamily_2209')	0.0		match_both_missing	True
712	2387982	Brassicogethesaeneus-1431903-GCA921294245.1	('Simakov2022BCnS_genefamily_2917', 'Simakov2022BCnS_genefamily_883')	0.0		match_both_missing	True
712	2444838	Brassicogethesaeneus-1431903-GCA921294245.1	('Simakov2022BCnS_genefamily_10131', 'Simakov2022BCnS_genefamily_7196')	17331333.0	17331333.0	match	True
712	2501695	Brassicogethesaeneus-1431903-GCA921294245.1	('Simakov2022BCnS_genefamily_1598', 'Simakov2022BCnS_genefamily_3869')	0.0		match_both_missing	True
712	2558552	Brassicogethesaeneus-1431903-GCA921294245.1	('Simakov2022BCnS_genefamily_3592', 'Simakov2022BCnS_genefamily_999')	251767.0	251767.0	match	True
712	2615408	Brassicogethesaeneus-1431903-GCA921294245.1	('Simakov2022BCnS_genefamily_5675', 'Simakov2022BCnS_genefamily_8898')	0.0		match_both_missing	True
712	2672265	Brassicogethesaeneus-1431903-GCA921294245.1	('Simakov2022BCnS_genefamily_10591', 'Simakov2022BCnS_genefamily_9321')	0.0		match_both_missing	True
712	2729122	Brassicogethesaeneus-1431903-GCA921294245.1	('Simakov2022BCnS_genefamily_1144', 'Simakov2022BCnS_genefamily_7833')	0.0		match_both_missing	True
712	2785979	Brassicogethesaeneus-1431903-GCA921294245.1	('Simakov2022BCnS_genefamily_3533', 'Simakov2022BCnS_genefamily_5668')	0.0		match_both_missing	True
831	0	Platystomosalbinus-197009-GCA964106875.1	('Simakov2022BCnS_genefamily_11671', 'Simakov2022BCnS_genefamily_8892')	0.0		match_both_missing	True
831	56856	Platystomosalbinus-197009-GCA964106875.1	('Simakov2022BCnS_genefamily_3414', 'Simakov2022BCnS_genefamily_8719')	0.0		match_both_missing	True
831	113713	Platystomosalbinus-197009-GCA964106875.1	('Simakov2022BCnS_genefamily_1642', 'Simakov2022BCnS_genefamily_7254')	0.0		match_both_missing	True
831	170570	Platystomosalbinus-197009-GCA964106875.1	('Simakov2022BCnS_genefamily_7106', 'Simakov2022BCnS_genefamily_8489')	0.0		match_both_missing	True
831	227426	Platystomosalbinus-197009-GCA964106875.1	('Simakov2022BCnS_genefamily_7876', 'Simakov2022BCnS_genefamily_8983')	0.0		match_both_missing	True
831	284283	Platystomosalbinus-197009-GCA964106875.1	('Simakov2022BCnS_genefamily_11878', 'Simakov2022BCnS_genefamily_1767')	0.0		match_both_missing	True
831	341140	Platystomosalbinus-197009-GCA964106875.1	('Simakov2022BCnS_genefamily_456', 'Simakov2022BCnS_genefamily_7275')	0.0		match_both_missing	True
831	397997	Platystomosalbinus-197009-GCA964106875.1	('Simakov2022BCnS_genefamily_177', 'Simakov2022BCnS_genefamily_6305')	0.0		match_both_missing	True
831	454853	Platystomosalbinus-197009-GCA964106875.1	('Simakov2022BCnS_genefamily_11081', 'Simakov2022BCnS_genefamily_2267')	0.0		match_both_missing	True
831	511710	Platystomosalbinus-197009-GCA964106875.1	('Simakov2022BCnS_genefamily_11901', 'Simakov2022BCnS_genefamily_7442')	0.0		match_both_missing	True
831	568567	Platystomosalbinus-197009-GCA964106875.1	('Simakov2022BCnS_genefamily_11043', 'Simakov2022BCnS_genefamily_7872')	0.0		match_both_missing	True
831	625423	Platystomosalbinus-197009-GCA964106875.1	('Simakov2022BCnS_genefamily_7747', 'Simakov2022BCnS_genefamily_9166')	0.0		match_both_missing	True
831	682280	Platystomosalbinus-197009-GCA964106875.1	('Simakov2022BCnS_genefamily_12548', 'Simakov2022BCnS_genefamily_3287')	158073.0	158073.0	match	True
831	739137	Platystomosalbinus-197009-GCA964106875.1	('Simakov2022BCnS_genefamily_1337', 'Simakov2022BCnS_genefamily_3482')	0.0		match_both_missing	True
831	795994	Platystomosalbinus-197009-GCA964106875.1	('Simakov2022BCnS_genefamily_10438', 'Simakov2022BCnS_genefamily_11602')	0.0		match_both_missing	True
831	852850	Platystomosalbinus-197009-GCA964106875.1	('Simakov2022BCnS_genefamily_10491', 'Simakov2022BCnS_genefamily_12830')	0.0		match_both_missing	True
831	909707	Platystomosalbinus-197009-GCA964106875.1	('Simakov2022BCnS_genefamily_10246', 'Simakov2022BCnS_genefamily_12960')	0.0		match_both_missing	True
831	966564	Platystomosalbinus-197009-GCA964106875.1	('Simakov2022BCnS_genefamily_2629', 'Simakov2022BCnS_genefamily_421')	0.0		match_both_missing	True
831	1023420	Platystomosalbinus-197009-GCA964106875.1	('Simakov2022BCnS_genefamily_6596', 'Simakov2022BCnS_genefamily_8677')	0.0		match_both_missing	True
831	1080277	Platystomosalbinus-197009-GCA964106875.1	('Simakov2022BCnS_genefamily_1880', 'Simakov2022BCnS_genefamily_5337')	0.0		match_both_missing	True
831	1137134	Platystomosalbinus-197009-GCA964106875.1	('Simakov2022BCnS_genefamily_11749', 'Simakov2022BCnS_genefamily_8559')	0.0		match_both_missing	True
831	1193991	Platystomosalbinus-197009-GCA964106875.1	('Simakov2022BCnS_genefamily_6846', 'Simakov2022BCnS_genefamily_8308')	0.0		match_both_missing	True
831	1250847	Platystomosalbinus-197009-GCA964106875.1	('Simakov2022BCnS_genefamily_12960', 'Simakov2022BCnS_genefamily_6118')	0.0		match_both_missing	True
831	1307704	Platystomosalbinus-197009-GCA964106875.1	('Simakov2022BCnS_genefamily_12390', 'Simakov2022BCnS_genefamily_5288')	0.0		match_both_missing	True
831	1364561	Platystomosalbinus-197009-GCA964106875.1	('Simakov2022BCnS_genefamily_11392', 'Simakov2022BCnS_genefamily_4537')	0.0		match_both_missing	True
831	1421417	Platystomosalbinus-197009-GCA964106875.1	('Simakov2022BCnS_genefamily_12166', 'Simakov2022BCnS_genefamily_3756')	0.0		match_both_missing	True
831	1478274	Platystomosalbinus-197009-GCA964106875.1	('Simakov2022BCnS_genefamily_1375', 'Simakov2022BCnS_genefamily_364')	0.0		match_both_missing	True
831	1535131	Platystomosalbinus-197009-GCA964106875.1	('Simakov2022BCnS_genefamily_10846', 'Simakov2022BCnS_genefamily_1886')	0.0		match_both_missing	True
831	1591988	Platystomosalbinus-197009-GCA964106875.1	('Simakov2022BCnS_genefamily_6424', 'Simakov2022BCnS_genefamily_7051')	0.0		match_both_missing	True
831	1648844	Platystomosalbinus-197009-GCA964106875.1	('Simakov2022BCnS_genefamily_10640', 'Simakov2022BCnS_genefamily_11566')	0.0		match_both_missing	True
831	1705701	Platystomosalbinus-197009-GCA964106875.1	('Simakov2022BCnS_genefamily_1147', 'Simakov2022BCnS_genefamily_6516')	0.0		match_both_missing	True
831	1762558	Platystomosalbinus-197009-GCA964106875.1	('Simakov2022BCnS_genefamily_4672', 'Simakov2022BCnS_genefamily_6460')	0.0		match_both_missing	True
831	1819414	Platystomosalbinus-197009-GCA964106875.1	('Simakov2022BCnS_genefamily_12196', 'Simakov2022BCnS_genefamily_6391')	0.0		match_both_missing	True
831	1876271	Platystomosalbinus-197009-GCA964106875.1	('Simakov2022BCnS_genefamily_12417', 'Simakov2022BCnS_genefamily_3303')	0.0		match_both_missing	True
831	1933128	Platystomosalbinus-197009-GCA964106875.1	('Simakov2022BCnS_genefamily_1000', 'Simakov2022BCnS_genefamily_11359')	0.0		match_both_missing	True
831	1989985	Platystomosalbinus-197009-GCA964106875.1	('Simakov2022BCnS_genefamily_7708', 'Simakov2022BCnS_genefamily_8564')	0.0		match_both_missing	True
831	2046841	Platystomosalbinus-197009-GCA964106875.1	('Simakov2022BCnS_genefamily_2132', 'Simakov2022BCnS_genefamily_8050')	0.0		match_both_missing	True
831	2103698	Platystomosalbinus-197009-GCA964106875.1	('Simakov2022BCnS_genefamily_4395', 'Simakov2022BCnS_genefamily_8930')	0.0		match_both_missing	True
831	2160555	Platystomosalbinus-197009-GCA964106875.1	('Simakov2022BCnS_genefamily_7033', 'Simakov2022BCnS_genefamily_7620')	0.0		match_both_missing	True
831	2217411	Platystomosalbinus-197009-GCA964106875.1	('Simakov2022BCnS_genefamily_12360', 'Simakov2022BCnS_genefamily_3058')	0.0		match_both_missing	True
831	2274268	Platystomosalbinus-197009-GCA964106875.1	('Simakov2022BCnS_genefamily_132', 'Simakov2022BCnS_genefamily_4598')	0.0		match_both_missing	True
831	2331125	Platystomosalbinus-197009-GCA964106875.1	('Simakov2022BCnS_genefamily_12137', 'Simakov2022BCnS_genefamily_2209')	0.0		match_both_missing	True
831	2387982	Platystomosalbinus-197009-GCA964106875.1	('Simakov2022BCnS_genefamily_2917', 'Simakov2022BCnS_genefamily_883')	0.0		match_both_missing	True
831	2444838	Platystomosalbinus-197009-GCA964106875.1	('Simakov2022BCnS_genefamily_10131', 'Simakov2022BCnS_genefamily_7196')	0.0		match_both_missing	True
831	2501695	Platystomosalbinus-197009-GCA964106875.1	('Simakov2022BCnS_genefamily_1598', 'Simakov2022BCnS_genefamily_3869')	0.0		match_both_missing	True
831	2558552	Platystomosalbinus-197009-GCA964106875.1	('Simakov2022BCnS_genefamily_3592', 'Simakov2022BCnS_genefamily_999')	425640.0	425640.0	match	True
831	2615408	Platystomosalbinus-197009-GCA964106875.1	('Simakov2022BCnS_genefamily_5675', 'Simakov2022BCnS_genefamily_8898')	0.0		match_both_missing	True
831	2672265	Platystomosalbinus-197009-GCA964106875.1	('Simakov2022BCnS_genefamily_10591', 'Simakov2022BCnS_genefamily_9321')	0.0		match_both_missing	True
831	2729122	Platystomosalbinus-197009-GCA964106875.1	('Simakov2022BCnS_genefamily_1144', 'Simakov2022BCnS_genefamily_7833')	0.0		match_both_missing	True
831	2785979	Platystomosalbinus-197009-GCA964106875.1	('Simakov2022BCnS_genefamily_3533', 'Simakov2022BCnS_genefamily_5668')	0.0		match_both_missing	True
950	0	Aedesnotoscriptus-508665-GCA040801935.1	('Simakov2022BCnS_genefamily_11671', 'Simakov2022BCnS_genefamily_8892')	208996118.0	208996118.0	match	True
950	56856	Aedesnotoscriptus-508665-GCA040801935.1	('Simakov2022BCnS_genefamily_3414', 'Simakov2022BCnS_genefamily_8719')	0.0		match_both_missing	True
950	113713	Aedesnotoscriptus-508665-GCA040801935.1	('Simakov2022BCnS_genefamily_1642', 'Simakov2022BCnS_genefamily_7254')	0.0		match_both_missing	True
950	170570	Aedesnotoscriptus-508665-GCA040801935.1	('Simakov2022BCnS_genefamily_7106', 'Simakov2022BCnS_genefamily_8489')	41275330.0	41275330.0	match	True
950	227426	Aedesnotoscriptus-508665-GCA040801935.1	('Simakov2022BCnS_genefamily_7876', 'Simakov2022BCnS_genefamily_8983')	0.0		match_both_missing	True
950	284283	Aedesnotoscriptus-508665-GCA040801935.1	('Simakov2022BCnS_genefamily_11878', 'Simakov2022BCnS_genefamily_1767')	0.0		match_both_missing	True
950	341140	Aedesnotoscriptus-508665-GCA040801935.1	('Simakov2022BCnS_genefamily_456', 'Simakov2022BCnS_genefamily_7275')	0.0		match_both_missing	True
950	397997	Aedesnotoscriptus-508665-GCA040801935.1	('Simakov2022BCnS_genefamily_177', 'Simakov2022BCnS_genefamily_6305')	0.0		match_both_missing	True
950	454853	Aedesnotoscriptus-508665-GCA040801935.1	('Simakov2022BCnS_genefamily_11081', 'Simakov2022BCnS_genefamily_2267')	0.0		match_both_missing	True
950	511710	Aedesnotoscriptus-508665-GCA040801935.1	('Simakov2022BCnS_genefamily_11901', 'Simakov2022BCnS_genefamily_7442')	0.0		match_both_missing	True
950	568567	Aedesnotoscriptus-508665-GCA040801935.1	('Simakov2022BCnS_genefamily_11043', 'Simakov2022BCnS_genefamily_7872')	0.0		match_both_missing	True
950	625423	Aedesnotoscriptus-508665-GCA040801935.1	('Simakov2022BCnS_genefamily_7747', 'Simakov2022BCnS_genefamily_9166')	0.0		match_both_missing	True
950	682280	Aedesnotoscriptus-508665-GCA040801935.1	('Simakov2022BCnS_genefamily_12548', 'Simakov2022BCnS_genefamily_3287')	0.0		match_both_missing	True
950	739137	Aedesnotoscriptus-508665-GCA040801935.1	('Simakov2022BCnS_genefamily_1337', 'Simakov2022BCnS_genefamily_3482')	0.0		match_both_missing	True
950	795994	Aedesnotoscriptus-508665-GCA040801935.1	('Simakov2022BCnS_genefamily_10438', 'Simakov2022BCnS_genefamily_11602')	0.0		match_both_missing	True
950	852850	Aedesnotoscriptus-508665-GCA040801935.1	('Simakov2022BCnS_genefamily_10491', 'Simakov2022BCnS_genefamily_12830')	0.0		match_both_missing	True
950	909707	Aedesnotoscriptus-508665-GCA040801935.1	('Simakov2022BCnS_genefamily_10246', 'Simakov2022BCnS_genefamily_12960')	181312802.0	181312802.0	match	True
950	966564	Aedesnotoscriptus-508665-GCA040801935.1	('Simakov2022BCnS_genefamily_2629', 'Simakov2022BCnS_genefamily_421')	0.0		match_both_missing	True
950	1023420	Aedesnotoscriptus-508665-GCA040801935.1	('Simakov2022BCnS_genefamily_6596', 'Simakov2022BCnS_genefamily_8677')	0.0		match_both_missing	True
950	1080277	Aedesnotoscriptus-508665-GCA040801935.1	('Simakov2022BCnS_genefamily_1880', 'Simakov2022BCnS_genefamily_5337')	0.0		match_both_missing	True
950	1137134	Aedesnotoscriptus-508665-GCA040801935.1	('Simakov2022BCnS_genefamily_11749', 'Simakov2022BCnS_genefamily_8559')	0.0		match_both_missing	True
950	1193991	Aedesnotoscriptus-508665-GCA040801935.1	('Simakov2022BCnS_genefamily_6846', 'Simakov2022BCnS_genefamily_8308')	0.0		match_both_missing	True
950	1250847	Aedesnotoscriptus-508665-GCA040801935.1	('Simakov2022BCnS_genefamily_12960', 'Simakov2022BCnS_genefamily_6118')	0.0		match_both_missing	True
950	1307704	Aedesnotoscriptus-508665-GCA040801935.1	('Simakov2022BCnS_genefamily_12390', 'Simakov2022BCnS_genefamily_5288')	0.0		match_both_missing	True
950	1364561	Aedesnotoscriptus-508665-GCA040801935.1	('Simakov2022BCnS_genefamily_11392', 'Simakov2022BCnS_genefamily_4537')	0.0		match_both_missing	True
950	1421417	Aedesnotoscriptus-508665-GCA040801935.1	('Simakov2022BCnS_genefamily_12166', 'Simakov2022BCnS_genefamily_3756')	0.0		match_both_missing	True
950	1478274	Aedesnotoscriptus-508665-GCA040801935.1	('Simakov2022BCnS_genefamily_1375', 'Simakov2022BCnS_genefamily_364')	0.0		match_both_missing	True
950	1535131	Aedesnotoscriptus-508665-GCA040801935.1	('Simakov2022BCnS_genefamily_10846', 'Simakov2022BCnS_genefamily_1886')	0.0		match_both_missing	True
950	1591988	Aedesnotoscriptus-508665-GCA040801935.1	('Simakov2022BCnS_genefamily_6424', 'Simakov2022BCnS_genefamily_7051')	0.0		match_both_missing	True
950	1648844	Aedesnotoscriptus-508665-GCA040801935.1	('Simakov2022BCnS_genefamily_10640', 'Simakov2022BCnS_genefamily_11566')	0.0		match_both_missing	True
950	1705701	Aedesnotoscriptus-508665-GCA040801935.1	('Simakov2022BCnS_genefamily_1147', 'Simakov2022BCnS_genefamily_6516')	0.0		match_both_missing	True
950	1762558	Aedesnotoscriptus-508665-GCA040801935.1	('Simakov2022BCnS_genefamily_4672', 'Simakov2022BCnS_genefamily_6460')	0.0		match_both_missing	True
950	1819414	Aedesnotoscriptus-508665-GCA040801935.1	('Simakov2022BCnS_genefamily_12196', 'Simakov2022BCnS_genefamily_6391')	0.0		match_both_missing	True
950	1876271	Aedesnotoscriptus-508665-GCA040801935.1	('Simakov2022BCnS_genefamily_12417', 'Simakov2022BCnS_genefamily_3303')	0.0		match_both_missing	True
950	1933128	Aedesnotoscriptus-508665-GCA040801935.1	('Simakov2022BCnS_genefamily_1000', 'Simakov2022BCnS_genefamily_11359')	0.0		match_both_missing	True
950	1989985	Aedesnotoscriptus-508665-GCA040801935.1	('Simakov2022BCnS_genefamily_7708', 'Simakov2022BCnS_genefamily_8564')	0.0		match_both_missing	True
950	2046841	Aedesnotoscriptus-508665-GCA040801935.1	('Simakov2022BCnS_genefamily_2132', 'Simakov2022BCnS_genefamily_8050')	259215608.0	259215608.0	match	True
950	2103698	Aedesnotoscriptus-508665-GCA040801935.1	('Simakov2022BCnS_genefamily_4395', 'Simakov2022BCnS_genefamily_8930')	0.0		match_both_missing	True
950	2160555	Aedesnotoscriptus-508665-GCA040801935.1	('Simakov2022BCnS_genefamily_7033', 'Simakov2022BCnS_genefamily_7620')	0.0		match_both_missing	True
950	2217411	Aedesnotoscriptus-508665-GCA040801935.1	('Simakov2022BCnS_genefamily_12360', 'Simakov2022BCnS_genefamily_3058')	0.0		match_both_missing	True
950	2274268	Aedesnotoscriptus-508665-GCA040801935.1	('Simakov2022BCnS_genefamily_132', 'Simakov2022BCnS_genefamily_4598')	0.0		match_both_missing	True
950	2331125	Aedesnotoscriptus-508665-GCA040801935.1	('Simakov2022BCnS_genefamily_12137', 'Simakov2022BCnS_genefamily_2209')	0.0		match_both_missing	True
950	2387982	Aedesnotoscriptus-508665-GCA040801935.1	('Simakov2022BCnS_genefamily_2917', 'Simakov2022BCnS_genefamily_883')	0.0		match_both_missing	True
950	2444838	Aedesnotoscriptus-508665-GCA040801935.1	('Simakov2022BCnS_genefamily_10131', 'Simakov2022BCnS_genefamily_7196')	0.0		match_both_missing	True
950	2501695	Aedesnotoscriptus-508665-GCA040801935.1	('Simakov2022BCnS_genefamily_1598', 'Simakov2022BCnS_genefamily_3869')	188711067.0	188711067.0	match	True
950	2558552	Aedesnotoscriptus-508665-GCA040801935.1	('Simakov2022BCnS_genefamily_3592', 'Simakov2022BCnS_genefamily_999')	27830082.0	27830082.0	match	True
950	2615408	Aedesnotoscriptus-508665-GCA040801935.1	('Simakov2022BCnS_genefamily_5675', 'Simakov2022BCnS_genefamily_8898')	74877905.0	74877905.0	match	True
950	2672265	Aedesnotoscriptus-508665-GCA040801935.1	('Simakov2022BCnS_genefamily_10591', 'Simakov2022BCnS_genefamily_9321')	0.0		match_both_missing	True
950	2729122	Aedesnotoscriptus-508665-GCA040801935.1	('Simakov2022BCnS_genefamily_1144', 'Simakov2022BCnS_genefamily_7833')	0.0		match_both_missing	True
950	2785979	Aedesnotoscriptus-508665-GCA040801935.1	('Simakov2022BCnS_genefamily_3533', 'Simakov2022BCnS_genefamily_5668')	0.0		match_both_missing	True
1068	0	Melangynaquadrimaculata-2884232-GCA949320155.1	('Simakov2022BCnS_genefamily_11671', 'Simakov2022BCnS_genefamily_8892')	0.0		match_both_missing	True
1068	56856	Melangynaquadrimaculata-2884232-GCA949320155.1	('Simakov2022BCnS_genefamily_3414', 'Simakov2022BCnS_genefamily_8719')	0.0		match_both_missing	True
1068	113713	Melangynaquadrimaculata-2884232-GCA949320155.1	('Simakov2022BCnS_genefamily_1642', 'Simakov2022BCnS_genefamily_7254')	0.0		match_both_missing	True
1068	170570	Melangynaquadrimaculata-2884232-GCA949320155.1	('Simakov2022BCnS_genefamily_7106', 'Simakov2022BCnS_genefamily_8489')	49619886.0	49619886.0	match	True
1068	227426	Melangynaquadrimaculata-2884232-GCA949320155.1	('Simakov2022BCnS_genefamily_7876', 'Simakov2022BCnS_genefamily_8983')	0.0		match_both_missing	True
1068	284283	Melangynaquadrimaculata-2884232-GCA949320155.1	('Simakov2022BCnS_genefamily_11878', 'Simakov2022BCnS_genefamily_1767')	0.0		match_both_missing	True
1068	341140	Melangynaquadrimaculata-2884232-GCA949320155.1	('Simakov2022BCnS_genefamily_456', 'Simakov2022BCnS_genefamily_7275')	0.0		match_both_missing	True
1068	397997	Melangynaquadrimaculata-2884232-GCA949320155.1	('Simakov2022BCnS_genefamily_177', 'Simakov2022BCnS_genefamily_6305')	0.0		match_both_missing	True
1068	454853	Melangynaquadrimaculata-2884232-GCA949320155.1	('Simakov2022BCnS_genefamily_11081', 'Simakov2022BCnS_genefamily_2267')	0.0		match_both_missing	True
1068	511710	Melangynaquadrimaculata-2884232-GCA949320155.1	('Simakov2022BCnS_genefamily_11901', 'Simakov2022BCnS_genefamily_7442')	0.0		match_both_missing	True
1068	568567	Melangynaquadrimaculata-2884232-GCA949320155.1	('Simakov2022BCnS_genefamily_11043', 'Simakov2022BCnS_genefamily_7872')	394891646.0	394891646.0	match	True
1068	625423	Melangynaquadrimaculata-2884232-GCA949320155.1	('Simakov2022BCnS_genefamily_7747', 'Simakov2022BCnS_genefamily_9166')	0.0		match_both_missing	True
1068	682280	Melangynaquadrimaculata-2884232-GCA949320155.1	('Simakov2022BCnS_genefamily_12548', 'Simakov2022BCnS_genefamily_3287')	0.0		match_both_missing	True
1068	739137	Melangynaquadrimaculata-2884232-GCA949320155.1	('Simakov2022BCnS_genefamily_1337', 'Simakov2022BCnS_genefamily_3482')	0.0		match_both_missing	True
1068	795994	Melangynaquadrimaculata-2884232-GCA949320155.1	('Simakov2022BCnS_genefamily_10438', 'Simakov2022BCnS_genefamily_11602')	0.0		match_both_missing	True
1068	852850	Melangynaquadrimaculata-2884232-GCA949320155.1	('Simakov2022BCnS_genefamily_10491', 'Simakov2022BCnS_genefamily_12830')	0.0		match_both_missing	True
1068	909707	Melangynaquadrimaculata-2884232-GCA949320155.1	('Simakov2022BCnS_genefamily_10246', 'Simakov2022BCnS_genefamily_12960')	0.0		match_both_missing	True
1068	966564	Melangynaquadrimaculata-2884232-GCA949320155.1	('Simakov2022BCnS_genefamily_2629', 'Simakov2022BCnS_genefamily_421')	0.0		match_both_missing	True
1068	1023420	Melangynaquadrimaculata-2884232-GCA949320155.1	('Simakov2022BCnS_genefamily_6596', 'Simakov2022BCnS_genefamily_8677')	0.0		match_both_missing	True
1068	1080277	Melangynaquadrimaculata-2884232-GCA949320155.1	('Simakov2022BCnS_genefamily_1880', 'Simakov2022BCnS_genefamily_5337')	0.0		match_both_missing	True
1068	1137134	Melangynaquadrimaculata-2884232-GCA949320155.1	('Simakov2022BCnS_genefamily_11749', 'Simakov2022BCnS_genefamily_8559')	0.0		match_both_missing	True
1068	1193991	Melangynaquadrimaculata-2884232-GCA949320155.1	('Simakov2022BCnS_genefamily_6846', 'Simakov2022BCnS_genefamily_8308')	0.0		match_both_missing	True
1068	1250847	Melangynaquadrimaculata-2884232-GCA949320155.1	('Simakov2022BCnS_genefamily_12960', 'Simakov2022BCnS_genefamily_6118')	0.0		match_both_missing	True
1068	1307704	Melangynaquadrimaculata-2884232-GCA949320155.1	('Simakov2022BCnS_genefamily_12390', 'Simakov2022BCnS_genefamily_5288')	23409480.0	23409480.0	match	True
1068	1364561	Melangynaquadrimaculata-2884232-GCA949320155.1	('Simakov2022BCnS_genefamily_11392', 'Simakov2022BCnS_genefamily_4537')	0.0		match_both_missing	True
1068	1421417	Melangynaquadrimaculata-2884232-GCA949320155.1	('Simakov2022BCnS_genefamily_12166', 'Simakov2022BCnS_genefamily_3756')	0.0		match_both_missing	True
1068	1478274	Melangynaquadrimaculata-2884232-GCA949320155.1	('Simakov2022BCnS_genefamily_1375', 'Simakov2022BCnS_genefamily_364')	0.0		match_both_missing	True
1068	1535131	Melangynaquadrimaculata-2884232-GCA949320155.1	('Simakov2022BCnS_genefamily_10846', 'Simakov2022BCnS_genefamily_1886')	0.0		match_both_missing	True
1068	1591988	Melangynaquadrimaculata-2884232-GCA949320155.1	('Simakov2022BCnS_genefamily_6424', 'Simakov2022BCnS_genefamily_7051')	53171399.0	53171399.0	match	True
1068	1648844	Melangynaquadrimaculata-2884232-GCA949320155.1	('Simakov2022BCnS_genefamily_10640', 'Simakov2022BCnS_genefamily_11566')	0.0		match_both_missing	True
1068	1705701	Melangynaquadrimaculata-2884232-GCA949320155.1	('Simakov2022BCnS_genefamily_1147', 'Simakov2022BCnS_genefamily_6516')	0.0		match_both_missing	True
1068	1762558	Melangynaquadrimaculata-2884232-GCA949320155.1	('Simakov2022BCnS_genefamily_4672', 'Simakov2022BCnS_genefamily_6460')	0.0		match_both_missing	True
1068	1819414	Melangynaquadrimaculata-2884232-GCA949320155.1	('Simakov2022BCnS_genefamily_12196', 'Simakov2022BCnS_genefamily_6391')	0.0		match_both_missing	True
1068	1876271	Melangynaquadrimaculata-2884232-GCA949320155.1	('Simakov2022BCnS_genefamily_12417', 'Simakov2022BCnS_genefamily_3303')	0.0		match_both_missing	True
1068	1933128	Melangynaquadrimaculata-2884232-GCA949320155.1	('Simakov2022BCnS_genefamily_1000', 'Simakov2022BCnS_genefamily_11359')	0.0		match_both_missing	True
1068	1989985	Melangynaquadrimaculata-2884232-GCA949320155.1	('Simakov2022BCnS_genefamily_7708', 'Simakov2022BCnS_genefamily_8564')	0.0		match_both_missing	True
1068	2046841	Melangynaquadrimaculata-2884232-GCA949320155.1	('Simakov2022BCnS_genefamily_2132', 'Simakov2022BCnS_genefamily_8050')	45758598.0	45758598.0	match	True
1068	2103698	Melangynaquadrimaculata-2884232-GCA949320155.1	('Simakov2022BCnS_genefamily_4395', 'Simakov2022BCnS_genefamily_8930')	0.0		match_both_missing	True
1068	2160555	Melangynaquadrimaculata-2884232-GCA949320155.1	('Simakov2022BCnS_genefamily_7033', 'Simakov2022BCnS_genefamily_7620')	0.0		match_both_missing	True
1068	2217411	Melangynaquadrimaculata-2884232-GCA949320155.1	('Simakov2022BCnS_genefamily_12360', 'Simakov2022BCnS_genefamily_3058')	0.0		match_both_missing	True
1068	2274268	Melangynaquadrimaculata-2884232-GCA949320155.1	('Simakov2022BCnS_genefamily_132', 'Simakov2022BCnS_genefamily_4598')	0.0		match_both_missing	True
1068	2331125	Melangynaquadrimaculata-2884232-GCA949320155.1	('Simakov2022BCnS_genefamily_12137', 'Simakov2022BCnS_genefamily_2209')	0.0		match_both_missing	True
1068	2387982	Melangynaquadrimaculata-2884232-GCA949320155.1	('Simakov2022BCnS_genefamily_2917', 'Simakov2022BCnS_genefamily_883')	0.0		match_both_missing	True
1068	2444838	Melangynaquadrimaculata-2884232-GCA949320155.1	('Simakov2022BCnS_genefamily_10131', 'Simakov2022BCnS_genefamily_7196')	183355983.0	183355983.0	match	True
1068	2501695	Melangynaquadrimaculata-2884232-GCA949320155.1	('Simakov2022BCnS_genefamily_1598', 'Simakov2022BCnS_genefamily_3869')	155519604.0	155519604.0	match	True
1068	2558552	Melangynaquadrimaculata-2884232-GCA949320155.1	('Simakov2022BCnS_genefamily_3592', 'Simakov2022BCnS_genefamily_999')	117502270.0	117502270.0	match	True
1068	2615408	Melangynaquadrimaculata-2884232-GCA949320155.1	('Simakov2022BCnS_genefamily_5675', 'Simakov2022BCnS_genefamily_8898')	0.0		match_both_missing	True
1068	2672265	Melangynaquadrimaculata-2884232-GCA949320155.1	('Simakov2022BCnS_genefamily_10591', 'Simakov2022BCnS_genefamily_9321')	0.0		match_both_missing	True
1068	2729122	Melangynaquadrimaculata-2884232-GCA949320155.1	('Simakov2022BCnS_genefamily_1144', 'Simakov2022BCnS_genefamily_7833')	0.0		match_both_missing	True
1068	2785979	Melangynaquadrimaculata-2884232-GCA949320155.1	('Simakov2022BCnS_genefamily_3533', 'Simakov2022BCnS_genefamily_5668')	0.0		match_both_missing	True
1187	0	Drosophilamelanogaster-7227-GCA020142105.1	('Simakov2022BCnS_genefamily_11671', 'Simakov2022BCnS_genefamily_8892')	0.0		match_both_missing	True
1187	56856	Drosophilamelanogaster-7227-GCA020142105.1	('Simakov2022BCnS_genefamily_3414', 'Simakov2022BCnS_genefamily_8719')	0.0		match_both_missing	True
1187	113713	Drosophilamelanogaster-7227-GCA020142105.1	('Simakov2022BCnS_genefamily_1642', 'Simakov2022BCnS_genefamily_7254')	0.0		match_both_missing	True
1187	170570	Drosophilamelanogaster-7227-GCA020142105.1	('Simakov2022BCnS_genefamily_7106', 'Simakov2022BCnS_genefamily_8489')	5845177.0	5845177.0	match	True
1187	227426	Drosophilamelanogaster-7227-GCA020142105.1	('Simakov2022BCnS_genefamily_7876', 'Simakov2022BCnS_genefamily_8983')	0.0		match_both_missing	True
1187	284283	Drosophilamelanogaster-7227-GCA020142105.1	('Simakov2022BCnS_genefamily_11878', 'Simakov2022BCnS_genefamily_1767')	0.0		match_both_missing	True
1187	341140	Drosophilamelanogaster-7227-GCA020142105.1	('Simakov2022BCnS_genefamily_456', 'Simakov2022BCnS_genefamily_7275')	0.0		match_both_missing	True
1187	397997	Drosophilamelanogaster-7227-GCA020142105.1	('Simakov2022BCnS_genefamily_177', 'Simakov2022BCnS_genefamily_6305')	0.0		match_both_missing	True
1187	454853	Drosophilamelanogaster-7227-GCA020142105.1	('Simakov2022BCnS_genefamily_11081', 'Simakov2022BCnS_genefamily_2267')	0.0		match_both_missing	True
1187	511710	Drosophilamelanogaster-7227-GCA020142105.1	('Simakov2022BCnS_genefamily_11901', 'Simakov2022BCnS_genefamily_7442')	0.0		match_both_missing	True
1187	568567	Drosophilamelanogaster-7227-GCA020142105.1	('Simakov2022BCnS_genefamily_11043', 'Simakov2022BCnS_genefamily_7872')	0.0		match_both_missing	True
1187	625423	Drosophilamelanogaster-7227-GCA020142105.1	('Simakov2022BCnS_genefamily_7747', 'Simakov2022BCnS_genefamily_9166')	0.0		match_both_missing	True
1187	682280	Drosophilamelanogaster-7227-GCA020142105.1	('Simakov2022BCnS_genefamily_12548', 'Simakov2022BCnS_genefamily_3287')	4979483.0	4979483.0	match	True
1187	739137	Drosophilamelanogaster-7227-GCA020142105.1	('Simakov2022BCnS_genefamily_1337', 'Simakov2022BCnS_genefamily_3482')	0.0		match_both_missing	True
1187	795994	Drosophilamelanogaster-7227-GCA020142105.1	('Simakov2022BCnS_genefamily_10438', 'Simakov2022BCnS_genefamily_11602')	0.0		match_both_missing	True
1187	852850	Drosophilamelanogaster-7227-GCA020142105.1	('Simakov2022BCnS_genefamily_10491', 'Simakov2022BCnS_genefamily_12830')	0.0		match_both_missing	True
1187	909707	Drosophilamelanogaster-7227-GCA020142105.1	('Simakov2022BCnS_genefamily_10246', 'Simakov2022BCnS_genefamily_12960')	0.0		match_both_missing	True
1187	966564	Drosophilamelanogaster-7227-GCA020142105.1	('Simakov2022BCnS_genefamily_2629', 'Simakov2022BCnS_genefamily_421')	0.0		match_both_missing	True
1187	1023420	Drosophilamelanogaster-7227-GCA020142105.1	('Simakov2022BCnS_genefamily_6596', 'Simakov2022BCnS_genefamily_8677')	0.0		match_both_missing	True
1187	1080277	Drosophilamelanogaster-7227-GCA020142105.1	('Simakov2022BCnS_genefamily_1880', 'Simakov2022BCnS_genefamily_5337')	0.0		match_both_missing	True
1187	1137134	Drosophilamelanogaster-7227-GCA020142105.1	('Simakov2022BCnS_genefamily_11749', 'Simakov2022BCnS_genefamily_8559')	0.0		match_both_missing	True
1187	1193991	Drosophilamelanogaster-7227-GCA020142105.1	('Simakov2022BCnS_genefamily_6846', 'Simakov2022BCnS_genefamily_8308')	0.0		match_both_missing	True
1187	1250847	Drosophilamelanogaster-7227-GCA020142105.1	('Simakov2022BCnS_genefamily_12960', 'Simakov2022BCnS_genefamily_6118')	0.0		match_both_missing	True
1187	1307704	Drosophilamelanogaster-7227-GCA020142105.1	('Simakov2022BCnS_genefamily_12390', 'Simakov2022BCnS_genefamily_5288')	0.0		match_both_missing	True
1187	1364561	Drosophilamelanogaster-7227-GCA020142105.1	('Simakov2022BCnS_genefamily_11392', 'Simakov2022BCnS_genefamily_4537')	0.0		match_both_missing	True
1187	1421417	Drosophilamelanogaster-7227-GCA020142105.1	('Simakov2022BCnS_genefamily_12166', 'Simakov2022BCnS_genefamily_3756')	0.0		match_both_missing	True
1187	1478274	Drosophilamelanogaster-7227-GCA020142105.1	('Simakov2022BCnS_genefamily_1375', 'Simakov2022BCnS_genefamily_364')	0.0		match_both_missing	True
1187	1535131	Drosophilamelanogaster-7227-GCA020142105.1	('Simakov2022BCnS_genefamily_10846', 'Simakov2022BCnS_genefamily_1886')	0.0		match_both_missing	True
1187	1591988	Drosophilamelanogaster-7227-GCA020142105.1	('Simakov2022BCnS_genefamily_6424', 'Simakov2022BCnS_genefamily_7051')	4867854.0	4867854.0	match	True
1187	1648844	Drosophilamelanogaster-7227-GCA020142105.1	('Simakov2022BCnS_genefamily_10640', 'Simakov2022BCnS_genefamily_11566')	0.0		match_both_missing	True
1187	1705701	Drosophilamelanogaster-7227-GCA020142105.1	('Simakov2022BCnS_genefamily_1147', 'Simakov2022BCnS_genefamily_6516')	0.0		match_both_missing	True
1187	1762558	Drosophilamelanogaster-7227-GCA020142105.1	('Simakov2022BCnS_genefamily_4672', 'Simakov2022BCnS_genefamily_6460')	0.0		match_both_missing	True
1187	1819414	Drosophilamelanogaster-7227-GCA020142105.1	('Simakov2022BCnS_genefamily_12196', 'Simakov2022BCnS_genefamily_6391')	0.0		match_both_missing	True
1187	1876271	Drosophilamelanogaster-7227-GCA020142105.1	('Simakov2022BCnS_genefamily_12417', 'Simakov2022BCnS_genefamily_3303')	0.0		match_both_missing	True
1187	1933128	Drosophilamelanogaster-7227-GCA020142105.1	('Simakov2022BCnS_genefamily_1000', 'Simakov2022BCnS_genefamily_11359')	0.0		match_both_missing	True
1187	1989985	Drosophilamelanogaster-7227-GCA020142105.1	('Simakov2022BCnS_genefamily_7708', 'Simakov2022BCnS_genefamily_8564')	0.0		match_both_missing	True
1187	2046841	Drosophilamelanogaster-7227-GCA020142105.1	('Simakov2022BCnS_genefamily_2132', 'Simakov2022BCnS_genefamily_8050')	0.0		match_both_missing	True
1187	2103698	Drosophilamelanogaster-7227-GCA020142105.1	('Simakov2022BCnS_genefamily_4395', 'Simakov2022BCnS_genefamily_8930')	0.0		match_both_missing	True
1187	2160555	Drosophilamelanogaster-7227-GCA020142105.1	('Simakov2022BCnS_genefamily_7033', 'Simakov2022BCnS_genefamily_7620')	0.0		match_both_missing	True
1187	2217411	Drosophilamelanogaster-7227-GCA020142105.1	('Simakov2022BCnS_genefamily_12360', 'Simakov2022BCnS_genefamily_3058')	0.0		match_both_missing	True
1187	2274268	Drosophilamelanogaster-7227-GCA020142105.1	('Simakov2022BCnS_genefamily_132', 'Simakov2022BCnS_genefamily_4598')	0.0		match_both_missing	True
1187	2331125	Drosophilamelanogaster-7227-GCA020142105.1	('Simakov2022BCnS_genefamily_12137', 'Simakov2022BCnS_genefamily_2209')	0.0		match_both_missing	True
1187	2387982	Drosophilamelanogaster-7227-GCA020142105.1	('Simakov2022BCnS_genefamily_2917', 'Simakov2022BCnS_genefamily_883')	0.0		match_both_missing	True
1187	2444838	Drosophilamelanogaster-7227-GCA020142105.1	('Simakov2022BCnS_genefamily_10131', 'Simakov2022BCnS_genefamily_7196')	0.0		match_both_missing	True
1187	2501695	Drosophilamelanogaster-7227-GCA020142105.1	('Simakov2022BCnS_genefamily_1598', 'Simakov2022BCnS_genefamily_3869')	0.0		match_both_missing	True
1187	2558552	Drosophilamelanogaster-7227-GCA020142105.1	('Simakov2022BCnS_genefamily_3592', 'Simakov2022BCnS_genefamily_999')	8662137.0	8662137.0	match	True
1187	2615408	Drosophilamelanogaster-7227-GCA020142105.1	('Simakov2022BCnS_genefamily_5675', 'Simakov2022BCnS_genefamily_8898')	0.0		match_both_missing	True
1187	2672265	Drosophilamelanogaster-7227-GCA020142105.1	('Simakov2022BCnS_genefamily_10591', 'Simakov2022BCnS_genefamily_9321')	0.0		match_both_missing	True
1187	2729122	Drosophilamelanogaster-7227-GCA020142105.1	('Simakov2022BCnS_genefamily_1144', 'Simakov2022BCnS_genefamily_7833')	0.0		match_both_missing	True
1187	2785979	Drosophilamelanogaster-7227-GCA020142105.1	('Simakov2022BCnS_genefamily_3533', 'Simakov2022BCnS_genefamily_5668')	0.0		match_both_missing	True
1306	0	Bactroceraneohumeralis-98809-GCF024586455.1	('Simakov2022BCnS_genefamily_11671', 'Simakov2022BCnS_genefamily_8892')	0.0		match_both_missing	True
1306	56856	Bactroceraneohumeralis-98809-GCF024586455.1	('Simakov2022BCnS_genefamily_3414', 'Simakov2022BCnS_genefamily_8719')	0.0		match_both_missing	True
1306	113713	Bactroceraneohumeralis-98809-GCF024586455.1	('Simakov2022BCnS_genefamily_1642', 'Simakov2022BCnS_genefamily_7254')	0.0		match_both_missing	True
1306	170570	Bactroceraneohumeralis-98809-GCF024586455.1	('Simakov2022BCnS_genefamily_7106', 'Simakov2022BCnS_genefamily_8489')	30369486.0	30369486.0	match	True
1306	227426	Bactroceraneohumeralis-98809-GCF024586455.1	('Simakov2022BCnS_genefamily_7876', 'Simakov2022BCnS_genefamily_8983')	0.0		match_both_missing	True
1306	284283	Bactroceraneohumeralis-98809-GCF024586455.1	('Simakov2022BCnS_genefamily_11878', 'Simakov2022BCnS_genefamily_1767')	15305261.0	15305261.0	match	True
1306	341140	Bactroceraneohumeralis-98809-GCF024586455.1	('Simakov2022BCnS_genefamily_456', 'Simakov2022BCnS_genefamily_7275')	0.0		match_both_missing	True
1306	397997	Bactroceraneohumeralis-98809-GCF024586455.1	('Simakov2022BCnS_genefamily_177', 'Simakov2022BCnS_genefamily_6305')	0.0		match_both_missing	True
1306	454853	Bactroceraneohumeralis-98809-GCF024586455.1	('Simakov2022BCnS_genefamily_11081', 'Simakov2022BCnS_genefamily_2267')	0.0		match_both_missing	True
1306	511710	Bactroceraneohumeralis-98809-GCF024586455.1	('Simakov2022BCnS_genefamily_11901', 'Simakov2022BCnS_genefamily_7442')	4283467.0	4283467.0	match	True
1306	568567	Bactroceraneohumeralis-98809-GCF024586455.1	('Simakov2022BCnS_genefamily_11043', 'Simakov2022BCnS_genefamily_7872')	0.0		match_both_missing	True
1306	625423	Bactroceraneohumeralis-98809-GCF024586455.1	('Simakov2022BCnS_genefamily_7747', 'Simakov2022BCnS_genefamily_9166')	0.0		match_both_missing	True
1306	682280	Bactroceraneohumeralis-98809-GCF024586455.1	('Simakov2022BCnS_genefamily_12548', 'Simakov2022BCnS_genefamily_3287')	0.0		match_both_missing	True
1306	739137	Bactroceraneohumeralis-98809-GCF024586455.1	('Simakov2022BCnS_genefamily_1337', 'Simakov2022BCnS_genefamily_3482')	0.0		match_both_missing	True
1306	795994	Bactroceraneohumeralis-98809-GCF024586455.1	('Simakov2022BCnS_genefamily_10438', 'Simakov2022BCnS_genefamily_11602')	0.0		match_both_missing	True
1306	852850	Bactroceraneohumeralis-98809-GCF024586455.1	('Simakov2022BCnS_genefamily_10491', 'Simakov2022BCnS_genefamily_12830')	0.0		match_both_missing	True
1306	909707	Bactroceraneohumeralis-98809-GCF024586455.1	('Simakov2022BCnS_genefamily_10246', 'Simakov2022BCnS_genefamily_12960')	0.0		match_both_missing	True
1306	966564	Bactroceraneohumeralis-98809-GCF024586455.1	('Simakov2022BCnS_genefamily_2629', 'Simakov2022BCnS_genefamily_421')	0.0		match_both_missing	True
1306	1023420	Bactroceraneohumeralis-98809-GCF024586455.1	('Simakov2022BCnS_genefamily_6596', 'Simakov2022BCnS_genefamily_8677')	0.0		match_both_missing	True
1306	1080277	Bactroceraneohumeralis-98809-GCF024586455.1	('Simakov2022BCnS_genefamily_1880', 'Simakov2022BCnS_genefamily_5337')	26263033.0	26263033.0	match	True
1306	1137134	Bactroceraneohumeralis-98809-GCF024586455.1	('Simakov2022BCnS_genefamily_11749', 'Simakov2022BCnS_genefamily_8559')	0.0		match_both_missing	True
1306	1193991	Bactroceraneohumeralis-98809-GCF024586455.1	('Simakov2022BCnS_genefamily_6846', 'Simakov2022BCnS_genefamily_8308')	0.0		match_both_missing	True
1306	1250847	Bactroceraneohumeralis-98809-GCF024586455.1	('Simakov2022BCnS_genefamily_12960', 'Simakov2022BCnS_genefamily_6118')	0.0		match_both_missing	True
1306	1307704	Bactroceraneohumeralis-98809-GCF024586455.1	('Simakov2022BCnS_genefamily_12390', 'Simakov2022BCnS_genefamily_5288')	0.0		match_both_missing	True
1306	1364561	Bactroceraneohumeralis-98809-GCF024586455.1	('Simakov2022BCnS_genefamily_11392', 'Simakov2022BCnS_genefamily_4537')	0.0		match_both_missing	True
1306	1421417	Bactroceraneohumeralis-98809-GCF024586455.1	('Simakov2022BCnS_genefamily_12166', 'Simakov2022BCnS_genefamily_3756')	0.0		match_both_missing	True
1306	1478274	Bactroceraneohumeralis-98809-GCF024586455.1	('Simakov2022BCnS_genefamily_1375', 'Simakov2022BCnS_genefamily_364')	0.0		match_both_missing	True
1306	1535131	Bactroceraneohumeralis-98809-GCF024586455.1	('Simakov2022BCnS_genefamily_10846', 'Simakov2022BCnS_genefamily_1886')	0.0		match_both_missing	True
1306	1591988	Bactroceraneohumeralis-98809-GCF024586455.1	('Simakov2022BCnS_genefamily_6424', 'Simakov2022BCnS_genefamily_7051')	0.0		match_both_missing	True
1306	1648844	Bactroceraneohumeralis-98809-GCF024586455.1	('Simakov2022BCnS_genefamily_10640', 'Simakov2022BCnS_genefamily_11566')	0.0		match_both_missing	True
1306	1705701	Bactroceraneohumeralis-98809-GCF024586455.1	('Simakov2022BCnS_genefamily_1147', 'Simakov2022BCnS_genefamily_6516')	0.0		match_both_missing	True
1306	1762558	Bactroceraneohumeralis-98809-GCF024586455.1	('Simakov2022BCnS_genefamily_4672', 'Simakov2022BCnS_genefamily_6460')	0.0		match_both_missing	True
1306	1819414	Bactroceraneohumeralis-98809-GCF024586455.1	('Simakov2022BCnS_genefamily_12196', 'Simakov2022BCnS_genefamily_6391')	0.0		match_both_missing	True
1306	1876271	Bactroceraneohumeralis-98809-GCF024586455.1	('Simakov2022BCnS_genefamily_12417', 'Simakov2022BCnS_genefamily_3303')	0.0		match_both_missing	True
1306	1933128	Bactroceraneohumeralis-98809-GCF024586455.1	('Simakov2022BCnS_genefamily_1000', 'Simakov2022BCnS_genefamily_11359')	0.0		match_both_missing	True
1306	1989985	Bactroceraneohumeralis-98809-GCF024586455.1	('Simakov2022BCnS_genefamily_7708', 'Simakov2022BCnS_genefamily_8564')	0.0		match_both_missing	True
1306	2046841	Bactroceraneohumeralis-98809-GCF024586455.1	('Simakov2022BCnS_genefamily_2132', 'Simakov2022BCnS_genefamily_8050')	0.0		match_both_missing	True
1306	2103698	Bactroceraneohumeralis-98809-GCF024586455.1	('Simakov2022BCnS_genefamily_4395', 'Simakov2022BCnS_genefamily_8930')	0.0		match_both_missing	True
1306	2160555	Bactroceraneohumeralis-98809-GCF024586455.1	('Simakov2022BCnS_genefamily_7033', 'Simakov2022BCnS_genefamily_7620')	0.0		match_both_missing	True
1306	2217411	Bactroceraneohumeralis-98809-GCF024586455.1	('Simakov2022BCnS_genefamily_12360', 'Simakov2022BCnS_genefamily_3058')	0.0		match_both_missing	True
1306	2274268	Bactroceraneohumeralis-98809-GCF024586455.1	('Simakov2022BCnS_genefamily_132', 'Simakov2022BCnS_genefamily_4598')	0.0		match_both_missing	True
1306	2331125	Bactroceraneohumeralis-98809-GCF024586455.1	('Simakov2022BCnS_genefamily_12137', 'Simakov2022BCnS_genefamily_2209')	0.0		match_both_missing	True
1306	2387982	Bactroceraneohumeralis-98809-GCF024586455.1	('Simakov2022BCnS_genefamily_2917', 'Simakov2022BCnS_genefamily_883')	0.0		match_both_missing	True
1306	2444838	Bactroceraneohumeralis-98809-GCF024586455.1	('Simakov2022BCnS_genefamily_10131', 'Simakov2022BCnS_genefamily_7196')	0.0		match_both_missing	True
1306	2501695	Bactroceraneohumeralis-98809-GCF024586455.1	('Simakov2022BCnS_genefamily_1598', 'Simakov2022BCnS_genefamily_3869')	0.0		match_both_missing	True
1306	2558552	Bactroceraneohumeralis-98809-GCF024586455.1	('Simakov2022BCnS_genefamily_3592', 'Simakov2022BCnS_genefamily_999')	15243240.0	15243240.0	match	True
1306	2615408	Bactroceraneohumeralis-98809-GCF024586455.1	('Simakov2022BCnS_genefamily_5675', 'Simakov2022BCnS_genefamily_8898')	0.0		match_both_missing	True
1306	2672265	Bactroceraneohumeralis-98809-GCF024586455.1	('Simakov2022BCnS_genefamily_10591', 'Simakov2022BCnS_genefamily_9321')	0.0		match_both_missing	True
1306	2729122	Bactroceraneohumeralis-98809-GCF024586455.1	('Simakov2022BCnS_genefamily_1144', 'Simakov2022BCnS_genefamily_7833')	0.0		match_both_missing	True
1306	2785979	Bactroceraneohumeralis-98809-GCF024586455.1	('Simakov2022BCnS_genefamily_3533', 'Simakov2022BCnS_genefamily_5668')	0.0		match_both_missing	True
1425	0	Machimusrusticus-1717430-GCA951509405.1	('Simakov2022BCnS_genefamily_11671', 'Simakov2022BCnS_genefamily_8892')	0.0		match_both_missing	True
1425	56856	Machimusrusticus-1717430-GCA951509405.1	('Simakov2022BCnS_genefamily_3414', 'Simakov2022BCnS_genefamily_8719')	0.0		match_both_missing	True
1425	113713	Machimusrusticus-1717430-GCA951509405.1	('Simakov2022BCnS_genefamily_1642', 'Simakov2022BCnS_genefamily_7254')	0.0		match_both_missing	True
1425	170570	Machimusrusticus-1717430-GCA951509405.1	('Simakov2022BCnS_genefamily_7106', 'Simakov2022BCnS_genefamily_8489')	17112751.0	17112751.0	match	True
1425	227426	Machimusrusticus-1717430-GCA951509405.1	('Simakov2022BCnS_genefamily_7876', 'Simakov2022BCnS_genefamily_8983')	0.0		match_both_missing	True
1425	284283	Machimusrusticus-1717430-GCA951509405.1	('Simakov2022BCnS_genefamily_11878', 'Simakov2022BCnS_genefamily_1767')	0.0		match_both_missing	True
1425	341140	Machimusrusticus-1717430-GCA951509405.1	('Simakov2022BCnS_genefamily_456', 'Simakov2022BCnS_genefamily_7275')	0.0		match_both_missing	True
1425	397997	Machimusrusticus-1717430-GCA951509405.1	('Simakov2022BCnS_genefamily_177', 'Simakov2022BCnS_genefamily_6305')	0.0		match_both_missing	True
1425	454853	Machimusrusticus-1717430-GCA951509405.1	('Simakov2022BCnS_genefamily_11081', 'Simakov2022BCnS_genefamily_2267')	0.0		match_both_missing	True
1425	511710	Machimusrusticus-1717430-GCA951509405.1	('Simakov2022BCnS_genefamily_11901', 'Simakov2022BCnS_genefamily_7442')	0.0		match_both_missing	True
1425	568567	Machimusrusticus-1717430-GCA951509405.1	('Simakov2022BCnS_genefamily_11043', 'Simakov2022BCnS_genefamily_7872')	0.0		match_both_missing	True
1425	625423	Machimusrusticus-1717430-GCA951509405.1	('Simakov2022BCnS_genefamily_7747', 'Simakov2022BCnS_genefamily_9166')	0.0		match_both_missing	True
1425	682280	Machimusrusticus-1717430-GCA951509405.1	('Simakov2022BCnS_genefamily_12548', 'Simakov2022BCnS_genefamily_3287')	0.0		match_both_missing	True
1425	739137	Machimusrusticus-1717430-GCA951509405.1	('Simakov2022BCnS_genefamily_1337', 'Simakov2022BCnS_genefamily_3482')	0.0		match_both_missing	True
1425	795994	Machimusrusticus-1717430-GCA951509405.1	('Simakov2022BCnS_genefamily_10438', 'Simakov2022BCnS_genefamily_11602')	0.0		match_both_missing	True
1425	852850	Machimusrusticus-1717430-GCA951509405.1	('Simakov2022BCnS_genefamily_10491', 'Simakov2022BCnS_genefamily_12830')	0.0		match_both_missing	True
1425	909707	Machimusrusticus-1717430-GCA951509405.1	('Simakov2022BCnS_genefamily_10246', 'Simakov2022BCnS_genefamily_12960')	0.0		match_both_missing	True
1425	966564	Machimusrusticus-1717430-GCA951509405.1	('Simakov2022BCnS_genefamily_2629', 'Simakov2022BCnS_genefamily_421')	0.0		match_both_missing	True
1425	1023420	Machimusrusticus-1717430-GCA951509405.1	('Simakov2022BCnS_genefamily_6596', 'Simakov2022BCnS_genefamily_8677')	0.0		match_both_missing	True
1425	1080277	Machimusrusticus-1717430-GCA951509405.1	('Simakov2022BCnS_genefamily_1880', 'Simakov2022BCnS_genefamily_5337')	0.0		match_both_missing	True
1425	1137134	Machimusrusticus-1717430-GCA951509405.1	('Simakov2022BCnS_genefamily_11749', 'Simakov2022BCnS_genefamily_8559')	0.0		match_both_missing	True
1425	1193991	Machimusrusticus-1717430-GCA951509405.1	('Simakov2022BCnS_genefamily_6846', 'Simakov2022BCnS_genefamily_8308')	0.0		match_both_missing	True
1425	1250847	Machimusrusticus-1717430-GCA951509405.1	('Simakov2022BCnS_genefamily_12960', 'Simakov2022BCnS_genefamily_6118')	0.0		match_both_missing	True
1425	1307704	Machimusrusticus-1717430-GCA951509405.1	('Simakov2022BCnS_genefamily_12390', 'Simakov2022BCnS_genefamily_5288')	0.0		match_both_missing	True
1425	1364561	Machimusrusticus-1717430-GCA951509405.1	('Simakov2022BCnS_genefamily_11392', 'Simakov2022BCnS_genefamily_4537')	0.0		match_both_missing	True
1425	1421417	Machimusrusticus-1717430-GCA951509405.1	('Simakov2022BCnS_genefamily_12166', 'Simakov2022BCnS_genefamily_3756')	0.0		match_both_missing	True
1425	1478274	Machimusrusticus-1717430-GCA951509405.1	('Simakov2022BCnS_genefamily_1375', 'Simakov2022BCnS_genefamily_364')	0.0		match_both_missing	True
1425	1535131	Machimusrusticus-1717430-GCA951509405.1	('Simakov2022BCnS_genefamily_10846', 'Simakov2022BCnS_genefamily_1886')	0.0		match_both_missing	True
1425	1591988	Machimusrusticus-1717430-GCA951509405.1	('Simakov2022BCnS_genefamily_6424', 'Simakov2022BCnS_genefamily_7051')	0.0		match_both_missing	True
1425	1648844	Machimusrusticus-1717430-GCA951509405.1	('Simakov2022BCnS_genefamily_10640', 'Simakov2022BCnS_genefamily_11566')	0.0		match_both_missing	True
1425	1705701	Machimusrusticus-1717430-GCA951509405.1	('Simakov2022BCnS_genefamily_1147', 'Simakov2022BCnS_genefamily_6516')	0.0		match_both_missing	True
1425	1762558	Machimusrusticus-1717430-GCA951509405.1	('Simakov2022BCnS_genefamily_4672', 'Simakov2022BCnS_genefamily_6460')	0.0		match_both_missing	True
1425	1819414	Machimusrusticus-1717430-GCA951509405.1	('Simakov2022BCnS_genefamily_12196', 'Simakov2022BCnS_genefamily_6391')	0.0		match_both_missing	True
1425	1876271	Machimusrusticus-1717430-GCA951509405.1	('Simakov2022BCnS_genefamily_12417', 'Simakov2022BCnS_genefamily_3303')	0.0		match_both_missing	True
1425	1933128	Machimusrusticus-1717430-GCA951509405.1	('Simakov2022BCnS_genefamily_1000', 'Simakov2022BCnS_genefamily_11359')	0.0		match_both_missing	True
1425	1989985	Machimusrusticus-1717430-GCA951509405.1	('Simakov2022BCnS_genefamily_7708', 'Simakov2022BCnS_genefamily_8564')	0.0		match_both_missing	True
1425	2046841	Machimusrusticus-1717430-GCA951509405.1	('Simakov2022BCnS_genefamily_2132', 'Simakov2022BCnS_genefamily_8050')	0.0		match_both_missing	True
1425	2103698	Machimusrusticus-1717430-GCA951509405.1	('Simakov2022BCnS_genefamily_4395', 'Simakov2022BCnS_genefamily_8930')	0.0		match_both_missing	True
1425	2160555	Machimusrusticus-1717430-GCA951509405.1	('Simakov2022BCnS_genefamily_7033', 'Simakov2022BCnS_genefamily_7620')	0.0		match_both_missing	True
1425	2217411	Machimusrusticus-1717430-GCA951509405.1	('Simakov2022BCnS_genefamily_12360', 'Simakov2022BCnS_genefamily_3058')	0.0		match_both_missing	True
1425	2274268	Machimusrusticus-1717430-GCA951509405.1	('Simakov2022BCnS_genefamily_132', 'Simakov2022BCnS_genefamily_4598')	0.0		match_both_missing	True
1425	2331125	Machimusrusticus-1717430-GCA951509405.1	('Simakov2022BCnS_genefamily_12137', 'Simakov2022BCnS_genefamily_2209')	0.0		match_both_missing	True
1425	2387982	Machimusrusticus-1717430-GCA951509405.1	('Simakov2022BCnS_genefamily_2917', 'Simakov2022BCnS_genefamily_883')	0.0		match_both_missing	True
1425	2444838	Machimusrusticus-1717430-GCA951509405.1	('Simakov2022BCnS_genefamily_10131', 'Simakov2022BCnS_genefamily_7196')	0.0		match_both_missing	True
1425	2501695	Machimusrusticus-1717430-GCA951509405.1	('Simakov2022BCnS_genefamily_1598', 'Simakov2022BCnS_genefamily_3869')	0.0		match_both_missing	True
1425	2558552	Machimusrusticus-1717430-GCA951509405.1	('Simakov2022BCnS_genefamily_3592', 'Simakov2022BCnS_genefamily_999')	16841653.0	16841653.0	match	True
1425	2615408	Machimusrusticus-1717430-GCA951509405.1	('Simakov2022BCnS_genefamily_5675', 'Simakov2022BCnS_genefamily_8898')	0.0		match_both_missing	True
1425	2672265	Machimusrusticus-1717430-GCA951509405.1	('Simakov2022BCnS_genefamily_10591', 'Simakov2022BCnS_genefamily_9321')	0.0		match_both_missing	True
1425	2729122	Machimusrusticus-1717430-GCA951509405.1	('Simakov2022BCnS_genefamily_1144', 'Simakov2022BCnS_genefamily_7833')	0.0		match_both_missing	True
1425	2785979	Machimusrusticus-1717430-GCA951509405.1	('Simakov2022BCnS_genefamily_3533', 'Simakov2022BCnS_genefamily_5668')	0.0		match_both_missing	True
1544	0	Exephanesischioxanthus-2884240-GCA958510785.1	('Simakov2022BCnS_genefamily_11671', 'Simakov2022BCnS_genefamily_8892')	0.0		match_both_missing	True
1544	56856	Exephanesischioxanthus-2884240-GCA958510785.1	('Simakov2022BCnS_genefamily_3414', 'Simakov2022BCnS_genefamily_8719')	0.0		match_both_missing	True
1544	113713	Exephanesischioxanthus-2884240-GCA958510785.1	('Simakov2022BCnS_genefamily_1642', 'Simakov2022BCnS_genefamily_7254')	0.0		match_both_missing	True
1544	170570	Exephanesischioxanthus-2884240-GCA958510785.1	('Simakov2022BCnS_genefamily_7106', 'Simakov2022BCnS_genefamily_8489')	0.0		match_both_missing	True
1544	227426	Exephanesischioxanthus-2884240-GCA958510785.1	('Simakov2022BCnS_genefamily_7876', 'Simakov2022BCnS_genefamily_8983')	0.0		match_both_missing	True
1544	284283	Exephanesischioxanthus-2884240-GCA958510785.1	('Simakov2022BCnS_genefamily_11878', 'Simakov2022BCnS_genefamily_1767')	0.0		match_both_missing	True
1544	341140	Exephanesischioxanthus-2884240-GCA958510785.1	('Simakov2022BCnS_genefamily_456', 'Simakov2022BCnS_genefamily_7275')	0.0		match_both_missing	True
1544	397997	Exephanesischioxanthus-2884240-GCA958510785.1	('Simakov2022BCnS_genefamily_177', 'Simakov2022BCnS_genefamily_6305')	0.0		match_both_missing	True
1544	454853	Exephanesischioxanthus-2884240-GCA958510785.1	('Simakov2022BCnS_genefamily_11081', 'Simakov2022BCnS_genefamily_2267')	0.0		match_both_missing	True
1544	511710	Exephanesischioxanthus-2884240-GCA958510785.1	('Simakov2022BCnS_genefamily_11901', 'Simakov2022BCnS_genefamily_7442')	0.0		match_both_missing	True
1544	568567	Exephanesischioxanthus-2884240-GCA958510785.1	('Simakov2022BCnS_genefamily_11043', 'Simakov2022BCnS_genefamily_7872')	0.0		match_both_missing	True
1544	625423	Exephanesischioxanthus-2884240-GCA958510785.1	('Simakov2022BCnS_genefamily_7747', 'Simakov2022BCnS_genefamily_9166')	1265521.0	1265521.0	match	True
1544	682280	Exephanesischioxanthus-2884240-GCA958510785.1	('Simakov2022BCnS_genefamily_12548', 'Simakov2022BCnS_genefamily_3287')	0.0		match_both_missing	True
1544	739137	Exephanesischioxanthus-2884240-GCA958510785.1	('Simakov2022BCnS_genefamily_1337', 'Simakov2022BCnS_genefamily_3482')	0.0		match_both_missing	True
1544	795994	Exephanesischioxanthus-2884240-GCA958510785.1	('Simakov2022BCnS_genefamily_10438', 'Simakov2022BCnS_genefamily_11602')	0.0		match_both_missing	True
1544	852850	Exephanesischioxanthus-2884240-GCA958510785.1	('Simakov2022BCnS_genefamily_10491', 'Simakov2022BCnS_genefamily_12830')	0.0		match_both_missing	True
1544	909707	Exephanesischioxanthus-2884240-GCA958510785.1	('Simakov2022BCnS_genefamily_10246', 'Simakov2022BCnS_genefamily_12960')	0.0		match_both_missing	True
1544	966564	Exephanesischioxanthus-2884240-GCA958510785.1	('Simakov2022BCnS_genefamily_2629', 'Simakov2022BCnS_genefamily_421')	0.0		match_both_missing	True
1544	1023420	Exephanesischioxanthus-2884240-GCA958510785.1	('Simakov2022BCnS_genefamily_6596', 'Simakov2022BCnS_genefamily_8677')	0.0		match_both_missing	True
1544	1080277	Exephanesischioxanthus-2884240-GCA958510785.1	('Simakov2022BCnS_genefamily_1880', 'Simakov2022BCnS_genefamily_5337')	0.0		match_both_missing	True
1544	1137134	Exephanesischioxanthus-2884240-GCA958510785.1	('Simakov2022BCnS_genefamily_11749', 'Simakov2022BCnS_genefamily_8559')	0.0		match_both_missing	True
1544	1193991	Exephanesischioxanthus-2884240-GCA958510785.1	('Simakov2022BCnS_genefamily_6846', 'Simakov2022BCnS_genefamily_8308')	0.0		match_both_missing	True
1544	1250847	Exephanesischioxanthus-2884240-GCA958510785.1	('Simakov2022BCnS_genefamily_12960', 'Simakov2022BCnS_genefamily_6118')	0.0		match_both_missing	True
1544	1307704	Exephanesischioxanthus-2884240-GCA958510785.1	('Simakov2022BCnS_genefamily_12390', 'Simakov2022BCnS_genefamily_5288')	0.0		match_both_missing	True
1544	1364561	Exephanesischioxanthus-2884240-GCA958510785.1	('Simakov2022BCnS_genefamily_11392', 'Simakov2022BCnS_genefamily_4537')	0.0		match_both_missing	True
1544	1421417	Exephanesischioxanthus-2884240-GCA958510785.1	('Simakov2022BCnS_genefamily_12166', 'Simakov2022BCnS_genefamily_3756')	0.0		match_both_missing	True
1544	1478274	Exephanesischioxanthus-2884240-GCA958510785.1	('Simakov2022BCnS_genefamily_1375', 'Simakov2022BCnS_genefamily_364')	0.0		match_both_missing	True
1544	1535131	Exephanesischioxanthus-2884240-GCA958510785.1	('Simakov2022BCnS_genefamily_10846', 'Simakov2022BCnS_genefamily_1886')	0.0		match_both_missing	True
1544	1591988	Exephanesischioxanthus-2884240-GCA958510785.1	('Simakov2022BCnS_genefamily_6424', 'Simakov2022BCnS_genefamily_7051')	0.0		match_both_missing	True
1544	1648844	Exephanesischioxanthus-2884240-GCA958510785.1	('Simakov2022BCnS_genefamily_10640', 'Simakov2022BCnS_genefamily_11566')	0.0		match_both_missing	True
1544	1705701	Exephanesischioxanthus-2884240-GCA958510785.1	('Simakov2022BCnS_genefamily_1147', 'Simakov2022BCnS_genefamily_6516')	0.0		match_both_missing	True
1544	1762558	Exephanesischioxanthus-2884240-GCA958510785.1	('Simakov2022BCnS_genefamily_4672', 'Simakov2022BCnS_genefamily_6460')	0.0		match_both_missing	True
1544	1819414	Exephanesischioxanthus-2884240-GCA958510785.1	('Simakov2022BCnS_genefamily_12196', 'Simakov2022BCnS_genefamily_6391')	0.0		match_both_missing	True
1544	1876271	Exephanesischioxanthus-2884240-GCA958510785.1	('Simakov2022BCnS_genefamily_12417', 'Simakov2022BCnS_genefamily_3303')	0.0		match_both_missing	True
1544	1933128	Exephanesischioxanthus-2884240-GCA958510785.1	('Simakov2022BCnS_genefamily_1000', 'Simakov2022BCnS_genefamily_11359')	0.0		match_both_missing	True
1544	1989985	Exephanesischioxanthus-2884240-GCA958510785.1	('Simakov2022BCnS_genefamily_7708', 'Simakov2022BCnS_genefamily_8564')	0.0		match_both_missing	True
1544	2046841	Exephanesischioxanthus-2884240-GCA958510785.1	('Simakov2022BCnS_genefamily_2132', 'Simakov2022BCnS_genefamily_8050')	0.0		match_both_missing	True
1544	2103698	Exephanesischioxanthus-2884240-GCA958510785.1	('Simakov2022BCnS_genefamily_4395', 'Simakov2022BCnS_genefamily_8930')	0.0		match_both_missing	True
1544	2160555	Exephanesischioxanthus-2884240-GCA958510785.1	('Simakov2022BCnS_genefamily_7033', 'Simakov2022BCnS_genefamily_7620')	0.0		match_both_missing	True
1544	2217411	Exephanesischioxanthus-2884240-GCA958510785.1	('Simakov2022BCnS_genefamily_12360', 'Simakov2022BCnS_genefamily_3058')	0.0		match_both_missing	True
1544	2274268	Exephanesischioxanthus-2884240-GCA958510785.1	('Simakov2022BCnS_genefamily_132', 'Simakov2022BCnS_genefamily_4598')	0.0		match_both_missing	True
1544	2331125	Exephanesischioxanthus-2884240-GCA958510785.1	('Simakov2022BCnS_genefamily_12137', 'Simakov2022BCnS_genefamily_2209')	0.0		match_both_missing	True
1544	2387982	Exephanesischioxanthus-2884240-GCA958510785.1	('Simakov2022BCnS_genefamily_2917', 'Simakov2022BCnS_genefamily_883')	0.0		match_both_missing	True
1544	2444838	Exephanesischioxanthus-2884240-GCA958510785.1	('Simakov2022BCnS_genefamily_10131', 'Simakov2022BCnS_genefamily_7196')	0.0		match_both_missing	True
1544	2501695	Exephanesischioxanthus-2884240-GCA958510785.1	('Simakov2022BCnS_genefamily_1598', 'Simakov2022BCnS_genefamily_3869')	0.0		match_both_missing	True
1544	2558552	Exephanesischioxanthus-2884240-GCA958510785.1	('Simakov2022BCnS_genefamily_3592', 'Simakov2022BCnS_genefamily_999')	0.0		match_both_missing	True
1544	2615408	Exephanesischioxanthus-2884240-GCA958510785.1	('Simakov2022BCnS_genefamily_5675', 'Simakov2022BCnS_genefamily_8898')	2974497.0	2974497.0	match	True
1544	2672265	Exephanesischioxanthus-2884240-GCA958510785.1	('Simakov2022BCnS_genefamily_10591', 'Simakov2022BCnS_genefamily_9321')	0.0		match_both_missing	True
1544	2729122	Exephanesischioxanthus-2884240-GCA958510785.1	('Simakov2022BCnS_genefamily_1144', 'Simakov2022BCnS_genefamily_7833')	0.0		match_both_missing	True
1544	2785979	Exephanesischioxanthus-2884240-GCA958510785.1	('Simakov2022BCnS_genefamily_3533', 'Simakov2022BCnS_genefamily_5668')	0.0		match_both_missing	True
1662	0	Andrenaminutula-1190802-GCA929113495.1	('Simakov2022BCnS_genefamily_11671', 'Simakov2022BCnS_genefamily_8892')	0.0		match_both_missing	True
1662	56856	Andrenaminutula-1190802-GCA929113495.1	('Simakov2022BCnS_genefamily_3414', 'Simakov2022BCnS_genefamily_8719')	0.0		match_both_missing	True
1662	113713	Andrenaminutula-1190802-GCA929113495.1	('Simakov2022BCnS_genefamily_1642', 'Simakov2022BCnS_genefamily_7254')	0.0		match_both_missing	True
1662	170570	Andrenaminutula-1190802-GCA929113495.1	('Simakov2022BCnS_genefamily_7106', 'Simakov2022BCnS_genefamily_8489')	0.0		match_both_missing	True
1662	227426	Andrenaminutula-1190802-GCA929113495.1	('Simakov2022BCnS_genefamily_7876', 'Simakov2022BCnS_genefamily_8983')	38701049.0	38701049.0	match	True
1662	284283	Andrenaminutula-1190802-GCA929113495.1	('Simakov2022BCnS_genefamily_11878', 'Simakov2022BCnS_genefamily_1767')	0.0		match_both_missing	True
1662	341140	Andrenaminutula-1190802-GCA929113495.1	('Simakov2022BCnS_genefamily_456', 'Simakov2022BCnS_genefamily_7275')	0.0		match_both_missing	True
1662	397997	Andrenaminutula-1190802-GCA929113495.1	('Simakov2022BCnS_genefamily_177', 'Simakov2022BCnS_genefamily_6305')	0.0		match_both_missing	True
1662	454853	Andrenaminutula-1190802-GCA929113495.1	('Simakov2022BCnS_genefamily_11081', 'Simakov2022BCnS_genefamily_2267')	0.0		match_both_missing	True
1662	511710	Andrenaminutula-1190802-GCA929113495.1	('Simakov2022BCnS_genefamily_11901', 'Simakov2022BCnS_genefamily_7442')	0.0		match_both_missing	True
1662	568567	Andrenaminutula-1190802-GCA929113495.1	('Simakov2022BCnS_genefamily_11043', 'Simakov2022BCnS_genefamily_7872')	0.0		match_both_missing	True
1662	625423	Andrenaminutula-1190802-GCA929113495.1	('Simakov2022BCnS_genefamily_7747', 'Simakov2022BCnS_genefamily_9166')	0.0		match_both_missing	True
1662	682280	Andrenaminutula-1190802-GCA929113495.1	('Simakov2022BCnS_genefamily_12548', 'Simakov2022BCnS_genefamily_3287')	0.0		match_both_missing	True
1662	739137	Andrenaminutula-1190802-GCA929113495.1	('Simakov2022BCnS_genefamily_1337', 'Simakov2022BCnS_genefamily_3482')	1725339.0	1725339.0	match	True
1662	795994	Andrenaminutula-1190802-GCA929113495.1	('Simakov2022BCnS_genefamily_10438', 'Simakov2022BCnS_genefamily_11602')	0.0		match_both_missing	True
1662	852850	Andrenaminutula-1190802-GCA929113495.1	('Simakov2022BCnS_genefamily_10491', 'Simakov2022BCnS_genefamily_12830')	0.0		match_both_missing	True
1662	909707	Andrenaminutula-1190802-GCA929113495.1	('Simakov2022BCnS_genefamily_10246', 'Simakov2022BCnS_genefamily_12960')	24688628.0	24688628.0	match	True
1662	966564	Andrenaminutula-1190802-GCA929113495.1	('Simakov2022BCnS_genefamily_2629', 'Simakov2022BCnS_genefamily_421')	0.0		match_both_missing	True
1662	1023420	Andrenaminutula-1190802-GCA929113495.1	('Simakov2022BCnS_genefamily_6596', 'Simakov2022BCnS_genefamily_8677')	0.0		match_both_missing	True
1662	1080277	Andrenaminutula-1190802-GCA929113495.1	('Simakov2022BCnS_genefamily_1880', 'Simakov2022BCnS_genefamily_5337')	0.0		match_both_missing	True
1662	1137134	Andrenaminutula-1190802-GCA929113495.1	('Simakov2022BCnS_genefamily_11749', 'Simakov2022BCnS_genefamily_8559')	0.0		match_both_missing	True
1662	1193991	Andrenaminutula-1190802-GCA929113495.1	('Simakov2022BCnS_genefamily_6846', 'Simakov2022BCnS_genefamily_8308')	0.0		match_both_missing	True
1662	1250847	Andrenaminutula-1190802-GCA929113495.1	('Simakov2022BCnS_genefamily_12960', 'Simakov2022BCnS_genefamily_6118')	0.0		match_both_missing	True
1662	1307704	Andrenaminutula-1190802-GCA929113495.1	('Simakov2022BCnS_genefamily_12390', 'Simakov2022BCnS_genefamily_5288')	0.0		match_both_missing	True
1662	1364561	Andrenaminutula-1190802-GCA929113495.1	('Simakov2022BCnS_genefamily_11392', 'Simakov2022BCnS_genefamily_4537')	0.0		match_both_missing	True
1662	1421417	Andrenaminutula-1190802-GCA929113495.1	('Simakov2022BCnS_genefamily_12166', 'Simakov2022BCnS_genefamily_3756')	0.0		match_both_missing	True
1662	1478274	Andrenaminutula-1190802-GCA929113495.1	('Simakov2022BCnS_genefamily_1375', 'Simakov2022BCnS_genefamily_364')	0.0		match_both_missing	True
1662	1535131	Andrenaminutula-1190802-GCA929113495.1	('Simakov2022BCnS_genefamily_10846', 'Simakov2022BCnS_genefamily_1886')	0.0		match_both_missing	True
1662	1591988	Andrenaminutula-1190802-GCA929113495.1	('Simakov2022BCnS_genefamily_6424', 'Simakov2022BCnS_genefamily_7051')	0.0		match_both_missing	True
1662	1648844	Andrenaminutula-1190802-GCA929113495.1	('Simakov2022BCnS_genefamily_10640', 'Simakov2022BCnS_genefamily_11566')	0.0		match_both_missing	True
1662	1705701	Andrenaminutula-1190802-GCA929113495.1	('Simakov2022BCnS_genefamily_1147', 'Simakov2022BCnS_genefamily_6516')	0.0		match_both_missing	True
1662	1762558	Andrenaminutula-1190802-GCA929113495.1	('Simakov2022BCnS_genefamily_4672', 'Simakov2022BCnS_genefamily_6460')	0.0		match_both_missing	True
1662	1819414	Andrenaminutula-1190802-GCA929113495.1	('Simakov2022BCnS_genefamily_12196', 'Simakov2022BCnS_genefamily_6391')	42365441.0	42365441.0	match	True
1662	1876271	Andrenaminutula-1190802-GCA929113495.1	('Simakov2022BCnS_genefamily_12417', 'Simakov2022BCnS_genefamily_3303')	0.0		match_both_missing	True
1662	1933128	Andrenaminutula-1190802-GCA929113495.1	('Simakov2022BCnS_genefamily_1000', 'Simakov2022BCnS_genefamily_11359')	0.0		match_both_missing	True
1662	1989985	Andrenaminutula-1190802-GCA929113495.1	('Simakov2022BCnS_genefamily_7708', 'Simakov2022BCnS_genefamily_8564')	0.0		match_both_missing	True
1662	2046841	Andrenaminutula-1190802-GCA929113495.1	('Simakov2022BCnS_genefamily_2132', 'Simakov2022BCnS_genefamily_8050')	9707665.0	9707665.0	match	True
1662	2103698	Andrenaminutula-1190802-GCA929113495.1	('Simakov2022BCnS_genefamily_4395', 'Simakov2022BCnS_genefamily_8930')	0.0		match_both_missing	True
1662	2160555	Andrenaminutula-1190802-GCA929113495.1	('Simakov2022BCnS_genefamily_7033', 'Simakov2022BCnS_genefamily_7620')	0.0		match_both_missing	True
1662	2217411	Andrenaminutula-1190802-GCA929113495.1	('Simakov2022BCnS_genefamily_12360', 'Simakov2022BCnS_genefamily_3058')	0.0		match_both_missing	True
1662	2274268	Andrenaminutula-1190802-GCA929113495.1	('Simakov2022BCnS_genefamily_132', 'Simakov2022BCnS_genefamily_4598')	0.0		match_both_missing	True
1662	2331125	Andrenaminutula-1190802-GCA929113495.1	('Simakov2022BCnS_genefamily_12137', 'Simakov2022BCnS_genefamily_2209')	0.0		match_both_missing	True
1662	2387982	Andrenaminutula-1190802-GCA929113495.1	('Simakov2022BCnS_genefamily_2917', 'Simakov2022BCnS_genefamily_883')	0.0		match_both_missing	True
1662	2444838	Andrenaminutula-1190802-GCA929113495.1	('Simakov2022BCnS_genefamily_10131', 'Simakov2022BCnS_genefamily_7196')	0.0		match_both_missing	True
1662	2501695	Andrenaminutula-1190802-GCA929113495.1	('Simakov2022BCnS_genefamily_1598', 'Simakov2022BCnS_genefamily_3869')	0.0		match_both_missing	True
1662	2558552	Andrenaminutula-1190802-GCA929113495.1	('Simakov2022BCnS_genefamily_3592', 'Simakov2022BCnS_genefamily_999')	0.0		match_both_missing	True
1662	2615408	Andrenaminutula-1190802-GCA929113495.1	('Simakov2022BCnS_genefamily_5675', 'Simakov2022BCnS_genefamily_8898')	0.0		match_both_missing	True
1662	2672265	Andrenaminutula-1190802-GCA929113495.1	('Simakov2022BCnS_genefamily_10591', 'Simakov2022BCnS_genefamily_9321')	0.0		match_both_missing	True
1662	2729122	Andrenaminutula-1190802-GCA929113495.1	('Simakov2022BCnS_genefamily_1144', 'Simakov2022BCnS_genefamily_7833')	0.0		match_both_missing	True
1662	2785979	Andrenaminutula-1190802-GCA929113495.1	('Simakov2022BCnS_genefamily_3533', 'Simakov2022BCnS_genefamily_5668')	0.0		match_both_missing	True
1781	0	Ametastegiaequiseti-655806-GCA963989295.1	('Simakov2022BCnS_genefamily_11671', 'Simakov2022BCnS_genefamily_8892')	0.0		match_both_missing	True
1781	56856	Ametastegiaequiseti-655806-GCA963989295.1	('Simakov2022BCnS_genefamily_3414', 'Simakov2022BCnS_genefamily_8719')	0.0		match_both_missing	True
1781	113713	Ametastegiaequiseti-655806-GCA963989295.1	('Simakov2022BCnS_genefamily_1642', 'Simakov2022BCnS_genefamily_7254')	0.0		match_both_missing	True
1781	170570	Ametastegiaequiseti-655806-GCA963989295.1	('Simakov2022BCnS_genefamily_7106', 'Simakov2022BCnS_genefamily_8489')	0.0		match_both_missing	True
1781	227426	Ametastegiaequiseti-655806-GCA963989295.1	('Simakov2022BCnS_genefamily_7876', 'Simakov2022BCnS_genefamily_8983')	0.0		match_both_missing	True
1781	284283	Ametastegiaequiseti-655806-GCA963989295.1	('Simakov2022BCnS_genefamily_11878', 'Simakov2022BCnS_genefamily_1767')	0.0		match_both_missing	True
1781	341140	Ametastegiaequiseti-655806-GCA963989295.1	('Simakov2022BCnS_genefamily_456', 'Simakov2022BCnS_genefamily_7275')	0.0		match_both_missing	True
1781	397997	Ametastegiaequiseti-655806-GCA963989295.1	('Simakov2022BCnS_genefamily_177', 'Simakov2022BCnS_genefamily_6305')	0.0		match_both_missing	True
1781	454853	Ametastegiaequiseti-655806-GCA963989295.1	('Simakov2022BCnS_genefamily_11081', 'Simakov2022BCnS_genefamily_2267')	0.0		match_both_missing	True
1781	511710	Ametastegiaequiseti-655806-GCA963989295.1	('Simakov2022BCnS_genefamily_11901', 'Simakov2022BCnS_genefamily_7442')	0.0		match_both_missing	True
1781	568567	Ametastegiaequiseti-655806-GCA963989295.1	('Simakov2022BCnS_genefamily_11043', 'Simakov2022BCnS_genefamily_7872')	0.0		match_both_missing	True
1781	625423	Ametastegiaequiseti-655806-GCA963989295.1	('Simakov2022BCnS_genefamily_7747', 'Simakov2022BCnS_genefamily_9166')	0.0		match_both_missing	True
1781	682280	Ametastegiaequiseti-655806-GCA963989295.1	('Simakov2022BCnS_genefamily_12548', 'Simakov2022BCnS_genefamily_3287')	0.0		match_both_missing	True
1781	739137	Ametastegiaequiseti-655806-GCA963989295.1	('Simakov2022BCnS_genefamily_1337', 'Simakov2022BCnS_genefamily_3482')	0.0		match_both_missing	True
1781	795994	Ametastegiaequiseti-655806-GCA963989295.1	('Simakov2022BCnS_genefamily_10438', 'Simakov2022BCnS_genefamily_11602')	0.0		match_both_missing	True
1781	852850	Ametastegiaequiseti-655806-GCA963989295.1	('Simakov2022BCnS_genefamily_10491', 'Simakov2022BCnS_genefamily_12830')	0.0		match_both_missing	True
1781	909707	Ametastegiaequiseti-655806-GCA963989295.1	('Simakov2022BCnS_genefamily_10246', 'Simakov2022BCnS_genefamily_12960')	0.0		match_both_missing	True
1781	966564	Ametastegiaequiseti-655806-GCA963989295.1	('Simakov2022BCnS_genefamily_2629', 'Simakov2022BCnS_genefamily_421')	0.0		match_both_missing	True
1781	1023420	Ametastegiaequiseti-655806-GCA963989295.1	('Simakov2022BCnS_genefamily_6596', 'Simakov2022BCnS_genefamily_8677')	0.0		match_both_missing	True
1781	1080277	Ametastegiaequiseti-655806-GCA963989295.1	('Simakov2022BCnS_genefamily_1880', 'Simakov2022BCnS_genefamily_5337')	0.0		match_both_missing	True
1781	1137134	Ametastegiaequiseti-655806-GCA963989295.1	('Simakov2022BCnS_genefamily_11749', 'Simakov2022BCnS_genefamily_8559')	0.0		match_both_missing	True
1781	1193991	Ametastegiaequiseti-655806-GCA963989295.1	('Simakov2022BCnS_genefamily_6846', 'Simakov2022BCnS_genefamily_8308')	0.0		match_both_missing	True
1781	1250847	Ametastegiaequiseti-655806-GCA963989295.1	('Simakov2022BCnS_genefamily_12960', 'Simakov2022BCnS_genefamily_6118')	0.0		match_both_missing	True
1781	1307704	Ametastegiaequiseti-655806-GCA963989295.1	('Simakov2022BCnS_genefamily_12390', 'Simakov2022BCnS_genefamily_5288')	0.0		match_both_missing	True
1781	1364561	Ametastegiaequiseti-655806-GCA963989295.1	('Simakov2022BCnS_genefamily_11392', 'Simakov2022BCnS_genefamily_4537')	0.0		match_both_missing	True
1781	1421417	Ametastegiaequiseti-655806-GCA963989295.1	('Simakov2022BCnS_genefamily_12166', 'Simakov2022BCnS_genefamily_3756')	0.0		match_both_missing	True
1781	1478274	Ametastegiaequiseti-655806-GCA963989295.1	('Simakov2022BCnS_genefamily_1375', 'Simakov2022BCnS_genefamily_364')	0.0		match_both_missing	True
1781	1535131	Ametastegiaequiseti-655806-GCA963989295.1	('Simakov2022BCnS_genefamily_10846', 'Simakov2022BCnS_genefamily_1886')	0.0		match_both_missing	True
1781	1591988	Ametastegiaequiseti-655806-GCA963989295.1	('Simakov2022BCnS_genefamily_6424', 'Simakov2022BCnS_genefamily_7051')	0.0		match_both_missing	True
1781	1648844	Ametastegiaequiseti-655806-GCA963989295.1	('Simakov2022BCnS_genefamily_10640', 'Simakov2022BCnS_genefamily_11566')	0.0		match_both_missing	True
1781	1705701	Ametastegiaequiseti-655806-GCA963989295.1	('Simakov2022BCnS_genefamily_1147', 'Simakov2022BCnS_genefamily_6516')	0.0		match_both_missing	True
1781	1762558	Ametastegiaequiseti-655806-GCA963989295.1	('Simakov2022BCnS_genefamily_4672', 'Simakov2022BCnS_genefamily_6460')	0.0		match_both_missing	True
1781	1819414	Ametastegiaequiseti-655806-GCA963989295.1	('Simakov2022BCnS_genefamily_12196', 'Simakov2022BCnS_genefamily_6391')	0.0		match_both_missing	True
1781	1876271	Ametastegiaequiseti-655806-GCA963989295.1	('Simakov2022BCnS_genefamily_12417', 'Simakov2022BCnS_genefamily_3303')	0.0		match_both_missing	True
1781	1933128	Ametastegiaequiseti-655806-GCA963989295.1	('Simakov2022BCnS_genefamily_1000', 'Simakov2022BCnS_genefamily_11359')	0.0		match_both_missing	True
1781	1989985	Ametastegiaequiseti-655806-GCA963989295.1	('Simakov2022BCnS_genefamily_7708', 'Simakov2022BCnS_genefamily_8564')	0.0		match_both_missing	True
1781	2046841	Ametastegiaequiseti-655806-GCA963989295.1	('Simakov2022BCnS_genefamily_2132', 'Simakov2022BCnS_genefamily_8050')	0.0		match_both_missing	True
1781	2103698	Ametastegiaequiseti-655806-GCA963989295.1	('Simakov2022BCnS_genefamily_4395', 'Simakov2022BCnS_genefamily_8930')	0.0		match_both_missing	True
1781	2160555	Ametastegiaequiseti-655806-GCA963989295.1	('Simakov2022BCnS_genefamily_7033', 'Simakov2022BCnS_genefamily_7620')	0.0		match_both_missing	True
1781	2217411	Ametastegiaequiseti-655806-GCA963989295.1	('Simakov2022BCnS_genefamily_12360', 'Simakov2022BCnS_genefamily_3058')	0.0		match_both_missing	True
1781	2274268	Ametastegiaequiseti-655806-GCA963989295.1	('Simakov2022BCnS_genefamily_132', 'Simakov2022BCnS_genefamily_4598')	0.0		match_both_missing	True
1781	2331125	Ametastegiaequiseti-655806-GCA963989295.1	('Simakov2022BCnS_genefamily_12137', 'Simakov2022BCnS_genefamily_2209')	0.0		match_both_missing	True
1781	2387982	Ametastegiaequiseti-655806-GCA963989295.1	('Simakov2022BCnS_genefamily_2917', 'Simakov2022BCnS_genefamily_883')	0.0		match_both_missing	True
1781	2444838	Ametastegiaequiseti-655806-GCA963989295.1	('Simakov2022BCnS_genefamily_10131', 'Simakov2022BCnS_genefamily_7196')	2681928.0	2681928.0	match	True
1781	2501695	Ametastegiaequiseti-655806-GCA963989295.1	('Simakov2022BCnS_genefamily_1598', 'Simakov2022BCnS_genefamily_3869')	0.0		match_both_missing	True
1781	2558552	Ametastegiaequiseti-655806-GCA963989295.1	('Simakov2022BCnS_genefamily_3592', 'Simakov2022BCnS_genefamily_999')	0.0		match_both_missing	True
1781	2615408	Ametastegiaequiseti-655806-GCA963989295.1	('Simakov2022BCnS_genefamily_5675', 'Simakov2022BCnS_genefamily_8898')	0.0		match_both_missing	True
1781	2672265	Ametastegiaequiseti-655806-GCA963989295.1	('Simakov2022BCnS_genefamily_10591', 'Simakov2022BCnS_genefamily_9321')	0.0		match_both_missing	True
1781	2729122	Ametastegiaequiseti-655806-GCA963989295.1	('Simakov2022BCnS_genefamily_1144', 'Simakov2022BCnS_genefamily_7833')	0.0		match_both_missing	True
1781	2785979	Ametastegiaequiseti-655806-GCA963989295.1	('Simakov2022BCnS_genefamily_3533', 'Simakov2022BCnS_genefamily_5668')	0.0		match_both_missing	True
1900	0	Epiblemascutulana-1100980-GCA964662165.1	('Simakov2022BCnS_genefamily_11671', 'Simakov2022BCnS_genefamily_8892')	0.0		match_both_missing	True
1900	56856	Epiblemascutulana-1100980-GCA964662165.1	('Simakov2022BCnS_genefamily_3414', 'Simakov2022BCnS_genefamily_8719')	0.0		match_both_missing	True
1900	113713	Epiblemascutulana-1100980-GCA964662165.1	('Simakov2022BCnS_genefamily_1642', 'Simakov2022BCnS_genefamily_7254')	0.0		match_both_missing	True
1900	170570	Epiblemascutulana-1100980-GCA964662165.1	('Simakov2022BCnS_genefamily_7106', 'Simakov2022BCnS_genefamily_8489')	0.0		match_both_missing	True
1900	227426	Epiblemascutulana-1100980-GCA964662165.1	('Simakov2022BCnS_genefamily_7876', 'Simakov2022BCnS_genefamily_8983')	0.0		match_both_missing	True
1900	284283	Epiblemascutulana-1100980-GCA964662165.1	('Simakov2022BCnS_genefamily_11878', 'Simakov2022BCnS_genefamily_1767')	0.0		match_both_missing	True
1900	341140	Epiblemascutulana-1100980-GCA964662165.1	('Simakov2022BCnS_genefamily_456', 'Simakov2022BCnS_genefamily_7275')	0.0		match_both_missing	True
1900	397997	Epiblemascutulana-1100980-GCA964662165.1	('Simakov2022BCnS_genefamily_177', 'Simakov2022BCnS_genefamily_6305')	0.0		match_both_missing	True
1900	454853	Epiblemascutulana-1100980-GCA964662165.1	('Simakov2022BCnS_genefamily_11081', 'Simakov2022BCnS_genefamily_2267')	0.0		match_both_missing	True
1900	511710	Epiblemascutulana-1100980-GCA964662165.1	('Simakov2022BCnS_genefamily_11901', 'Simakov2022BCnS_genefamily_7442')	0.0		match_both_missing	True
1900	568567	Epiblemascutulana-1100980-GCA964662165.1	('Simakov2022BCnS_genefamily_11043', 'Simakov2022BCnS_genefamily_7872')	0.0		match_both_missing	True
1900	625423	Epiblemascutulana-1100980-GCA964662165.1	('Simakov2022BCnS_genefamily_7747', 'Simakov2022BCnS_genefamily_9166')	0.0		match_both_missing	True
1900	682280	Epiblemascutulana-1100980-GCA964662165.1	('Simakov2022BCnS_genefamily_12548', 'Simakov2022BCnS_genefamily_3287')	0.0		match_both_missing	True
1900	739137	Epiblemascutulana-1100980-GCA964662165.1	('Simakov2022BCnS_genefamily_1337', 'Simakov2022BCnS_genefamily_3482')	0.0		match_both_missing	True
1900	795994	Epiblemascutulana-1100980-GCA964662165.1	('Simakov2022BCnS_genefamily_10438', 'Simakov2022BCnS_genefamily_11602')	0.0		match_both_missing	True
1900	852850	Epiblemascutulana-1100980-GCA964662165.1	('Simakov2022BCnS_genefamily_10491', 'Simakov2022BCnS_genefamily_12830')	0.0		match_both_missing	True
1900	909707	Epiblemascutulana-1100980-GCA964662165.1	('Simakov2022BCnS_genefamily_10246', 'Simakov2022BCnS_genefamily_12960')	0.0		match_both_missing	True
1900	966564	Epiblemascutulana-1100980-GCA964662165.1	('Simakov2022BCnS_genefamily_2629', 'Simakov2022BCnS_genefamily_421')	0.0		match_both_missing	True
1900	1023420	Epiblemascutulana-1100980-GCA964662165.1	('Simakov2022BCnS_genefamily_6596', 'Simakov2022BCnS_genefamily_8677')	0.0		match_both_missing	True
1900	1080277	Epiblemascutulana-1100980-GCA964662165.1	('Simakov2022BCnS_genefamily_1880', 'Simakov2022BCnS_genefamily_5337')	0.0		match_both_missing	True
1900	1137134	Epiblemascutulana-1100980-GCA964662165.1	('Simakov2022BCnS_genefamily_11749', 'Simakov2022BCnS_genefamily_8559')	0.0		match_both_missing	True
1900	1193991	Epiblemascutulana-1100980-GCA964662165.1	('Simakov2022BCnS_genefamily_6846', 'Simakov2022BCnS_genefamily_8308')	0.0		match_both_missing	True
1900	1250847	Epiblemascutulana-1100980-GCA964662165.1	('Simakov2022BCnS_genefamily_12960', 'Simakov2022BCnS_genefamily_6118')	0.0		match_both_missing	True
1900	1307704	Epiblemascutulana-1100980-GCA964662165.1	('Simakov2022BCnS_genefamily_12390', 'Simakov2022BCnS_genefamily_5288')	0.0		match_both_missing	True
1900	1364561	Epiblemascutulana-1100980-GCA964662165.1	('Simakov2022BCnS_genefamily_11392', 'Simakov2022BCnS_genefamily_4537')	0.0		match_both_missing	True
1900	1421417	Epiblemascutulana-1100980-GCA964662165.1	('Simakov2022BCnS_genefamily_12166', 'Simakov2022BCnS_genefamily_3756')	0.0		match_both_missing	True
1900	1478274	Epiblemascutulana-1100980-GCA964662165.1	('Simakov2022BCnS_genefamily_1375', 'Simakov2022BCnS_genefamily_364')	0.0		match_both_missing	True
1900	1535131	Epiblemascutulana-1100980-GCA964662165.1	('Simakov2022BCnS_genefamily_10846', 'Simakov2022BCnS_genefamily_1886')	0.0		match_both_missing	True
1900	1591988	Epiblemascutulana-1100980-GCA964662165.1	('Simakov2022BCnS_genefamily_6424', 'Simakov2022BCnS_genefamily_7051')	0.0		match_both_missing	True
1900	1648844	Epiblemascutulana-1100980-GCA964662165.1	('Simakov2022BCnS_genefamily_10640', 'Simakov2022BCnS_genefamily_11566')	0.0		match_both_missing	True
1900	1705701	Epiblemascutulana-1100980-GCA964662165.1	('Simakov2022BCnS_genefamily_1147', 'Simakov2022BCnS_genefamily_6516')	0.0		match_both_missing	True
1900	1762558	Epiblemascutulana-1100980-GCA964662165.1	('Simakov2022BCnS_genefamily_4672', 'Simakov2022BCnS_genefamily_6460')	0.0		match_both_missing	True
1900	1819414	Epiblemascutulana-1100980-GCA964662165.1	('Simakov2022BCnS_genefamily_12196', 'Simakov2022BCnS_genefamily_6391')	0.0		match_both_missing	True
1900	1876271	Epiblemascutulana-1100980-GCA964662165.1	('Simakov2022BCnS_genefamily_12417', 'Simakov2022BCnS_genefamily_3303')	0.0		match_both_missing	True
1900	1933128	Epiblemascutulana-1100980-GCA964662165.1	('Simakov2022BCnS_genefamily_1000', 'Simakov2022BCnS_genefamily_11359')	0.0		match_both_missing	True
1900	1989985	Epiblemascutulana-1100980-GCA964662165.1	('Simakov2022BCnS_genefamily_7708', 'Simakov2022BCnS_genefamily_8564')	0.0		match_both_missing	True
1900	2046841	Epiblemascutulana-1100980-GCA964662165.1	('Simakov2022BCnS_genefamily_2132', 'Simakov2022BCnS_genefamily_8050')	0.0		match_both_missing	True
1900	2103698	Epiblemascutulana-1100980-GCA964662165.1	('Simakov2022BCnS_genefamily_4395', 'Simakov2022BCnS_genefamily_8930')	0.0		match_both_missing	True
1900	2160555	Epiblemascutulana-1100980-GCA964662165.1	('Simakov2022BCnS_genefamily_7033', 'Simakov2022BCnS_genefamily_7620')	0.0		match_both_missing	True
1900	2217411	Epiblemascutulana-1100980-GCA964662165.1	('Simakov2022BCnS_genefamily_12360', 'Simakov2022BCnS_genefamily_3058')	0.0		match_both_missing	True
1900	2274268	Epiblemascutulana-1100980-GCA964662165.1	('Simakov2022BCnS_genefamily_132', 'Simakov2022BCnS_genefamily_4598')	0.0		match_both_missing	True
1900	2331125	Epiblemascutulana-1100980-GCA964662165.1	('Simakov2022BCnS_genefamily_12137', 'Simakov2022BCnS_genefamily_2209')	0.0		match_both_missing	True
1900	2387982	Epiblemascutulana-1100980-GCA964662165.1	('Simakov2022BCnS_genefamily_2917', 'Simakov2022BCnS_genefamily_883')	0.0		match_both_missing	True
1900	2444838	Epiblemascutulana-1100980-GCA964662165.1	('Simakov2022BCnS_genefamily_10131', 'Simakov2022BCnS_genefamily_7196')	0.0		match_both_missing	True
1900	2501695	Epiblemascutulana-1100980-GCA964662165.1	('Simakov2022BCnS_genefamily_1598', 'Simakov2022BCnS_genefamily_3869')	0.0		match_both_missing	True
1900	2558552	Epiblemascutulana-1100980-GCA964662165.1	('Simakov2022BCnS_genefamily_3592', 'Simakov2022BCnS_genefamily_999')	104753.0	104753.0	match	True
1900	2615408	Epiblemascutulana-1100980-GCA964662165.1	('Simakov2022BCnS_genefamily_5675', 'Simakov2022BCnS_genefamily_8898')	0.0		match_both_missing	True
1900	2672265	Epiblemascutulana-1100980-GCA964662165.1	('Simakov2022BCnS_genefamily_10591', 'Simakov2022BCnS_genefamily_9321')	0.0		match_both_missing	True
1900	2729122	Epiblemascutulana-1100980-GCA964662165.1	('Simakov2022BCnS_genefamily_1144', 'Simakov2022BCnS_genefamily_7833')	0.0		match_both_missing	True
1900	2785979	Epiblemascutulana-1100980-GCA964662165.1	('Simakov2022BCnS_genefamily_3533', 'Simakov2022BCnS_genefamily_5668')	0.0		match_both_missing	True
2019	0	Samiaricini-63990-GCA048571015.1	('Simakov2022BCnS_genefamily_11671', 'Simakov2022BCnS_genefamily_8892')	0.0		match_both_missing	True
2019	56856	Samiaricini-63990-GCA048571015.1	('Simakov2022BCnS_genefamily_3414', 'Simakov2022BCnS_genefamily_8719')	0.0		match_both_missing	True
2019	113713	Samiaricini-63990-GCA048571015.1	('Simakov2022BCnS_genefamily_1642', 'Simakov2022BCnS_genefamily_7254')	0.0		match_both_missing	True
2019	170570	Samiaricini-63990-GCA048571015.1	('Simakov2022BCnS_genefamily_7106', 'Simakov2022BCnS_genefamily_8489')	0.0		match_both_missing	True
2019	227426	Samiaricini-63990-GCA048571015.1	('Simakov2022BCnS_genefamily_7876', 'Simakov2022BCnS_genefamily_8983')	11702497.0	11702497.0	match	True
2019	284283	Samiaricini-63990-GCA048571015.1	('Simakov2022BCnS_genefamily_11878', 'Simakov2022BCnS_genefamily_1767')	0.0		match_both_missing	True
2019	341140	Samiaricini-63990-GCA048571015.1	('Simakov2022BCnS_genefamily_456', 'Simakov2022BCnS_genefamily_7275')	0.0		match_both_missing	True
2019	397997	Samiaricini-63990-GCA048571015.1	('Simakov2022BCnS_genefamily_177', 'Simakov2022BCnS_genefamily_6305')	0.0		match_both_missing	True
2019	454853	Samiaricini-63990-GCA048571015.1	('Simakov2022BCnS_genefamily_11081', 'Simakov2022BCnS_genefamily_2267')	0.0		match_both_missing	True
2019	511710	Samiaricini-63990-GCA048571015.1	('Simakov2022BCnS_genefamily_11901', 'Simakov2022BCnS_genefamily_7442')	0.0		match_both_missing	True
2019	568567	Samiaricini-63990-GCA048571015.1	('Simakov2022BCnS_genefamily_11043', 'Simakov2022BCnS_genefamily_7872')	0.0		match_both_missing	True
2019	625423	Samiaricini-63990-GCA048571015.1	('Simakov2022BCnS_genefamily_7747', 'Simakov2022BCnS_genefamily_9166')	0.0		match_both_missing	True
2019	682280	Samiaricini-63990-GCA048571015.1	('Simakov2022BCnS_genefamily_12548', 'Simakov2022BCnS_genefamily_3287')	0.0		match_both_missing	True
2019	739137	Samiaricini-63990-GCA048571015.1	('Simakov2022BCnS_genefamily_1337', 'Simakov2022BCnS_genefamily_3482')	0.0		match_both_missing	True
2019	795994	Samiaricini-63990-GCA048571015.1	('Simakov2022BCnS_genefamily_10438', 'Simakov2022BCnS_genefamily_11602')	0.0		match_both_missing	True
2019	852850	Samiaricini-63990-GCA048571015.1	('Simakov2022BCnS_genefamily_10491', 'Simakov2022BCnS_genefamily_12830')	0.0		match_both_missing	True
2019	909707	Samiaricini-63990-GCA048571015.1	('Simakov2022BCnS_genefamily_10246', 'Simakov2022BCnS_genefamily_12960')	0.0		match_both_missing	True
2019	966564	Samiaricini-63990-GCA048571015.1	('Simakov2022BCnS_genefamily_2629', 'Simakov2022BCnS_genefamily_421')	0.0		match_both_missing	True
2019	1023420	Samiaricini-63990-GCA048571015.1	('Simakov2022BCnS_genefamily_6596', 'Simakov2022BCnS_genefamily_8677')	0.0		match_both_missing	True
2019	1080277	Samiaricini-63990-GCA048571015.1	('Simakov2022BCnS_genefamily_1880', 'Simakov2022BCnS_genefamily_5337')	0.0		match_both_missing	True
2019	1137134	Samiaricini-63990-GCA048571015.1	('Simakov2022BCnS_genefamily_11749', 'Simakov2022BCnS_genefamily_8559')	0.0		match_both_missing	True
2019	1193991	Samiaricini-63990-GCA048571015.1	('Simakov2022BCnS_genefamily_6846', 'Simakov2022BCnS_genefamily_8308')	0.0		match_both_missing	True
2019	1250847	Samiaricini-63990-GCA048571015.1	('Simakov2022BCnS_genefamily_12960', 'Simakov2022BCnS_genefamily_6118')	0.0		match_both_missing	True
2019	1307704	Samiaricini-63990-GCA048571015.1	('Simakov2022BCnS_genefamily_12390', 'Simakov2022BCnS_genefamily_5288')	0.0		match_both_missing	True
2019	1364561	Samiaricini-63990-GCA048571015.1	('Simakov2022BCnS_genefamily_11392', 'Simakov2022BCnS_genefamily_4537')	0.0		match_both_missing	True
2019	1421417	Samiaricini-63990-GCA048571015.1	('Simakov2022BCnS_genefamily_12166', 'Simakov2022BCnS_genefamily_3756')	0.0		match_both_missing	True
2019	1478274	Samiaricini-63990-GCA048571015.1	('Simakov2022BCnS_genefamily_1375', 'Simakov2022BCnS_genefamily_364')	0.0		match_both_missing	True
2019	1535131	Samiaricini-63990-GCA048571015.1	('Simakov2022BCnS_genefamily_10846', 'Simakov2022BCnS_genefamily_1886')	23402954.0	23402954.0	match	True
2019	1591988	Samiaricini-63990-GCA048571015.1	('Simakov2022BCnS_genefamily_6424', 'Simakov2022BCnS_genefamily_7051')	0.0		match_both_missing	True
2019	1648844	Samiaricini-63990-GCA048571015.1	('Simakov2022BCnS_genefamily_10640', 'Simakov2022BCnS_genefamily_11566')	0.0		match_both_missing	True
2019	1705701	Samiaricini-63990-GCA048571015.1	('Simakov2022BCnS_genefamily_1147', 'Simakov2022BCnS_genefamily_6516')	0.0		match_both_missing	True
2019	1762558	Samiaricini-63990-GCA048571015.1	('Simakov2022BCnS_genefamily_4672', 'Simakov2022BCnS_genefamily_6460')	0.0		match_both_missing	True
2019	1819414	Samiaricini-63990-GCA048571015.1	('Simakov2022BCnS_genefamily_12196', 'Simakov2022BCnS_genefamily_6391')	0.0		match_both_missing	True
2019	1876271	Samiaricini-63990-GCA048571015.1	('Simakov2022BCnS_genefamily_12417', 'Simakov2022BCnS_genefamily_3303')	0.0		match_both_missing	True
2019	1933128	Samiaricini-63990-GCA048571015.1	('Simakov2022BCnS_genefamily_1000', 'Simakov2022BCnS_genefamily_11359')	0.0		match_both_missing	True
2019	1989985	Samiaricini-63990-GCA048571015.1	('Simakov2022BCnS_genefamily_7708', 'Simakov2022BCnS_genefamily_8564')	0.0		match_both_missing	True
2019	2046841	Samiaricini-63990-GCA048571015.1	('Simakov2022BCnS_genefamily_2132', 'Simakov2022BCnS_genefamily_8050')	0.0		match_both_missing	True
2019	2103698	Samiaricini-63990-GCA048571015.1	('Simakov2022BCnS_genefamily_4395', 'Simakov2022BCnS_genefamily_8930')	0.0		match_both_missing	True
2019	2160555	Samiaricini-63990-GCA048571015.1	('Simakov2022BCnS_genefamily_7033', 'Simakov2022BCnS_genefamily_7620')	0.0		match_both_missing	True
2019	2217411	Samiaricini-63990-GCA048571015.1	('Simakov2022BCnS_genefamily_12360', 'Simakov2022BCnS_genefamily_3058')	0.0		match_both_missing	True
2019	2274268	Samiaricini-63990-GCA048571015.1	('Simakov2022BCnS_genefamily_132', 'Simakov2022BCnS_genefamily_4598')	0.0		match_both_missing	True
2019	2331125	Samiaricini-63990-GCA048571015.1	('Simakov2022BCnS_genefamily_12137', 'Simakov2022BCnS_genefamily_2209')	0.0		match_both_missing	True
2019	2387982	Samiaricini-63990-GCA048571015.1	('Simakov2022BCnS_genefamily_2917', 'Simakov2022BCnS_genefamily_883')	0.0		match_both_missing	True
2019	2444838	Samiaricini-63990-GCA048571015.1	('Simakov2022BCnS_genefamily_10131', 'Simakov2022BCnS_genefamily_7196')	0.0		match_both_missing	True
2019	2501695	Samiaricini-63990-GCA048571015.1	('Simakov2022BCnS_genefamily_1598', 'Simakov2022BCnS_genefamily_3869')	0.0		match_both_missing	True
2019	2558552	Samiaricini-63990-GCA048571015.1	('Simakov2022BCnS_genefamily_3592', 'Simakov2022BCnS_genefamily_999')	82149.0	82149.0	match	True
2019	2615408	Samiaricini-63990-GCA048571015.1	('Simakov2022BCnS_genefamily_5675', 'Simakov2022BCnS_genefamily_8898')	0.0		match_both_missing	True
2019	2672265	Samiaricini-63990-GCA048571015.1	('Simakov2022BCnS_genefamily_10591', 'Simakov2022BCnS_genefamily_9321')	0.0		match_both_missing	True
2019	2729122	Samiaricini-63990-GCA048571015.1	('Simakov2022BCnS_genefamily_1144', 'Simakov2022BCnS_genefamily_7833')	0.0		match_both_missing	True
2019	2785979	Samiaricini-63990-GCA048571015.1	('Simakov2022BCnS_genefamily_3533', 'Simakov2022BCnS_genefamily_5668')	0.0		match_both_missing	True
2137	0	Tytaluctuosa-988042-GCA964288745.1	('Simakov2022BCnS_genefamily_11671', 'Simakov2022BCnS_genefamily_8892')	0.0		match_both_missing	True
2137	56856	Tytaluctuosa-988042-GCA964288745.1	('Simakov2022BCnS_genefamily_3414', 'Simakov2022BCnS_genefamily_8719')	0.0		match_both_missing	True
2137	113713	Tytaluctuosa-988042-GCA964288745.1	('Simakov2022BCnS_genefamily_1642', 'Simakov2022BCnS_genefamily_7254')	0.0		match_both_missing	True
2137	170570	Tytaluctuosa-988042-GCA964288745.1	('Simakov2022BCnS_genefamily_7106', 'Simakov2022BCnS_genefamily_8489')	0.0		match_both_missing	True
2137	227426	Tytaluctuosa-988042-GCA964288745.1	('Simakov2022BCnS_genefamily_7876', 'Simakov2022BCnS_genefamily_8983')	0.0		match_both_missing	True
2137	284283	Tytaluctuosa-988042-GCA964288745.1	('Simakov2022BCnS_genefamily_11878', 'Simakov2022BCnS_genefamily_1767')	0.0		match_both_missing	True
2137	341140	Tytaluctuosa-988042-GCA964288745.1	('Simakov2022BCnS_genefamily_456', 'Simakov2022BCnS_genefamily_7275')	0.0		match_both_missing	True
2137	397997	Tytaluctuosa-988042-GCA964288745.1	('Simakov2022BCnS_genefamily_177', 'Simakov2022BCnS_genefamily_6305')	0.0		match_both_missing	True
2137	454853	Tytaluctuosa-988042-GCA964288745.1	('Simakov2022BCnS_genefamily_11081', 'Simakov2022BCnS_genefamily_2267')	0.0		match_both_missing	True
2137	511710	Tytaluctuosa-988042-GCA964288745.1	('Simakov2022BCnS_genefamily_11901', 'Simakov2022BCnS_genefamily_7442')	0.0		match_both_missing	True
2137	568567	Tytaluctuosa-988042-GCA964288745.1	('Simakov2022BCnS_genefamily_11043', 'Simakov2022BCnS_genefamily_7872')	0.0		match_both_missing	True
2137	625423	Tytaluctuosa-988042-GCA964288745.1	('Simakov2022BCnS_genefamily_7747', 'Simakov2022BCnS_genefamily_9166')	0.0		match_both_missing	True
2137	682280	Tytaluctuosa-988042-GCA964288745.1	('Simakov2022BCnS_genefamily_12548', 'Simakov2022BCnS_genefamily_3287')	0.0		match_both_missing	True
2137	739137	Tytaluctuosa-988042-GCA964288745.1	('Simakov2022BCnS_genefamily_1337', 'Simakov2022BCnS_genefamily_3482')	0.0		match_both_missing	True
2137	795994	Tytaluctuosa-988042-GCA964288745.1	('Simakov2022BCnS_genefamily_10438', 'Simakov2022BCnS_genefamily_11602')	0.0		match_both_missing	True
2137	852850	Tytaluctuosa-988042-GCA964288745.1	('Simakov2022BCnS_genefamily_10491', 'Simakov2022BCnS_genefamily_12830')	0.0		match_both_missing	True
2137	909707	Tytaluctuosa-988042-GCA964288745.1	('Simakov2022BCnS_genefamily_10246', 'Simakov2022BCnS_genefamily_12960')	0.0		match_both_missing	True
2137	966564	Tytaluctuosa-988042-GCA964288745.1	('Simakov2022BCnS_genefamily_2629', 'Simakov2022BCnS_genefamily_421')	0.0		match_both_missing	True
2137	1023420	Tytaluctuosa-988042-GCA964288745.1	('Simakov2022BCnS_genefamily_6596', 'Simakov2022BCnS_genefamily_8677')	0.0		match_both_missing	True
2137	1080277	Tytaluctuosa-988042-GCA964288745.1	('Simakov2022BCnS_genefamily_1880', 'Simakov2022BCnS_genefamily_5337')	0.0		match_both_missing	True
2137	1137134	Tytaluctuosa-988042-GCA964288745.1	('Simakov2022BCnS_genefamily_11749', 'Simakov2022BCnS_genefamily_8559')	0.0		match_both_missing	True
2137	1193991	Tytaluctuosa-988042-GCA964288745.1	('Simakov2022BCnS_genefamily_6846', 'Simakov2022BCnS_genefamily_8308')	0.0		match_both_missing	True
2137	1250847	Tytaluctuosa-988042-GCA964288745.1	('Simakov2022BCnS_genefamily_12960', 'Simakov2022BCnS_genefamily_6118')	0.0		match_both_missing	True
2137	1307704	Tytaluctuosa-988042-GCA964288745.1	('Simakov2022BCnS_genefamily_12390', 'Simakov2022BCnS_genefamily_5288')	0.0		match_both_missing	True
2137	1364561	Tytaluctuosa-988042-GCA964288745.1	('Simakov2022BCnS_genefamily_11392', 'Simakov2022BCnS_genefamily_4537')	0.0		match_both_missing	True
2137	1421417	Tytaluctuosa-988042-GCA964288745.1	('Simakov2022BCnS_genefamily_12166', 'Simakov2022BCnS_genefamily_3756')	0.0		match_both_missing	True
2137	1478274	Tytaluctuosa-988042-GCA964288745.1	('Simakov2022BCnS_genefamily_1375', 'Simakov2022BCnS_genefamily_364')	0.0		match_both_missing	True
2137	1535131	Tytaluctuosa-988042-GCA964288745.1	('Simakov2022BCnS_genefamily_10846', 'Simakov2022BCnS_genefamily_1886')	0.0		match_both_missing	True
2137	1591988	Tytaluctuosa-988042-GCA964288745.1	('Simakov2022BCnS_genefamily_6424', 'Simakov2022BCnS_genefamily_7051')	0.0		match_both_missing	True
2137	1648844	Tytaluctuosa-988042-GCA964288745.1	('Simakov2022BCnS_genefamily_10640', 'Simakov2022BCnS_genefamily_11566')	0.0		match_both_missing	True
2137	1705701	Tytaluctuosa-988042-GCA964288745.1	('Simakov2022BCnS_genefamily_1147', 'Simakov2022BCnS_genefamily_6516')	0.0		match_both_missing	True
2137	1762558	Tytaluctuosa-988042-GCA964288745.1	('Simakov2022BCnS_genefamily_4672', 'Simakov2022BCnS_genefamily_6460')	0.0		match_both_missing	True
2137	1819414	Tytaluctuosa-988042-GCA964288745.1	('Simakov2022BCnS_genefamily_12196', 'Simakov2022BCnS_genefamily_6391')	0.0		match_both_missing	True
2137	1876271	Tytaluctuosa-988042-GCA964288745.1	('Simakov2022BCnS_genefamily_12417', 'Simakov2022BCnS_genefamily_3303')	0.0		match_both_missing	True
2137	1933128	Tytaluctuosa-988042-GCA964288745.1	('Simakov2022BCnS_genefamily_1000', 'Simakov2022BCnS_genefamily_11359')	0.0		match_both_missing	True
2137	1989985	Tytaluctuosa-988042-GCA964288745.1	('Simakov2022BCnS_genefamily_7708', 'Simakov2022BCnS_genefamily_8564')	0.0		match_both_missing	True
2137	2046841	Tytaluctuosa-988042-GCA964288745.1	('Simakov2022BCnS_genefamily_2132', 'Simakov2022BCnS_genefamily_8050')	0.0		match_both_missing	True
2137	2103698	Tytaluctuosa-988042-GCA964288745.1	('Simakov2022BCnS_genefamily_4395', 'Simakov2022BCnS_genefamily_8930')	0.0		match_both_missing	True
2137	2160555	Tytaluctuosa-988042-GCA964288745.1	('Simakov2022BCnS_genefamily_7033', 'Simakov2022BCnS_genefamily_7620')	0.0		match_both_missing	True
2137	2217411	Tytaluctuosa-988042-GCA964288745.1	('Simakov2022BCnS_genefamily_12360', 'Simakov2022BCnS_genefamily_3058')	0.0		match_both_missing	True
2137	2274268	Tytaluctuosa-988042-GCA964288745.1	('Simakov2022BCnS_genefamily_132', 'Simakov2022BCnS_genefamily_4598')	0.0		match_both_missing	True
2137	2331125	Tytaluctuosa-988042-GCA964288745.1	('Simakov2022BCnS_genefamily_12137', 'Simakov2022BCnS_genefamily_2209')	0.0		match_both_missing	True
2137	2387982	Tytaluctuosa-988042-GCA964288745.1	('Simakov2022BCnS_genefamily_2917', 'Simakov2022BCnS_genefamily_883')	0.0		match_both_missing	True
2137	2444838	Tytaluctuosa-988042-GCA964288745.1	('Simakov2022BCnS_genefamily_10131', 'Simakov2022BCnS_genefamily_7196')	0.0		match_both_missing	True
2137	2501695	Tytaluctuosa-988042-GCA964288745.1	('Simakov2022BCnS_genefamily_1598', 'Simakov2022BCnS_genefamily_3869')	0.0		match_both_missing	True
2137	2558552	Tytaluctuosa-988042-GCA964288745.1	('Simakov2022BCnS_genefamily_3592', 'Simakov2022BCnS_genefamily_999')	93109.0	93109.0	match	True
2137	2615408	Tytaluctuosa-988042-GCA964288745.1	('Simakov2022BCnS_genefamily_5675', 'Simakov2022BCnS_genefamily_8898')	0.0		match_both_missing	True
2137	2672265	Tytaluctuosa-988042-GCA964288745.1	('Simakov2022BCnS_genefamily_10591', 'Simakov2022BCnS_genefamily_9321')	0.0		match_both_missing	True
2137	2729122	Tytaluctuosa-988042-GCA964288745.1	('Simakov2022BCnS_genefamily_1144', 'Simakov2022BCnS_genefamily_7833')	0.0		match_both_missing	True
2137	2785979	Tytaluctuosa-988042-GCA964288745.1	('Simakov2022BCnS_genefamily_3533', 'Simakov2022BCnS_genefamily_5668')	0.0		match_both_missing	True
2256	0	Diarsiarubi-987925-GCA932274075.1	('Simakov2022BCnS_genefamily_11671', 'Simakov2022BCnS_genefamily_8892')	0.0		match_both_missing	True
2256	56856	Diarsiarubi-987925-GCA932274075.1	('Simakov2022BCnS_genefamily_3414', 'Simakov2022BCnS_genefamily_8719')	0.0		match_both_missing	True
2256	113713	Diarsiarubi-987925-GCA932274075.1	('Simakov2022BCnS_genefamily_1642', 'Simakov2022BCnS_genefamily_7254')	0.0		match_both_missing	True
2256	170570	Diarsiarubi-987925-GCA932274075.1	('Simakov2022BCnS_genefamily_7106', 'Simakov2022BCnS_genefamily_8489')	0.0		match_both_missing	True
2256	227426	Diarsiarubi-987925-GCA932274075.1	('Simakov2022BCnS_genefamily_7876', 'Simakov2022BCnS_genefamily_8983')	0.0		match_both_missing	True
2256	284283	Diarsiarubi-987925-GCA932274075.1	('Simakov2022BCnS_genefamily_11878', 'Simakov2022BCnS_genefamily_1767')	0.0		match_both_missing	True
2256	341140	Diarsiarubi-987925-GCA932274075.1	('Simakov2022BCnS_genefamily_456', 'Simakov2022BCnS_genefamily_7275')	0.0		match_both_missing	True
2256	397997	Diarsiarubi-987925-GCA932274075.1	('Simakov2022BCnS_genefamily_177', 'Simakov2022BCnS_genefamily_6305')	0.0		match_both_missing	True
2256	454853	Diarsiarubi-987925-GCA932274075.1	('Simakov2022BCnS_genefamily_11081', 'Simakov2022BCnS_genefamily_2267')	0.0		match_both_missing	True
2256	511710	Diarsiarubi-987925-GCA932274075.1	('Simakov2022BCnS_genefamily_11901', 'Simakov2022BCnS_genefamily_7442')	0.0		match_both_missing	True
2256	568567	Diarsiarubi-987925-GCA932274075.1	('Simakov2022BCnS_genefamily_11043', 'Simakov2022BCnS_genefamily_7872')	0.0		match_both_missing	True
2256	625423	Diarsiarubi-987925-GCA932274075.1	('Simakov2022BCnS_genefamily_7747', 'Simakov2022BCnS_genefamily_9166')	0.0		match_both_missing	True
2256	682280	Diarsiarubi-987925-GCA932274075.1	('Simakov2022BCnS_genefamily_12548', 'Simakov2022BCnS_genefamily_3287')	0.0		match_both_missing	True
2256	739137	Diarsiarubi-987925-GCA932274075.1	('Simakov2022BCnS_genefamily_1337', 'Simakov2022BCnS_genefamily_3482')	0.0		match_both_missing	True
2256	795994	Diarsiarubi-987925-GCA932274075.1	('Simakov2022BCnS_genefamily_10438', 'Simakov2022BCnS_genefamily_11602')	0.0		match_both_missing	True
2256	852850	Diarsiarubi-987925-GCA932274075.1	('Simakov2022BCnS_genefamily_10491', 'Simakov2022BCnS_genefamily_12830')	0.0		match_both_missing	True
2256	909707	Diarsiarubi-987925-GCA932274075.1	('Simakov2022BCnS_genefamily_10246', 'Simakov2022BCnS_genefamily_12960')	0.0		match_both_missing	True
2256	966564	Diarsiarubi-987925-GCA932274075.1	('Simakov2022BCnS_genefamily_2629', 'Simakov2022BCnS_genefamily_421')	0.0		match_both_missing	True
2256	1023420	Diarsiarubi-987925-GCA932274075.1	('Simakov2022BCnS_genefamily_6596', 'Simakov2022BCnS_genefamily_8677')	0.0		match_both_missing	True
2256	1080277	Diarsiarubi-987925-GCA932274075.1	('Simakov2022BCnS_genefamily_1880', 'Simakov2022BCnS_genefamily_5337')	0.0		match_both_missing	True
2256	1137134	Diarsiarubi-987925-GCA932274075.1	('Simakov2022BCnS_genefamily_11749', 'Simakov2022BCnS_genefamily_8559')	0.0		match_both_missing	True
2256	1193991	Diarsiarubi-987925-GCA932274075.1	('Simakov2022BCnS_genefamily_6846', 'Simakov2022BCnS_genefamily_8308')	0.0		match_both_missing	True
2256	1250847	Diarsiarubi-987925-GCA932274075.1	('Simakov2022BCnS_genefamily_12960', 'Simakov2022BCnS_genefamily_6118')	0.0		match_both_missing	True
2256	1307704	Diarsiarubi-987925-GCA932274075.1	('Simakov2022BCnS_genefamily_12390', 'Simakov2022BCnS_genefamily_5288')	0.0		match_both_missing	True
2256	1364561	Diarsiarubi-987925-GCA932274075.1	('Simakov2022BCnS_genefamily_11392', 'Simakov2022BCnS_genefamily_4537')	0.0		match_both_missing	True
2256	1421417	Diarsiarubi-987925-GCA932274075.1	('Simakov2022BCnS_genefamily_12166', 'Simakov2022BCnS_genefamily_3756')	0.0		match_both_missing	True
2256	1478274	Diarsiarubi-987925-GCA932274075.1	('Simakov2022BCnS_genefamily_1375', 'Simakov2022BCnS_genefamily_364')	0.0		match_both_missing	True
2256	1535131	Diarsiarubi-987925-GCA932274075.1	('Simakov2022BCnS_genefamily_10846', 'Simakov2022BCnS_genefamily_1886')	0.0		match_both_missing	True
2256	1591988	Diarsiarubi-987925-GCA932274075.1	('Simakov2022BCnS_genefamily_6424', 'Simakov2022BCnS_genefamily_7051')	0.0		match_both_missing	True
2256	1648844	Diarsiarubi-987925-GCA932274075.1	('Simakov2022BCnS_genefamily_10640', 'Simakov2022BCnS_genefamily_11566')	0.0		match_both_missing	True
2256	1705701	Diarsiarubi-987925-GCA932274075.1	('Simakov2022BCnS_genefamily_1147', 'Simakov2022BCnS_genefamily_6516')	0.0		match_both_missing	True
2256	1762558	Diarsiarubi-987925-GCA932274075.1	('Simakov2022BCnS_genefamily_4672', 'Simakov2022BCnS_genefamily_6460')	0.0		match_both_missing	True
2256	1819414	Diarsiarubi-987925-GCA932274075.1	('Simakov2022BCnS_genefamily_12196', 'Simakov2022BCnS_genefamily_6391')	0.0		match_both_missing	True
2256	1876271	Diarsiarubi-987925-GCA932274075.1	('Simakov2022BCnS_genefamily_12417', 'Simakov2022BCnS_genefamily_3303')	0.0		match_both_missing	True
2256	1933128	Diarsiarubi-987925-GCA932274075.1	('Simakov2022BCnS_genefamily_1000', 'Simakov2022BCnS_genefamily_11359')	0.0		match_both_missing	True
2256	1989985	Diarsiarubi-987925-GCA932274075.1	('Simakov2022BCnS_genefamily_7708', 'Simakov2022BCnS_genefamily_8564')	0.0		match_both_missing	True
2256	2046841	Diarsiarubi-987925-GCA932274075.1	('Simakov2022BCnS_genefamily_2132', 'Simakov2022BCnS_genefamily_8050')	0.0		match_both_missing	True
2256	2103698	Diarsiarubi-987925-GCA932274075.1	('Simakov2022BCnS_genefamily_4395', 'Simakov2022BCnS_genefamily_8930')	0.0		match_both_missing	True
2256	2160555	Diarsiarubi-987925-GCA932274075.1	('Simakov2022BCnS_genefamily_7033', 'Simakov2022BCnS_genefamily_7620')	0.0		match_both_missing	True
2256	2217411	Diarsiarubi-987925-GCA932274075.1	('Simakov2022BCnS_genefamily_12360', 'Simakov2022BCnS_genefamily_3058')	0.0		match_both_missing	True
2256	2274268	Diarsiarubi-987925-GCA932274075.1	('Simakov2022BCnS_genefamily_132', 'Simakov2022BCnS_genefamily_4598')	0.0		match_both_missing	True
2256	2331125	Diarsiarubi-987925-GCA932274075.1	('Simakov2022BCnS_genefamily_12137', 'Simakov2022BCnS_genefamily_2209')	0.0		match_both_missing	True
2256	2387982	Diarsiarubi-987925-GCA932274075.1	('Simakov2022BCnS_genefamily_2917', 'Simakov2022BCnS_genefamily_883')	0.0		match_both_missing	True
2256	2444838	Diarsiarubi-987925-GCA932274075.1	('Simakov2022BCnS_genefamily_10131', 'Simakov2022BCnS_genefamily_7196')	0.0		match_both_missing	True
2256	2501695	Diarsiarubi-987925-GCA932274075.1	('Simakov2022BCnS_genefamily_1598', 'Simakov2022BCnS_genefamily_3869')	0.0		match_both_missing	True
2256	2558552	Diarsiarubi-987925-GCA932274075.1	('Simakov2022BCnS_genefamily_3592', 'Simakov2022BCnS_genefamily_999')	101155.0	101155.0	match	True
2256	2615408	Diarsiarubi-987925-GCA932274075.1	('Simakov2022BCnS_genefamily_5675', 'Simakov2022BCnS_genefamily_8898')	0.0		match_both_missing	True
2256	2672265	Diarsiarubi-987925-GCA932274075.1	('Simakov2022BCnS_genefamily_10591', 'Simakov2022BCnS_genefamily_9321')	0.0		match_both_missing	True
2256	2729122	Diarsiarubi-987925-GCA932274075.1	('Simakov2022BCnS_genefamily_1144', 'Simakov2022BCnS_genefamily_7833')	0.0		match_both_missing	True
2256	2785979	Diarsiarubi-987925-GCA932274075.1	('Simakov2022BCnS_genefamily_3533', 'Simakov2022BCnS_genefamily_5668')	0.0		match_both_missing	True
2375	0	Lycaenahippothoe-580924-GCA964264015.1	('Simakov2022BCnS_genefamily_11671', 'Simakov2022BCnS_genefamily_8892')	0.0		match_both_missing	True
2375	56856	Lycaenahippothoe-580924-GCA964264015.1	('Simakov2022BCnS_genefamily_3414', 'Simakov2022BCnS_genefamily_8719')	0.0		match_both_missing	True
2375	113713	Lycaenahippothoe-580924-GCA964264015.1	('Simakov2022BCnS_genefamily_1642', 'Simakov2022BCnS_genefamily_7254')	0.0		match_both_missing	True
2375	170570	Lycaenahippothoe-580924-GCA964264015.1	('Simakov2022BCnS_genefamily_7106', 'Simakov2022BCnS_genefamily_8489')	0.0		match_both_missing	True
2375	227426	Lycaenahippothoe-580924-GCA964264015.1	('Simakov2022BCnS_genefamily_7876', 'Simakov2022BCnS_genefamily_8983')	0.0		match_both_missing	True
2375	284283	Lycaenahippothoe-580924-GCA964264015.1	('Simakov2022BCnS_genefamily_11878', 'Simakov2022BCnS_genefamily_1767')	0.0		match_both_missing	True
2375	341140	Lycaenahippothoe-580924-GCA964264015.1	('Simakov2022BCnS_genefamily_456', 'Simakov2022BCnS_genefamily_7275')	0.0		match_both_missing	True
2375	397997	Lycaenahippothoe-580924-GCA964264015.1	('Simakov2022BCnS_genefamily_177', 'Simakov2022BCnS_genefamily_6305')	0.0		match_both_missing	True
2375	454853	Lycaenahippothoe-580924-GCA964264015.1	('Simakov2022BCnS_genefamily_11081', 'Simakov2022BCnS_genefamily_2267')	0.0		match_both_missing	True
2375	511710	Lycaenahippothoe-580924-GCA964264015.1	('Simakov2022BCnS_genefamily_11901', 'Simakov2022BCnS_genefamily_7442')	0.0		match_both_missing	True
2375	568567	Lycaenahippothoe-580924-GCA964264015.1	('Simakov2022BCnS_genefamily_11043', 'Simakov2022BCnS_genefamily_7872')	0.0		match_both_missing	True
2375	625423	Lycaenahippothoe-580924-GCA964264015.1	('Simakov2022BCnS_genefamily_7747', 'Simakov2022BCnS_genefamily_9166')	0.0		match_both_missing	True
2375	682280	Lycaenahippothoe-580924-GCA964264015.1	('Simakov2022BCnS_genefamily_12548', 'Simakov2022BCnS_genefamily_3287')	0.0		match_both_missing	True
2375	739137	Lycaenahippothoe-580924-GCA964264015.1	('Simakov2022BCnS_genefamily_1337', 'Simakov2022BCnS_genefamily_3482')	0.0		match_both_missing	True
2375	795994	Lycaenahippothoe-580924-GCA964264015.1	('Simakov2022BCnS_genefamily_10438', 'Simakov2022BCnS_genefamily_11602')	0.0		match_both_missing	True
2375	852850	Lycaenahippothoe-580924-GCA964264015.1	('Simakov2022BCnS_genefamily_10491', 'Simakov2022BCnS_genefamily_12830')	0.0		match_both_missing	True
2375	909707	Lycaenahippothoe-580924-GCA964264015.1	('Simakov2022BCnS_genefamily_10246', 'Simakov2022BCnS_genefamily_12960')	0.0		match_both_missing	True
2375	966564	Lycaenahippothoe-580924-GCA964264015.1	('Simakov2022BCnS_genefamily_2629', 'Simakov2022BCnS_genefamily_421')	0.0		match_both_missing	True
2375	1023420	Lycaenahippothoe-580924-GCA964264015.1	('Simakov2022BCnS_genefamily_6596', 'Simakov2022BCnS_genefamily_8677')	0.0		match_both_missing	True
2375	1080277	Lycaenahippothoe-580924-GCA964264015.1	('Simakov2022BCnS_genefamily_1880', 'Simakov2022BCnS_genefamily_5337')	0.0		match_both_missing	True
2375	1137134	Lycaenahippothoe-580924-GCA964264015.1	('Simakov2022BCnS_genefamily_11749', 'Simakov2022BCnS_genefamily_8559')	0.0		match_both_missing	True
2375	1193991	Lycaenahippothoe-580924-GCA964264015.1	('Simakov2022BCnS_genefamily_6846', 'Simakov2022BCnS_genefamily_8308')	0.0		match_both_missing	True
2375	1250847	Lycaenahippothoe-580924-GCA964264015.1	('Simakov2022BCnS_genefamily_12960', 'Simakov2022BCnS_genefamily_6118')	11482486.0	11482486.0	match	True
2375	1307704	Lycaenahippothoe-580924-GCA964264015.1	('Simakov2022BCnS_genefamily_12390', 'Simakov2022BCnS_genefamily_5288')	0.0		match_both_missing	True
2375	1364561	Lycaenahippothoe-580924-GCA964264015.1	('Simakov2022BCnS_genefamily_11392', 'Simakov2022BCnS_genefamily_4537')	0.0		match_both_missing	True
2375	1421417	Lycaenahippothoe-580924-GCA964264015.1	('Simakov2022BCnS_genefamily_12166', 'Simakov2022BCnS_genefamily_3756')	0.0		match_both_missing	True
2375	1478274	Lycaenahippothoe-580924-GCA964264015.1	('Simakov2022BCnS_genefamily_1375', 'Simakov2022BCnS_genefamily_364')	0.0		match_both_missing	True
2375	1535131	Lycaenahippothoe-580924-GCA964264015.1	('Simakov2022BCnS_genefamily_10846', 'Simakov2022BCnS_genefamily_1886')	0.0		match_both_missing	True
2375	1591988	Lycaenahippothoe-580924-GCA964264015.1	('Simakov2022BCnS_genefamily_6424', 'Simakov2022BCnS_genefamily_7051')	0.0		match_both_missing	True
2375	1648844	Lycaenahippothoe-580924-GCA964264015.1	('Simakov2022BCnS_genefamily_10640', 'Simakov2022BCnS_genefamily_11566')	0.0		match_both_missing	True
2375	1705701	Lycaenahippothoe-580924-GCA964264015.1	('Simakov2022BCnS_genefamily_1147', 'Simakov2022BCnS_genefamily_6516')	0.0		match_both_missing	True
2375	1762558	Lycaenahippothoe-580924-GCA964264015.1	('Simakov2022BCnS_genefamily_4672', 'Simakov2022BCnS_genefamily_6460')	0.0		match_both_missing	True
2375	1819414	Lycaenahippothoe-580924-GCA964264015.1	('Simakov2022BCnS_genefamily_12196', 'Simakov2022BCnS_genefamily_6391')	0.0		match_both_missing	True
2375	1876271	Lycaenahippothoe-580924-GCA964264015.1	('Simakov2022BCnS_genefamily_12417', 'Simakov2022BCnS_genefamily_3303')	0.0		match_both_missing	True
2375	1933128	Lycaenahippothoe-580924-GCA964264015.1	('Simakov2022BCnS_genefamily_1000', 'Simakov2022BCnS_genefamily_11359')	0.0		match_both_missing	True
2375	1989985	Lycaenahippothoe-580924-GCA964264015.1	('Simakov2022BCnS_genefamily_7708', 'Simakov2022BCnS_genefamily_8564')	0.0		match_both_missing	True
2375	2046841	Lycaenahippothoe-580924-GCA964264015.1	('Simakov2022BCnS_genefamily_2132', 'Simakov2022BCnS_genefamily_8050')	0.0		match_both_missing	True
2375	2103698	Lycaenahippothoe-580924-GCA964264015.1	('Simakov2022BCnS_genefamily_4395', 'Simakov2022BCnS_genefamily_8930')	0.0		match_both_missing	True
2375	2160555	Lycaenahippothoe-580924-GCA964264015.1	('Simakov2022BCnS_genefamily_7033', 'Simakov2022BCnS_genefamily_7620')	0.0		match_both_missing	True
2375	2217411	Lycaenahippothoe-580924-GCA964264015.1	('Simakov2022BCnS_genefamily_12360', 'Simakov2022BCnS_genefamily_3058')	0.0		match_both_missing	True
2375	2274268	Lycaenahippothoe-580924-GCA964264015.1	('Simakov2022BCnS_genefamily_132', 'Simakov2022BCnS_genefamily_4598')	0.0		match_both_missing	True
2375	2331125	Lycaenahippothoe-580924-GCA964264015.1	('Simakov2022BCnS_genefamily_12137', 'Simakov2022BCnS_genefamily_2209')	0.0		match_both_missing	True
2375	2387982	Lycaenahippothoe-580924-GCA964264015.1	('Simakov2022BCnS_genefamily_2917', 'Simakov2022BCnS_genefamily_883')	0.0		match_both_missing	True
2375	2444838	Lycaenahippothoe-580924-GCA964264015.1	('Simakov2022BCnS_genefamily_10131', 'Simakov2022BCnS_genefamily_7196')	0.0		match_both_missing	True
2375	2501695	Lycaenahippothoe-580924-GCA964264015.1	('Simakov2022BCnS_genefamily_1598', 'Simakov2022BCnS_genefamily_3869')	0.0		match_both_missing	True
2375	2558552	Lycaenahippothoe-580924-GCA964264015.1	('Simakov2022BCnS_genefamily_3592', 'Simakov2022BCnS_genefamily_999')	84942.0	84942.0	match	True
2375	2615408	Lycaenahippothoe-580924-GCA964264015.1	('Simakov2022BCnS_genefamily_5675', 'Simakov2022BCnS_genefamily_8898')	0.0		match_both_missing	True
2375	2672265	Lycaenahippothoe-580924-GCA964264015.1	('Simakov2022BCnS_genefamily_10591', 'Simakov2022BCnS_genefamily_9321')	0.0		match_both_missing	True
2375	2729122	Lycaenahippothoe-580924-GCA964264015.1	('Simakov2022BCnS_genefamily_1144', 'Simakov2022BCnS_genefamily_7833')	0.0		match_both_missing	True
2375	2785979	Lycaenahippothoe-580924-GCA964264015.1	('Simakov2022BCnS_genefamily_3533', 'Simakov2022BCnS_genefamily_5668')	0.0		match_both_missing	True
2494	0	Melitaeacinxia-113334-GCF905220565.1	('Simakov2022BCnS_genefamily_11671', 'Simakov2022BCnS_genefamily_8892')	0.0		match_both_missing	True
2494	56856	Melitaeacinxia-113334-GCF905220565.1	('Simakov2022BCnS_genefamily_3414', 'Simakov2022BCnS_genefamily_8719')	0.0		match_both_missing	True
2494	113713	Melitaeacinxia-113334-GCF905220565.1	('Simakov2022BCnS_genefamily_1642', 'Simakov2022BCnS_genefamily_7254')	0.0		match_both_missing	True
2494	170570	Melitaeacinxia-113334-GCF905220565.1	('Simakov2022BCnS_genefamily_7106', 'Simakov2022BCnS_genefamily_8489')	0.0		match_both_missing	True
2494	227426	Melitaeacinxia-113334-GCF905220565.1	('Simakov2022BCnS_genefamily_7876', 'Simakov2022BCnS_genefamily_8983')	0.0		match_both_missing	True
2494	284283	Melitaeacinxia-113334-GCF905220565.1	('Simakov2022BCnS_genefamily_11878', 'Simakov2022BCnS_genefamily_1767')	0.0		match_both_missing	True
2494	341140	Melitaeacinxia-113334-GCF905220565.1	('Simakov2022BCnS_genefamily_456', 'Simakov2022BCnS_genefamily_7275')	0.0		match_both_missing	True
2494	397997	Melitaeacinxia-113334-GCF905220565.1	('Simakov2022BCnS_genefamily_177', 'Simakov2022BCnS_genefamily_6305')	0.0		match_both_missing	True
2494	454853	Melitaeacinxia-113334-GCF905220565.1	('Simakov2022BCnS_genefamily_11081', 'Simakov2022BCnS_genefamily_2267')	0.0		match_both_missing	True
2494	511710	Melitaeacinxia-113334-GCF905220565.1	('Simakov2022BCnS_genefamily_11901', 'Simakov2022BCnS_genefamily_7442')	0.0		match_both_missing	True
2494	568567	Melitaeacinxia-113334-GCF905220565.1	('Simakov2022BCnS_genefamily_11043', 'Simakov2022BCnS_genefamily_7872')	0.0		match_both_missing	True
2494	625423	Melitaeacinxia-113334-GCF905220565.1	('Simakov2022BCnS_genefamily_7747', 'Simakov2022BCnS_genefamily_9166')	0.0		match_both_missing	True
2494	682280	Melitaeacinxia-113334-GCF905220565.1	('Simakov2022BCnS_genefamily_12548', 'Simakov2022BCnS_genefamily_3287')	0.0		match_both_missing	True
2494	739137	Melitaeacinxia-113334-GCF905220565.1	('Simakov2022BCnS_genefamily_1337', 'Simakov2022BCnS_genefamily_3482')	0.0		match_both_missing	True
2494	795994	Melitaeacinxia-113334-GCF905220565.1	('Simakov2022BCnS_genefamily_10438', 'Simakov2022BCnS_genefamily_11602')	0.0		match_both_missing	True
2494	852850	Melitaeacinxia-113334-GCF905220565.1	('Simakov2022BCnS_genefamily_10491', 'Simakov2022BCnS_genefamily_12830')	0.0		match_both_missing	True
2494	909707	Melitaeacinxia-113334-GCF905220565.1	('Simakov2022BCnS_genefamily_10246', 'Simakov2022BCnS_genefamily_12960')	0.0		match_both_missing	True
2494	966564	Melitaeacinxia-113334-GCF905220565.1	('Simakov2022BCnS_genefamily_2629', 'Simakov2022BCnS_genefamily_421')	0.0		match_both_missing	True
2494	1023420	Melitaeacinxia-113334-GCF905220565.1	('Simakov2022BCnS_genefamily_6596', 'Simakov2022BCnS_genefamily_8677')	0.0		match_both_missing	True
2494	1080277	Melitaeacinxia-113334-GCF905220565.1	('Simakov2022BCnS_genefamily_1880', 'Simakov2022BCnS_genefamily_5337')	0.0		match_both_missing	True
2494	1137134	Melitaeacinxia-113334-GCF905220565.1	('Simakov2022BCnS_genefamily_11749', 'Simakov2022BCnS_genefamily_8559')	0.0		match_both_missing	True
2494	1193991	Melitaeacinxia-113334-GCF905220565.1	('Simakov2022BCnS_genefamily_6846', 'Simakov2022BCnS_genefamily_8308')	0.0		match_both_missing	True
2494	1250847	Melitaeacinxia-113334-GCF905220565.1	('Simakov2022BCnS_genefamily_12960', 'Simakov2022BCnS_genefamily_6118')	0.0		match_both_missing	True
2494	1307704	Melitaeacinxia-113334-GCF905220565.1	('Simakov2022BCnS_genefamily_12390', 'Simakov2022BCnS_genefamily_5288')	0.0		match_both_missing	True
2494	1364561	Melitaeacinxia-113334-GCF905220565.1	('Simakov2022BCnS_genefamily_11392', 'Simakov2022BCnS_genefamily_4537')	0.0		match_both_missing	True
2494	1421417	Melitaeacinxia-113334-GCF905220565.1	('Simakov2022BCnS_genefamily_12166', 'Simakov2022BCnS_genefamily_3756')	0.0		match_both_missing	True
2494	1478274	Melitaeacinxia-113334-GCF905220565.1	('Simakov2022BCnS_genefamily_1375', 'Simakov2022BCnS_genefamily_364')	0.0		match_both_missing	True
2494	1535131	Melitaeacinxia-113334-GCF905220565.1	('Simakov2022BCnS_genefamily_10846', 'Simakov2022BCnS_genefamily_1886')	0.0		match_both_missing	True
2494	1591988	Melitaeacinxia-113334-GCF905220565.1	('Simakov2022BCnS_genefamily_6424', 'Simakov2022BCnS_genefamily_7051')	0.0		match_both_missing	True
2494	1648844	Melitaeacinxia-113334-GCF905220565.1	('Simakov2022BCnS_genefamily_10640', 'Simakov2022BCnS_genefamily_11566')	0.0		match_both_missing	True
2494	1705701	Melitaeacinxia-113334-GCF905220565.1	('Simakov2022BCnS_genefamily_1147', 'Simakov2022BCnS_genefamily_6516')	0.0		match_both_missing	True
2494	1762558	Melitaeacinxia-113334-GCF905220565.1	('Simakov2022BCnS_genefamily_4672', 'Simakov2022BCnS_genefamily_6460')	0.0		match_both_missing	True
2494	1819414	Melitaeacinxia-113334-GCF905220565.1	('Simakov2022BCnS_genefamily_12196', 'Simakov2022BCnS_genefamily_6391')	0.0		match_both_missing	True
2494	1876271	Melitaeacinxia-113334-GCF905220565.1	('Simakov2022BCnS_genefamily_12417', 'Simakov2022BCnS_genefamily_3303')	0.0		match_both_missing	True
2494	1933128	Melitaeacinxia-113334-GCF905220565.1	('Simakov2022BCnS_genefamily_1000', 'Simakov2022BCnS_genefamily_11359')	0.0		match_both_missing	True
2494	1989985	Melitaeacinxia-113334-GCF905220565.1	('Simakov2022BCnS_genefamily_7708', 'Simakov2022BCnS_genefamily_8564')	0.0		match_both_missing	True
2494	2046841	Melitaeacinxia-113334-GCF905220565.1	('Simakov2022BCnS_genefamily_2132', 'Simakov2022BCnS_genefamily_8050')	0.0		match_both_missing	True
2494	2103698	Melitaeacinxia-113334-GCF905220565.1	('Simakov2022BCnS_genefamily_4395', 'Simakov2022BCnS_genefamily_8930')	0.0		match_both_missing	True
2494	2160555	Melitaeacinxia-113334-GCF905220565.1	('Simakov2022BCnS_genefamily_7033', 'Simakov2022BCnS_genefamily_7620')	0.0		match_both_missing	True
2494	2217411	Melitaeacinxia-113334-GCF905220565.1	('Simakov2022BCnS_genefamily_12360', 'Simakov2022BCnS_genefamily_3058')	0.0		match_both_missing	True
2494	2274268	Melitaeacinxia-113334-GCF905220565.1	('Simakov2022BCnS_genefamily_132', 'Simakov2022BCnS_genefamily_4598')	0.0		match_both_missing	True
2494	2331125	Melitaeacinxia-113334-GCF905220565.1	('Simakov2022BCnS_genefamily_12137', 'Simakov2022BCnS_genefamily_2209')	1108283.0	1108283.0	match	True
2494	2387982	Melitaeacinxia-113334-GCF905220565.1	('Simakov2022BCnS_genefamily_2917', 'Simakov2022BCnS_genefamily_883')	0.0		match_both_missing	True
2494	2444838	Melitaeacinxia-113334-GCF905220565.1	('Simakov2022BCnS_genefamily_10131', 'Simakov2022BCnS_genefamily_7196')	0.0		match_both_missing	True
2494	2501695	Melitaeacinxia-113334-GCF905220565.1	('Simakov2022BCnS_genefamily_1598', 'Simakov2022BCnS_genefamily_3869')	0.0		match_both_missing	True
2494	2558552	Melitaeacinxia-113334-GCF905220565.1	('Simakov2022BCnS_genefamily_3592', 'Simakov2022BCnS_genefamily_999')	3321435.0	3321435.0	match	True
2494	2615408	Melitaeacinxia-113334-GCF905220565.1	('Simakov2022BCnS_genefamily_5675', 'Simakov2022BCnS_genefamily_8898')	0.0		match_both_missing	True
2494	2672265	Melitaeacinxia-113334-GCF905220565.1	('Simakov2022BCnS_genefamily_10591', 'Simakov2022BCnS_genefamily_9321')	0.0		match_both_missing	True
2494	2729122	Melitaeacinxia-113334-GCF905220565.1	('Simakov2022BCnS_genefamily_1144', 'Simakov2022BCnS_genefamily_7833')	0.0		match_both_missing	True
2494	2785979	Melitaeacinxia-113334-GCF905220565.1	('Simakov2022BCnS_genefamily_3533', 'Simakov2022BCnS_genefamily_5668')	0.0		match_both_missing	True
2613	0	Parapoynxstratiotata-1594321-GCA910589355.1	('Simakov2022BCnS_genefamily_11671', 'Simakov2022BCnS_genefamily_8892')	0.0		match_both_missing	True
2613	56856	Parapoynxstratiotata-1594321-GCA910589355.1	('Simakov2022BCnS_genefamily_3414', 'Simakov2022BCnS_genefamily_8719')	0.0		match_both_missing	True
2613	113713	Parapoynxstratiotata-1594321-GCA910589355.1	('Simakov2022BCnS_genefamily_1642', 'Simakov2022BCnS_genefamily_7254')	0.0		match_both_missing	True
2613	170570	Parapoynxstratiotata-1594321-GCA910589355.1	('Simakov2022BCnS_genefamily_7106', 'Simakov2022BCnS_genefamily_8489')	0.0		match_both_missing	True
2613	227426	Parapoynxstratiotata-1594321-GCA910589355.1	('Simakov2022BCnS_genefamily_7876', 'Simakov2022BCnS_genefamily_8983')	0.0		match_both_missing	True
2613	284283	Parapoynxstratiotata-1594321-GCA910589355.1	('Simakov2022BCnS_genefamily_11878', 'Simakov2022BCnS_genefamily_1767')	0.0		match_both_missing	True
2613	341140	Parapoynxstratiotata-1594321-GCA910589355.1	('Simakov2022BCnS_genefamily_456', 'Simakov2022BCnS_genefamily_7275')	0.0		match_both_missing	True
2613	397997	Parapoynxstratiotata-1594321-GCA910589355.1	('Simakov2022BCnS_genefamily_177', 'Simakov2022BCnS_genefamily_6305')	0.0		match_both_missing	True
2613	454853	Parapoynxstratiotata-1594321-GCA910589355.1	('Simakov2022BCnS_genefamily_11081', 'Simakov2022BCnS_genefamily_2267')	0.0		match_both_missing	True
2613	511710	Parapoynxstratiotata-1594321-GCA910589355.1	('Simakov2022BCnS_genefamily_11901', 'Simakov2022BCnS_genefamily_7442')	0.0		match_both_missing	True
2613	568567	Parapoynxstratiotata-1594321-GCA910589355.1	('Simakov2022BCnS_genefamily_11043', 'Simakov2022BCnS_genefamily_7872')	0.0		match_both_missing	True
2613	625423	Parapoynxstratiotata-1594321-GCA910589355.1	('Simakov2022BCnS_genefamily_7747', 'Simakov2022BCnS_genefamily_9166')	0.0		match_both_missing	True
2613	682280	Parapoynxstratiotata-1594321-GCA910589355.1	('Simakov2022BCnS_genefamily_12548', 'Simakov2022BCnS_genefamily_3287')	0.0		match_both_missing	True
2613	739137	Parapoynxstratiotata-1594321-GCA910589355.1	('Simakov2022BCnS_genefamily_1337', 'Simakov2022BCnS_genefamily_3482')	0.0		match_both_missing	True
2613	795994	Parapoynxstratiotata-1594321-GCA910589355.1	('Simakov2022BCnS_genefamily_10438', 'Simakov2022BCnS_genefamily_11602')	0.0		match_both_missing	True
2613	852850	Parapoynxstratiotata-1594321-GCA910589355.1	('Simakov2022BCnS_genefamily_10491', 'Simakov2022BCnS_genefamily_12830')	0.0		match_both_missing	True
2613	909707	Parapoynxstratiotata-1594321-GCA910589355.1	('Simakov2022BCnS_genefamily_10246', 'Simakov2022BCnS_genefamily_12960')	0.0		match_both_missing	True
2613	966564	Parapoynxstratiotata-1594321-GCA910589355.1	('Simakov2022BCnS_genefamily_2629', 'Simakov2022BCnS_genefamily_421')	0.0		match_both_missing	True
2613	1023420	Parapoynxstratiotata-1594321-GCA910589355.1	('Simakov2022BCnS_genefamily_6596', 'Simakov2022BCnS_genefamily_8677')	0.0		match_both_missing	True
2613	1080277	Parapoynxstratiotata-1594321-GCA910589355.1	('Simakov2022BCnS_genefamily_1880', 'Simakov2022BCnS_genefamily_5337')	0.0		match_both_missing	True
2613	1137134	Parapoynxstratiotata-1594321-GCA910589355.1	('Simakov2022BCnS_genefamily_11749', 'Simakov2022BCnS_genefamily_8559')	0.0		match_both_missing	True
2613	1193991	Parapoynxstratiotata-1594321-GCA910589355.1	('Simakov2022BCnS_genefamily_6846', 'Simakov2022BCnS_genefamily_8308')	0.0		match_both_missing	True
2613	1250847	Parapoynxstratiotata-1594321-GCA910589355.1	('Simakov2022BCnS_genefamily_12960', 'Simakov2022BCnS_genefamily_6118')	0.0		match_both_missing	True
2613	1307704	Parapoynxstratiotata-1594321-GCA910589355.1	('Simakov2022BCnS_genefamily_12390', 'Simakov2022BCnS_genefamily_5288')	0.0		match_both_missing	True
2613	1364561	Parapoynxstratiotata-1594321-GCA910589355.1	('Simakov2022BCnS_genefamily_11392', 'Simakov2022BCnS_genefamily_4537')	0.0		match_both_missing	True
2613	1421417	Parapoynxstratiotata-1594321-GCA910589355.1	('Simakov2022BCnS_genefamily_12166', 'Simakov2022BCnS_genefamily_3756')	0.0		match_both_missing	True
2613	1478274	Parapoynxstratiotata-1594321-GCA910589355.1	('Simakov2022BCnS_genefamily_1375', 'Simakov2022BCnS_genefamily_364')	0.0		match_both_missing	True
2613	1535131	Parapoynxstratiotata-1594321-GCA910589355.1	('Simakov2022BCnS_genefamily_10846', 'Simakov2022BCnS_genefamily_1886')	0.0		match_both_missing	True
2613	1591988	Parapoynxstratiotata-1594321-GCA910589355.1	('Simakov2022BCnS_genefamily_6424', 'Simakov2022BCnS_genefamily_7051')	0.0		match_both_missing	True
2613	1648844	Parapoynxstratiotata-1594321-GCA910589355.1	('Simakov2022BCnS_genefamily_10640', 'Simakov2022BCnS_genefamily_11566')	0.0		match_both_missing	True
2613	1705701	Parapoynxstratiotata-1594321-GCA910589355.1	('Simakov2022BCnS_genefamily_1147', 'Simakov2022BCnS_genefamily_6516')	0.0		match_both_missing	True
2613	1762558	Parapoynxstratiotata-1594321-GCA910589355.1	('Simakov2022BCnS_genefamily_4672', 'Simakov2022BCnS_genefamily_6460')	0.0		match_both_missing	True
2613	1819414	Parapoynxstratiotata-1594321-GCA910589355.1	('Simakov2022BCnS_genefamily_12196', 'Simakov2022BCnS_genefamily_6391')	0.0		match_both_missing	True
2613	1876271	Parapoynxstratiotata-1594321-GCA910589355.1	('Simakov2022BCnS_genefamily_12417', 'Simakov2022BCnS_genefamily_3303')	0.0		match_both_missing	True
2613	1933128	Parapoynxstratiotata-1594321-GCA910589355.1	('Simakov2022BCnS_genefamily_1000', 'Simakov2022BCnS_genefamily_11359')	0.0		match_both_missing	True
2613	1989985	Parapoynxstratiotata-1594321-GCA910589355.1	('Simakov2022BCnS_genefamily_7708', 'Simakov2022BCnS_genefamily_8564')	0.0		match_both_missing	True
2613	2046841	Parapoynxstratiotata-1594321-GCA910589355.1	('Simakov2022BCnS_genefamily_2132', 'Simakov2022BCnS_genefamily_8050')	0.0		match_both_missing	True
2613	2103698	Parapoynxstratiotata-1594321-GCA910589355.1	('Simakov2022BCnS_genefamily_4395', 'Simakov2022BCnS_genefamily_8930')	0.0		match_both_missing	True
2613	2160555	Parapoynxstratiotata-1594321-GCA910589355.1	('Simakov2022BCnS_genefamily_7033', 'Simakov2022BCnS_genefamily_7620')	0.0		match_both_missing	True
2613	2217411	Parapoynxstratiotata-1594321-GCA910589355.1	('Simakov2022BCnS_genefamily_12360', 'Simakov2022BCnS_genefamily_3058')	0.0		match_both_missing	True
2613	2274268	Parapoynxstratiotata-1594321-GCA910589355.1	('Simakov2022BCnS_genefamily_132', 'Simakov2022BCnS_genefamily_4598')	0.0		match_both_missing	True
2613	2331125	Parapoynxstratiotata-1594321-GCA910589355.1	('Simakov2022BCnS_genefamily_12137', 'Simakov2022BCnS_genefamily_2209')	0.0		match_both_missing	True
2613	2387982	Parapoynxstratiotata-1594321-GCA910589355.1	('Simakov2022BCnS_genefamily_2917', 'Simakov2022BCnS_genefamily_883')	0.0		match_both_missing	True
2613	2444838	Parapoynxstratiotata-1594321-GCA910589355.1	('Simakov2022BCnS_genefamily_10131', 'Simakov2022BCnS_genefamily_7196')	0.0		match_both_missing	True
2613	2501695	Parapoynxstratiotata-1594321-GCA910589355.1	('Simakov2022BCnS_genefamily_1598', 'Simakov2022BCnS_genefamily_3869')	0.0		match_both_missing	True
2613	2558552	Parapoynxstratiotata-1594321-GCA910589355.1	('Simakov2022BCnS_genefamily_3592', 'Simakov2022BCnS_genefamily_999')	159781.0	159781.0	match	True
2613	2615408	Parapoynxstratiotata-1594321-GCA910589355.1	('Simakov2022BCnS_genefamily_5675', 'Simakov2022BCnS_genefamily_8898')	0.0		match_both_missing	True
2613	2672265	Parapoynxstratiotata-1594321-GCA910589355.1	('Simakov2022BCnS_genefamily_10591', 'Simakov2022BCnS_genefamily_9321')	0.0		match_both_missing	True
2613	2729122	Parapoynxstratiotata-1594321-GCA910589355.1	('Simakov2022BCnS_genefamily_1144', 'Simakov2022BCnS_genefamily_7833')	0.0		match_both_missing	True
2613	2785979	Parapoynxstratiotata-1594321-GCA910589355.1	('Simakov2022BCnS_genefamily_3533', 'Simakov2022BCnS_genefamily_5668')	0.0		match_both_missing	True
2731	0	Carterocephaluspalaemon-218720-GCA944567765.1	('Simakov2022BCnS_genefamily_11671', 'Simakov2022BCnS_genefamily_8892')	0.0		match_both_missing	True
2731	56856	Carterocephaluspalaemon-218720-GCA944567765.1	('Simakov2022BCnS_genefamily_3414', 'Simakov2022BCnS_genefamily_8719')	0.0		match_both_missing	True
2731	113713	Carterocephaluspalaemon-218720-GCA944567765.1	('Simakov2022BCnS_genefamily_1642', 'Simakov2022BCnS_genefamily_7254')	0.0		match_both_missing	True
2731	170570	Carterocephaluspalaemon-218720-GCA944567765.1	('Simakov2022BCnS_genefamily_7106', 'Simakov2022BCnS_genefamily_8489')	0.0		match_both_missing	True
2731	227426	Carterocephaluspalaemon-218720-GCA944567765.1	('Simakov2022BCnS_genefamily_7876', 'Simakov2022BCnS_genefamily_8983')	0.0		match_both_missing	True
2731	284283	Carterocephaluspalaemon-218720-GCA944567765.1	('Simakov2022BCnS_genefamily_11878', 'Simakov2022BCnS_genefamily_1767')	0.0		match_both_missing	True
2731	341140	Carterocephaluspalaemon-218720-GCA944567765.1	('Simakov2022BCnS_genefamily_456', 'Simakov2022BCnS_genefamily_7275')	0.0		match_both_missing	True
2731	397997	Carterocephaluspalaemon-218720-GCA944567765.1	('Simakov2022BCnS_genefamily_177', 'Simakov2022BCnS_genefamily_6305')	0.0		match_both_missing	True
2731	454853	Carterocephaluspalaemon-218720-GCA944567765.1	('Simakov2022BCnS_genefamily_11081', 'Simakov2022BCnS_genefamily_2267')	0.0		match_both_missing	True
2731	511710	Carterocephaluspalaemon-218720-GCA944567765.1	('Simakov2022BCnS_genefamily_11901', 'Simakov2022BCnS_genefamily_7442')	0.0		match_both_missing	True
2731	568567	Carterocephaluspalaemon-218720-GCA944567765.1	('Simakov2022BCnS_genefamily_11043', 'Simakov2022BCnS_genefamily_7872')	0.0		match_both_missing	True
2731	625423	Carterocephaluspalaemon-218720-GCA944567765.1	('Simakov2022BCnS_genefamily_7747', 'Simakov2022BCnS_genefamily_9166')	0.0		match_both_missing	True
2731	682280	Carterocephaluspalaemon-218720-GCA944567765.1	('Simakov2022BCnS_genefamily_12548', 'Simakov2022BCnS_genefamily_3287')	0.0		match_both_missing	True
2731	739137	Carterocephaluspalaemon-218720-GCA944567765.1	('Simakov2022BCnS_genefamily_1337', 'Simakov2022BCnS_genefamily_3482')	0.0		match_both_missing	True
2731	795994	Carterocephaluspalaemon-218720-GCA944567765.1	('Simakov2022BCnS_genefamily_10438', 'Simakov2022BCnS_genefamily_11602')	0.0		match_both_missing	True
2731	852850	Carterocephaluspalaemon-218720-GCA944567765.1	('Simakov2022BCnS_genefamily_10491', 'Simakov2022BCnS_genefamily_12830')	0.0		match_both_missing	True
2731	909707	Carterocephaluspalaemon-218720-GCA944567765.1	('Simakov2022BCnS_genefamily_10246', 'Simakov2022BCnS_genefamily_12960')	0.0		match_both_missing	True
2731	966564	Carterocephaluspalaemon-218720-GCA944567765.1	('Simakov2022BCnS_genefamily_2629', 'Simakov2022BCnS_genefamily_421')	0.0		match_both_missing	True
2731	1023420	Carterocephaluspalaemon-218720-GCA944567765.1	('Simakov2022BCnS_genefamily_6596', 'Simakov2022BCnS_genefamily_8677')	0.0		match_both_missing	True
2731	1080277	Carterocephaluspalaemon-218720-GCA944567765.1	('Simakov2022BCnS_genefamily_1880', 'Simakov2022BCnS_genefamily_5337')	0.0		match_both_missing	True
2731	1137134	Carterocephaluspalaemon-218720-GCA944567765.1	('Simakov2022BCnS_genefamily_11749', 'Simakov2022BCnS_genefamily_8559')	0.0		match_both_missing	True
2731	1193991	Carterocephaluspalaemon-218720-GCA944567765.1	('Simakov2022BCnS_genefamily_6846', 'Simakov2022BCnS_genefamily_8308')	0.0		match_both_missing	True
2731	1250847	Carterocephaluspalaemon-218720-GCA944567765.1	('Simakov2022BCnS_genefamily_12960', 'Simakov2022BCnS_genefamily_6118')	0.0		match_both_missing	True
2731	1307704	Carterocephaluspalaemon-218720-GCA944567765.1	('Simakov2022BCnS_genefamily_12390', 'Simakov2022BCnS_genefamily_5288')	0.0		match_both_missing	True
2731	1364561	Carterocephaluspalaemon-218720-GCA944567765.1	('Simakov2022BCnS_genefamily_11392', 'Simakov2022BCnS_genefamily_4537')	0.0		match_both_missing	True
2731	1421417	Carterocephaluspalaemon-218720-GCA944567765.1	('Simakov2022BCnS_genefamily_12166', 'Simakov2022BCnS_genefamily_3756')	0.0		match_both_missing	True
2731	1478274	Carterocephaluspalaemon-218720-GCA944567765.1	('Simakov2022BCnS_genefamily_1375', 'Simakov2022BCnS_genefamily_364')	0.0		match_both_missing	True
2731	1535131	Carterocephaluspalaemon-218720-GCA944567765.1	('Simakov2022BCnS_genefamily_10846', 'Simakov2022BCnS_genefamily_1886')	0.0		match_both_missing	True
2731	1591988	Carterocephaluspalaemon-218720-GCA944567765.1	('Simakov2022BCnS_genefamily_6424', 'Simakov2022BCnS_genefamily_7051')	0.0		match_both_missing	True
2731	1648844	Carterocephaluspalaemon-218720-GCA944567765.1	('Simakov2022BCnS_genefamily_10640', 'Simakov2022BCnS_genefamily_11566')	0.0		match_both_missing	True
2731	1705701	Carterocephaluspalaemon-218720-GCA944567765.1	('Simakov2022BCnS_genefamily_1147', 'Simakov2022BCnS_genefamily_6516')	0.0		match_both_missing	True
2731	1762558	Carterocephaluspalaemon-218720-GCA944567765.1	('Simakov2022BCnS_genefamily_4672', 'Simakov2022BCnS_genefamily_6460')	0.0		match_both_missing	True
2731	1819414	Carterocephaluspalaemon-218720-GCA944567765.1	('Simakov2022BCnS_genefamily_12196', 'Simakov2022BCnS_genefamily_6391')	0.0		match_both_missing	True
2731	1876271	Carterocephaluspalaemon-218720-GCA944567765.1	('Simakov2022BCnS_genefamily_12417', 'Simakov2022BCnS_genefamily_3303')	0.0		match_both_missing	True
2731	1933128	Carterocephaluspalaemon-218720-GCA944567765.1	('Simakov2022BCnS_genefamily_1000', 'Simakov2022BCnS_genefamily_11359')	0.0		match_both_missing	True
2731	1989985	Carterocephaluspalaemon-218720-GCA944567765.1	('Simakov2022BCnS_genefamily_7708', 'Simakov2022BCnS_genefamily_8564')	0.0		match_both_missing	True
2731	2046841	Carterocephaluspalaemon-218720-GCA944567765.1	('Simakov2022BCnS_genefamily_2132', 'Simakov2022BCnS_genefamily_8050')	0.0		match_both_missing	True
2731	2103698	Carterocephaluspalaemon-218720-GCA944567765.1	('Simakov2022BCnS_genefamily_4395', 'Simakov2022BCnS_genefamily_8930')	0.0		match_both_missing	True
2731	2160555	Carterocephaluspalaemon-218720-GCA944567765.1	('Simakov2022BCnS_genefamily_7033', 'Simakov2022BCnS_genefamily_7620')	0.0		match_both_missing	True
2731	2217411	Carterocephaluspalaemon-218720-GCA944567765.1	('Simakov2022BCnS_genefamily_12360', 'Simakov2022BCnS_genefamily_3058')	0.0		match_both_missing	True
2731	2274268	Carterocephaluspalaemon-218720-GCA944567765.1	('Simakov2022BCnS_genefamily_132', 'Simakov2022BCnS_genefamily_4598')	0.0		match_both_missing	True
2731	2331125	Carterocephaluspalaemon-218720-GCA944567765.1	('Simakov2022BCnS_genefamily_12137', 'Simakov2022BCnS_genefamily_2209')	0.0		match_both_missing	True
2731	2387982	Carterocephaluspalaemon-218720-GCA944567765.1	('Simakov2022BCnS_genefamily_2917', 'Simakov2022BCnS_genefamily_883')	0.0		match_both_missing	True
2731	2444838	Carterocephaluspalaemon-218720-GCA944567765.1	('Simakov2022BCnS_genefamily_10131', 'Simakov2022BCnS_genefamily_7196')	0.0		match_both_missing	True
2731	2501695	Carterocephaluspalaemon-218720-GCA944567765.1	('Simakov2022BCnS_genefamily_1598', 'Simakov2022BCnS_genefamily_3869')	0.0		match_both_missing	True
2731	2558552	Carterocephaluspalaemon-218720-GCA944567765.1	('Simakov2022BCnS_genefamily_3592', 'Simakov2022BCnS_genefamily_999')	54076.0	54076.0	match	True
2731	2615408	Carterocephaluspalaemon-218720-GCA944567765.1	('Simakov2022BCnS_genefamily_5675', 'Simakov2022BCnS_genefamily_8898')	0.0		match_both_missing	True
2731	2672265	Carterocephaluspalaemon-218720-GCA944567765.1	('Simakov2022BCnS_genefamily_10591', 'Simakov2022BCnS_genefamily_9321')	0.0		match_both_missing	True
2731	2729122	Carterocephaluspalaemon-218720-GCA944567765.1	('Simakov2022BCnS_genefamily_1144', 'Simakov2022BCnS_genefamily_7833')	0.0		match_both_missing	True
2731	2785979	Carterocephaluspalaemon-218720-GCA944567765.1	('Simakov2022BCnS_genefamily_3533', 'Simakov2022BCnS_genefamily_5668')	0.0		match_both_missing	True
2850	0	Lampropteryxsuffumata-934945-GCA948098915.1	('Simakov2022BCnS_genefamily_11671', 'Simakov2022BCnS_genefamily_8892')	0.0		match_both_missing	True
2850	56856	Lampropteryxsuffumata-934945-GCA948098915.1	('Simakov2022BCnS_genefamily_3414', 'Simakov2022BCnS_genefamily_8719')	0.0		match_both_missing	True
2850	113713	Lampropteryxsuffumata-934945-GCA948098915.1	('Simakov2022BCnS_genefamily_1642', 'Simakov2022BCnS_genefamily_7254')	0.0		match_both_missing	True
2850	170570	Lampropteryxsuffumata-934945-GCA948098915.1	('Simakov2022BCnS_genefamily_7106', 'Simakov2022BCnS_genefamily_8489')	0.0		match_both_missing	True
2850	227426	Lampropteryxsuffumata-934945-GCA948098915.1	('Simakov2022BCnS_genefamily_7876', 'Simakov2022BCnS_genefamily_8983')	0.0		match_both_missing	True
2850	284283	Lampropteryxsuffumata-934945-GCA948098915.1	('Simakov2022BCnS_genefamily_11878', 'Simakov2022BCnS_genefamily_1767')	0.0		match_both_missing	True
2850	341140	Lampropteryxsuffumata-934945-GCA948098915.1	('Simakov2022BCnS_genefamily_456', 'Simakov2022BCnS_genefamily_7275')	0.0		match_both_missing	True
2850	397997	Lampropteryxsuffumata-934945-GCA948098915.1	('Simakov2022BCnS_genefamily_177', 'Simakov2022BCnS_genefamily_6305')	0.0		match_both_missing	True
2850	454853	Lampropteryxsuffumata-934945-GCA948098915.1	('Simakov2022BCnS_genefamily_11081', 'Simakov2022BCnS_genefamily_2267')	0.0		match_both_missing	True
2850	511710	Lampropteryxsuffumata-934945-GCA948098915.1	('Simakov2022BCnS_genefamily_11901', 'Simakov2022BCnS_genefamily_7442')	0.0		match_both_missing	True
2850	568567	Lampropteryxsuffumata-934945-GCA948098915.1	('Simakov2022BCnS_genefamily_11043', 'Simakov2022BCnS_genefamily_7872')	0.0		match_both_missing	True
2850	625423	Lampropteryxsuffumata-934945-GCA948098915.1	('Simakov2022BCnS_genefamily_7747', 'Simakov2022BCnS_genefamily_9166')	0.0		match_both_missing	True
2850	682280	Lampropteryxsuffumata-934945-GCA948098915.1	('Simakov2022BCnS_genefamily_12548', 'Simakov2022BCnS_genefamily_3287')	0.0		match_both_missing	True
2850	739137	Lampropteryxsuffumata-934945-GCA948098915.1	('Simakov2022BCnS_genefamily_1337', 'Simakov2022BCnS_genefamily_3482')	0.0		match_both_missing	True
2850	795994	Lampropteryxsuffumata-934945-GCA948098915.1	('Simakov2022BCnS_genefamily_10438', 'Simakov2022BCnS_genefamily_11602')	0.0		match_both_missing	True
2850	852850	Lampropteryxsuffumata-934945-GCA948098915.1	('Simakov2022BCnS_genefamily_10491', 'Simakov2022BCnS_genefamily_12830')	0.0		match_both_missing	True
2850	909707	Lampropteryxsuffumata-934945-GCA948098915.1	('Simakov2022BCnS_genefamily_10246', 'Simakov2022BCnS_genefamily_12960')	0.0		match_both_missing	True
2850	966564	Lampropteryxsuffumata-934945-GCA948098915.1	('Simakov2022BCnS_genefamily_2629', 'Simakov2022BCnS_genefamily_421')	0.0		match_both_missing	True
2850	1023420	Lampropteryxsuffumata-934945-GCA948098915.1	('Simakov2022BCnS_genefamily_6596', 'Simakov2022BCnS_genefamily_8677')	0.0		match_both_missing	True
2850	1080277	Lampropteryxsuffumata-934945-GCA948098915.1	('Simakov2022BCnS_genefamily_1880', 'Simakov2022BCnS_genefamily_5337')	0.0		match_both_missing	True
2850	1137134	Lampropteryxsuffumata-934945-GCA948098915.1	('Simakov2022BCnS_genefamily_11749', 'Simakov2022BCnS_genefamily_8559')	0.0		match_both_missing	True
2850	1193991	Lampropteryxsuffumata-934945-GCA948098915.1	('Simakov2022BCnS_genefamily_6846', 'Simakov2022BCnS_genefamily_8308')	0.0		match_both_missing	True
2850	1250847	Lampropteryxsuffumata-934945-GCA948098915.1	('Simakov2022BCnS_genefamily_12960', 'Simakov2022BCnS_genefamily_6118')	0.0		match_both_missing	True
2850	1307704	Lampropteryxsuffumata-934945-GCA948098915.1	('Simakov2022BCnS_genefamily_12390', 'Simakov2022BCnS_genefamily_5288')	0.0		match_both_missing	True
2850	1364561	Lampropteryxsuffumata-934945-GCA948098915.1	('Simakov2022BCnS_genefamily_11392', 'Simakov2022BCnS_genefamily_4537')	0.0		match_both_missing	True
2850	1421417	Lampropteryxsuffumata-934945-GCA948098915.1	('Simakov2022BCnS_genefamily_12166', 'Simakov2022BCnS_genefamily_3756')	0.0		match_both_missing	True
2850	1478274	Lampropteryxsuffumata-934945-GCA948098915.1	('Simakov2022BCnS_genefamily_1375', 'Simakov2022BCnS_genefamily_364')	0.0		match_both_missing	True
2850	1535131	Lampropteryxsuffumata-934945-GCA948098915.1	('Simakov2022BCnS_genefamily_10846', 'Simakov2022BCnS_genefamily_1886')	0.0		match_both_missing	True
2850	1591988	Lampropteryxsuffumata-934945-GCA948098915.1	('Simakov2022BCnS_genefamily_6424', 'Simakov2022BCnS_genefamily_7051')	0.0		match_both_missing	True
2850	1648844	Lampropteryxsuffumata-934945-GCA948098915.1	('Simakov2022BCnS_genefamily_10640', 'Simakov2022BCnS_genefamily_11566')	0.0		match_both_missing	True
2850	1705701	Lampropteryxsuffumata-934945-GCA948098915.1	('Simakov2022BCnS_genefamily_1147', 'Simakov2022BCnS_genefamily_6516')	0.0		match_both_missing	True
2850	1762558	Lampropteryxsuffumata-934945-GCA948098915.1	('Simakov2022BCnS_genefamily_4672', 'Simakov2022BCnS_genefamily_6460')	0.0		match_both_missing	True
2850	1819414	Lampropteryxsuffumata-934945-GCA948098915.1	('Simakov2022BCnS_genefamily_12196', 'Simakov2022BCnS_genefamily_6391')	0.0		match_both_missing	True
2850	1876271	Lampropteryxsuffumata-934945-GCA948098915.1	('Simakov2022BCnS_genefamily_12417', 'Simakov2022BCnS_genefamily_3303')	0.0		match_both_missing	True
2850	1933128	Lampropteryxsuffumata-934945-GCA948098915.1	('Simakov2022BCnS_genefamily_1000', 'Simakov2022BCnS_genefamily_11359')	0.0		match_both_missing	True
2850	1989985	Lampropteryxsuffumata-934945-GCA948098915.1	('Simakov2022BCnS_genefamily_7708', 'Simakov2022BCnS_genefamily_8564')	0.0		match_both_missing	True
2850	2046841	Lampropteryxsuffumata-934945-GCA948098915.1	('Simakov2022BCnS_genefamily_2132', 'Simakov2022BCnS_genefamily_8050')	0.0		match_both_missing	True
2850	2103698	Lampropteryxsuffumata-934945-GCA948098915.1	('Simakov2022BCnS_genefamily_4395', 'Simakov2022BCnS_genefamily_8930')	0.0		match_both_missing	True
2850	2160555	Lampropteryxsuffumata-934945-GCA948098915.1	('Simakov2022BCnS_genefamily_7033', 'Simakov2022BCnS_genefamily_7620')	0.0		match_both_missing	True
2850	2217411	Lampropteryxsuffumata-934945-GCA948098915.1	('Simakov2022BCnS_genefamily_12360', 'Simakov2022BCnS_genefamily_3058')	0.0		match_both_missing	True
2850	2274268	Lampropteryxsuffumata-934945-GCA948098915.1	('Simakov2022BCnS_genefamily_132', 'Simakov2022BCnS_genefamily_4598')	0.0		match_both_missing	True
2850	2331125	Lampropteryxsuffumata-934945-GCA948098915.1	('Simakov2022BCnS_genefamily_12137', 'Simakov2022BCnS_genefamily_2209')	0.0		match_both_missing	True
2850	2387982	Lampropteryxsuffumata-934945-GCA948098915.1	('Simakov2022BCnS_genefamily_2917', 'Simakov2022BCnS_genefamily_883')	0.0		match_both_missing	True
2850	2444838	Lampropteryxsuffumata-934945-GCA948098915.1	('Simakov2022BCnS_genefamily_10131', 'Simakov2022BCnS_genefamily_7196')	0.0		match_both_missing	True
2850	2501695	Lampropteryxsuffumata-934945-GCA948098915.1	('Simakov2022BCnS_genefamily_1598', 'Simakov2022BCnS_genefamily_3869')	0.0		match_both_missing	True
2850	2558552	Lampropteryxsuffumata-934945-GCA948098915.1	('Simakov2022BCnS_genefamily_3592', 'Simakov2022BCnS_genefamily_999')	102504.0	102504.0	match	True
2850	2615408	Lampropteryxsuffumata-934945-GCA948098915.1	('Simakov2022BCnS_genefamily_5675', 'Simakov2022BCnS_genefamily_8898')	0.0		match_both_missing	True
2850	2672265	Lampropteryxsuffumata-934945-GCA948098915.1	('Simakov2022BCnS_genefamily_10591', 'Simakov2022BCnS_genefamily_9321')	0.0		match_both_missing	True
2850	2729122	Lampropteryxsuffumata-934945-GCA948098915.1	('Simakov2022BCnS_genefamily_1144', 'Simakov2022BCnS_genefamily_7833')	0.0		match_both_missing	True
2850	2785979	Lampropteryxsuffumata-934945-GCA948098915.1	('Simakov2022BCnS_genefamily_3533', 'Simakov2022BCnS_genefamily_5668')	0.0		match_both_missing	True
2969	0	Helcystogrammatriannulella-2727545-GCA051201365.1	('Simakov2022BCnS_genefamily_11671', 'Simakov2022BCnS_genefamily_8892')	0.0		match_both_missing	True
2969	56856	Helcystogrammatriannulella-2727545-GCA051201365.1	('Simakov2022BCnS_genefamily_3414', 'Simakov2022BCnS_genefamily_8719')	0.0		match_both_missing	True
2969	113713	Helcystogrammatriannulella-2727545-GCA051201365.1	('Simakov2022BCnS_genefamily_1642', 'Simakov2022BCnS_genefamily_7254')	0.0		match_both_missing	True
2969	170570	Helcystogrammatriannulella-2727545-GCA051201365.1	('Simakov2022BCnS_genefamily_7106', 'Simakov2022BCnS_genefamily_8489')	0.0		match_both_missing	True
2969	227426	Helcystogrammatriannulella-2727545-GCA051201365.1	('Simakov2022BCnS_genefamily_7876', 'Simakov2022BCnS_genefamily_8983')	0.0		match_both_missing	True
2969	284283	Helcystogrammatriannulella-2727545-GCA051201365.1	('Simakov2022BCnS_genefamily_11878', 'Simakov2022BCnS_genefamily_1767')	0.0		match_both_missing	True
2969	341140	Helcystogrammatriannulella-2727545-GCA051201365.1	('Simakov2022BCnS_genefamily_456', 'Simakov2022BCnS_genefamily_7275')	0.0		match_both_missing	True
2969	397997	Helcystogrammatriannulella-2727545-GCA051201365.1	('Simakov2022BCnS_genefamily_177', 'Simakov2022BCnS_genefamily_6305')	0.0		match_both_missing	True
2969	454853	Helcystogrammatriannulella-2727545-GCA051201365.1	('Simakov2022BCnS_genefamily_11081', 'Simakov2022BCnS_genefamily_2267')	0.0		match_both_missing	True
2969	511710	Helcystogrammatriannulella-2727545-GCA051201365.1	('Simakov2022BCnS_genefamily_11901', 'Simakov2022BCnS_genefamily_7442')	0.0		match_both_missing	True
2969	568567	Helcystogrammatriannulella-2727545-GCA051201365.1	('Simakov2022BCnS_genefamily_11043', 'Simakov2022BCnS_genefamily_7872')	0.0		match_both_missing	True
2969	625423	Helcystogrammatriannulella-2727545-GCA051201365.1	('Simakov2022BCnS_genefamily_7747', 'Simakov2022BCnS_genefamily_9166')	0.0		match_both_missing	True
2969	682280	Helcystogrammatriannulella-2727545-GCA051201365.1	('Simakov2022BCnS_genefamily_12548', 'Simakov2022BCnS_genefamily_3287')	0.0		match_both_missing	True
2969	739137	Helcystogrammatriannulella-2727545-GCA051201365.1	('Simakov2022BCnS_genefamily_1337', 'Simakov2022BCnS_genefamily_3482')	0.0		match_both_missing	True
2969	795994	Helcystogrammatriannulella-2727545-GCA051201365.1	('Simakov2022BCnS_genefamily_10438', 'Simakov2022BCnS_genefamily_11602')	0.0		match_both_missing	True
2969	852850	Helcystogrammatriannulella-2727545-GCA051201365.1	('Simakov2022BCnS_genefamily_10491', 'Simakov2022BCnS_genefamily_12830')	0.0		match_both_missing	True
2969	909707	Helcystogrammatriannulella-2727545-GCA051201365.1	('Simakov2022BCnS_genefamily_10246', 'Simakov2022BCnS_genefamily_12960')	0.0		match_both_missing	True
2969	966564	Helcystogrammatriannulella-2727545-GCA051201365.1	('Simakov2022BCnS_genefamily_2629', 'Simakov2022BCnS_genefamily_421')	0.0		match_both_missing	True
2969	1023420	Helcystogrammatriannulella-2727545-GCA051201365.1	('Simakov2022BCnS_genefamily_6596', 'Simakov2022BCnS_genefamily_8677')	0.0		match_both_missing	True
2969	1080277	Helcystogrammatriannulella-2727545-GCA051201365.1	('Simakov2022BCnS_genefamily_1880', 'Simakov2022BCnS_genefamily_5337')	0.0		match_both_missing	True
2969	1137134	Helcystogrammatriannulella-2727545-GCA051201365.1	('Simakov2022BCnS_genefamily_11749', 'Simakov2022BCnS_genefamily_8559')	0.0		match_both_missing	True
2969	1193991	Helcystogrammatriannulella-2727545-GCA051201365.1	('Simakov2022BCnS_genefamily_6846', 'Simakov2022BCnS_genefamily_8308')	0.0		match_both_missing	True
2969	1250847	Helcystogrammatriannulella-2727545-GCA051201365.1	('Simakov2022BCnS_genefamily_12960', 'Simakov2022BCnS_genefamily_6118')	0.0		match_both_missing	True
2969	1307704	Helcystogrammatriannulella-2727545-GCA051201365.1	('Simakov2022BCnS_genefamily_12390', 'Simakov2022BCnS_genefamily_5288')	0.0		match_both_missing	True
2969	1364561	Helcystogrammatriannulella-2727545-GCA051201365.1	('Simakov2022BCnS_genefamily_11392', 'Simakov2022BCnS_genefamily_4537')	0.0		match_both_missing	True
2969	1421417	Helcystogrammatriannulella-2727545-GCA051201365.1	('Simakov2022BCnS_genefamily_12166', 'Simakov2022BCnS_genefamily_3756')	0.0		match_both_missing	True
2969	1478274	Helcystogrammatriannulella-2727545-GCA051201365.1	('Simakov2022BCnS_genefamily_1375', 'Simakov2022BCnS_genefamily_364')	0.0		match_both_missing	True
2969	1535131	Helcystogrammatriannulella-2727545-GCA051201365.1	('Simakov2022BCnS_genefamily_10846', 'Simakov2022BCnS_genefamily_1886')	0.0		match_both_missing	True
2969	1591988	Helcystogrammatriannulella-2727545-GCA051201365.1	('Simakov2022BCnS_genefamily_6424', 'Simakov2022BCnS_genefamily_7051')	0.0		match_both_missing	True
2969	1648844	Helcystogrammatriannulella-2727545-GCA051201365.1	('Simakov2022BCnS_genefamily_10640', 'Simakov2022BCnS_genefamily_11566')	0.0		match_both_missing	True
2969	1705701	Helcystogrammatriannulella-2727545-GCA051201365.1	('Simakov2022BCnS_genefamily_1147', 'Simakov2022BCnS_genefamily_6516')	0.0		match_both_missing	True
2969	1762558	Helcystogrammatriannulella-2727545-GCA051201365.1	('Simakov2022BCnS_genefamily_4672', 'Simakov2022BCnS_genefamily_6460')	0.0		match_both_missing	True
2969	1819414	Helcystogrammatriannulella-2727545-GCA051201365.1	('Simakov2022BCnS_genefamily_12196', 'Simakov2022BCnS_genefamily_6391')	0.0		match_both_missing	True
2969	1876271	Helcystogrammatriannulella-2727545-GCA051201365.1	('Simakov2022BCnS_genefamily_12417', 'Simakov2022BCnS_genefamily_3303')	0.0		match_both_missing	True
2969	1933128	Helcystogrammatriannulella-2727545-GCA051201365.1	('Simakov2022BCnS_genefamily_1000', 'Simakov2022BCnS_genefamily_11359')	0.0		match_both_missing	True
2969	1989985	Helcystogrammatriannulella-2727545-GCA051201365.1	('Simakov2022BCnS_genefamily_7708', 'Simakov2022BCnS_genefamily_8564')	0.0		match_both_missing	True
2969	2046841	Helcystogrammatriannulella-2727545-GCA051201365.1	('Simakov2022BCnS_genefamily_2132', 'Simakov2022BCnS_genefamily_8050')	0.0		match_both_missing	True
2969	2103698	Helcystogrammatriannulella-2727545-GCA051201365.1	('Simakov2022BCnS_genefamily_4395', 'Simakov2022BCnS_genefamily_8930')	0.0		match_both_missing	True
2969	2160555	Helcystogrammatriannulella-2727545-GCA051201365.1	('Simakov2022BCnS_genefamily_7033', 'Simakov2022BCnS_genefamily_7620')	0.0		match_both_missing	True
2969	2217411	Helcystogrammatriannulella-2727545-GCA051201365.1	('Simakov2022BCnS_genefamily_12360', 'Simakov2022BCnS_genefamily_3058')	0.0		match_both_missing	True
2969	2274268	Helcystogrammatriannulella-2727545-GCA051201365.1	('Simakov2022BCnS_genefamily_132', 'Simakov2022BCnS_genefamily_4598')	0.0		match_both_missing	True
2969	2331125	Helcystogrammatriannulella-2727545-GCA051201365.1	('Simakov2022BCnS_genefamily_12137', 'Simakov2022BCnS_genefamily_2209')	0.0		match_both_missing	True
2969	2387982	Helcystogrammatriannulella-2727545-GCA051201365.1	('Simakov2022BCnS_genefamily_2917', 'Simakov2022BCnS_genefamily_883')	0.0		match_both_missing	True
2969	2444838	Helcystogrammatriannulella-2727545-GCA051201365.1	('Simakov2022BCnS_genefamily_10131', 'Simakov2022BCnS_genefamily_7196')	0.0		match_both_missing	True
2969	2501695	Helcystogrammatriannulella-2727545-GCA051201365.1	('Simakov2022BCnS_genefamily_1598', 'Simakov2022BCnS_genefamily_3869')	0.0		match_both_missing	True
2969	2558552	Helcystogrammatriannulella-2727545-GCA051201365.1	('Simakov2022BCnS_genefamily_3592', 'Simakov2022BCnS_genefamily_999')	65902.0	65902.0	match	True
2969	2615408	Helcystogrammatriannulella-2727545-GCA051201365.1	('Simakov2022BCnS_genefamily_5675', 'Simakov2022BCnS_genefamily_8898')	0.0		match_both_missing	True
2969	2672265	Helcystogrammatriannulella-2727545-GCA051201365.1	('Simakov2022BCnS_genefamily_10591', 'Simakov2022BCnS_genefamily_9321')	0.0		match_both_missing	True
2969	2729122	Helcystogrammatriannulella-2727545-GCA051201365.1	('Simakov2022BCnS_genefamily_1144', 'Simakov2022BCnS_genefamily_7833')	0.0		match_both_missing	True
2969	2785979	Helcystogrammatriannulella-2727545-GCA051201365.1	('Simakov2022BCnS_genefamily_3533', 'Simakov2022BCnS_genefamily_5668')	0.0		match_both_missing	True
3088	0	Trichonephilaantipodiana-2730554-GCA050495765.1	('Simakov2022BCnS_genefamily_11671', 'Simakov2022BCnS_genefamily_8892')	0.0		match_both_missing	True
3088	56856	Trichonephilaantipodiana-2730554-GCA050495765.1	('Simakov2022BCnS_genefamily_3414', 'Simakov2022BCnS_genefamily_8719')	0.0		match_both_missing	True
3088	113713	Trichonephilaantipodiana-2730554-GCA050495765.1	('Simakov2022BCnS_genefamily_1642', 'Simakov2022BCnS_genefamily_7254')	0.0		match_both_missing	True
3088	170570	Trichonephilaantipodiana-2730554-GCA050495765.1	('Simakov2022BCnS_genefamily_7106', 'Simakov2022BCnS_genefamily_8489')	0.0		match_both_missing	True
3088	227426	Trichonephilaantipodiana-2730554-GCA050495765.1	('Simakov2022BCnS_genefamily_7876', 'Simakov2022BCnS_genefamily_8983')	0.0		match_both_missing	True
3088	284283	Trichonephilaantipodiana-2730554-GCA050495765.1	('Simakov2022BCnS_genefamily_11878', 'Simakov2022BCnS_genefamily_1767')	0.0		match_both_missing	True
3088	341140	Trichonephilaantipodiana-2730554-GCA050495765.1	('Simakov2022BCnS_genefamily_456', 'Simakov2022BCnS_genefamily_7275')	0.0		match_both_missing	True
3088	397997	Trichonephilaantipodiana-2730554-GCA050495765.1	('Simakov2022BCnS_genefamily_177', 'Simakov2022BCnS_genefamily_6305')	0.0		match_both_missing	True
3088	454853	Trichonephilaantipodiana-2730554-GCA050495765.1	('Simakov2022BCnS_genefamily_11081', 'Simakov2022BCnS_genefamily_2267')	0.0		match_both_missing	True
3088	511710	Trichonephilaantipodiana-2730554-GCA050495765.1	('Simakov2022BCnS_genefamily_11901', 'Simakov2022BCnS_genefamily_7442')	0.0		match_both_missing	True
3088	568567	Trichonephilaantipodiana-2730554-GCA050495765.1	('Simakov2022BCnS_genefamily_11043', 'Simakov2022BCnS_genefamily_7872')	0.0		match_both_missing	True
3088	625423	Trichonephilaantipodiana-2730554-GCA050495765.1	('Simakov2022BCnS_genefamily_7747', 'Simakov2022BCnS_genefamily_9166')	0.0		match_both_missing	True
3088	682280	Trichonephilaantipodiana-2730554-GCA050495765.1	('Simakov2022BCnS_genefamily_12548', 'Simakov2022BCnS_genefamily_3287')	0.0		match_both_missing	True
3088	739137	Trichonephilaantipodiana-2730554-GCA050495765.1	('Simakov2022BCnS_genefamily_1337', 'Simakov2022BCnS_genefamily_3482')	0.0		match_both_missing	True
3088	795994	Trichonephilaantipodiana-2730554-GCA050495765.1	('Simakov2022BCnS_genefamily_10438', 'Simakov2022BCnS_genefamily_11602')	0.0		match_both_missing	True
3088	852850	Trichonephilaantipodiana-2730554-GCA050495765.1	('Simakov2022BCnS_genefamily_10491', 'Simakov2022BCnS_genefamily_12830')	0.0		match_both_missing	True
3088	909707	Trichonephilaantipodiana-2730554-GCA050495765.1	('Simakov2022BCnS_genefamily_10246', 'Simakov2022BCnS_genefamily_12960')	0.0		match_both_missing	True
3088	966564	Trichonephilaantipodiana-2730554-GCA050495765.1	('Simakov2022BCnS_genefamily_2629', 'Simakov2022BCnS_genefamily_421')	0.0		match_both_missing	True
3088	1023420	Trichonephilaantipodiana-2730554-GCA050495765.1	('Simakov2022BCnS_genefamily_6596', 'Simakov2022BCnS_genefamily_8677')	0.0		match_both_missing	True
3088	1080277	Trichonephilaantipodiana-2730554-GCA050495765.1	('Simakov2022BCnS_genefamily_1880', 'Simakov2022BCnS_genefamily_5337')	0.0		match_both_missing	True
3088	1137134	Trichonephilaantipodiana-2730554-GCA050495765.1	('Simakov2022BCnS_genefamily_11749', 'Simakov2022BCnS_genefamily_8559')	0.0		match_both_missing	True
3088	1193991	Trichonephilaantipodiana-2730554-GCA050495765.1	('Simakov2022BCnS_genefamily_6846', 'Simakov2022BCnS_genefamily_8308')	0.0		match_both_missing	True
3088	1250847	Trichonephilaantipodiana-2730554-GCA050495765.1	('Simakov2022BCnS_genefamily_12960', 'Simakov2022BCnS_genefamily_6118')	0.0		match_both_missing	True
3088	1307704	Trichonephilaantipodiana-2730554-GCA050495765.1	('Simakov2022BCnS_genefamily_12390', 'Simakov2022BCnS_genefamily_5288')	0.0		match_both_missing	True
3088	1364561	Trichonephilaantipodiana-2730554-GCA050495765.1	('Simakov2022BCnS_genefamily_11392', 'Simakov2022BCnS_genefamily_4537')	0.0		match_both_missing	True
3088	1421417	Trichonephilaantipodiana-2730554-GCA050495765.1	('Simakov2022BCnS_genefamily_12166', 'Simakov2022BCnS_genefamily_3756')	0.0		match_both_missing	True
3088	1478274	Trichonephilaantipodiana-2730554-GCA050495765.1	('Simakov2022BCnS_genefamily_1375', 'Simakov2022BCnS_genefamily_364')	0.0		match_both_missing	True
3088	1535131	Trichonephilaantipodiana-2730554-GCA050495765.1	('Simakov2022BCnS_genefamily_10846', 'Simakov2022BCnS_genefamily_1886')	0.0		match_both_missing	True
3088	1591988	Trichonephilaantipodiana-2730554-GCA050495765.1	('Simakov2022BCnS_genefamily_6424', 'Simakov2022BCnS_genefamily_7051')	0.0		match_both_missing	True
3088	1648844	Trichonephilaantipodiana-2730554-GCA050495765.1	('Simakov2022BCnS_genefamily_10640', 'Simakov2022BCnS_genefamily_11566')	0.0		match_both_missing	True
3088	1705701	Trichonephilaantipodiana-2730554-GCA050495765.1	('Simakov2022BCnS_genefamily_1147', 'Simakov2022BCnS_genefamily_6516')	0.0		match_both_missing	True
3088	1762558	Trichonephilaantipodiana-2730554-GCA050495765.1	('Simakov2022BCnS_genefamily_4672', 'Simakov2022BCnS_genefamily_6460')	0.0		match_both_missing	True
3088	1819414	Trichonephilaantipodiana-2730554-GCA050495765.1	('Simakov2022BCnS_genefamily_12196', 'Simakov2022BCnS_genefamily_6391')	0.0		match_both_missing	True
3088	1876271	Trichonephilaantipodiana-2730554-GCA050495765.1	('Simakov2022BCnS_genefamily_12417', 'Simakov2022BCnS_genefamily_3303')	0.0		match_both_missing	True
3088	1933128	Trichonephilaantipodiana-2730554-GCA050495765.1	('Simakov2022BCnS_genefamily_1000', 'Simakov2022BCnS_genefamily_11359')	0.0		match_both_missing	True
3088	1989985	Trichonephilaantipodiana-2730554-GCA050495765.1	('Simakov2022BCnS_genefamily_7708', 'Simakov2022BCnS_genefamily_8564')	0.0		match_both_missing	True
3088	2046841	Trichonephilaantipodiana-2730554-GCA050495765.1	('Simakov2022BCnS_genefamily_2132', 'Simakov2022BCnS_genefamily_8050')	0.0		match_both_missing	True
3088	2103698	Trichonephilaantipodiana-2730554-GCA050495765.1	('Simakov2022BCnS_genefamily_4395', 'Simakov2022BCnS_genefamily_8930')	0.0		match_both_missing	True
3088	2160555	Trichonephilaantipodiana-2730554-GCA050495765.1	('Simakov2022BCnS_genefamily_7033', 'Simakov2022BCnS_genefamily_7620')	0.0		match_both_missing	True
3088	2217411	Trichonephilaantipodiana-2730554-GCA050495765.1	('Simakov2022BCnS_genefamily_12360', 'Simakov2022BCnS_genefamily_3058')	0.0		match_both_missing	True
3088	2274268	Trichonephilaantipodiana-2730554-GCA050495765.1	('Simakov2022BCnS_genefamily_132', 'Simakov2022BCnS_genefamily_4598')	0.0		match_both_missing	True
3088	2331125	Trichonephilaantipodiana-2730554-GCA050495765.1	('Simakov2022BCnS_genefamily_12137', 'Simakov2022BCnS_genefamily_2209')	0.0		match_both_missing	True
3088	2387982	Trichonephilaantipodiana-2730554-GCA050495765.1	('Simakov2022BCnS_genefamily_2917', 'Simakov2022BCnS_genefamily_883')	0.0		match_both_missing	True
3088	2444838	Trichonephilaantipodiana-2730554-GCA050495765.1	('Simakov2022BCnS_genefamily_10131', 'Simakov2022BCnS_genefamily_7196')	0.0		match_both_missing	True
3088	2501695	Trichonephilaantipodiana-2730554-GCA050495765.1	('Simakov2022BCnS_genefamily_1598', 'Simakov2022BCnS_genefamily_3869')	28118564.0	28118564.0	match	True
3088	2558552	Trichonephilaantipodiana-2730554-GCA050495765.1	('Simakov2022BCnS_genefamily_3592', 'Simakov2022BCnS_genefamily_999')	0.0		match_both_missing	True
3088	2615408	Trichonephilaantipodiana-2730554-GCA050495765.1	('Simakov2022BCnS_genefamily_5675', 'Simakov2022BCnS_genefamily_8898')	0.0		match_both_missing	True
3088	2672265	Trichonephilaantipodiana-2730554-GCA050495765.1	('Simakov2022BCnS_genefamily_10591', 'Simakov2022BCnS_genefamily_9321')	0.0		match_both_missing	True
3088	2729122	Trichonephilaantipodiana-2730554-GCA050495765.1	('Simakov2022BCnS_genefamily_1144', 'Simakov2022BCnS_genefamily_7833')	0.0		match_both_missing	True
3088	2785979	Trichonephilaantipodiana-2730554-GCA050495765.1	('Simakov2022BCnS_genefamily_3533', 'Simakov2022BCnS_genefamily_5668')	0.0		match_both_missing	True
3206	0	Hirudinariamanillensis-1348078-GCA034509925.1	('Simakov2022BCnS_genefamily_11671', 'Simakov2022BCnS_genefamily_8892')	4897298.0	4897298.0	match	True
3206	56856	Hirudinariamanillensis-1348078-GCA034509925.1	('Simakov2022BCnS_genefamily_3414', 'Simakov2022BCnS_genefamily_8719')	0.0		match_both_missing	True
3206	113713	Hirudinariamanillensis-1348078-GCA034509925.1	('Simakov2022BCnS_genefamily_1642', 'Simakov2022BCnS_genefamily_7254')	0.0		match_both_missing	True
3206	170570	Hirudinariamanillensis-1348078-GCA034509925.1	('Simakov2022BCnS_genefamily_7106', 'Simakov2022BCnS_genefamily_8489')	0.0		match_both_missing	True
3206	227426	Hirudinariamanillensis-1348078-GCA034509925.1	('Simakov2022BCnS_genefamily_7876', 'Simakov2022BCnS_genefamily_8983')	0.0		match_both_missing	True
3206	284283	Hirudinariamanillensis-1348078-GCA034509925.1	('Simakov2022BCnS_genefamily_11878', 'Simakov2022BCnS_genefamily_1767')	0.0		match_both_missing	True
3206	341140	Hirudinariamanillensis-1348078-GCA034509925.1	('Simakov2022BCnS_genefamily_456', 'Simakov2022BCnS_genefamily_7275')	0.0		match_both_missing	True
3206	397997	Hirudinariamanillensis-1348078-GCA034509925.1	('Simakov2022BCnS_genefamily_177', 'Simakov2022BCnS_genefamily_6305')	0.0		match_both_missing	True
3206	454853	Hirudinariamanillensis-1348078-GCA034509925.1	('Simakov2022BCnS_genefamily_11081', 'Simakov2022BCnS_genefamily_2267')	0.0		match_both_missing	True
3206	511710	Hirudinariamanillensis-1348078-GCA034509925.1	('Simakov2022BCnS_genefamily_11901', 'Simakov2022BCnS_genefamily_7442')	0.0		match_both_missing	True
3206	568567	Hirudinariamanillensis-1348078-GCA034509925.1	('Simakov2022BCnS_genefamily_11043', 'Simakov2022BCnS_genefamily_7872')	0.0		match_both_missing	True
3206	625423	Hirudinariamanillensis-1348078-GCA034509925.1	('Simakov2022BCnS_genefamily_7747', 'Simakov2022BCnS_genefamily_9166')	0.0		match_both_missing	True
3206	682280	Hirudinariamanillensis-1348078-GCA034509925.1	('Simakov2022BCnS_genefamily_12548', 'Simakov2022BCnS_genefamily_3287')	0.0		match_both_missing	True
3206	739137	Hirudinariamanillensis-1348078-GCA034509925.1	('Simakov2022BCnS_genefamily_1337', 'Simakov2022BCnS_genefamily_3482')	0.0		match_both_missing	True
3206	795994	Hirudinariamanillensis-1348078-GCA034509925.1	('Simakov2022BCnS_genefamily_10438', 'Simakov2022BCnS_genefamily_11602')	0.0		match_both_missing	True
3206	852850	Hirudinariamanillensis-1348078-GCA034509925.1	('Simakov2022BCnS_genefamily_10491', 'Simakov2022BCnS_genefamily_12830')	0.0		match_both_missing	True
3206	909707	Hirudinariamanillensis-1348078-GCA034509925.1	('Simakov2022BCnS_genefamily_10246', 'Simakov2022BCnS_genefamily_12960')	2526033.0	2526033.0	match	True
3206	966564	Hirudinariamanillensis-1348078-GCA034509925.1	('Simakov2022BCnS_genefamily_2629', 'Simakov2022BCnS_genefamily_421')	0.0		match_both_missing	True
3206	1023420	Hirudinariamanillensis-1348078-GCA034509925.1	('Simakov2022BCnS_genefamily_6596', 'Simakov2022BCnS_genefamily_8677')	0.0		match_both_missing	True
3206	1080277	Hirudinariamanillensis-1348078-GCA034509925.1	('Simakov2022BCnS_genefamily_1880', 'Simakov2022BCnS_genefamily_5337')	0.0		match_both_missing	True
3206	1137134	Hirudinariamanillensis-1348078-GCA034509925.1	('Simakov2022BCnS_genefamily_11749', 'Simakov2022BCnS_genefamily_8559')	0.0		match_both_missing	True
3206	1193991	Hirudinariamanillensis-1348078-GCA034509925.1	('Simakov2022BCnS_genefamily_6846', 'Simakov2022BCnS_genefamily_8308')	0.0		match_both_missing	True
3206	1250847	Hirudinariamanillensis-1348078-GCA034509925.1	('Simakov2022BCnS_genefamily_12960', 'Simakov2022BCnS_genefamily_6118')	7934494.0	7934494.0	match	True
3206	1307704	Hirudinariamanillensis-1348078-GCA034509925.1	('Simakov2022BCnS_genefamily_12390', 'Simakov2022BCnS_genefamily_5288')	0.0		match_both_missing	True
3206	1364561	Hirudinariamanillensis-1348078-GCA034509925.1	('Simakov2022BCnS_genefamily_11392', 'Simakov2022BCnS_genefamily_4537')	0.0		match_both_missing	True
3206	1421417	Hirudinariamanillensis-1348078-GCA034509925.1	('Simakov2022BCnS_genefamily_12166', 'Simakov2022BCnS_genefamily_3756')	0.0		match_both_missing	True
3206	1478274	Hirudinariamanillensis-1348078-GCA034509925.1	('Simakov2022BCnS_genefamily_1375', 'Simakov2022BCnS_genefamily_364')	0.0		match_both_missing	True
3206	1535131	Hirudinariamanillensis-1348078-GCA034509925.1	('Simakov2022BCnS_genefamily_10846', 'Simakov2022BCnS_genefamily_1886')	0.0		match_both_missing	True
3206	1591988	Hirudinariamanillensis-1348078-GCA034509925.1	('Simakov2022BCnS_genefamily_6424', 'Simakov2022BCnS_genefamily_7051')	0.0		match_both_missing	True
3206	1648844	Hirudinariamanillensis-1348078-GCA034509925.1	('Simakov2022BCnS_genefamily_10640', 'Simakov2022BCnS_genefamily_11566')	0.0		match_both_missing	True
3206	1705701	Hirudinariamanillensis-1348078-GCA034509925.1	('Simakov2022BCnS_genefamily_1147', 'Simakov2022BCnS_genefamily_6516')	0.0		match_both_missing	True
3206	1762558	Hirudinariamanillensis-1348078-GCA034509925.1	('Simakov2022BCnS_genefamily_4672', 'Simakov2022BCnS_genefamily_6460')	0.0		match_both_missing	True
3206	1819414	Hirudinariamanillensis-1348078-GCA034509925.1	('Simakov2022BCnS_genefamily_12196', 'Simakov2022BCnS_genefamily_6391')	0.0		match_both_missing	True
3206	1876271	Hirudinariamanillensis-1348078-GCA034509925.1	('Simakov2022BCnS_genefamily_12417', 'Simakov2022BCnS_genefamily_3303')	0.0		match_both_missing	True
3206	1933128	Hirudinariamanillensis-1348078-GCA034509925.1	('Simakov2022BCnS_genefamily_1000', 'Simakov2022BCnS_genefamily_11359')	0.0		match_both_missing	True
3206	1989985	Hirudinariamanillensis-1348078-GCA034509925.1	('Simakov2022BCnS_genefamily_7708', 'Simakov2022BCnS_genefamily_8564')	0.0		match_both_missing	True
3206	2046841	Hirudinariamanillensis-1348078-GCA034509925.1	('Simakov2022BCnS_genefamily_2132', 'Simakov2022BCnS_genefamily_8050')	0.0		match_both_missing	True
3206	2103698	Hirudinariamanillensis-1348078-GCA034509925.1	('Simakov2022BCnS_genefamily_4395', 'Simakov2022BCnS_genefamily_8930')	0.0		match_both_missing	True
3206	2160555	Hirudinariamanillensis-1348078-GCA034509925.1	('Simakov2022BCnS_genefamily_7033', 'Simakov2022BCnS_genefamily_7620')	0.0		match_both_missing	True
3206	2217411	Hirudinariamanillensis-1348078-GCA034509925.1	('Simakov2022BCnS_genefamily_12360', 'Simakov2022BCnS_genefamily_3058')	0.0		match_both_missing	True
3206	2274268	Hirudinariamanillensis-1348078-GCA034509925.1	('Simakov2022BCnS_genefamily_132', 'Simakov2022BCnS_genefamily_4598')	0.0		match_both_missing	True
3206	2331125	Hirudinariamanillensis-1348078-GCA034509925.1	('Simakov2022BCnS_genefamily_12137', 'Simakov2022BCnS_genefamily_2209')	0.0		match_both_missing	True
3206	2387982	Hirudinariamanillensis-1348078-GCA034509925.1	('Simakov2022BCnS_genefamily_2917', 'Simakov2022BCnS_genefamily_883')	0.0		match_both_missing	True
3206	2444838	Hirudinariamanillensis-1348078-GCA034509925.1	('Simakov2022BCnS_genefamily_10131', 'Simakov2022BCnS_genefamily_7196')	0.0		match_both_missing	True
3206	2501695	Hirudinariamanillensis-1348078-GCA034509925.1	('Simakov2022BCnS_genefamily_1598', 'Simakov2022BCnS_genefamily_3869')	0.0		match_both_missing	True
3206	2558552	Hirudinariamanillensis-1348078-GCA034509925.1	('Simakov2022BCnS_genefamily_3592', 'Simakov2022BCnS_genefamily_999')	0.0		match_both_missing	True
3206	2615408	Hirudinariamanillensis-1348078-GCA034509925.1	('Simakov2022BCnS_genefamily_5675', 'Simakov2022BCnS_genefamily_8898')	0.0		match_both_missing	True
3206	2672265	Hirudinariamanillensis-1348078-GCA034509925.1	('Simakov2022BCnS_genefamily_10591', 'Simakov2022BCnS_genefamily_9321')	0.0		match_both_missing	True
3206	2729122	Hirudinariamanillensis-1348078-GCA034509925.1	('Simakov2022BCnS_genefamily_1144', 'Simakov2022BCnS_genefamily_7833')	0.0		match_both_missing	True
3206	2785979	Hirudinariamanillensis-1348078-GCA034509925.1	('Simakov2022BCnS_genefamily_3533', 'Simakov2022BCnS_genefamily_5668')	0.0		match_both_missing	True
3325	0	Bolinusbrandaris-179646-GCA965120365.1	('Simakov2022BCnS_genefamily_11671', 'Simakov2022BCnS_genefamily_8892')	0.0		match_both_missing	True
3325	56856	Bolinusbrandaris-179646-GCA965120365.1	('Simakov2022BCnS_genefamily_3414', 'Simakov2022BCnS_genefamily_8719')	0.0		match_both_missing	True
3325	113713	Bolinusbrandaris-179646-GCA965120365.1	('Simakov2022BCnS_genefamily_1642', 'Simakov2022BCnS_genefamily_7254')	0.0		match_both_missing	True
3325	170570	Bolinusbrandaris-179646-GCA965120365.1	('Simakov2022BCnS_genefamily_7106', 'Simakov2022BCnS_genefamily_8489')	0.0		match_both_missing	True
3325	227426	Bolinusbrandaris-179646-GCA965120365.1	('Simakov2022BCnS_genefamily_7876', 'Simakov2022BCnS_genefamily_8983')	0.0		match_both_missing	True
3325	284283	Bolinusbrandaris-179646-GCA965120365.1	('Simakov2022BCnS_genefamily_11878', 'Simakov2022BCnS_genefamily_1767')	0.0		match_both_missing	True
3325	341140	Bolinusbrandaris-179646-GCA965120365.1	('Simakov2022BCnS_genefamily_456', 'Simakov2022BCnS_genefamily_7275')	0.0		match_both_missing	True
3325	397997	Bolinusbrandaris-179646-GCA965120365.1	('Simakov2022BCnS_genefamily_177', 'Simakov2022BCnS_genefamily_6305')	0.0		match_both_missing	True
3325	454853	Bolinusbrandaris-179646-GCA965120365.1	('Simakov2022BCnS_genefamily_11081', 'Simakov2022BCnS_genefamily_2267')	0.0		match_both_missing	True
3325	511710	Bolinusbrandaris-179646-GCA965120365.1	('Simakov2022BCnS_genefamily_11901', 'Simakov2022BCnS_genefamily_7442')	0.0		match_both_missing	True
3325	568567	Bolinusbrandaris-179646-GCA965120365.1	('Simakov2022BCnS_genefamily_11043', 'Simakov2022BCnS_genefamily_7872')	0.0		match_both_missing	True
3325	625423	Bolinusbrandaris-179646-GCA965120365.1	('Simakov2022BCnS_genefamily_7747', 'Simakov2022BCnS_genefamily_9166')	0.0		match_both_missing	True
3325	682280	Bolinusbrandaris-179646-GCA965120365.1	('Simakov2022BCnS_genefamily_12548', 'Simakov2022BCnS_genefamily_3287')	0.0		match_both_missing	True
3325	739137	Bolinusbrandaris-179646-GCA965120365.1	('Simakov2022BCnS_genefamily_1337', 'Simakov2022BCnS_genefamily_3482')	0.0		match_both_missing	True
3325	795994	Bolinusbrandaris-179646-GCA965120365.1	('Simakov2022BCnS_genefamily_10438', 'Simakov2022BCnS_genefamily_11602')	0.0		match_both_missing	True
3325	852850	Bolinusbrandaris-179646-GCA965120365.1	('Simakov2022BCnS_genefamily_10491', 'Simakov2022BCnS_genefamily_12830')	0.0		match_both_missing	True
3325	909707	Bolinusbrandaris-179646-GCA965120365.1	('Simakov2022BCnS_genefamily_10246', 'Simakov2022BCnS_genefamily_12960')	0.0		match_both_missing	True
3325	966564	Bolinusbrandaris-179646-GCA965120365.1	('Simakov2022BCnS_genefamily_2629', 'Simakov2022BCnS_genefamily_421')	0.0		match_both_missing	True
3325	1023420	Bolinusbrandaris-179646-GCA965120365.1	('Simakov2022BCnS_genefamily_6596', 'Simakov2022BCnS_genefamily_8677')	0.0		match_both_missing	True
3325	1080277	Bolinusbrandaris-179646-GCA965120365.1	('Simakov2022BCnS_genefamily_1880', 'Simakov2022BCnS_genefamily_5337')	0.0		match_both_missing	True
3325	1137134	Bolinusbrandaris-179646-GCA965120365.1	('Simakov2022BCnS_genefamily_11749', 'Simakov2022BCnS_genefamily_8559')	0.0		match_both_missing	True
3325	1193991	Bolinusbrandaris-179646-GCA965120365.1	('Simakov2022BCnS_genefamily_6846', 'Simakov2022BCnS_genefamily_8308')	0.0		match_both_missing	True
3325	1250847	Bolinusbrandaris-179646-GCA965120365.1	('Simakov2022BCnS_genefamily_12960', 'Simakov2022BCnS_genefamily_6118')	0.0		match_both_missing	True
3325	1307704	Bolinusbrandaris-179646-GCA965120365.1	('Simakov2022BCnS_genefamily_12390', 'Simakov2022BCnS_genefamily_5288')	0.0		match_both_missing	True
3325	1364561	Bolinusbrandaris-179646-GCA965120365.1	('Simakov2022BCnS_genefamily_11392', 'Simakov2022BCnS_genefamily_4537')	0.0		match_both_missing	True
3325	1421417	Bolinusbrandaris-179646-GCA965120365.1	('Simakov2022BCnS_genefamily_12166', 'Simakov2022BCnS_genefamily_3756')	0.0		match_both_missing	True
3325	1478274	Bolinusbrandaris-179646-GCA965120365.1	('Simakov2022BCnS_genefamily_1375', 'Simakov2022BCnS_genefamily_364')	0.0		match_both_missing	True
3325	1535131	Bolinusbrandaris-179646-GCA965120365.1	('Simakov2022BCnS_genefamily_10846', 'Simakov2022BCnS_genefamily_1886')	0.0		match_both_missing	True
3325	1591988	Bolinusbrandaris-179646-GCA965120365.1	('Simakov2022BCnS_genefamily_6424', 'Simakov2022BCnS_genefamily_7051')	0.0		match_both_missing	True
3325	1648844	Bolinusbrandaris-179646-GCA965120365.1	('Simakov2022BCnS_genefamily_10640', 'Simakov2022BCnS_genefamily_11566')	0.0		match_both_missing	True
3325	1705701	Bolinusbrandaris-179646-GCA965120365.1	('Simakov2022BCnS_genefamily_1147', 'Simakov2022BCnS_genefamily_6516')	0.0		match_both_missing	True
3325	1762558	Bolinusbrandaris-179646-GCA965120365.1	('Simakov2022BCnS_genefamily_4672', 'Simakov2022BCnS_genefamily_6460')	0.0		match_both_missing	True
3325	1819414	Bolinusbrandaris-179646-GCA965120365.1	('Simakov2022BCnS_genefamily_12196', 'Simakov2022BCnS_genefamily_6391')	0.0		match_both_missing	True
3325	1876271	Bolinusbrandaris-179646-GCA965120365.1	('Simakov2022BCnS_genefamily_12417', 'Simakov2022BCnS_genefamily_3303')	0.0		match_both_missing	True
3325	1933128	Bolinusbrandaris-179646-GCA965120365.1	('Simakov2022BCnS_genefamily_1000', 'Simakov2022BCnS_genefamily_11359')	0.0		match_both_missing	True
3325	1989985	Bolinusbrandaris-179646-GCA965120365.1	('Simakov2022BCnS_genefamily_7708', 'Simakov2022BCnS_genefamily_8564')	0.0		match_both_missing	True
3325	2046841	Bolinusbrandaris-179646-GCA965120365.1	('Simakov2022BCnS_genefamily_2132', 'Simakov2022BCnS_genefamily_8050')	0.0		match_both_missing	True
3325	2103698	Bolinusbrandaris-179646-GCA965120365.1	('Simakov2022BCnS_genefamily_4395', 'Simakov2022BCnS_genefamily_8930')	0.0		match_both_missing	True
3325	2160555	Bolinusbrandaris-179646-GCA965120365.1	('Simakov2022BCnS_genefamily_7033', 'Simakov2022BCnS_genefamily_7620')	0.0		match_both_missing	True
3325	2217411	Bolinusbrandaris-179646-GCA965120365.1	('Simakov2022BCnS_genefamily_12360', 'Simakov2022BCnS_genefamily_3058')	0.0		match_both_missing	True
3325	2274268	Bolinusbrandaris-179646-GCA965120365.1	('Simakov2022BCnS_genefamily_132', 'Simakov2022BCnS_genefamily_4598')	0.0		match_both_missing	True
3325	2331125	Bolinusbrandaris-179646-GCA965120365.1	('Simakov2022BCnS_genefamily_12137', 'Simakov2022BCnS_genefamily_2209')	0.0		match_both_missing	True
3325	2387982	Bolinusbrandaris-179646-GCA965120365.1	('Simakov2022BCnS_genefamily_2917', 'Simakov2022BCnS_genefamily_883')	0.0		match_both_missing	True
3325	2444838	Bolinusbrandaris-179646-GCA965120365.1	('Simakov2022BCnS_genefamily_10131', 'Simakov2022BCnS_genefamily_7196')	0.0		match_both_missing	True
3325	2501695	Bolinusbrandaris-179646-GCA965120365.1	('Simakov2022BCnS_genefamily_1598', 'Simakov2022BCnS_genefamily_3869')	0.0		match_both_missing	True
3325	2558552	Bolinusbrandaris-179646-GCA965120365.1	('Simakov2022BCnS_genefamily_3592', 'Simakov2022BCnS_genefamily_999')	0.0		match_both_missing	True
3325	2615408	Bolinusbrandaris-179646-GCA965120365.1	('Simakov2022BCnS_genefamily_5675', 'Simakov2022BCnS_genefamily_8898')	0.0		match_both_missing	True
3325	2672265	Bolinusbrandaris-179646-GCA965120365.1	('Simakov2022BCnS_genefamily_10591', 'Simakov2022BCnS_genefamily_9321')	0.0		match_both_missing	True
3325	2729122	Bolinusbrandaris-179646-GCA965120365.1	('Simakov2022BCnS_genefamily_1144', 'Simakov2022BCnS_genefamily_7833')	0.0		match_both_missing	True
3325	2785979	Bolinusbrandaris-179646-GCA965120365.1	('Simakov2022BCnS_genefamily_3533', 'Simakov2022BCnS_genefamily_5668')	0.0		match_both_missing	True
3444	0	Donaxsemistriatus-3074273-GCA965239255.1	('Simakov2022BCnS_genefamily_11671', 'Simakov2022BCnS_genefamily_8892')	9818516.0	9818516.0	match	True
3444	56856	Donaxsemistriatus-3074273-GCA965239255.1	('Simakov2022BCnS_genefamily_3414', 'Simakov2022BCnS_genefamily_8719')	0.0		match_both_missing	True
3444	113713	Donaxsemistriatus-3074273-GCA965239255.1	('Simakov2022BCnS_genefamily_1642', 'Simakov2022BCnS_genefamily_7254')	0.0		match_both_missing	True
3444	170570	Donaxsemistriatus-3074273-GCA965239255.1	('Simakov2022BCnS_genefamily_7106', 'Simakov2022BCnS_genefamily_8489')	0.0		match_both_missing	True
3444	227426	Donaxsemistriatus-3074273-GCA965239255.1	('Simakov2022BCnS_genefamily_7876', 'Simakov2022BCnS_genefamily_8983')	0.0		match_both_missing	True
3444	284283	Donaxsemistriatus-3074273-GCA965239255.1	('Simakov2022BCnS_genefamily_11878', 'Simakov2022BCnS_genefamily_1767')	0.0		match_both_missing	True
3444	341140	Donaxsemistriatus-3074273-GCA965239255.1	('Simakov2022BCnS_genefamily_456', 'Simakov2022BCnS_genefamily_7275')	0.0		match_both_missing	True
3444	397997	Donaxsemistriatus-3074273-GCA965239255.1	('Simakov2022BCnS_genefamily_177', 'Simakov2022BCnS_genefamily_6305')	0.0		match_both_missing	True
3444	454853	Donaxsemistriatus-3074273-GCA965239255.1	('Simakov2022BCnS_genefamily_11081', 'Simakov2022BCnS_genefamily_2267')	0.0		match_both_missing	True
3444	511710	Donaxsemistriatus-3074273-GCA965239255.1	('Simakov2022BCnS_genefamily_11901', 'Simakov2022BCnS_genefamily_7442')	0.0		match_both_missing	True
3444	568567	Donaxsemistriatus-3074273-GCA965239255.1	('Simakov2022BCnS_genefamily_11043', 'Simakov2022BCnS_genefamily_7872')	0.0		match_both_missing	True
3444	625423	Donaxsemistriatus-3074273-GCA965239255.1	('Simakov2022BCnS_genefamily_7747', 'Simakov2022BCnS_genefamily_9166')	0.0		match_both_missing	True
3444	682280	Donaxsemistriatus-3074273-GCA965239255.1	('Simakov2022BCnS_genefamily_12548', 'Simakov2022BCnS_genefamily_3287')	0.0		match_both_missing	True
3444	739137	Donaxsemistriatus-3074273-GCA965239255.1	('Simakov2022BCnS_genefamily_1337', 'Simakov2022BCnS_genefamily_3482')	0.0		match_both_missing	True
3444	795994	Donaxsemistriatus-3074273-GCA965239255.1	('Simakov2022BCnS_genefamily_10438', 'Simakov2022BCnS_genefamily_11602')	0.0		match_both_missing	True
3444	852850	Donaxsemistriatus-3074273-GCA965239255.1	('Simakov2022BCnS_genefamily_10491', 'Simakov2022BCnS_genefamily_12830')	0.0		match_both_missing	True
3444	909707	Donaxsemistriatus-3074273-GCA965239255.1	('Simakov2022BCnS_genefamily_10246', 'Simakov2022BCnS_genefamily_12960')	0.0		match_both_missing	True
3444	966564	Donaxsemistriatus-3074273-GCA965239255.1	('Simakov2022BCnS_genefamily_2629', 'Simakov2022BCnS_genefamily_421')	0.0		match_both_missing	True
3444	1023420	Donaxsemistriatus-3074273-GCA965239255.1	('Simakov2022BCnS_genefamily_6596', 'Simakov2022BCnS_genefamily_8677')	0.0		match_both_missing	True
3444	1080277	Donaxsemistriatus-3074273-GCA965239255.1	('Simakov2022BCnS_genefamily_1880', 'Simakov2022BCnS_genefamily_5337')	0.0		match_both_missing	True
3444	1137134	Donaxsemistriatus-3074273-GCA965239255.1	('Simakov2022BCnS_genefamily_11749', 'Simakov2022BCnS_genefamily_8559')	0.0		match_both_missing	True
3444	1193991	Donaxsemistriatus-3074273-GCA965239255.1	('Simakov2022BCnS_genefamily_6846', 'Simakov2022BCnS_genefamily_8308')	0.0		match_both_missing	True
3444	1250847	Donaxsemistriatus-3074273-GCA965239255.1	('Simakov2022BCnS_genefamily_12960', 'Simakov2022BCnS_genefamily_6118')	0.0		match_both_missing	True
3444	1307704	Donaxsemistriatus-3074273-GCA965239255.1	('Simakov2022BCnS_genefamily_12390', 'Simakov2022BCnS_genefamily_5288')	0.0		match_both_missing	True
3444	1364561	Donaxsemistriatus-3074273-GCA965239255.1	('Simakov2022BCnS_genefamily_11392', 'Simakov2022BCnS_genefamily_4537')	0.0		match_both_missing	True
3444	1421417	Donaxsemistriatus-3074273-GCA965239255.1	('Simakov2022BCnS_genefamily_12166', 'Simakov2022BCnS_genefamily_3756')	0.0		match_both_missing	True
3444	1478274	Donaxsemistriatus-3074273-GCA965239255.1	('Simakov2022BCnS_genefamily_1375', 'Simakov2022BCnS_genefamily_364')	0.0		match_both_missing	True
3444	1535131	Donaxsemistriatus-3074273-GCA965239255.1	('Simakov2022BCnS_genefamily_10846', 'Simakov2022BCnS_genefamily_1886')	0.0		match_both_missing	True
3444	1591988	Donaxsemistriatus-3074273-GCA965239255.1	('Simakov2022BCnS_genefamily_6424', 'Simakov2022BCnS_genefamily_7051')	0.0		match_both_missing	True
3444	1648844	Donaxsemistriatus-3074273-GCA965239255.1	('Simakov2022BCnS_genefamily_10640', 'Simakov2022BCnS_genefamily_11566')	0.0		match_both_missing	True
3444	1705701	Donaxsemistriatus-3074273-GCA965239255.1	('Simakov2022BCnS_genefamily_1147', 'Simakov2022BCnS_genefamily_6516')	0.0		match_both_missing	True
3444	1762558	Donaxsemistriatus-3074273-GCA965239255.1	('Simakov2022BCnS_genefamily_4672', 'Simakov2022BCnS_genefamily_6460')	0.0		match_both_missing	True
3444	1819414	Donaxsemistriatus-3074273-GCA965239255.1	('Simakov2022BCnS_genefamily_12196', 'Simakov2022BCnS_genefamily_6391')	0.0		match_both_missing	True
3444	1876271	Donaxsemistriatus-3074273-GCA965239255.1	('Simakov2022BCnS_genefamily_12417', 'Simakov2022BCnS_genefamily_3303')	0.0		match_both_missing	True
3444	1933128	Donaxsemistriatus-3074273-GCA965239255.1	('Simakov2022BCnS_genefamily_1000', 'Simakov2022BCnS_genefamily_11359')	0.0		match_both_missing	True
3444	1989985	Donaxsemistriatus-3074273-GCA965239255.1	('Simakov2022BCnS_genefamily_7708', 'Simakov2022BCnS_genefamily_8564')	0.0		match_both_missing	True
3444	2046841	Donaxsemistriatus-3074273-GCA965239255.1	('Simakov2022BCnS_genefamily_2132', 'Simakov2022BCnS_genefamily_8050')	0.0		match_both_missing	True
3444	2103698	Donaxsemistriatus-3074273-GCA965239255.1	('Simakov2022BCnS_genefamily_4395', 'Simakov2022BCnS_genefamily_8930')	0.0		match_both_missing	True
3444	2160555	Donaxsemistriatus-3074273-GCA965239255.1	('Simakov2022BCnS_genefamily_7033', 'Simakov2022BCnS_genefamily_7620')	0.0		match_both_missing	True
3444	2217411	Donaxsemistriatus-3074273-GCA965239255.1	('Simakov2022BCnS_genefamily_12360', 'Simakov2022BCnS_genefamily_3058')	0.0		match_both_missing	True
3444	2274268	Donaxsemistriatus-3074273-GCA965239255.1	('Simakov2022BCnS_genefamily_132', 'Simakov2022BCnS_genefamily_4598')	0.0		match_both_missing	True
3444	2331125	Donaxsemistriatus-3074273-GCA965239255.1	('Simakov2022BCnS_genefamily_12137', 'Simakov2022BCnS_genefamily_2209')	0.0		match_both_missing	True
3444	2387982	Donaxsemistriatus-3074273-GCA965239255.1	('Simakov2022BCnS_genefamily_2917', 'Simakov2022BCnS_genefamily_883')	0.0		match_both_missing	True
3444	2444838	Donaxsemistriatus-3074273-GCA965239255.1	('Simakov2022BCnS_genefamily_10131', 'Simakov2022BCnS_genefamily_7196')	0.0		match_both_missing	True
3444	2501695	Donaxsemistriatus-3074273-GCA965239255.1	('Simakov2022BCnS_genefamily_1598', 'Simakov2022BCnS_genefamily_3869')	0.0		match_both_missing	True
3444	2558552	Donaxsemistriatus-3074273-GCA965239255.1	('Simakov2022BCnS_genefamily_3592', 'Simakov2022BCnS_genefamily_999')	0.0		match_both_missing	True
3444	2615408	Donaxsemistriatus-3074273-GCA965239255.1	('Simakov2022BCnS_genefamily_5675', 'Simakov2022BCnS_genefamily_8898')	0.0		match_both_missing	True
3444	2672265	Donaxsemistriatus-3074273-GCA965239255.1	('Simakov2022BCnS_genefamily_10591', 'Simakov2022BCnS_genefamily_9321')	0.0		match_both_missing	True
3444	2729122	Donaxsemistriatus-3074273-GCA965239255.1	('Simakov2022BCnS_genefamily_1144', 'Simakov2022BCnS_genefamily_7833')	0.0		match_both_missing	True
3444	2785979	Donaxsemistriatus-3074273-GCA965239255.1	('Simakov2022BCnS_genefamily_3533', 'Simakov2022BCnS_genefamily_5668')	18409792.0	18409792.0	match	True
3563	0	Stichopusfusiformiossa-3258494-GCA047655345.1	('Simakov2022BCnS_genefamily_11671', 'Simakov2022BCnS_genefamily_8892')	30902475.0	30902475.0	match	True
3563	56856	Stichopusfusiformiossa-3258494-GCA047655345.1	('Simakov2022BCnS_genefamily_3414', 'Simakov2022BCnS_genefamily_8719')	0.0		match_both_missing	True
3563	113713	Stichopusfusiformiossa-3258494-GCA047655345.1	('Simakov2022BCnS_genefamily_1642', 'Simakov2022BCnS_genefamily_7254')	0.0		match_both_missing	True
3563	170570	Stichopusfusiformiossa-3258494-GCA047655345.1	('Simakov2022BCnS_genefamily_7106', 'Simakov2022BCnS_genefamily_8489')	0.0		match_both_missing	True
3563	227426	Stichopusfusiformiossa-3258494-GCA047655345.1	('Simakov2022BCnS_genefamily_7876', 'Simakov2022BCnS_genefamily_8983')	0.0		match_both_missing	True
3563	284283	Stichopusfusiformiossa-3258494-GCA047655345.1	('Simakov2022BCnS_genefamily_11878', 'Simakov2022BCnS_genefamily_1767')	0.0		match_both_missing	True
3563	341140	Stichopusfusiformiossa-3258494-GCA047655345.1	('Simakov2022BCnS_genefamily_456', 'Simakov2022BCnS_genefamily_7275')	0.0		match_both_missing	True
3563	397997	Stichopusfusiformiossa-3258494-GCA047655345.1	('Simakov2022BCnS_genefamily_177', 'Simakov2022BCnS_genefamily_6305')	0.0		match_both_missing	True
3563	454853	Stichopusfusiformiossa-3258494-GCA047655345.1	('Simakov2022BCnS_genefamily_11081', 'Simakov2022BCnS_genefamily_2267')	0.0		match_both_missing	True
3563	511710	Stichopusfusiformiossa-3258494-GCA047655345.1	('Simakov2022BCnS_genefamily_11901', 'Simakov2022BCnS_genefamily_7442')	0.0		match_both_missing	True
3563	568567	Stichopusfusiformiossa-3258494-GCA047655345.1	('Simakov2022BCnS_genefamily_11043', 'Simakov2022BCnS_genefamily_7872')	0.0		match_both_missing	True
3563	625423	Stichopusfusiformiossa-3258494-GCA047655345.1	('Simakov2022BCnS_genefamily_7747', 'Simakov2022BCnS_genefamily_9166')	0.0		match_both_missing	True
3563	682280	Stichopusfusiformiossa-3258494-GCA047655345.1	('Simakov2022BCnS_genefamily_12548', 'Simakov2022BCnS_genefamily_3287')	0.0		match_both_missing	True
3563	739137	Stichopusfusiformiossa-3258494-GCA047655345.1	('Simakov2022BCnS_genefamily_1337', 'Simakov2022BCnS_genefamily_3482')	0.0		match_both_missing	True
3563	795994	Stichopusfusiformiossa-3258494-GCA047655345.1	('Simakov2022BCnS_genefamily_10438', 'Simakov2022BCnS_genefamily_11602')	0.0		match_both_missing	True
3563	852850	Stichopusfusiformiossa-3258494-GCA047655345.1	('Simakov2022BCnS_genefamily_10491', 'Simakov2022BCnS_genefamily_12830')	0.0		match_both_missing	True
3563	909707	Stichopusfusiformiossa-3258494-GCA047655345.1	('Simakov2022BCnS_genefamily_10246', 'Simakov2022BCnS_genefamily_12960')	0.0		match_both_missing	True
3563	966564	Stichopusfusiformiossa-3258494-GCA047655345.1	('Simakov2022BCnS_genefamily_2629', 'Simakov2022BCnS_genefamily_421')	0.0		match_both_missing	True
3563	1023420	Stichopusfusiformiossa-3258494-GCA047655345.1	('Simakov2022BCnS_genefamily_6596', 'Simakov2022BCnS_genefamily_8677')	0.0		match_both_missing	True
3563	1080277	Stichopusfusiformiossa-3258494-GCA047655345.1	('Simakov2022BCnS_genefamily_1880', 'Simakov2022BCnS_genefamily_5337')	0.0		match_both_missing	True
3563	1137134	Stichopusfusiformiossa-3258494-GCA047655345.1	('Simakov2022BCnS_genefamily_11749', 'Simakov2022BCnS_genefamily_8559')	0.0		match_both_missing	True
3563	1193991	Stichopusfusiformiossa-3258494-GCA047655345.1	('Simakov2022BCnS_genefamily_6846', 'Simakov2022BCnS_genefamily_8308')	0.0		match_both_missing	True
3563	1250847	Stichopusfusiformiossa-3258494-GCA047655345.1	('Simakov2022BCnS_genefamily_12960', 'Simakov2022BCnS_genefamily_6118')	0.0		match_both_missing	True
3563	1307704	Stichopusfusiformiossa-3258494-GCA047655345.1	('Simakov2022BCnS_genefamily_12390', 'Simakov2022BCnS_genefamily_5288')	0.0		match_both_missing	True
3563	1364561	Stichopusfusiformiossa-3258494-GCA047655345.1	('Simakov2022BCnS_genefamily_11392', 'Simakov2022BCnS_genefamily_4537')	0.0		match_both_missing	True
3563	1421417	Stichopusfusiformiossa-3258494-GCA047655345.1	('Simakov2022BCnS_genefamily_12166', 'Simakov2022BCnS_genefamily_3756')	0.0		match_both_missing	True
3563	1478274	Stichopusfusiformiossa-3258494-GCA047655345.1	('Simakov2022BCnS_genefamily_1375', 'Simakov2022BCnS_genefamily_364')	0.0		match_both_missing	True
3563	1535131	Stichopusfusiformiossa-3258494-GCA047655345.1	('Simakov2022BCnS_genefamily_10846', 'Simakov2022BCnS_genefamily_1886')	0.0		match_both_missing	True
3563	1591988	Stichopusfusiformiossa-3258494-GCA047655345.1	('Simakov2022BCnS_genefamily_6424', 'Simakov2022BCnS_genefamily_7051')	0.0		match_both_missing	True
3563	1648844	Stichopusfusiformiossa-3258494-GCA047655345.1	('Simakov2022BCnS_genefamily_10640', 'Simakov2022BCnS_genefamily_11566')	0.0		match_both_missing	True
3563	1705701	Stichopusfusiformiossa-3258494-GCA047655345.1	('Simakov2022BCnS_genefamily_1147', 'Simakov2022BCnS_genefamily_6516')	0.0		match_both_missing	True
3563	1762558	Stichopusfusiformiossa-3258494-GCA047655345.1	('Simakov2022BCnS_genefamily_4672', 'Simakov2022BCnS_genefamily_6460')	0.0		match_both_missing	True
3563	1819414	Stichopusfusiformiossa-3258494-GCA047655345.1	('Simakov2022BCnS_genefamily_12196', 'Simakov2022BCnS_genefamily_6391')	0.0		match_both_missing	True
3563	1876271	Stichopusfusiformiossa-3258494-GCA047655345.1	('Simakov2022BCnS_genefamily_12417', 'Simakov2022BCnS_genefamily_3303')	0.0		match_both_missing	True
3563	1933128	Stichopusfusiformiossa-3258494-GCA047655345.1	('Simakov2022BCnS_genefamily_1000', 'Simakov2022BCnS_genefamily_11359')	0.0		match_both_missing	True
3563	1989985	Stichopusfusiformiossa-3258494-GCA047655345.1	('Simakov2022BCnS_genefamily_7708', 'Simakov2022BCnS_genefamily_8564')	0.0		match_both_missing	True
3563	2046841	Stichopusfusiformiossa-3258494-GCA047655345.1	('Simakov2022BCnS_genefamily_2132', 'Simakov2022BCnS_genefamily_8050')	0.0		match_both_missing	True
3563	2103698	Stichopusfusiformiossa-3258494-GCA047655345.1	('Simakov2022BCnS_genefamily_4395', 'Simakov2022BCnS_genefamily_8930')	0.0		match_both_missing	True
3563	2160555	Stichopusfusiformiossa-3258494-GCA047655345.1	('Simakov2022BCnS_genefamily_7033', 'Simakov2022BCnS_genefamily_7620')	0.0		match_both_missing	True
3563	2217411	Stichopusfusiformiossa-3258494-GCA047655345.1	('Simakov2022BCnS_genefamily_12360', 'Simakov2022BCnS_genefamily_3058')	0.0		match_both_missing	True
3563	2274268	Stichopusfusiformiossa-3258494-GCA047655345.1	('Simakov2022BCnS_genefamily_132', 'Simakov2022BCnS_genefamily_4598')	0.0		match_both_missing	True
3563	2331125	Stichopusfusiformiossa-3258494-GCA047655345.1	('Simakov2022BCnS_genefamily_12137', 'Simakov2022BCnS_genefamily_2209')	0.0		match_both_missing	True
3563	2387982	Stichopusfusiformiossa-3258494-GCA047655345.1	('Simakov2022BCnS_genefamily_2917', 'Simakov2022BCnS_genefamily_883')	0.0		match_both_missing	True
3563	2444838	Stichopusfusiformiossa-3258494-GCA047655345.1	('Simakov2022BCnS_genefamily_10131', 'Simakov2022BCnS_genefamily_7196')	0.0		match_both_missing	True
3563	2501695	Stichopusfusiformiossa-3258494-GCA047655345.1	('Simakov2022BCnS_genefamily_1598', 'Simakov2022BCnS_genefamily_3869')	0.0		match_both_missing	True
3563	2558552	Stichopusfusiformiossa-3258494-GCA047655345.1	('Simakov2022BCnS_genefamily_3592', 'Simakov2022BCnS_genefamily_999')	1555973.0	1555973.0	match	True
3563	2615408	Stichopusfusiformiossa-3258494-GCA047655345.1	('Simakov2022BCnS_genefamily_5675', 'Simakov2022BCnS_genefamily_8898')	0.0		match_both_missing	True
3563	2672265	Stichopusfusiformiossa-3258494-GCA047655345.1	('Simakov2022BCnS_genefamily_10591', 'Simakov2022BCnS_genefamily_9321')	0.0		match_both_missing	True
3563	2729122	Stichopusfusiformiossa-3258494-GCA047655345.1	('Simakov2022BCnS_genefamily_1144', 'Simakov2022BCnS_genefamily_7833')	0.0		match_both_missing	True
3563	2785979	Stichopusfusiformiossa-3258494-GCA047655345.1	('Simakov2022BCnS_genefamily_3533', 'Simakov2022BCnS_genefamily_5668')	0.0		match_both_missing	True
3682	0	Gobiusniger-85417-GCA951799975.1	('Simakov2022BCnS_genefamily_11671', 'Simakov2022BCnS_genefamily_8892')	0.0		match_both_missing	True
3682	56856	Gobiusniger-85417-GCA951799975.1	('Simakov2022BCnS_genefamily_3414', 'Simakov2022BCnS_genefamily_8719')	0.0		match_both_missing	True
3682	113713	Gobiusniger-85417-GCA951799975.1	('Simakov2022BCnS_genefamily_1642', 'Simakov2022BCnS_genefamily_7254')	0.0		match_both_missing	True
3682	170570	Gobiusniger-85417-GCA951799975.1	('Simakov2022BCnS_genefamily_7106', 'Simakov2022BCnS_genefamily_8489')	0.0		match_both_missing	True
3682	227426	Gobiusniger-85417-GCA951799975.1	('Simakov2022BCnS_genefamily_7876', 'Simakov2022BCnS_genefamily_8983')	0.0		match_both_missing	True
3682	284283	Gobiusniger-85417-GCA951799975.1	('Simakov2022BCnS_genefamily_11878', 'Simakov2022BCnS_genefamily_1767')	0.0		match_both_missing	True
3682	341140	Gobiusniger-85417-GCA951799975.1	('Simakov2022BCnS_genefamily_456', 'Simakov2022BCnS_genefamily_7275')	0.0		match_both_missing	True
3682	397997	Gobiusniger-85417-GCA951799975.1	('Simakov2022BCnS_genefamily_177', 'Simakov2022BCnS_genefamily_6305')	0.0		match_both_missing	True
3682	454853	Gobiusniger-85417-GCA951799975.1	('Simakov2022BCnS_genefamily_11081', 'Simakov2022BCnS_genefamily_2267')	0.0		match_both_missing	True
3682	511710	Gobiusniger-85417-GCA951799975.1	('Simakov2022BCnS_genefamily_11901', 'Simakov2022BCnS_genefamily_7442')	18265449.0	18265449.0	match	True
3682	568567	Gobiusniger-85417-GCA951799975.1	('Simakov2022BCnS_genefamily_11043', 'Simakov2022BCnS_genefamily_7872')	0.0		match_both_missing	True
3682	625423	Gobiusniger-85417-GCA951799975.1	('Simakov2022BCnS_genefamily_7747', 'Simakov2022BCnS_genefamily_9166')	0.0		match_both_missing	True
3682	682280	Gobiusniger-85417-GCA951799975.1	('Simakov2022BCnS_genefamily_12548', 'Simakov2022BCnS_genefamily_3287')	0.0		match_both_missing	True
3682	739137	Gobiusniger-85417-GCA951799975.1	('Simakov2022BCnS_genefamily_1337', 'Simakov2022BCnS_genefamily_3482')	0.0		match_both_missing	True
3682	795994	Gobiusniger-85417-GCA951799975.1	('Simakov2022BCnS_genefamily_10438', 'Simakov2022BCnS_genefamily_11602')	0.0		match_both_missing	True
3682	852850	Gobiusniger-85417-GCA951799975.1	('Simakov2022BCnS_genefamily_10491', 'Simakov2022BCnS_genefamily_12830')	0.0		match_both_missing	True
3682	909707	Gobiusniger-85417-GCA951799975.1	('Simakov2022BCnS_genefamily_10246', 'Simakov2022BCnS_genefamily_12960')	0.0		match_both_missing	True
3682	966564	Gobiusniger-85417-GCA951799975.1	('Simakov2022BCnS_genefamily_2629', 'Simakov2022BCnS_genefamily_421')	0.0		match_both_missing	True
3682	1023420	Gobiusniger-85417-GCA951799975.1	('Simakov2022BCnS_genefamily_6596', 'Simakov2022BCnS_genefamily_8677')	0.0		match_both_missing	True
3682	1080277	Gobiusniger-85417-GCA951799975.1	('Simakov2022BCnS_genefamily_1880', 'Simakov2022BCnS_genefamily_5337')	0.0		match_both_missing	True
3682	1137134	Gobiusniger-85417-GCA951799975.1	('Simakov2022BCnS_genefamily_11749', 'Simakov2022BCnS_genefamily_8559')	0.0		match_both_missing	True
3682	1193991	Gobiusniger-85417-GCA951799975.1	('Simakov2022BCnS_genefamily_6846', 'Simakov2022BCnS_genefamily_8308')	0.0		match_both_missing	True
3682	1250847	Gobiusniger-85417-GCA951799975.1	('Simakov2022BCnS_genefamily_12960', 'Simakov2022BCnS_genefamily_6118')	0.0		match_both_missing	True
3682	1307704	Gobiusniger-85417-GCA951799975.1	('Simakov2022BCnS_genefamily_12390', 'Simakov2022BCnS_genefamily_5288')	0.0		match_both_missing	True
3682	1364561	Gobiusniger-85417-GCA951799975.1	('Simakov2022BCnS_genefamily_11392', 'Simakov2022BCnS_genefamily_4537')	0.0		match_both_missing	True
3682	1421417	Gobiusniger-85417-GCA951799975.1	('Simakov2022BCnS_genefamily_12166', 'Simakov2022BCnS_genefamily_3756')	0.0		match_both_missing	True
3682	1478274	Gobiusniger-85417-GCA951799975.1	('Simakov2022BCnS_genefamily_1375', 'Simakov2022BCnS_genefamily_364')	0.0		match_both_missing	True
3682	1535131	Gobiusniger-85417-GCA951799975.1	('Simakov2022BCnS_genefamily_10846', 'Simakov2022BCnS_genefamily_1886')	0.0		match_both_missing	True
3682	1591988	Gobiusniger-85417-GCA951799975.1	('Simakov2022BCnS_genefamily_6424', 'Simakov2022BCnS_genefamily_7051')	0.0		match_both_missing	True
3682	1648844	Gobiusniger-85417-GCA951799975.1	('Simakov2022BCnS_genefamily_10640', 'Simakov2022BCnS_genefamily_11566')	0.0		match_both_missing	True
3682	1705701	Gobiusniger-85417-GCA951799975.1	('Simakov2022BCnS_genefamily_1147', 'Simakov2022BCnS_genefamily_6516')	0.0		match_both_missing	True
3682	1762558	Gobiusniger-85417-GCA951799975.1	('Simakov2022BCnS_genefamily_4672', 'Simakov2022BCnS_genefamily_6460')	0.0		match_both_missing	True
3682	1819414	Gobiusniger-85417-GCA951799975.1	('Simakov2022BCnS_genefamily_12196', 'Simakov2022BCnS_genefamily_6391')	0.0		match_both_missing	True
3682	1876271	Gobiusniger-85417-GCA951799975.1	('Simakov2022BCnS_genefamily_12417', 'Simakov2022BCnS_genefamily_3303')	0.0		match_both_missing	True
3682	1933128	Gobiusniger-85417-GCA951799975.1	('Simakov2022BCnS_genefamily_1000', 'Simakov2022BCnS_genefamily_11359')	0.0		match_both_missing	True
3682	1989985	Gobiusniger-85417-GCA951799975.1	('Simakov2022BCnS_genefamily_7708', 'Simakov2022BCnS_genefamily_8564')	0.0		match_both_missing	True
3682	2046841	Gobiusniger-85417-GCA951799975.1	('Simakov2022BCnS_genefamily_2132', 'Simakov2022BCnS_genefamily_8050')	0.0		match_both_missing	True
3682	2103698	Gobiusniger-85417-GCA951799975.1	('Simakov2022BCnS_genefamily_4395', 'Simakov2022BCnS_genefamily_8930')	0.0		match_both_missing	True
3682	2160555	Gobiusniger-85417-GCA951799975.1	('Simakov2022BCnS_genefamily_7033', 'Simakov2022BCnS_genefamily_7620')	0.0		match_both_missing	True
3682	2217411	Gobiusniger-85417-GCA951799975.1	('Simakov2022BCnS_genefamily_12360', 'Simakov2022BCnS_genefamily_3058')	0.0		match_both_missing	True
3682	2274268	Gobiusniger-85417-GCA951799975.1	('Simakov2022BCnS_genefamily_132', 'Simakov2022BCnS_genefamily_4598')	0.0		match_both_missing	True
3682	2331125	Gobiusniger-85417-GCA951799975.1	('Simakov2022BCnS_genefamily_12137', 'Simakov2022BCnS_genefamily_2209')	0.0		match_both_missing	True
3682	2387982	Gobiusniger-85417-GCA951799975.1	('Simakov2022BCnS_genefamily_2917', 'Simakov2022BCnS_genefamily_883')	0.0		match_both_missing	True
3682	2444838	Gobiusniger-85417-GCA951799975.1	('Simakov2022BCnS_genefamily_10131', 'Simakov2022BCnS_genefamily_7196')	0.0		match_both_missing	True
3682	2501695	Gobiusniger-85417-GCA951799975.1	('Simakov2022BCnS_genefamily_1598', 'Simakov2022BCnS_genefamily_3869')	0.0		match_both_missing	True
3682	2558552	Gobiusniger-85417-GCA951799975.1	('Simakov2022BCnS_genefamily_3592', 'Simakov2022BCnS_genefamily_999')	0.0		match_both_missing	True
3682	2615408	Gobiusniger-85417-GCA951799975.1	('Simakov2022BCnS_genefamily_5675', 'Simakov2022BCnS_genefamily_8898')	0.0		match_both_missing	True
3682	2672265	Gobiusniger-85417-GCA951799975.1	('Simakov2022BCnS_genefamily_10591', 'Simakov2022BCnS_genefamily_9321')	0.0		match_both_missing	True
3682	2729122	Gobiusniger-85417-GCA951799975.1	('Simakov2022BCnS_genefamily_1144', 'Simakov2022BCnS_genefamily_7833')	0.0		match_both_missing	True
3682	2785979	Gobiusniger-85417-GCA951799975.1	('Simakov2022BCnS_genefamily_3533', 'Simakov2022BCnS_genefamily_5668')	0.0		match_both_missing	True
3800	0	Serioladumerili-41447-GCA041682515.1	('Simakov2022BCnS_genefamily_11671', 'Simakov2022BCnS_genefamily_8892')	0.0		match_both_missing	True
3800	56856	Serioladumerili-41447-GCA041682515.1	('Simakov2022BCnS_genefamily_3414', 'Simakov2022BCnS_genefamily_8719')	0.0		match_both_missing	True
3800	113713	Serioladumerili-41447-GCA041682515.1	('Simakov2022BCnS_genefamily_1642', 'Simakov2022BCnS_genefamily_7254')	0.0		match_both_missing	True
3800	170570	Serioladumerili-41447-GCA041682515.1	('Simakov2022BCnS_genefamily_7106', 'Simakov2022BCnS_genefamily_8489')	0.0		match_both_missing	True
3800	227426	Serioladumerili-41447-GCA041682515.1	('Simakov2022BCnS_genefamily_7876', 'Simakov2022BCnS_genefamily_8983')	0.0		match_both_missing	True
3800	284283	Serioladumerili-41447-GCA041682515.1	('Simakov2022BCnS_genefamily_11878', 'Simakov2022BCnS_genefamily_1767')	0.0		match_both_missing	True
3800	341140	Serioladumerili-41447-GCA041682515.1	('Simakov2022BCnS_genefamily_456', 'Simakov2022BCnS_genefamily_7275')	0.0		match_both_missing	True
3800	397997	Serioladumerili-41447-GCA041682515.1	('Simakov2022BCnS_genefamily_177', 'Simakov2022BCnS_genefamily_6305')	0.0		match_both_missing	True
3800	454853	Serioladumerili-41447-GCA041682515.1	('Simakov2022BCnS_genefamily_11081', 'Simakov2022BCnS_genefamily_2267')	0.0		match_both_missing	True
3800	511710	Serioladumerili-41447-GCA041682515.1	('Simakov2022BCnS_genefamily_11901', 'Simakov2022BCnS_genefamily_7442')	0.0		match_both_missing	True
3800	568567	Serioladumerili-41447-GCA041682515.1	('Simakov2022BCnS_genefamily_11043', 'Simakov2022BCnS_genefamily_7872')	0.0		match_both_missing	True
3800	625423	Serioladumerili-41447-GCA041682515.1	('Simakov2022BCnS_genefamily_7747', 'Simakov2022BCnS_genefamily_9166')	0.0		match_both_missing	True
3800	682280	Serioladumerili-41447-GCA041682515.1	('Simakov2022BCnS_genefamily_12548', 'Simakov2022BCnS_genefamily_3287')	0.0		match_both_missing	True
3800	739137	Serioladumerili-41447-GCA041682515.1	('Simakov2022BCnS_genefamily_1337', 'Simakov2022BCnS_genefamily_3482')	0.0		match_both_missing	True
3800	795994	Serioladumerili-41447-GCA041682515.1	('Simakov2022BCnS_genefamily_10438', 'Simakov2022BCnS_genefamily_11602')	0.0		match_both_missing	True
3800	852850	Serioladumerili-41447-GCA041682515.1	('Simakov2022BCnS_genefamily_10491', 'Simakov2022BCnS_genefamily_12830')	0.0		match_both_missing	True
3800	909707	Serioladumerili-41447-GCA041682515.1	('Simakov2022BCnS_genefamily_10246', 'Simakov2022BCnS_genefamily_12960')	0.0		match_both_missing	True
3800	966564	Serioladumerili-41447-GCA041682515.1	('Simakov2022BCnS_genefamily_2629', 'Simakov2022BCnS_genefamily_421')	0.0		match_both_missing	True
3800	1023420	Serioladumerili-41447-GCA041682515.1	('Simakov2022BCnS_genefamily_6596', 'Simakov2022BCnS_genefamily_8677')	0.0		match_both_missing	True
3800	1080277	Serioladumerili-41447-GCA041682515.1	('Simakov2022BCnS_genefamily_1880', 'Simakov2022BCnS_genefamily_5337')	0.0		match_both_missing	True
3800	1137134	Serioladumerili-41447-GCA041682515.1	('Simakov2022BCnS_genefamily_11749', 'Simakov2022BCnS_genefamily_8559')	0.0		match_both_missing	True
3800	1193991	Serioladumerili-41447-GCA041682515.1	('Simakov2022BCnS_genefamily_6846', 'Simakov2022BCnS_genefamily_8308')	0.0		match_both_missing	True
3800	1250847	Serioladumerili-41447-GCA041682515.1	('Simakov2022BCnS_genefamily_12960', 'Simakov2022BCnS_genefamily_6118')	0.0		match_both_missing	True
3800	1307704	Serioladumerili-41447-GCA041682515.1	('Simakov2022BCnS_genefamily_12390', 'Simakov2022BCnS_genefamily_5288')	0.0		match_both_missing	True
3800	1364561	Serioladumerili-41447-GCA041682515.1	('Simakov2022BCnS_genefamily_11392', 'Simakov2022BCnS_genefamily_4537')	0.0		match_both_missing	True
3800	1421417	Serioladumerili-41447-GCA041682515.1	('Simakov2022BCnS_genefamily_12166', 'Simakov2022BCnS_genefamily_3756')	0.0		match_both_missing	True
3800	1478274	Serioladumerili-41447-GCA041682515.1	('Simakov2022BCnS_genefamily_1375', 'Simakov2022BCnS_genefamily_364')	0.0		match_both_missing	True
3800	1535131	Serioladumerili-41447-GCA041682515.1	('Simakov2022BCnS_genefamily_10846', 'Simakov2022BCnS_genefamily_1886')	0.0		match_both_missing	True
3800	1591988	Serioladumerili-41447-GCA041682515.1	('Simakov2022BCnS_genefamily_6424', 'Simakov2022BCnS_genefamily_7051')	0.0		match_both_missing	True
3800	1648844	Serioladumerili-41447-GCA041682515.1	('Simakov2022BCnS_genefamily_10640', 'Simakov2022BCnS_genefamily_11566')	0.0		match_both_missing	True
3800	1705701	Serioladumerili-41447-GCA041682515.1	('Simakov2022BCnS_genefamily_1147', 'Simakov2022BCnS_genefamily_6516')	0.0		match_both_missing	True
3800	1762558	Serioladumerili-41447-GCA041682515.1	('Simakov2022BCnS_genefamily_4672', 'Simakov2022BCnS_genefamily_6460')	0.0		match_both_missing	True
3800	1819414	Serioladumerili-41447-GCA041682515.1	('Simakov2022BCnS_genefamily_12196', 'Simakov2022BCnS_genefamily_6391')	0.0		match_both_missing	True
3800	1876271	Serioladumerili-41447-GCA041682515.1	('Simakov2022BCnS_genefamily_12417', 'Simakov2022BCnS_genefamily_3303')	0.0		match_both_missing	True
3800	1933128	Serioladumerili-41447-GCA041682515.1	('Simakov2022BCnS_genefamily_1000', 'Simakov2022BCnS_genefamily_11359')	0.0		match_both_missing	True
3800	1989985	Serioladumerili-41447-GCA041682515.1	('Simakov2022BCnS_genefamily_7708', 'Simakov2022BCnS_genefamily_8564')	0.0		match_both_missing	True
3800	2046841	Serioladumerili-41447-GCA041682515.1	('Simakov2022BCnS_genefamily_2132', 'Simakov2022BCnS_genefamily_8050')	0.0		match_both_missing	True
3800	2103698	Serioladumerili-41447-GCA041682515.1	('Simakov2022BCnS_genefamily_4395', 'Simakov2022BCnS_genefamily_8930')	0.0		match_both_missing	True
3800	2160555	Serioladumerili-41447-GCA041682515.1	('Simakov2022BCnS_genefamily_7033', 'Simakov2022BCnS_genefamily_7620')	0.0		match_both_missing	True
3800	2217411	Serioladumerili-41447-GCA041682515.1	('Simakov2022BCnS_genefamily_12360', 'Simakov2022BCnS_genefamily_3058')	0.0		match_both_missing	True
3800	2274268	Serioladumerili-41447-GCA041682515.1	('Simakov2022BCnS_genefamily_132', 'Simakov2022BCnS_genefamily_4598')	0.0		match_both_missing	True
3800	2331125	Serioladumerili-41447-GCA041682515.1	('Simakov2022BCnS_genefamily_12137', 'Simakov2022BCnS_genefamily_2209')	0.0		match_both_missing	True
3800	2387982	Serioladumerili-41447-GCA041682515.1	('Simakov2022BCnS_genefamily_2917', 'Simakov2022BCnS_genefamily_883')	0.0		match_both_missing	True
3800	2444838	Serioladumerili-41447-GCA041682515.1	('Simakov2022BCnS_genefamily_10131', 'Simakov2022BCnS_genefamily_7196')	0.0		match_both_missing	True
3800	2501695	Serioladumerili-41447-GCA041682515.1	('Simakov2022BCnS_genefamily_1598', 'Simakov2022BCnS_genefamily_3869')	0.0		match_both_missing	True
3800	2558552	Serioladumerili-41447-GCA041682515.1	('Simakov2022BCnS_genefamily_3592', 'Simakov2022BCnS_genefamily_999')	0.0		match_both_missing	True
3800	2615408	Serioladumerili-41447-GCA041682515.1	('Simakov2022BCnS_genefamily_5675', 'Simakov2022BCnS_genefamily_8898')	0.0		match_both_missing	True
3800	2672265	Serioladumerili-41447-GCA041682515.1	('Simakov2022BCnS_genefamily_10591', 'Simakov2022BCnS_genefamily_9321')	0.0		match_both_missing	True
3800	2729122	Serioladumerili-41447-GCA041682515.1	('Simakov2022BCnS_genefamily_1144', 'Simakov2022BCnS_genefamily_7833')	0.0		match_both_missing	True
3800	2785979	Serioladumerili-41447-GCA041682515.1	('Simakov2022BCnS_genefamily_3533', 'Simakov2022BCnS_genefamily_5668')	0.0		match_both_missing	True
3919	0	Oryziaslatipes-8090-GCF002234675.1	('Simakov2022BCnS_genefamily_11671', 'Simakov2022BCnS_genefamily_8892')	0.0		match_both_missing	True
3919	56856	Oryziaslatipes-8090-GCF002234675.1	('Simakov2022BCnS_genefamily_3414', 'Simakov2022BCnS_genefamily_8719')	0.0		match_both_missing	True
3919	113713	Oryziaslatipes-8090-GCF002234675.1	('Simakov2022BCnS_genefamily_1642', 'Simakov2022BCnS_genefamily_7254')	0.0		match_both_missing	True
3919	170570	Oryziaslatipes-8090-GCF002234675.1	('Simakov2022BCnS_genefamily_7106', 'Simakov2022BCnS_genefamily_8489')	0.0		match_both_missing	True
3919	227426	Oryziaslatipes-8090-GCF002234675.1	('Simakov2022BCnS_genefamily_7876', 'Simakov2022BCnS_genefamily_8983')	0.0		match_both_missing	True
3919	284283	Oryziaslatipes-8090-GCF002234675.1	('Simakov2022BCnS_genefamily_11878', 'Simakov2022BCnS_genefamily_1767')	0.0		match_both_missing	True
3919	341140	Oryziaslatipes-8090-GCF002234675.1	('Simakov2022BCnS_genefamily_456', 'Simakov2022BCnS_genefamily_7275')	0.0		match_both_missing	True
3919	397997	Oryziaslatipes-8090-GCF002234675.1	('Simakov2022BCnS_genefamily_177', 'Simakov2022BCnS_genefamily_6305')	0.0		match_both_missing	True
3919	454853	Oryziaslatipes-8090-GCF002234675.1	('Simakov2022BCnS_genefamily_11081', 'Simakov2022BCnS_genefamily_2267')	0.0		match_both_missing	True
3919	511710	Oryziaslatipes-8090-GCF002234675.1	('Simakov2022BCnS_genefamily_11901', 'Simakov2022BCnS_genefamily_7442')	0.0		match_both_missing	True
3919	568567	Oryziaslatipes-8090-GCF002234675.1	('Simakov2022BCnS_genefamily_11043', 'Simakov2022BCnS_genefamily_7872')	0.0		match_both_missing	True
3919	625423	Oryziaslatipes-8090-GCF002234675.1	('Simakov2022BCnS_genefamily_7747', 'Simakov2022BCnS_genefamily_9166')	0.0		match_both_missing	True
3919	682280	Oryziaslatipes-8090-GCF002234675.1	('Simakov2022BCnS_genefamily_12548', 'Simakov2022BCnS_genefamily_3287')	0.0		match_both_missing	True
3919	739137	Oryziaslatipes-8090-GCF002234675.1	('Simakov2022BCnS_genefamily_1337', 'Simakov2022BCnS_genefamily_3482')	0.0		match_both_missing	True
3919	795994	Oryziaslatipes-8090-GCF002234675.1	('Simakov2022BCnS_genefamily_10438', 'Simakov2022BCnS_genefamily_11602')	0.0		match_both_missing	True
3919	852850	Oryziaslatipes-8090-GCF002234675.1	('Simakov2022BCnS_genefamily_10491', 'Simakov2022BCnS_genefamily_12830')	0.0		match_both_missing	True
3919	909707	Oryziaslatipes-8090-GCF002234675.1	('Simakov2022BCnS_genefamily_10246', 'Simakov2022BCnS_genefamily_12960')	0.0		match_both_missing	True
3919	966564	Oryziaslatipes-8090-GCF002234675.1	('Simakov2022BCnS_genefamily_2629', 'Simakov2022BCnS_genefamily_421')	0.0		match_both_missing	True
3919	1023420	Oryziaslatipes-8090-GCF002234675.1	('Simakov2022BCnS_genefamily_6596', 'Simakov2022BCnS_genefamily_8677')	0.0		match_both_missing	True
3919	1080277	Oryziaslatipes-8090-GCF002234675.1	('Simakov2022BCnS_genefamily_1880', 'Simakov2022BCnS_genefamily_5337')	0.0		match_both_missing	True
3919	1137134	Oryziaslatipes-8090-GCF002234675.1	('Simakov2022BCnS_genefamily_11749', 'Simakov2022BCnS_genefamily_8559')	0.0		match_both_missing	True
3919	1193991	Oryziaslatipes-8090-GCF002234675.1	('Simakov2022BCnS_genefamily_6846', 'Simakov2022BCnS_genefamily_8308')	0.0		match_both_missing	True
3919	1250847	Oryziaslatipes-8090-GCF002234675.1	('Simakov2022BCnS_genefamily_12960', 'Simakov2022BCnS_genefamily_6118')	0.0		match_both_missing	True
3919	1307704	Oryziaslatipes-8090-GCF002234675.1	('Simakov2022BCnS_genefamily_12390', 'Simakov2022BCnS_genefamily_5288')	0.0		match_both_missing	True
3919	1364561	Oryziaslatipes-8090-GCF002234675.1	('Simakov2022BCnS_genefamily_11392', 'Simakov2022BCnS_genefamily_4537')	0.0		match_both_missing	True
3919	1421417	Oryziaslatipes-8090-GCF002234675.1	('Simakov2022BCnS_genefamily_12166', 'Simakov2022BCnS_genefamily_3756')	0.0		match_both_missing	True
3919	1478274	Oryziaslatipes-8090-GCF002234675.1	('Simakov2022BCnS_genefamily_1375', 'Simakov2022BCnS_genefamily_364')	0.0		match_both_missing	True
3919	1535131	Oryziaslatipes-8090-GCF002234675.1	('Simakov2022BCnS_genefamily_10846', 'Simakov2022BCnS_genefamily_1886')	0.0		match_both_missing	True
3919	1591988	Oryziaslatipes-8090-GCF002234675.1	('Simakov2022BCnS_genefamily_6424', 'Simakov2022BCnS_genefamily_7051')	0.0		match_both_missing	True
3919	1648844	Oryziaslatipes-8090-GCF002234675.1	('Simakov2022BCnS_genefamily_10640', 'Simakov2022BCnS_genefamily_11566')	0.0		match_both_missing	True
3919	1705701	Oryziaslatipes-8090-GCF002234675.1	('Simakov2022BCnS_genefamily_1147', 'Simakov2022BCnS_genefamily_6516')	0.0		match_both_missing	True
3919	1762558	Oryziaslatipes-8090-GCF002234675.1	('Simakov2022BCnS_genefamily_4672', 'Simakov2022BCnS_genefamily_6460')	0.0		match_both_missing	True
3919	1819414	Oryziaslatipes-8090-GCF002234675.1	('Simakov2022BCnS_genefamily_12196', 'Simakov2022BCnS_genefamily_6391')	0.0		match_both_missing	True
3919	1876271	Oryziaslatipes-8090-GCF002234675.1	('Simakov2022BCnS_genefamily_12417', 'Simakov2022BCnS_genefamily_3303')	0.0		match_both_missing	True
3919	1933128	Oryziaslatipes-8090-GCF002234675.1	('Simakov2022BCnS_genefamily_1000', 'Simakov2022BCnS_genefamily_11359')	0.0		match_both_missing	True
3919	1989985	Oryziaslatipes-8090-GCF002234675.1	('Simakov2022BCnS_genefamily_7708', 'Simakov2022BCnS_genefamily_8564')	0.0		match_both_missing	True
3919	2046841	Oryziaslatipes-8090-GCF002234675.1	('Simakov2022BCnS_genefamily_2132', 'Simakov2022BCnS_genefamily_8050')	0.0		match_both_missing	True
3919	2103698	Oryziaslatipes-8090-GCF002234675.1	('Simakov2022BCnS_genefamily_4395', 'Simakov2022BCnS_genefamily_8930')	0.0		match_both_missing	True
3919	2160555	Oryziaslatipes-8090-GCF002234675.1	('Simakov2022BCnS_genefamily_7033', 'Simakov2022BCnS_genefamily_7620')	0.0		match_both_missing	True
3919	2217411	Oryziaslatipes-8090-GCF002234675.1	('Simakov2022BCnS_genefamily_12360', 'Simakov2022BCnS_genefamily_3058')	0.0		match_both_missing	True
3919	2274268	Oryziaslatipes-8090-GCF002234675.1	('Simakov2022BCnS_genefamily_132', 'Simakov2022BCnS_genefamily_4598')	0.0		match_both_missing	True
3919	2331125	Oryziaslatipes-8090-GCF002234675.1	('Simakov2022BCnS_genefamily_12137', 'Simakov2022BCnS_genefamily_2209')	0.0		match_both_missing	True
3919	2387982	Oryziaslatipes-8090-GCF002234675.1	('Simakov2022BCnS_genefamily_2917', 'Simakov2022BCnS_genefamily_883')	0.0		match_both_missing	True
3919	2444838	Oryziaslatipes-8090-GCF002234675.1	('Simakov2022BCnS_genefamily_10131', 'Simakov2022BCnS_genefamily_7196')	0.0		match_both_missing	True
3919	2501695	Oryziaslatipes-8090-GCF002234675.1	('Simakov2022BCnS_genefamily_1598', 'Simakov2022BCnS_genefamily_3869')	0.0		match_both_missing	True
3919	2558552	Oryziaslatipes-8090-GCF002234675.1	('Simakov2022BCnS_genefamily_3592', 'Simakov2022BCnS_genefamily_999')	0.0		match_both_missing	True
3919	2615408	Oryziaslatipes-8090-GCF002234675.1	('Simakov2022BCnS_genefamily_5675', 'Simakov2022BCnS_genefamily_8898')	0.0		match_both_missing	True
3919	2672265	Oryziaslatipes-8090-GCF002234675.1	('Simakov2022BCnS_genefamily_10591', 'Simakov2022BCnS_genefamily_9321')	0.0		match_both_missing	True
3919	2729122	Oryziaslatipes-8090-GCF002234675.1	('Simakov2022BCnS_genefamily_1144', 'Simakov2022BCnS_genefamily_7833')	0.0		match_both_missing	True
3919	2785979	Oryziaslatipes-8090-GCF002234675.1	('Simakov2022BCnS_genefamily_3533', 'Simakov2022BCnS_genefamily_5668')	0.0		match_both_missing	True
4038	0	Lateolabraxmaculatus-315492-GCA004023545.1	('Simakov2022BCnS_genefamily_11671', 'Simakov2022BCnS_genefamily_8892')	0.0		match_both_missing	True
4038	56856	Lateolabraxmaculatus-315492-GCA004023545.1	('Simakov2022BCnS_genefamily_3414', 'Simakov2022BCnS_genefamily_8719')	0.0		match_both_missing	True
4038	113713	Lateolabraxmaculatus-315492-GCA004023545.1	('Simakov2022BCnS_genefamily_1642', 'Simakov2022BCnS_genefamily_7254')	0.0		match_both_missing	True
4038	170570	Lateolabraxmaculatus-315492-GCA004023545.1	('Simakov2022BCnS_genefamily_7106', 'Simakov2022BCnS_genefamily_8489')	0.0		match_both_missing	True
4038	227426	Lateolabraxmaculatus-315492-GCA004023545.1	('Simakov2022BCnS_genefamily_7876', 'Simakov2022BCnS_genefamily_8983')	0.0		match_both_missing	True
4038	284283	Lateolabraxmaculatus-315492-GCA004023545.1	('Simakov2022BCnS_genefamily_11878', 'Simakov2022BCnS_genefamily_1767')	0.0		match_both_missing	True
4038	341140	Lateolabraxmaculatus-315492-GCA004023545.1	('Simakov2022BCnS_genefamily_456', 'Simakov2022BCnS_genefamily_7275')	0.0		match_both_missing	True
4038	397997	Lateolabraxmaculatus-315492-GCA004023545.1	('Simakov2022BCnS_genefamily_177', 'Simakov2022BCnS_genefamily_6305')	0.0		match_both_missing	True
4038	454853	Lateolabraxmaculatus-315492-GCA004023545.1	('Simakov2022BCnS_genefamily_11081', 'Simakov2022BCnS_genefamily_2267')	0.0		match_both_missing	True
4038	511710	Lateolabraxmaculatus-315492-GCA004023545.1	('Simakov2022BCnS_genefamily_11901', 'Simakov2022BCnS_genefamily_7442')	0.0		match_both_missing	True
4038	568567	Lateolabraxmaculatus-315492-GCA004023545.1	('Simakov2022BCnS_genefamily_11043', 'Simakov2022BCnS_genefamily_7872')	0.0		match_both_missing	True
4038	625423	Lateolabraxmaculatus-315492-GCA004023545.1	('Simakov2022BCnS_genefamily_7747', 'Simakov2022BCnS_genefamily_9166')	0.0		match_both_missing	True
4038	682280	Lateolabraxmaculatus-315492-GCA004023545.1	('Simakov2022BCnS_genefamily_12548', 'Simakov2022BCnS_genefamily_3287')	0.0		match_both_missing	True
4038	739137	Lateolabraxmaculatus-315492-GCA004023545.1	('Simakov2022BCnS_genefamily_1337', 'Simakov2022BCnS_genefamily_3482')	0.0		match_both_missing	True
4038	795994	Lateolabraxmaculatus-315492-GCA004023545.1	('Simakov2022BCnS_genefamily_10438', 'Simakov2022BCnS_genefamily_11602')	13116588.0	13116588.0	match	True
4038	852850	Lateolabraxmaculatus-315492-GCA004023545.1	('Simakov2022BCnS_genefamily_10491', 'Simakov2022BCnS_genefamily_12830')	0.0		match_both_missing	True
4038	909707	Lateolabraxmaculatus-315492-GCA004023545.1	('Simakov2022BCnS_genefamily_10246', 'Simakov2022BCnS_genefamily_12960')	0.0		match_both_missing	True
4038	966564	Lateolabraxmaculatus-315492-GCA004023545.1	('Simakov2022BCnS_genefamily_2629', 'Simakov2022BCnS_genefamily_421')	0.0		match_both_missing	True
4038	1023420	Lateolabraxmaculatus-315492-GCA004023545.1	('Simakov2022BCnS_genefamily_6596', 'Simakov2022BCnS_genefamily_8677')	0.0		match_both_missing	True
4038	1080277	Lateolabraxmaculatus-315492-GCA004023545.1	('Simakov2022BCnS_genefamily_1880', 'Simakov2022BCnS_genefamily_5337')	0.0		match_both_missing	True
4038	1137134	Lateolabraxmaculatus-315492-GCA004023545.1	('Simakov2022BCnS_genefamily_11749', 'Simakov2022BCnS_genefamily_8559')	0.0		match_both_missing	True
4038	1193991	Lateolabraxmaculatus-315492-GCA004023545.1	('Simakov2022BCnS_genefamily_6846', 'Simakov2022BCnS_genefamily_8308')	0.0		match_both_missing	True
4038	1250847	Lateolabraxmaculatus-315492-GCA004023545.1	('Simakov2022BCnS_genefamily_12960', 'Simakov2022BCnS_genefamily_6118')	0.0		match_both_missing	True
4038	1307704	Lateolabraxmaculatus-315492-GCA004023545.1	('Simakov2022BCnS_genefamily_12390', 'Simakov2022BCnS_genefamily_5288')	0.0		match_both_missing	True
4038	1364561	Lateolabraxmaculatus-315492-GCA004023545.1	('Simakov2022BCnS_genefamily_11392', 'Simakov2022BCnS_genefamily_4537')	0.0		match_both_missing	True
4038	1421417	Lateolabraxmaculatus-315492-GCA004023545.1	('Simakov2022BCnS_genefamily_12166', 'Simakov2022BCnS_genefamily_3756')	0.0		match_both_missing	True
4038	1478274	Lateolabraxmaculatus-315492-GCA004023545.1	('Simakov2022BCnS_genefamily_1375', 'Simakov2022BCnS_genefamily_364')	0.0		match_both_missing	True
4038	1535131	Lateolabraxmaculatus-315492-GCA004023545.1	('Simakov2022BCnS_genefamily_10846', 'Simakov2022BCnS_genefamily_1886')	0.0		match_both_missing	True
4038	1591988	Lateolabraxmaculatus-315492-GCA004023545.1	('Simakov2022BCnS_genefamily_6424', 'Simakov2022BCnS_genefamily_7051')	0.0		match_both_missing	True
4038	1648844	Lateolabraxmaculatus-315492-GCA004023545.1	('Simakov2022BCnS_genefamily_10640', 'Simakov2022BCnS_genefamily_11566')	0.0		match_both_missing	True
4038	1705701	Lateolabraxmaculatus-315492-GCA004023545.1	('Simakov2022BCnS_genefamily_1147', 'Simakov2022BCnS_genefamily_6516')	0.0		match_both_missing	True
4038	1762558	Lateolabraxmaculatus-315492-GCA004023545.1	('Simakov2022BCnS_genefamily_4672', 'Simakov2022BCnS_genefamily_6460')	0.0		match_both_missing	True
4038	1819414	Lateolabraxmaculatus-315492-GCA004023545.1	('Simakov2022BCnS_genefamily_12196', 'Simakov2022BCnS_genefamily_6391')	0.0		match_both_missing	True
4038	1876271	Lateolabraxmaculatus-315492-GCA004023545.1	('Simakov2022BCnS_genefamily_12417', 'Simakov2022BCnS_genefamily_3303')	0.0		match_both_missing	True
4038	1933128	Lateolabraxmaculatus-315492-GCA004023545.1	('Simakov2022BCnS_genefamily_1000', 'Simakov2022BCnS_genefamily_11359')	0.0		match_both_missing	True
4038	1989985	Lateolabraxmaculatus-315492-GCA004023545.1	('Simakov2022BCnS_genefamily_7708', 'Simakov2022BCnS_genefamily_8564')	0.0		match_both_missing	True
4038	2046841	Lateolabraxmaculatus-315492-GCA004023545.1	('Simakov2022BCnS_genefamily_2132', 'Simakov2022BCnS_genefamily_8050')	0.0		match_both_missing	True
4038	2103698	Lateolabraxmaculatus-315492-GCA004023545.1	('Simakov2022BCnS_genefamily_4395', 'Simakov2022BCnS_genefamily_8930')	0.0		match_both_missing	True
4038	2160555	Lateolabraxmaculatus-315492-GCA004023545.1	('Simakov2022BCnS_genefamily_7033', 'Simakov2022BCnS_genefamily_7620')	0.0		match_both_missing	True
4038	2217411	Lateolabraxmaculatus-315492-GCA004023545.1	('Simakov2022BCnS_genefamily_12360', 'Simakov2022BCnS_genefamily_3058')	0.0		match_both_missing	True
4038	2274268	Lateolabraxmaculatus-315492-GCA004023545.1	('Simakov2022BCnS_genefamily_132', 'Simakov2022BCnS_genefamily_4598')	0.0		match_both_missing	True
4038	2331125	Lateolabraxmaculatus-315492-GCA004023545.1	('Simakov2022BCnS_genefamily_12137', 'Simakov2022BCnS_genefamily_2209')	0.0		match_both_missing	True
4038	2387982	Lateolabraxmaculatus-315492-GCA004023545.1	('Simakov2022BCnS_genefamily_2917', 'Simakov2022BCnS_genefamily_883')	0.0		match_both_missing	True
4038	2444838	Lateolabraxmaculatus-315492-GCA004023545.1	('Simakov2022BCnS_genefamily_10131', 'Simakov2022BCnS_genefamily_7196')	0.0		match_both_missing	True
4038	2501695	Lateolabraxmaculatus-315492-GCA004023545.1	('Simakov2022BCnS_genefamily_1598', 'Simakov2022BCnS_genefamily_3869')	0.0		match_both_missing	True
4038	2558552	Lateolabraxmaculatus-315492-GCA004023545.1	('Simakov2022BCnS_genefamily_3592', 'Simakov2022BCnS_genefamily_999')	0.0		match_both_missing	True
4038	2615408	Lateolabraxmaculatus-315492-GCA004023545.1	('Simakov2022BCnS_genefamily_5675', 'Simakov2022BCnS_genefamily_8898')	0.0		match_both_missing	True
4038	2672265	Lateolabraxmaculatus-315492-GCA004023545.1	('Simakov2022BCnS_genefamily_10591', 'Simakov2022BCnS_genefamily_9321')	0.0		match_both_missing	True
4038	2729122	Lateolabraxmaculatus-315492-GCA004023545.1	('Simakov2022BCnS_genefamily_1144', 'Simakov2022BCnS_genefamily_7833')	0.0		match_both_missing	True
4038	2785979	Lateolabraxmaculatus-315492-GCA004023545.1	('Simakov2022BCnS_genefamily_3533', 'Simakov2022BCnS_genefamily_5668')	0.0		match_both_missing	True
4157	0	Merlucciusmerluccius-8063-GCA964260605.1	('Simakov2022BCnS_genefamily_11671', 'Simakov2022BCnS_genefamily_8892')	0.0		match_both_missing	True
4157	56856	Merlucciusmerluccius-8063-GCA964260605.1	('Simakov2022BCnS_genefamily_3414', 'Simakov2022BCnS_genefamily_8719')	0.0		match_both_missing	True
4157	113713	Merlucciusmerluccius-8063-GCA964260605.1	('Simakov2022BCnS_genefamily_1642', 'Simakov2022BCnS_genefamily_7254')	0.0		match_both_missing	True
4157	170570	Merlucciusmerluccius-8063-GCA964260605.1	('Simakov2022BCnS_genefamily_7106', 'Simakov2022BCnS_genefamily_8489')	0.0		match_both_missing	True
4157	227426	Merlucciusmerluccius-8063-GCA964260605.1	('Simakov2022BCnS_genefamily_7876', 'Simakov2022BCnS_genefamily_8983')	0.0		match_both_missing	True
4157	284283	Merlucciusmerluccius-8063-GCA964260605.1	('Simakov2022BCnS_genefamily_11878', 'Simakov2022BCnS_genefamily_1767')	0.0		match_both_missing	True
4157	341140	Merlucciusmerluccius-8063-GCA964260605.1	('Simakov2022BCnS_genefamily_456', 'Simakov2022BCnS_genefamily_7275')	0.0		match_both_missing	True
4157	397997	Merlucciusmerluccius-8063-GCA964260605.1	('Simakov2022BCnS_genefamily_177', 'Simakov2022BCnS_genefamily_6305')	0.0		match_both_missing	True
4157	454853	Merlucciusmerluccius-8063-GCA964260605.1	('Simakov2022BCnS_genefamily_11081', 'Simakov2022BCnS_genefamily_2267')	0.0		match_both_missing	True
4157	511710	Merlucciusmerluccius-8063-GCA964260605.1	('Simakov2022BCnS_genefamily_11901', 'Simakov2022BCnS_genefamily_7442')	0.0		match_both_missing	True
4157	568567	Merlucciusmerluccius-8063-GCA964260605.1	('Simakov2022BCnS_genefamily_11043', 'Simakov2022BCnS_genefamily_7872')	0.0		match_both_missing	True
4157	625423	Merlucciusmerluccius-8063-GCA964260605.1	('Simakov2022BCnS_genefamily_7747', 'Simakov2022BCnS_genefamily_9166')	0.0		match_both_missing	True
4157	682280	Merlucciusmerluccius-8063-GCA964260605.1	('Simakov2022BCnS_genefamily_12548', 'Simakov2022BCnS_genefamily_3287')	0.0		match_both_missing	True
4157	739137	Merlucciusmerluccius-8063-GCA964260605.1	('Simakov2022BCnS_genefamily_1337', 'Simakov2022BCnS_genefamily_3482')	0.0		match_both_missing	True
4157	795994	Merlucciusmerluccius-8063-GCA964260605.1	('Simakov2022BCnS_genefamily_10438', 'Simakov2022BCnS_genefamily_11602')	0.0		match_both_missing	True
4157	852850	Merlucciusmerluccius-8063-GCA964260605.1	('Simakov2022BCnS_genefamily_10491', 'Simakov2022BCnS_genefamily_12830')	0.0		match_both_missing	True
4157	909707	Merlucciusmerluccius-8063-GCA964260605.1	('Simakov2022BCnS_genefamily_10246', 'Simakov2022BCnS_genefamily_12960')	0.0		match_both_missing	True
4157	966564	Merlucciusmerluccius-8063-GCA964260605.1	('Simakov2022BCnS_genefamily_2629', 'Simakov2022BCnS_genefamily_421')	0.0		match_both_missing	True
4157	1023420	Merlucciusmerluccius-8063-GCA964260605.1	('Simakov2022BCnS_genefamily_6596', 'Simakov2022BCnS_genefamily_8677')	0.0		match_both_missing	True
4157	1080277	Merlucciusmerluccius-8063-GCA964260605.1	('Simakov2022BCnS_genefamily_1880', 'Simakov2022BCnS_genefamily_5337')	0.0		match_both_missing	True
4157	1137134	Merlucciusmerluccius-8063-GCA964260605.1	('Simakov2022BCnS_genefamily_11749', 'Simakov2022BCnS_genefamily_8559')	0.0		match_both_missing	True
4157	1193991	Merlucciusmerluccius-8063-GCA964260605.1	('Simakov2022BCnS_genefamily_6846', 'Simakov2022BCnS_genefamily_8308')	0.0		match_both_missing	True
4157	1250847	Merlucciusmerluccius-8063-GCA964260605.1	('Simakov2022BCnS_genefamily_12960', 'Simakov2022BCnS_genefamily_6118')	0.0		match_both_missing	True
4157	1307704	Merlucciusmerluccius-8063-GCA964260605.1	('Simakov2022BCnS_genefamily_12390', 'Simakov2022BCnS_genefamily_5288')	0.0		match_both_missing	True
4157	1364561	Merlucciusmerluccius-8063-GCA964260605.1	('Simakov2022BCnS_genefamily_11392', 'Simakov2022BCnS_genefamily_4537')	0.0		match_both_missing	True
4157	1421417	Merlucciusmerluccius-8063-GCA964260605.1	('Simakov2022BCnS_genefamily_12166', 'Simakov2022BCnS_genefamily_3756')	0.0		match_both_missing	True
4157	1478274	Merlucciusmerluccius-8063-GCA964260605.1	('Simakov2022BCnS_genefamily_1375', 'Simakov2022BCnS_genefamily_364')	0.0		match_both_missing	True
4157	1535131	Merlucciusmerluccius-8063-GCA964260605.1	('Simakov2022BCnS_genefamily_10846', 'Simakov2022BCnS_genefamily_1886')	0.0		match_both_missing	True
4157	1591988	Merlucciusmerluccius-8063-GCA964260605.1	('Simakov2022BCnS_genefamily_6424', 'Simakov2022BCnS_genefamily_7051')	0.0		match_both_missing	True
4157	1648844	Merlucciusmerluccius-8063-GCA964260605.1	('Simakov2022BCnS_genefamily_10640', 'Simakov2022BCnS_genefamily_11566')	0.0		match_both_missing	True
4157	1705701	Merlucciusmerluccius-8063-GCA964260605.1	('Simakov2022BCnS_genefamily_1147', 'Simakov2022BCnS_genefamily_6516')	0.0		match_both_missing	True
4157	1762558	Merlucciusmerluccius-8063-GCA964260605.1	('Simakov2022BCnS_genefamily_4672', 'Simakov2022BCnS_genefamily_6460')	0.0		match_both_missing	True
4157	1819414	Merlucciusmerluccius-8063-GCA964260605.1	('Simakov2022BCnS_genefamily_12196', 'Simakov2022BCnS_genefamily_6391')	0.0		match_both_missing	True
4157	1876271	Merlucciusmerluccius-8063-GCA964260605.1	('Simakov2022BCnS_genefamily_12417', 'Simakov2022BCnS_genefamily_3303')	0.0		match_both_missing	True
4157	1933128	Merlucciusmerluccius-8063-GCA964260605.1	('Simakov2022BCnS_genefamily_1000', 'Simakov2022BCnS_genefamily_11359')	0.0		match_both_missing	True
4157	1989985	Merlucciusmerluccius-8063-GCA964260605.1	('Simakov2022BCnS_genefamily_7708', 'Simakov2022BCnS_genefamily_8564')	0.0		match_both_missing	True
4157	2046841	Merlucciusmerluccius-8063-GCA964260605.1	('Simakov2022BCnS_genefamily_2132', 'Simakov2022BCnS_genefamily_8050')	0.0		match_both_missing	True
4157	2103698	Merlucciusmerluccius-8063-GCA964260605.1	('Simakov2022BCnS_genefamily_4395', 'Simakov2022BCnS_genefamily_8930')	0.0		match_both_missing	True
4157	2160555	Merlucciusmerluccius-8063-GCA964260605.1	('Simakov2022BCnS_genefamily_7033', 'Simakov2022BCnS_genefamily_7620')	0.0		match_both_missing	True
4157	2217411	Merlucciusmerluccius-8063-GCA964260605.1	('Simakov2022BCnS_genefamily_12360', 'Simakov2022BCnS_genefamily_3058')	0.0		match_both_missing	True
4157	2274268	Merlucciusmerluccius-8063-GCA964260605.1	('Simakov2022BCnS_genefamily_132', 'Simakov2022BCnS_genefamily_4598')	0.0		match_both_missing	True
4157	2331125	Merlucciusmerluccius-8063-GCA964260605.1	('Simakov2022BCnS_genefamily_12137', 'Simakov2022BCnS_genefamily_2209')	0.0		match_both_missing	True
4157	2387982	Merlucciusmerluccius-8063-GCA964260605.1	('Simakov2022BCnS_genefamily_2917', 'Simakov2022BCnS_genefamily_883')	0.0		match_both_missing	True
4157	2444838	Merlucciusmerluccius-8063-GCA964260605.1	('Simakov2022BCnS_genefamily_10131', 'Simakov2022BCnS_genefamily_7196')	0.0		match_both_missing	True
4157	2501695	Merlucciusmerluccius-8063-GCA964260605.1	('Simakov2022BCnS_genefamily_1598', 'Simakov2022BCnS_genefamily_3869')	0.0		match_both_missing	True
4157	2558552	Merlucciusmerluccius-8063-GCA964260605.1	('Simakov2022BCnS_genefamily_3592', 'Simakov2022BCnS_genefamily_999')	0.0		match_both_missing	True
4157	2615408	Merlucciusmerluccius-8063-GCA964260605.1	('Simakov2022BCnS_genefamily_5675', 'Simakov2022BCnS_genefamily_8898')	0.0		match_both_missing	True
4157	2672265	Merlucciusmerluccius-8063-GCA964260605.1	('Simakov2022BCnS_genefamily_10591', 'Simakov2022BCnS_genefamily_9321')	0.0		match_both_missing	True
4157	2729122	Merlucciusmerluccius-8063-GCA964260605.1	('Simakov2022BCnS_genefamily_1144', 'Simakov2022BCnS_genefamily_7833')	0.0		match_both_missing	True
4157	2785979	Merlucciusmerluccius-8063-GCA964260605.1	('Simakov2022BCnS_genefamily_3533', 'Simakov2022BCnS_genefamily_5668')	0.0		match_both_missing	True
4275	0	Triplophysayarkandensis-1677794-GCA033220385.1	('Simakov2022BCnS_genefamily_11671', 'Simakov2022BCnS_genefamily_8892')	0.0		match_both_missing	True
4275	56856	Triplophysayarkandensis-1677794-GCA033220385.1	('Simakov2022BCnS_genefamily_3414', 'Simakov2022BCnS_genefamily_8719')	0.0		match_both_missing	True
4275	113713	Triplophysayarkandensis-1677794-GCA033220385.1	('Simakov2022BCnS_genefamily_1642', 'Simakov2022BCnS_genefamily_7254')	0.0		match_both_missing	True
4275	170570	Triplophysayarkandensis-1677794-GCA033220385.1	('Simakov2022BCnS_genefamily_7106', 'Simakov2022BCnS_genefamily_8489')	0.0		match_both_missing	True
4275	227426	Triplophysayarkandensis-1677794-GCA033220385.1	('Simakov2022BCnS_genefamily_7876', 'Simakov2022BCnS_genefamily_8983')	0.0		match_both_missing	True
4275	284283	Triplophysayarkandensis-1677794-GCA033220385.1	('Simakov2022BCnS_genefamily_11878', 'Simakov2022BCnS_genefamily_1767')	0.0		match_both_missing	True
4275	341140	Triplophysayarkandensis-1677794-GCA033220385.1	('Simakov2022BCnS_genefamily_456', 'Simakov2022BCnS_genefamily_7275')	0.0		match_both_missing	True
4275	397997	Triplophysayarkandensis-1677794-GCA033220385.1	('Simakov2022BCnS_genefamily_177', 'Simakov2022BCnS_genefamily_6305')	0.0		match_both_missing	True
4275	454853	Triplophysayarkandensis-1677794-GCA033220385.1	('Simakov2022BCnS_genefamily_11081', 'Simakov2022BCnS_genefamily_2267')	0.0		match_both_missing	True
4275	511710	Triplophysayarkandensis-1677794-GCA033220385.1	('Simakov2022BCnS_genefamily_11901', 'Simakov2022BCnS_genefamily_7442')	0.0		match_both_missing	True
4275	568567	Triplophysayarkandensis-1677794-GCA033220385.1	('Simakov2022BCnS_genefamily_11043', 'Simakov2022BCnS_genefamily_7872')	0.0		match_both_missing	True
4275	625423	Triplophysayarkandensis-1677794-GCA033220385.1	('Simakov2022BCnS_genefamily_7747', 'Simakov2022BCnS_genefamily_9166')	0.0		match_both_missing	True
4275	682280	Triplophysayarkandensis-1677794-GCA033220385.1	('Simakov2022BCnS_genefamily_12548', 'Simakov2022BCnS_genefamily_3287')	0.0		match_both_missing	True
4275	739137	Triplophysayarkandensis-1677794-GCA033220385.1	('Simakov2022BCnS_genefamily_1337', 'Simakov2022BCnS_genefamily_3482')	0.0		match_both_missing	True
4275	795994	Triplophysayarkandensis-1677794-GCA033220385.1	('Simakov2022BCnS_genefamily_10438', 'Simakov2022BCnS_genefamily_11602')	0.0		match_both_missing	True
4275	852850	Triplophysayarkandensis-1677794-GCA033220385.1	('Simakov2022BCnS_genefamily_10491', 'Simakov2022BCnS_genefamily_12830')	0.0		match_both_missing	True
4275	909707	Triplophysayarkandensis-1677794-GCA033220385.1	('Simakov2022BCnS_genefamily_10246', 'Simakov2022BCnS_genefamily_12960')	0.0		match_both_missing	True
4275	966564	Triplophysayarkandensis-1677794-GCA033220385.1	('Simakov2022BCnS_genefamily_2629', 'Simakov2022BCnS_genefamily_421')	0.0		match_both_missing	True
4275	1023420	Triplophysayarkandensis-1677794-GCA033220385.1	('Simakov2022BCnS_genefamily_6596', 'Simakov2022BCnS_genefamily_8677')	0.0		match_both_missing	True
4275	1080277	Triplophysayarkandensis-1677794-GCA033220385.1	('Simakov2022BCnS_genefamily_1880', 'Simakov2022BCnS_genefamily_5337')	0.0		match_both_missing	True
4275	1137134	Triplophysayarkandensis-1677794-GCA033220385.1	('Simakov2022BCnS_genefamily_11749', 'Simakov2022BCnS_genefamily_8559')	0.0		match_both_missing	True
4275	1193991	Triplophysayarkandensis-1677794-GCA033220385.1	('Simakov2022BCnS_genefamily_6846', 'Simakov2022BCnS_genefamily_8308')	0.0		match_both_missing	True
4275	1250847	Triplophysayarkandensis-1677794-GCA033220385.1	('Simakov2022BCnS_genefamily_12960', 'Simakov2022BCnS_genefamily_6118')	0.0		match_both_missing	True
4275	1307704	Triplophysayarkandensis-1677794-GCA033220385.1	('Simakov2022BCnS_genefamily_12390', 'Simakov2022BCnS_genefamily_5288')	0.0		match_both_missing	True
4275	1364561	Triplophysayarkandensis-1677794-GCA033220385.1	('Simakov2022BCnS_genefamily_11392', 'Simakov2022BCnS_genefamily_4537')	0.0		match_both_missing	True
4275	1421417	Triplophysayarkandensis-1677794-GCA033220385.1	('Simakov2022BCnS_genefamily_12166', 'Simakov2022BCnS_genefamily_3756')	0.0		match_both_missing	True
4275	1478274	Triplophysayarkandensis-1677794-GCA033220385.1	('Simakov2022BCnS_genefamily_1375', 'Simakov2022BCnS_genefamily_364')	0.0		match_both_missing	True
4275	1535131	Triplophysayarkandensis-1677794-GCA033220385.1	('Simakov2022BCnS_genefamily_10846', 'Simakov2022BCnS_genefamily_1886')	0.0		match_both_missing	True
4275	1591988	Triplophysayarkandensis-1677794-GCA033220385.1	('Simakov2022BCnS_genefamily_6424', 'Simakov2022BCnS_genefamily_7051')	0.0		match_both_missing	True
4275	1648844	Triplophysayarkandensis-1677794-GCA033220385.1	('Simakov2022BCnS_genefamily_10640', 'Simakov2022BCnS_genefamily_11566')	0.0		match_both_missing	True
4275	1705701	Triplophysayarkandensis-1677794-GCA033220385.1	('Simakov2022BCnS_genefamily_1147', 'Simakov2022BCnS_genefamily_6516')	0.0		match_both_missing	True
4275	1762558	Triplophysayarkandensis-1677794-GCA033220385.1	('Simakov2022BCnS_genefamily_4672', 'Simakov2022BCnS_genefamily_6460')	0.0		match_both_missing	True
4275	1819414	Triplophysayarkandensis-1677794-GCA033220385.1	('Simakov2022BCnS_genefamily_12196', 'Simakov2022BCnS_genefamily_6391')	0.0		match_both_missing	True
4275	1876271	Triplophysayarkandensis-1677794-GCA033220385.1	('Simakov2022BCnS_genefamily_12417', 'Simakov2022BCnS_genefamily_3303')	0.0		match_both_missing	True
4275	1933128	Triplophysayarkandensis-1677794-GCA033220385.1	('Simakov2022BCnS_genefamily_1000', 'Simakov2022BCnS_genefamily_11359')	0.0		match_both_missing	True
4275	1989985	Triplophysayarkandensis-1677794-GCA033220385.1	('Simakov2022BCnS_genefamily_7708', 'Simakov2022BCnS_genefamily_8564')	0.0		match_both_missing	True
4275	2046841	Triplophysayarkandensis-1677794-GCA033220385.1	('Simakov2022BCnS_genefamily_2132', 'Simakov2022BCnS_genefamily_8050')	0.0		match_both_missing	True
4275	2103698	Triplophysayarkandensis-1677794-GCA033220385.1	('Simakov2022BCnS_genefamily_4395', 'Simakov2022BCnS_genefamily_8930')	0.0		match_both_missing	True
4275	2160555	Triplophysayarkandensis-1677794-GCA033220385.1	('Simakov2022BCnS_genefamily_7033', 'Simakov2022BCnS_genefamily_7620')	0.0		match_both_missing	True
4275	2217411	Triplophysayarkandensis-1677794-GCA033220385.1	('Simakov2022BCnS_genefamily_12360', 'Simakov2022BCnS_genefamily_3058')	0.0		match_both_missing	True
4275	2274268	Triplophysayarkandensis-1677794-GCA033220385.1	('Simakov2022BCnS_genefamily_132', 'Simakov2022BCnS_genefamily_4598')	0.0		match_both_missing	True
4275	2331125	Triplophysayarkandensis-1677794-GCA033220385.1	('Simakov2022BCnS_genefamily_12137', 'Simakov2022BCnS_genefamily_2209')	0.0		match_both_missing	True
4275	2387982	Triplophysayarkandensis-1677794-GCA033220385.1	('Simakov2022BCnS_genefamily_2917', 'Simakov2022BCnS_genefamily_883')	0.0		match_both_missing	True
4275	2444838	Triplophysayarkandensis-1677794-GCA033220385.1	('Simakov2022BCnS_genefamily_10131', 'Simakov2022BCnS_genefamily_7196')	0.0		match_both_missing	True
4275	2501695	Triplophysayarkandensis-1677794-GCA033220385.1	('Simakov2022BCnS_genefamily_1598', 'Simakov2022BCnS_genefamily_3869')	0.0		match_both_missing	True
4275	2558552	Triplophysayarkandensis-1677794-GCA033220385.1	('Simakov2022BCnS_genefamily_3592', 'Simakov2022BCnS_genefamily_999')	0.0		match_both_missing	True
4275	2615408	Triplophysayarkandensis-1677794-GCA033220385.1	('Simakov2022BCnS_genefamily_5675', 'Simakov2022BCnS_genefamily_8898')	0.0		match_both_missing	True
4275	2672265	Triplophysayarkandensis-1677794-GCA033220385.1	('Simakov2022BCnS_genefamily_10591', 'Simakov2022BCnS_genefamily_9321')	0.0		match_both_missing	True
4275	2729122	Triplophysayarkandensis-1677794-GCA033220385.1	('Simakov2022BCnS_genefamily_1144', 'Simakov2022BCnS_genefamily_7833')	0.0		match_both_missing	True
4275	2785979	Triplophysayarkandensis-1677794-GCA033220385.1	('Simakov2022BCnS_genefamily_3533', 'Simakov2022BCnS_genefamily_5668')	0.0		match_both_missing	True
4394	0	Carassiuscarassius-217509-GCF963082965.1	('Simakov2022BCnS_genefamily_11671', 'Simakov2022BCnS_genefamily_8892')	0.0		match_both_missing	True
4394	56856	Carassiuscarassius-217509-GCF963082965.1	('Simakov2022BCnS_genefamily_3414', 'Simakov2022BCnS_genefamily_8719')	0.0		match_both_missing	True
4394	113713	Carassiuscarassius-217509-GCF963082965.1	('Simakov2022BCnS_genefamily_1642', 'Simakov2022BCnS_genefamily_7254')	0.0		match_both_missing	True
4394	170570	Carassiuscarassius-217509-GCF963082965.1	('Simakov2022BCnS_genefamily_7106', 'Simakov2022BCnS_genefamily_8489')	0.0		match_both_missing	True
4394	227426	Carassiuscarassius-217509-GCF963082965.1	('Simakov2022BCnS_genefamily_7876', 'Simakov2022BCnS_genefamily_8983')	0.0		match_both_missing	True
4394	284283	Carassiuscarassius-217509-GCF963082965.1	('Simakov2022BCnS_genefamily_11878', 'Simakov2022BCnS_genefamily_1767')	0.0		match_both_missing	True
4394	341140	Carassiuscarassius-217509-GCF963082965.1	('Simakov2022BCnS_genefamily_456', 'Simakov2022BCnS_genefamily_7275')	0.0		match_both_missing	True
4394	397997	Carassiuscarassius-217509-GCF963082965.1	('Simakov2022BCnS_genefamily_177', 'Simakov2022BCnS_genefamily_6305')	0.0		match_both_missing	True
4394	454853	Carassiuscarassius-217509-GCF963082965.1	('Simakov2022BCnS_genefamily_11081', 'Simakov2022BCnS_genefamily_2267')	0.0		match_both_missing	True
4394	511710	Carassiuscarassius-217509-GCF963082965.1	('Simakov2022BCnS_genefamily_11901', 'Simakov2022BCnS_genefamily_7442')	0.0		match_both_missing	True
4394	568567	Carassiuscarassius-217509-GCF963082965.1	('Simakov2022BCnS_genefamily_11043', 'Simakov2022BCnS_genefamily_7872')	0.0		match_both_missing	True
4394	625423	Carassiuscarassius-217509-GCF963082965.1	('Simakov2022BCnS_genefamily_7747', 'Simakov2022BCnS_genefamily_9166')	0.0		match_both_missing	True
4394	682280	Carassiuscarassius-217509-GCF963082965.1	('Simakov2022BCnS_genefamily_12548', 'Simakov2022BCnS_genefamily_3287')	0.0		match_both_missing	True
4394	739137	Carassiuscarassius-217509-GCF963082965.1	('Simakov2022BCnS_genefamily_1337', 'Simakov2022BCnS_genefamily_3482')	0.0		match_both_missing	True
4394	795994	Carassiuscarassius-217509-GCF963082965.1	('Simakov2022BCnS_genefamily_10438', 'Simakov2022BCnS_genefamily_11602')	0.0		match_both_missing	True
4394	852850	Carassiuscarassius-217509-GCF963082965.1	('Simakov2022BCnS_genefamily_10491', 'Simakov2022BCnS_genefamily_12830')	0.0		match_both_missing	True
4394	909707	Carassiuscarassius-217509-GCF963082965.1	('Simakov2022BCnS_genefamily_10246', 'Simakov2022BCnS_genefamily_12960')	0.0		match_both_missing	True
4394	966564	Carassiuscarassius-217509-GCF963082965.1	('Simakov2022BCnS_genefamily_2629', 'Simakov2022BCnS_genefamily_421')	0.0		match_both_missing	True
4394	1023420	Carassiuscarassius-217509-GCF963082965.1	('Simakov2022BCnS_genefamily_6596', 'Simakov2022BCnS_genefamily_8677')	0.0		match_both_missing	True
4394	1080277	Carassiuscarassius-217509-GCF963082965.1	('Simakov2022BCnS_genefamily_1880', 'Simakov2022BCnS_genefamily_5337')	0.0		match_both_missing	True
4394	1137134	Carassiuscarassius-217509-GCF963082965.1	('Simakov2022BCnS_genefamily_11749', 'Simakov2022BCnS_genefamily_8559')	0.0		match_both_missing	True
4394	1193991	Carassiuscarassius-217509-GCF963082965.1	('Simakov2022BCnS_genefamily_6846', 'Simakov2022BCnS_genefamily_8308')	0.0		match_both_missing	True
4394	1250847	Carassiuscarassius-217509-GCF963082965.1	('Simakov2022BCnS_genefamily_12960', 'Simakov2022BCnS_genefamily_6118')	0.0		match_both_missing	True
4394	1307704	Carassiuscarassius-217509-GCF963082965.1	('Simakov2022BCnS_genefamily_12390', 'Simakov2022BCnS_genefamily_5288')	0.0		match_both_missing	True
4394	1364561	Carassiuscarassius-217509-GCF963082965.1	('Simakov2022BCnS_genefamily_11392', 'Simakov2022BCnS_genefamily_4537')	0.0		match_both_missing	True
4394	1421417	Carassiuscarassius-217509-GCF963082965.1	('Simakov2022BCnS_genefamily_12166', 'Simakov2022BCnS_genefamily_3756')	15091902.0	15091902.0	match	True
4394	1478274	Carassiuscarassius-217509-GCF963082965.1	('Simakov2022BCnS_genefamily_1375', 'Simakov2022BCnS_genefamily_364')	0.0		match_both_missing	True
4394	1535131	Carassiuscarassius-217509-GCF963082965.1	('Simakov2022BCnS_genefamily_10846', 'Simakov2022BCnS_genefamily_1886')	0.0		match_both_missing	True
4394	1591988	Carassiuscarassius-217509-GCF963082965.1	('Simakov2022BCnS_genefamily_6424', 'Simakov2022BCnS_genefamily_7051')	0.0		match_both_missing	True
4394	1648844	Carassiuscarassius-217509-GCF963082965.1	('Simakov2022BCnS_genefamily_10640', 'Simakov2022BCnS_genefamily_11566')	0.0		match_both_missing	True
4394	1705701	Carassiuscarassius-217509-GCF963082965.1	('Simakov2022BCnS_genefamily_1147', 'Simakov2022BCnS_genefamily_6516')	0.0		match_both_missing	True
4394	1762558	Carassiuscarassius-217509-GCF963082965.1	('Simakov2022BCnS_genefamily_4672', 'Simakov2022BCnS_genefamily_6460')	0.0		match_both_missing	True
4394	1819414	Carassiuscarassius-217509-GCF963082965.1	('Simakov2022BCnS_genefamily_12196', 'Simakov2022BCnS_genefamily_6391')	0.0		match_both_missing	True
4394	1876271	Carassiuscarassius-217509-GCF963082965.1	('Simakov2022BCnS_genefamily_12417', 'Simakov2022BCnS_genefamily_3303')	0.0		match_both_missing	True
4394	1933128	Carassiuscarassius-217509-GCF963082965.1	('Simakov2022BCnS_genefamily_1000', 'Simakov2022BCnS_genefamily_11359')	0.0		match_both_missing	True
4394	1989985	Carassiuscarassius-217509-GCF963082965.1	('Simakov2022BCnS_genefamily_7708', 'Simakov2022BCnS_genefamily_8564')	0.0		match_both_missing	True
4394	2046841	Carassiuscarassius-217509-GCF963082965.1	('Simakov2022BCnS_genefamily_2132', 'Simakov2022BCnS_genefamily_8050')	0.0		match_both_missing	True
4394	2103698	Carassiuscarassius-217509-GCF963082965.1	('Simakov2022BCnS_genefamily_4395', 'Simakov2022BCnS_genefamily_8930')	0.0		match_both_missing	True
4394	2160555	Carassiuscarassius-217509-GCF963082965.1	('Simakov2022BCnS_genefamily_7033', 'Simakov2022BCnS_genefamily_7620')	0.0		match_both_missing	True
4394	2217411	Carassiuscarassius-217509-GCF963082965.1	('Simakov2022BCnS_genefamily_12360', 'Simakov2022BCnS_genefamily_3058')	0.0		match_both_missing	True
4394	2274268	Carassiuscarassius-217509-GCF963082965.1	('Simakov2022BCnS_genefamily_132', 'Simakov2022BCnS_genefamily_4598')	0.0		match_both_missing	True
4394	2331125	Carassiuscarassius-217509-GCF963082965.1	('Simakov2022BCnS_genefamily_12137', 'Simakov2022BCnS_genefamily_2209')	0.0		match_both_missing	True
4394	2387982	Carassiuscarassius-217509-GCF963082965.1	('Simakov2022BCnS_genefamily_2917', 'Simakov2022BCnS_genefamily_883')	0.0		match_both_missing	True
4394	2444838	Carassiuscarassius-217509-GCF963082965.1	('Simakov2022BCnS_genefamily_10131', 'Simakov2022BCnS_genefamily_7196')	0.0		match_both_missing	True
4394	2501695	Carassiuscarassius-217509-GCF963082965.1	('Simakov2022BCnS_genefamily_1598', 'Simakov2022BCnS_genefamily_3869')	0.0		match_both_missing	True
4394	2558552	Carassiuscarassius-217509-GCF963082965.1	('Simakov2022BCnS_genefamily_3592', 'Simakov2022BCnS_genefamily_999')	0.0		match_both_missing	True
4394	2615408	Carassiuscarassius-217509-GCF963082965.1	('Simakov2022BCnS_genefamily_5675', 'Simakov2022BCnS_genefamily_8898')	0.0		match_both_missing	True
4394	2672265	Carassiuscarassius-217509-GCF963082965.1	('Simakov2022BCnS_genefamily_10591', 'Simakov2022BCnS_genefamily_9321')	0.0		match_both_missing	True
4394	2729122	Carassiuscarassius-217509-GCF963082965.1	('Simakov2022BCnS_genefamily_1144', 'Simakov2022BCnS_genefamily_7833')	0.0		match_both_missing	True
4394	2785979	Carassiuscarassius-217509-GCF963082965.1	('Simakov2022BCnS_genefamily_3533', 'Simakov2022BCnS_genefamily_5668')	0.0		match_both_missing	True
4513	0	Lagorchesteshirsutus-65632-GCA028533205.1	('Simakov2022BCnS_genefamily_11671', 'Simakov2022BCnS_genefamily_8892')	0.0		match_both_missing	True
4513	56856	Lagorchesteshirsutus-65632-GCA028533205.1	('Simakov2022BCnS_genefamily_3414', 'Simakov2022BCnS_genefamily_8719')	0.0		match_both_missing	True
4513	113713	Lagorchesteshirsutus-65632-GCA028533205.1	('Simakov2022BCnS_genefamily_1642', 'Simakov2022BCnS_genefamily_7254')	0.0		match_both_missing	True
4513	170570	Lagorchesteshirsutus-65632-GCA028533205.1	('Simakov2022BCnS_genefamily_7106', 'Simakov2022BCnS_genefamily_8489')	0.0		match_both_missing	True
4513	227426	Lagorchesteshirsutus-65632-GCA028533205.1	('Simakov2022BCnS_genefamily_7876', 'Simakov2022BCnS_genefamily_8983')	0.0		match_both_missing	True
4513	284283	Lagorchesteshirsutus-65632-GCA028533205.1	('Simakov2022BCnS_genefamily_11878', 'Simakov2022BCnS_genefamily_1767')	0.0		match_both_missing	True
4513	341140	Lagorchesteshirsutus-65632-GCA028533205.1	('Simakov2022BCnS_genefamily_456', 'Simakov2022BCnS_genefamily_7275')	0.0		match_both_missing	True
4513	397997	Lagorchesteshirsutus-65632-GCA028533205.1	('Simakov2022BCnS_genefamily_177', 'Simakov2022BCnS_genefamily_6305')	0.0		match_both_missing	True
4513	454853	Lagorchesteshirsutus-65632-GCA028533205.1	('Simakov2022BCnS_genefamily_11081', 'Simakov2022BCnS_genefamily_2267')	0.0		match_both_missing	True
4513	511710	Lagorchesteshirsutus-65632-GCA028533205.1	('Simakov2022BCnS_genefamily_11901', 'Simakov2022BCnS_genefamily_7442')	0.0		match_both_missing	True
4513	568567	Lagorchesteshirsutus-65632-GCA028533205.1	('Simakov2022BCnS_genefamily_11043', 'Simakov2022BCnS_genefamily_7872')	0.0		match_both_missing	True
4513	625423	Lagorchesteshirsutus-65632-GCA028533205.1	('Simakov2022BCnS_genefamily_7747', 'Simakov2022BCnS_genefamily_9166')	0.0		match_both_missing	True
4513	682280	Lagorchesteshirsutus-65632-GCA028533205.1	('Simakov2022BCnS_genefamily_12548', 'Simakov2022BCnS_genefamily_3287')	0.0		match_both_missing	True
4513	739137	Lagorchesteshirsutus-65632-GCA028533205.1	('Simakov2022BCnS_genefamily_1337', 'Simakov2022BCnS_genefamily_3482')	0.0		match_both_missing	True
4513	795994	Lagorchesteshirsutus-65632-GCA028533205.1	('Simakov2022BCnS_genefamily_10438', 'Simakov2022BCnS_genefamily_11602')	0.0		match_both_missing	True
4513	852850	Lagorchesteshirsutus-65632-GCA028533205.1	('Simakov2022BCnS_genefamily_10491', 'Simakov2022BCnS_genefamily_12830')	0.0		match_both_missing	True
4513	909707	Lagorchesteshirsutus-65632-GCA028533205.1	('Simakov2022BCnS_genefamily_10246', 'Simakov2022BCnS_genefamily_12960')	0.0		match_both_missing	True
4513	966564	Lagorchesteshirsutus-65632-GCA028533205.1	('Simakov2022BCnS_genefamily_2629', 'Simakov2022BCnS_genefamily_421')	0.0		match_both_missing	True
4513	1023420	Lagorchesteshirsutus-65632-GCA028533205.1	('Simakov2022BCnS_genefamily_6596', 'Simakov2022BCnS_genefamily_8677')	0.0		match_both_missing	True
4513	1080277	Lagorchesteshirsutus-65632-GCA028533205.1	('Simakov2022BCnS_genefamily_1880', 'Simakov2022BCnS_genefamily_5337')	0.0		match_both_missing	True
4513	1137134	Lagorchesteshirsutus-65632-GCA028533205.1	('Simakov2022BCnS_genefamily_11749', 'Simakov2022BCnS_genefamily_8559')	0.0		match_both_missing	True
4513	1193991	Lagorchesteshirsutus-65632-GCA028533205.1	('Simakov2022BCnS_genefamily_6846', 'Simakov2022BCnS_genefamily_8308')	0.0		match_both_missing	True
4513	1250847	Lagorchesteshirsutus-65632-GCA028533205.1	('Simakov2022BCnS_genefamily_12960', 'Simakov2022BCnS_genefamily_6118')	0.0		match_both_missing	True
4513	1307704	Lagorchesteshirsutus-65632-GCA028533205.1	('Simakov2022BCnS_genefamily_12390', 'Simakov2022BCnS_genefamily_5288')	0.0		match_both_missing	True
4513	1364561	Lagorchesteshirsutus-65632-GCA028533205.1	('Simakov2022BCnS_genefamily_11392', 'Simakov2022BCnS_genefamily_4537')	0.0		match_both_missing	True
4513	1421417	Lagorchesteshirsutus-65632-GCA028533205.1	('Simakov2022BCnS_genefamily_12166', 'Simakov2022BCnS_genefamily_3756')	0.0		match_both_missing	True
4513	1478274	Lagorchesteshirsutus-65632-GCA028533205.1	('Simakov2022BCnS_genefamily_1375', 'Simakov2022BCnS_genefamily_364')	339526209.0	339526209.0	match	True
4513	1535131	Lagorchesteshirsutus-65632-GCA028533205.1	('Simakov2022BCnS_genefamily_10846', 'Simakov2022BCnS_genefamily_1886')	0.0		match_both_missing	True
4513	1591988	Lagorchesteshirsutus-65632-GCA028533205.1	('Simakov2022BCnS_genefamily_6424', 'Simakov2022BCnS_genefamily_7051')	0.0		match_both_missing	True
4513	1648844	Lagorchesteshirsutus-65632-GCA028533205.1	('Simakov2022BCnS_genefamily_10640', 'Simakov2022BCnS_genefamily_11566')	0.0		match_both_missing	True
4513	1705701	Lagorchesteshirsutus-65632-GCA028533205.1	('Simakov2022BCnS_genefamily_1147', 'Simakov2022BCnS_genefamily_6516')	0.0		match_both_missing	True
4513	1762558	Lagorchesteshirsutus-65632-GCA028533205.1	('Simakov2022BCnS_genefamily_4672', 'Simakov2022BCnS_genefamily_6460')	0.0		match_both_missing	True
4513	1819414	Lagorchesteshirsutus-65632-GCA028533205.1	('Simakov2022BCnS_genefamily_12196', 'Simakov2022BCnS_genefamily_6391')	0.0		match_both_missing	True
4513	1876271	Lagorchesteshirsutus-65632-GCA028533205.1	('Simakov2022BCnS_genefamily_12417', 'Simakov2022BCnS_genefamily_3303')	0.0		match_both_missing	True
4513	1933128	Lagorchesteshirsutus-65632-GCA028533205.1	('Simakov2022BCnS_genefamily_1000', 'Simakov2022BCnS_genefamily_11359')	0.0		match_both_missing	True
4513	1989985	Lagorchesteshirsutus-65632-GCA028533205.1	('Simakov2022BCnS_genefamily_7708', 'Simakov2022BCnS_genefamily_8564')	0.0		match_both_missing	True
4513	2046841	Lagorchesteshirsutus-65632-GCA028533205.1	('Simakov2022BCnS_genefamily_2132', 'Simakov2022BCnS_genefamily_8050')	0.0		match_both_missing	True
4513	2103698	Lagorchesteshirsutus-65632-GCA028533205.1	('Simakov2022BCnS_genefamily_4395', 'Simakov2022BCnS_genefamily_8930')	0.0		match_both_missing	True
4513	2160555	Lagorchesteshirsutus-65632-GCA028533205.1	('Simakov2022BCnS_genefamily_7033', 'Simakov2022BCnS_genefamily_7620')	0.0		match_both_missing	True
4513	2217411	Lagorchesteshirsutus-65632-GCA028533205.1	('Simakov2022BCnS_genefamily_12360', 'Simakov2022BCnS_genefamily_3058')	0.0		match_both_missing	True
4513	2274268	Lagorchesteshirsutus-65632-GCA028533205.1	('Simakov2022BCnS_genefamily_132', 'Simakov2022BCnS_genefamily_4598')	0.0		match_both_missing	True
4513	2331125	Lagorchesteshirsutus-65632-GCA028533205.1	('Simakov2022BCnS_genefamily_12137', 'Simakov2022BCnS_genefamily_2209')	0.0		match_both_missing	True
4513	2387982	Lagorchesteshirsutus-65632-GCA028533205.1	('Simakov2022BCnS_genefamily_2917', 'Simakov2022BCnS_genefamily_883')	0.0		match_both_missing	True
4513	2444838	Lagorchesteshirsutus-65632-GCA028533205.1	('Simakov2022BCnS_genefamily_10131', 'Simakov2022BCnS_genefamily_7196')	48286668.0	48286668.0	match	True
4513	2501695	Lagorchesteshirsutus-65632-GCA028533205.1	('Simakov2022BCnS_genefamily_1598', 'Simakov2022BCnS_genefamily_3869')	149940528.0	149940528.0	match	True
4513	2558552	Lagorchesteshirsutus-65632-GCA028533205.1	('Simakov2022BCnS_genefamily_3592', 'Simakov2022BCnS_genefamily_999')	0.0		match_both_missing	True
4513	2615408	Lagorchesteshirsutus-65632-GCA028533205.1	('Simakov2022BCnS_genefamily_5675', 'Simakov2022BCnS_genefamily_8898')	0.0		match_both_missing	True
4513	2672265	Lagorchesteshirsutus-65632-GCA028533205.1	('Simakov2022BCnS_genefamily_10591', 'Simakov2022BCnS_genefamily_9321')	306240870.0	306240870.0	match	True
4513	2729122	Lagorchesteshirsutus-65632-GCA028533205.1	('Simakov2022BCnS_genefamily_1144', 'Simakov2022BCnS_genefamily_7833')	0.0		match_both_missing	True
4513	2785979	Lagorchesteshirsutus-65632-GCA028533205.1	('Simakov2022BCnS_genefamily_3533', 'Simakov2022BCnS_genefamily_5668')	0.0		match_both_missing	True
4632	0	Hippopotamusamphibius-575201-GCF030028045.1	('Simakov2022BCnS_genefamily_11671', 'Simakov2022BCnS_genefamily_8892')	28199067.0	28199067.0	match	True
4632	56856	Hippopotamusamphibius-575201-GCF030028045.1	('Simakov2022BCnS_genefamily_3414', 'Simakov2022BCnS_genefamily_8719')	0.0		match_both_missing	True
4632	113713	Hippopotamusamphibius-575201-GCF030028045.1	('Simakov2022BCnS_genefamily_1642', 'Simakov2022BCnS_genefamily_7254')	0.0		match_both_missing	True
4632	170570	Hippopotamusamphibius-575201-GCF030028045.1	('Simakov2022BCnS_genefamily_7106', 'Simakov2022BCnS_genefamily_8489')	0.0		match_both_missing	True
4632	227426	Hippopotamusamphibius-575201-GCF030028045.1	('Simakov2022BCnS_genefamily_7876', 'Simakov2022BCnS_genefamily_8983')	0.0		match_both_missing	True
4632	284283	Hippopotamusamphibius-575201-GCF030028045.1	('Simakov2022BCnS_genefamily_11878', 'Simakov2022BCnS_genefamily_1767')	0.0		match_both_missing	True
4632	341140	Hippopotamusamphibius-575201-GCF030028045.1	('Simakov2022BCnS_genefamily_456', 'Simakov2022BCnS_genefamily_7275')	0.0		match_both_missing	True
4632	397997	Hippopotamusamphibius-575201-GCF030028045.1	('Simakov2022BCnS_genefamily_177', 'Simakov2022BCnS_genefamily_6305')	0.0		match_both_missing	True
4632	454853	Hippopotamusamphibius-575201-GCF030028045.1	('Simakov2022BCnS_genefamily_11081', 'Simakov2022BCnS_genefamily_2267')	0.0		match_both_missing	True
4632	511710	Hippopotamusamphibius-575201-GCF030028045.1	('Simakov2022BCnS_genefamily_11901', 'Simakov2022BCnS_genefamily_7442')	0.0		match_both_missing	True
4632	568567	Hippopotamusamphibius-575201-GCF030028045.1	('Simakov2022BCnS_genefamily_11043', 'Simakov2022BCnS_genefamily_7872')	4742795.0	4742795.0	match	True
4632	625423	Hippopotamusamphibius-575201-GCF030028045.1	('Simakov2022BCnS_genefamily_7747', 'Simakov2022BCnS_genefamily_9166')	0.0		match_both_missing	True
4632	682280	Hippopotamusamphibius-575201-GCF030028045.1	('Simakov2022BCnS_genefamily_12548', 'Simakov2022BCnS_genefamily_3287')	0.0		match_both_missing	True
4632	739137	Hippopotamusamphibius-575201-GCF030028045.1	('Simakov2022BCnS_genefamily_1337', 'Simakov2022BCnS_genefamily_3482')	0.0		match_both_missing	True
4632	795994	Hippopotamusamphibius-575201-GCF030028045.1	('Simakov2022BCnS_genefamily_10438', 'Simakov2022BCnS_genefamily_11602')	0.0		match_both_missing	True
4632	852850	Hippopotamusamphibius-575201-GCF030028045.1	('Simakov2022BCnS_genefamily_10491', 'Simakov2022BCnS_genefamily_12830')	0.0		match_both_missing	True
4632	909707	Hippopotamusamphibius-575201-GCF030028045.1	('Simakov2022BCnS_genefamily_10246', 'Simakov2022BCnS_genefamily_12960')	0.0		match_both_missing	True
4632	966564	Hippopotamusamphibius-575201-GCF030028045.1	('Simakov2022BCnS_genefamily_2629', 'Simakov2022BCnS_genefamily_421')	0.0		match_both_missing	True
4632	1023420	Hippopotamusamphibius-575201-GCF030028045.1	('Simakov2022BCnS_genefamily_6596', 'Simakov2022BCnS_genefamily_8677')	0.0		match_both_missing	True
4632	1080277	Hippopotamusamphibius-575201-GCF030028045.1	('Simakov2022BCnS_genefamily_1880', 'Simakov2022BCnS_genefamily_5337')	0.0		match_both_missing	True
4632	1137134	Hippopotamusamphibius-575201-GCF030028045.1	('Simakov2022BCnS_genefamily_11749', 'Simakov2022BCnS_genefamily_8559')	0.0		match_both_missing	True
4632	1193991	Hippopotamusamphibius-575201-GCF030028045.1	('Simakov2022BCnS_genefamily_6846', 'Simakov2022BCnS_genefamily_8308')	0.0		match_both_missing	True
4632	1250847	Hippopotamusamphibius-575201-GCF030028045.1	('Simakov2022BCnS_genefamily_12960', 'Simakov2022BCnS_genefamily_6118')	47451833.0	47451833.0	match	True
4632	1307704	Hippopotamusamphibius-575201-GCF030028045.1	('Simakov2022BCnS_genefamily_12390', 'Simakov2022BCnS_genefamily_5288')	0.0		match_both_missing	True
4632	1364561	Hippopotamusamphibius-575201-GCF030028045.1	('Simakov2022BCnS_genefamily_11392', 'Simakov2022BCnS_genefamily_4537')	0.0		match_both_missing	True
4632	1421417	Hippopotamusamphibius-575201-GCF030028045.1	('Simakov2022BCnS_genefamily_12166', 'Simakov2022BCnS_genefamily_3756')	0.0		match_both_missing	True
4632	1478274	Hippopotamusamphibius-575201-GCF030028045.1	('Simakov2022BCnS_genefamily_1375', 'Simakov2022BCnS_genefamily_364')	0.0		match_both_missing	True
4632	1535131	Hippopotamusamphibius-575201-GCF030028045.1	('Simakov2022BCnS_genefamily_10846', 'Simakov2022BCnS_genefamily_1886')	0.0		match_both_missing	True
4632	1591988	Hippopotamusamphibius-575201-GCF030028045.1	('Simakov2022BCnS_genefamily_6424', 'Simakov2022BCnS_genefamily_7051')	0.0		match_both_missing	True
4632	1648844	Hippopotamusamphibius-575201-GCF030028045.1	('Simakov2022BCnS_genefamily_10640', 'Simakov2022BCnS_genefamily_11566')	0.0		match_both_missing	True
4632	1705701	Hippopotamusamphibius-575201-GCF030028045.1	('Simakov2022BCnS_genefamily_1147', 'Simakov2022BCnS_genefamily_6516')	0.0		match_both_missing	True
4632	1762558	Hippopotamusamphibius-575201-GCF030028045.1	('Simakov2022BCnS_genefamily_4672', 'Simakov2022BCnS_genefamily_6460')	0.0		match_both_missing	True
4632	1819414	Hippopotamusamphibius-575201-GCF030028045.1	('Simakov2022BCnS_genefamily_12196', 'Simakov2022BCnS_genefamily_6391')	0.0		match_both_missing	True
4632	1876271	Hippopotamusamphibius-575201-GCF030028045.1	('Simakov2022BCnS_genefamily_12417', 'Simakov2022BCnS_genefamily_3303')	0.0		match_both_missing	True
4632	1933128	Hippopotamusamphibius-575201-GCF030028045.1	('Simakov2022BCnS_genefamily_1000', 'Simakov2022BCnS_genefamily_11359')	0.0		match_both_missing	True
4632	1989985	Hippopotamusamphibius-575201-GCF030028045.1	('Simakov2022BCnS_genefamily_7708', 'Simakov2022BCnS_genefamily_8564')	0.0		match_both_missing	True
4632	2046841	Hippopotamusamphibius-575201-GCF030028045.1	('Simakov2022BCnS_genefamily_2132', 'Simakov2022BCnS_genefamily_8050')	0.0		match_both_missing	True
4632	2103698	Hippopotamusamphibius-575201-GCF030028045.1	('Simakov2022BCnS_genefamily_4395', 'Simakov2022BCnS_genefamily_8930')	0.0		match_both_missing	True
4632	2160555	Hippopotamusamphibius-575201-GCF030028045.1	('Simakov2022BCnS_genefamily_7033', 'Simakov2022BCnS_genefamily_7620')	0.0		match_both_missing	True
4632	2217411	Hippopotamusamphibius-575201-GCF030028045.1	('Simakov2022BCnS_genefamily_12360', 'Simakov2022BCnS_genefamily_3058')	0.0		match_both_missing	True
4632	2274268	Hippopotamusamphibius-575201-GCF030028045.1	('Simakov2022BCnS_genefamily_132', 'Simakov2022BCnS_genefamily_4598')	0.0		match_both_missing	True
4632	2331125	Hippopotamusamphibius-575201-GCF030028045.1	('Simakov2022BCnS_genefamily_12137', 'Simakov2022BCnS_genefamily_2209')	0.0		match_both_missing	True
4632	2387982	Hippopotamusamphibius-575201-GCF030028045.1	('Simakov2022BCnS_genefamily_2917', 'Simakov2022BCnS_genefamily_883')	0.0		match_both_missing	True
4632	2444838	Hippopotamusamphibius-575201-GCF030028045.1	('Simakov2022BCnS_genefamily_10131', 'Simakov2022BCnS_genefamily_7196')	0.0		match_both_missing	True
4632	2501695	Hippopotamusamphibius-575201-GCF030028045.1	('Simakov2022BCnS_genefamily_1598', 'Simakov2022BCnS_genefamily_3869')	0.0		match_both_missing	True
4632	2558552	Hippopotamusamphibius-575201-GCF030028045.1	('Simakov2022BCnS_genefamily_3592', 'Simakov2022BCnS_genefamily_999')	0.0		match_both_missing	True
4632	2615408	Hippopotamusamphibius-575201-GCF030028045.1	('Simakov2022BCnS_genefamily_5675', 'Simakov2022BCnS_genefamily_8898')	0.0		match_both_missing	True
4632	2672265	Hippopotamusamphibius-575201-GCF030028045.1	('Simakov2022BCnS_genefamily_10591', 'Simakov2022BCnS_genefamily_9321')	65587088.0	65587088.0	match	True
4632	2729122	Hippopotamusamphibius-575201-GCF030028045.1	('Simakov2022BCnS_genefamily_1144', 'Simakov2022BCnS_genefamily_7833')	0.0		match_both_missing	True
4632	2785979	Hippopotamusamphibius-575201-GCF030028045.1	('Simakov2022BCnS_genefamily_3533', 'Simakov2022BCnS_genefamily_5668')	0.0		match_both_missing	True
4751	0	Bostaurus-9913-GCF002263795.3	('Simakov2022BCnS_genefamily_11671', 'Simakov2022BCnS_genefamily_8892')	17317239.0	17317239.0	match	True
4751	56856	Bostaurus-9913-GCF002263795.3	('Simakov2022BCnS_genefamily_3414', 'Simakov2022BCnS_genefamily_8719')	0.0		match_both_missing	True
4751	113713	Bostaurus-9913-GCF002263795.3	('Simakov2022BCnS_genefamily_1642', 'Simakov2022BCnS_genefamily_7254')	0.0		match_both_missing	True
4751	170570	Bostaurus-9913-GCF002263795.3	('Simakov2022BCnS_genefamily_7106', 'Simakov2022BCnS_genefamily_8489')	0.0		match_both_missing	True
4751	227426	Bostaurus-9913-GCF002263795.3	('Simakov2022BCnS_genefamily_7876', 'Simakov2022BCnS_genefamily_8983')	0.0		match_both_missing	True
4751	284283	Bostaurus-9913-GCF002263795.3	('Simakov2022BCnS_genefamily_11878', 'Simakov2022BCnS_genefamily_1767')	0.0		match_both_missing	True
4751	341140	Bostaurus-9913-GCF002263795.3	('Simakov2022BCnS_genefamily_456', 'Simakov2022BCnS_genefamily_7275')	0.0		match_both_missing	True
4751	397997	Bostaurus-9913-GCF002263795.3	('Simakov2022BCnS_genefamily_177', 'Simakov2022BCnS_genefamily_6305')	0.0		match_both_missing	True
4751	454853	Bostaurus-9913-GCF002263795.3	('Simakov2022BCnS_genefamily_11081', 'Simakov2022BCnS_genefamily_2267')	0.0		match_both_missing	True
4751	511710	Bostaurus-9913-GCF002263795.3	('Simakov2022BCnS_genefamily_11901', 'Simakov2022BCnS_genefamily_7442')	0.0		match_both_missing	True
4751	568567	Bostaurus-9913-GCF002263795.3	('Simakov2022BCnS_genefamily_11043', 'Simakov2022BCnS_genefamily_7872')	11514018.0	11514018.0	match	True
4751	625423	Bostaurus-9913-GCF002263795.3	('Simakov2022BCnS_genefamily_7747', 'Simakov2022BCnS_genefamily_9166')	0.0		match_both_missing	True
4751	682280	Bostaurus-9913-GCF002263795.3	('Simakov2022BCnS_genefamily_12548', 'Simakov2022BCnS_genefamily_3287')	0.0		match_both_missing	True
4751	739137	Bostaurus-9913-GCF002263795.3	('Simakov2022BCnS_genefamily_1337', 'Simakov2022BCnS_genefamily_3482')	0.0		match_both_missing	True
4751	795994	Bostaurus-9913-GCF002263795.3	('Simakov2022BCnS_genefamily_10438', 'Simakov2022BCnS_genefamily_11602')	0.0		match_both_missing	True
4751	852850	Bostaurus-9913-GCF002263795.3	('Simakov2022BCnS_genefamily_10491', 'Simakov2022BCnS_genefamily_12830')	0.0		match_both_missing	True
4751	909707	Bostaurus-9913-GCF002263795.3	('Simakov2022BCnS_genefamily_10246', 'Simakov2022BCnS_genefamily_12960')	0.0		match_both_missing	True
4751	966564	Bostaurus-9913-GCF002263795.3	('Simakov2022BCnS_genefamily_2629', 'Simakov2022BCnS_genefamily_421')	0.0		match_both_missing	True
4751	1023420	Bostaurus-9913-GCF002263795.3	('Simakov2022BCnS_genefamily_6596', 'Simakov2022BCnS_genefamily_8677')	0.0		match_both_missing	True
4751	1080277	Bostaurus-9913-GCF002263795.3	('Simakov2022BCnS_genefamily_1880', 'Simakov2022BCnS_genefamily_5337')	0.0		match_both_missing	True
4751	1137134	Bostaurus-9913-GCF002263795.3	('Simakov2022BCnS_genefamily_11749', 'Simakov2022BCnS_genefamily_8559')	0.0		match_both_missing	True
4751	1193991	Bostaurus-9913-GCF002263795.3	('Simakov2022BCnS_genefamily_6846', 'Simakov2022BCnS_genefamily_8308')	0.0		match_both_missing	True
4751	1250847	Bostaurus-9913-GCF002263795.3	('Simakov2022BCnS_genefamily_12960', 'Simakov2022BCnS_genefamily_6118')	0.0		match_both_missing	True
4751	1307704	Bostaurus-9913-GCF002263795.3	('Simakov2022BCnS_genefamily_12390', 'Simakov2022BCnS_genefamily_5288')	0.0		match_both_missing	True
4751	1364561	Bostaurus-9913-GCF002263795.3	('Simakov2022BCnS_genefamily_11392', 'Simakov2022BCnS_genefamily_4537')	0.0		match_both_missing	True
4751	1421417	Bostaurus-9913-GCF002263795.3	('Simakov2022BCnS_genefamily_12166', 'Simakov2022BCnS_genefamily_3756')	0.0		match_both_missing	True
4751	1478274	Bostaurus-9913-GCF002263795.3	('Simakov2022BCnS_genefamily_1375', 'Simakov2022BCnS_genefamily_364')	0.0		match_both_missing	True
4751	1535131	Bostaurus-9913-GCF002263795.3	('Simakov2022BCnS_genefamily_10846', 'Simakov2022BCnS_genefamily_1886')	0.0		match_both_missing	True
4751	1591988	Bostaurus-9913-GCF002263795.3	('Simakov2022BCnS_genefamily_6424', 'Simakov2022BCnS_genefamily_7051')	0.0		match_both_missing	True
4751	1648844	Bostaurus-9913-GCF002263795.3	('Simakov2022BCnS_genefamily_10640', 'Simakov2022BCnS_genefamily_11566')	0.0		match_both_missing	True
4751	1705701	Bostaurus-9913-GCF002263795.3	('Simakov2022BCnS_genefamily_1147', 'Simakov2022BCnS_genefamily_6516')	0.0		match_both_missing	True
4751	1762558	Bostaurus-9913-GCF002263795.3	('Simakov2022BCnS_genefamily_4672', 'Simakov2022BCnS_genefamily_6460')	0.0		match_both_missing	True
4751	1819414	Bostaurus-9913-GCF002263795.3	('Simakov2022BCnS_genefamily_12196', 'Simakov2022BCnS_genefamily_6391')	0.0		match_both_missing	True
4751	1876271	Bostaurus-9913-GCF002263795.3	('Simakov2022BCnS_genefamily_12417', 'Simakov2022BCnS_genefamily_3303')	0.0		match_both_missing	True
4751	1933128	Bostaurus-9913-GCF002263795.3	('Simakov2022BCnS_genefamily_1000', 'Simakov2022BCnS_genefamily_11359')	73010828.0	73010828.0	match	True
4751	1989985	Bostaurus-9913-GCF002263795.3	('Simakov2022BCnS_genefamily_7708', 'Simakov2022BCnS_genefamily_8564')	0.0		match_both_missing	True
4751	2046841	Bostaurus-9913-GCF002263795.3	('Simakov2022BCnS_genefamily_2132', 'Simakov2022BCnS_genefamily_8050')	0.0		match_both_missing	True
4751	2103698	Bostaurus-9913-GCF002263795.3	('Simakov2022BCnS_genefamily_4395', 'Simakov2022BCnS_genefamily_8930')	0.0		match_both_missing	True
4751	2160555	Bostaurus-9913-GCF002263795.3	('Simakov2022BCnS_genefamily_7033', 'Simakov2022BCnS_genefamily_7620')	0.0		match_both_missing	True
4751	2217411	Bostaurus-9913-GCF002263795.3	('Simakov2022BCnS_genefamily_12360', 'Simakov2022BCnS_genefamily_3058')	0.0		match_both_missing	True
4751	2274268	Bostaurus-9913-GCF002263795.3	('Simakov2022BCnS_genefamily_132', 'Simakov2022BCnS_genefamily_4598')	0.0		match_both_missing	True
4751	2331125	Bostaurus-9913-GCF002263795.3	('Simakov2022BCnS_genefamily_12137', 'Simakov2022BCnS_genefamily_2209')	0.0		match_both_missing	True
4751	2387982	Bostaurus-9913-GCF002263795.3	('Simakov2022BCnS_genefamily_2917', 'Simakov2022BCnS_genefamily_883')	0.0		match_both_missing	True
4751	2444838	Bostaurus-9913-GCF002263795.3	('Simakov2022BCnS_genefamily_10131', 'Simakov2022BCnS_genefamily_7196')	0.0		match_both_missing	True
4751	2501695	Bostaurus-9913-GCF002263795.3	('Simakov2022BCnS_genefamily_1598', 'Simakov2022BCnS_genefamily_3869')	0.0		match_both_missing	True
4751	2558552	Bostaurus-9913-GCF002263795.3	('Simakov2022BCnS_genefamily_3592', 'Simakov2022BCnS_genefamily_999')	0.0		match_both_missing	True
4751	2615408	Bostaurus-9913-GCF002263795.3	('Simakov2022BCnS_genefamily_5675', 'Simakov2022BCnS_genefamily_8898')	0.0		match_both_missing	True
4751	2672265	Bostaurus-9913-GCF002263795.3	('Simakov2022BCnS_genefamily_10591', 'Simakov2022BCnS_genefamily_9321')	0.0		match_both_missing	True
4751	2729122	Bostaurus-9913-GCF002263795.3	('Simakov2022BCnS_genefamily_1144', 'Simakov2022BCnS_genefamily_7833')	0.0		match_both_missing	True
4751	2785979	Bostaurus-9913-GCF002263795.3	('Simakov2022BCnS_genefamily_3533', 'Simakov2022BCnS_genefamily_5668')	0.0		match_both_missing	True
4869	0	Ovisaries-9940-GCA050916685.1	('Simakov2022BCnS_genefamily_11671', 'Simakov2022BCnS_genefamily_8892')	0.0		match_both_missing	True
4869	56856	Ovisaries-9940-GCA050916685.1	('Simakov2022BCnS_genefamily_3414', 'Simakov2022BCnS_genefamily_8719')	0.0		match_both_missing	True
4869	113713	Ovisaries-9940-GCA050916685.1	('Simakov2022BCnS_genefamily_1642', 'Simakov2022BCnS_genefamily_7254')	0.0		match_both_missing	True
4869	170570	Ovisaries-9940-GCA050916685.1	('Simakov2022BCnS_genefamily_7106', 'Simakov2022BCnS_genefamily_8489')	0.0		match_both_missing	True
4869	227426	Ovisaries-9940-GCA050916685.1	('Simakov2022BCnS_genefamily_7876', 'Simakov2022BCnS_genefamily_8983')	0.0		match_both_missing	True
4869	284283	Ovisaries-9940-GCA050916685.1	('Simakov2022BCnS_genefamily_11878', 'Simakov2022BCnS_genefamily_1767')	0.0		match_both_missing	True
4869	341140	Ovisaries-9940-GCA050916685.1	('Simakov2022BCnS_genefamily_456', 'Simakov2022BCnS_genefamily_7275')	0.0		match_both_missing	True
4869	397997	Ovisaries-9940-GCA050916685.1	('Simakov2022BCnS_genefamily_177', 'Simakov2022BCnS_genefamily_6305')	0.0		match_both_missing	True
4869	454853	Ovisaries-9940-GCA050916685.1	('Simakov2022BCnS_genefamily_11081', 'Simakov2022BCnS_genefamily_2267')	0.0		match_both_missing	True
4869	511710	Ovisaries-9940-GCA050916685.1	('Simakov2022BCnS_genefamily_11901', 'Simakov2022BCnS_genefamily_7442')	0.0		match_both_missing	True
4869	568567	Ovisaries-9940-GCA050916685.1	('Simakov2022BCnS_genefamily_11043', 'Simakov2022BCnS_genefamily_7872')	0.0		match_both_missing	True
4869	625423	Ovisaries-9940-GCA050916685.1	('Simakov2022BCnS_genefamily_7747', 'Simakov2022BCnS_genefamily_9166')	0.0		match_both_missing	True
4869	682280	Ovisaries-9940-GCA050916685.1	('Simakov2022BCnS_genefamily_12548', 'Simakov2022BCnS_genefamily_3287')	0.0		match_both_missing	True
4869	739137	Ovisaries-9940-GCA050916685.1	('Simakov2022BCnS_genefamily_1337', 'Simakov2022BCnS_genefamily_3482')	0.0		match_both_missing	True
4869	795994	Ovisaries-9940-GCA050916685.1	('Simakov2022BCnS_genefamily_10438', 'Simakov2022BCnS_genefamily_11602')	0.0		match_both_missing	True
4869	852850	Ovisaries-9940-GCA050916685.1	('Simakov2022BCnS_genefamily_10491', 'Simakov2022BCnS_genefamily_12830')	0.0		match_both_missing	True
4869	909707	Ovisaries-9940-GCA050916685.1	('Simakov2022BCnS_genefamily_10246', 'Simakov2022BCnS_genefamily_12960')	0.0		match_both_missing	True
4869	966564	Ovisaries-9940-GCA050916685.1	('Simakov2022BCnS_genefamily_2629', 'Simakov2022BCnS_genefamily_421')	0.0		match_both_missing	True
4869	1023420	Ovisaries-9940-GCA050916685.1	('Simakov2022BCnS_genefamily_6596', 'Simakov2022BCnS_genefamily_8677')	0.0		match_both_missing	True
4869	1080277	Ovisaries-9940-GCA050916685.1	('Simakov2022BCnS_genefamily_1880', 'Simakov2022BCnS_genefamily_5337')	0.0		match_both_missing	True
4869	1137134	Ovisaries-9940-GCA050916685.1	('Simakov2022BCnS_genefamily_11749', 'Simakov2022BCnS_genefamily_8559')	0.0		match_both_missing	True
4869	1193991	Ovisaries-9940-GCA050916685.1	('Simakov2022BCnS_genefamily_6846', 'Simakov2022BCnS_genefamily_8308')	0.0		match_both_missing	True
4869	1250847	Ovisaries-9940-GCA050916685.1	('Simakov2022BCnS_genefamily_12960', 'Simakov2022BCnS_genefamily_6118')	0.0		match_both_missing	True
4869	1307704	Ovisaries-9940-GCA050916685.1	('Simakov2022BCnS_genefamily_12390', 'Simakov2022BCnS_genefamily_5288')	0.0		match_both_missing	True
4869	1364561	Ovisaries-9940-GCA050916685.1	('Simakov2022BCnS_genefamily_11392', 'Simakov2022BCnS_genefamily_4537')	0.0		match_both_missing	True
4869	1421417	Ovisaries-9940-GCA050916685.1	('Simakov2022BCnS_genefamily_12166', 'Simakov2022BCnS_genefamily_3756')	0.0		match_both_missing	True
4869	1478274	Ovisaries-9940-GCA050916685.1	('Simakov2022BCnS_genefamily_1375', 'Simakov2022BCnS_genefamily_364')	0.0		match_both_missing	True
4869	1535131	Ovisaries-9940-GCA050916685.1	('Simakov2022BCnS_genefamily_10846', 'Simakov2022BCnS_genefamily_1886')	0.0		match_both_missing	True
4869	1591988	Ovisaries-9940-GCA050916685.1	('Simakov2022BCnS_genefamily_6424', 'Simakov2022BCnS_genefamily_7051')	0.0		match_both_missing	True
4869	1648844	Ovisaries-9940-GCA050916685.1	('Simakov2022BCnS_genefamily_10640', 'Simakov2022BCnS_genefamily_11566')	0.0		match_both_missing	True
4869	1705701	Ovisaries-9940-GCA050916685.1	('Simakov2022BCnS_genefamily_1147', 'Simakov2022BCnS_genefamily_6516')	0.0		match_both_missing	True
4869	1762558	Ovisaries-9940-GCA050916685.1	('Simakov2022BCnS_genefamily_4672', 'Simakov2022BCnS_genefamily_6460')	0.0		match_both_missing	True
4869	1819414	Ovisaries-9940-GCA050916685.1	('Simakov2022BCnS_genefamily_12196', 'Simakov2022BCnS_genefamily_6391')	0.0		match_both_missing	True
4869	1876271	Ovisaries-9940-GCA050916685.1	('Simakov2022BCnS_genefamily_12417', 'Simakov2022BCnS_genefamily_3303')	0.0		match_both_missing	True
4869	1933128	Ovisaries-9940-GCA050916685.1	('Simakov2022BCnS_genefamily_1000', 'Simakov2022BCnS_genefamily_11359')	0.0		match_both_missing	True
4869	1989985	Ovisaries-9940-GCA050916685.1	('Simakov2022BCnS_genefamily_7708', 'Simakov2022BCnS_genefamily_8564')	0.0		match_both_missing	True
4869	2046841	Ovisaries-9940-GCA050916685.1	('Simakov2022BCnS_genefamily_2132', 'Simakov2022BCnS_genefamily_8050')	0.0		match_both_missing	True
4869	2103698	Ovisaries-9940-GCA050916685.1	('Simakov2022BCnS_genefamily_4395', 'Simakov2022BCnS_genefamily_8930')	0.0		match_both_missing	True
4869	2160555	Ovisaries-9940-GCA050916685.1	('Simakov2022BCnS_genefamily_7033', 'Simakov2022BCnS_genefamily_7620')	0.0		match_both_missing	True
4869	2217411	Ovisaries-9940-GCA050916685.1	('Simakov2022BCnS_genefamily_12360', 'Simakov2022BCnS_genefamily_3058')	0.0		match_both_missing	True
4869	2274268	Ovisaries-9940-GCA050916685.1	('Simakov2022BCnS_genefamily_132', 'Simakov2022BCnS_genefamily_4598')	0.0		match_both_missing	True
4869	2331125	Ovisaries-9940-GCA050916685.1	('Simakov2022BCnS_genefamily_12137', 'Simakov2022BCnS_genefamily_2209')	0.0		match_both_missing	True
4869	2387982	Ovisaries-9940-GCA050916685.1	('Simakov2022BCnS_genefamily_2917', 'Simakov2022BCnS_genefamily_883')	0.0		match_both_missing	True
4869	2444838	Ovisaries-9940-GCA050916685.1	('Simakov2022BCnS_genefamily_10131', 'Simakov2022BCnS_genefamily_7196')	0.0		match_both_missing	True
4869	2501695	Ovisaries-9940-GCA050916685.1	('Simakov2022BCnS_genefamily_1598', 'Simakov2022BCnS_genefamily_3869')	0.0		match_both_missing	True
4869	2558552	Ovisaries-9940-GCA050916685.1	('Simakov2022BCnS_genefamily_3592', 'Simakov2022BCnS_genefamily_999')	0.0		match_both_missing	True
4869	2615408	Ovisaries-9940-GCA050916685.1	('Simakov2022BCnS_genefamily_5675', 'Simakov2022BCnS_genefamily_8898')	0.0		match_both_missing	True
4869	2672265	Ovisaries-9940-GCA050916685.1	('Simakov2022BCnS_genefamily_10591', 'Simakov2022BCnS_genefamily_9321')	0.0		match_both_missing	True
4869	2729122	Ovisaries-9940-GCA050916685.1	('Simakov2022BCnS_genefamily_1144', 'Simakov2022BCnS_genefamily_7833')	0.0		match_both_missing	True
4869	2785979	Ovisaries-9940-GCA050916685.1	('Simakov2022BCnS_genefamily_3533', 'Simakov2022BCnS_genefamily_5668')	0.0		match_both_missing	True
4988	0	Acomysrussatus-60746-GCF903995435.1	('Simakov2022BCnS_genefamily_11671', 'Simakov2022BCnS_genefamily_8892')	0.0		match_both_missing	True
4988	56856	Acomysrussatus-60746-GCF903995435.1	('Simakov2022BCnS_genefamily_3414', 'Simakov2022BCnS_genefamily_8719')	0.0		match_both_missing	True
4988	113713	Acomysrussatus-60746-GCF903995435.1	('Simakov2022BCnS_genefamily_1642', 'Simakov2022BCnS_genefamily_7254')	0.0		match_both_missing	True
4988	170570	Acomysrussatus-60746-GCF903995435.1	('Simakov2022BCnS_genefamily_7106', 'Simakov2022BCnS_genefamily_8489')	0.0		match_both_missing	True
4988	227426	Acomysrussatus-60746-GCF903995435.1	('Simakov2022BCnS_genefamily_7876', 'Simakov2022BCnS_genefamily_8983')	0.0		match_both_missing	True
4988	284283	Acomysrussatus-60746-GCF903995435.1	('Simakov2022BCnS_genefamily_11878', 'Simakov2022BCnS_genefamily_1767')	0.0		match_both_missing	True
4988	341140	Acomysrussatus-60746-GCF903995435.1	('Simakov2022BCnS_genefamily_456', 'Simakov2022BCnS_genefamily_7275')	0.0		match_both_missing	True
4988	397997	Acomysrussatus-60746-GCF903995435.1	('Simakov2022BCnS_genefamily_177', 'Simakov2022BCnS_genefamily_6305')	0.0		match_both_missing	True
4988	454853	Acomysrussatus-60746-GCF903995435.1	('Simakov2022BCnS_genefamily_11081', 'Simakov2022BCnS_genefamily_2267')	0.0		match_both_missing	True
4988	511710	Acomysrussatus-60746-GCF903995435.1	('Simakov2022BCnS_genefamily_11901', 'Simakov2022BCnS_genefamily_7442')	0.0		match_both_missing	True
4988	568567	Acomysrussatus-60746-GCF903995435.1	('Simakov2022BCnS_genefamily_11043', 'Simakov2022BCnS_genefamily_7872')	15886682.0	15886682.0	match	True
4988	625423	Acomysrussatus-60746-GCF903995435.1	('Simakov2022BCnS_genefamily_7747', 'Simakov2022BCnS_genefamily_9166')	0.0		match_both_missing	True
4988	682280	Acomysrussatus-60746-GCF903995435.1	('Simakov2022BCnS_genefamily_12548', 'Simakov2022BCnS_genefamily_3287')	0.0		match_both_missing	True
4988	739137	Acomysrussatus-60746-GCF903995435.1	('Simakov2022BCnS_genefamily_1337', 'Simakov2022BCnS_genefamily_3482')	0.0		match_both_missing	True
4988	795994	Acomysrussatus-60746-GCF903995435.1	('Simakov2022BCnS_genefamily_10438', 'Simakov2022BCnS_genefamily_11602')	0.0		match_both_missing	True
4988	852850	Acomysrussatus-60746-GCF903995435.1	('Simakov2022BCnS_genefamily_10491', 'Simakov2022BCnS_genefamily_12830')	0.0		match_both_missing	True
4988	909707	Acomysrussatus-60746-GCF903995435.1	('Simakov2022BCnS_genefamily_10246', 'Simakov2022BCnS_genefamily_12960')	0.0		match_both_missing	True
4988	966564	Acomysrussatus-60746-GCF903995435.1	('Simakov2022BCnS_genefamily_2629', 'Simakov2022BCnS_genefamily_421')	0.0		match_both_missing	True
4988	1023420	Acomysrussatus-60746-GCF903995435.1	('Simakov2022BCnS_genefamily_6596', 'Simakov2022BCnS_genefamily_8677')	0.0		match_both_missing	True
4988	1080277	Acomysrussatus-60746-GCF903995435.1	('Simakov2022BCnS_genefamily_1880', 'Simakov2022BCnS_genefamily_5337')	0.0		match_both_missing	True
4988	1137134	Acomysrussatus-60746-GCF903995435.1	('Simakov2022BCnS_genefamily_11749', 'Simakov2022BCnS_genefamily_8559')	0.0		match_both_missing	True
4988	1193991	Acomysrussatus-60746-GCF903995435.1	('Simakov2022BCnS_genefamily_6846', 'Simakov2022BCnS_genefamily_8308')	0.0		match_both_missing	True
4988	1250847	Acomysrussatus-60746-GCF903995435.1	('Simakov2022BCnS_genefamily_12960', 'Simakov2022BCnS_genefamily_6118')	0.0		match_both_missing	True
4988	1307704	Acomysrussatus-60746-GCF903995435.1	('Simakov2022BCnS_genefamily_12390', 'Simakov2022BCnS_genefamily_5288')	0.0		match_both_missing	True
4988	1364561	Acomysrussatus-60746-GCF903995435.1	('Simakov2022BCnS_genefamily_11392', 'Simakov2022BCnS_genefamily_4537')	0.0		match_both_missing	True
4988	1421417	Acomysrussatus-60746-GCF903995435.1	('Simakov2022BCnS_genefamily_12166', 'Simakov2022BCnS_genefamily_3756')	0.0		match_both_missing	True
4988	1478274	Acomysrussatus-60746-GCF903995435.1	('Simakov2022BCnS_genefamily_1375', 'Simakov2022BCnS_genefamily_364')	0.0		match_both_missing	True
4988	1535131	Acomysrussatus-60746-GCF903995435.1	('Simakov2022BCnS_genefamily_10846', 'Simakov2022BCnS_genefamily_1886')	0.0		match_both_missing	True
4988	1591988	Acomysrussatus-60746-GCF903995435.1	('Simakov2022BCnS_genefamily_6424', 'Simakov2022BCnS_genefamily_7051')	0.0		match_both_missing	True
4988	1648844	Acomysrussatus-60746-GCF903995435.1	('Simakov2022BCnS_genefamily_10640', 'Simakov2022BCnS_genefamily_11566')	0.0		match_both_missing	True
4988	1705701	Acomysrussatus-60746-GCF903995435.1	('Simakov2022BCnS_genefamily_1147', 'Simakov2022BCnS_genefamily_6516')	0.0		match_both_missing	True
4988	1762558	Acomysrussatus-60746-GCF903995435.1	('Simakov2022BCnS_genefamily_4672', 'Simakov2022BCnS_genefamily_6460')	0.0		match_both_missing	True
4988	1819414	Acomysrussatus-60746-GCF903995435.1	('Simakov2022BCnS_genefamily_12196', 'Simakov2022BCnS_genefamily_6391')	0.0		match_both_missing	True
4988	1876271	Acomysrussatus-60746-GCF903995435.1	('Simakov2022BCnS_genefamily_12417', 'Simakov2022BCnS_genefamily_3303')	0.0		match_both_missing	True
4988	1933128	Acomysrussatus-60746-GCF903995435.1	('Simakov2022BCnS_genefamily_1000', 'Simakov2022BCnS_genefamily_11359')	57595378.0	57595378.0	match	True
4988	1989985	Acomysrussatus-60746-GCF903995435.1	('Simakov2022BCnS_genefamily_7708', 'Simakov2022BCnS_genefamily_8564')	0.0		match_both_missing	True
4988	2046841	Acomysrussatus-60746-GCF903995435.1	('Simakov2022BCnS_genefamily_2132', 'Simakov2022BCnS_genefamily_8050')	0.0		match_both_missing	True
4988	2103698	Acomysrussatus-60746-GCF903995435.1	('Simakov2022BCnS_genefamily_4395', 'Simakov2022BCnS_genefamily_8930')	0.0		match_both_missing	True
4988	2160555	Acomysrussatus-60746-GCF903995435.1	('Simakov2022BCnS_genefamily_7033', 'Simakov2022BCnS_genefamily_7620')	0.0		match_both_missing	True
4988	2217411	Acomysrussatus-60746-GCF903995435.1	('Simakov2022BCnS_genefamily_12360', 'Simakov2022BCnS_genefamily_3058')	0.0		match_both_missing	True
4988	2274268	Acomysrussatus-60746-GCF903995435.1	('Simakov2022BCnS_genefamily_132', 'Simakov2022BCnS_genefamily_4598')	0.0		match_both_missing	True
4988	2331125	Acomysrussatus-60746-GCF903995435.1	('Simakov2022BCnS_genefamily_12137', 'Simakov2022BCnS_genefamily_2209')	0.0		match_both_missing	True
4988	2387982	Acomysrussatus-60746-GCF903995435.1	('Simakov2022BCnS_genefamily_2917', 'Simakov2022BCnS_genefamily_883')	0.0		match_both_missing	True
4988	2444838	Acomysrussatus-60746-GCF903995435.1	('Simakov2022BCnS_genefamily_10131', 'Simakov2022BCnS_genefamily_7196')	0.0		match_both_missing	True
4988	2501695	Acomysrussatus-60746-GCF903995435.1	('Simakov2022BCnS_genefamily_1598', 'Simakov2022BCnS_genefamily_3869')	0.0		match_both_missing	True
4988	2558552	Acomysrussatus-60746-GCF903995435.1	('Simakov2022BCnS_genefamily_3592', 'Simakov2022BCnS_genefamily_999')	0.0		match_both_missing	True
4988	2615408	Acomysrussatus-60746-GCF903995435.1	('Simakov2022BCnS_genefamily_5675', 'Simakov2022BCnS_genefamily_8898')	0.0		match_both_missing	True
4988	2672265	Acomysrussatus-60746-GCF903995435.1	('Simakov2022BCnS_genefamily_10591', 'Simakov2022BCnS_genefamily_9321')	0.0		match_both_missing	True
4988	2729122	Acomysrussatus-60746-GCF903995435.1	('Simakov2022BCnS_genefamily_1144', 'Simakov2022BCnS_genefamily_7833')	0.0		match_both_missing	True
4988	2785979	Acomysrussatus-60746-GCF903995435.1	('Simakov2022BCnS_genefamily_3533', 'Simakov2022BCnS_genefamily_5668')	0.0		match_both_missing	True
5107	0	Microcebusmurinus-30608-GCA040939475.2	('Simakov2022BCnS_genefamily_11671', 'Simakov2022BCnS_genefamily_8892')	0.0		match_both_missing	True
5107	56856	Microcebusmurinus-30608-GCA040939475.2	('Simakov2022BCnS_genefamily_3414', 'Simakov2022BCnS_genefamily_8719')	0.0		match_both_missing	True
5107	113713	Microcebusmurinus-30608-GCA040939475.2	('Simakov2022BCnS_genefamily_1642', 'Simakov2022BCnS_genefamily_7254')	0.0		match_both_missing	True
5107	170570	Microcebusmurinus-30608-GCA040939475.2	('Simakov2022BCnS_genefamily_7106', 'Simakov2022BCnS_genefamily_8489')	0.0		match_both_missing	True
5107	227426	Microcebusmurinus-30608-GCA040939475.2	('Simakov2022BCnS_genefamily_7876', 'Simakov2022BCnS_genefamily_8983')	0.0		match_both_missing	True
5107	284283	Microcebusmurinus-30608-GCA040939475.2	('Simakov2022BCnS_genefamily_11878', 'Simakov2022BCnS_genefamily_1767')	0.0		match_both_missing	True
5107	341140	Microcebusmurinus-30608-GCA040939475.2	('Simakov2022BCnS_genefamily_456', 'Simakov2022BCnS_genefamily_7275')	0.0		match_both_missing	True
5107	397997	Microcebusmurinus-30608-GCA040939475.2	('Simakov2022BCnS_genefamily_177', 'Simakov2022BCnS_genefamily_6305')	0.0		match_both_missing	True
5107	454853	Microcebusmurinus-30608-GCA040939475.2	('Simakov2022BCnS_genefamily_11081', 'Simakov2022BCnS_genefamily_2267')	0.0		match_both_missing	True
5107	511710	Microcebusmurinus-30608-GCA040939475.2	('Simakov2022BCnS_genefamily_11901', 'Simakov2022BCnS_genefamily_7442')	0.0		match_both_missing	True
5107	568567	Microcebusmurinus-30608-GCA040939475.2	('Simakov2022BCnS_genefamily_11043', 'Simakov2022BCnS_genefamily_7872')	0.0		match_both_missing	True
5107	625423	Microcebusmurinus-30608-GCA040939475.2	('Simakov2022BCnS_genefamily_7747', 'Simakov2022BCnS_genefamily_9166')	0.0		match_both_missing	True
5107	682280	Microcebusmurinus-30608-GCA040939475.2	('Simakov2022BCnS_genefamily_12548', 'Simakov2022BCnS_genefamily_3287')	0.0		match_both_missing	True
5107	739137	Microcebusmurinus-30608-GCA040939475.2	('Simakov2022BCnS_genefamily_1337', 'Simakov2022BCnS_genefamily_3482')	0.0		match_both_missing	True
5107	795994	Microcebusmurinus-30608-GCA040939475.2	('Simakov2022BCnS_genefamily_10438', 'Simakov2022BCnS_genefamily_11602')	0.0		match_both_missing	True
5107	852850	Microcebusmurinus-30608-GCA040939475.2	('Simakov2022BCnS_genefamily_10491', 'Simakov2022BCnS_genefamily_12830')	0.0		match_both_missing	True
5107	909707	Microcebusmurinus-30608-GCA040939475.2	('Simakov2022BCnS_genefamily_10246', 'Simakov2022BCnS_genefamily_12960')	0.0		match_both_missing	True
5107	966564	Microcebusmurinus-30608-GCA040939475.2	('Simakov2022BCnS_genefamily_2629', 'Simakov2022BCnS_genefamily_421')	0.0		match_both_missing	True
5107	1023420	Microcebusmurinus-30608-GCA040939475.2	('Simakov2022BCnS_genefamily_6596', 'Simakov2022BCnS_genefamily_8677')	0.0		match_both_missing	True
5107	1080277	Microcebusmurinus-30608-GCA040939475.2	('Simakov2022BCnS_genefamily_1880', 'Simakov2022BCnS_genefamily_5337')	0.0		match_both_missing	True
5107	1137134	Microcebusmurinus-30608-GCA040939475.2	('Simakov2022BCnS_genefamily_11749', 'Simakov2022BCnS_genefamily_8559')	0.0		match_both_missing	True
5107	1193991	Microcebusmurinus-30608-GCA040939475.2	('Simakov2022BCnS_genefamily_6846', 'Simakov2022BCnS_genefamily_8308')	0.0		match_both_missing	True
5107	1250847	Microcebusmurinus-30608-GCA040939475.2	('Simakov2022BCnS_genefamily_12960', 'Simakov2022BCnS_genefamily_6118')	0.0		match_both_missing	True
5107	1307704	Microcebusmurinus-30608-GCA040939475.2	('Simakov2022BCnS_genefamily_12390', 'Simakov2022BCnS_genefamily_5288')	0.0		match_both_missing	True
5107	1364561	Microcebusmurinus-30608-GCA040939475.2	('Simakov2022BCnS_genefamily_11392', 'Simakov2022BCnS_genefamily_4537')	0.0		match_both_missing	True
5107	1421417	Microcebusmurinus-30608-GCA040939475.2	('Simakov2022BCnS_genefamily_12166', 'Simakov2022BCnS_genefamily_3756')	0.0		match_both_missing	True
5107	1478274	Microcebusmurinus-30608-GCA040939475.2	('Simakov2022BCnS_genefamily_1375', 'Simakov2022BCnS_genefamily_364')	0.0		match_both_missing	True
5107	1535131	Microcebusmurinus-30608-GCA040939475.2	('Simakov2022BCnS_genefamily_10846', 'Simakov2022BCnS_genefamily_1886')	0.0		match_both_missing	True
5107	1591988	Microcebusmurinus-30608-GCA040939475.2	('Simakov2022BCnS_genefamily_6424', 'Simakov2022BCnS_genefamily_7051')	0.0		match_both_missing	True
5107	1648844	Microcebusmurinus-30608-GCA040939475.2	('Simakov2022BCnS_genefamily_10640', 'Simakov2022BCnS_genefamily_11566')	0.0		match_both_missing	True
5107	1705701	Microcebusmurinus-30608-GCA040939475.2	('Simakov2022BCnS_genefamily_1147', 'Simakov2022BCnS_genefamily_6516')	0.0		match_both_missing	True
5107	1762558	Microcebusmurinus-30608-GCA040939475.2	('Simakov2022BCnS_genefamily_4672', 'Simakov2022BCnS_genefamily_6460')	0.0		match_both_missing	True
5107	1819414	Microcebusmurinus-30608-GCA040939475.2	('Simakov2022BCnS_genefamily_12196', 'Simakov2022BCnS_genefamily_6391')	0.0		match_both_missing	True
5107	1876271	Microcebusmurinus-30608-GCA040939475.2	('Simakov2022BCnS_genefamily_12417', 'Simakov2022BCnS_genefamily_3303')	0.0		match_both_missing	True
5107	1933128	Microcebusmurinus-30608-GCA040939475.2	('Simakov2022BCnS_genefamily_1000', 'Simakov2022BCnS_genefamily_11359')	0.0		match_both_missing	True
5107	1989985	Microcebusmurinus-30608-GCA040939475.2	('Simakov2022BCnS_genefamily_7708', 'Simakov2022BCnS_genefamily_8564')	0.0		match_both_missing	True
5107	2046841	Microcebusmurinus-30608-GCA040939475.2	('Simakov2022BCnS_genefamily_2132', 'Simakov2022BCnS_genefamily_8050')	0.0		match_both_missing	True
5107	2103698	Microcebusmurinus-30608-GCA040939475.2	('Simakov2022BCnS_genefamily_4395', 'Simakov2022BCnS_genefamily_8930')	0.0		match_both_missing	True
5107	2160555	Microcebusmurinus-30608-GCA040939475.2	('Simakov2022BCnS_genefamily_7033', 'Simakov2022BCnS_genefamily_7620')	0.0		match_both_missing	True
5107	2217411	Microcebusmurinus-30608-GCA040939475.2	('Simakov2022BCnS_genefamily_12360', 'Simakov2022BCnS_genefamily_3058')	0.0		match_both_missing	True
5107	2274268	Microcebusmurinus-30608-GCA040939475.2	('Simakov2022BCnS_genefamily_132', 'Simakov2022BCnS_genefamily_4598')	0.0		match_both_missing	True
5107	2331125	Microcebusmurinus-30608-GCA040939475.2	('Simakov2022BCnS_genefamily_12137', 'Simakov2022BCnS_genefamily_2209')	0.0		match_both_missing	True
5107	2387982	Microcebusmurinus-30608-GCA040939475.2	('Simakov2022BCnS_genefamily_2917', 'Simakov2022BCnS_genefamily_883')	0.0		match_both_missing	True
5107	2444838	Microcebusmurinus-30608-GCA040939475.2	('Simakov2022BCnS_genefamily_10131', 'Simakov2022BCnS_genefamily_7196')	0.0		match_both_missing	True
5107	2501695	Microcebusmurinus-30608-GCA040939475.2	('Simakov2022BCnS_genefamily_1598', 'Simakov2022BCnS_genefamily_3869')	0.0		match_both_missing	True
5107	2558552	Microcebusmurinus-30608-GCA040939475.2	('Simakov2022BCnS_genefamily_3592', 'Simakov2022BCnS_genefamily_999')	0.0		match_both_missing	True
5107	2615408	Microcebusmurinus-30608-GCA040939475.2	('Simakov2022BCnS_genefamily_5675', 'Simakov2022BCnS_genefamily_8898')	0.0		match_both_missing	True
5107	2672265	Microcebusmurinus-30608-GCA040939475.2	('Simakov2022BCnS_genefamily_10591', 'Simakov2022BCnS_genefamily_9321')	0.0		match_both_missing	True
5107	2729122	Microcebusmurinus-30608-GCA040939475.2	('Simakov2022BCnS_genefamily_1144', 'Simakov2022BCnS_genefamily_7833')	0.0		match_both_missing	True
5107	2785979	Microcebusmurinus-30608-GCA040939475.2	('Simakov2022BCnS_genefamily_3533', 'Simakov2022BCnS_genefamily_5668')	0.0		match_both_missing	True
5226	0	Pelodiscussinensis-13735-GCF049634645.1	('Simakov2022BCnS_genefamily_11671', 'Simakov2022BCnS_genefamily_8892')	0.0		match_both_missing	True
5226	56856	Pelodiscussinensis-13735-GCF049634645.1	('Simakov2022BCnS_genefamily_3414', 'Simakov2022BCnS_genefamily_8719')	0.0		match_both_missing	True
5226	113713	Pelodiscussinensis-13735-GCF049634645.1	('Simakov2022BCnS_genefamily_1642', 'Simakov2022BCnS_genefamily_7254')	112672223.0	112672223.0	match	True
5226	170570	Pelodiscussinensis-13735-GCF049634645.1	('Simakov2022BCnS_genefamily_7106', 'Simakov2022BCnS_genefamily_8489')	0.0		match_both_missing	True
5226	227426	Pelodiscussinensis-13735-GCF049634645.1	('Simakov2022BCnS_genefamily_7876', 'Simakov2022BCnS_genefamily_8983')	0.0		match_both_missing	True
5226	284283	Pelodiscussinensis-13735-GCF049634645.1	('Simakov2022BCnS_genefamily_11878', 'Simakov2022BCnS_genefamily_1767')	0.0		match_both_missing	True
5226	341140	Pelodiscussinensis-13735-GCF049634645.1	('Simakov2022BCnS_genefamily_456', 'Simakov2022BCnS_genefamily_7275')	0.0		match_both_missing	True
5226	397997	Pelodiscussinensis-13735-GCF049634645.1	('Simakov2022BCnS_genefamily_177', 'Simakov2022BCnS_genefamily_6305')	0.0		match_both_missing	True
5226	454853	Pelodiscussinensis-13735-GCF049634645.1	('Simakov2022BCnS_genefamily_11081', 'Simakov2022BCnS_genefamily_2267')	0.0		match_both_missing	True
5226	511710	Pelodiscussinensis-13735-GCF049634645.1	('Simakov2022BCnS_genefamily_11901', 'Simakov2022BCnS_genefamily_7442')	0.0		match_both_missing	True
5226	568567	Pelodiscussinensis-13735-GCF049634645.1	('Simakov2022BCnS_genefamily_11043', 'Simakov2022BCnS_genefamily_7872')	0.0		match_both_missing	True
5226	625423	Pelodiscussinensis-13735-GCF049634645.1	('Simakov2022BCnS_genefamily_7747', 'Simakov2022BCnS_genefamily_9166')	0.0		match_both_missing	True
5226	682280	Pelodiscussinensis-13735-GCF049634645.1	('Simakov2022BCnS_genefamily_12548', 'Simakov2022BCnS_genefamily_3287')	0.0		match_both_missing	True
5226	739137	Pelodiscussinensis-13735-GCF049634645.1	('Simakov2022BCnS_genefamily_1337', 'Simakov2022BCnS_genefamily_3482')	56698469.0	56698469.0	match	True
5226	795994	Pelodiscussinensis-13735-GCF049634645.1	('Simakov2022BCnS_genefamily_10438', 'Simakov2022BCnS_genefamily_11602')	9068387.0	9068387.0	match	True
5226	852850	Pelodiscussinensis-13735-GCF049634645.1	('Simakov2022BCnS_genefamily_10491', 'Simakov2022BCnS_genefamily_12830')	0.0		match_both_missing	True
5226	909707	Pelodiscussinensis-13735-GCF049634645.1	('Simakov2022BCnS_genefamily_10246', 'Simakov2022BCnS_genefamily_12960')	0.0		match_both_missing	True
5226	966564	Pelodiscussinensis-13735-GCF049634645.1	('Simakov2022BCnS_genefamily_2629', 'Simakov2022BCnS_genefamily_421')	0.0		match_both_missing	True
5226	1023420	Pelodiscussinensis-13735-GCF049634645.1	('Simakov2022BCnS_genefamily_6596', 'Simakov2022BCnS_genefamily_8677')	0.0		match_both_missing	True
5226	1080277	Pelodiscussinensis-13735-GCF049634645.1	('Simakov2022BCnS_genefamily_1880', 'Simakov2022BCnS_genefamily_5337')	0.0		match_both_missing	True
5226	1137134	Pelodiscussinensis-13735-GCF049634645.1	('Simakov2022BCnS_genefamily_11749', 'Simakov2022BCnS_genefamily_8559')	0.0		match_both_missing	True
5226	1193991	Pelodiscussinensis-13735-GCF049634645.1	('Simakov2022BCnS_genefamily_6846', 'Simakov2022BCnS_genefamily_8308')	0.0		match_both_missing	True
5226	1250847	Pelodiscussinensis-13735-GCF049634645.1	('Simakov2022BCnS_genefamily_12960', 'Simakov2022BCnS_genefamily_6118')	0.0		match_both_missing	True
5226	1307704	Pelodiscussinensis-13735-GCF049634645.1	('Simakov2022BCnS_genefamily_12390', 'Simakov2022BCnS_genefamily_5288')	0.0		match_both_missing	True
5226	1364561	Pelodiscussinensis-13735-GCF049634645.1	('Simakov2022BCnS_genefamily_11392', 'Simakov2022BCnS_genefamily_4537')	0.0		match_both_missing	True
5226	1421417	Pelodiscussinensis-13735-GCF049634645.1	('Simakov2022BCnS_genefamily_12166', 'Simakov2022BCnS_genefamily_3756')	0.0		match_both_missing	True
5226	1478274	Pelodiscussinensis-13735-GCF049634645.1	('Simakov2022BCnS_genefamily_1375', 'Simakov2022BCnS_genefamily_364')	0.0		match_both_missing	True
5226	1535131	Pelodiscussinensis-13735-GCF049634645.1	('Simakov2022BCnS_genefamily_10846', 'Simakov2022BCnS_genefamily_1886')	0.0		match_both_missing	True
5226	1591988	Pelodiscussinensis-13735-GCF049634645.1	('Simakov2022BCnS_genefamily_6424', 'Simakov2022BCnS_genefamily_7051')	0.0		match_both_missing	True
5226	1648844	Pelodiscussinensis-13735-GCF049634645.1	('Simakov2022BCnS_genefamily_10640', 'Simakov2022BCnS_genefamily_11566')	0.0		match_both_missing	True
5226	1705701	Pelodiscussinensis-13735-GCF049634645.1	('Simakov2022BCnS_genefamily_1147', 'Simakov2022BCnS_genefamily_6516')	111587993.0	111587993.0	match	True
5226	1762558	Pelodiscussinensis-13735-GCF049634645.1	('Simakov2022BCnS_genefamily_4672', 'Simakov2022BCnS_genefamily_6460')	0.0		match_both_missing	True
5226	1819414	Pelodiscussinensis-13735-GCF049634645.1	('Simakov2022BCnS_genefamily_12196', 'Simakov2022BCnS_genefamily_6391')	274678592.0	274678592.0	match	True
5226	1876271	Pelodiscussinensis-13735-GCF049634645.1	('Simakov2022BCnS_genefamily_12417', 'Simakov2022BCnS_genefamily_3303')	0.0		match_both_missing	True
5226	1933128	Pelodiscussinensis-13735-GCF049634645.1	('Simakov2022BCnS_genefamily_1000', 'Simakov2022BCnS_genefamily_11359')	0.0		match_both_missing	True
5226	1989985	Pelodiscussinensis-13735-GCF049634645.1	('Simakov2022BCnS_genefamily_7708', 'Simakov2022BCnS_genefamily_8564')	0.0		match_both_missing	True
5226	2046841	Pelodiscussinensis-13735-GCF049634645.1	('Simakov2022BCnS_genefamily_2132', 'Simakov2022BCnS_genefamily_8050')	0.0		match_both_missing	True
5226	2103698	Pelodiscussinensis-13735-GCF049634645.1	('Simakov2022BCnS_genefamily_4395', 'Simakov2022BCnS_genefamily_8930')	0.0		match_both_missing	True
5226	2160555	Pelodiscussinensis-13735-GCF049634645.1	('Simakov2022BCnS_genefamily_7033', 'Simakov2022BCnS_genefamily_7620')	0.0		match_both_missing	True
5226	2217411	Pelodiscussinensis-13735-GCF049634645.1	('Simakov2022BCnS_genefamily_12360', 'Simakov2022BCnS_genefamily_3058')	0.0		match_both_missing	True
5226	2274268	Pelodiscussinensis-13735-GCF049634645.1	('Simakov2022BCnS_genefamily_132', 'Simakov2022BCnS_genefamily_4598')	0.0		match_both_missing	True
5226	2331125	Pelodiscussinensis-13735-GCF049634645.1	('Simakov2022BCnS_genefamily_12137', 'Simakov2022BCnS_genefamily_2209')	0.0		match_both_missing	True
5226	2387982	Pelodiscussinensis-13735-GCF049634645.1	('Simakov2022BCnS_genefamily_2917', 'Simakov2022BCnS_genefamily_883')	0.0		match_both_missing	True
5226	2444838	Pelodiscussinensis-13735-GCF049634645.1	('Simakov2022BCnS_genefamily_10131', 'Simakov2022BCnS_genefamily_7196')	0.0		match_both_missing	True
5226	2501695	Pelodiscussinensis-13735-GCF049634645.1	('Simakov2022BCnS_genefamily_1598', 'Simakov2022BCnS_genefamily_3869')	0.0		match_both_missing	True
5226	2558552	Pelodiscussinensis-13735-GCF049634645.1	('Simakov2022BCnS_genefamily_3592', 'Simakov2022BCnS_genefamily_999')	0.0		match_both_missing	True
5226	2615408	Pelodiscussinensis-13735-GCF049634645.1	('Simakov2022BCnS_genefamily_5675', 'Simakov2022BCnS_genefamily_8898')	0.0		match_both_missing	True
5226	2672265	Pelodiscussinensis-13735-GCF049634645.1	('Simakov2022BCnS_genefamily_10591', 'Simakov2022BCnS_genefamily_9321')	0.0		match_both_missing	True
5226	2729122	Pelodiscussinensis-13735-GCF049634645.1	('Simakov2022BCnS_genefamily_1144', 'Simakov2022BCnS_genefamily_7833')	251116276.0	251116276.0	match	True
5226	2785979	Pelodiscussinensis-13735-GCF049634645.1	('Simakov2022BCnS_genefamily_3533', 'Simakov2022BCnS_genefamily_5668')	0.0		match_both_missing	True
5344	0	Pavocristatus-9049-GCA965225075.1	('Simakov2022BCnS_genefamily_11671', 'Simakov2022BCnS_genefamily_8892')	0.0		match_both_missing	True
5344	56856	Pavocristatus-9049-GCA965225075.1	('Simakov2022BCnS_genefamily_3414', 'Simakov2022BCnS_genefamily_8719')	0.0		match_both_missing	True
5344	113713	Pavocristatus-9049-GCA965225075.1	('Simakov2022BCnS_genefamily_1642', 'Simakov2022BCnS_genefamily_7254')	0.0		match_both_missing	True
5344	170570	Pavocristatus-9049-GCA965225075.1	('Simakov2022BCnS_genefamily_7106', 'Simakov2022BCnS_genefamily_8489')	0.0		match_both_missing	True
5344	227426	Pavocristatus-9049-GCA965225075.1	('Simakov2022BCnS_genefamily_7876', 'Simakov2022BCnS_genefamily_8983')	0.0		match_both_missing	True
5344	284283	Pavocristatus-9049-GCA965225075.1	('Simakov2022BCnS_genefamily_11878', 'Simakov2022BCnS_genefamily_1767')	0.0		match_both_missing	True
5344	341140	Pavocristatus-9049-GCA965225075.1	('Simakov2022BCnS_genefamily_456', 'Simakov2022BCnS_genefamily_7275')	0.0		match_both_missing	True
5344	397997	Pavocristatus-9049-GCA965225075.1	('Simakov2022BCnS_genefamily_177', 'Simakov2022BCnS_genefamily_6305')	0.0		match_both_missing	True
5344	454853	Pavocristatus-9049-GCA965225075.1	('Simakov2022BCnS_genefamily_11081', 'Simakov2022BCnS_genefamily_2267')	0.0		match_both_missing	True
5344	511710	Pavocristatus-9049-GCA965225075.1	('Simakov2022BCnS_genefamily_11901', 'Simakov2022BCnS_genefamily_7442')	0.0		match_both_missing	True
5344	568567	Pavocristatus-9049-GCA965225075.1	('Simakov2022BCnS_genefamily_11043', 'Simakov2022BCnS_genefamily_7872')	0.0		match_both_missing	True
5344	625423	Pavocristatus-9049-GCA965225075.1	('Simakov2022BCnS_genefamily_7747', 'Simakov2022BCnS_genefamily_9166')	0.0		match_both_missing	True
5344	682280	Pavocristatus-9049-GCA965225075.1	('Simakov2022BCnS_genefamily_12548', 'Simakov2022BCnS_genefamily_3287')	0.0		match_both_missing	True
5344	739137	Pavocristatus-9049-GCA965225075.1	('Simakov2022BCnS_genefamily_1337', 'Simakov2022BCnS_genefamily_3482')	66127008.0	66127008.0	match	True
5344	795994	Pavocristatus-9049-GCA965225075.1	('Simakov2022BCnS_genefamily_10438', 'Simakov2022BCnS_genefamily_11602')	0.0		match_both_missing	True
5344	852850	Pavocristatus-9049-GCA965225075.1	('Simakov2022BCnS_genefamily_10491', 'Simakov2022BCnS_genefamily_12830')	0.0		match_both_missing	True
5344	909707	Pavocristatus-9049-GCA965225075.1	('Simakov2022BCnS_genefamily_10246', 'Simakov2022BCnS_genefamily_12960')	0.0		match_both_missing	True
5344	966564	Pavocristatus-9049-GCA965225075.1	('Simakov2022BCnS_genefamily_2629', 'Simakov2022BCnS_genefamily_421')	0.0		match_both_missing	True
5344	1023420	Pavocristatus-9049-GCA965225075.1	('Simakov2022BCnS_genefamily_6596', 'Simakov2022BCnS_genefamily_8677')	0.0		match_both_missing	True
5344	1080277	Pavocristatus-9049-GCA965225075.1	('Simakov2022BCnS_genefamily_1880', 'Simakov2022BCnS_genefamily_5337')	0.0		match_both_missing	True
5344	1137134	Pavocristatus-9049-GCA965225075.1	('Simakov2022BCnS_genefamily_11749', 'Simakov2022BCnS_genefamily_8559')	0.0		match_both_missing	True
5344	1193991	Pavocristatus-9049-GCA965225075.1	('Simakov2022BCnS_genefamily_6846', 'Simakov2022BCnS_genefamily_8308')	0.0		match_both_missing	True
5344	1250847	Pavocristatus-9049-GCA965225075.1	('Simakov2022BCnS_genefamily_12960', 'Simakov2022BCnS_genefamily_6118')	0.0		match_both_missing	True
5344	1307704	Pavocristatus-9049-GCA965225075.1	('Simakov2022BCnS_genefamily_12390', 'Simakov2022BCnS_genefamily_5288')	0.0		match_both_missing	True
5344	1364561	Pavocristatus-9049-GCA965225075.1	('Simakov2022BCnS_genefamily_11392', 'Simakov2022BCnS_genefamily_4537')	0.0		match_both_missing	True
5344	1421417	Pavocristatus-9049-GCA965225075.1	('Simakov2022BCnS_genefamily_12166', 'Simakov2022BCnS_genefamily_3756')	0.0		match_both_missing	True
5344	1478274	Pavocristatus-9049-GCA965225075.1	('Simakov2022BCnS_genefamily_1375', 'Simakov2022BCnS_genefamily_364')	0.0		match_both_missing	True
5344	1535131	Pavocristatus-9049-GCA965225075.1	('Simakov2022BCnS_genefamily_10846', 'Simakov2022BCnS_genefamily_1886')	0.0		match_both_missing	True
5344	1591988	Pavocristatus-9049-GCA965225075.1	('Simakov2022BCnS_genefamily_6424', 'Simakov2022BCnS_genefamily_7051')	0.0		match_both_missing	True
5344	1648844	Pavocristatus-9049-GCA965225075.1	('Simakov2022BCnS_genefamily_10640', 'Simakov2022BCnS_genefamily_11566')	0.0		match_both_missing	True
5344	1705701	Pavocristatus-9049-GCA965225075.1	('Simakov2022BCnS_genefamily_1147', 'Simakov2022BCnS_genefamily_6516')	0.0		match_both_missing	True
5344	1762558	Pavocristatus-9049-GCA965225075.1	('Simakov2022BCnS_genefamily_4672', 'Simakov2022BCnS_genefamily_6460')	0.0		match_both_missing	True
5344	1819414	Pavocristatus-9049-GCA965225075.1	('Simakov2022BCnS_genefamily_12196', 'Simakov2022BCnS_genefamily_6391')	0.0		match_both_missing	True
5344	1876271	Pavocristatus-9049-GCA965225075.1	('Simakov2022BCnS_genefamily_12417', 'Simakov2022BCnS_genefamily_3303')	0.0		match_both_missing	True
5344	1933128	Pavocristatus-9049-GCA965225075.1	('Simakov2022BCnS_genefamily_1000', 'Simakov2022BCnS_genefamily_11359')	0.0		match_both_missing	True
5344	1989985	Pavocristatus-9049-GCA965225075.1	('Simakov2022BCnS_genefamily_7708', 'Simakov2022BCnS_genefamily_8564')	0.0		match_both_missing	True
5344	2046841	Pavocristatus-9049-GCA965225075.1	('Simakov2022BCnS_genefamily_2132', 'Simakov2022BCnS_genefamily_8050')	0.0		match_both_missing	True
5344	2103698	Pavocristatus-9049-GCA965225075.1	('Simakov2022BCnS_genefamily_4395', 'Simakov2022BCnS_genefamily_8930')	0.0		match_both_missing	True
5344	2160555	Pavocristatus-9049-GCA965225075.1	('Simakov2022BCnS_genefamily_7033', 'Simakov2022BCnS_genefamily_7620')	0.0		match_both_missing	True
5344	2217411	Pavocristatus-9049-GCA965225075.1	('Simakov2022BCnS_genefamily_12360', 'Simakov2022BCnS_genefamily_3058')	0.0		match_both_missing	True
5344	2274268	Pavocristatus-9049-GCA965225075.1	('Simakov2022BCnS_genefamily_132', 'Simakov2022BCnS_genefamily_4598')	0.0		match_both_missing	True
5344	2331125	Pavocristatus-9049-GCA965225075.1	('Simakov2022BCnS_genefamily_12137', 'Simakov2022BCnS_genefamily_2209')	0.0		match_both_missing	True
5344	2387982	Pavocristatus-9049-GCA965225075.1	('Simakov2022BCnS_genefamily_2917', 'Simakov2022BCnS_genefamily_883')	0.0		match_both_missing	True
5344	2444838	Pavocristatus-9049-GCA965225075.1	('Simakov2022BCnS_genefamily_10131', 'Simakov2022BCnS_genefamily_7196')	0.0		match_both_missing	True
5344	2501695	Pavocristatus-9049-GCA965225075.1	('Simakov2022BCnS_genefamily_1598', 'Simakov2022BCnS_genefamily_3869')	0.0		match_both_missing	True
5344	2558552	Pavocristatus-9049-GCA965225075.1	('Simakov2022BCnS_genefamily_3592', 'Simakov2022BCnS_genefamily_999')	0.0		match_both_missing	True
5344	2615408	Pavocristatus-9049-GCA965225075.1	('Simakov2022BCnS_genefamily_5675', 'Simakov2022BCnS_genefamily_8898')	0.0		match_both_missing	True
5344	2672265	Pavocristatus-9049-GCA965225075.1	('Simakov2022BCnS_genefamily_10591', 'Simakov2022BCnS_genefamily_9321')	0.0		match_both_missing	True
5344	2729122	Pavocristatus-9049-GCA965225075.1	('Simakov2022BCnS_genefamily_1144', 'Simakov2022BCnS_genefamily_7833')	155954524.0	155954524.0	match	True
5344	2785979	Pavocristatus-9049-GCA965225075.1	('Simakov2022BCnS_genefamily_3533', 'Simakov2022BCnS_genefamily_5668')	0.0		match_both_missing	True
5463	0	Erithacusrubecula-37610-GCA903797595.2	('Simakov2022BCnS_genefamily_11671', 'Simakov2022BCnS_genefamily_8892')	0.0		match_both_missing	True
5463	56856	Erithacusrubecula-37610-GCA903797595.2	('Simakov2022BCnS_genefamily_3414', 'Simakov2022BCnS_genefamily_8719')	0.0		match_both_missing	True
5463	113713	Erithacusrubecula-37610-GCA903797595.2	('Simakov2022BCnS_genefamily_1642', 'Simakov2022BCnS_genefamily_7254')	0.0		match_both_missing	True
5463	170570	Erithacusrubecula-37610-GCA903797595.2	('Simakov2022BCnS_genefamily_7106', 'Simakov2022BCnS_genefamily_8489')	0.0		match_both_missing	True
5463	227426	Erithacusrubecula-37610-GCA903797595.2	('Simakov2022BCnS_genefamily_7876', 'Simakov2022BCnS_genefamily_8983')	0.0		match_both_missing	True
5463	284283	Erithacusrubecula-37610-GCA903797595.2	('Simakov2022BCnS_genefamily_11878', 'Simakov2022BCnS_genefamily_1767')	0.0		match_both_missing	True
5463	341140	Erithacusrubecula-37610-GCA903797595.2	('Simakov2022BCnS_genefamily_456', 'Simakov2022BCnS_genefamily_7275')	0.0		match_both_missing	True
5463	397997	Erithacusrubecula-37610-GCA903797595.2	('Simakov2022BCnS_genefamily_177', 'Simakov2022BCnS_genefamily_6305')	0.0		match_both_missing	True
5463	454853	Erithacusrubecula-37610-GCA903797595.2	('Simakov2022BCnS_genefamily_11081', 'Simakov2022BCnS_genefamily_2267')	0.0		match_both_missing	True
5463	511710	Erithacusrubecula-37610-GCA903797595.2	('Simakov2022BCnS_genefamily_11901', 'Simakov2022BCnS_genefamily_7442')	0.0		match_both_missing	True
5463	568567	Erithacusrubecula-37610-GCA903797595.2	('Simakov2022BCnS_genefamily_11043', 'Simakov2022BCnS_genefamily_7872')	0.0		match_both_missing	True
5463	625423	Erithacusrubecula-37610-GCA903797595.2	('Simakov2022BCnS_genefamily_7747', 'Simakov2022BCnS_genefamily_9166')	0.0		match_both_missing	True
5463	682280	Erithacusrubecula-37610-GCA903797595.2	('Simakov2022BCnS_genefamily_12548', 'Simakov2022BCnS_genefamily_3287')	0.0		match_both_missing	True
5463	739137	Erithacusrubecula-37610-GCA903797595.2	('Simakov2022BCnS_genefamily_1337', 'Simakov2022BCnS_genefamily_3482')	64345342.0	64345342.0	match	True
5463	795994	Erithacusrubecula-37610-GCA903797595.2	('Simakov2022BCnS_genefamily_10438', 'Simakov2022BCnS_genefamily_11602')	0.0		match_both_missing	True
5463	852850	Erithacusrubecula-37610-GCA903797595.2	('Simakov2022BCnS_genefamily_10491', 'Simakov2022BCnS_genefamily_12830')	0.0		match_both_missing	True
5463	909707	Erithacusrubecula-37610-GCA903797595.2	('Simakov2022BCnS_genefamily_10246', 'Simakov2022BCnS_genefamily_12960')	0.0		match_both_missing	True
5463	966564	Erithacusrubecula-37610-GCA903797595.2	('Simakov2022BCnS_genefamily_2629', 'Simakov2022BCnS_genefamily_421')	0.0		match_both_missing	True
5463	1023420	Erithacusrubecula-37610-GCA903797595.2	('Simakov2022BCnS_genefamily_6596', 'Simakov2022BCnS_genefamily_8677')	0.0		match_both_missing	True
5463	1080277	Erithacusrubecula-37610-GCA903797595.2	('Simakov2022BCnS_genefamily_1880', 'Simakov2022BCnS_genefamily_5337')	0.0		match_both_missing	True
5463	1137134	Erithacusrubecula-37610-GCA903797595.2	('Simakov2022BCnS_genefamily_11749', 'Simakov2022BCnS_genefamily_8559')	0.0		match_both_missing	True
5463	1193991	Erithacusrubecula-37610-GCA903797595.2	('Simakov2022BCnS_genefamily_6846', 'Simakov2022BCnS_genefamily_8308')	0.0		match_both_missing	True
5463	1250847	Erithacusrubecula-37610-GCA903797595.2	('Simakov2022BCnS_genefamily_12960', 'Simakov2022BCnS_genefamily_6118')	0.0		match_both_missing	True
5463	1307704	Erithacusrubecula-37610-GCA903797595.2	('Simakov2022BCnS_genefamily_12390', 'Simakov2022BCnS_genefamily_5288')	0.0		match_both_missing	True
5463	1364561	Erithacusrubecula-37610-GCA903797595.2	('Simakov2022BCnS_genefamily_11392', 'Simakov2022BCnS_genefamily_4537')	0.0		match_both_missing	True
5463	1421417	Erithacusrubecula-37610-GCA903797595.2	('Simakov2022BCnS_genefamily_12166', 'Simakov2022BCnS_genefamily_3756')	0.0		match_both_missing	True
5463	1478274	Erithacusrubecula-37610-GCA903797595.2	('Simakov2022BCnS_genefamily_1375', 'Simakov2022BCnS_genefamily_364')	0.0		match_both_missing	True
5463	1535131	Erithacusrubecula-37610-GCA903797595.2	('Simakov2022BCnS_genefamily_10846', 'Simakov2022BCnS_genefamily_1886')	0.0		match_both_missing	True
5463	1591988	Erithacusrubecula-37610-GCA903797595.2	('Simakov2022BCnS_genefamily_6424', 'Simakov2022BCnS_genefamily_7051')	0.0		match_both_missing	True
5463	1648844	Erithacusrubecula-37610-GCA903797595.2	('Simakov2022BCnS_genefamily_10640', 'Simakov2022BCnS_genefamily_11566')	0.0		match_both_missing	True
5463	1705701	Erithacusrubecula-37610-GCA903797595.2	('Simakov2022BCnS_genefamily_1147', 'Simakov2022BCnS_genefamily_6516')	0.0		match_both_missing	True
5463	1762558	Erithacusrubecula-37610-GCA903797595.2	('Simakov2022BCnS_genefamily_4672', 'Simakov2022BCnS_genefamily_6460')	24403763.0	24403763.0	match	True
5463	1819414	Erithacusrubecula-37610-GCA903797595.2	('Simakov2022BCnS_genefamily_12196', 'Simakov2022BCnS_genefamily_6391')	0.0		match_both_missing	True
5463	1876271	Erithacusrubecula-37610-GCA903797595.2	('Simakov2022BCnS_genefamily_12417', 'Simakov2022BCnS_genefamily_3303')	0.0		match_both_missing	True
5463	1933128	Erithacusrubecula-37610-GCA903797595.2	('Simakov2022BCnS_genefamily_1000', 'Simakov2022BCnS_genefamily_11359')	0.0		match_both_missing	True
5463	1989985	Erithacusrubecula-37610-GCA903797595.2	('Simakov2022BCnS_genefamily_7708', 'Simakov2022BCnS_genefamily_8564')	0.0		match_both_missing	True
5463	2046841	Erithacusrubecula-37610-GCA903797595.2	('Simakov2022BCnS_genefamily_2132', 'Simakov2022BCnS_genefamily_8050')	0.0		match_both_missing	True
5463	2103698	Erithacusrubecula-37610-GCA903797595.2	('Simakov2022BCnS_genefamily_4395', 'Simakov2022BCnS_genefamily_8930')	0.0		match_both_missing	True
5463	2160555	Erithacusrubecula-37610-GCA903797595.2	('Simakov2022BCnS_genefamily_7033', 'Simakov2022BCnS_genefamily_7620')	0.0		match_both_missing	True
5463	2217411	Erithacusrubecula-37610-GCA903797595.2	('Simakov2022BCnS_genefamily_12360', 'Simakov2022BCnS_genefamily_3058')	0.0		match_both_missing	True
5463	2274268	Erithacusrubecula-37610-GCA903797595.2	('Simakov2022BCnS_genefamily_132', 'Simakov2022BCnS_genefamily_4598')	0.0		match_both_missing	True
5463	2331125	Erithacusrubecula-37610-GCA903797595.2	('Simakov2022BCnS_genefamily_12137', 'Simakov2022BCnS_genefamily_2209')	0.0		match_both_missing	True
5463	2387982	Erithacusrubecula-37610-GCA903797595.2	('Simakov2022BCnS_genefamily_2917', 'Simakov2022BCnS_genefamily_883')	0.0		match_both_missing	True
5463	2444838	Erithacusrubecula-37610-GCA903797595.2	('Simakov2022BCnS_genefamily_10131', 'Simakov2022BCnS_genefamily_7196')	0.0		match_both_missing	True
5463	2501695	Erithacusrubecula-37610-GCA903797595.2	('Simakov2022BCnS_genefamily_1598', 'Simakov2022BCnS_genefamily_3869')	0.0		match_both_missing	True
5463	2558552	Erithacusrubecula-37610-GCA903797595.2	('Simakov2022BCnS_genefamily_3592', 'Simakov2022BCnS_genefamily_999')	0.0		match_both_missing	True
5463	2615408	Erithacusrubecula-37610-GCA903797595.2	('Simakov2022BCnS_genefamily_5675', 'Simakov2022BCnS_genefamily_8898')	0.0		match_both_missing	True
5463	2672265	Erithacusrubecula-37610-GCA903797595.2	('Simakov2022BCnS_genefamily_10591', 'Simakov2022BCnS_genefamily_9321')	0.0		match_both_missing	True
5463	2729122	Erithacusrubecula-37610-GCA903797595.2	('Simakov2022BCnS_genefamily_1144', 'Simakov2022BCnS_genefamily_7833')	0.0		match_both_missing	True
5463	2785979	Erithacusrubecula-37610-GCA903797595.2	('Simakov2022BCnS_genefamily_3533', 'Simakov2022BCnS_genefamily_5668')	0.0		match_both_missing	True
5582	0	Cerastesgasperettii-110202-GCA046524025.1	('Simakov2022BCnS_genefamily_11671', 'Simakov2022BCnS_genefamily_8892')	0.0		match_both_missing	True
5582	56856	Cerastesgasperettii-110202-GCA046524025.1	('Simakov2022BCnS_genefamily_3414', 'Simakov2022BCnS_genefamily_8719')	0.0		match_both_missing	True
5582	113713	Cerastesgasperettii-110202-GCA046524025.1	('Simakov2022BCnS_genefamily_1642', 'Simakov2022BCnS_genefamily_7254')	0.0		match_both_missing	True
5582	170570	Cerastesgasperettii-110202-GCA046524025.1	('Simakov2022BCnS_genefamily_7106', 'Simakov2022BCnS_genefamily_8489')	0.0		match_both_missing	True
5582	227426	Cerastesgasperettii-110202-GCA046524025.1	('Simakov2022BCnS_genefamily_7876', 'Simakov2022BCnS_genefamily_8983')	0.0		match_both_missing	True
5582	284283	Cerastesgasperettii-110202-GCA046524025.1	('Simakov2022BCnS_genefamily_11878', 'Simakov2022BCnS_genefamily_1767')	0.0		match_both_missing	True
5582	341140	Cerastesgasperettii-110202-GCA046524025.1	('Simakov2022BCnS_genefamily_456', 'Simakov2022BCnS_genefamily_7275')	0.0		match_both_missing	True
5582	397997	Cerastesgasperettii-110202-GCA046524025.1	('Simakov2022BCnS_genefamily_177', 'Simakov2022BCnS_genefamily_6305')	0.0		match_both_missing	True
5582	454853	Cerastesgasperettii-110202-GCA046524025.1	('Simakov2022BCnS_genefamily_11081', 'Simakov2022BCnS_genefamily_2267')	0.0		match_both_missing	True
5582	511710	Cerastesgasperettii-110202-GCA046524025.1	('Simakov2022BCnS_genefamily_11901', 'Simakov2022BCnS_genefamily_7442')	0.0		match_both_missing	True
5582	568567	Cerastesgasperettii-110202-GCA046524025.1	('Simakov2022BCnS_genefamily_11043', 'Simakov2022BCnS_genefamily_7872')	0.0		match_both_missing	True
5582	625423	Cerastesgasperettii-110202-GCA046524025.1	('Simakov2022BCnS_genefamily_7747', 'Simakov2022BCnS_genefamily_9166')	0.0		match_both_missing	True
5582	682280	Cerastesgasperettii-110202-GCA046524025.1	('Simakov2022BCnS_genefamily_12548', 'Simakov2022BCnS_genefamily_3287')	0.0		match_both_missing	True
5582	739137	Cerastesgasperettii-110202-GCA046524025.1	('Simakov2022BCnS_genefamily_1337', 'Simakov2022BCnS_genefamily_3482')	0.0		match_both_missing	True
5582	795994	Cerastesgasperettii-110202-GCA046524025.1	('Simakov2022BCnS_genefamily_10438', 'Simakov2022BCnS_genefamily_11602')	36169975.0	36169975.0	match	True
5582	852850	Cerastesgasperettii-110202-GCA046524025.1	('Simakov2022BCnS_genefamily_10491', 'Simakov2022BCnS_genefamily_12830')	0.0		match_both_missing	True
5582	909707	Cerastesgasperettii-110202-GCA046524025.1	('Simakov2022BCnS_genefamily_10246', 'Simakov2022BCnS_genefamily_12960')	0.0		match_both_missing	True
5582	966564	Cerastesgasperettii-110202-GCA046524025.1	('Simakov2022BCnS_genefamily_2629', 'Simakov2022BCnS_genefamily_421')	0.0		match_both_missing	True
5582	1023420	Cerastesgasperettii-110202-GCA046524025.1	('Simakov2022BCnS_genefamily_6596', 'Simakov2022BCnS_genefamily_8677')	0.0		match_both_missing	True
5582	1080277	Cerastesgasperettii-110202-GCA046524025.1	('Simakov2022BCnS_genefamily_1880', 'Simakov2022BCnS_genefamily_5337')	0.0		match_both_missing	True
5582	1137134	Cerastesgasperettii-110202-GCA046524025.1	('Simakov2022BCnS_genefamily_11749', 'Simakov2022BCnS_genefamily_8559')	0.0		match_both_missing	True
5582	1193991	Cerastesgasperettii-110202-GCA046524025.1	('Simakov2022BCnS_genefamily_6846', 'Simakov2022BCnS_genefamily_8308')	0.0		match_both_missing	True
5582	1250847	Cerastesgasperettii-110202-GCA046524025.1	('Simakov2022BCnS_genefamily_12960', 'Simakov2022BCnS_genefamily_6118')	0.0		match_both_missing	True
5582	1307704	Cerastesgasperettii-110202-GCA046524025.1	('Simakov2022BCnS_genefamily_12390', 'Simakov2022BCnS_genefamily_5288')	0.0		match_both_missing	True
5582	1364561	Cerastesgasperettii-110202-GCA046524025.1	('Simakov2022BCnS_genefamily_11392', 'Simakov2022BCnS_genefamily_4537')	0.0		match_both_missing	True
5582	1421417	Cerastesgasperettii-110202-GCA046524025.1	('Simakov2022BCnS_genefamily_12166', 'Simakov2022BCnS_genefamily_3756')	0.0		match_both_missing	True
5582	1478274	Cerastesgasperettii-110202-GCA046524025.1	('Simakov2022BCnS_genefamily_1375', 'Simakov2022BCnS_genefamily_364')	0.0		match_both_missing	True
5582	1535131	Cerastesgasperettii-110202-GCA046524025.1	('Simakov2022BCnS_genefamily_10846', 'Simakov2022BCnS_genefamily_1886')	0.0		match_both_missing	True
5582	1591988	Cerastesgasperettii-110202-GCA046524025.1	('Simakov2022BCnS_genefamily_6424', 'Simakov2022BCnS_genefamily_7051')	0.0		match_both_missing	True
5582	1648844	Cerastesgasperettii-110202-GCA046524025.1	('Simakov2022BCnS_genefamily_10640', 'Simakov2022BCnS_genefamily_11566')	0.0		match_both_missing	True
5582	1705701	Cerastesgasperettii-110202-GCA046524025.1	('Simakov2022BCnS_genefamily_1147', 'Simakov2022BCnS_genefamily_6516')	0.0		match_both_missing	True
5582	1762558	Cerastesgasperettii-110202-GCA046524025.1	('Simakov2022BCnS_genefamily_4672', 'Simakov2022BCnS_genefamily_6460')	0.0		match_both_missing	True
5582	1819414	Cerastesgasperettii-110202-GCA046524025.1	('Simakov2022BCnS_genefamily_12196', 'Simakov2022BCnS_genefamily_6391')	0.0		match_both_missing	True
5582	1876271	Cerastesgasperettii-110202-GCA046524025.1	('Simakov2022BCnS_genefamily_12417', 'Simakov2022BCnS_genefamily_3303')	0.0		match_both_missing	True
5582	1933128	Cerastesgasperettii-110202-GCA046524025.1	('Simakov2022BCnS_genefamily_1000', 'Simakov2022BCnS_genefamily_11359')	0.0		match_both_missing	True
5582	1989985	Cerastesgasperettii-110202-GCA046524025.1	('Simakov2022BCnS_genefamily_7708', 'Simakov2022BCnS_genefamily_8564')	0.0		match_both_missing	True
5582	2046841	Cerastesgasperettii-110202-GCA046524025.1	('Simakov2022BCnS_genefamily_2132', 'Simakov2022BCnS_genefamily_8050')	0.0		match_both_missing	True
5582	2103698	Cerastesgasperettii-110202-GCA046524025.1	('Simakov2022BCnS_genefamily_4395', 'Simakov2022BCnS_genefamily_8930')	0.0		match_both_missing	True
5582	2160555	Cerastesgasperettii-110202-GCA046524025.1	('Simakov2022BCnS_genefamily_7033', 'Simakov2022BCnS_genefamily_7620')	0.0		match_both_missing	True
5582	2217411	Cerastesgasperettii-110202-GCA046524025.1	('Simakov2022BCnS_genefamily_12360', 'Simakov2022BCnS_genefamily_3058')	0.0		match_both_missing	True
5582	2274268	Cerastesgasperettii-110202-GCA046524025.1	('Simakov2022BCnS_genefamily_132', 'Simakov2022BCnS_genefamily_4598')	0.0		match_both_missing	True
5582	2331125	Cerastesgasperettii-110202-GCA046524025.1	('Simakov2022BCnS_genefamily_12137', 'Simakov2022BCnS_genefamily_2209')	0.0		match_both_missing	True
5582	2387982	Cerastesgasperettii-110202-GCA046524025.1	('Simakov2022BCnS_genefamily_2917', 'Simakov2022BCnS_genefamily_883')	0.0		match_both_missing	True
5582	2444838	Cerastesgasperettii-110202-GCA046524025.1	('Simakov2022BCnS_genefamily_10131', 'Simakov2022BCnS_genefamily_7196')	0.0		match_both_missing	True
5582	2501695	Cerastesgasperettii-110202-GCA046524025.1	('Simakov2022BCnS_genefamily_1598', 'Simakov2022BCnS_genefamily_3869')	0.0		match_both_missing	True
5582	2558552	Cerastesgasperettii-110202-GCA046524025.1	('Simakov2022BCnS_genefamily_3592', 'Simakov2022BCnS_genefamily_999')	0.0		match_both_missing	True
5582	2615408	Cerastesgasperettii-110202-GCA046524025.1	('Simakov2022BCnS_genefamily_5675', 'Simakov2022BCnS_genefamily_8898')	0.0		match_both_missing	True
5582	2672265	Cerastesgasperettii-110202-GCA046524025.1	('Simakov2022BCnS_genefamily_10591', 'Simakov2022BCnS_genefamily_9321')	0.0		match_both_missing	True
5582	2729122	Cerastesgasperettii-110202-GCA046524025.1	('Simakov2022BCnS_genefamily_1144', 'Simakov2022BCnS_genefamily_7833')	0.0		match_both_missing	True
5582	2785979	Cerastesgasperettii-110202-GCA046524025.1	('Simakov2022BCnS_genefamily_3533', 'Simakov2022BCnS_genefamily_5668')	0.0		match_both_missing	True
5701	0	Prionaceglauca-7815-GCA037974335.1	('Simakov2022BCnS_genefamily_11671', 'Simakov2022BCnS_genefamily_8892')	0.0		match_both_missing	True
5701	56856	Prionaceglauca-7815-GCA037974335.1	('Simakov2022BCnS_genefamily_3414', 'Simakov2022BCnS_genefamily_8719')	0.0		match_both_missing	True
5701	113713	Prionaceglauca-7815-GCA037974335.1	('Simakov2022BCnS_genefamily_1642', 'Simakov2022BCnS_genefamily_7254')	0.0		match_both_missing	True
5701	170570	Prionaceglauca-7815-GCA037974335.1	('Simakov2022BCnS_genefamily_7106', 'Simakov2022BCnS_genefamily_8489')	0.0		match_both_missing	True
5701	227426	Prionaceglauca-7815-GCA037974335.1	('Simakov2022BCnS_genefamily_7876', 'Simakov2022BCnS_genefamily_8983')	0.0		match_both_missing	True
5701	284283	Prionaceglauca-7815-GCA037974335.1	('Simakov2022BCnS_genefamily_11878', 'Simakov2022BCnS_genefamily_1767')	0.0		match_both_missing	True
5701	341140	Prionaceglauca-7815-GCA037974335.1	('Simakov2022BCnS_genefamily_456', 'Simakov2022BCnS_genefamily_7275')	0.0		match_both_missing	True
5701	397997	Prionaceglauca-7815-GCA037974335.1	('Simakov2022BCnS_genefamily_177', 'Simakov2022BCnS_genefamily_6305')	0.0		match_both_missing	True
5701	454853	Prionaceglauca-7815-GCA037974335.1	('Simakov2022BCnS_genefamily_11081', 'Simakov2022BCnS_genefamily_2267')	0.0		match_both_missing	True
5701	511710	Prionaceglauca-7815-GCA037974335.1	('Simakov2022BCnS_genefamily_11901', 'Simakov2022BCnS_genefamily_7442')	0.0		match_both_missing	True
5701	568567	Prionaceglauca-7815-GCA037974335.1	('Simakov2022BCnS_genefamily_11043', 'Simakov2022BCnS_genefamily_7872')	0.0		match_both_missing	True
5701	625423	Prionaceglauca-7815-GCA037974335.1	('Simakov2022BCnS_genefamily_7747', 'Simakov2022BCnS_genefamily_9166')	0.0		match_both_missing	True
5701	682280	Prionaceglauca-7815-GCA037974335.1	('Simakov2022BCnS_genefamily_12548', 'Simakov2022BCnS_genefamily_3287')	0.0		match_both_missing	True
5701	739137	Prionaceglauca-7815-GCA037974335.1	('Simakov2022BCnS_genefamily_1337', 'Simakov2022BCnS_genefamily_3482')	0.0		match_both_missing	True
5701	795994	Prionaceglauca-7815-GCA037974335.1	('Simakov2022BCnS_genefamily_10438', 'Simakov2022BCnS_genefamily_11602')	0.0		match_both_missing	True
5701	852850	Prionaceglauca-7815-GCA037974335.1	('Simakov2022BCnS_genefamily_10491', 'Simakov2022BCnS_genefamily_12830')	0.0		match_both_missing	True
5701	909707	Prionaceglauca-7815-GCA037974335.1	('Simakov2022BCnS_genefamily_10246', 'Simakov2022BCnS_genefamily_12960')	0.0		match_both_missing	True
5701	966564	Prionaceglauca-7815-GCA037974335.1	('Simakov2022BCnS_genefamily_2629', 'Simakov2022BCnS_genefamily_421')	0.0		match_both_missing	True
5701	1023420	Prionaceglauca-7815-GCA037974335.1	('Simakov2022BCnS_genefamily_6596', 'Simakov2022BCnS_genefamily_8677')	0.0		match_both_missing	True
5701	1080277	Prionaceglauca-7815-GCA037974335.1	('Simakov2022BCnS_genefamily_1880', 'Simakov2022BCnS_genefamily_5337')	0.0		match_both_missing	True
5701	1137134	Prionaceglauca-7815-GCA037974335.1	('Simakov2022BCnS_genefamily_11749', 'Simakov2022BCnS_genefamily_8559')	0.0		match_both_missing	True
5701	1193991	Prionaceglauca-7815-GCA037974335.1	('Simakov2022BCnS_genefamily_6846', 'Simakov2022BCnS_genefamily_8308')	0.0		match_both_missing	True
5701	1250847	Prionaceglauca-7815-GCA037974335.1	('Simakov2022BCnS_genefamily_12960', 'Simakov2022BCnS_genefamily_6118')	0.0		match_both_missing	True
5701	1307704	Prionaceglauca-7815-GCA037974335.1	('Simakov2022BCnS_genefamily_12390', 'Simakov2022BCnS_genefamily_5288')	0.0		match_both_missing	True
5701	1364561	Prionaceglauca-7815-GCA037974335.1	('Simakov2022BCnS_genefamily_11392', 'Simakov2022BCnS_genefamily_4537')	0.0		match_both_missing	True
5701	1421417	Prionaceglauca-7815-GCA037974335.1	('Simakov2022BCnS_genefamily_12166', 'Simakov2022BCnS_genefamily_3756')	0.0		match_both_missing	True
5701	1478274	Prionaceglauca-7815-GCA037974335.1	('Simakov2022BCnS_genefamily_1375', 'Simakov2022BCnS_genefamily_364')	0.0		match_both_missing	True
5701	1535131	Prionaceglauca-7815-GCA037974335.1	('Simakov2022BCnS_genefamily_10846', 'Simakov2022BCnS_genefamily_1886')	0.0		match_both_missing	True
5701	1591988	Prionaceglauca-7815-GCA037974335.1	('Simakov2022BCnS_genefamily_6424', 'Simakov2022BCnS_genefamily_7051')	0.0		match_both_missing	True
5701	1648844	Prionaceglauca-7815-GCA037974335.1	('Simakov2022BCnS_genefamily_10640', 'Simakov2022BCnS_genefamily_11566')	0.0		match_both_missing	True
5701	1705701	Prionaceglauca-7815-GCA037974335.1	('Simakov2022BCnS_genefamily_1147', 'Simakov2022BCnS_genefamily_6516')	0.0		match_both_missing	True
5701	1762558	Prionaceglauca-7815-GCA037974335.1	('Simakov2022BCnS_genefamily_4672', 'Simakov2022BCnS_genefamily_6460')	0.0		match_both_missing	True
5701	1819414	Prionaceglauca-7815-GCA037974335.1	('Simakov2022BCnS_genefamily_12196', 'Simakov2022BCnS_genefamily_6391')	0.0		match_both_missing	True
5701	1876271	Prionaceglauca-7815-GCA037974335.1	('Simakov2022BCnS_genefamily_12417', 'Simakov2022BCnS_genefamily_3303')	0.0		match_both_missing	True
5701	1933128	Prionaceglauca-7815-GCA037974335.1	('Simakov2022BCnS_genefamily_1000', 'Simakov2022BCnS_genefamily_11359')	0.0		match_both_missing	True
5701	1989985	Prionaceglauca-7815-GCA037974335.1	('Simakov2022BCnS_genefamily_7708', 'Simakov2022BCnS_genefamily_8564')	0.0		match_both_missing	True
5701	2046841	Prionaceglauca-7815-GCA037974335.1	('Simakov2022BCnS_genefamily_2132', 'Simakov2022BCnS_genefamily_8050')	0.0		match_both_missing	True
5701	2103698	Prionaceglauca-7815-GCA037974335.1	('Simakov2022BCnS_genefamily_4395', 'Simakov2022BCnS_genefamily_8930')	0.0		match_both_missing	True
5701	2160555	Prionaceglauca-7815-GCA037974335.1	('Simakov2022BCnS_genefamily_7033', 'Simakov2022BCnS_genefamily_7620')	0.0		match_both_missing	True
5701	2217411	Prionaceglauca-7815-GCA037974335.1	('Simakov2022BCnS_genefamily_12360', 'Simakov2022BCnS_genefamily_3058')	0.0		match_both_missing	True
5701	2274268	Prionaceglauca-7815-GCA037974335.1	('Simakov2022BCnS_genefamily_132', 'Simakov2022BCnS_genefamily_4598')	0.0		match_both_missing	True
5701	2331125	Prionaceglauca-7815-GCA037974335.1	('Simakov2022BCnS_genefamily_12137', 'Simakov2022BCnS_genefamily_2209')	0.0		match_both_missing	True
5701	2387982	Prionaceglauca-7815-GCA037974335.1	('Simakov2022BCnS_genefamily_2917', 'Simakov2022BCnS_genefamily_883')	0.0		match_both_missing	True
5701	2444838	Prionaceglauca-7815-GCA037974335.1	('Simakov2022BCnS_genefamily_10131', 'Simakov2022BCnS_genefamily_7196')	0.0		match_both_missing	True
5701	2501695	Prionaceglauca-7815-GCA037974335.1	('Simakov2022BCnS_genefamily_1598', 'Simakov2022BCnS_genefamily_3869')	0.0		match_both_missing	True
5701	2558552	Prionaceglauca-7815-GCA037974335.1	('Simakov2022BCnS_genefamily_3592', 'Simakov2022BCnS_genefamily_999')	0.0		match_both_missing	True
5701	2615408	Prionaceglauca-7815-GCA037974335.1	('Simakov2022BCnS_genefamily_5675', 'Simakov2022BCnS_genefamily_8898')	0.0		match_both_missing	True
5701	2672265	Prionaceglauca-7815-GCA037974335.1	('Simakov2022BCnS_genefamily_10591', 'Simakov2022BCnS_genefamily_9321')	0.0		match_both_missing	True
5701	2729122	Prionaceglauca-7815-GCA037974335.1	('Simakov2022BCnS_genefamily_1144', 'Simakov2022BCnS_genefamily_7833')	0.0		match_both_missing	True
5701	2785979	Prionaceglauca-7815-GCA037974335.1	('Simakov2022BCnS_genefamily_3533', 'Simakov2022BCnS_genefamily_5668')	0.0		match_both_missing	True
5820	0	Nausithoeracemosa-2976324-GCA965183845.1	('Simakov2022BCnS_genefamily_11671', 'Simakov2022BCnS_genefamily_8892')	106095311.0	106095311.0	match	True
5820	56856	Nausithoeracemosa-2976324-GCA965183845.1	('Simakov2022BCnS_genefamily_3414', 'Simakov2022BCnS_genefamily_8719')	0.0		match_both_missing	True
5820	113713	Nausithoeracemosa-2976324-GCA965183845.1	('Simakov2022BCnS_genefamily_1642', 'Simakov2022BCnS_genefamily_7254')	0.0		match_both_missing	True
5820	170570	Nausithoeracemosa-2976324-GCA965183845.1	('Simakov2022BCnS_genefamily_7106', 'Simakov2022BCnS_genefamily_8489')	0.0		match_both_missing	True
5820	227426	Nausithoeracemosa-2976324-GCA965183845.1	('Simakov2022BCnS_genefamily_7876', 'Simakov2022BCnS_genefamily_8983')	0.0		match_both_missing	True
5820	284283	Nausithoeracemosa-2976324-GCA965183845.1	('Simakov2022BCnS_genefamily_11878', 'Simakov2022BCnS_genefamily_1767')	0.0		match_both_missing	True
5820	341140	Nausithoeracemosa-2976324-GCA965183845.1	('Simakov2022BCnS_genefamily_456', 'Simakov2022BCnS_genefamily_7275')	0.0		match_both_missing	True
5820	397997	Nausithoeracemosa-2976324-GCA965183845.1	('Simakov2022BCnS_genefamily_177', 'Simakov2022BCnS_genefamily_6305')	0.0		match_both_missing	True
5820	454853	Nausithoeracemosa-2976324-GCA965183845.1	('Simakov2022BCnS_genefamily_11081', 'Simakov2022BCnS_genefamily_2267')	0.0		match_both_missing	True
5820	511710	Nausithoeracemosa-2976324-GCA965183845.1	('Simakov2022BCnS_genefamily_11901', 'Simakov2022BCnS_genefamily_7442')	0.0		match_both_missing	True
5820	568567	Nausithoeracemosa-2976324-GCA965183845.1	('Simakov2022BCnS_genefamily_11043', 'Simakov2022BCnS_genefamily_7872')	0.0		match_both_missing	True
5820	625423	Nausithoeracemosa-2976324-GCA965183845.1	('Simakov2022BCnS_genefamily_7747', 'Simakov2022BCnS_genefamily_9166')	0.0		match_both_missing	True
5820	682280	Nausithoeracemosa-2976324-GCA965183845.1	('Simakov2022BCnS_genefamily_12548', 'Simakov2022BCnS_genefamily_3287')	0.0		match_both_missing	True
5820	739137	Nausithoeracemosa-2976324-GCA965183845.1	('Simakov2022BCnS_genefamily_1337', 'Simakov2022BCnS_genefamily_3482')	0.0		match_both_missing	True
5820	795994	Nausithoeracemosa-2976324-GCA965183845.1	('Simakov2022BCnS_genefamily_10438', 'Simakov2022BCnS_genefamily_11602')	0.0		match_both_missing	True
5820	852850	Nausithoeracemosa-2976324-GCA965183845.1	('Simakov2022BCnS_genefamily_10491', 'Simakov2022BCnS_genefamily_12830')	0.0		match_both_missing	True
5820	909707	Nausithoeracemosa-2976324-GCA965183845.1	('Simakov2022BCnS_genefamily_10246', 'Simakov2022BCnS_genefamily_12960')	0.0		match_both_missing	True
5820	966564	Nausithoeracemosa-2976324-GCA965183845.1	('Simakov2022BCnS_genefamily_2629', 'Simakov2022BCnS_genefamily_421')	0.0		match_both_missing	True
5820	1023420	Nausithoeracemosa-2976324-GCA965183845.1	('Simakov2022BCnS_genefamily_6596', 'Simakov2022BCnS_genefamily_8677')	0.0		match_both_missing	True
5820	1080277	Nausithoeracemosa-2976324-GCA965183845.1	('Simakov2022BCnS_genefamily_1880', 'Simakov2022BCnS_genefamily_5337')	0.0		match_both_missing	True
5820	1137134	Nausithoeracemosa-2976324-GCA965183845.1	('Simakov2022BCnS_genefamily_11749', 'Simakov2022BCnS_genefamily_8559')	0.0		match_both_missing	True
5820	1193991	Nausithoeracemosa-2976324-GCA965183845.1	('Simakov2022BCnS_genefamily_6846', 'Simakov2022BCnS_genefamily_8308')	0.0		match_both_missing	True
5820	1250847	Nausithoeracemosa-2976324-GCA965183845.1	('Simakov2022BCnS_genefamily_12960', 'Simakov2022BCnS_genefamily_6118')	0.0		match_both_missing	True
5820	1307704	Nausithoeracemosa-2976324-GCA965183845.1	('Simakov2022BCnS_genefamily_12390', 'Simakov2022BCnS_genefamily_5288')	0.0		match_both_missing	True
5820	1364561	Nausithoeracemosa-2976324-GCA965183845.1	('Simakov2022BCnS_genefamily_11392', 'Simakov2022BCnS_genefamily_4537')	0.0		match_both_missing	True
5820	1421417	Nausithoeracemosa-2976324-GCA965183845.1	('Simakov2022BCnS_genefamily_12166', 'Simakov2022BCnS_genefamily_3756')	0.0		match_both_missing	True
5820	1478274	Nausithoeracemosa-2976324-GCA965183845.1	('Simakov2022BCnS_genefamily_1375', 'Simakov2022BCnS_genefamily_364')	0.0		match_both_missing	True
5820	1535131	Nausithoeracemosa-2976324-GCA965183845.1	('Simakov2022BCnS_genefamily_10846', 'Simakov2022BCnS_genefamily_1886')	0.0		match_both_missing	True
5820	1591988	Nausithoeracemosa-2976324-GCA965183845.1	('Simakov2022BCnS_genefamily_6424', 'Simakov2022BCnS_genefamily_7051')	0.0		match_both_missing	True
5820	1648844	Nausithoeracemosa-2976324-GCA965183845.1	('Simakov2022BCnS_genefamily_10640', 'Simakov2022BCnS_genefamily_11566')	0.0		match_both_missing	True
5820	1705701	Nausithoeracemosa-2976324-GCA965183845.1	('Simakov2022BCnS_genefamily_1147', 'Simakov2022BCnS_genefamily_6516')	0.0		match_both_missing	True
5820	1762558	Nausithoeracemosa-2976324-GCA965183845.1	('Simakov2022BCnS_genefamily_4672', 'Simakov2022BCnS_genefamily_6460')	0.0		match_both_missing	True
5820	1819414	Nausithoeracemosa-2976324-GCA965183845.1	('Simakov2022BCnS_genefamily_12196', 'Simakov2022BCnS_genefamily_6391')	0.0		match_both_missing	True
5820	1876271	Nausithoeracemosa-2976324-GCA965183845.1	('Simakov2022BCnS_genefamily_12417', 'Simakov2022BCnS_genefamily_3303')	0.0		match_both_missing	True
5820	1933128	Nausithoeracemosa-2976324-GCA965183845.1	('Simakov2022BCnS_genefamily_1000', 'Simakov2022BCnS_genefamily_11359')	0.0		match_both_missing	True
5820	1989985	Nausithoeracemosa-2976324-GCA965183845.1	('Simakov2022BCnS_genefamily_7708', 'Simakov2022BCnS_genefamily_8564')	0.0		match_both_missing	True
5820	2046841	Nausithoeracemosa-2976324-GCA965183845.1	('Simakov2022BCnS_genefamily_2132', 'Simakov2022BCnS_genefamily_8050')	0.0		match_both_missing	True
5820	2103698	Nausithoeracemosa-2976324-GCA965183845.1	('Simakov2022BCnS_genefamily_4395', 'Simakov2022BCnS_genefamily_8930')	0.0		match_both_missing	True
5820	2160555	Nausithoeracemosa-2976324-GCA965183845.1	('Simakov2022BCnS_genefamily_7033', 'Simakov2022BCnS_genefamily_7620')	0.0		match_both_missing	True
5820	2217411	Nausithoeracemosa-2976324-GCA965183845.1	('Simakov2022BCnS_genefamily_12360', 'Simakov2022BCnS_genefamily_3058')	0.0		match_both_missing	True
5820	2274268	Nausithoeracemosa-2976324-GCA965183845.1	('Simakov2022BCnS_genefamily_132', 'Simakov2022BCnS_genefamily_4598')	0.0		match_both_missing	True
5820	2331125	Nausithoeracemosa-2976324-GCA965183845.1	('Simakov2022BCnS_genefamily_12137', 'Simakov2022BCnS_genefamily_2209')	0.0		match_both_missing	True
5820	2387982	Nausithoeracemosa-2976324-GCA965183845.1	('Simakov2022BCnS_genefamily_2917', 'Simakov2022BCnS_genefamily_883')	0.0		match_both_missing	True
5820	2444838	Nausithoeracemosa-2976324-GCA965183845.1	('Simakov2022BCnS_genefamily_10131', 'Simakov2022BCnS_genefamily_7196')	0.0		match_both_missing	True
5820	2501695	Nausithoeracemosa-2976324-GCA965183845.1	('Simakov2022BCnS_genefamily_1598', 'Simakov2022BCnS_genefamily_3869')	0.0		match_both_missing	True
5820	2558552	Nausithoeracemosa-2976324-GCA965183845.1	('Simakov2022BCnS_genefamily_3592', 'Simakov2022BCnS_genefamily_999')	118725156.0	118725156.0	match	True
5820	2615408	Nausithoeracemosa-2976324-GCA965183845.1	('Simakov2022BCnS_genefamily_5675', 'Simakov2022BCnS_genefamily_8898')	0.0		match_both_missing	True
5820	2672265	Nausithoeracemosa-2976324-GCA965183845.1	('Simakov2022BCnS_genefamily_10591', 'Simakov2022BCnS_genefamily_9321')	0.0		match_both_missing	True
5820	2729122	Nausithoeracemosa-2976324-GCA965183845.1	('Simakov2022BCnS_genefamily_1144', 'Simakov2022BCnS_genefamily_7833')	0.0		match_both_missing	True
5820	2785979	Nausithoeracemosa-2976324-GCA965183845.1	('Simakov2022BCnS_genefamily_3533', 'Simakov2022BCnS_genefamily_5668')	20868571.0	20868571.0	match	True
