key	accession	taxid	genus	species	minscafsize
Syconciliatum-27933-GCF964019385.1	GCF_964019385.1	27933	Sycon	ciliatum	28389300
Ephydatiamuelleri-6052-GCA049114765.1	GCA_049114765.1	6052	Ephydatia	muelleri	5391717
Halichondriapanicea-6063-GCF963675165.1	GCF_963675165.1	6063	Halichondria	panicea	5740248
Dysideaavara-196820-GCF963678975.1	GCF_963678975.1	196820	Dysidea	avara	14206406
Oscarellalobularis-121494-GCF947507565.1	GCF_947507565.1	121494	Oscarella	lobularis	2096693
Corticiumcandelabrum-121492-GCF963422355.1	GCF_963422355.1	121492	Corticium	candelabrum	5743123
Mnemiopsisleidyi-27923-GCA048537945.1	GCA_048537945.1	27923	Mnemiopsis	leidyi	11403665
Bolinopsismicroptera-2820187-GCF026151205.1	GCF_026151205.1	2820187	Bolinopsis	microptera	15201596
Convolutrilobamacropyga-536237-GCF964194025.1	GCF_964194025.1	536237	Convolutriloba	macropyga	48882530
Symsagittiferaroscoffensis-84072-GCF963678635.1	GCF_963678635.1	84072	Symsagittifera	roscoffensis	47790610
Gordionussp-3053472-GCA954871325.2	GCA_954871325.2	3053472	Gordionus	sp	31753433
Gordionussp-3053472-GCF954871325.1	GCF_954871325.1	3053472	Gordionus	sp	31753433
Nippostrongylusbrasiliensis-27835-GCA030553155.1	GCA_030553155.1	27835	Nippostrongylus	brasiliensis	28476151
Ancylostomaduodenale-51022-GCA050947105.1	GCA_050947105.1	51022	Ancylostoma	duodenale	38243265
Necatoramericanus-51031-GCA031761385.1	GCA_031761385.1	51031	Necator	americanus	35539000
Necatoramericanus-51031-GCF031761385.1	GCF_031761385.1	51031	Necator	americanus	35539000
Haemonchuscontortus-6289-GCA041937105.1	GCA_041937105.1	6289	Haemonchus	contortus	34318672
Caenorhabditisbrenneri-135651-GCA964036135.1	GCA_964036135.1	135651	Caenorhabditis	brenneri	15948836
Caenorhabditisnigoni-1611254-GCA002742825.1	GCA_002742825.1	1611254	Caenorhabditis	nigoni	15534478
Caenorhabditisremanei-31234-GCA010183535.1	GCA_010183535.1	31234	Caenorhabditis	remanei	17246545
Caenorhabditisremanei-31234-GCF010183535.1	GCF_010183535.1	31234	Caenorhabditis	remanei	17246545
Caenorhabditisbriggsae-6238-GCA000004555.3	GCA_000004555.3	6238	Caenorhabditis	briggsae	14577851
Caenorhabditisbriggsae-6238-GCA021491975.1	GCA_021491975.1	6238	Caenorhabditis	briggsae	14809976
Caenorhabditisbriggsae-6238-GCA022453885.1	GCA_022453885.1	6238	Caenorhabditis	briggsae	14817584
Caenorhabditisbriggsae-6238-GCF000004555.2	GCF_000004555.2	6238	Caenorhabditis	briggsae	14577851
Pristionchuspacificus-54126-GCA000180635.4	GCA_000180635.4	54126	Pristionchus	pacificus	17018893
Acanthocheilonemaviteae-6277-GCA046563165.1	GCA_046563165.1	6277	Acanthocheilonema	viteae	12574739
Brugiapahangi-6280-GCA012070555.1	GCA_012070555.1	6280	Brugia	pahangi	13237008
Steinernemahermaphroditum-289476-GCA030435675.2	GCA_030435675.2	289476	Steinernema	hermaphroditum	16668375
Steinernemacarpocapsae-34508-GCA000757645.3	GCA_000757645.3	34508	Steinernema	carpocapsae	20921283
Strongyloidesratti-34506-GCA001040885.1	GCA_001040885.1	34506	Strongyloides	ratti	4662306
Strongyloidesratti-34506-GCF001040885.1	GCF_001040885.1	34506	Strongyloides	ratti	4662306
Meloidogynehapla-6305-GCA051171035.1	GCA_051171035.1	6305	Meloidogyne	hapla	2557107
Penaeusmonodon-6687-GCF015228065.2	GCF_015228065.2	6687	Penaeus	monodon	6422705
Penaeusvannamei-6689-GCF042767895.1	GCF_042767895.1	6689	Penaeus	vannamei	5105578
Palaemoncarinicauda-392227-GCF036898095.1	GCF_036898095.1	392227	Palaemon	carinicauda	46252857
Macrobrachiumnipponense-159736-GCF015104395.2	GCF_015104395.2	159736	Macrobrachium	nipponense	19754767
Macrobrachiumrosenbergii-79674-GCF040412425.1	GCF_040412425.1	79674	Macrobrachium	rosenbergii	1472089
Cheraxquadricarinatus-27406-GCA038502225.1	GCA_038502225.1	27406	Cherax	quadricarinatus	11695821
Cheraxquadricarinatus-27406-GCF038502225.1	GCF_038502225.1	27406	Cherax	quadricarinatus	11695821
Procambarusclarkii-6728-GCF040958095.1	GCF_040958095.1	6728	Procambarus	clarkii	15926033
Panulirusornatus-150431-GCF036320965.1	GCF_036320965.1	150431	Panulirus	ornatus	6533551
Scyllaparamamosain-85552-GCA038387795.1	GCA_038387795.1	85552	Scylla	paramamosain	6461216
Scyllaparamamosain-85552-GCF035594125.1	GCF_035594125.1	85552	Scylla	paramamosain	5674811
Eriocheirsinensis-95602-GCF024679095.1	GCF_024679095.1	95602	Eriocheir	sinensis	7951464
Oratosquillaoratoria-337810-GCF046742065.1	GCF_046742065.1	337810	Oratosquilla	oratoria	35086666
Tigriopuscalifornicus-6832-GCA007210705.1	GCA_007210705.1	6832	Tigriopus	californicus	13374517
Tigriopuscalifornicus-6832-GCF007210705.1	GCF_007210705.1	6832	Tigriopus	californicus	13374517
Caligusrogercresseyi-217165-GCA013387185.1	GCA_013387185.1	217165	Caligus	rogercresseyi	8021948
Lepeophtheirussalmonis-72036-GCA902860245.1	GCA_902860245.1	72036	Lepeophtheirus	salmonis	13482551
Lepeophtheirussalmonis-72036-GCA905330665.1	GCA_905330665.1	72036	Lepeophtheirus	salmonis	13482551
Lepeophtheirussalmonis-72036-GCF016086655.4	GCF_016086655.4	72036	Lepeophtheirus	salmonis	799023
Artemiafranciscana-6661-GCA032884065.1	GCA_032884065.1	6661	Artemia	franciscana	34685959
Artemiafranciscana-6661-GCF032884065.1	GCF_032884065.1	6661	Artemia	franciscana	34685959
Daphniacarinata-120202-GCF022539665.2	GCF_022539665.2	120202	Daphnia	carinata	7870635
Daphniapulicaria-35523-GCF021234035.1	GCF_021234035.1	35523	Daphnia	pulicaria	3230808
Daphniamagna-35525-GCA030254905.1	GCA_030254905.1	35525	Daphnia	magna	8833792
Daphniamagna-35525-GCF003990815.1	GCF_003990815.1	35525	Daphnia	magna	8066627
Daphniamagna-35525-GCF020631705.1	GCF_020631705.1	35525	Daphnia	magna	9713962
Daphniasinensis-1820382-GCA013167095.2	GCA_013167095.2	1820382	Daphnia	sinensis	6950717
Daphniapulex-6669-GCF021134715.1	GCF_021134715.1	6669	Daphnia	pulex	6604251
Cloeondipterum-197152-GCF949628265.1	GCF_949628265.1	197152	Cloeon	dipterum	33196927
Ischnuraelegans-197161-GCF921293095.1	GCF_921293095.1	197161	Ischnura	elegans	21319372
Periplanetaamericana-6978-GCF040183065.1	GCF_040183065.1	6978	Periplaneta	americana	137669748
Anabrussimplex-316456-GCF040414725.1	GCF_040414725.1	316456	Anabrus	simplex	102393059
Anabrussimplex-316456-GCF040417275.1	GCF_040417275.1	316456	Anabrus	simplex	104791776
Schistocercaserialis-2023355-GCF023864345.2	GCF_023864345.2	2023355	Schistocerca	serialis	205405625
Schistocercapiceifrons-274613-GCF021461385.2	GCF_021461385.2	274613	Schistocerca	piceifrons	146942837
Schistocercacancellata-274614-GCF023864275.1	GCF_023864275.1	274614	Schistocerca	cancellata	170238443
Schistocercaamericana-7009-GCF021461395.2	GCF_021461395.2	7009	Schistocerca	americana	203334778
Schistocercagregaria-7010-GCF023897955.1	GCF_023897955.1	7010	Schistocerca	gregaria	157017166
Schistocercanitens-7011-GCF023898315.1	GCF_023898315.1	7011	Schistocerca	nitens	200736893
Dryococelusaustralis-614101-GCA029891345.1	GCA_029891345.1	614101	Dryococelus	australis	63350591
Bacillusrossius-93214-GCF032445375.1	GCF_032445375.1	93214	Bacillus	rossius	30373980
Menopongallinae-328185-GCA040285465.1	GCA_040285465.1	328185	Menopon	gallinae	25467178
Megalurothripsusitatus-439358-GCA026979955.1	GCA_026979955.1	439358	Megalurothrips	usitatus	10643695
Nilaparvatalugens-108931-GCF014356525.2	GCF_014356525.2	108931	Nilaparvata	lugens	10051300
Lycormadelicatula-130591-GCF047948215.1	GCF_047948215.1	130591	Lycorma	delicatula	55465916
Homalodiscavitripennis-197043-GCF021130785.1	GCF_021130785.1	197043	Homalodisca	vitripennis	132881420
Ranatrachinensis-642074-GCA040954505.1	GCA_040954505.1	642074	Ranatra	chinensis	7749000
Apolyguslucorum-248454-GCA009739505.2	GCA_009739505.2	248454	Apolygus	lucorum	16428041
Nesidiocoristenuis-355587-GCA036186465.1	GCA_036186465.1	355587	Nesidiocoris	tenuis	1258599
Rhynocorisfuscipes-488301-GCA040020575.1	GCA_040020575.1	488301	Rhynocoris	fuscipes	7949723
Nezaraviridula-85310-GCA928085145.1	GCA_928085145.1	85310	Nezara	viridula	93143212
Cyamophilawillieti-2604842-GCA041222665.1	GCA_041222665.1	2604842	Cyamophila	willieti	11159929
Bemisiatabaci-7038-GCA918797505.1	GCA_918797505.1	7038	Bemisia	tabaci	42752141
Bemisiatabaci-7038-GCF918797505.1	GCF_918797505.1	7038	Bemisia	tabaci	42752141
Metopolophiumdirhodum-44670-GCF019925205.1	GCF_019925205.1	44670	Metopolophium	dirhodum	33430937
Acyrthosiphonpisum-7029-GCF005508785.2	GCF_005508785.2	7029	Acyrthosiphon	pisum	42332646
Semiaphisheraclei-796293-GCA046119115.1	GCA_046119115.1	796293	Semiaphis	heraclei	93038174
Rhopalosiphumpadi-40932-GCF020882245.1	GCF_020882245.1	40932	Rhopalosiphum	padi	55399643
Rhopalosiphummaidis-43146-GCF003676215.2	GCF_003676215.2	43146	Rhopalosiphum	maidis	56291413
Aphisgossypii-80765-GCA917880025.4	GCA_917880025.4	80765	Aphis	gossypii	55001648
Aphisgossypii-80765-GCF020184175.1	GCF_020184175.1	80765	Aphis	gossypii	56066891
Planococcuscitri-170843-GCF950023065.1	GCF_950023065.1	170843	Planococcus	citri	72143642
Onthophagustaurus-166361-GCF036711975.1	GCF_036711975.1	166361	Onthophagus	taurus	226632
Holotrichiaoblita-644536-GCA023690525.1	GCA_023690525.1	644536	Holotrichia	oblita	16057598
Pyrocoeliapectoralis-417401-GCA036250285.1	GCA_036250285.1	417401	Pyrocoelia	pectoralis	30863195
Aquaticaleii-1421715-GCA035610365.1	GCA_035610365.1	1421715	Aquatica	leii	51296475
Harmoniaaxyridis-115357-GCF914767665.1	GCF_914767665.1	115357	Harmonia	axyridis	37126597
Coccinellaseptempunctata-41139-GCF907165205.1	GCF_907165205.1	41139	Coccinella	septempunctata	20752350
Brassicogethesaeneus-1431903-GCA921294245.1	GCA_921294245.1	1431903	Brassicogethes	aeneus	15696561
Aethinatumida-116153-GCF024364675.1	GCF_024364675.1	116153	Aethina	tumida	7125875
Tenebriomolitor-7067-GCF963966145.1	GCF_963966145.1	7067	Tenebrio	molitor	4783134
Triboliumcastaneum-7070-GCA000002335.3	GCA_000002335.3	7070	Tribolium	castaneum	7221678
Triboliumcastaneum-7070-GCF000002335.3	GCF_000002335.3	7070	Tribolium	castaneum	7221678
Triboliumcastaneum-7070-GCF031307605.1	GCF_031307605.1	7070	Tribolium	castaneum	4895840
Phaedoncochleariae-80249-GCA918026855.4	GCA_918026855.4	80249	Phaedon	cochleariae	32508682
Phyllotretastriolata-444603-GCA918026865.1	GCA_918026865.1	444603	Phyllotreta	striolata	3992247
Psylliodeschrysocephalus-3402493-GCA927349885.1	GCA_927349885.1	3402493	Psylliodes	chrysocephalus	4514028
Diabroticabalteata-107213-GCA918026665.1	GCA_918026665.1	107213	Diabrotica	balteata	89844724
Diabroticaundecimpunctata-50387-GCF040954645.1	GCF_040954645.1	50387	Diabrotica	undecimpunctata	33850832
Diabroticavirgifera-50390-GCF917563875.1	GCF_917563875.1	50390	Diabrotica	virgifera	155888765
Diorhabdacarinulata-1163345-GCF026250575.1	GCF_026250575.1	1163345	Diorhabda	carinulata	12718532
Diorhabdasublineata-1163346-GCF026230105.1	GCF_026230105.1	1163346	Diorhabda	sublineata	9122148
Ceutorhynchusassimilis-467358-GCA917834065.1	GCA_917834065.1	467358	Ceutorhynchus	assimilis	5056533
Anthonomusgrandis-2921223-GCF022605725.1	GCF_022605725.1	2921223	Anthonomus	grandis	1320277
Euwallaceasimilis-1736056-GCF039881205.1	GCF_039881205.1	1736056	Euwallacea	similis	1350217
Euwallaceafornicatus-995702-GCF040115645.1	GCF_040115645.1	995702	Euwallacea	fornicatus	1502025
Pseudolycoriellahygida-35572-GCA029228625.1	GCA_029228625.1	35572	Pseudolycoriella	hygida	64470705
Bradysiacoprophila-38358-GCF014529535.1	GCF_014529535.1	38358	Bradysia	coprophila	5427254
Anophelescoustani-139045-GCF943734705.1	GCF_943734705.1	139045	Anopheles	coustani	19032788
Anophelesziemanni-345580-GCF943734765.1	GCF_943734765.1	345580	Anopheles	ziemanni	19032788
Anophelesmaculipalpis-1496333-GCF943734695.1	GCF_943734695.1	1496333	Anopheles	maculipalpis	21650475
Anophelesstephensi-30069-GCF013141755.1	GCF_013141755.1	30069	Anopheles	stephensi	22712616
Anophelesnili-185578-GCF943737925.1	GCF_943737925.1	185578	Anopheles	nili	15966621
Anophelescoluzzii-1518534-GCF016920705.1	GCF_016920705.1	1518534	Anopheles	coluzzii	27655523
Anophelescoluzzii-1518534-GCF943734685.1	GCF_943734685.1	1518534	Anopheles	coluzzii	28268272
Anophelesmerus-30066-GCF017562075.2	GCF_017562075.2	30066	Anopheles	merus	26567755
Anophelesgambiae-7165-GCF943734735.2	GCF_943734735.2	7165	Anopheles	gambiae	28096889
Anophelesgambiae-180454-GCA000005575.1	GCA_000005575.1	180454	Anopheles	gambiae	24392108
Anophelesgambiae-180454-GCF000005575.2	GCF_000005575.2	180454	Anopheles	gambiae	24392108
Anophelesarabiensis-7173-GCF016920715.1	GCF_016920715.1	7173	Anopheles	arabiensis	26912133
Anophelesmarshallii-1521116-GCF943734725.1	GCF_943734725.1	1521116	Anopheles	marshallii	19746139
Anophelesmoucheti-186751-GCF943734755.1	GCF_943734755.1	186751	Anopheles	moucheti	18118141
Anophelesfunestus-62324-GCF943734845.2	GCF_943734845.2	62324	Anopheles	funestus	22263324
Anophelesalbimanus-7167-GCF013758885.1	GCF_013758885.1	7167	Anopheles	albimanus	13046563
Anophelesaquasalis-42839-GCF943734665.1	GCF_943734665.1	42839	Anopheles	aquasalis	6558987
Anophelesdarlingi-43151-GCF943734745.1	GCF_943734745.1	43151	Anopheles	darlingi	13400267
Anophelesbellator-139047-GCF943735745.2	GCF_943735745.2	139047	Anopheles	bellator	12333942
Anophelescruzii-68878-GCF943734635.1	GCF_943734635.1	68878	Anopheles	cruzii	12169496
Armigeressubalbatus-124917-GCF024139115.2	GCF_024139115.2	124917	Armigeres	subalbatus	318639189
Aedesaegypti-7159-GCF002204515.2	GCF_002204515.2	7159	Aedes	aegypti	310826022
Aedesalbopictus-7160-GCF035046485.1	GCF_035046485.1	7160	Aedes	albopictus	338176654
Uranotaenialowii-190385-GCF029784155.1	GCF_029784155.1	190385	Uranotaenia	lowii	216244183
Topomyiayanbarensis-2498891-GCF030247195.1	GCF_030247195.1	2498891	Topomyia	yanbarensis	217785545
Malayagenurostris-325434-GCF030247185.1	GCF_030247185.1	325434	Malaya	genurostris	166239421
Wyeomyiasmithii-174621-GCF029784165.1	GCF_029784165.1	174621	Wyeomyia	smithii	206861513
Sabethescyaneus-53552-GCF943734655.1	GCF_943734655.1	53552	Sabethes	cyaneus	174810163
Culexpipiens-42434-GCF016801865.2	GCF_016801865.2	42434	Culex	pipiens	139152999
Culexquinquefasciatus-7176-GCF015732765.1	GCF_015732765.1	7176	Culex	quinquefasciatus	132875167
Toxorhynchitesrutilus-329112-GCF029784135.1	GCF_029784135.1	329112	Toxorhynchites	rutilus	206423179
Culicoidesbrevitarsis-469753-GCF036172545.1	GCF_036172545.1	469753	Culicoides	brevitarsis	36016608
Polypedilumvanderplanki-319348-GCA018290095.1	GCA_018290095.1	319348	Polypedilum	vanderplanki	14018908
Chironomusriparius-315576-GCA917627325.4	GCA_917627325.4	315576	Chironomus	riparius	17017963
Phlebotomuspapatasi-29031-GCF024763615.1	GCF_024763615.1	29031	Phlebotomus	papatasi	4566584
Lutzomyialongipalpis-7200-GCF024334085.1	GCF_024334085.1	7200	Lutzomyia	longipalpis	25001758
Megaseliaabdita-88686-GCA048544405.1	GCA_048544405.1	88686	Megaselia	abdita	155576902
Episyrphusbalteatus-286459-GCF945859705.1	GCF_945859705.1	286459	Episyrphus	balteatus	9602207
Eupeodescorollae-290404-GCF945859685.1	GCF_945859685.1	290404	Eupeodes	corollae	7122402
Teleopsisdalmanni-139649-GCF002237135.1	GCF_002237135.1	139649	Teleopsis	dalmanni	102198558
Drosophilabusckii-30019-GCA001277935.1	GCA_001277935.1	30019	Drosophila	busckii	1161232
Drosophilabusckii-30019-GCF001277935.1	GCF_001277935.1	30019	Drosophila	busckii	1161232
Drosophilabusckii-30019-GCF011750605.1	GCF_011750605.1	30019	Drosophila	busckii	997951
Drosophilanasuta-42062-GCF023558535.2	GCF_023558535.2	42062	Drosophila	nasuta	2060818
Drosophilaalbomicans-7291-GCF009650485.2	GCF_009650485.2	7291	Drosophila	albomicans	1838965
Drosophilasulfurigaster-89887-GCF023558435.1	GCF_023558435.1	89887	Drosophila	sulfurigaster	2494194
Drosophilainnubila-198719-GCF004354385.1	GCF_004354385.1	198719	Drosophila	innubila	2026029
Drosophilavirilis-7244-GCF030788295.1	GCF_030788295.1	7244	Drosophila	virilis	2119509
Drosophilabipectinata-42026-GCF030179905.1	GCF_030179905.1	42026	Drosophila	bipectinata	20494715
Drosophilaananassae-7217-GCF017639315.1	GCF_017639315.1	7217	Drosophila	ananassae	20565725
Drosophilagunungcola-103775-GCA025200985.1	GCA_025200985.1	103775	Drosophila	gunungcola	31036916
Drosophilagunungcola-103775-GCF025200985.1	GCF_025200985.1	103775	Drosophila	gunungcola	31036916
Drosophilasantomea-129105-GCF016746245.2	GCF_016746245.2	129105	Drosophila	santomea	1428326
Drosophilamauritiana-7226-GCF004382145.1	GCF_004382145.1	7226	Drosophila	mauritiana	1159600
Drosophilamelanogaster-7227-GCA000001215.4	GCA_000001215.4	7227	Drosophila	melanogaster	1347131
Drosophilamelanogaster-7227-GCF000001215.4	GCF_000001215.4	7227	Drosophila	melanogaster	1347131
Drosophilasechellia-7238-GCF004382195.2	GCF_004382195.2	7238	Drosophila	sechellia	1276805
Drosophilasimulans-7240-GCA000259055.1	GCA_000259055.1	7240	Drosophila	simulans	948497
Drosophilasimulans-7240-GCA000754195.3	GCA_000754195.3	7240	Drosophila	simulans	1025345
Drosophilasimulans-7240-GCF000754195.2	GCF_000754195.2	7240	Drosophila	simulans	1025345
Drosophilasimulans-7240-GCF016746395.2	GCF_016746395.2	7240	Drosophila	simulans	1145867
Drosophilateissieri-7243-GCF016746235.2	GCF_016746235.2	7243	Drosophila	teissieri	1427144
Drosophilayakuba-7245-GCA000005975.1	GCA_000005975.1	7245	Drosophila	yakuba	1373474
Drosophilayakuba-7245-GCF000005975.2	GCF_000005975.2	7245	Drosophila	yakuba	1373474
Drosophilayakuba-7245-GCF016746365.2	GCF_016746365.2	7245	Drosophila	yakuba	1428802
Drosophilakikkawai-30033-GCF030179895.1	GCF_030179895.1	30033	Drosophila	kikkawai	2327157
Drosophilabiarmipes-125945-GCF025231255.1	GCF_025231255.1	125945	Drosophila	biarmipes	1888223
Drosophilasubpulchrella-1486046-GCF014743375.2	GCF_014743375.2	1486046	Drosophila	subpulchrella	2258897
Drosophilasuzukii-28584-GCF013340165.1	GCF_013340165.1	28584	Drosophila	suzukii	2567912
Drosophilasuzukii-28584-GCF037355615.1	GCF_037355615.1	28584	Drosophila	suzukii	4197164
Drosophilasuzukii-28584-GCF043229965.1	GCF_043229965.1	28584	Drosophila	suzukii	2559000
Drosophilatakahashii-29030-GCF030179915.1	GCF_030179915.1	29030	Drosophila	takahashii	3218735
Drosophilamadeirensis-30013-GCA040893045.1	GCA_040893045.1	30013	Drosophila	madeirensis	1487072
Drosophilasubobscura-7241-GCF008121235.1	GCF_008121235.1	7241	Drosophila	subobscura	1504893
Drosophilamiranda-7229-GCF000269505.1	GCF_000269505.1	7229	Drosophila	miranda	1771562
Drosophilamiranda-7229-GCF003369915.1	GCF_003369915.1	7229	Drosophila	miranda	2365016
Drosophilapseudoobscura-7237-GCF009870125.1	GCF_009870125.1	7237	Drosophila	pseudoobscura	1880070
Drosophilawillistoni-7260-GCF018902025.1	GCF_018902025.1	7260	Drosophila	willistoni	33853152
Bactroceradorsalis-27457-GCF023373825.1	GCF_023373825.1	27457	Bactrocera	dorsalis	42481483
Bactroceratryoni-59916-GCF016617805.1	GCF_016617805.1	59916	Bactrocera	tryoni	79643399
Bactroceraneohumeralis-98809-GCF024586455.1	GCF_024586455.1	98809	Bactrocera	neohumeralis	78884696
Bactroceraoleae-104688-GCF042242935.1	GCF_042242935.1	104688	Bactrocera	oleae	6025944
Zeugodacuscucurbitae-28588-GCF028554725.1	GCF_028554725.1	28588	Zeugodacus	cucurbitae	10200577
Eurostasolidaginis-178769-GCF040869045.1	GCF_040869045.1	178769	Eurosta	solidaginis	214581043
Anastrephaludens-28586-GCF028408465.1	GCF_028408465.1	28586	Anastrepha	ludens	6145282
Anastrephaobliqua-95512-GCF027943255.1	GCF_027943255.1	95512	Anastrepha	obliqua	80849008
Glossinafuscipes-201502-GCA048596035.1	GCA_048596035.1	201502	Glossina	fuscipes	56868686
Glossinafuscipes-201502-GCA049640005.1	GCA_049640005.1	201502	Glossina	fuscipes	47810298
Stomoxyscalcitrans-35570-GCF963082655.1	GCF_963082655.1	35570	Stomoxys	calcitrans	162292032
Haematobiairritans-7368-GCF050003625.1	GCF_050003625.1	7368	Haematobia	irritans	176567204
Calliphoravicina-7373-GCF958450345.1	GCF_958450345.1	7373	Calliphora	vicina	9036199
Luciliacuprina-7375-GCF022045245.1	GCF_022045245.1	7375	Lucilia	cuprina	16484197
Hermetiaillucens-343691-GCA905115235.1	GCA_905115235.1	343691	Hermetia	illucens	15434017
Hermetiaillucens-343691-GCF905115235.1	GCF_905115235.1	343691	Hermetia	illucens	15434017
Belonocnemakinseyi-2817044-GCF010883055.1	GCF_010883055.1	2817044	Belonocnema	kinseyi	119083255
Eretmocerushayati-131215-GCA029851415.1	GCA_029851415.1	131215	Eretmocerus	hayati	122603546
Nasoniavitripennis-7425-GCF000002325.3	GCF_000002325.3	7425	Nasonia	vitripennis	10314142
Nasoniavitripennis-7425-GCF009193385.2	GCF_009193385.2	7425	Nasonia	vitripennis	24759113
Cotesiaglomerata-32391-GCA020080835.1	GCA_020080835.1	32391	Cotesia	glomerata	15983902
Cotesiaglomerata-32391-GCF020080835.1	GCF_020080835.1	32391	Cotesia	glomerata	15983902
Microplitismediator-375433-GCF029852145.1	GCF_029852145.1	375433	Microplitis	mediator	16335533
Microplitisdemolitor-69319-GCF026212275.2	GCF_026212275.2	69319	Microplitis	demolitor	17636187
Aphidiusgifuensis-684658-GCA014905175.1	GCA_014905175.1	684658	Aphidius	gifuensis	18383974
Aphidiusgifuensis-684658-GCF014905175.1	GCF_014905175.1	684658	Aphidius	gifuensis	18383974
Diachasmimorphalongicaudata-58733-GCF034640455.1	GCF_034640455.1	58733	Diachasmimorpha	longicaudata	2176048
Venturiacanescens-32260-GCF019457755.1	GCF_019457755.1	32260	Venturia	canescens	17327130
Ooceraeabiroi-2015173-GCA003672135.1	GCA_003672135.1	2015173	Ooceraea	biroi	8739971
Ooceraeabiroi-2015173-GCF003672135.1	GCF_003672135.1	2015173	Ooceraea	biroi	8739971
Cardiocondylaobscurior-286306-GCA019399895.2	GCA_019399895.2	286306	Cardiocondyla	obscurior	1074729
Cardiocondylaobscurior-286306-GCF019399895.1	GCF_019399895.1	286306	Cardiocondyla	obscurior	1074729
Temnothoraxlongispinosus-300112-GCF030848805.1	GCF_030848805.1	300112	Temnothorax	longispinosus	13946275
Solenopsisinvicta-13686-GCF016802725.1	GCF_016802725.1	13686	Solenopsis	invicta	11280375
Monomoriumpharaonis-307658-GCF013373865.1	GCF_013373865.1	307658	Monomorium	pharaonis	16857934
Pogonomyrmexcalifornicus-144036-GCA050084945.1	GCA_050084945.1	144036	Pogonomyrmex	californicus	4036356
Linepithemahumile-83485-GCF040581485.1	GCF_040581485.1	83485	Linepithema	humile	12343000
Cataglyphishispanica-1086592-GCF021464435.1	GCF_021464435.1	1086592	Cataglyphis	hispanica	2510196
Cataglyphisniger-72791-GCA050437125.1	GCA_050437125.1	72791	Cataglyphis	niger	2288314
Anoplolepisgracilipes-354296-GCF047496725.1	GCF_047496725.1	354296	Anoplolepis	gracilipes	8737211
Lasiusplatythorax-488582-GCA964030505.2	GCA_964030505.2	488582	Lasius	platythorax	7856955
Vespavelutina-202808-GCF912470025.1	GCF_912470025.1	202808	Vespa	velutina	2846915
Vespacrabro-7445-GCF910589235.1	GCF_910589235.1	7445	Vespa	crabro	3644996
Vespulagermanica-30212-GCA014466195.1	GCA_014466195.1	30212	Vespula	germanica	2573510
Vespulapensylvanica-30213-GCA014466175.1	GCA_014466175.1	30213	Vespula	pensylvanica	2440984
Vespulapensylvanica-30213-GCF014466175.1	GCF_014466175.1	30213	Vespula	pensylvanica	2440984
Vespulavulgaris-7454-GCA014466185.1	GCA_014466185.1	7454	Vespula	vulgaris	2390224
Vespulavulgaris-7454-GCF905475345.1	GCF_905475345.1	7454	Vespula	vulgaris	2610779
Megachilerotundata-143995-GCF050947335.1	GCF_050947335.1	143995	Megachile	rotundata	14192779
Osmiabicornis-1437191-GCF907164935.1	GCF_907164935.1	1437191	Osmia	bicornis	8268188
Osmialignaria-1437193-GCF051020975.1	GCF_051020975.1	1437193	Osmia	lignaria	9234113
Hylaeusvolcanicus-313075-GCF026283585.1	GCF_026283585.1	313075	Hylaeus	volcanicus	3615698
Ptiloglossaarizonensis-3350558-GCF051014685.1	GCF_051014685.1	3350558	Ptiloglossa	arizonensis	7795672
Calliopsisandreniformis-337506-GCF051401765.1	GCF_051401765.1	337506	Calliopsis	andreniformis	12386989
Bombuspascuorum-65598-GCF905332965.1	GCF_905332965.1	65598	Bombus	pascuorum	3783179
Bombusvancouverensis-2705178-GCF051014615.1	GCF_051014615.1	2705178	Bombus	vancouverensis	5827008
Bombushuntii-85661-GCF024542735.1	GCF_024542735.1	85661	Bombus	huntii	6098404
Bombusfervidus-203811-GCF041682495.2	GCF_041682495.2	203811	Bombus	fervidus	4565612
Bombusterrestris-30195-GCF000214255.1	GCF_000214255.1	30195	Bombus	terrestris	3465108
Bombusterrestris-30195-GCF910591885.1	GCF_910591885.1	30195	Bombus	terrestris	5270557
Bombusaffinis-309941-GCF024516045.1	GCF_024516045.1	309941	Bombus	affinis	6025771
Bombuspyrosoma-396416-GCF014825855.1	GCF_014825855.1	396416	Bombus	pyrosoma	3530007
Apismellifera-7460-GCF000002195.4	GCF_000002195.4	7460	Apis	mellifera	7206165
Apismellifera-7460-GCF003254395.2	GCF_003254395.2	7460	Apis	mellifera	7237532
Apismellifera-88217-GCA013841245.2	GCA_013841245.2	88217	Apis	mellifera	7458100
Apiscerana-7461-GCF029169275.1	GCF_029169275.1	7461	Apis	cerana	7108830
Nomiamelanderi-2448451-GCF051020985.1	GCF_051020985.1	2448451	Nomia	melanderi	13834911
Lasioglossumbaleicum-434251-GCF051020765.1	GCF_051020765.1	434251	Lasioglossum	baleicum	7241976
Megaloptagenalis-115081-GCF051020955.1	GCF_051020955.1	115081	Megalopta	genalis	2712961
Athaliarosae-37344-GCF917208135.1	GCF_917208135.1	37344	Athalia	rosae	8842170
Neodiprionfabricii-2872261-GCF021155785.1	GCF_021155785.1	2872261	Neodiprion	fabricii	24980785
Neodiprionvirginianus-2961670-GCF021901495.1	GCF_021901495.1	2961670	Neodiprion	virginianus	25235252
Neodiprionlecontei-441921-GCF021901455.1	GCF_021901455.1	441921	Neodiprion	lecontei	26828685
Neodiprionpinetum-441929-GCF021155775.2	GCF_021155775.2	441929	Neodiprion	pinetum	27031962
Diprionsimilis-362088-GCF021155765.1	GCF_021155765.1	362088	Diprion	similis	10881974
Choristoneurafumiferana-7141-GCA025370935.1	GCA_025370935.1	7141	Choristoneura	fumiferana	9369214
Choristoneurafumiferana-7141-GCF025370935.1	GCF_025370935.1	7141	Choristoneura	fumiferana	9369214
Leguminivoraglycinivorella-1035111-GCF023078275.1	GCF_023078275.1	1035111	Leguminivora	glycinivorella	7313981
Cydiasplendana-1100963-GCF910591565.1	GCF_910591565.1	1100963	Cydia	splendana	9885310
Cydiastrobilella-1100964-GCF947568885.1	GCF_947568885.1	1100964	Cydia	strobilella	8400412
Cydiafagiglandana-1458189-GCF963556715.1	GCF_963556715.1	1458189	Cydia	fagiglandana	10078619
Cydiaamplana-1869771-GCF948474715.1	GCF_948474715.1	1869771	Cydia	amplana	7941088
Cydiapomonella-82600-GCF033807575.1	GCF_033807575.1	82600	Cydia	pomonella	10178653
Bombyxmori-7091-GCF014905235.1	GCF_014905235.1	7091	Bombyx	mori	8395445
Bombyxmori-7091-GCF030269925.1	GCF_030269925.1	7091	Bombyx	mori	8413026
Dendrolimuskikuchii-765133-GCA019925095.2	GCA_019925095.2	765133	Dendrolimus	kikuchii	12129500
Manducasexta-7130-GCF014839805.1	GCF_014839805.1	7130	Manduca	sexta	5616298
Anticarsiagemmatalis-129554-GCF050436995.1	GCF_050436995.1	129554	Anticarsia	gemmatalis	5411283
Helicoverpaarmigera-29058-GCF023701775.1	GCF_023701775.1	29058	Helicoverpa	armigera	5717129
Helicoverpaarmigera-29058-GCF030705265.1	GCF_030705265.1	29058	Helicoverpa	armigera	5555251
Helicoverpazea-7113-GCF022581195.2	GCF_022581195.2	7113	Helicoverpa	zea	6315813
Mythimnaseparata-271217-GCA029852925.1	GCA_029852925.1	271217	Mythimna	separata	13041694
Mythimnaloreyi-667449-GCA029852875.1	GCA_029852875.1	667449	Mythimna	loreyi	7337705
Spodopteralitura-69820-GCF002706865.2	GCF_002706865.2	69820	Spodoptera	litura	6463562
Spodopteraexigua-7107-GCA902829305.4	GCA_902829305.4	7107	Spodoptera	exigua	8145969
Spodopterafrugiperda-7108-GCF011064685.2	GCF_011064685.2	7108	Spodoptera	frugiperda	3437045
Spodopterafrugiperda-7108-GCF023101765.2	GCF_023101765.2	7108	Spodoptera	frugiperda	7067167
Spodopteralittoralis-7109-GCA902850265.1	GCA_902850265.1	7109	Spodoptera	littoralis	9180187
Chrysodeixisincludens-689277-GCA903961255.1	GCA_903961255.1	689277	Chrysodeixis	includens	5676130
Trichoplusiani-7111-GCF003590095.1	GCF_003590095.1	7111	Trichoplusia	ni	2921066
Ariciaagestis-91739-GCF905147365.1	GCF_905147365.1	91739	Aricia	agestis	9089845
Danausplexippus-13037-GCF018135715.1	GCF_018135715.1	13037	Danaus	plexippus	2837588
Danausplexippus-278856-GCF009731565.1	GCF_009731565.1	278856	Danaus	plexippus	3410326
Brenthisino-405034-GCA921882275.1	GCA_921882275.1	405034	Brenthis	ino	21895077
Vanessacardui-171605-GCF905220365.1	GCF_905220365.1	171605	Vanessa	cardui	6165334
Vanessatameamea-334116-GCF037043105.1	GCF_037043105.1	334116	Vanessa	tameamea	4937071
Vanessaatalanta-42275-GCF905147765.1	GCF_905147765.1	42275	Vanessa	atalanta	5421245
Nymphalisio-171585-GCF905147045.1	GCF_905147045.1	171585	Nymphalis	io	7425551
Melitaeacinxia-113334-GCF905220565.1	GCF_905220565.1	113334	Melitaea	cinxia	8851510
Maniolajurtina-191418-GCF905333055.1	GCF_905333055.1	191418	Maniola	jurtina	6656725
Bicyclusanynana-110368-GCF947172395.1	GCF_947172395.1	110368	Bicyclus	anynana	7595630
Parargeaegeria-116150-GCF905163445.1	GCF_905163445.1	116150	Pararge	aegeria	2083383
Pierisrapae-64459-GCF905147795.1	GCF_905147795.1	64459	Pieris	rapae	3175464
Pierisbrassicae-7116-GCF905147105.1	GCF_905147105.1	7116	Pieris	brassicae	5287906
Pierisnapi-78633-GCF905475465.1	GCF_905475465.1	78633	Pieris	napi	2676523
Zerenecesonia-33412-GCF012273895.1	GCF_012273895.1	33412	Zerene	cesonia	3018848
Coliascroceus-72248-GCF905220415.1	GCF_905220415.1	72248	Colias	croceus	2163988
Iphiclidespodalirius-110791-GCA933534255.1	GCA_933534255.1	110791	Iphiclides	podalirius	6780142
Papiliomachaon-76193-GCF912999745.1	GCF_912999745.1	76193	Papilio	machaon	4388952
Ostrinianubilalis-29057-GCF963855985.1	GCF_963855985.1	29057	Ostrinia	nubilalis	7496762
Loxostegesticticalis-481309-GCA040581525.1	GCA_040581525.1	481309	Loxostege	sticticalis	8588422
Loxostegesticticalis-481309-GCA040581535.1	GCA_040581535.1	481309	Loxostege	sticticalis	8419647
Chilosuppressalis-168631-GCA902850365.2	GCA_902850365.2	168631	Chilo	suppressalis	11670625
Diatraeasaccharalis-40085-GCA918026875.4	GCA_918026875.4	40085	Diatraea	saccharalis	3912234
Plodiainterpunctella-58824-GCF027563975.2	GCF_027563975.2	58824	Plodia	interpunctella	3975440
Pectinophoragossypiella-13191-GCF024362695.1	GCF_024362695.1	13191	Pectinophora	gossypiella	6474821
Plutellaxylostella-51655-GCA019096205.1	GCA_019096205.1	51655	Plutella	xylostella	5377391
Plutellaxylostella-51655-GCF932276165.1	GCF_932276165.1	51655	Plutella	xylostella	5530438
Chrysoperlacarnea-189513-GCF905475395.1	GCF_905475395.1	189513	Chrysoperla	carnea	38617709
Pycnogonumlitorale-261975-GCA964442445.1	GCA_964442445.1	261975	Pycnogonum	litorale	3885230
Tachypleustridentatus-6853-GCF004210375.1	GCF_004210375.1	6853	Tachypleus	tridentatus	59398872
Cordylochernesscorpioides-51811-GCA030710605.1	GCA_030710605.1	51811	Cordylochernes	scorpioides	63054995
Uloborusdiversus-327109-GCF026930045.1	GCF_026930045.1	327109	Uloborus	diversus	139171590
Parasteatodatepidariorum-114398-GCF043381705.1	GCF_043381705.1	114398	Parasteatoda	tepidariorum	60116610
Argiopebruennichi-94029-GCA015342795.1	GCA_015342795.1	94029	Argiope	bruennichi	94017256
Argiopebruennichi-94029-GCF947563725.1	GCF_947563725.1	94029	Argiope	bruennichi	105100263
Oedothoraxgibbosus-931172-GCA019343175.1	GCA_019343175.1	931172	Oedothorax	gibbosus	10062192
Ornithodorosturicata-34597-GCF037126465.1	GCF_037126465.1	34597	Ornithodoros	turicata	36057860
Dermacentorandersoni-34620-GCF023375885.2	GCF_023375885.2	34620	Dermacentor	andersoni	126946863
Dermacentorvariabilis-34621-GCF050947875.1	GCF_050947875.1	34621	Dermacentor	variabilis	127597819
Dermacentorsilvarum-543639-GCA013339745.2	GCA_013339745.2	543639	Dermacentor	silvarum	121799482
Dermacentorsilvarum-543639-GCF013339745.2	GCF_013339745.2	543639	Dermacentor	silvarum	121799482
Dermacentoralbipictus-60249-GCF038994185.2	GCF_038994185.2	60249	Dermacentor	albipictus	101417226
Rhipicephalussanguineus-34632-GCA013339695.2	GCA_013339695.2	34632	Rhipicephalus	sanguineus	145389364
Rhipicephalussanguineus-34632-GCF013339695.2	GCF_013339695.2	34632	Rhipicephalus	sanguineus	145389364
Rhipicephalusmicroplus-6941-GCA013339725.1	GCA_013339725.1	6941	Rhipicephalus	microplus	126223405
Rhipicephalusmicroplus-6941-GCF013339725.1	GCF_013339725.1	6941	Rhipicephalus	microplus	126223405
Rhipicephalusmicroplus-6941-GCF043290135.1	GCF_043290135.1	6941	Rhipicephalus	microplus	109574144
Hyalommaasiaticum-266040-GCA013339685.2	GCA_013339685.2	266040	Hyalomma	asiaticum	75467557
Haemaphysalislongicornis-44386-GCA013339765.2	GCA_013339765.2	44386	Haemaphysalis	longicornis	116451251
Ixodespacificus-29930-GCA964199305.2	GCA_964199305.2	29930	Ixodes	pacificus	63754501
Ixodeshexagonus-34612-GCA964199285.2	GCA_964199285.2	34612	Ixodes	hexagonus	46406354
Ixodespersulcatus-34615-GCA964199295.2	GCA_964199295.2	34615	Ixodes	persulcatus	80801086
Brevipalpusobovatus-246614-GCF050580445.1	GCF_050580445.1	246614	Brevipalpus	obovatus	33434302
Sarcoptesscabiei-52283-GCA020844145.1	GCA_020844145.1	52283	Sarcoptes	scabiei	5515816
Dermatophagoidesfarinae-6954-GCF024713945.1	GCF_024713945.1	6954	Dermatophagoides	farinae	3347946
Blomiatropicalis-40697-GCA029204025.1	GCA_029204025.1	40697	Blomia	tropicalis	6762303
Watersiporasubatra-2589382-GCF963576615.1	GCF_963576615.1	2589382	Watersipora	subatra	46060466
Neoechinorhynchusagilis-2593365-GCA051530055.1	GCA_051530055.1	2593365	Neoechinorhynchus	agilis	7815151
Dicrocoeliumdendriticum-57078-GCA944474145.2	GCA_944474145.2	57078	Dicrocoelium	dendriticum	64036957
Trichobilharziaregenti-157069-GCA944472135.2	GCA_944472135.2	157069	Trichobilharzia	regenti	58498748
Trichobilharziaszidati-157070-GCA944472155.2	GCA_944472155.2	157070	Trichobilharzia	szidati	68639173
Heterobilharziaamericana-39320-GCA944470545.2	GCA_944470545.2	39320	Heterobilharzia	americana	35199819
Heterobilharziaamericana-39320-GCA944470555.2	GCA_944470555.2	39320	Heterobilharzia	americana	36057255
Schistosomaturkestanicum-1163369-GCA944470395.2	GCA_944470395.2	1163369	Schistosoma	turkestanicum	23358495
Schistosomamattheei-31246-GCA944470405.2	GCA_944470405.2	31246	Schistosoma	mattheei	18410137
Schistosomamekongi-38744-GCA034768735.1	GCA_034768735.1	38744	Schistosoma	mekongi	19535062
Schistosomaguineensis-393876-GCA944470375.2	GCA_944470375.2	393876	Schistosoma	guineensis	18460692
Schistosomamargrebowiei-48269-GCA944470205.2	GCA_944470205.2	48269	Schistosoma	margrebowiei	18574844
Schistosomajaponicum-6182-GCA021461655.1	GCA_021461655.1	6182	Schistosoma	japonicum	22145671
Schistosomamansoni-6183-GCA000237925.2	GCA_000237925.2	6183	Schistosoma	mansoni	9383253
Schistosomabovis-6184-GCA944470425.2	GCA_944470425.2	6184	Schistosoma	bovis	18761519
Schistosomabovis-6184-GCA944470445.2	GCA_944470445.2	6184	Schistosoma	bovis	20662664
Schistosomahaematobium-6185-GCA000699445.3	GCA_000699445.3	6185	Schistosoma	haematobium	19480189
Schistosomahaematobium-6185-GCA944470455.2	GCA_944470455.2	6185	Schistosoma	haematobium	18965896
Schistosomahaematobium-6185-GCA944470465.2	GCA_944470465.2	6185	Schistosoma	haematobium	21190882
Schistosomahaematobium-6185-GCF000699445.3	GCF_000699445.3	6185	Schistosoma	haematobium	19480189
Schistosomacurassoni-6186-GCA944474815.3	GCA_944474815.3	6186	Schistosoma	curassoni	17732261
Schistosomaintercalatum-6187-GCA944470365.2	GCA_944470365.2	6187	Schistosoma	intercalatum	18260957
Schistosomaintercalatum-6187-GCA944470385.2	GCA_944470385.2	6187	Schistosoma	intercalatum	18188526
Schistosomarodhaini-6188-GCA944470415.2	GCA_944470415.2	6188	Schistosoma	rodhaini	18719748
Schistosomarodhaini-6188-GCA944470435.2	GCA_944470435.2	6188	Schistosoma	rodhaini	18861652
Schistosomaspindalis-6189-GCA946903255.1	GCA_946903255.1	6189	Schistosoma	spindalis	18352767
Clonorchissinensis-79923-GCA003604175.2	GCA_003604175.2	79923	Clonorchis	sinensis	29610599
Spirometrasp-3031171-GCA051168835.1	GCA_051168835.1	3031171	Spirometra	sp	31130135
Echinococcusgranulosus-6210-GCA021556725.1	GCA_021556725.1	6210	Echinococcus	granulosus	8368521
Tubulanuspolymorphus-672921-GCF964204645.1	GCF_964204645.1	672921	Tubulanus	polymorphus	11547486
Lineuslongissimus-88925-GCF910592395.1	GCF_910592395.1	88925	Lineus	longissimus	13631599
Haliotisasinina-109174-GCF037392515.1	GCF_037392515.1	109174	Haliotis	asinina	49713875
Bradybaenasimilaris-145626-GCA050415755.1	GCA_050415755.1	145626	Bradybaena	similaris	53215703
Biomphalariaglabrata-6526-GCA025434175.2	GCA_025434175.2	6526	Biomphalaria	glabrata	24538238
Biomphalariaglabrata-6526-GCF947242115.1	GCF_947242115.1	6526	Biomphalaria	glabrata	24812541
Gigantopeltaaegis-1735272-GCF016097555.1	GCF_016097555.1	1735272	Gigantopelta	aegis	35396884
Littorinasaxatilis-31220-GCA037325665.1	GCA_037325665.1	31220	Littorina	saxatilis	44899717
Littorinasaxatilis-31220-GCF037325665.1	GCF_037325665.1	31220	Littorina	saxatilis	44899717
Babyloniaareolata-304850-GCF041734735.1	GCF_041734735.1	304850	Babylonia	areolata	23143295
Pomaceacanaliculata-400727-GCA003073045.1	GCA_003073045.1	400727	Pomacea	canaliculata	19365143
Pomaceacanaliculata-400727-GCF003073045.1	GCF_003073045.1	400727	Pomacea	canaliculata	19365143
Patellavulgata-6465-GCF932274485.2	GCF_932274485.2	6465	Patella	vulgata	47189821
Argopectenirradians-31199-GCF041381155.1	GCF_041381155.1	31199	Argopecten	irradians	34530595
Pectenmaximus-6579-GCF902652985.1	GCF_902652985.1	6579	Pecten	maximus	32482354
Mytilusgalloprovincialis-29158-GCF965363235.1	GCF_965363235.1	29158	Mytilus	galloprovincialis	73463853
Mytilusedulis-6550-GCF963676685.1	GCF_963676685.1	6550	Mytilus	edulis	71276076
Mytilustrossulus-6551-GCF036588685.1	GCF_036588685.1	6551	Mytilus	trossulus	60197110
Tegillarcagranosa-220873-GCA029721355.1	GCA_029721355.1	220873	Tegillarca	granosa	16832835
Magallanaangulata-2784310-GCF025612915.1	GCF_025612915.1	2784310	Magallana	angulata	39825282
Magallanagigas-29159-GCF963853765.1	GCF_963853765.1	29159	Magallana	gigas	37309742
Ostreaedulis-37623-GCF947568905.1	GCF_947568905.1	37623	Ostrea	edulis	48988042
Crassostreavirginica-6565-GCF002022765.2	GCF_002022765.2	6565	Crassostrea	virginica	32649045
Sinanodontawoodiana-1069815-GCA046254885.1	GCA_046254885.1	1069815	Sinanodonta	woodiana	89976916
Dreissenapolymorpha-45954-GCA020536995.1	GCA_020536995.1	45954	Dreissena	polymorpha	51056412
Dreissenapolymorpha-45954-GCF020536995.1	GCF_020536995.1	45954	Dreissena	polymorpha	51056412
Myaarenaria-6604-GCA026914265.1	GCA_026914265.1	6604	Mya	arenaria	52864736
Myaarenaria-6604-GCF026914265.1	GCF_026914265.1	6604	Mya	arenaria	52864736
Mactraantiquata-2302425-GCA047288015.1	GCA_047288015.1	2302425	Mactra	antiquata	15760654
Mercenariamercenaria-6596-GCF014805675.1	GCF_014805675.1	6596	Mercenaria	mercenaria	49501607
Mercenariamercenaria-6596-GCF021730395.1	GCF_021730395.1	6596	Mercenaria	mercenaria	46479821
Octopussinensis-2607531-GCF006345805.1	GCF_006345805.1	2607531	Octopus	sinensis	15105159
Octopusbimaculoides-37653-GCF001194135.2	GCF_001194135.2	37653	Octopus	bimaculoides	10082081
Octopusvulgaris-6645-GCA951406725.2	GCA_951406725.2	6645	Octopus	vulgaris	21160123
Liolophurasinensis-3198878-GCF032854445.1	GCF_032854445.1	3198878	Liolophura	sinensis	19478325
Adinetavaga-104782-GCA021613535.1	GCA_021613535.1	104782	Adineta	vaga	13892210
Ptychoderaflava-63121-GCF041260155.1	GCF_041260155.1	63121	Ptychodera	flava	35944698
Antedonmediterranea-105859-GCF964355755.1	GCF_964355755.1	105859	Antedon	mediterranea	22272604
Asteriasamurensis-7602-GCF032118995.1	GCF_032118995.1	7602	Asterias	amurensis	13425355
Asteriasrubens-7604-GCF902459465.1	GCF_902459465.1	7604	Asterias	rubens	10581139
Amphiurafiliformis-82378-GCF039555335.1	GCF_039555335.1	82378	Amphiura	filiformis	60071021
Diademasetosum-31175-GCF964275005.1	GCF_964275005.1	31175	Diadema	setosum	30925319
Lytechinuspictus-7653-GCF015342785.2	GCF_015342785.2	7653	Lytechinus	pictus	35818468
Lytechinuspictus-7653-GCF037042905.1	GCF_037042905.1	7653	Lytechinus	pictus	15789492
Lytechinusvariegatus-7654-GCF018143015.1	GCF_018143015.1	7654	Lytechinus	variegatus	23401679
Holothurialeucospilota-206669-GCA029531755.1	GCA_029531755.1	206669	Holothuria	leucospilota	39177348
Apostichopusjaponicus-307972-GCF037975245.1	GCF_037975245.1	307972	Apostichopus	japonicus	18211455
Oikopleuradioica-34765-GCA907165135.1	GCA_907165135.1	34765	Oikopleura	dioica	2915375
Cionaintestinalis-7719-GCF000224145.3	GCF_000224145.3	7719	Ciona	intestinalis	1791679
Branchiostomafloridae-7739-GCF000003815.2	GCF_000003815.2	7739	Branchiostoma	floridae	17115508
Branchiostomalanceolatum-7740-GCA927797965.1	GCA_927797965.1	7740	Branchiostoma	lanceolatum	15321015
Myxineglutinosa-7769-GCF040869285.1	GCF_040869285.1	7769	Myxine	glutinosa	109068734
Lampetrafluviatilis-7748-GCA965212235.1	GCA_965212235.1	7748	Lampetra	fluviatilis	1183262
Lampetraplaneri-7750-GCA965212315.1	GCA_965212315.1	7750	Lampetra	planeri	1227934
Petromyzonmarinus-7757-GCF010993605.1	GCF_010993605.1	7757	Petromyzon	marinus	521241
Petromyzonmarinus-7757-GCF048934315.1	GCF_048934315.1	7757	Petromyzon	marinus	5292410
Lethenteronreissneri-7753-GCF015708825.1	GCF_015708825.1	7753	Lethenteron	reissneri	4530071
Erpetoichthyscalabaricus-27687-GCF900747795.2	GCF_900747795.2	27687	Erpetoichthys	calabaricus	89128353
Polypterussenegalus-55291-GCA016835505.1	GCA_016835505.1	55291	Polypterus	senegalus	99502899
Polypterussenegalus-55291-GCF016835505.1	GCF_016835505.1	55291	Polypterus	senegalus	99502899
Husohuso-61971-GCA036884735.1	GCA_036884735.1	61971	Huso	huso	4045575
Acipenseroxyrinchus-40147-GCA030684275.1	GCA_030684275.1	40147	Acipenser	oxyrinchus	4859582
Acipenserruthenus-7906-GCF010645085.2	GCF_010645085.2	7906	Acipenser	ruthenus	486542
Acipenserruthenus-7906-GCF902713425.1	GCF_902713425.1	7906	Acipenser	ruthenus	4334207
Polyodonspathula-7913-GCF017654505.1	GCF_017654505.1	7913	Polyodon	spathula	1182500
Lepisosteusoculatus-7918-GCF000242695.1	GCF_000242695.1	7918	Lepisosteus	oculatus	292761
Albulagoreensis-1534307-GCA022829145.1	GCA_022829145.1	1534307	Albula	goreensis	23708570
Megalopscyprinoides-118141-GCF013368585.1	GCF_013368585.1	118141	Megalops	cyprinoides	20412686
Megalopsatlanticus-7932-GCA019176425.1	GCA_019176425.1	7932	Megalops	atlanticus	22757270
Synaphobranchuskaupii-118154-GCA029718625.1	GCA_029718625.1	118154	Synaphobranchus	kaupii	18511305
Gymnothoraxjavanicus-473457-GCA029692085.1	GCA_029692085.1	473457	Gymnothorax	javanicus	36442678
Anguillaanguilla-7936-GCA018320845.1	GCA_018320845.1	7936	Anguilla	anguilla	22954903
Anguillaanguilla-7936-GCF013347855.1	GCF_013347855.1	7936	Anguilla	anguilla	18430713
Anguillarostrata-7938-GCF018555375.3	GCF_018555375.3	7938	Anguilla	rostrata	16103911
Congerconger-82655-GCA029692045.1	GCA_029692045.1	82655	Conger	conger	25317584
Congerconger-82655-GCF963514075.1	GCF_963514075.1	82655	Conger	conger	23409519
Arapaimagigas-113544-GCA007844225.2	GCA_007844225.2	113544	Arapaima	gigas	8057879
Arapaimagigas-113544-GCA047496915.1	GCA_047496915.1	113544	Arapaima	gigas	8037488
Scleropagesformosus-113540-GCF900964775.1	GCF_900964775.1	113540	Scleropages	formosus	19075140
Brienomyrusbrachyistius-42636-GCF023856365.1	GCF_023856365.1	42636	Brienomyrus	brachyistius	9641008
Paramormyropskingsleyae-1676925-GCF048594095.1	GCF_048594095.1	1676925	Paramormyrops	kingsleyae	21859095
Lamprisincognitus-2546036-GCF029633865.1	GCF_029633865.1	2546036	Lampris	incognitus	30093572
Thalassophryneamazonica-390379-GCF902500255.1	GCF_902500255.1	390379	Thalassophryne	amazonica	36246805
Sphaeramiaorbicularis-375764-GCF902148855.1	GCF_902148855.1	375764	Sphaeramia	orbicularis	30693919
Mugilogobiuschulae-88201-GCA038363315.1	GCA_038363315.1	88201	Mugilogobius	chulae	20860350
Mugilogobiuschulae-88201-GCA046056395.1	GCA_046056395.1	88201	Mugilogobius	chulae	20860350
Knipowitschiacaucasica-637954-GCA964034765.1	GCA_964034765.1	637954	Knipowitschia	caucasica	22947807
Periophthalmusmagnuspinnatus-409849-GCA026225835.1	GCA_026225835.1	409849	Periophthalmus	magnuspinnatus	1926754
Periophthalmusmagnuspinnatus-409849-GCF009829125.3	GCF_009829125.3	409849	Periophthalmus	magnuspinnatus	19531153
Syngnathusacus-161584-GCF901709675.1	GCF_901709675.1	161584	Syngnathus	acus	7077972
Syngnathusscovelli-161590-GCF024217435.2	GCF_024217435.2	161590	Syngnathus	scovelli	7292477
Syngnathustyphle-161592-GCF033458585.1	GCF_033458585.1	161592	Syngnathus	typhle	8991843
Nerophisophidion-159077-GCF033978795.1	GCF_033978795.1	159077	Nerophis	ophidion	31223652
Nerophislumbriciformis-546530-GCF033978685.3	GCF_033978685.3	546530	Nerophis	lumbriciformis	24164811
Corythoichthysintestinalis-161448-GCF030265065.1	GCF_030265065.1	161448	Corythoichthys	intestinalis	38587721
Doryrhamphusexcisus-161450-GCF030265055.1	GCF_030265055.1	161450	Doryrhamphus	excisus	12985849
Entelurusaequoreus-161455-GCF033978785.1	GCF_033978785.1	161455	Entelurus	aequoreus	36799695
Phyllopteryxtaeniolatus-161469-GCF024500385.1	GCF_024500385.1	161469	Phyllopteryx	taeniolatus	8508314
Syngnathoidesbiaculeatus-300417-GCF019802595.1	GCF_019802595.1	300417	Syngnathoides	biaculeatus	6743010
Dunckerocampusdactyliophorus-161453-GCF027744805.1	GCF_027744805.1	161453	Dunckerocampus	dactyliophorus	17803902
Phycoduruseques-693459-GCF024500275.1	GCF_024500275.1	693459	Phycodurus	eques	7283659
Hippocampuszosterae-109293-GCF025434085.1	GCF_025434085.1	109293	Hippocampus	zosterae	10503641
Synchiropussplendidus-270530-GCF027744825.2	GCF_027744825.2	270530	Synchiropus	splendidus	18014142
Scomberjaponicus-13676-GCF027409825.1	GCF_027409825.1	13676	Scomber	japonicus	18707008
Scomberscombrus-13677-GCF963691925.1	GCF_963691925.1	13677	Scomber	scombrus	16564340
Thunnusalbacares-8236-GCF914725855.1	GCF_914725855.1	8236	Thunnus	albacares	20575146
Thunnusthynnus-8237-GCF963924715.1	GCF_963924715.1	8237	Thunnus	thynnus	20977224
Thunnusmaccoyii-8240-GCF910596095.1	GCF_910596095.1	8240	Thunnus	maccoyii	20450074
Bettasplendens-158456-GCF900634795.4	GCF_900634795.4	158456	Betta	splendens	14431533
Anabastestudineus-64144-GCF900324465.2	GCF_900324465.2	64144	Anabas	testudineus	15358112
Channaargus-215402-GCA004786185.1	GCA_004786185.1	215402	Channa	argus	10661662
Channaargus-215402-GCA033026475.1	GCA_033026475.1	215402	Channa	argus	10569961
Channaargus-215402-GCF033026475.1	GCF_033026475.1	215402	Channa	argus	10569961
Channastriata-64152-GCA033026295.1	GCA_033026295.1	64152	Channa	striata	16325705
Mastacembelusarmatus-205130-GCF900324485.2	GCF_900324485.2	205130	Mastacembelus	armatus	11448207
Toxotesjaculatrix-941984-GCF017976425.1	GCF_017976425.1	941984	Toxotes	jaculatrix	11760534
Latescalcarifer-8187-GCF001640805.2	GCF_001640805.2	8187	Lates	calcarifer	13909880
Xiphiasgladius-8245-GCF016859285.1	GCF_016859285.1	8245	Xiphias	gladius	14984604
Echeneisnaucrates-173247-GCF900963305.1	GCF_900963305.1	173247	Echeneis	naucrates	15423226
Seriolaaureovittata-2871759-GCF021018895.1	GCF_021018895.1	2871759	Seriola	aureovittata	12268480
Paralichthysolivaceus-8255-GCF024713975.1	GCF_024713975.1	8255	Paralichthys	olivaceus	14748316
Cynoglossussemilaevis-244447-GCF000523025.1	GCF_000523025.1	244447	Cynoglossus	semilaevis	13813722
Soleasenegalensis-28829-GCA019176455.1	GCA_019176455.1	28829	Solea	senegalensis	19201697
Soleasenegalensis-28829-GCF019176455.1	GCF_019176455.1	28829	Solea	senegalensis	19201697
Soleasolea-90069-GCF958295425.1	GCF_958295425.1	90069	Solea	solea	22350658
Scophthalmusmaximus-52904-GCA003186165.1	GCA_003186165.1	52904	Scophthalmus	maximus	14917709
Scophthalmusmaximus-52904-GCF013347765.1	GCF_013347765.1	52904	Scophthalmus	maximus	15312470
Scophthalmusmaximus-52904-GCF022379125.1	GCF_022379125.1	52904	Scophthalmus	maximus	15407234
Limandalimanda-27771-GCF963576545.1	GCF_963576545.1	27771	Limanda	limanda	12287357
Platichthysflesus-8260-GCF949316205.1	GCF_949316205.1	8260	Platichthys	flesus	15671050
Pleuronectesplatessa-8262-GCF947347685.1	GCF_947347685.1	8262	Pleuronectes	platessa	17066268
Hippoglossusstenolepis-195615-GCF022539355.2	GCF_022539355.2	195615	Hippoglossus	stenolepis	11266222
Hippoglossushippoglossus-8267-GCF009819705.1	GCF_009819705.1	8267	Hippoglossus	hippoglossus	11296635
Parambassisranga-210632-GCF900634625.1	GCF_900634625.1	210632	Parambassis	ranga	13599723
Acanthochromispolyacanthus-80966-GCF021347895.1	GCF_021347895.1	80966	Acanthochromis	polyacanthus	6600023
Amphiprionocellaris-80972-GCF022539595.1	GCF_022539595.1	80972	Amphiprion	ocellaris	21986767
Pelmatolapiamariae-158779-GCF036321145.2	GCF_036321145.2	158779	Pelmatolapia	mariae	31701408
Oreochromisaureus-47969-GCF013358895.1	GCF_013358895.1	47969	Oreochromis	aureus	31564216
Oreochromisniloticus-8128-GCF000188235.2	GCF_000188235.2	8128	Oreochromis	niloticus	17091887
Oreochromisniloticus-8128-GCF001858045.2	GCF_001858045.2	8128	Oreochromis	niloticus	30526416
Sarotherodongalilaeus-8144-GCA046562855.1	GCA_046562855.1	8144	Sarotherodon	galilaeus	31478321
Maylandiazebra-106582-GCF000238955.4	GCF_000238955.4	106582	Maylandia	zebra	21022328
Astatotilapiacalliptera-8154-GCF900246225.1	GCF_900246225.1	8154	Astatotilapia	calliptera	25826708
Kryptolebiasmarmoratus-37003-GCF001649575.2	GCF_001649575.2	37003	Kryptolebias	marmoratus	16786741
Nematolebiaswhitei-451745-GCF014905685.2	GCF_014905685.2	451745	Nematolebias	whitei	2647531
Nothobranchiusfurzeri-105023-GCA014300015.1	GCA_014300015.1	105023	Nothobranchius	furzeri	20674088
Nothobranchiusfurzeri-105023-GCF001465895.1	GCF_001465895.1	105023	Nothobranchius	furzeri	25482538
Nothobranchiusfurzeri-105023-GCF043380555.1	GCF_043380555.1	105023	Nothobranchius	furzeri	27460926
Fundulusheteroclitus-8078-GCF011125445.2	GCF_011125445.2	8078	Fundulus	heteroclitus	25946080
Girardinichthysmultiradiatus-208333-GCF021462225.1	GCF_021462225.1	208333	Girardinichthys	multiradiatus	26816872
Gambusiaaffinis-33528-GCF019740435.1	GCF_019740435.1	33528	Gambusia	affinis	13960689
Poeciliareticulata-8081-GCF000633615.1	GCF_000633615.1	8081	Poecilia	reticulata	18083596
Xiphophoruscouchianus-32473-GCF001444195.1	GCF_001444195.1	32473	Xiphophorus	couchianus	17866001
Xiphophorusmaculatus-8083-GCF002775205.1	GCF_002775205.1	8083	Xiphophorus	maculatus	14921202
Xiphophorushellerii-8084-GCF003331165.1	GCF_003331165.1	8084	Xiphophorus	hellerii	17659500
Cololabissaira-129043-GCF033807715.1	GCF_033807715.1	129043	Cololabis	saira	27100533
Oryziasjavanicus-123683-GCA003999625.1	GCA_003999625.1	123683	Oryzias	javanicus	25720961
Oryziasmelastigma-30732-GCF002922805.2	GCF_002922805.2	30732	Oryzias	melastigma	22232504
Oryziaslatipes-8090-GCF000313675.1	GCF_000313675.1	8090	Oryzias	latipes	24235541
Oryziaslatipes-8090-GCF002234675.1	GCF_002234675.1	8090	Oryzias	latipes	23681337
Melanotaeniaboesemani-1250792-GCF017639745.1	GCF_017639745.1	1250792	Melanotaenia	boesemani	24493574
Odontesthesbonariensis-219752-GCF027942865.1	GCF_027942865.1	219752	Odontesthes	bonariensis	31614452
Mugilcephalus-48193-GCF022458985.1	GCF_022458985.1	48193	Mugil	cephalus	600000
Gouaniawilldenowi-441366-GCF900634775.1	GCF_900634775.1	441366	Gouania	willdenowi	13847833
Salariasfasciatus-181472-GCF902148845.1	GCF_902148845.1	181472	Salarias	fasciatus	22081935
Scatophagusargus-75038-GCF020382885.2	GCF_020382885.2	75038	Scatophagus	argus	13206098
Larimichthyscrocea-215358-GCA003711585.2	GCA_003711585.2	215358	Larimichthys	crocea	16198173
Larimichthyscrocea-215358-GCA003845795.1	GCA_003845795.1	215358	Larimichthys	crocea	16240487
Larimichthyscrocea-215358-GCF000972845.2	GCF_000972845.2	215358	Larimichthys	crocea	5656075
Nibeaalbiflora-240163-GCA014281875.1	GCA_014281875.1	240163	Nibea	albiflora	15785787
Collichthyslucidus-240159-GCA004119915.2	GCA_004119915.2	240159	Collichthys	lucidus	25026234
Xyrichtysnovacula-13765-GCA962446985.1	GCA_962446985.1	13765	Xyrichtys	novacula	20919240
Cheilinusundulatus-241271-GCF018320785.1	GCF_018320785.1	241271	Cheilinus	undulatus	27248597
Labrusmixtus-508554-GCF963584025.1	GCF_963584025.1	508554	Labrus	mixtus	14066755
Labrusbergylta-56723-GCF963930695.1	GCF_963930695.1	56723	Labrus	bergylta	14611931
Notolabruscelidotus-1203425-GCF009762535.1	GCF_009762535.1	1203425	Notolabrus	celidotus	12263218
Pagrusmajor-143350-GCF040436345.1	GCF_040436345.1	143350	Pagrus	major	23013717
Sparusaurata-8175-GCF900880675.1	GCF_900880675.1	8175	Sparus	aurata	22434136
Acanthopagruslatus-8177-GCF904848185.1	GCF_904848185.1	8177	Acanthopagrus	latus	16041954
Scortumbarcoo-214431-GCA023238725.1	GCA_023238725.1	214431	Scortum	barcoo	14855011
Sinipercachuatsi-119488-GCF020085105.1	GCF_020085105.1	119488	Siniperca	chuatsi	19094618
Enoplosusarmatus-215367-GCF043641665.1	GCF_043641665.1	215367	Enoplosus	armatus	12654873
Micropterusdolomieu-147949-GCF021292245.1	GCF_021292245.1	147949	Micropterus	dolomieu	22174812
Chelmonrostratus-109905-GCF017976325.1	GCF_017976325.1	109905	Chelmon	rostratus	15179958
Pempherisklunzingeri-3127111-GCF042242105.1	GCF_042242105.1	3127111	Pempheris	klunzingeri	14865112
Takifugurubripes-31033-GCF000180615.1	GCF_000180615.1	31033	Takifugu	rubripes	8052132
Takifugurubripes-31033-GCF901000725.2	GCF_901000725.2	31033	Takifugu	rubripes	10236708
Takifuguflavidus-433684-GCA003711565.2	GCA_003711565.2	433684	Takifugu	flavidus	9946389
Takifuguflavidus-433684-GCF003711565.1	GCF_003711565.1	433684	Takifugu	flavidus	9946389
Takifugubimaculatus-433685-GCA004026145.2	GCA_004026145.2	433685	Takifugu	bimaculatus	10375233
Antennariusstriatus-241820-GCF040054535.1	GCF_040054535.1	241820	Antennarius	striatus	10734200
Brachionichthyshirsutus-412623-GCF040956055.1	GCF_040956055.1	412623	Brachionichthys	hirsutus	5213467
Plectropomusleopardus-160734-GCF008729295.1	GCF_008729295.1	160734	Plectropomus	leopardus	15722735
Epinephelusfuscoguttatus-293821-GCF011397635.1	GCF_011397635.1	293821	Epinephelus	fuscoguttatus	22357212
Epinephelusmoara-300413-GCF006386435.1	GCF_006386435.1	300413	Epinephelus	moara	18208645
Epinepheluslanceolatus-310571-GCF005281545.1	GCF_005281545.1	310571	Epinephelus	lanceolatus	21755198
Epinepheluscoioides-94232-GCA051314025.1	GCA_051314025.1	94232	Epinephelus	coioides	24197340
Centropristisstriata-184440-GCF030273125.1	GCF_030273125.1	184440	Centropristis	striata	23129971
Anoplopomafimbria-229290-GCF027596085.1	GCF_027596085.1	229290	Anoplopoma	fimbria	13524654
Pungitiuspungitius-134920-GCF949316345.1	GCF_949316345.1	134920	Pungitius	pungitius	16561394
Pungitiussinensis-497904-GCA049949165.1	GCA_049949165.1	497904	Pungitius	sinensis	16612108
Gasterosteusaculeatus-481459-GCF016920845.1	GCF_016920845.1	481459	Gasterosteus	aculeatus	15549311
Pseudoliparisswirei-2059687-GCF029220125.1	GCF_029220125.1	2059687	Pseudoliparis	swirei	11975362
Cyclopteruslumpus-8103-GCF009769545.1	GCF_009769545.1	8103	Cyclopterus	lumpus	12493197
Zoarcesviviparus-48416-GCA040110945.1	GCA_040110945.1	48416	Zoarces	viviparus	16020438
Sebastesumbrosus-72105-GCF015220745.1	GCF_015220745.1	72105	Sebastes	umbrosus	16639398
Percaflavescens-8167-GCA004354835.1	GCA_004354835.1	8167	Perca	flavescens	19045854
Percaflavescens-8167-GCF004354835.1	GCF_004354835.1	8167	Perca	flavescens	19045854
Percafluviatilis-8168-GCA010015445.1	GCA_010015445.1	8168	Perca	fluviatilis	21834524
Percafluviatilis-8168-GCF010015445.1	GCF_010015445.1	8168	Perca	fluviatilis	21834524
Sanderlucioperca-283035-GCF008315115.2	GCF_008315115.2	283035	Sander	lucioperca	20297344
Etheostomaspectabile-54343-GCA008692095.1	GCA_008692095.1	54343	Etheostoma	spectabile	15991168
Etheostomaspectabile-54343-GCF008692095.1	GCF_008692095.1	54343	Etheostoma	spectabile	15991168
Etheostomacragini-417921-GCF013103735.1	GCF_013103735.1	417921	Etheostoma	cragini	13625644
Eleginopsmaclovinus-56733-GCA036324505.1	GCA_036324505.1	56733	Eleginops	maclovinus	10707923
Eleginopsmaclovinus-56733-GCF036324505.1	GCF_036324505.1	56733	Eleginops	maclovinus	10707923
Chaenocephalusaceratus-36190-GCA023974075.1	GCA_023974075.1	36190	Chaenocephalus	aceratus	10070477
Champsocephalusesox-159716-GCA036324585.1	GCA_036324585.1	159716	Champsocephalus	esox	15584025
Champsocephalusgunnari-52237-GCA036324595.1	GCA_036324595.1	52237	Champsocephalus	gunnari	15852500
Pseudochaenichthysgeorgianus-52239-GCF902827115.2	GCF_902827115.2	52239	Pseudochaenichthys	georgianus	12614095
Cottopercagobio-56716-GCF900634415.1	GCF_900634415.1	56716	Cottoperca	gobio	12922129
Pogonophrynealbipinna-1090488-GCA028583405.1	GCA_028583405.1	1090488	Pogonophryne	albipinna	13605197
Dissostichuseleginoides-100907-GCA031216635.1	GCA_031216635.1	100907	Dissostichus	eleginoides	12953409
Pagotheniaborchgrevinki-8213-GCA044885175.1	GCA_044885175.1	8213	Pagothenia	borchgrevinki	17825663
Myripristismurdjan-586833-GCF902150065.1	GCF_902150065.1	586833	Myripristis	murdjan	21228906
Arctogadusglacialis-185735-GCA964260595.1	GCA_964260595.1	185735	Arctogadus	glacialis	25575206
Boreogadussaida-44932-GCA964260565.1	GCA_964260565.1	44932	Boreogadus	saida	17955493
Gaduschalcogrammus-1042646-GCF026213295.1	GCF_026213295.1	1042646	Gadus	chalcogrammus	18046467
Gadusmorhua-8049-GCF902167405.1	GCF_902167405.1	8049	Gadus	morhua	21722002
Gadusmorhua-328277-GCA964260575.1	GCA_964260575.1	328277	Gadus	morhua	22550118
Gadusmacrocephalus-80720-GCF031168955.1	GCF_031168955.1	80720	Gadus	macrocephalus	16294523
Merlucciusmerluccius-8063-GCA964260605.1	GCA_964260605.1	8063	Merluccius	merluccius	22799699
Lotalota-69944-GCA964260585.1	GCA_964260585.1	69944	Lota	lota	14977561
Muraenolepisorangiensis-630683-GCA027704905.1	GCA_027704905.1	630683	Muraenolepis	orangiensis	11895387
Osmeruseperlanus-29151-GCF963692335.1	GCF_963692335.1	29151	Osmerus	eperlanus	8360259
Hypomesustranspacificus-137520-GCF021917145.1	GCF_021917145.1	137520	Hypomesus	transpacificus	5111518
Coregonussp-861768-GCA902810595.1	GCA_902810595.1	861768	Coregonus	sp	1093305
Coregonusclupeaformis-59861-GCF018398675.1	GCF_018398675.1	59861	Coregonus	clupeaformis	7215770
Coregonusclupeaformis-59861-GCF020615455.1	GCF_020615455.1	59861	Coregonus	clupeaformis	4584798
Coregonussuidteri-861788-GCA036851935.1	GCA_036851935.1	861788	Coregonus	suidteri	18019370
Oncorhynchusclarkii-490388-GCF045791955.1	GCF_045791955.1	490388	Oncorhynchus	clarkii	37976329
Oncorhynchustshawytscha-74940-GCF002872995.1	GCF_002872995.1	74940	Oncorhynchus	tshawytscha	13334349
Oncorhynchustshawytscha-74940-GCF018296145.1	GCF_018296145.1	74940	Oncorhynchus	tshawytscha	15888890
Oncorhynchusgorbuscha-8017-GCF021184085.1	GCF_021184085.1	8017	Oncorhynchus	gorbuscha	3278969
Oncorhynchusketa-8018-GCF012931545.1	GCF_012931545.1	8018	Oncorhynchus	keta	11689367
Oncorhynchusketa-8018-GCF023373465.1	GCF_023373465.1	8018	Oncorhynchus	keta	22158535
Oncorhynchuskisutch-8019-GCF002021735.2	GCF_002021735.2	8019	Oncorhynchus	kisutch	44478749
Oncorhynchusmasou-90313-GCF036934945.1	GCF_036934945.1	90313	Oncorhynchus	masou	17148731
Oncorhynchusmykiss-8022-GCA900005705.1	GCA_900005705.1	8022	Oncorhynchus	mykiss	133600
Oncorhynchusmykiss-8022-GCF002163495.1	GCF_002163495.1	8022	Oncorhynchus	mykiss	40181520
Oncorhynchusmykiss-8022-GCF013265735.2	GCF_013265735.2	8022	Oncorhynchus	mykiss	41836469
Oncorhynchusnerka-8023-GCF006149115.2	GCF_006149115.2	8023	Oncorhynchus	nerka	26778087
Oncorhynchusnerka-8023-GCF034236695.1	GCF_034236695.1	8023	Oncorhynchus	nerka	36418810
Salmosalar-8030-GCF000233375.1	GCF_000233375.1	8030	Salmo	salar	26433011
Salmosalar-8030-GCF905237065.1	GCF_905237065.1	8030	Salmo	salar	28859523
Salmotrutta-8032-GCF901001165.1	GCF_901001165.1	8032	Salmo	trutta	22955941
Salvelinussp-2691554-GCF002910315.2	GCF_002910315.2	2691554	Salvelinus	sp	6904391
Salvelinusalpinus-8036-GCF045679555.1	GCF_045679555.1	8036	Salvelinus	alpinus	9908249
Salvelinusfontinalis-8038-GCF029448725.1	GCF_029448725.1	8038	Salvelinus	fontinalis	24385083
Salvelinusnamaycush-8040-GCF016432855.1	GCF_016432855.1	8040	Salvelinus	namaycush	22040605
Umbrapygmaea-75934-GCA040894045.1	GCA_040894045.1	75934	Umbra	pygmaea	102091601
Dalliapectoralis-75939-GCA029465975.1	GCA_029465975.1	75939	Dallia	pectoralis	10721567
Esoxlucius-8010-GCF000721915.3	GCF_000721915.3	8010	Esox	lucius	19656286
Esoxlucius-8010-GCF004634155.1	GCF_004634155.1	8010	Esox	lucius	22554187
Esoxlucius-8010-GCF011004845.1	GCF_011004845.1	8010	Esox	lucius	22594819
Denticepsclupeoides-299321-GCF900700375.1	GCF_900700375.1	299321	Denticeps	clupeoides	19294934
Coiliagrayii-363190-GCA042479465.1	GCA_042479465.1	363190	Coilia	grayii	27483300
Engraulisencrasicolus-184585-GCF034702125.1	GCF_034702125.1	184585	Engraulis	encrasicolus	49202898
Alosaalosa-278164-GCA017589495.2	GCA_017589495.2	278164	Alosa	alosa	28717654
Alosaalosa-278164-GCF017589495.1	GCF_017589495.1	278164	Alosa	alosa	28717654
Alosasapidissima-34773-GCF018492685.1	GCF_018492685.1	34773	Alosa	sapidissima	30810943
Sardinapilchardus-27697-GCF963854185.1	GCF_963854185.1	27697	Sardina	pilchardus	29971353
Clupeaharengus-7950-GCF900700415.2	GCF_900700415.2	7950	Clupea	harengus	12442209
Xyrauchentexanus-154827-GCF025860055.1	GCF_025860055.1	154827	Xyrauchen	texanus	22948794
Myxocyprinusasiaticus-70543-GCF019703515.2	GCF_019703515.2	70543	Myxocyprinus	asiaticus	26576319
Triplophysatibetana-1572043-GCA008369825.1	GCA_008369825.1	1572043	Triplophysa	tibetana	19166026
Triplophysadalaica-1582913-GCF015846415.1	GCF_015846415.1	1582913	Triplophysa	dalaica	16496229
Triplophysarosa-992332-GCA024868665.2	GCA_024868665.2	992332	Triplophysa	rosa	16003585
Triplophysarosa-992332-GCF024868665.1	GCF_024868665.1	992332	Triplophysa	rosa	16003585
Misgurnusanguillicaudatus-75329-GCF027580225.2	GCF_027580225.2	75329	Misgurnus	anguillicaudatus	32688011
Paramisgurnusdabryanus-90735-GCF030506205.2	GCF_030506205.2	90735	Paramisgurnus	dabryanus	30081735
Danioaesculapii-1142201-GCF903798145.1	GCF_903798145.1	1142201	Danio	aesculapii	37514819
Daniorerio-7955-GCF000002035.6	GCF_000002035.6	7955	Danio	rerio	37501051
Pseudorasboraparva-51549-GCF024679245.1	GCF_024679245.1	51549	Pseudorasbora	parva	37332635
Leuciscuswaleckii-155063-GCA041200155.1	GCA_041200155.1	155063	Leuciscus	waleckii	30771511
Phoxinusphoxinus-58324-GCA037504845.1	GCA_037504845.1	58324	Phoxinus	phoxinus	26932469
Phoxinusphoxinus-58324-GCA037504875.1	GCA_037504875.1	58324	Phoxinus	phoxinus	26154947
Culteralburnus-194366-GCA040182925.1	GCA_040182925.1	194366	Culter	alburnus	32362370
Chanodichthyserythropterus-933992-GCF024489055.1	GCF_024489055.1	933992	Chanodichthys	erythropterus	31721787
Megalobramaamblycephala-75352-GCF018812025.1	GCF_018812025.1	75352	Megalobrama	amblycephala	28478863
Ctenopharyngodonidella-7959-GCF019924925.1	GCF_019924925.1	7959	Ctenopharyngodon	idella	25825343
Onychostomamacrolepis-369639-GCA012432095.1	GCA_012432095.1	369639	Onychostoma	macrolepis	25270208
Onychostomamacrolepis-369639-GCF012432095.1	GCF_012432095.1	369639	Onychostoma	macrolepis	25270208
Carassiusgibelio-101364-GCF023724105.1	GCF_023724105.1	101364	Carassius	gibelio	20555341
Carassiuscarassius-217509-GCF963082965.1	GCF_963082965.1	217509	Carassius	carassius	21582984
Carassiusauratus-7957-GCF003368295.1	GCF_003368295.1	7957	Carassius	auratus	241804
Cyprinuscarpio-7962-GCF000951615.1	GCF_000951615.1	7962	Cyprinus	carpio	7319473
Cyprinuscarpio-7962-GCF018340385.1	GCF_018340385.1	7962	Cyprinus	carpio	20762676
Garrarufa-137080-GCF049309525.1	GCF_049309525.1	137080	Garra	rufa	40242121
Cirrhinusmolitorella-172907-GCA033026305.1	GCA_033026305.1	172907	Cirrhinus	molitorella	32350863
Cirrhinusmolitorella-172907-GCA040955965.1	GCA_040955965.1	172907	Cirrhinus	molitorella	31962961
Cirrhinusmrigala-683832-GCA036247105.2	GCA_036247105.2	683832	Cirrhinus	mrigala	29023567
Labeorohita-84645-GCA022985175.1	GCA_022985175.1	84645	Labeo	rohita	28569014
Labeorohita-84645-GCF022985175.1	GCF_022985175.1	84645	Labeo	rohita	28569014
Puntigrustetrazona-1606681-GCF018831695.1	GCF_018831695.1	1606681	Puntigrus	tetrazona	16502406
Hopliasmalabaricus-27720-GCF029633855.1	GCF_029633855.1	27720	Hoplias	malabaricus	27041256
Astyanaxmexicanus-7994-GCA019721115.1	GCA_019721115.1	7994	Astyanax	mexicanus	27076827
Astyanaxmexicanus-7994-GCF000372685.2	GCF_000372685.2	7994	Astyanax	mexicanus	11649534
Astyanaxmexicanus-7994-GCF023375975.1	GCF_023375975.1	7994	Astyanax	mexicanus	27335898
Metynnishypsauchen-138550-GCA050495845.1	GCA_050495845.1	138550	Metynnis	hypsauchen	22210054
Pygocentrusnattereri-42514-GCF015220715.1	GCF_015220715.1	42514	Pygocentrus	nattereri	20275987
Serrasalmusrhombeus-138556-GCA051861685.1	GCA_051861685.1	138556	Serrasalmus	rhombeus	20568695
Acnodonoligacanthus-446776-GCA051861665.1	GCA_051861665.1	446776	Acnodon	oligacanthus	16621741
Silurusmeridionalis-175797-GCA014805685.1	GCA_014805685.1	175797	Silurus	meridionalis	12789437
Silurusmeridionalis-175797-GCA023972475.1	GCA_023972475.1	175797	Silurus	meridionalis	12154074
Silurusmeridionalis-175797-GCF014805685.1	GCF_014805685.1	175797	Silurus	meridionalis	12789437
Clariasgariepinus-13013-GCF024256425.1	GCF_024256425.1	13013	Clarias	gariepinus	21029501
Hemibagruswyckioides-337641-GCA019097595.1	GCA_019097595.1	337641	Hemibagrus	wyckioides	17011469
Hemibagruswyckioides-337641-GCF019097595.1	GCF_019097595.1	337641	Hemibagrus	wyckioides	17011469
Tachysurusfulvidraco-1234273-GCF022655615.1	GCF_022655615.1	1234273	Tachysurus	fulvidraco	16971567
Tachysurusvachellii-175792-GCA033026395.1	GCA_033026395.1	175792	Tachysurus	vachellii	17816665
Tachysurusvachellii-175792-GCF030014155.1	GCF_030014155.1	175792	Tachysurus	vachellii	17004764
Ameiurusmelas-219545-GCA012411365.1	GCA_012411365.1	219545	Ameiurus	melas	14384028
Ictalurusfurcatus-66913-GCF023375685.1	GCF_023375685.1	66913	Ictalurus	furcatus	16595099
Ictaluruspunctatus-7998-GCF001660625.3	GCF_001660625.3	7998	Ictalurus	punctatus	16466644
Pangasianodongigas-30993-GCA022758105.1	GCA_022758105.1	30993	Pangasianodon	gigas	10869307
Pangasianodonhypophthalmus-310915-GCA009078355.1	GCA_009078355.1	310915	Pangasianodon	hypophthalmus	11743058
Pangasianodonhypophthalmus-310915-GCF009078355.1	GCF_009078355.1	310915	Pangasianodon	hypophthalmus	11743058
Pangasianodonhypophthalmus-310915-GCF027358585.1	GCF_027358585.1	310915	Pangasianodon	hypophthalmus	12894015
Pangasiusdjambal-1691987-GCA022985145.1	GCA_022985145.1	1691987	Pangasius	djambal	9731572
Electrophoruselectricus-8005-GCF013358815.1	GCF_013358815.1	8005	Electrophorus	electricus	10944573
Chanoschanos-29144-GCF902362185.1	GCF_902362185.1	29144	Chanos	chanos	18552434
Gracilinanusagilis-191870-GCF016433145.1	GCF_016433145.1	191870	Gracilinanus	agilis	82250158
Monodelphisdomestica-13616-GCF000002295.2	GCF_000002295.2	13616	Monodelphis	domestica	79334909
Monodelphisdomestica-13616-GCF027887165.1	GCF_027887165.1	13616	Monodelphis	domestica	3183020
Dromiciopsgliroides-33562-GCF019393635.1	GCF_019393635.1	33562	Dromiciops	gliroides	85159330
Antechinusflavipes-38775-GCF016432865.1	GCF_016432865.1	38775	Antechinus	flavipes	86569782
Sminthopsiscrassicaudata-9301-GCF048593235.1	GCF_048593235.1	9301	Sminthopsis	crassicaudata	89926176
Sarcophilusharrisii-9305-GCF902635505.1	GCF_902635505.1	9305	Sarcophilus	harrisii	129564
Notamacropuseugenii-9315-GCF028372415.1	GCF_028372415.1	9315	Notamacropus	eugenii	14295589
Trichosurusvulpecula-9337-GCF011100635.1	GCF_011100635.1	9337	Trichosurus	vulpecula	60705338
Macrotislagotis-92651-GCF037893015.1	GCF_037893015.1	92651	Macrotis	lagotis	197339330
Acinonyxjubatus-32536-GCF027475565.1	GCF_027475565.1	32536	Acinonyx	jubatus	40646340
Prionailurusbengalensis-37029-GCF016509475.1	GCF_016509475.1	37029	Prionailurus	bengalensis	41868280
Prionailurusviverrinus-61388-GCF022837055.1	GCF_022837055.1	61388	Prionailurus	viverrinus	42167429
Leopardusgeoffroyi-46844-GCF018350155.1	GCF_018350155.1	46844	Leopardus	geoffroyi	42046855
Feliscatus-9685-GCF018350175.1	GCF_018350175.1	9685	Felis	catus	41436797
Neofelisnebulosa-61452-GCF028018385.1	GCF_028018385.1	61452	Neofelis	nebulosa	7350810
Pantherauncia-29064-GCF023721935.1	GCF_023721935.1	29064	Panthera	uncia	35414778
Pantheraleo-9689-GCF018350215.1	GCF_018350215.1	9689	Panthera	leo	8608702
Pantheraonca-9690-GCF028533385.1	GCF_028533385.1	9690	Panthera	onca	36928594
Pantheratigris-9694-GCF018350195.1	GCF_018350195.1	9694	Panthera	tigris	41507437
Suricatasuricatta-37032-GCF006229205.1	GCF_006229205.1	37032	Suricata	suricatta	58590448
Zalophuscalifornianus-9704-GCF009762305.2	GCF_009762305.2	9704	Zalophus	californianus	3985568
Neomonachusschauinslandi-29088-GCF002201575.2	GCF_002201575.2	29088	Neomonachus	schauinslandi	5276812
Miroungaangustirostris-9716-GCF021288785.2	GCF_021288785.2	9716	Mirounga	angustirostris	53449042
Melesmeles-9662-GCF922984935.1	GCF_922984935.1	9662	Meles	meles	44744037
Lutralutra-9657-GCF902655055.1	GCF_902655055.1	9657	Lutra	lutra	2248909
Neogalevison-452646-GCF020171115.1	GCF_020171115.1	452646	Neogale	vison	46741321
Mustelaerminea-36723-GCF009829155.1	GCF_009829155.1	36723	Mustela	erminea	5450993
Mustelanigripes-77151-GCF022355385.1	GCF_022355385.1	77151	Mustela	nigripes	39251347
Mustelalutreola-9666-GCF030435805.1	GCF_030435805.1	9666	Mustela	lutreola	6757561
Canislupus-286419-GCF003254725.2	GCF_003254725.2	286419	Canis	lupus	24564883
Canislupus-9615-GCF000002285.5	GCF_000002285.5	9615	Canis	lupus	23972277
Canislupus-9615-GCF005444595.1	GCF_005444595.1	9615	Canis	lupus	23825045
Canislupus-9615-GCF011100685.1	GCF_011100685.1	9615	Canis	lupus	24802098
Canislupus-9615-GCF014441545.1	GCF_014441545.1	9615	Canis	lupus	3936623
Vulpeslagopus-494514-GCF018345385.1	GCF_018345385.1	494514	Vulpes	lagopus	31000585
Vulpesvulpes-9627-GCF048418805.1	GCF_048418805.1	9627	Vulpes	vulpes	95783082
Ursusarctos-9644-GCF023065955.2	GCF_023065955.2	9644	Ursus	arctos	30883109
Ailuropodamelanoleuca-9646-GCF002007445.2	GCF_002007445.2	9646	Ailuropoda	melanoleuca	30943335
Hippopotamusamphibius-575201-GCF030028045.1	GCF_030028045.1	575201	Hippopotamus	amphibius	64547140
Lagenorhynchusalbirostris-27610-GCF949774975.1	GCF_949774975.1	27610	Lagenorhynchus	albirostris	35164956
Delphinusdelphis-9728-GCF949987515.2	GCF_949987515.2	9728	Delphinus	delphis	4077762
Globicephalamelas-9731-GCF963455315.2	GCF_963455315.2	9731	Globicephala	melas	6514350
Orcinusorca-9733-GCF937001465.1	GCF_937001465.1	9733	Orcinus	orca	35415747
Phocoenasinus-42100-GCF008692025.1	GCF_008692025.1	42100	Phocoena	sinus	35801323
Phocoenaphocoena-9742-GCF963924675.1	GCF_963924675.1	9742	Phocoena	phocoena	36424219
Physetermacrocephalus-9755-GCF002837175.3	GCF_002837175.3	9755	Physeter	macrocephalus	32277195
Balaenopteraacutorostrata-9767-GCF949987535.1	GCF_949987535.1	9767	Balaenoptera	acutorostrata	39995603
Balaenopteramusculus-9771-GCF009873245.2	GCF_009873245.2	9771	Balaenoptera	musculus	2348494
Phacochoerusafricanus-41426-GCF016906955.1	GCF_016906955.1	41426	Phacochoerus	africanus	55949242
Susscrofa-9823-GCF000003025.6	GCF_000003025.6	9823	Sus	scrofa	43546828
Vicugnapacos-30538-GCF048564905.1	GCF_048564905.1	30538	Vicugna	pacos	8979153
Camelusferus-419612-GCF009834535.1	GCF_009834535.1	419612	Camelus	ferus	9274215
Camelusbactrianus-9837-GCF048773025.1	GCF_048773025.1	9837	Camelus	bactrianus	14439434
Camelusdromedarius-9838-GCA000803125.3	GCA_000803125.3	9838	Camelus	dromedarius	7065694
Camelusdromedarius-9838-GCF000803125.2	GCF_000803125.2	9838	Camelus	dromedarius	7065694
Muntiacusreevesi-9886-GCA008787405.2	GCA_008787405.2	9886	Muntiacus	reevesi	46918887
Muntiacusreevesi-9886-GCF963930625.1	GCF_963930625.1	9886	Muntiacus	reevesi	49354561
Muntiacusmuntjak-9888-GCA008782695.1	GCA_008782695.1	9888	Muntiacus	muntjak	657610141
Cervuscanadensis-1574408-GCF019320065.1	GCF_019320065.1	1574408	Cervus	canadensis	7617728
Cervushanglu-84702-GCA010411085.1	GCA_010411085.1	84702	Cervus	hanglu	37539226
Cervuselaphus-9860-GCF910594005.1	GCF_910594005.1	9860	Cervus	elaphus	47757366
Cervuselaphus-46360-GCA002197005.1	GCA_002197005.1	46360	Cervus	elaphus	4025935
Damadama-30532-GCF033118175.1	GCF_033118175.1	30532	Dama	dama	15029288
Rangifertarandus-3082113-GCA949782905.1	GCA_949782905.1	3082113	Rangifer	tarandus	42892607
Rangifertarandus-3082113-GCA951394145.2	GCA_951394145.2	3082113	Rangifer	tarandus	37037327
Odocoileusvirginianus-9874-GCF023699985.2	GCF_023699985.2	9874	Odocoileus	virginianus	2342568
Bosindicus-30522-GCF003369695.1	GCF_003369695.1	30522	Bos	indicus	42604158
Bosmutus-72004-GCF027580195.1	GCF_027580195.1	72004	Bos	mutus	36961888
Bosjavanicus-9906-GCF032452875.1	GCF_032452875.1	9906	Bos	javanicus	6353378
Bostaurus-9913-GCA000003055.5	GCA_000003055.5	9913	Bos	taurus	42903170
Bostaurus-9913-GCF000003055.6	GCF_000003055.6	9913	Bos	taurus	42903170
Bostaurus-9913-GCF000003205.7	GCF_000003205.7	9913	Bos	taurus	43099425
Bostaurus-9913-GCF002263795.3	GCF_002263795.3	9913	Bos	taurus	42349435
Bosindicus-9915-GCF000247795.1	GCF_000247795.1	9915	Bos	indicus	39420065
Bosindicus-9915-GCF029378745.1	GCF_029378745.1	9915	Bos	indicus	43361038
Bubaluskerabau-3119969-GCF029407905.1	GCF_029407905.1	3119969	Bubalus	kerabau	43816392
Bubalusbubalis-89462-GCF003121395.1	GCF_003121395.1	89462	Bubalus	bubalis	42447106
Bubalusbubalis-89462-GCF019923925.1	GCF_019923925.1	89462	Bubalus	bubalis	41830910
Bubalusbubalis-89462-GCF019923935.1	GCF_019923935.1	89462	Bubalus	bubalis	42171481
Budorcastaxicolor-37181-GCF023091745.1	GCF_023091745.1	37181	Budorcas	taxicolor	11292021
Caprahircus-9925-GCA026652205.1	GCA_026652205.1	9925	Capra	hircus	43171491
Caprahircus-9925-GCA041736475.1	GCA_041736475.1	9925	Capra	hircus	50731488
Caprahircus-9925-GCA041920685.1	GCA_041920685.1	9925	Capra	hircus	20905000
Caprahircus-9925-GCF001704415.2	GCF_001704415.2	9925	Capra	hircus	42857509
Ovisammon-2918886-GCA023701655.1	GCA_023701655.1	2918886	Ovis	ammon	30158514
Ovisammon-2918886-GCA023701675.1	GCA_023701675.1	2918886	Ovis	ammon	51412623
Ovisammon-230172-GCA028583565.1	GCA_028583565.1	230172	Ovis	ammon	19436714
Oviscanadensis-37174-GCF042477335.2	GCF_042477335.2	37174	Ovis	canadensis	21492673
Ovisaries-9940-GCA017524585.1	GCA_017524585.1	9940	Ovis	aries	45005986
Ovisaries-9940-GCA040836155.1	GCA_040836155.1	9940	Ovis	aries	26592495
Ovisaries-9940-GCA041121725.1	GCA_041121725.1	9940	Ovis	aries	50145443
Ovisaries-9940-GCF000298735.2	GCF_000298735.2	9940	Ovis	aries	41975827
Ovisaries-9940-GCF002742125.1	GCF_002742125.1	9940	Ovis	aries	43078387
Ovisaries-9940-GCF016772045.2	GCF_016772045.2	9940	Ovis	aries	25916078
Capricornissumatraensis-34865-GCF032405125.1	GCF_032405125.1	34865	Capricornis	sumatraensis	52003218
Erinaceuseuropaeus-9365-GCF950295315.1	GCF_950295315.1	9365	Erinaceus	europaeus	15526650
Suncusetruscus-109475-GCF024139225.1	GCF_024139225.1	109475	Suncus	etruscus	1387264
Sorexaraneus-42254-GCF027595985.1	GCF_027595985.1	42254	Sorex	araneus	59731558
Rhinolophussinicus-89399-GCF036562045.2	GCF_036562045.2	89399	Rhinolophus	sinicus	18651983
Desmodusrotundus-9430-GCF022682495.2	GCF_022682495.2	9430	Desmodus	rotundus	6230549
Eptesicusfuscus-29078-GCF027574615.1	GCF_027574615.1	29078	Eptesicus	fuscus	12929955
Myotisdaubentonii-98922-GCF963259705.1	GCF_963259705.1	98922	Myotis	daubentonii	17192225
Equusquagga-89248-GCF021613505.1	GCF_021613505.1	89248	Equus	quagga	38429240
Equusasinus-9793-GCF016077325.2	GCF_016077325.2	9793	Equus	asinus	12677898
Equusasinus-9793-GCF041296235.1	GCF_041296235.1	9793	Equus	asinus	29856825
Equuscaballus-9796-GCF000002305.2	GCF_000002305.2	9796	Equus	caballus	24983650
Equuscaballus-9796-GCF002863925.1	GCF_002863925.1	9796	Equus	caballus	26000039
Equuscaballus-9796-GCF041296265.1	GCF_041296265.1	9796	Equus	caballus	26066870
Equusprzewalskii-9798-GCF037783145.1	GCF_037783145.1	9798	Equus	przewalskii	26104060
Manispentadactyla-143292-GCF030020395.1	GCF_030020395.1	143292	Manis	pentadactyla	30808999
Manisjavanica-9974-GCF040802235.1	GCF_040802235.1	9974	Manis	javanica	6249399
Ochotonaprinceps-9978-GCF014633375.1	GCF_014633375.1	9978	Ochotona	princeps	14009701
Ochotonaprinceps-9978-GCF030435755.1	GCF_030435755.1	9978	Ochotona	princeps	8115937
Lepuseuropaeus-9983-GCF033115175.1	GCF_033115175.1	9983	Lepus	europaeus	30715498
Oryctolaguscuniculus-9986-GCF000003625.3	GCF_000003625.3	9986	Oryctolagus	cuniculus	15577276
Oryctolaguscuniculus-9986-GCF009806435.1	GCF_009806435.1	9986	Oryctolagus	cuniculus	16078413
Oryctolaguscuniculus-9986-GCF964237555.1	GCF_964237555.1	9986	Oryctolagus	cuniculus	32059495
Perognathuslongimembris-214514-GCF023159225.1	GCF_023159225.1	214514	Perognathus	longimembris	8831447
Jaculusjaculus-51337-GCF020740685.1	GCF_020740685.1	51337	Jaculus	jaculus	10910659
Merionesunguiculatus-10047-GCF030254825.1	GCF_030254825.1	10047	Meriones	unguiculatus	58725396
Acomysrussatus-60746-GCF903995435.1	GCF_903995435.1	60746	Acomys	russatus	40933070
Muscaroli-10089-GCF900094665.2	GCF_900094665.2	10089	Mus	caroli	57672148
Musmusculus-10090-GCF000001635.27	GCF_000001635.27	10090	Mus	musculus	61419004
Muspahari-10093-GCF900095145.1	GCF_900095145.1	10093	Mus	pahari	41895614
Rattusnorvegicus-10116-GCA000002265.1	GCA_000002265.1	10116	Rattus	norvegicus	48188084
Rattusnorvegicus-10116-GCF000001895.5	GCF_000001895.5	10116	Rattus	norvegicus	3309458
Rattusnorvegicus-10116-GCF015227675.2	GCF_015227675.2	10116	Rattus	norvegicus	18314841
Rattusnorvegicus-10116-GCF036323735.1	GCF_036323735.1	10116	Rattus	norvegicus	52307831
Rattusrattus-10117-GCF011064425.1	GCF_011064425.1	10117	Rattus	rattus	2292298
Apodemussylvaticus-10129-GCF947179515.1	GCF_947179515.1	10129	Apodemus	sylvaticus	57623522
Mastomyscoucha-35658-GCF008632895.1	GCF_008632895.1	35658	Mastomys	coucha	507531
Arvicanthisniloticus-61156-GCF011762505.1	GCF_011762505.1	61156	Arvicanthis	niloticus	52082330
Cricetulusgriseus-10029-GCF003668045.3	GCF_003668045.3	10029	Cricetulus	griseus	28504831
Peromyscusleucopus-10041-GCF004664715.2	GCF_004664715.2	10041	Peromyscus	leucopus	46489564
Peromyscusmaniculatus-230844-GCF003704035.1	GCF_003704035.1	230844	Peromyscus	maniculatus	46761208
Peromyscusmaniculatus-230844-GCF049852395.1	GCF_049852395.1	230844	Peromyscus	maniculatus	54679123
Peromyscuseremicus-42410-GCF949786415.1	GCF_949786415.1	42410	Peromyscus	eremicus	42965149
Onychomystorridus-38674-GCF903995425.1	GCF_903995425.1	38674	Onychomys	torridus	42860602
Arvicolaamphibius-1047088-GCF903992535.2	GCF_903992535.2	1047088	Arvicola	amphibius	33207378
Microtusochrogaster-79684-GCF000317375.1	GCF_000317375.1	79684	Microtus	ochrogaster	5560535
Chionomysnivalis-269649-GCF950005125.1	GCF_950005125.1	269649	Chionomys	nivalis	7197864
Sigmodonhispidus-42415-GCA041721565.1	GCA_041721565.1	42415	Sigmodon	hispidus	20885360
Ictidomystridecemlineatus-43179-GCA016881025.1	GCA_016881025.1	43179	Ictidomys	tridecemlineatus	120822741
Ictidomystridecemlineatus-43179-GCF016881025.1	GCF_016881025.1	43179	Ictidomys	tridecemlineatus	120822741
Sciuruscarolinensis-30640-GCF902686445.1	GCF_902686445.1	30640	Sciurus	carolinensis	4809933
Microcebusmurinus-30608-GCF000165445.2	GCF_000165445.2	30608	Microcebus	murinus	9148476
Microcebusmurinus-30608-GCF040939455.1	GCF_040939455.1	30608	Microcebus	murinus	5324150
Eulemurrufifrons-859984-GCF041146395.1	GCF_041146395.1	859984	Eulemur	rufifrons	2154072
Lemurcatta-9447-GCF020740605.2	GCF_020740605.2	9447	Lemur	catta	6803709
Nycticebuscoucang-9470-GCF027406575.1	GCF_027406575.1	9470	Nycticebus	coucang	33059932
Plecturocebuscupreus-202457-GCA040437455.1	GCA_040437455.1	202457	Plecturocebus	cupreus	44716611
Callithrixjacchus-9483-GCF000004665.1	GCF_000004665.1	9483	Callithrix	jacchus	2852901
Callithrixjacchus-9483-GCF009663435.1	GCF_009663435.1	9483	Callithrix	jacchus	8227174
Callithrixjacchus-9483-GCF011100555.1	GCF_011100555.1	9483	Callithrix	jacchus	4973773
Saguinusoedipus-9490-GCA031835075.1	GCA_031835075.1	9490	Saguinus	oedipus	46937867
Chlorocebussabaeus-60711-GCF000409795.2	GCF_000409795.2	60711	Chlorocebus	sabaeus	6180219
Chlorocebussabaeus-60711-GCF047675955.1	GCF_047675955.1	60711	Chlorocebus	sabaeus	21717702
Macacathibetana-257877-GCF024542745.1	GCF_024542745.1	257877	Macaca	thibetana	13979984
Macacafascicularis-9541-GCA000230815.1	GCA_000230815.1	9541	Macaca	fascicularis	65363038
Macacafascicularis-9541-GCF000364345.1	GCF_000364345.1	9541	Macaca	fascicularis	59247254
Macacafascicularis-9541-GCF012559485.2	GCF_012559485.2	9541	Macaca	fascicularis	55293057
Macacamulatta-9544-GCA000230795.1	GCA_000230795.1	9544	Macaca	mulatta	64155825
Macacamulatta-9544-GCF000002255.3	GCF_000002255.3	9544	Macaca	mulatta	64390591
Macacamulatta-9544-GCF000772875.2	GCF_000772875.2	9544	Macaca	mulatta	11752682
Macacamulatta-9544-GCF003339765.1	GCF_003339765.1	9544	Macaca	mulatta	11752682
Papioanubis-9555-GCF000264685.3	GCF_000264685.3	9555	Papio	anubis	51386494
Papioanubis-9555-GCF008728515.1	GCF_008728515.1	9555	Papio	anubis	8308886
Theropithecusgelada-9565-GCF003255815.1	GCF_003255815.1	9565	Theropithecus	gelada	58109696
Nasalislarvatus-43780-GCA047834645.1	GCA_047834645.1	43780	Nasalis	larvatus	60760253
Pygathrixnigripes-310352-GCA047655245.1	GCA_047655245.1	310352	Pygathrix	nigripes	58741466
Rhinopithecusroxellana-61622-GCF007565055.1	GCF_007565055.1	61622	Rhinopithecus	roxellana	15568616
Piliocolobustephrosceles-591936-GCF002776525.5	GCF_002776525.5	591936	Piliocolobus	tephrosceles	26486807
Nomascusleucogenys-61853-GCF000146795.2	GCF_000146795.2	61853	Nomascus	leucogenys	28732288
Nomascusleucogenys-61853-GCF006542625.1	GCF_006542625.1	61853	Nomascus	leucogenys	29688981
Symphalangussyndactylus-9590-GCF028878055.3	GCF_028878055.3	9590	Symphalangus	syndactylus	29937336
Gorillagorilla-9595-GCF000151905.2	GCF_000151905.2	9595	Gorilla	gorilla	34649175
Gorillagorilla-9595-GCF008122165.1	GCF_008122165.1	9595	Gorilla	gorilla	32684706
Gorillagorilla-9595-GCF029281585.2	GCF_029281585.2	9595	Gorilla	gorilla	54768797
Panpaniscus-9597-GCF000258655.2	GCF_000258655.2	9597	Pan	paniscus	46274980
Panpaniscus-9597-GCF029289425.2	GCF_029289425.2	9597	Pan	paniscus	46953669
Pantroglodytes-9598-GCA002880755.3	GCA_002880755.3	9598	Pan	troglodytes	33231379
Pantroglodytes-9598-GCF000001515.7	GCF_000001515.7	9598	Pan	troglodytes	26349515
Pantroglodytes-9598-GCF002880755.1	GCF_002880755.1	9598	Pan	troglodytes	26349515
Pantroglodytes-9598-GCF028858775.2	GCF_028858775.2	9598	Pan	troglodytes	36446294
Homosapiens-9606-GCA011064465.2	GCA_011064465.2	9606	Homo	sapiens	44898981
Homosapiens-9606-GCA018873775.2	GCA_018873775.2	9606	Homo	sapiens	44995062
Homosapiens-9606-GCA022833125.2	GCA_022833125.2	9606	Homo	sapiens	11132097
Homosapiens-9606-GCF000001405.40	GCF_000001405.40	9606	Homo	sapiens	55695
Homosapiens-9606-GCF000002125.1	GCF_000002125.1	9606	Homo	sapiens	19316006
Homosapiens-9606-GCF000002135.2	GCF_000002135.2	9606	Homo	sapiens	158328839
Homosapiens-9606-GCF000306695.2	GCF_000306695.2	9606	Homo	sapiens	47689666
Pongopygmaeus-9600-GCF028885625.2	GCF_028885625.2	9600	Pongo	pygmaeus	49418398
Pongoabelii-9601-GCA002880775.3	GCA_002880775.3	9601	Pongo	abelii	34682425
Pongoabelii-9601-GCF002880775.1	GCF_002880775.1	9601	Pongo	abelii	34682425
Pongoabelii-9601-GCF028885655.2	GCF_028885655.2	9601	Pongo	abelii	57142103
Choloepusdidactylus-27675-GCF015220235.1	GCF_015220235.1	27675	Choloepus	didactylus	10489878
Ornithorhynchusanatinus-9258-GCF004115215.2	GCF_004115215.2	9258	Ornithorhynchus	anatinus	1017000
Tachyglossusaculeatus-9261-GCF015852505.1	GCF_015852505.1	9261	Tachyglossus	aculeatus	347640
Pelodiscussinensis-13735-GCF049634645.1	GCF_049634645.1	13735	Pelodiscus	sinensis	13041060
Carettochelysinsculpta-44489-GCF033958435.1	GCF_033958435.1	44489	Carettochelys	insculpta	1820548
Dermochelyscoriacea-27794-GCF009764565.3	GCF_009764565.3	27794	Dermochelys	coriacea	6735449
Carettacaretta-8467-GCA965117115.1	GCA_965117115.1	8467	Caretta	caretta	5754244
Carettacaretta-8467-GCF023653815.2	GCF_023653815.2	8467	Caretta	caretta	5338423
Cheloniamydas-8469-GCF015237465.2	GCF_015237465.2	8469	Chelonia	mydas	8032983
Mauremysreevesii-260615-GCF016161935.1	GCF_016161935.1	260615	Mauremys	reevesii	10078314
Mauremysmutica-74926-GCA020497125.1	GCA_020497125.1	74926	Mauremys	mutica	16587402
Mauremysmutica-74926-GCF020497125.1	GCF_020497125.1	74926	Mauremys	mutica	16587402
Trachemysscripta-31138-GCF013100865.1	GCF_013100865.1	31138	Trachemys	scripta	7129772
Chrysemyspicta-8478-GCF000241765.5	GCF_000241765.5	8478	Chrysemys	picta	373423
Chrysemyspicta-8478-GCF011386835.1	GCF_011386835.1	8478	Chrysemys	picta	17123941
Malaclemysterrapin-2991368-GCF027887155.1	GCF_027887155.1	2991368	Malaclemys	terrapin	17024087
Gopherusevgoodei-1825980-GCF007399415.2	GCF_007399415.2	1825980	Gopherus	evgoodei	12530862
Gopherusflavomarginatus-286002-GCF025201925.1	GCF_025201925.1	286002	Gopherus	flavomarginatus	15997561
Chelonoidisabingdonii-106734-GCF003597395.2	GCF_003597395.2	106734	Chelonoidis	abingdonii	8605583
Anasacuta-28680-GCF963932015.1	GCF_963932015.1	28680	Anas	acuta	122139
Anasplatyrhynchos-8839-GCF003850225.1	GCF_003850225.1	8839	Anas	platyrhynchos	1319815
Anasplatyrhynchos-8839-GCF015476345.1	GCF_015476345.1	8839	Anas	platyrhynchos	111901
Oxyurajamaicensis-8884-GCF011077185.1	GCF_011077185.1	8884	Oxyura	jamaicensis	49538
Aythyafuligula-219594-GCF009819795.1	GCF_009819795.1	219594	Aythya	fuligula	722082
Ansercygnoides-8845-GCF040182565.1	GCF_040182565.1	8845	Anser	cygnoides	1143881
Cygnusatratus-8868-GCF013377495.2	GCF_013377495.2	8868	Cygnus	atratus	450332
Cygnusolor-8869-GCF009769625.2	GCF_009769625.2	8869	Cygnus	olor	608777
Numidameleagris-8996-GCF002078875.1	GCF_002078875.1	8996	Numida	meleagris	109790
Coturnixjaponica-93934-GCF001577835.2	GCF_001577835.2	93934	Coturnix	japonica	343938
Meleagrisgallopavo-9103-GCF000146605.3	GCF_000146605.3	9103	Meleagris	gallopavo	259627
Lagopusmuta-64668-GCF023343835.1	GCF_023343835.1	64668	Lagopus	muta	53903
Gallusgallus-9031-GCF000002315.6	GCF_000002315.6	9031	Gallus	gallus	724831
Gallusgallus-9031-GCF016699485.2	GCF_016699485.2	9031	Gallus	gallus	124424
Gallusgallus-9031-GCF016700215.2	GCF_016700215.2	9031	Gallus	gallus	161909
Apusapus-8895-GCF020740795.1	GCF_020740795.1	8895	Apus	apus	687416
Calypteanna-9244-GCF003957555.1	GCF_003957555.1	9244	Calypte	anna	1887140
Nyctibiusgrandis-48427-GCF013368605.1	GCF_013368605.1	48427	Nyctibius	grandis	326532
Cuculuscanorus-55661-GCF017976375.1	GCF_017976375.1	55661	Cuculus	canorus	1002585
Phaenicophaeuscurvirostris-33595-GCF032191515.1	GCF_032191515.1	33595	Phaenicophaeus	curvirostris	2473987
Athenenoctua-126797-GCF965140245.1	GCF_965140245.1	126797	Athene	noctua	262190
Buboscandiacus-371907-GCA965212775.1	GCA_965212775.1	371907	Bubo	scandiacus	3156667
Buboscandiacus-371907-GCA965212795.1	GCA_965212795.1	371907	Bubo	scandiacus	2021932
Strixuralensis-36305-GCF047716275.1	GCF_047716275.1	36305	Strix	uralensis	1559890
Falcorusticolus-120794-GCF015220075.1	GCF_015220075.1	120794	Falco	rusticolus	424072
Falconaumanni-148594-GCF017639655.2	GCF_017639655.2	148594	Falco	naumanni	297424
Falcoperegrinus-8954-GCF023634155.1	GCF_023634155.1	8954	Falco	peregrinus	292315
Chiroxiphialanceolata-296741-GCF009829145.1	GCF_009829145.1	296741	Chiroxiphia	lanceolata	701628
Cincluscinclus-127875-GCF963662255.1	GCF_963662255.1	127875	Cinclus	cinclus	741956
Ammospizacaudacuta-2857398-GCF027887145.1	GCF_027887145.1	2857398	Ammospiza	caudacuta	883548
Zonotrichialeucophrys-257770-GCF028769735.1	GCF_028769735.1	257770	Zonotrichia	leucophrys	3120902
Melospizageorgiana-44398-GCF028018845.1	GCF_028018845.1	44398	Melospiza	georgiana	1085347
Molothrusaeneus-84833-GCF037042795.1	GCF_037042795.1	84833	Molothrus	aeneus	1895000
Molothrusater-84834-GCF012460135.2	GCF_012460135.2	84834	Molothrus	ater	535171
Agelaiusphoeniceus-39638-GCF020745825.1	GCF_020745825.1	39638	Agelaius	phoeniceus	2659182
Motacillaalba-1094192-GCF015832195.1	GCF_015832195.1	1094192	Motacilla	alba	2184096
Viduamacroura-187451-GCF024509145.1	GCF_024509145.1	187451	Vidua	macroura	722797
Viduachalybeata-81927-GCF026979565.1	GCF_026979565.1	81927	Vidua	chalybeata	229807
Lonchurastriata-40157-GCF005870125.1	GCF_005870125.1	40157	Lonchura	striata	3380876
Taeniopygiaguttata-59729-GCF000151805.1	GCF_000151805.1	59729	Taeniopygia	guttata	108741
Taeniopygiaguttata-59729-GCF003957565.2	GCF_003957565.2	59729	Taeniopygia	guttata	1019380
Taeniopygiaguttata-59729-GCF008822105.2	GCF_008822105.2	59729	Taeniopygia	guttata	1125259
Geothlypistrichas-135433-GCA009764595.1	GCA_009764595.1	135433	Geothlypis	trichas	602063
Coccothraustescoccothraustes-37609-GCA965649865.1	GCA_965649865.1	37609	Coccothraustes	coccothraustes	3493446
Serinuscanaria-9135-GCF022539315.1	GCF_022539315.1	9135	Serinus	canaria	4504164
Anomalospizaimberbis-187417-GCF031753505.1	GCF_031753505.1	187417	Anomalospiza	imberbis	1181000
Corvusmoneduloides-1196302-GCF009650955.1	GCF_009650955.1	1196302	Corvus	moneduloides	1063302
Corvushawaiiensis-134902-GCF020740725.1	GCF_020740725.1	134902	Corvus	hawaiiensis	103925
Corvuscornix-932674-GCF000738735.6	GCF_000738735.6	932674	Corvus	cornix	4856840
Aphelocomacoerulescens-39617-GCF041296385.1	GCF_041296385.1	39617	Aphelocoma	coerulescens	848286
Sylviaatricapilla-48155-GCF009819655.1	GCF_009819655.1	48155	Sylvia	atricapilla	293449
Hirundorustica-43150-GCF015227805.2	GCF_015227805.2	43150	Hirundo	rustica	64965
Priniasubflava-208062-GCF021018805.1	GCF_021018805.1	208062	Prinia	subflava	982399
Oenanthemelanoleuca-2939378-GCF029582105.1	GCF_029582105.1	2939378	Oenanthe	melanoleuca	3123579
Ficedulaalbicollis-59894-GCF000247815.1	GCF_000247815.1	59894	Ficedula	albicollis	247039
Camarhynchusparvulus-87175-GCF901933205.1	GCF_901933205.1	87175	Camarhynchus	parvulus	3095680
Mimusmelanotis-245851-GCA042985785.1	GCA_042985785.1	245851	Mimus	melanotis	1350029
Pithysalbifrons-3385563-GCF047495875.1	GCF_047495875.1	3385563	Pithys	albifrons	979515
Poecileatricapillus-48891-GCF030490865.1	GCF_030490865.1	48891	Poecile	atricapillus	1643217
Parusmajor-9157-GCF001522545.3	GCF_001522545.3	9157	Parus	major	772534
Lamprotornissuperbus-245042-GCA015883425.2	GCA_015883425.2	245042	Lamprotornis	superbus	2615879
Catharusustulatus-91951-GCF009819885.2	GCF_009819885.2	91951	Catharus	ustulatus	903802
Melopsittacusundulatus-13146-GCF012275295.1	GCF_012275295.1	13146	Melopsittacus	undulatus	351337
Indicatorindicator-1002788-GCF027791375.1	GCF_027791375.1	1002788	Indicator	indicator	792087
Pogoniuluspusillus-488313-GCF015220805.1	GCF_015220805.1	488313	Pogoniulus	pusillus	1560713
Dryobatespubescens-118200-GCF014839835.1	GCF_014839835.1	118200	Dryobates	pubescens	250455
Harpiaharpyja-202280-GCF026419915.1	GCF_026419915.1	202280	Harpia	harpyja	131100
Buteobuteo-30397-GCF964188355.1	GCF_964188355.1	30397	Buteo	buteo	1850163
Asturgentilis-8957-GCF929443795.1	GCF_929443795.1	8957	Astur	gentilis	427882
Aquilachrysaetos-223781-GCF900496995.4	GCF_900496995.4	223781	Aquila	chrysaetos	11728522
Haliaeetusalbicilla-8969-GCF947461875.1	GCF_947461875.1	8969	Haliaeetus	albicilla	2169107
Gymnogypscalifornianus-33616-GCF018139145.2	GCF_018139145.2	33616	Gymnogyps	californianus	2936996
Calonectrisborealis-1323832-GCF964195595.1	GCF_964195595.1	1323832	Calonectris	borealis	505411
Phalacrocoraxaristotelis-126867-GCF949628215.1	GCF_949628215.1	126867	Phalacrocorax	aristotelis	229715
Phalacrocoraxcarbo-9209-GCF963921805.1	GCF_963921805.1	9209	Phalacrocorax	carbo	897613
Mycteriaamericana-33587-GCA035582795.1	GCA_035582795.1	33587	Mycteria	americana	236761
Mycteriaamericana-33587-GCF035582795.1	GCF_035582795.1	33587	Mycteria	americana	236761
Ciconiaboyciana-52775-GCF034638445.1	GCF_034638445.1	52775	Ciconia	boyciana	911000
Pelecanuscrispus-36300-GCF030463565.1	GCF_030463565.1	36300	Pelecanus	crispus	462801
Aptenodytespatagonicus-9234-GCF965638725.1	GCF_965638725.1	9234	Aptenodytes	patagonicus	334203
Chroicocephalusridibundus-1192867-GCF963924245.1	GCF_963924245.1	1192867	Chroicocephalus	ridibundus	248689
Rissatridactyla-75485-GCF028500815.1	GCF_028500815.1	75485	Rissa	tridactyla	212719
Larusmichahellis-119627-GCF964199755.1	GCF_964199755.1	119627	Larus	michahellis	129993
Numeniusarquata-31919-GCF964106895.1	GCF_964106895.1	31919	Numenius	arquata	116000
Balearicaregulorum-100784-GCF011004875.1	GCF_011004875.1	100784	Balearica	regulorum	516469
Grusamericana-9117-GCF028858705.1	GCF_028858705.1	9117	Grus	americana	513131
Phrynosomaplatyrhinos-52577-GCA020142125.1	GCA_020142125.1	52577	Phrynosoma	platyrhinos	8896685
Sceloporusundulatus-8520-GCF019175285.1	GCF_019175285.1	8520	Sceloporus	undulatus	12782370
Anoliscarolinensis-28377-GCF000090745.2	GCF_000090745.2	28377	Anolis	carolinensis	247369
Anoliscarolinensis-28377-GCF035594765.1	GCF_035594765.1	28377	Anolis	carolinensis	1316000
Pogonavitticeps-103695-GCF047335585.1	GCF_047335585.1	103695	Pogona	vitticeps	14334630
Elgariamulticarinata-159646-GCF023053635.1	GCF_023053635.1	159646	Elgaria	multicarinata	13853160
Thamnophiselegans-35005-GCF009769535.1	GCF_009769535.1	35005	Thamnophis	elegans	17173197
Ahaetullaprasina-499056-GCF028640845.1	GCF_028640845.1	499056	Ahaetulla	prasina	11522669
Najanaja-35670-GCA009733165.1	GCA_009733165.1	35670	Naja	naja	10771589
Crotalusadamanteus-8729-GCA039797435.1	GCA_039797435.1	8729	Crotalus	adamanteus	13195498
Zootocavivipara-8524-GCF011800845.1	GCF_011800845.1	8524	Zootoca	vivipara	24897947
Zootocavivipara-8524-GCF963506605.1	GCF_963506605.1	8524	Zootoca	vivipara	9336838
Podarcismuralis-64176-GCF004329235.1	GCF_004329235.1	64176	Podarcis	muralis	14236138
Podarcisraffonei-65483-GCF027172205.1	GCF_027172205.1	65483	Podarcis	raffonei	13333018
Podarcislilfordi-74358-GCA947686815.1	GCA_947686815.1	74358	Podarcis	lilfordi	12315893
Lacertaagilis-80427-GCF009819535.1	GCF_009819535.1	80427	Lacerta	agilis	3981059
Hemicordyluscapensis-884348-GCF027244095.1	GCF_027244095.1	884348	Hemicordylus	capensis	16603388
Eulepteseuropaea-460621-GCF029931775.1	GCF_029931775.1	460621	Euleptes	europaea	19922149
Sphaerodactylustownsendi-933632-GCF021028975.2	GCF_021028975.2	933632	Sphaerodactylus	townsendi	28330578
Eublepharismacularius-481883-GCF028583425.1	GCF_028583425.1	481883	Eublepharis	macularius	26770560
Heteronotiabinoei-13085-GCF032191835.1	GCF_032191835.1	13085	Heteronotia	binoei	38929348
Gekkokuhli-1118402-GCA051903775.1	GCA_051903775.1	1118402	Gekko	kuhli	33173337
Ambystomamexicanum-8296-GCF040938575.1	GCF_040938575.1	8296	Ambystoma	mexicanum	675504429
Pleurodeleswaltl-8319-GCA026652325.1	GCA_026652325.1	8319	Pleurodeles	waltl	727345202
Pleurodeleswaltl-8319-GCF031143425.1	GCF_031143425.1	8319	Pleurodeles	waltl	226659143
Ascaphustruei-8439-GCA036426205.1	GCA_036426205.1	8439	Ascaphus	truei	11219239
Ascaphustruei-8439-GCF040206685.1	GCF_040206685.1	8439	Ascaphus	truei	8182855
Bombinabombina-8345-GCF027579735.1	GCF_027579735.1	8345	Bombina	bombina	161020261
Hymenochirusboettgeri-247094-GCA019447015.1	GCA_019447015.1	247094	Hymenochirus	boettgeri	167665524
Xenopuslaevis-8355-GCA001663975.1	GCA_001663975.1	8355	Xenopus	laevis	89645544
Xenopuslaevis-8355-GCF001663975.1	GCF_001663975.1	8355	Xenopus	laevis	89645544
Xenopuslaevis-8355-GCF017654675.1	GCF_017654675.1	8355	Xenopus	laevis	103976863
Xenopustropicalis-8364-GCA000004195.4	GCA_000004195.4	8364	Xenopus	tropicalis	52431566
Xenopustropicalis-8364-GCF000004195.4	GCF_000004195.4	8364	Xenopus	tropicalis	52431566
Pyxicephalusadspersus-30357-GCF032062135.1	GCF_032062135.1	30357	Pyxicephalus	adspersus	14408294
Aquaranacatesbeiana-8400-GCF042186555.1	GCF_042186555.1	8400	Aquarana	catesbeiana	239258370
Ranatemporaria-8407-GCF905171775.1	GCF_905171775.1	8407	Rana	temporaria	121978656
Eleutherodactyluscoqui-57060-GCA019857665.1	GCA_019857665.1	57060	Eleutherodactylus	coqui	66234381
Engystomopspustulosus-76066-GCA019512145.1	GCA_019512145.1	76066	Engystomops	pustulosus	72195685
Bufogargarizans-30331-GCF014858855.1	GCF_014858855.1	30331	Bufo	gargarizans	100358282
Bufobufo-8384-GCF905171765.1	GCF_905171765.1	8384	Bufo	bufo	103204957
Hylasarda-327740-GCF029499605.1	GCF_029499605.1	327740	Hyla	sarda	50268043
Hyperoliusriggenbachi-752182-GCF040937935.1	GCF_040937935.1	752182	Hyperolius	riggenbachi	244007223
Speabombifrons-233779-GCF027358695.1	GCF_027358695.1	233779	Spea	bombifrons	29265171
Pelobatescultripes-61616-GCA933207985.1	GCA_933207985.1	61616	Pelobates	cultripes	14413368
Microcaeciliaunicolor-1415580-GCF901765095.1	GCF_901765095.1	1415580	Microcaecilia	unicolor	56646458
Geotrypetesseraphini-260995-GCF902459505.1	GCF_902459505.1	260995	Geotrypetes	seraphini	41052462
Rhinatremabivittatum-194408-GCF901001135.1	GCF_901001135.1	194408	Rhinatrema	bivittatum	45434331
Protopterusannectens-7888-GCF019279795.1	GCF_019279795.1	7888	Protopterus	annectens	544251262
Mobulahypostoma-723540-GCF963921235.1	GCF_963921235.1	723540	Mobula	hypostoma	6137191
Hemitrygonakajei-2704970-GCF048418815.1	GCF_048418815.1	2704970	Hemitrygon	akajei	40551631
Pristispectinata-685728-GCF009764475.1	GCF_009764475.1	685728	Pristis	pectinata	2722055
Leucorajaerinaceus-7782-GCF028641065.1	GCF_028641065.1	7782	Leucoraja	erinaceus	1236314
Scyliorhinustorazame-75743-GCF047496885.1	GCF_047496885.1	75743	Scyliorhinus	torazame	36346767
Scyliorhinuscanicula-7830-GCF902713615.1	GCF_902713615.1	7830	Scyliorhinus	canicula	12108206
Carcharodoncarcharias-13397-GCF017639515.1	GCF_017639515.1	13397	Carcharodon	carcharias	2720611
Rhincodontypus-259920-GCF021869965.1	GCF_021869965.1	259920	Rhincodon	typus	3490000
Stegostomatigrinum-3053191-GCF022316705.1	GCF_022316705.1	3053191	Stegostoma	tigrinum	4330366
Chiloscylliumpunctatum-137246-GCF047496795.1	GCF_047496795.1	137246	Chiloscyllium	punctatum	4618656
Chiloscylliumplagiosum-36176-GCF004010195.1	GCF_004010195.1	36176	Chiloscyllium	plagiosum	4636688
Hydravulgaris-6087-GCF022113875.1	GCF_022113875.1	6087	Hydra	vulgaris	39156883
Hydractiniasymbiolongicarpus-13093-GCF029227915.1	GCF_029227915.1	13093	Hydractinia	symbiolongicarpus	11551000
Nematostellavectensis-45351-GCF932526225.1	GCF_932526225.1	45351	Nematostella	vectensis	13716364
Pocilloporaverrucosa-203993-GCF036669915.1	GCF_036669915.1	203993	Pocillopora	verrucosa	17721030
Montiporacapricornis-246305-GCF036669925.1	GCF_036669925.1	246305	Montipora	capricornis	32902107
Montiporafoliosa-591990-GCF036669935.1	GCF_036669935.1	591990	Montipora	foliosa	25861611
Acroporamuricata-159855-GCF036669905.1	GCF_036669905.1	159855	Acropora	muricata	26759601
Acroporamillepora-45264-GCF013753865.1	GCF_013753865.1	45264	Acropora	millepora	16846141
Acroporapalmata-6131-GCF964030605.1	GCF_964030605.1	6131	Acropora	palmata	18271776
Poriteslutea-51062-GCF958299795.1	GCF_958299795.1	51062	Porites	lutea	22850050
Oculinapatagonica-130080-GCA052425735.1	GCA_052425735.1	130080	Oculina	patagonica	23457249
Axinellapolypoides-12959-GCA964261215.2	GCA_964261215.2	12959	Axinella	polypoides	
Axinelladamicornis-72671-GCA963931865.1	GCA_963931865.1	72671	Axinella	damicornis	
Axinellainfundibuliformis-798307-GCA965653825.1	GCA_965653825.1	798307	Axinella	infundibuliformis	
Cymbastelaconcentrica-484451-GCA965112925.1	GCA_965112925.1	484451	Cymbastela	concentrica	
Phakelliarobusta-2738514-GCA964264905.1	GCA_964264905.1	2738514	Phakellia	robusta	
Phakelliaventilabrum-942649-GCA963921505.1	GCA_963921505.1	942649	Phakellia	ventilabrum	
Phakelliaventilabrum-942649-GCA964276705.1	GCA_964276705.1	942649	Phakellia	ventilabrum	
Biemnasp-3127775-GCA965654285.1	GCA_965654285.1	3127775	Biemna	sp	
Spheciospongiapapillosa-3133104-GCA965235015.2	GCA_965235015.2	3133104	Spheciospongia	papillosa	
Spheciospongiapapillosa-3133104-GCA965235065.2	GCA_965235065.2	3133104	Spheciospongia	papillosa	
Clionaorientalis-281731-GCA963930775.1	GCA_963930775.1	281731	Cliona	orientalis	
Weberellabursa-1391061-GCA965644515.1	GCA_965644515.1	1391061	Weberella	bursa	
Ephydatiamuelleri-6052-GCA964261645.1	GCA_964261645.1	6052	Ephydatia	muelleri	
Spongillalacustris-6055-GCA949361645.1	GCA_949361645.1	6055	Spongilla	lacustris	
Eunapiusfragilis-91661-GCA963681505.1	GCA_963681505.1	91661	Eunapius	fragilis	
Suberitessp-283539-GCA964274175.1	GCA_964274175.1	283539	Suberites	sp	
Tethyacaliforniana-283519-GCA964205185.1	GCA_964205185.1	283519	Tethya	californiana	
Theneavaldiviae-1006815-GCA964340815.1	GCA_964340815.1	1006815	Thenea	valdiviae	
Pleromaturbinatum-2593556-GCA965278755.2	GCA_965278755.2	2593556	Pleroma	turbinatum	
Theonellaswinhoei-37505-GCA963970385.1	GCA_963970385.1	37505	Theonella	swinhoei	
Geodiaparva-1390724-GCA964274975.1	GCA_964274975.1	1390724	Geodia	parva	
Geodiamacandrewii-519544-GCA965151695.1	GCA_965151695.1	519544	Geodia	macandrewii	
Geodiaphlegraei-521093-GCA964341465.1	GCA_964341465.1	521093	Geodia	phlegraei	
Pachymatismajohnstonia-77183-GCA965653895.1	GCA_965653895.1	77183	Pachymatisma	johnstonia	
Penaresturmericolor-3121256-GCA965152365.1	GCA_965152365.1	3121256	Penares	turmericolor	
Neoschrammeniellabowerbankii-3089545-GCA964374245.1	GCA_964374245.1	3089545	Neoschrammeniella	bowerbankii	
Stellettarhaphidiophora-1006808-GCA965196945.1	GCA_965196945.1	1006808	Stelletta	rhaphidiophora	
Rhabdastrellaglobostellata-473528-GCA964261875.1	GCA_964261875.1	473528	Rhabdastrella	globostellata	
Pachastrellaovisternata-1006801-GCA964263345.1	GCA_964263345.1	1006801	Pachastrella	ovisternata	
Diacarnuserythraeanus-879318-GCA964016965.1	GCA_964016965.1	879318	Diacarnus	erythraeanus	
Crambecrambe-3722-GCA963924555.1	GCA_963924555.1	3722	Crambe	crambe	
Lycopodinahypogea-2491183-GCA963969325.1	GCA_963969325.1	2491183	Lycopodina	hypogea	
Callyspongiamanus-3133881-GCA965112345.1	GCA_965112345.1	3133881	Callyspongia	manus	
Haploscleridasp-3378732-GCA965206435.1	GCA_965206435.1	3378732	Haplosclerida	sp	
Haliclonacinerea-178541-GCA964277205.1	GCA_964277205.1	178541	Haliclona	cinerea	
Haliclonaindistincta-608205-GCA964017065.1	GCA_964017065.1	608205	Haliclona	indistincta	
Xestospongiabergquistia-1088918-GCA963965975.1	GCA_963965975.1	1088918	Xestospongia	bergquistia	
Xestospongiamuta-178552-GCA963693285.1	GCA_963693285.1	178552	Xestospongia	muta	
Petrosiacrassa-3115543-GCA965785925.1	GCA_965785925.1	3115543	Petrosia	crassa	
Petrosiaficiformis-68564-GCA947044365.1	GCA_947044365.1	68564	Petrosia	ficiformis	
Agelasconifera-295242-GCA965122385.1	GCA_965122385.1	295242	Agelas	conifera	
Agelasclathrodes-313630-GCA965279245.1	GCA_965279245.1	313630	Agelas	clathrodes	
Agelastubulata-333315-GCA964245335.1	GCA_964245335.1	333315	Agelas	tubulata	
Agelasoroides-72715-GCA949130485.1	GCA_949130485.1	72715	Agelas	oroides	
Spongiaofficinalis-252964-GCA964213935.1	GCA_964213935.1	252964	Spongia	officinalis	
Spongialamella-3062688-GCA963930835.2	GCA_963930835.2	3062688	Spongia	lamella	
Rhopaloeidesodorabile-476028-GCA964237215.1	GCA_964237215.1	476028	Rhopaloeides	odorabile	
Phyllospongiafoliascens-593584-GCA964212625.1	GCA_964212625.1	593584	Phyllospongia	foliascens	
Chondrillacaribensis-1336846-GCA964020155.1	GCA_964020155.1	1336846	Chondrilla	caribensis	
Chondrillaaustraliensis-220711-GCA965112545.1	GCA_965112545.1	220711	Chondrilla	australiensis	
Chondrosiareniformis-68574-GCA947172415.1	GCA_947172415.1	68574	Chondrosia	reniformis	
Aplysinacavernicola-121477-GCA964659575.1	GCA_964659575.1	121477	Aplysina	cavernicola	
Aplysinaaerophoba-289389-GCA949841015.1	GCA_949841015.1	289389	Aplysina	aerophoba	
Aplysinacauliformis-289398-GCA965643675.1	GCA_965643675.1	289398	Aplysina	cauliformis	
Aplysinainsularis-289402-GCA964270515.1	GCA_964270515.1	289402	Aplysina	insularis	
Aiolochroiacrassa-261677-GCA964263335.1	GCA_964263335.1	261677	Aiolochroia	crassa	
Ianthellabasta-375146-GCA964019415.1	GCA_964019415.1	375146	Ianthella	basta	
Aphrocallistesbeatrix-398365-GCA963281255.1	GCA_963281255.1	398365	Aphrocallistes	beatrix	
Corbitellaplagiariorum-3014155-GCA965278765.1	GCA_965278765.1	3014155	Corbitella	plagiariorum	
Bolosomacyanae-3014158-GCA964258925.1	GCA_964258925.1	3014158	Bolosoma	cyanae	
Asconemamegaatrialia-3132094-GCA965113215.1	GCA_965113215.1	3132094	Asconema	megaatrialia	
Mertensiaovum-140496-GCA965231295.1	GCA_965231295.1	140496	Mertensia	ovum	
Mertensiaovum-140496-GCA965231305.1	GCA_965231305.1	140496	Mertensia	ovum	
Hormiphoracalifornensis-1403702-GCA020137815.1	GCA_020137815.1	1403702	Hormiphora	californensis	
Haplodiscusbocki-2916798-GCA965655095.1	GCA_965655095.1	2916798	Haplodiscus	bocki	
Amphiscolopssp-2979135-GCA964187785.1	GCA_964187785.1	2979135	Amphiscolops	sp	
Acutogordiusaustraliensis-3058964-GCA030555515.1	GCA_030555515.1	3058964	Acutogordius	australiensis	
Paragordiusvarius-190579-GCA964247055.1	GCA_964247055.1	190579	Paragordius	varius	
Paragordiusvarius-190579-GCA964276475.1	GCA_964276475.1	190579	Paragordius	varius	
Paragordiusvarius-190579-GCA964276485.1	GCA_964276485.1	190579	Paragordius	varius	
Gordiussp-2991509-GCA964036665.1	GCA_964036665.1	2991509	Gordius	sp	
Gordiusalbopunctatus-57293-GCA964276515.1	GCA_964276515.1	57293	Gordius	albopunctatus	
Echinomermellamatsi-944443-GCA964248945.1	GCA_964248945.1	944443	Echinomermella	matsi	
Echinomermellamatsi-944443-GCA964256745.1	GCA_964256745.1	944443	Echinomermella	matsi	
Trichurisovis-93034-GCA965601645.1	GCA_965601645.1	93034	Trichuris	ovis	
Trichinellamurrelli-144512-GCA002221485.1	GCA_002221485.1	144512	Trichinella	murrelli	
Trichinellaspiralis-6334-GCA000181795.3	GCA_000181795.3	6334	Trichinella	spiralis	
Trichinellaspiralis-6334-GCA008807755.1	GCA_008807755.1	6334	Trichinella	spiralis	
Trichinellaspiralis-6334-GCA008807775.1	GCA_008807775.1	6334	Trichinella	spiralis	
Trichinellaspiralis-6334-GCA008807795.1	GCA_008807795.1	6334	Trichinella	spiralis	
Trichinellaspiralis-6334-GCA008807815.1	GCA_008807815.1	6334	Trichinella	spiralis	
Heligmosomummixtum-375988-GCA965643505.1	GCA_965643505.1	375988	Heligmosomum	mixtum	
Heligmosomoidespolygyrus-243955-GCA947396885.1	GCA_947396885.1	243955	Heligmosomoides	polygyrus	
Heligmosomoidespolygyrus-375939-GCA947359475.1	GCA_947359475.1	375939	Heligmosomoides	polygyrus	
Heterorhabditisbacteriophora-37862-GCA964036235.1	GCA_964036235.1	37862	Heterorhabditis	bacteriophora	
Oesophagostomumvenulosum-63234-GCA966212565.1	GCA_966212565.1	63234	Oesophagostomum	venulosum	
Nematodirusbattus-28839-GCA966197035.1	GCA_966197035.1	28839	Nematodirus	battus	
Dictyocaulusviviparus-29172-GCA964187775.1	GCA_964187775.1	29172	Dictyocaulus	viviparus	
Cooperiaoncophora-27828-GCA965643665.1	GCA_965643665.1	27828	Cooperia	oncophora	
Haemonchuscontortus-6289-GCA000469685.2	GCA_000469685.2	6289	Haemonchus	contortus	
Ostertagiaostertagi-6317-GCA964213955.1	GCA_964213955.1	6317	Ostertagia	ostertagi	
Trichostrongylusaxei-40349-GCA965283065.1	GCA_965283065.1	40349	Trichostrongylus	axei	
Trichostrongyluscolubriformis-6319-GCA963978905.1	GCA_963978905.1	6319	Trichostrongylus	colubriformis	
Litoditismarina-1654675-GCA964036275.1	GCA_964036275.1	1654675	Litoditis	marina	
Auanemafreiburgensis-1963013-GCA030370435.1	GCA_030370435.1	1963013	Auanema	freiburgensis	
Auanemasp-2878356-GCA964263715.1	GCA_964263715.1	2878356	Auanema	sp	
Auanemasp-2878362-GCA964264295.1	GCA_964264295.1	2878362	Auanema	sp	
Auanemasp-2878366-GCA964263695.1	GCA_964263695.1	2878366	Auanema	sp	
Auanemasp-2878367-GCA964416725.1	GCA_964416725.1	2878367	Auanema	sp	
Auanemarhodensis-473160-GCA964057225.1	GCA_964057225.1	473160	Auanema	rhodensis	
Diploscaptercoronatus-288516-GCA964036155.1	GCA_964036155.1	288516	Diploscapter	coronatus	
Caenorhabditismonodelphis-1094320-GCA964197825.1	GCA_964197825.1	1094320	Caenorhabditis	monodelphis	
Caenorhabditisdoughertyi-1094321-GCA963572265.1	GCA_963572265.1	1094321	Caenorhabditis	doughertyi	
Caenorhabditisvirilis-1094323-GCA964036255.1	GCA_964036255.1	1094323	Caenorhabditis	virilis	
Caenorhabditisimperialis-1094324-GCA963572205.1	GCA_963572205.1	1094324	Caenorhabditis	imperialis	
Caenorhabditiskamaaina-1094325-GCA964211945.1	GCA_964211945.1	1094325	Caenorhabditis	kamaaina	
Caenorhabditiswallacei-1094326-GCA963932035.1	GCA_963932035.1	1094326	Caenorhabditis	wallacei	
Caenorhabditismacrosperma-1094328-GCA963932285.1	GCA_963932285.1	1094328	Caenorhabditis	macrosperma	
Caenorhabditisafra-1094335-GCA963570955.1	GCA_963570955.1	1094335	Caenorhabditis	afra	
Caenorhabditislatens-1503980-GCA002259235.3	GCA_002259235.3	1503980	Caenorhabditis	latens	
Caenorhabditissinica-1550068-GCA963932045.1	GCA_963932045.1	1550068	Caenorhabditis	sinica	
Caenorhabditistropicalis-1561998-GCA016735795.1	GCA_016735795.1	1561998	Caenorhabditis	tropicalis	
Caenorhabditistropicalis-1561998-GCA043792875.1	GCA_043792875.1	1561998	Caenorhabditis	tropicalis	
Caenorhabditisnigoni-1611254-GCA001643685.2	GCA_001643685.2	1611254	Caenorhabditis	nigoni	
Caenorhabditisnigoni-1611254-GCA027920645.1	GCA_027920645.1	1611254	Caenorhabditis	nigoni	
Caenorhabditisnigoni-1611254-GCA046127665.1	GCA_046127665.1	1611254	Caenorhabditis	nigoni	
Caenorhabditisinopinata-1978547-GCA003052745.1	GCA_003052745.1	1978547	Caenorhabditis	inopinata	
Caenorhabditisastrocarya-2035511-GCA965282815.1	GCA_965282815.1	2035511	Caenorhabditis	astrocarya	
Caenorhabditisdolens-2035512-GCA965231745.1	GCA_965231745.1	2035512	Caenorhabditis	dolens	
Caenorhabditisbecei-2301260-GCA050948105.1	GCA_050948105.1	2301260	Caenorhabditis	becei	
Caenorhabditisparvicauda-2305859-GCA963978915.1	GCA_963978915.1	2305859	Caenorhabditis	parvicauda	
Caenorhabditisuteleia-2305860-GCA963573275.1	GCA_963573275.1	2305860	Caenorhabditis	uteleia	
Caenorhabditisquiockensis-2305861-GCA964198105.1	GCA_964198105.1	2305861	Caenorhabditis	quiockensis	
Caenorhabditissulstoni-2305862-GCA963966605.1	GCA_963966605.1	2305862	Caenorhabditis	sulstoni	
Caenorhabditiswaitukubuli-2305864-GCA965219145.1	GCA_965219145.1	2305864	Caenorhabditis	waitukubuli	
Caenorhabditiszanzibari-2306312-GCA963966625.1	GCA_963966625.1	2306312	Caenorhabditis	zanzibari	
Caenorhabditissp-1094336-GCA963572245.1	GCA_963572245.1	1094336	Caenorhabditis	sp	
Caenorhabditissp-281686-GCA964204685.1	GCA_964204685.1	281686	Caenorhabditis	sp	
Caenorhabditissp-2883081-GCA965643545.1	GCA_965643545.1	2883081	Caenorhabditis	sp	
Caenorhabditissp-2883082-GCA965234095.1	GCA_965234095.1	2883082	Caenorhabditis	sp	
Caenorhabditissp-2883084-GCA965234135.1	GCA_965234135.1	2883084	Caenorhabditis	sp	
Caenorhabditisplicata-281681-GCA963931815.1	GCA_963931815.1	281681	Caenorhabditis	plicata	
Caenorhabditisjaponica-281687-GCA963572235.1	GCA_963572235.1	281687	Caenorhabditis	japonica	
Caenorhabditisremanei-31234-GCA001643735.4	GCA_001643735.4	31234	Caenorhabditis	remanei	
Caenorhabditisremanei-31234-GCA002259225.3	GCA_002259225.3	31234	Caenorhabditis	remanei	
Caenorhabditisagridulce-3233994-GCA965217555.1	GCA_965217555.1	3233994	Caenorhabditis	agridulce	
Caenorhabditisbriggsae-6238-GCA029581135.1	GCA_029581135.1	6238	Caenorhabditis	briggsae	
Caenorhabditiselegans-6239-GCA000975215.1	GCA_000975215.1	6239	Caenorhabditis	elegans	
Caenorhabditiselegans-6239-GCA004526295.1	GCA_004526295.1	6239	Caenorhabditis	elegans	
Caenorhabditiselegans-6239-GCA020450165.1	GCA_020450165.1	6239	Caenorhabditis	elegans	
Caenorhabditiselegans-6239-GCA022984815.1	GCA_022984815.1	6239	Caenorhabditis	elegans	
Caenorhabditiselegans-6239-GCA028201515.1	GCA_028201515.1	6239	Caenorhabditis	elegans	
Caenorhabditiselegans-6239-GCA029748435.1	GCA_029748435.1	6239	Caenorhabditis	elegans	
Caenorhabditiselegans-6239-GCA039880965.1	GCA_039880965.1	6239	Caenorhabditis	elegans	
Caenorhabditisangaria-860376-GCA964213925.1	GCA_964213925.1	860376	Caenorhabditis	angaria	
Caenorhabditisdrosophilae-96641-GCA963572285.1	GCA_963572285.1	96641	Caenorhabditis	drosophilae	
Oscheiustipulae-141969-GCA013425905.1	GCA_013425905.1	141969	Oscheius	tipulae	
Oscheiusonirici-1559960-GCA932521025.1	GCA_932521025.1	1559960	Oscheius	onirici	
Oscheiussp-2879402-GCA964261325.1	GCA_964261325.1	2879402	Oscheius	sp	
Oscheiussp-2879403-GCA964264185.1	GCA_964264185.1	2879403	Oscheius	sp	
Oscheiussp-2879406-GCA964264175.1	GCA_964264175.1	2879406	Oscheius	sp	
Oscheiussp-2879409-GCA964264275.1	GCA_964264275.1	2879409	Oscheius	sp	
Oscheiussp-2879410-GCA964264085.1	GCA_964264085.1	2879410	Oscheius	sp	
Oscheiussp-2879411-GCA964264255.1	GCA_964264255.1	2879411	Oscheius	sp	
Oscheiussp-2879414-GCA964264245.1	GCA_964264245.1	2879414	Oscheius	sp	
Oscheiussp-2879415-GCA964261225.1	GCA_964261225.1	2879415	Oscheius	sp	
Oscheiussp-2879418-GCA964036215.1	GCA_964036215.1	2879418	Oscheius	sp	
Oscheiussp-2879419-GCA932521405.1	GCA_932521405.1	2879419	Oscheius	sp	
Oscheiussp-2879420-GCA932521415.1	GCA_932521415.1	2879420	Oscheius	sp	
Oscheiussp-2879422-GCA964261265.1	GCA_964261265.1	2879422	Oscheius	sp	
Oscheiusmyriophilus-281680-GCA964057215.1	GCA_964057215.1	281680	Oscheius	myriophilus	
Oscheiusdolichura-473156-GCA932521035.1	GCA_932521035.1	473156	Oscheius	dolichura	
Koerneriapararmatus-3304976-GCA964056735.1	GCA_964056735.1	3304976	Koerneria	pararmatus	
Thelaziacallipaeda-103827-GCA965194785.1	GCA_965194785.1	103827	Thelazia	callipaeda	
Spirocercalupi-304461-GCA965124195.1	GCA_965124195.1	304461	Spirocerca	lupi	
Litomosoidessigmodontis-42156-GCA963070105.1	GCA_963070105.1	42156	Litomosoides	sigmodontis	
Ascarissuum-6253-GCA013433145.1	GCA_013433145.1	6253	Ascaris	suum	
Parascarisunivalens-6257-GCA037576465.1	GCA_037576465.1	6257	Parascaris	univalens	
Acrobeloidesnanus-290746-GCA964656895.1	GCA_964656895.1	290746	Acrobeloides	nanus	
Acrobeloidesmaximus-96598-GCA964212105.1	GCA_964212105.1	96598	Acrobeloides	maximus	
Strongyloidesstercoralis-6248-GCA029582065.1	GCA_029582065.1	6248	Strongyloides	stercoralis	
Turbatrixaceti-114909-GCA963969345.1	GCA_963969345.1	114909	Turbatrix	aceti	
Propanagrolaimussp-2963941-GCA964059925.1	GCA_964059925.1	2963941	Propanagrolaimus	sp	
Panagrolaimussp-310962-GCA964195575.1	GCA_964195575.1	310962	Panagrolaimus	sp	
Panagrolaimussp-591445-GCA964249645.1	GCA_964249645.1	591445	Panagrolaimus	sp	
Panagrolaimussp-591449-GCA964245515.1	GCA_964245515.1	591449	Panagrolaimus	sp	
Panagrolaimussuperbus-310955-GCA964035985.1	GCA_964035985.1	310955	Panagrolaimus	superbus	
Panagrolaimusdetritophagus-310956-GCA964187885.1	GCA_964187885.1	310956	Panagrolaimus	detritophagus	
Bursaphelenchusmucronatus-6325-GCA025436335.1	GCA_025436335.1	6325	Bursaphelenchus	mucronatus	
Ditylenchusdestructor-166010-GCA043789845.1	GCA_043789845.1	166010	Ditylenchus	destructor	
Sphaerulariabombi-364607-GCA964235305.1	GCA_964235305.1	364607	Sphaerularia	bombi	
Heteroderaglycines-51029-GCA004148225.2	GCA_004148225.2	51029	Heterodera	glycines	
Heteroderaglycines-51029-GCA040805705.1	GCA_040805705.1	51029	Heterodera	glycines	
Heteroderaglycines-51029-GCA040805935.1	GCA_040805935.1	51029	Heterodera	glycines	
Heteroderaglycines-51029-GCA046862005.1	GCA_046862005.1	51029	Heterodera	glycines	
Heteroderaglycines-51029-GCA046862185.1	GCA_046862185.1	51029	Heterodera	glycines	
Heteroderaglycines-51029-GCA046862275.1	GCA_046862275.1	51029	Heterodera	glycines	
Heteroderaglycines-51029-GCA046862775.1	GCA_046862775.1	51029	Heterodera	glycines	
Heteroderaglycines-51029-GCA049307805.1	GCA_049307805.1	51029	Heterodera	glycines	
Heteroderaglycines-51029-GCA052402725.1	GCA_052402725.1	51029	Heterodera	glycines	
Sphaerolaimushirsutus-319955-GCA964036195.1	GCA_964036195.1	319955	Sphaerolaimus	hirsutus	
Daptonemasetosum-320139-GCA964036265.1	GCA_964036265.1	320139	Daptonema	setosum	
Sacculinacarcini-51650-GCA916048095.2	GCA_916048095.2	51650	Sacculina	carcini	
Amphibalanusimprovisus-1220549-GCA964274985.1	GCA_964274985.1	1220549	Amphibalanus	improvisus	
Capitulummitella-41070-GCA030062745.1	GCA_030062745.1	41070	Capitulum	mitella	
Capitulummitella-41070-GCA047652375.1	GCA_047652375.1	41070	Capitulum	mitella	
Penaeuschinensis-139456-GCA016920825.1	GCA_016920825.1	139456	Penaeus	chinensis	
Penaeuschinensis-139456-GCA019202785.2	GCA_019202785.2	139456	Penaeus	chinensis	
Penaeusvannamei-6689-GCA037577135.2	GCA_037577135.2	6689	Penaeus	vannamei	
Macrobrachiumrosenbergii-79674-GCA040167855.1	GCA_040167855.1	79674	Macrobrachium	rosenbergii	
Macrobrachiumrosenbergii-79674-GCA046866055.1	GCA_046866055.1	79674	Macrobrachium	rosenbergii	
Cheraxquadricarinatus-27406-GCA026875155.2	GCA_026875155.2	27406	Cherax	quadricarinatus	
Procambarusclarkii-6728-GCA020424385.2	GCA_020424385.2	6728	Procambarus	clarkii	
Scyllarideslatus-204053-GCA965641445.1	GCA_965641445.1	204053	Scyllarides	latus	
Scyllarideslatus-204053-GCA965641465.1	GCA_965641465.1	204053	Scyllarides	latus	
Panulirushomarus-150425-GCA043589495.1	GCA_043589495.1	150425	Panulirus	homarus	
Coenobitabrevimanus-1547439-GCA032717465.2	GCA_032717465.2	1547439	Coenobita	brevimanus	
Paralithodesplatypus-273748-GCA013283005.1	GCA_013283005.1	273748	Paralithodes	platypus	
Paralithodesplatypus-273748-GCA032716605.1	GCA_032716605.1	273748	Paralithodes	platypus	
Diogenespugilator-1436025-GCA965362985.1	GCA_965362985.1	1436025	Diogenes	pugilator	
Cancerborealis-39395-GCA041682235.1	GCA_041682235.1	39395	Cancer	borealis	
Callinectessapidus-6763-GCA020233015.1	GCA_020233015.1	6763	Callinectes	sapidus	
Portunustrituberculatus-210409-GCA017591435.1	GCA_017591435.1	210409	Portunus	trituberculatus	
Portunustrituberculatus-210409-GCA032715055.1	GCA_032715055.1	210409	Portunus	trituberculatus	
Portunustrituberculatus-210409-GCA043638975.1	GCA_043638975.1	210409	Portunus	trituberculatus	
Portunussegnis-470445-GCA965230865.2	GCA_965230865.2	470445	Portunus	segnis	
Eriphiaverrucosa-483417-GCA965152675.1	GCA_965152675.1	483417	Eriphia	verrucosa	
Eriocheirsinensis-95602-GCA013436485.1	GCA_013436485.1	95602	Eriocheir	sinensis	
Eriocheirsinensis-95602-GCA023348025.1	GCA_023348025.1	95602	Eriocheir	sinensis	
Eriocheirsinensis-95602-GCA033459325.1	GCA_033459325.1	95602	Eriocheir	sinensis	
Asellusaquaticus-92525-GCA964212115.1	GCA_964212115.1	92525	Asellus	aquaticus	
Jaeraischiosetosa-2067965-GCA965194735.1	GCA_965194735.1	2067965	Jaera	ischiosetosa	
Jaerapraehirsuta-2613951-GCA965208005.1	GCA_965208005.1	2613951	Jaera	praehirsuta	
Anilocrafrontalis-2925007-GCA964640705.1	GCA_964640705.1	2925007	Anilocra	frontalis	
Ceratothoasteindachneri-2922061-GCA963969495.1	GCA_963969495.1	2922061	Ceratothoa	steindachneri	
Morinoiaaosen-2895740-GCA030386875.1	GCA_030386875.1	2895740	Morinoia	aosen	
Tethysbaenascabra-203899-GCA964277195.1	GCA_964277195.1	203899	Tethysbaena	scabra	
Tigriopusjaponicus-158387-GCA010645155.1	GCA_010645155.1	158387	Tigriopus	japonicus	
Tigriopuswest-2800471-GCA051201535.1	GCA_051201535.1	2800471	Tigriopus	west	
Pandarusbicolor-2872697-GCA965642555.1	GCA_965642555.1	2872697	Pandarus	bicolor	
Lepeophtheirusnordmannii-2742169-GCA963680855.1	GCA_963680855.1	2742169	Lepeophtheirus	nordmannii	
Artemiasinica-112780-GCA027921565.2	GCA_027921565.2	112780	Artemia	sinica	
Artemiasp-337251-GCA049724085.1	GCA_049724085.1	337251	Artemia	sp	
Artemiafranciscana-6661-GCA036172535.1	GCA_036172535.1	6661	Artemia	franciscana	
Daphniagaleata-27404-GCA030770115.1	GCA_030770115.1	27404	Daphnia	galeata	
Daphniagaleata-27404-GCA918697745.2	GCA_918697745.2	27404	Daphnia	galeata	
Daphniapulicaria-35523-GCA017493165.1	GCA_017493165.1	35523	Daphnia	pulicaria	
Daphniapulicaria-35523-GCA021234015.2	GCA_021234015.2	35523	Daphnia	pulicaria	
Daphniaobtusa-35527-GCA052054635.1	GCA_052054635.1	35527	Daphnia	obtusa	
Daphniapulex-6669-GCA023526725.1	GCA_023526725.1	6669	Daphnia	pulex	
Daphniapulex-6669-GCA028752575.1	GCA_028752575.1	6669	Daphnia	pulex	
Daphniapulex-6669-GCA028752595.1	GCA_028752595.1	6669	Daphnia	pulex	
Simocephalusvetulus-77651-GCA041003635.1	GCA_041003635.1	77651	Simocephalus	vetulus	
Chydorussphaericus-77745-GCA030141595.1	GCA_030141595.1	77745	Chydorus	sphaericus	
Yoshiiceruspersimilis-1978554-GCA020352615.2	GCA_020352615.2	1978554	Yoshiicerus	persimilis	
Pogonognathelluslongicornis-707266-GCA965653795.1	GCA_965653795.1	707266	Pogonognathellus	longicornis	
Tomocerusqinae-1765738-GCA020055645.1	GCA_020055645.1	1765738	Tomocerus	qinae	
Folsomiacandida-158441-GCA020920555.1	GCA_020920555.1	158441	Folsomia	candida	
Folsomiacandida-158441-GCA020923455.1	GCA_020923455.1	158441	Folsomia	candida	
Orchesellaflavescens-48711-GCA964034955.1	GCA_964034955.1	48711	Orchesella	flavescens	
Orchesellaranzii-48712-GCA965653205.1	GCA_965653205.1	48712	Orchesella	ranzii	
Cyphoderusalbinus-1499079-GCA965194875.1	GCA_965194875.1	1499079	Cyphoderus	albinus	
Lepidocyrtuscurvicollis-707887-GCA964276635.1	GCA_964276635.1	707887	Lepidocyrtus	curvicollis	
Entomobryaproxima-1302324-GCA029691765.1	GCA_029691765.1	1302324	Entomobrya	proxima	
Entomobryanicoleti-2041941-GCA051380565.1	GCA_051380565.1	2041941	Entomobrya	nicoleti	
Sinellacurviseta-187695-GCA004115045.4	GCA_004115045.4	187695	Sinella	curviseta	
Ceratophysellacommunis-1519100-GCA046718835.1	GCA_046718835.1	1519100	Ceratophysella	communis	
Yuukianurasp-2884183-GCA046563655.1	GCA_046563655.1	2884183	Yuukianura	sp	
Orthonychiurusfolsomi-2581074-GCA046579375.1	GCA_046579375.1	2581074	Orthonychiurus	folsomi	
Mesaphorurayosii-1840514-GCA046563535.1	GCA_046563535.1	1840514	Mesaphorura	yosii	
Arrhopalitesbrevicornis-2876200-GCA046718785.1	GCA_046718785.1	2876200	Arrhopalites	brevicornis	
Sminthurusviridis-109609-GCA965194885.1	GCA_965194885.1	109609	Sminthurus	viridis	
Allacmafusca-39272-GCA947179485.1	GCA_947179485.1	39272	Allacma	fusca	
Dicyrtominaminuta-1387116-GCA949802685.1	GCA_949802685.1	1387116	Dicyrtomina	minuta	
Thermobiadomestica-89055-GCA964235325.1	GCA_964235325.1	89055	Thermobia	domestica	
Procloeonbifidum-1592913-GCA965282545.1	GCA_965282545.1	1592913	Procloeon	bifidum	
Siphlonurusalternatus-248243-GCA949825025.1	GCA_949825025.1	248243	Siphlonurus	alternatus	
Ecdyonurustorrentis-2014018-GCA949318235.1	GCA_949318235.1	2014018	Ecdyonurus	torrentis	
Parafronurusyoui-490128-GCA047372445.1	GCA_047372445.1	490128	Parafronurus	youi	
Orthetrumcoerulescens-333459-GCA965654315.1	GCA_965654315.1	333459	Orthetrum	coerulescens	
Pantalaflavescens-185825-GCA020796165.1	GCA_020796165.1	185825	Pantala	flavescens	
Sympetrumsanguineum-197176-GCA964198025.1	GCA_964198025.1	197176	Sympetrum	sanguineum	
Sympetrumsanguineum-197176-GCA964198035.1	GCA_964198035.1	197176	Sympetrum	sanguineum	
Sympetrumstriolatum-6969-GCA947579665.1	GCA_947579665.1	6969	Sympetrum	striolatum	
Cordulegasterboltonii-126173-GCA965663625.1	GCA_965663625.1	126173	Cordulegaster	boltonii	
Cordulegasterboltonii-126173-GCA965663745.1	GCA_965663745.1	126173	Cordulegaster	boltonii	
Tanypteryxhageni-476689-GCA028673005.1	GCA_028673005.1	476689	Tanypteryx	hageni	
Anaxstrenuus-2819248-GCA965641835.1	GCA_965641835.1	2819248	Anax	strenuus	
Hetaerinatitia-62019-GCA037158775.1	GCA_037158775.1	62019	Hetaerina	titia	
Platycnemispennipes-126231-GCA933228895.1	GCA_933228895.1	126231	Platycnemis	pennipes	
Pyrrhosomanymphula-197171-GCA963573305.1	GCA_963573305.1	197171	Pyrrhosoma	nymphula	
Ceriagriontenellum-638464-GCA963169105.1	GCA_963169105.1	638464	Ceriagrion	tenellum	
Ischnurasenegalensis-126660-GCA964251815.1	GCA_964251815.1	126660	Ischnura	senegalensis	
Ischnuraelegans-197161-GCA921293095.2	GCA_921293095.2	197161	Ischnura	elegans	
Labiaminor-146840-GCA963082975.1	GCA_963082975.1	146840	Labia	minor	
Chelidurellathaleri-2546182-GCA965178615.1	GCA_965178615.1	2546182	Chelidurella	thaleri	
Pteronarcyscalifornica-270884-GCA043644785.1	GCA_043644785.1	270884	Pteronarcys	californica	
Isoperlagrammatica-552050-GCA945910005.1	GCA_945910005.1	552050	Isoperla	grammatica	
Dinocrascephalotes-441509-GCA965637155.1	GCA_965637155.1	441509	Dinocras	cephalotes	
Brachypteraputata-2065413-GCA907164805.1	GCA_907164805.1	2065413	Brachyptera	putata	
Brachypterarisi-446425-GCA964007535.1	GCA_964007535.1	446425	Brachyptera	risi	
Leuctranigra-143735-GCA934045905.1	GCA_934045905.1	143735	Leuctra	nigra	
Rhopalopsolesp-3402857-GCA052426335.1	GCA_052426335.1	3402857	Rhopalopsole	sp	
Indonemourascalprata-2498685-GCA052425775.1	GCA_052425775.1	2498685	Indonemoura	scalprata	
Protonemuramontana-2884235-GCA947568835.1	GCA_947568835.1	2884235	Protonemura	montana	
Nemurellapictetii-143722-GCA921293315.2	GCA_921293315.2	143722	Nemurella	pictetii	
Nemouradubitans-2014036-GCA921293005.1	GCA_921293005.1	2014036	Nemoura	dubitans	
Embiatyrrhenica-1208769-GCA965644375.1	GCA_965644375.1	1208769	Embia	tyrrhenica	
Hymenopuscoronatus-267205-GCA030762935.1	GCA_030762935.1	267205	Hymenopus	coronatus	
Mantisreligiosa-7507-GCA030765055.1	GCA_030765055.1	7507	Mantis	religiosa	
Tenoderasinensis-406589-GCA030324105.1	GCA_030324105.1	406589	Tenodera	sinensis	
Tenoderasinensis-406589-GCA030765045.1	GCA_030765045.1	406589	Tenodera	sinensis	
Deroplatystruncata-627735-GCA030765065.1	GCA_030765065.1	627735	Deroplatys	truncata	
Metallyticusviolacea-406581-GCA030762175.1	GCA_030762175.1	406581	Metallyticus	violacea	
Ectobiuspallidus-406638-GCA964059185.1	GCA_964059185.1	406638	Ectobius	pallidus	
Lobopteradecipiens-242713-GCA964662295.1	GCA_964662295.1	242713	Loboptera	decipiens	
Lobopteratroglobia-3054492-GCA965112255.1	GCA_965112255.1	3054492	Loboptera	troglobia	
Lobopterasubterranea-3078426-GCA964278025.1	GCA_964278025.1	3078426	Loboptera	subterranea	
Schizodactylusjimo-2844906-GCA052149075.1	GCA_052149075.1	2844906	Schizodactylus	jimo	
Meconemathalassinum-494438-GCA946902985.2	GCA_946902985.2	494438	Meconema	thalassinum	
Myrmecophilusmyrmecophilus-3238574-GCA046865745.1	GCA_046865745.1	3238574	Myrmecophilus	myrmecophilus	
Gryllusassimilis-128156-GCA046254815.1	GCA_046254815.1	128156	Gryllus	assimilis	
Gryllusbimaculatus-6999-GCA965638035.1	GCA_965638035.1	6999	Gryllus	bimaculatus	
Gryllusbimaculatus-6999-GCA965638045.1	GCA_965638045.1	6999	Gryllus	bimaculatus	
Teleogryllusoceanicus-128161-GCA965601995.1	GCA_965601995.1	128161	Teleogryllus	oceanicus	
Zhengitettixtranspicula-3094285-GCA037074705.1	GCA_037074705.1	3094285	Zhengitettix	transpicula	
Eucriotettixoculatus-470944-GCA034510155.1	GCA_034510155.1	470944	Eucriotettix	oculatus	
Gibbotettixparvipulvillus-3392086-GCA050613505.1	GCA_050613505.1	3392086	Gibbotettix	parvipulvillus	
Tetrixjaponica-215053-GCA048165185.1	GCA_048165185.1	215053	Tetrix	japonica	
Locustamigratoria-7004-GCA026315105.1	GCA_026315105.1	7004	Locusta	migratoria	
Gomphocerussibiricus-1007316-GCA051013515.1	GCA_051013515.1	1007316	Gomphocerus	sibiricus	
Vandiemenellaviatica-431949-GCA031002005.1	GCA_031002005.1	431949	Vandiemenella	viatica	
Vandiemenellaviatica-431949-GCA040214165.1	GCA_040214165.1	431949	Vandiemenella	viatica	
Vandiemenellaviatica-431949-GCA040214175.1	GCA_040214175.1	431949	Vandiemenella	viatica	
Vandiemenellaviatica-431949-GCA040549115.1	GCA_040549115.1	431949	Vandiemenella	viatica	
Clitarchushookeri-325643-GCA040182645.1	GCA_040182645.1	325643	Clitarchus	hookeri	
Timemapoppense-170557-GCA044715735.1	GCA_044715735.1	170557	Timema	poppense	
Timemacristinae-61476-GCA002009905.3	GCA_002009905.3	61476	Timema	cristinae	
Timemacristinae-61476-GCA002928295.1	GCA_002928295.1	61476	Timema	cristinae	
Timemacristinae-61476-GCA050494355.1	GCA_050494355.1	61476	Timema	cristinae	
Timemacristinae-61476-GCA050494375.1	GCA_050494375.1	61476	Timema	cristinae	
Timemacristinae-61476-GCA050494385.1	GCA_050494385.1	61476	Timema	cristinae	
Timemacristinae-61476-GCA050494415.1	GCA_050494415.1	61476	Timema	cristinae	
Timemacristinae-61476-GCA050494435.1	GCA_050494435.1	61476	Timema	cristinae	
Timemacristinae-61476-GCA050494455.1	GCA_050494455.1	61476	Timema	cristinae	
Timemacristinae-61476-GCA050494475.1	GCA_050494475.1	61476	Timema	cristinae	
Timemacristinae-61476-GCA050494535.1	GCA_050494535.1	61476	Timema	cristinae	
Timemadouglasi-61478-GCA040436065.2	GCA_040436065.2	61478	Timema	douglasi	
Liposcelisbostrychophila-185214-GCA037577465.1	GCA_037577465.1	185214	Liposcelis	bostrychophila	
Liposcelisbrunnea-209989-GCA023512825.1	GCA_023512825.1	209989	Liposcelis	brunnea	
Liposcelistricolor-948454-GCA042257085.1	GCA_042257085.1	948454	Liposcelis	tricolor	
Psococerastisgibbosa-2882760-GCA963971405.1	GCA_963971405.1	2882760	Psococerastis	gibbosa	
Loensiavariegata-209941-GCA964261705.1	GCA_964261705.1	209941	Loensia	variegata	
Mesopsocusfuscifrons-2866285-GCA950004255.1	GCA_950004255.1	2866285	Mesopsocus	fuscifrons	
Megalurothripsusitatus-439358-GCA043789555.1	GCA_043789555.1	439358	Megalurothrips	usitatus	
Thripstabaci-161014-GCA040581495.1	GCA_040581495.1	161014	Thrips	tabaci	
Thripshawaiiensis-163894-GCA045571655.1	GCA_045571655.1	163894	Thrips	hawaiiensis	
Frankliniellaoccidentalis-133901-GCA035583395.1	GCA_035583395.1	133901	Frankliniella	occidentalis	
Frankliniellaintonsa-163893-GCA033675135.1	GCA_033675135.1	163893	Frankliniella	intonsa	
Frankliniellaintonsa-163893-GCA035584235.1	GCA_035584235.1	163893	Frankliniella	intonsa	
Odontothripsloti-670468-GCA038380765.1	GCA_038380765.1	670468	Odontothrips	loti	
Stenchaetothripsbiformis-1100830-GCA030522485.1	GCA_030522485.1	1100830	Stenchaetothrips	biformis	
Dendrothripsminowai-1030662-GCA046868235.1	GCA_046868235.1	1030662	Dendrothrips	minowai	
Nilaparvatalugens-108931-GCA015708395.1	GCA_015708395.1	108931	Nilaparvata	lugens	
Nilaparvatamuiri-706586-GCA039955075.1	GCA_039955075.1	706586	Nilaparvata	muiri	
Nilaparvatamuiri-706586-GCA041146465.1	GCA_041146465.1	706586	Nilaparvata	muiri	
Nilaparvatamuiri-706586-GCA050437505.1	GCA_050437505.1	706586	Nilaparvata	muiri	
Sogatellafurcifera-113103-GCA014356515.1	GCA_014356515.1	113103	Sogatella	furcifera	
Sogatellafurcifera-113103-GCA017141385.1	GCA_017141385.1	113103	Sogatella	furcifera	
Sogatellafurcifera-113103-GCA034513635.1	GCA_034513635.1	113103	Sogatella	furcifera	
Conomelusanceps-491269-GCA948455865.1	GCA_948455865.1	491269	Conomelus	anceps	
Saccharosydneprocerus-871471-GCA048001795.1	GCA_048001795.1	871471	Saccharosydne	procerus	
Laodelphaxstriatellus-195883-GCA014465815.1	GCA_014465815.1	195883	Laodelphax	striatellus	
Laodelphaxstriatellus-195883-GCA017141395.1	GCA_017141395.1	195883	Laodelphax	striatellus	
Lycormadelicatula-130591-GCA040954635.1	GCA_040954635.1	130591	Lycorma	delicatula	
Lycormadelicatula-130591-GCA047948205.1	GCA_047948205.1	130591	Lycorma	delicatula	
Callitettixversicolor-533009-GCA022606455.1	GCA_022606455.1	533009	Callitettix	versicolor	
Aphrophoramajor-2898095-GCA965285795.1	GCA_965285795.1	2898095	Aphrophora	major	
Aphrophoramajor-2898095-GCA965285815.1	GCA_965285815.1	2898095	Aphrophora	major	
Aphrophoraalni-295201-GCA963513935.1	GCA_963513935.1	295201	Aphrophora	alni	
Aphrophoramoscoviciae-3384248-GCA965612245.1	GCA_965612245.1	3384248	Aphrophora	moscoviciae	
Magicicadaseptendecula-44680-GCA034769895.1	GCA_034769895.1	44680	Magicicada	septendecula	
Cicadellaviridis-36150-GCA964205205.1	GCA_964205205.1	36150	Cicadella	viridis	
Hebatadecipiens-3433878-GCA964267455.1	GCA_964267455.1	3433878	Hebata	decipiens	
Matsumurascaonukii-2912585-GCA018831715.1	GCA_018831715.1	2912585	Matsumurasca	onukii	
Ribautianaulmi-1889767-GCA964468525.1	GCA_964468525.1	1889767	Ribautiana	ulmi	
Nephotettixcincticeps-94400-GCA023375725.1	GCA_023375725.1	94400	Nephotettix	cincticeps	
Neoaliturustenellus-102981-GCA030545055.2	GCA_030545055.2	102981	Neoaliturus	tenellus	
Arthaldeuspascuellus-1655869-GCA964204695.1	GCA_964204695.1	1655869	Arthaldeus	pascuellus	
Allygidiuscommutatus-2998517-GCA965197075.1	GCA_965197075.1	2998517	Allygidius	commutatus	
Allygusmodestus-2591979-GCA963675035.1	GCA_963675035.1	2591979	Allygus	modestus	
Aquariuspaludum-95691-GCA052327185.1	GCA_052327185.1	95691	Aquarius	paludum	
Gerrislacustris-108914-GCA951217055.1	GCA_951217055.1	108914	Gerris	lacustris	
Corythuchaciliata-369451-GCA038030265.1	GCA_038030265.1	369451	Corythucha	ciliata	
Cimexhemipterus-757355-GCA039619505.1	GCA_039619505.1	757355	Cimex	hemipterus	
Cimexlectularius-79782-GCA049903765.1	GCA_049903765.1	79782	Cimex	lectularius	
Cimexlectularius-79782-GCA049903775.1	GCA_049903775.1	79782	Cimex	lectularius	
Cimexlectularius-79782-GCA050655605.1	GCA_050655605.1	79782	Cimex	lectularius	
Adelphocorissuturalis-323751-GCA030762985.1	GCA_030762985.1	323751	Adelphocoris	suturalis	
Closterotomustrivialis-2026310-GCA965211935.1	GCA_965211935.1	2026310	Closterotomus	trivialis	
Leptopternadolabrata-881489-GCA954871275.1	GCA_954871275.1	881489	Leptopterna	dolabrata	
Stenodemacalcarata-863834-GCA963920205.1	GCA_963920205.1	863834	Stenodema	calcarata	
Pachypeltismicranthus-1983339-GCA020466155.1	GCA_020466155.1	1983339	Pachypeltis	micranthus	
Cyrtorhinuslividipennis-1032904-GCA019603395.1	GCA_019603395.1	1032904	Cyrtorhinus	lividipennis	
Harpocerathoracica-516509-GCA964273525.1	GCA_964273525.1	516509	Harpocera	thoracica	
Pilophorusperplexus-881727-GCA955831195.1	GCA_955831195.1	881727	Pilophorus	perplexus	
Anthocorisnemoralis-191314-GCA964249955.1	GCA_964249955.1	191314	Anthocoris	nemoralis	
Oriusnagaii-82745-GCA050947255.1	GCA_050947255.1	82745	Orius	nagaii	
Oriusstrigicollis-82748-GCA046618645.1	GCA_046618645.1	82748	Orius	strigicollis	
Triatomainfestans-30076-GCA965641795.1	GCA_965641795.1	30076	Triatoma	infestans	
Triatomadimidiata-72491-GCA964198125.1	GCA_964198125.1	72491	Triatoma	dimidiata	
Panstrongylusgeniculatus-156442-GCA964188295.1	GCA_964188295.1	156442	Panstrongylus	geniculatus	
Pyrrhocorisapterus-37000-GCA039877355.1	GCA_039877355.1	37000	Pyrrhocoris	apterus	
Aradusdepressus-1452771-GCA963662175.1	GCA_963662175.1	1452771	Aradus	depressus	
Aradustruncatus-2881568-GCA965153375.1	GCA_965153375.1	2881568	Aradus	truncatus	
Piezodorusguildinii-437484-GCA023052935.1	GCA_023052935.1	437484	Piezodorus	guildinii	
Rhaphigasternebulosa-51622-GCA948150685.1	GCA_948150685.1	51622	Rhaphigaster	nebulosa	
Aeliaacuminata-1511221-GCA911387785.2	GCA_911387785.2	1511221	Aelia	acuminata	
Graphosomaitalicum-537450-GCA965282455.1	GCA_965282455.1	537450	Graphosoma	italicum	
Troilusluridus-1545368-GCA964056705.1	GCA_964056705.1	1545368	Troilus	luridus	
Troilusluridus-1545368-GCA964056715.1	GCA_964056715.1	1545368	Troilus	luridus	
Armacustos-291269-GCA037127475.1	GCA_037127475.1	291269	Arma	custos	
Armacustos-291269-GCA048127545.1	GCA_048127545.1	291269	Arma	custos	
Armachinensis-763200-GCA040285775.1	GCA_040285775.1	763200	Arma	chinensis	
Eocantheconafurcellata-696902-GCA051943165.1	GCA_051943165.1	696902	Eocanthecona	furcellata	
Eocantheconafurcellata-696902-GCA052056905.1	GCA_052056905.1	696902	Eocanthecona	furcellata	
Acanthosomahaemorrhoidale-483950-GCA930367205.1	GCA_930367205.1	483950	Acanthosoma	haemorrhoidale	
Oxycarenushyalinipennis-1149918-GCA051295265.1	GCA_051295265.1	1149918	Oxycarenus	hyalinipennis	
Berytinuscrassipes-1545285-GCA965637085.1	GCA_965637085.1	1545285	Berytinus	crassipes	
Berytinusmontivagus-1545287-GCA965615965.1	GCA_965615965.1	1545287	Berytinus	montivagus	
Macrodemamicropterum-2882282-GCA965636975.1	GCA_965636975.1	2882282	Macrodema	micropterum	
Megalonotuspraetextatus-1545161-GCA965653145.1	GCA_965653145.1	1545161	Megalonotus	praetextatus	
Megalonotuspraetextatus-1545161-GCA965653845.1	GCA_965653845.1	1545161	Megalonotus	praetextatus	
Gonocerusacuteangulatus-1545138-GCA946811695.1	GCA_946811695.1	1545138	Gonocerus	acuteangulatus	
Leptoglossusphyllopus-1284684-GCA041002905.1	GCA_041002905.1	1284684	Leptoglossus	phyllopus	
Leptoglossusoccidentalis-236887-GCA045410785.1	GCA_045410785.1	236887	Leptoglossus	occidentalis	
Riptortuspedestris-329032-GCA019009955.1	GCA_019009955.1	329032	Riptortus	pedestris	
Alyduscalcaratus-881521-GCA964341005.1	GCA_964341005.1	881521	Alydus	calcaratus	
Pachypsyllavenusta-38123-GCA012654025.1	GCA_012654025.1	38123	Pachypsylla	venusta	
Diaphorinacitri-121845-GCA030643865.1	GCA_030643865.1	121845	Diaphorina	citri	
Diaphorinacitri-121845-GCA044336275.1	GCA_044336275.1	121845	Diaphorina	citri	
Dyspersaapicalis-3350242-GCA047370795.1	GCA_047370795.1	3350242	Dyspersa	apicalis	
Bactericeracockerelli-290155-GCA024516035.1	GCA_024516035.1	290155	Bactericera	cockerelli	
Triozaurticae-121826-GCA047371265.1	GCA_047371265.1	121826	Trioza	urticae	
Triozaanthrisci-2023874-GCA047371775.1	GCA_047371775.1	2023874	Trioza	anthrisci	
Adelgestsugae-357502-GCA045999825.2	GCA_045999825.2	357502	Adelges	tsugae	
Adelgesabietis-419077-GCA051942795.1	GCA_051942795.1	419077	Adelges	abietis	
Eriosomalanigerum-133082-GCA013282895.1	GCA_013282895.1	133082	Eriosoma	lanigerum	
Slavumlentiscoides-2878228-GCA032441835.1	GCA_032441835.1	2878228	Slavum	lentiscoides	
Schlechtendaliachinensis-38111-GCA019022885.1	GCA_019022885.1	38111	Schlechtendalia	chinensis	
Chaetogeoicaovagalla-2939601-GCA032441825.1	GCA_032441825.1	2939601	Chaetogeoica	ovagalla	
Megouracrassicauda-469902-GCA049724165.1	GCA_049724165.1	469902	Megoura	crassicauda	
Megouracrassicauda-469902-GCA050169925.1	GCA_050169925.1	469902	Megoura	crassicauda	
Myzuspersicae-13164-GCA029232275.1	GCA_029232275.1	13164	Myzus	persicae	
Neotoxopteraformosana-1425443-GCA022818045.1	GCA_022818045.1	1425443	Neotoxoptera	formosana	
Sitobionmiscanthi-44668-GCA008086715.1	GCA_008086715.1	44668	Sitobion	miscanthi	
Brevicorynebrassicae-69196-GCA042479345.1	GCA_042479345.1	69196	Brevicoryne	brassicae	
Semiaphisheraclei-796293-GCA043165465.1	GCA_043165465.1	796293	Semiaphis	heraclei	
Schizaphisgraminum-13262-GCA020882235.1	GCA_020882235.1	13262	Schizaphis	graminum	
Melanaphissacchari-742174-GCA038630835.1	GCA_038630835.1	742174	Melanaphis	sacchari	
Aphisglycines-307491-GCA046127445.1	GCA_046127445.1	307491	Aphis	glycines	
Aphisgossypii-80765-GCA020184165.1	GCA_020184165.1	80765	Aphis	gossypii	
Therioaphistrifolii-935269-GCA027580255.1	GCA_027580255.1	935269	Therioaphis	trifolii	
Drepanosiphumplatanoidis-527648-GCA948098885.1	GCA_948098885.1	527648	Drepanosiphum	platanoidis	
Periphyllusacericola-1425412-GCA949715065.1	GCA_949715065.1	1425412	Periphyllus	acericola	
Tuberolachnussalignus-96551-GCA956483605.1	GCA_956483605.1	96551	Tuberolachnus	salignus	
Pseudoregmabambucicola-39655-GCA041296405.1	GCA_041296405.1	39655	Pseudoregma	bambucicola	
Hormaphiscornu-30177-GCA017140985.1	GCA_017140985.1	30177	Hormaphis	cornu	
Acanthococcuslagerstroemiae-2838189-GCA031841125.1	GCA_031841125.1	2838189	Acanthococcus	lagerstroemiae	
Toumeyellaliriodendri-3140520-GCA041937245.1	GCA_041937245.1	3140520	Toumeyella	liriodendri	
Ceroplastespseudoceriferus-1182651-GCA050872025.1	GCA_050872025.1	1182651	Ceroplastes	pseudoceriferus	
Coccushesperidum-538890-GCA964257065.1	GCA_964257065.1	538890	Coccus	hesperidum	
Pseudococcusjackbeardsleyi-490930-GCA038380155.1	GCA_038380155.1	490930	Pseudococcus	jackbeardsleyi	
Paracoccusmarginatus-252483-GCA048836485.1	GCA_048836485.1	252483	Paracoccus	marginatus	
Nipaecoccusviridis-249496-GCA052327235.1	GCA_052327235.1	249496	Nipaecoccus	viridis	
Balanococcusdiminutus-249498-GCA959613365.1	GCA_959613365.1	249498	Balanococcus	diminutus	
Phenacoccussolenopsis-483260-GCA009761765.1	GCA_009761765.1	483260	Phenacoccus	solenopsis	
Iceryapurchasi-249532-GCA039619475.1	GCA_039619475.1	249532	Icerya	purchasi	
Iceryapurchasi-249532-GCA952773005.1	GCA_952773005.1	249532	Icerya	purchasi	
Coronaproctuscastanopsis-3041021-GCA032883995.1	GCA_032883995.1	3041021	Coronaproctus	castanopsis	
Panorpagermanica-50603-GCA963678705.1	GCA_963678705.1	50603	Panorpa	germanica	
Panorpaliui-706606-GCA040113165.1	GCA_040113165.1	706606	Panorpa	liui	
Stylopsaterrimus-2793623-GCA965240395.1	GCA_965240395.1	2793623	Stylops	aterrimus	
Liopterushaemorrhoidalis-107794-GCA963971575.1	GCA_963971575.1	107794	Liopterus	haemorrhoidalis	
Pogonuschalceus-235516-GCA002278615.1	GCA_002278615.1	235516	Pogonus	chalceus	
Ocystachysoides-1940097-GCA965282375.1	GCA_965282375.1	1940097	Ocys	tachysoides	
Calathusmelanocephalus-127479-GCA966096355.1	GCA_966096355.1	127479	Calathus	melanocephalus	
Agonumfuliginosum-1553040-GCA947534325.1	GCA_947534325.1	1553040	Agonum	fuliginosum	
Clivinafossor-795047-GCA963966155.1	GCA_963966155.1	795047	Clivina	fossor	
Carabusproblematicus-49291-GCA963422195.1	GCA_963422195.1	49291	Carabus	problematicus	
Carabusbanonii-3023605-GCA964291765.2	GCA_964291765.2	3023605	Carabus	banonii	
Notiophilusbiguttatus-346812-GCA965642445.1	GCA_965642445.1	346812	Notiophilus	biguttatus	
Nebriabrevicollis-110024-GCA944738965.1	GCA_944738965.1	110024	Nebria	brevicollis	
Nebriasalina-878211-GCA944039245.1	GCA_944039245.1	878211	Nebria	salina	
Leistusfulvibarbis-346789-GCA965644575.1	GCA_965644575.1	346789	Leistus	fulvibarbis	
Leistusfulvibarbis-346789-GCA965644585.1	GCA_965644585.1	346789	Leistus	fulvibarbis	
Leistusrufomarginatus-346790-GCA966112595.1	GCA_966112595.1	346790	Leistus	rufomarginatus	
Leistusspinibarbis-878056-GCA933228885.1	GCA_933228885.1	878056	Leistus	spinibarbis	
Amaraovata-346692-GCA965279835.1	GCA_965279835.1	346692	Amara	ovata	
Amaraovata-346692-GCA965279875.1	GCA_965279875.1	346692	Amara	ovata	
Ophonusardosiacus-247415-GCA943142095.1	GCA_943142095.1	247415	Ophonus	ardosiacus	
Harpalusanxius-247284-GCA965601895.1	GCA_965601895.1	247284	Harpalus	anxius	
Harpalusrubripes-247297-GCA963082715.1	GCA_963082715.1	247297	Harpalus	rubripes	
Harpalusrufipes-247442-GCA951394225.1	GCA_951394225.1	247442	Harpalus	rufipes	
Abaxparallelepipedus-102642-GCA964197645.1	GCA_964197645.1	102642	Abax	parallelepipedus	
Poeciluscupreus-270614-GCA963942605.1	GCA_963942605.1	270614	Poecilus	cupreus	
Cedrorumazoricus-3116505-GCA965287095.1	GCA_965287095.1	3116505	Cedrorum	azoricus	
Pterostichusvernalis-878440-GCA965283465.1	GCA_965283465.1	878440	Pterostichus	vernalis	
Pterostichusniger-106386-GCA947425015.1	GCA_947425015.1	106386	Pterostichus	niger	
Pterostichusmadidus-767470-GCA911728475.2	GCA_911728475.2	767470	Pterostichus	madidus	
Dromiusquadrimaculatus-346772-GCA963989225.1	GCA_963989225.1	346772	Dromius	quadrimaculatus	
Hololeptaplana-290657-GCA963695495.1	GCA_963695495.1	290657	Hololepta	plana	
Laccobiusstriatulus-446446-GCA965654235.1	GCA_965654235.1	446446	Laccobius	striatulus	
Laccobiusstriatulus-446446-GCA965654275.1	GCA_965654275.1	446446	Laccobius	striatulus	
Lestevapubescens-346794-GCA965644545.1	GCA_965644545.1	346794	Lesteva	pubescens	
Anthobiumunicolor-347271-GCA965663555.1	GCA_965663555.1	347271	Anthobium	unicolor	
Anthobiumunicolor-347271-GCA965663565.1	GCA_965663565.1	347271	Anthobium	unicolor	
Aleocharacurtula-135881-GCA963978815.1	GCA_963978815.1	135881	Aleochara	curtula	
Drusillacanaliculata-135868-GCA965644065.1	GCA_965644065.1	135868	Drusilla	canaliculata	
Lordithonlunulatus-347394-GCA963942505.1	GCA_963942505.1	347394	Lordithon	lunulatus	
Tachyporushypnorum-346861-GCA965783885.1	GCA_965783885.1	346861	Tachyporus	hypnorum	
Tachinusrufipes-1588496-GCA963932245.1	GCA_963932245.1	1588496	Tachinus	rufipes	
Scaphidiumquadrimaculatum-295644-GCA965282785.1	GCA_965282785.1	295644	Scaphidium	quadrimaculatum	
Stenusbimaculatus-1202164-GCA963971135.1	GCA_963971135.1	1202164	Stenus	bimaculatus	
Philonthuscognatus-346820-GCA932526585.2	GCA_932526585.2	346820	Philonthus	cognatus	
Philonthusspinipes-878362-GCA963082785.1	GCA_963082785.1	878362	Philonthus	spinipes	
Ocypusolens-662956-GCA910593695.2	GCA_910593695.2	662956	Ocypus	olens	
Staphylinuserythropterus-1553746-GCA964211955.1	GCA_964211955.1	1553746	Staphylinus	erythropterus	
Quediuslateralis-878401-GCA964338995.1	GCA_964338995.1	878401	Quedius	lateralis	
Ontholestesmurinus-875675-GCA963969525.1	GCA_963969525.1	875675	Ontholestes	murinus	
Othiuspunctulatus-347424-GCA951805005.1	GCA_951805005.1	347424	Othius	punctulatus	
Lathrobiumbrunnipes-346787-GCA965240315.1	GCA_965240315.1	346787	Lathrobium	brunnipes	
Thanatophilussinuatus-414939-GCA051122355.1	GCA_051122355.1	414939	Thanatophilus	sinuatus	
Phosphugaatrata-414934-GCA944588485.1	GCA_944588485.1	414934	Phosphuga	atrata	
Nicrophorusinvestigator-414950-GCA963457615.1	GCA_963457615.1	414950	Nicrophorus	investigator	
Leptodirushochenwartii-2996356-GCA947310635.1	GCA_947310635.1	2996356	Leptodirus	hochenwartii	
Catopsnigricans-346753-GCA965642105.1	GCA_965642105.1	346753	Catops	nigricans	
Catopsnigricans-346753-GCA965642125.1	GCA_965642125.1	346753	Catops	nigricans	
Geotrupesspiniger-295525-GCA959613385.1	GCA_959613385.1	295525	Geotrupes	spiniger	
Prosopocoilusinquinatus-618466-GCA036172665.1	GCA_036172665.1	618466	Prosopocoilus	inquinatus	
Dorcusparallelipipedus-41107-GCA958336345.1	GCA_958336345.1	41107	Dorcus	parallelipipedus	
Dorcushopei-618762-GCA033060865.1	GCA_033060865.1	618762	Dorcus	hopei	
Odontolabiscuvera-618294-GCA049462965.1	GCA_049462965.1	618294	Odontolabis	cuvera	
Serrognathustitanus-618631-GCA039766575.1	GCA_039766575.1	618631	Serrognathus	titanus	
Aphodiusfimetarius-207148-GCA964211865.1	GCA_964211865.1	207148	Aphodius	fimetarius	
Aphodiusgranarius-207157-GCA963971325.1	GCA_963971325.1	207157	Aphodius	granarius	
Aphodiussticticus-207213-GCA963966075.1	GCA_963966075.1	207213	Aphodius	sticticus	
Melinopterusprodromus-1971315-GCA964023965.1	GCA_964023965.1	1971315	Melinopterus	prodromus	
Catharsiusmolossus-206819-GCA051362485.1	GCA_051362485.1	206819	Catharsius	molossus	
Trypoxylusdichotomus-273928-GCA023509865.1	GCA_023509865.1	273928	Trypoxylus	dichotomus	
Cetoniaaurata-290679-GCA949128085.1	GCA_949128085.1	290679	Cetonia	aurata	
Protaetiabrevitarsis-348688-GCA051903415.1	GCA_051903415.1	348688	Protaetia	brevitarsis	
Rhizotrogusaestivus-1971888-GCA965643555.1	GCA_965643555.1	1971888	Rhizotrogus	aestivus	
Amphimallonsolstitiale-360071-GCA963170755.1	GCA_963170755.1	360071	Amphimallon	solstitiale	
Melolonthamelolontha-7061-GCA935421215.2	GCA_935421215.2	7061	Melolontha	melolontha	
Chrysinagloriosa-3098083-GCA038088585.1	GCA_038088585.1	3098083	Chrysina	gloriosa	
Kibakoganeasinica-3161192-GCA043790905.1	GCA_043790905.1	3161192	Kibakoganea	sinica	
Kibakoganeatamdaoensis-3241133-GCA046237675.1	GCA_046237675.1	3241133	Kibakoganea	tamdaoensis	
Elmisaenea-186982-GCA947652605.1	GCA_947652605.1	186982	Elmis	aenea	
Dascilluscervinus-285223-GCA949768715.1	GCA_949768715.1	285223	Dascillus	cervinus	
Agriluscyanescens-1586972-GCA947389935.1	GCA_947389935.1	1586972	Agrilus	cyanescens	
Agrilusmali-1917227-GCA029378335.1	GCA_029378335.1	1917227	Agrilus	mali	
Agrilusbiguttatus-324823-GCA963921985.1	GCA_963921985.1	324823	Agrilus	biguttatus	
Sambuskanssuensis-3045898-GCA047651835.1	GCA_047651835.1	3045898	Sambus	kanssuensis	
Microrhaguspygmaeus-445480-GCA965643785.1	GCA_965643785.1	445480	Microrhagus	pygmaeus	
Ampedussanguinolentus-941989-GCA964234815.1	GCA_964234815.1	941989	Ampedus	sanguinolentus	
Agrioteslineatus-292458-GCA940337035.1	GCA_940337035.1	292458	Agriotes	lineatus	
Agrioteslineatus-292458-GCA965788545.1	GCA_965788545.1	292458	Agriotes	lineatus	
Dalopiusmarginatus-1553258-GCA965112895.1	GCA_965112895.1	1553258	Dalopius	marginatus	
Agrypnusmurinus-195168-GCA929113105.1	GCA_929113105.1	195168	Agrypnus	murinus	
Hemicrepidiushirtus-1132043-GCA963082805.1	GCA_963082805.1	1132043	Hemicrepidius	hirtus	
Denticollislinearis-333879-GCA964205235.1	GCA_964205235.1	333879	Denticollis	linearis	
Limoniusponeli-1588201-GCA965119585.1	GCA_965119585.1	1588201	Limonius	poneli	
Limoniusponeli-1588201-GCA965119595.1	GCA_965119595.1	1588201	Limonius	poneli	
Melanotusvillosus-346801-GCA963082815.1	GCA_963082815.1	346801	Melanotus	villosus	
Cteniceracuprea-1132042-GCA958336395.1	GCA_958336395.1	1132042	Ctenicera	cuprea	
Actenicerussiaelandicus-869165-GCA964234755.1	GCA_964234755.1	869165	Actenicerus	siaelandicus	
Podabrusalpinus-1553677-GCA932274525.1	GCA_932274525.1	1553677	Podabrus	alpinus	
Cantharisnigra-1553174-GCA958510845.1	GCA_958510845.1	1553174	Cantharis	nigra	
Cantharisrustica-195172-GCA911387805.1	GCA_911387805.1	195172	Cantharis	rustica	
Cantharisrufa-350087-GCA947369205.1	GCA_947369205.1	350087	Cantharis	rufa	
Cantharisflavilabris-877752-GCA949152465.1	GCA_949152465.1	877752	Cantharis	flavilabris	
Cantharisdecipiens-877885-GCA965642435.1	GCA_965642435.1	877885	Cantharis	decipiens	
Cantharislateralis-877886-GCA963170105.1	GCA_963170105.1	877886	Cantharis	lateralis	
Rhagonychalutea-1553715-GCA958510855.1	GCA_958510855.1	1553715	Rhagonycha	lutea	
Rhagonychalignosa-195289-GCA965212295.1	GCA_965212295.1	195289	Rhagonycha	lignosa	
Rhagonychafulva-41101-GCA905340355.1	GCA_905340355.1	41101	Rhagonycha	fulva	
Malthinusseriepunctatus-1588223-GCA963924605.1	GCA_963924605.1	1588223	Malthinus	seriepunctatus	
Malthinusflaveolus-195224-GCA950108345.1	GCA_950108345.1	195224	Malthinus	flaveolus	
Malthodesmarginatus-346798-GCA965119235.1	GCA_965119235.1	346798	Malthodes	marginatus	
Malthodesminimus-878135-GCA964263285.1	GCA_964263285.1	878135	Malthodes	minimus	
Prionocyphonserricornis-1569171-GCA965648515.1	GCA_965648515.1	1569171	Prionocyphon	serricornis	
Prionocyphonserricornis-1569171-GCA965648555.1	GCA_965648555.1	1569171	Prionocyphon	serricornis	
Dastarcushelophoroides-1169899-GCA028583605.1	GCA_028583605.1	1169899	Dastarcus	helophoroides	
Endomychuscoccineus-295833-GCA958510875.1	GCA_958510875.1	295833	Endomychus	coccineus	
Cartoderebifasciata-1587142-GCA963920755.1	GCA_963920755.1	1587142	Cartodere	bifasciata	
Coccidularufa-115345-GCA965178175.1	GCA_965178175.1	115345	Coccidula	rufa	
Rhyzobiusforestieri-2849648-GCA966185095.1	GCA_966185095.1	2849648	Rhyzobius	forestieri	
Serangiumjaponicum-544596-GCA040543525.2	GCA_040543525.2	544596	Serangium	japonicum	
Harmoniaaxyridis-115357-GCA011033045.2	GCA_011033045.2	115357	Harmonia	axyridis	
Harmoniaquadripunctata-346781-GCA965642415.1	GCA_965642415.1	346781	Harmonia	quadripunctata	
Propyleajaponica-158624-GCA013421045.1	GCA_013421045.1	158624	Propylea	japonica	
Anisostictanovemdecimpunctata-185876-GCA964188095.1	GCA_964188095.1	185876	Anisosticta	novemdecimpunctata	
Coccinellamagnifica-185877-GCA965644565.1	GCA_965644565.1	185877	Coccinella	magnifica	
Calviaquattuordecimguttata-419956-GCA964059645.1	GCA_964059645.1	419956	Calvia	quattuordecimguttata	
Megalocariadilatata-511882-GCA034642435.1	GCA_034642435.1	511882	Megalocaria	dilatata	
Aphidectaobliterata-1501862-GCA963966015.1	GCA_963966015.1	1501862	Aphidecta	obliterata	
Myrrhaoctodecimguttata-703265-GCA958510865.1	GCA_958510865.1	703265	Myrrha	octodecimguttata	
Hippodamiaconvergens-64696-GCA038502775.1	GCA_038502775.1	64696	Hippodamia	convergens	
Hippodamiavariegata-703264-GCA046424425.1	GCA_046424425.1	703264	Hippodamia	variegata	
Adaliadecempunctata-115343-GCA951802165.1	GCA_951802165.1	115343	Adalia	decempunctata	
Adaliabipunctata-7084-GCA910592335.1	GCA_910592335.1	7084	Adalia	bipunctata	
Halyziasedecimguttata-347359-GCA937662695.2	GCA_937662695.2	347359	Halyzia	sedecimguttata	
Subcoccinellavigintiquattuorpunctata-295815-GCA965783985.1	GCA_965783985.1	295815	Subcoccinella	vigintiquattuorpunctata	
Opilomollis-1445684-GCA964338635.1	GCA_964338635.1	1445684	Opilo	mollis	
Tilluselongatus-295696-GCA964006375.1	GCA_964006375.1	295696	Tillus	elongatus	
Malachiusbipustulatus-295700-GCA910589415.1	GCA_910589415.1	295700	Malachius	bipustulatus	
Anthocomusfasciatus-346704-GCA964258815.1	GCA_964258815.1	346704	Anthocomus	fasciatus	
Biphylluslunatus-197003-GCA965194465.1	GCA_965194465.1	197003	Biphyllus	lunatus	
Biphylluslunatus-197003-GCA965194665.1	GCA_965194665.1	197003	Biphyllus	lunatus	
Librodorjaponicus-433237-GCA046866795.1	GCA_046866795.1	433237	Librodor	japonicus	
Silvanusunidentatus-295940-GCA963930825.1	GCA_963930825.1	295940	Silvanus	unidentatus	
Uleiotaplanata-346868-GCA965112455.1	GCA_965112455.1	346868	Uleiota	planata	
Cryptophagusacutangulus-1553241-GCA963556235.1	GCA_963556235.1	1553241	Cryptophagus	acutangulus	
Brachypterusglaber-442081-GCA958510825.1	GCA_958510825.1	442081	Brachypterus	glaber	
Pediacusdermestoides-878348-GCA963942485.1	GCA_963942485.1	878348	Pediacus	dermestoides	
Nacerdesmelanura-878157-GCA965279825.1	GCA_965279825.1	878157	Nacerdes	melanura	
Orchesiaundulata-351518-GCA965642315.1	GCA_965642315.1	351518	Orchesia	undulata	
Eulagiusfilicornis-1586587-GCA965643585.1	GCA_965643585.1	1586587	Eulagius	filicornis	
Mycetophaguspiceus-1501876-GCA965642255.1	GCA_965642255.1	1501876	Mycetophagus	piceus	
Hallomenusbinotatus-295970-GCA965648495.1	GCA_965648495.1	295970	Hallomenus	binotatus	
Tarphiuscanariensis-124803-GCA964277315.1	GCA_964277315.1	124803	Tarphius	canariensis	
Bitomacrenata-346746-GCA964656825.1	GCA_964656825.1	346746	Bitoma	crenata	
Colydiumelongatum-295817-GCA964656385.1	GCA_964656385.1	295817	Colydium	elongatum	
Pycnomerusfuliginosus-878397-GCA963924575.1	GCA_963924575.1	878397	Pycnomerus	fuliginosus	
Anaspismaculata-295995-GCA949128115.1	GCA_949128115.1	295995	Anaspis	maculata	
Anaspisregimbarti-346699-GCA964204715.1	GCA_964204715.1	346699	Anaspis	regimbarti	
Anaspisfrontalis-433021-GCA964243895.1	GCA_964243895.1	433021	Anaspis	frontalis	
Notoxusmonoceros-1553591-GCA965276455.1	GCA_965276455.1	1553591	Notoxus	monoceros	
Salpingusplanirostris-577144-GCA949788335.1	GCA_949788335.1	577144	Salpingus	planirostris	
Hycleusmarcipoli-1914940-GCA051167335.1	GCA_051167335.1	1914940	Hycleus	marcipoli	
Mylabrissibirica-2921314-GCA039776855.1	GCA_039776855.1	2921314	Mylabris	sibirica	
Metoecusparadoxus-433052-GCA965282865.1	GCA_965282865.1	433052	Metoecus	paradoxus	
Pyrochroaserraticornis-346838-GCA905333025.2	GCA_905333025.2	346838	Pyrochroa	serraticornis	
Schizotuspectinicornis-351686-GCA951805265.1	GCA_951805265.1	351686	Schizotus	pectinicornis	
Dailognathaquadricollis-575809-GCA965183915.1	GCA_965183915.1	575809	Dailognatha	quadricollis	
Cynaeusangustus-1553252-GCA030157275.1	GCA_030157275.1	1553252	Cynaeus	angustus	
Eledonaagricola-347340-GCA964023215.2	GCA_964023215.2	347340	Eledona	agricola	
Latheticusoryzae-466960-GCA030157265.1	GCA_030157265.1	466960	Latheticus	oryzae	
Tenebriomolitor-7067-GCA037075425.1	GCA_037075425.1	7067	Tenebrio	molitor	
Zophobasatratus-7074-GCA022388445.1	GCA_022388445.1	7074	Zophobas	atratus	
Nalassuslaevioctostriatus-878205-GCA965649375.1	GCA_965649375.1	878205	Nalassus	laevioctostriatus	
Nalassuslaevioctostriatus-878205-GCA965649385.1	GCA_965649385.1	878205	Nalassus	laevioctostriatus	
Lagriahirta-296003-GCA947359425.1	GCA_947359425.1	296003	Lagria	hirta	
Ulomoidesdermestoides-1552300-GCA040954815.1	GCA_040954815.1	1552300	Ulomoides	dermestoides	
Gnatoceruscornutus-1553328-GCA029298725.1	GCA_029298725.1	1553328	Gnatocerus	cornutus	
Diaperisboleti-433215-GCA963583935.1	GCA_963583935.1	433215	Diaperis	boleti	
Triboliumcastaneum-7070-GCA041430155.1	GCA_041430155.1	7070	Tribolium	castaneum	
Triboliumconfusum-7071-GCA019155225.1	GCA_019155225.1	7071	Tribolium	confusum	
Triboliumfreemani-7072-GCA022388455.1	GCA_022388455.1	7072	Tribolium	freemani	
Triboliumfreemani-7072-GCA939628115.1	GCA_939628115.1	7072	Tribolium	freemani	
Pseudocistelaceramboides-295998-GCA965601595.1	GCA_965601595.1	295998	Pseudocistela	ceramboides	
Prionychusater-347445-GCA965112505.1	GCA_965112505.1	347445	Prionychus	ater	
Blapsrhynchoptera-1379410-GCA042257705.1	GCA_042257705.1	1379410	Blaps	rhynchoptera	
Dendarusforaminosus-2712997-GCA965152765.1	GCA_965152765.1	2712997	Dendarus	foraminosus	
Brontispalongissima-111217-GCA040580785.1	GCA_040580785.1	111217	Brontispa	longissima	
Octodontanipae-1432747-GCA034190945.1	GCA_034190945.1	1432747	Octodonta	nipae	
Cryptocephalusprimarius-1587206-GCA963576515.1	GCA_963576515.1	1587206	Cryptocephalus	primarius	
Cryptocephalusmoraei-204949-GCA946251905.1	GCA_946251905.1	204949	Cryptocephalus	moraei	
Cryptocephaluspusillus-877924-GCA965663585.1	GCA_965663585.1	877924	Cryptocephalus	pusillus	
Gastrophysaviridula-154015-GCA965641405.1	GCA_965641405.1	154015	Gastrophysa	viridula	
Gastrophysapolygoni-878018-GCA963576655.1	GCA_963576655.1	878018	Gastrophysa	polygoni	
Plagioderaversicolora-154017-GCA035321685.1	GCA_035321685.1	154017	Plagiodera	versicolora	
Plagioderaversicolora-154017-GCA037013635.1	GCA_037013635.1	154017	Plagiodera	versicolora	
Plagioderaversicolora-154017-GCA047716315.1	GCA_047716315.1	154017	Plagiodera	versicolora	
Plagioderaversicolora-154017-GCA963584125.1	GCA_963584125.1	154017	Plagiodera	versicolora	
Chrysolinagraminis-111401-GCA964197785.1	GCA_964197785.1	111401	Chrysolina	graminis	
Chrysolinaoricalcia-1587174-GCA944452925.2	GCA_944452925.2	1587174	Chrysolina	oricalcia	
Chrysolinaamericana-75506-GCA958502065.1	GCA_958502065.1	75506	Chrysolina	americana	
Chrysolinahaemoptera-75519-GCA958298965.1	GCA_958298965.1	75519	Chrysolina	haemoptera	
Chrysomelaaeneicollis-153825-GCA027562985.1	GCA_027562985.1	153825	Chrysomela	aeneicollis	
Chrysomelapopuli-154003-GCA965642295.1	GCA_965642295.1	154003	Chrysomela	populi	
Chrysomelasaliceti-1587176-GCA965121785.1	GCA_965121785.1	1587176	Chrysomela	saliceti	
Leptinotarsadecemlineata-7539-GCA024712935.1	GCA_024712935.1	7539	Leptinotarsa	decemlineata	
Alticalythri-346691-GCA964028335.1	GCA_964028335.1	346691	Altica	lythri	
Chaetocnemahortensis-346761-GCA965653155.1	GCA_965653155.1	346761	Chaetocnema	hortensis	
Chaetocnemahortensis-346761-GCA965653175.1	GCA_965653175.1	346761	Chaetocnema	hortensis	
Crepidoderafulvicornis-1425550-GCA965615805.1	GCA_965615805.1	1425550	Crepidodera	fulvicornis	
Crepidoderaaurata-200911-GCA965645225.1	GCA_965645225.1	200911	Crepidodera	aurata	
Crepidoderaaurea-346762-GCA949320105.2	GCA_949320105.2	346762	Crepidodera	aurea	
Hermaeophagamercurialis-347362-GCA951812935.1	GCA_951812935.1	347362	Hermaeophaga	mercurialis	
Phyllotretacruciferae-224133-GCA917563865.1	GCA_917563865.1	224133	Phyllotreta	cruciferae	
Longitarsusdorsalis-346795-GCA965178105.1	GCA_965178105.1	346795	Longitarsus	dorsalis	
Longitarsusflavicornis-878065-GCA964258785.1	GCA_964258785.1	878065	Longitarsus	flavicornis	
Neocrepidoderatransversa-877844-GCA963243735.1	GCA_963243735.1	877844	Neocrepidodera	transversa	
Agelasticaalni-131577-GCA950111635.2	GCA_950111635.2	131577	Agelastica	alni	
Aulacophoralewisii-226735-GCA051251045.1	GCA_051251045.1	226735	Aulacophora	lewisii	
Monoleptahieroglyphica-327932-GCA045514875.1	GCA_045514875.1	327932	Monolepta	hieroglyphica	
Ophraellacommuna-38162-GCA035357415.1	GCA_035357415.1	38162	Ophraella	communa	
Galerucellanymphaeae-131645-GCA963978555.1	GCA_963978555.1	131645	Galerucella	nymphaeae	
Diorhabdacarinata-1163344-GCA029229535.1	GCA_029229535.1	1163344	Diorhabda	carinata	
Diorhabdaelongata-217247-GCA026230145.1	GCA_026230145.1	217247	Diorhabda	elongata	
Galerucalaticollis-2017130-GCA963921935.1	GCA_963921935.1	2017130	Galeruca	laticollis	
Lochmaeacrataegi-1143063-GCA947563755.1	GCA_947563755.1	1143063	Lochmaea	crataegi	
Lochmaeacapreae-227480-GCA949126875.1	GCA_949126875.1	227480	Lochmaea	capreae	
Criocerisasparagi-131627-GCA958507055.1	GCA_958507055.1	131627	Crioceris	asparagi	
Bruchidiussiliquastri-1649775-GCA949316355.1	GCA_949316355.1	1649775	Bruchidius	siliquastri	
Bruchidiusvarius-256828-GCA964204745.1	GCA_964204745.1	256828	Bruchidius	varius	
Bruchidiusvillosus-256915-GCA965643515.1	GCA_965643515.1	256915	Bruchidius	villosus	
Callosobruchusmaculatus-64391-GCA040182625.1	GCA_040182625.1	64391	Callosobruchus	maculatus	
Tetropiumfuscum-256650-GCA964058775.1	GCA_964058775.1	256650	Tetropium	fuscum	
Arhopalusunicolor-1191617-GCA045514315.1	GCA_045514315.1	1191617	Arhopalus	unicolor	
Arhopalusrusticus-256647-GCA046563155.1	GCA_046563155.1	256647	Arhopalus	rusticus	
Arhopalusrusticus-256647-GCA964213965.1	GCA_964213965.1	256647	Arhopalus	rusticus	
Rhagiummordax-295679-GCA963680705.1	GCA_963680705.1	295679	Rhagium	mordax	
Rutpelamaculata-878968-GCA936432065.2	GCA_936432065.2	878968	Rutpela	maculata	
Stenurellamelanura-877990-GCA963583905.1	GCA_963583905.1	877990	Stenurella	melanura	
Grammopteraruficornis-351486-GCA964332215.1	GCA_964332215.1	351486	Grammoptera	ruficornis	
Lepturaquadrifasciata-1143061-GCA963675555.1	GCA_963675555.1	1143061	Leptura	quadrifasciata	
Stictolepturascutellata-879004-GCA964212005.1	GCA_964212005.1	879004	Stictoleptura	scutellata	
Nadezhdiellacantori-1261038-GCA051225655.1	GCA_051225655.1	1261038	Nadezhdiella	cantori	
Aromiamoschata-1265417-GCA965642075.1	GCA_965642075.1	1265417	Aromia	moschata	
Monochamusalternatus-192382-GCA035320865.1	GCA_035320865.1	192382	Monochamus	alternatus	
Monochamusalternatus-192382-GCA037114965.1	GCA_037114965.1	192382	Monochamus	alternatus	
Monochamussaltuarius-236074-GCA025584915.1	GCA_025584915.1	236074	Monochamus	saltuarius	
Pogonocherushispidulus-1143099-GCA963924545.1	GCA_963924545.1	1143099	Pogonocherus	hispidulus	
Platystomosalbinus-197009-GCA964106875.1	GCA_964106875.1	197009	Platystomos	albinus	
Pseudeupariussepicola-1586585-GCA963920635.1	GCA_963920635.1	1586585	Pseudeuparius	sepicola	
Betulapionsimile-382944-GCA966183525.1	GCA_966183525.1	382944	Betulapion	simile	
Aspidapionaeneum-877730-GCA963576565.1	GCA_963576565.1	877730	Aspidapion	aeneum	
Oxystomapomonae-1588336-GCA963921995.1	GCA_963921995.1	1588336	Oxystoma	pomonae	
Apoderuscoryli-201766-GCA911728435.2	GCA_911728435.2	201766	Apoderus	coryli	
Grypusequiseti-1553333-GCA964656865.1	GCA_964656865.1	1553333	Grypus	equiseti	
Platypuscylindrus-298138-GCA949748235.1	GCA_949748235.1	298138	Platypus	cylindrus	
Ceutorhynchusobstrictus-307131-GCA965178145.1	GCA_965178145.1	307131	Ceutorhynchus	obstrictus	
Cryptorhynchuslapathi-201897-GCA965641385.1	GCA_965641385.1	201897	Cryptorhynchus	lapathi	
Eucryptorrhynchusscrobiculatus-1552824-GCA046736385.1	GCA_046736385.1	1552824	Eucryptorrhynchus	scrobiculatus	
Eucryptorrhynchusbrandti-436910-GCA040894065.1	GCA_040894065.1	436910	Eucryptorrhynchus	brandti	
Kyklioacallesroboris-501664-GCA964211925.1	GCA_964211925.1	501664	Kyklioacalles	roboris	
Magdaliscerasi-1143066-GCA965642045.1	GCA_965642045.1	1143066	Magdalis	cerasi	
Magdalisbarbicornis-878129-GCA965663545.1	GCA_965663545.1	878129	Magdalis	barbicornis	
Sitophiluszeamais-7047-GCA047936755.1	GCA_047936755.1	7047	Sitophilus	zeamais	
Sitonalineatus-202195-GCA964263205.1	GCA_964263205.1	202195	Sitona	lineatus	
Pachyrhynchussulphureomaculatus-2840399-GCA019049505.1	GCA_019049505.1	2840399	Pachyrhynchus	sulphureomaculatus	
Barypeithespellucidus-397350-GCA963991005.1	GCA_963991005.1	397350	Barypeithes	pellucidus	
Phyllobiusargentatus-346824-GCA965654255.1	GCA_965654255.1	346824	Phyllobius	argentatus	
Phyllobiusargentatus-346824-GCA965654395.1	GCA_965654395.1	346824	Phyllobius	argentatus	
Phyllobiusvirideaeris-878368-GCA965642995.1	GCA_965642995.1	878368	Phyllobius	virideaeris	
Phyllobiusvirideaeris-878368-GCA965643005.1	GCA_965643005.1	878368	Phyllobius	virideaeris	
Polydrusustereticollis-1342093-GCA963576705.1	GCA_963576705.1	1342093	Polydrusus	tereticollis	
Polydrusustereticollis-1342093-GCA963920685.1	GCA_963920685.1	1342093	Polydrusus	tereticollis	
Polydrususcervinus-202137-GCA935413205.1	GCA_935413205.1	202137	Polydrusus	cervinus	
Polydrususpterygomalis-202138-GCA963969555.1	GCA_963969555.1	202138	Polydrusus	pterygomalis	
Pachyrhinuslethierryi-857166-GCA965118235.1	GCA_965118235.1	857166	Pachyrhinus	lethierryi	
Philopedonplagiatum-202117-GCA963971165.1	GCA_963971165.1	202117	Philopedon	plagiatum	
Anthonomusgrandis-2921224-GCA030068095.1	GCA_030068095.1	2921224	Anthonomus	grandis	
Curculiocaryae-13025-GCA051047995.1	GCA_051047995.1	13025	Curculio	caryae	
Curculioglandium-197013-GCA965648435.1	GCA_965648435.1	197013	Curculio	glandium	
Orchestesrusci-878341-GCA958502075.1	GCA_958502075.1	878341	Orchestes	rusci	
Hyperarumicis-346786-GCA965643715.1	GCA_965643715.1	346786	Hypera	rumicis	
Hyperarumicis-346786-GCA965643735.1	GCA_965643735.1	346786	Hypera	rumicis	
Leiosomadeflexum-1342033-GCA965260835.1	GCA_965260835.1	1342033	Leiosoma	deflexum	
Taphrorychusbicolor-105251-GCA951812265.1	GCA_951812265.1	105251	Taphrorychus	bicolor	
Euwallaceasimilis-1736056-GCA039881215.1	GCA_039881215.1	1736056	Euwallacea	similis	
Euwallaceafornicatus-995702-GCA040115655.1	GCA_040115655.1	995702	Euwallacea	fornicatus	
Ipsnitidus-432259-GCA018691245.2	GCA_018691245.2	432259	Ips	nitidus	
Dendroctonusfrontalis-77161-GCA040113315.1	GCA_040113315.1	77161	Dendroctonus	frontalis	
Megatomaundata-878194-GCA965643495.1	GCA_965643495.1	878194	Megatoma	undata	
Anobiumpunctatum-877859-GCA965643755.1	GCA_965643755.1	877859	Anobium	punctatum	
Xestobiumrufovillosum-879067-GCA963966045.2	GCA_963966045.2	879067	Xestobium	rufovillosum	
Leiawinthemii-1343502-GCA965152755.1	GCA_965152755.1	1343502	Leia	winthemii	
Obolodiplosisrobiniae-225063-GCA028476595.1	GCA_028476595.1	225063	Obolodiplosis	robiniae	
Sitodiplosismosellana-263140-GCA021018905.1	GCA_021018905.1	263140	Sitodiplosis	mosellana	
Aphidoletesaphidimyza-95972-GCA030463065.1	GCA_030463065.1	95972	Aphidoletes	aphidimyza	
Lycoriellaingenua-767460-GCA965233655.1	GCA_965233655.1	767460	Lycoriella	ingenua	
Bradysiaimpatiens-335710-GCA965233325.1	GCA_965233325.1	335710	Bradysia	impatiens	
Bradysiacoprophila-38358-GCA014529535.3	GCA_014529535.3	38358	Bradysia	coprophila	
Bradysiacoprophila-38358-GCA965233685.1	GCA_965233685.1	38358	Bradysia	coprophila	
Bibiomarci-189979-GCA910594885.2	GCA_910594885.2	189979	Bibio	marci	
Dilophusfebrilis-52734-GCA958336335.1	GCA_958336335.1	52734	Dilophus	febrilis	
Plecialongiforceps-2976917-GCA041753815.1	GCA_041753815.1	2976917	Plecia	longiforceps	
Anophelesatroparvus-41427-GCA015501955.1	GCA_015501955.1	41427	Anopheles	atroparvus	
Anophelespretoriensis-1141471-GCA965234755.1	GCA_965234755.1	1141471	Anopheles	pretoriensis	
Anophelespauliani-1620269-GCA965234765.1	GCA_965234765.1	1620269	Anopheles	pauliani	
Anophelespharoensis-221566-GCA965231785.1	GCA_965231785.1	221566	Anopheles	pharoensis	
Anophelesmascarensis-2259328-GCA965266975.1	GCA_965266975.1	2259328	Anopheles	mascarensis	
Anophelesstephensi-30069-GCA003448955.2	GCA_003448955.2	30069	Anopheles	stephensi	
Anophelesstephensi-30069-GCA003448975.2	GCA_003448975.2	30069	Anopheles	stephensi	
Anophelesstephensi-30069-GCA017562265.1	GCA_017562265.1	30069	Anopheles	stephensi	
Anophelesstephensi-30069-GCA020882675.1	GCA_020882675.1	30069	Anopheles	stephensi	
Anophelesstephensi-30069-GCA023078585.1	GCA_023078585.1	30069	Anopheles	stephensi	
Anophelescoluzzii-1518534-GCA016097095.1	GCA_016097095.1	1518534	Anopheles	coluzzii	
Anophelescoluzzii-1518534-GCA016097175.1	GCA_016097175.1	1518534	Anopheles	coluzzii	
Anophelescoluzzii-1518534-GCA016097185.1	GCA_016097185.1	1518534	Anopheles	coluzzii	
Anophelescoluzzii-1518534-GCA016097195.1	GCA_016097195.1	1518534	Anopheles	coluzzii	
Anophelescoluzzii-1518534-GCA016097205.1	GCA_016097205.1	1518534	Anopheles	coluzzii	
Anophelescoluzzii-1518534-GCA016097225.1	GCA_016097225.1	1518534	Anopheles	coluzzii	
Anophelescoluzzii-1518534-GCA016508615.1	GCA_016508615.1	1518534	Anopheles	coluzzii	
Anophelesarabiensis-7173-GCA963924065.2	GCA_963924065.2	7173	Anopheles	arabiensis	
Anopheleslongipalpis-412009-GCA016170015.1	GCA_016170015.1	412009	Anopheles	longipalpis	
Anophelesparensis-162637-GCA016254315.1	GCA_016254315.1	162637	Anopheles	parensis	
Anophelesfunestuslike-2763070-GCA016170035.1	GCA_016170035.1	2763070	Anopheles	funestuslike	
Anophelesfunestus-62324-GCA003951495.1	GCA_003951495.1	62324	Anopheles	funestus	
Anophelesfunestus-62324-GCA964033645.1	GCA_964033645.1	62324	Anopheles	funestus	
Anophelesvaneedeni-62325-GCA016170025.1	GCA_016170025.1	62325	Anopheles	vaneedeni	
Anophelesrivulorum-70327-GCA018908115.1	GCA_018908115.1	70327	Anopheles	rivulorum	
Anophelesminimus-112268-GCA965234385.1	GCA_965234385.1	112268	Anopheles	minimus	
Anophelessquamosus-911292-GCA965234655.1	GCA_965234655.1	911292	Anopheles	squamosus	
Anophelesalbimanus-7167-GCA000349125.2	GCA_000349125.2	7167	Anopheles	albimanus	
Anophelesalbimanus-7167-GCA015501965.1	GCA_015501965.1	7167	Anopheles	albimanus	
Anophelesaquasalis-42839-GCA943734665.2	GCA_943734665.2	42839	Anopheles	aquasalis	
Anophelesdarlingi-43151-GCA038994775.1	GCA_038994775.1	43151	Anopheles	darlingi	
Anophelesoryzalimnetes-58237-GCA964417245.1	GCA_964417245.1	58237	Anopheles	oryzalimnetes	
Anophelessp-1712672-GCA016171315.1	GCA_016171315.1	1712672	Anopheles	sp	
Anophelesbellator-139047-GCA964417195.1	GCA_964417195.1	139047	Anopheles	bellator	
Anophelescruzii-68878-GCA964417045.1	GCA_964417045.1	68878	Anopheles	cruzii	
Anophelescruzii-68878-GCA964417115.1	GCA_964417115.1	68878	Anopheles	cruzii	
Ochlerotatussierrensis-1205942-GCA044231785.1	GCA_044231785.1	1205942	Ochlerotatus	sierrensis	
Aedesnotoscriptus-508665-GCA040801935.1	GCA_040801935.1	508665	Aedes	notoscriptus	
Aedesaegypti-7159-GCA009613055.1	GCA_009613055.1	7159	Aedes	aegypti	
Aedesaegypti-7159-GCA009613065.1	GCA_009613065.1	7159	Aedes	aegypti	
Aedesaegypti-1424507-GCA025407655.1	GCA_025407655.1	1424507	Aedes	aegypti	
Culexlaticinctus-1464561-GCA964187845.1	GCA_964187845.1	1464561	Culex	laticinctus	
Culexpipiens-7175-GCA963924435.1	GCA_963924435.1	7175	Culex	pipiens	
Culexpipiens-233155-GCA024516115.1	GCA_024516115.1	233155	Culex	pipiens	
Culextheileri-561267-GCA964340515.1	GCA_964340515.1	561267	Culex	theileri	
Culexperexiguus-943103-GCA964243045.1	GCA_964243045.1	943103	Culex	perexiguus	
Culexmodestus-545656-GCA964213205.1	GCA_964213205.1	545656	Culex	modestus	
Culicoidessonorensis-179676-GCA047716325.1	GCA_047716325.1	179676	Culicoides	sonorensis	
Smittiasp-2925353-GCA033064975.1	GCA_033064975.1	2925353	Smittia	sp	
Smittiaaterrima-611654-GCA033063855.1	GCA_033063855.1	611654	Smittia	aterrima	
Propsilocerusakamusi-903466-GCA018397935.1	GCA_018397935.1	903466	Propsilocerus	akamusi	
Chironomusstriatipennis-1768614-GCA026123125.1	GCA_026123125.1	1768614	Chironomus	striatipennis	
Chironomustentans-7153-GCA963573255.1	GCA_963573255.1	7153	Chironomus	tentans	
Chironomuskiiensis-84408-GCA050306575.1	GCA_050306575.1	84408	Chironomus	kiiensis	
Clogmiaalbipunctata-85120-GCA965637365.1	GCA_965637365.1	85120	Clogmia	albipunctata	
Sylvicolacinctus-1552766-GCA963854165.1	GCA_963854165.1	1552766	Sylvicola	cinctus	
Ptychopteracontaminata-1572538-GCA963942525.1	GCA_963942525.1	1572538	Ptychoptera	contaminata	
Ptychopteraalbimana-1902997-GCA961205885.1	GCA_961205885.1	1902997	Ptychoptera	albimana	
Tipulafascipennis-2719107-GCA965151645.1	GCA_965151645.1	2719107	Tipula	fascipennis	
Tipulavernalis-2741129-GCA958295665.1	GCA_958295665.1	2741129	Tipula	vernalis	
Tipulahelvola-2867262-GCA963556165.1	GCA_963556165.1	2867262	Tipula	helvola	
Tipulaconfusa-2881124-GCA963556175.1	GCA_963556175.1	2881124	Tipula	confusa	
Tipulascripta-2736688-GCA965197065.1	GCA_965197065.1	2736688	Tipula	scripta	
Tipulascripta-2736688-GCA965197115.1	GCA_965197115.1	2736688	Tipula	scripta	
Tipulaunca-2867263-GCA951394425.1	GCA_951394425.1	2867263	Tipula	unca	
Tipulalateralis-2025111-GCA963932295.1	GCA_963932295.1	2025111	Tipula	lateralis	
Nephrotomaflavescens-2719080-GCA932526605.1	GCA_932526605.1	2719080	Nephrotoma	flavescens	
Nephrotomaappendiculata-2741127-GCA947310385.1	GCA_947310385.1	2741127	Nephrotoma	appendiculata	
Nephrotomaguestfalica-2881093-GCA963691935.1	GCA_963691935.1	2881093	Nephrotoma	guestfalica	
Pediciarivosa-2882575-GCA963082725.1	GCA_963082725.1	2882575	Pedicia	rivosa	
Diogmaglabrata-2715158-GCA963693315.1	GCA_963693315.1	2715158	Diogma	glabrata	
Lonchopteramultiseta-2321081-GCA051362075.1	GCA_051362075.1	2321081	Lonchoptera	multiseta	
Lonchopteralutea-92596-GCA965234885.1	GCA_965234885.1	92596	Lonchoptera	lutea	
Neoasciainterrupta-2867103-GCA947623515.1	GCA_947623515.1	2867103	Neoascia	interrupta	
Pocotapersonata-2867115-GCA963082735.1	GCA_963082735.1	2867115	Pocota	personata	
Orthonevranobilis-2867105-GCA963555765.1	GCA_963555765.1	2867105	Orthonevra	nobilis	
Orthonevrabrevicornis-3093584-GCA965283055.1	GCA_965283055.1	3093584	Orthonevra	brevicornis	
Brachyopascutellaris-2849643-GCA949775065.1	GCA_949775065.1	2849643	Brachyopa	scutellaris	
Eristalinusaeneus-2017640-GCA955652365.1	GCA_955652365.1	2017640	Eristalinus	aeneus	
Eristalinussepulchralis-2725509-GCA944738645.1	GCA_944738645.1	2725509	Eristalinus	sepulchralis	
Eristalisarbustorum-1124515-GCA916610145.1	GCA_916610145.1	1124515	Eristalis	arbustorum	
Eristalispertinax-1572519-GCA907269125.1	GCA_907269125.1	1572519	Eristalis	pertinax	
Eristalisintricaria-1859540-GCA964034865.1	GCA_964034865.1	1859540	Eristalis	intricaria	
Eristalistenax-198635-GCA905231855.2	GCA_905231855.2	198635	Eristalis	tenax	
Myathropaflorea-2714349-GCA930367185.1	GCA_930367185.1	2714349	Myathropa	florea	
Volucellabombylans-1352473-GCA949129095.1	GCA_949129095.1	1352473	Volucella	bombylans	
Volucellainflata-226149-GCA928272305.1	GCA_928272305.1	226149	Volucella	inflata	
Volucellapellucens-226150-GCA965234375.1	GCA_965234375.1	226150	Volucella	pellucens	
Volucellapellucens-226150-GCA965234465.1	GCA_965234465.1	226150	Volucella	pellucens	
Volucellainanis-226151-GCA907269105.1	GCA_907269105.1	226151	Volucella	inanis	
Volucellazonaria-511121-GCA963966105.1	GCA_963966105.1	511121	Volucella	zonaria	
Eumerussabulonum-2867251-GCA951905685.1	GCA_951905685.1	2867251	Eumerus	sabulonum	
Merodonequestris-511117-GCA958301585.1	GCA_958301585.1	511117	Merodon	equestris	
Cheilosiaurbana-173985-GCA946477585.1	GCA_946477585.1	173985	Cheilosia	urbana	
Cheilosiaillustrata-226154-GCA966185155.1	GCA_966185155.1	226154	Cheilosia	illustrata	
Cheilosiapagana-273407-GCA936431705.1	GCA_936431705.1	273407	Cheilosia	pagana	
Cheilosiavulpina-273409-GCA916610125.1	GCA_916610125.1	273409	Cheilosia	vulpina	
Cheilosiascutellata-273429-GCA955612985.1	GCA_955612985.1	273429	Cheilosia	scutellata	
Cheilosiaimpressa-273439-GCA948293265.1	GCA_948293265.1	273439	Cheilosia	impressa	
Cheilosiagrossa-273442-GCA963082955.1	GCA_963082955.1	273442	Cheilosia	grossa	
Cheilosiavariabilis-273447-GCA951230905.1	GCA_951230905.1	273447	Cheilosia	variabilis	
Cheilosiasoror-368781-GCA948107745.1	GCA_948107745.1	368781	Cheilosia	soror	
Cheilosiasoror-368781-GCA949372485.1	GCA_949372485.1	368781	Cheilosia	soror	
Cheilosiavernalis-423616-GCA949126925.1	GCA_949126925.1	423616	Cheilosia	vernalis	
Rhingiacampestris-226161-GCA932526625.1	GCA_932526625.1	226161	Rhingia	campestris	
Rhingiarostrata-2721518-GCA949824845.1	GCA_949824845.1	2721518	Rhingia	rostrata	
Ferdinandeacuprea-226145-GCA963576555.1	GCA_963576555.1	226145	Ferdinandea	cuprea	
Porteviniamaculata-226160-GCA949715645.1	GCA_949715645.1	226160	Portevinia	maculata	
Chalcosyrphusnemorum-226170-GCA949716465.1	GCA_949716465.1	226170	Chalcosyrphus	nemorum	
Brachypalpoideslentus-224232-GCA965362245.1	GCA_965362245.1	224232	Brachypalpoides	lentus	
Criorhinaranunculi-1637456-GCA951813785.1	GCA_951813785.1	1637456	Criorhina	ranunculi	
Criorhinaberberina-2663927-GCA917880715.2	GCA_917880715.2	2663927	Criorhina	berberina	
Xylotasegnis-374263-GCA963583995.1	GCA_963583995.1	374263	Xylota	segnis	
Xylotasylvarum-374264-GCA905220385.1	GCA_905220385.1	374264	Xylota	sylvarum	
Blerafallax-226147-GCA946965025.1	GCA_946965025.1	226147	Blera	fallax	
Syrittapipiens-34682-GCA905187475.1	GCA_905187475.1	34682	Syritta	pipiens	
Brachypalpuslaphriformis-2234001-GCA945910035.1	GCA_945910035.1	2234001	Brachypalpus	laphriformis	
Sericomyiasilentis-1676147-GCA964264485.1	GCA_964264485.1	1676147	Sericomyia	silentis	
Microdonmyrmicae-2767528-GCA963931805.1	GCA_963931805.1	2767528	Microdon	myrmicae	
Chrysotoxumverralli-2714347-GCA965637335.1	GCA_965637335.1	2714347	Chrysotoxum	verralli	
Chrysotoxumbicinctum-323313-GCA911387755.1	GCA_911387755.1	323313	Chrysotoxum	bicinctum	
Chrysotoxumfestivum-323314-GCA963931855.1	GCA_963931855.1	323314	Chrysotoxum	festivum	
Scaevapyrastri-219539-GCA905146935.1	GCA_905146935.1	219539	Scaeva	pyrastri	
Syrphusvitripennis-224256-GCA958431115.1	GCA_958431115.1	224256	Syrphus	vitripennis	
Sphaerophoriataeniata-2735243-GCA943590905.1	GCA_943590905.1	2735243	Sphaerophoria	taeniata	
Episyrphusbalteatus-286459-GCA040182855.1	GCA_040182855.1	286459	Episyrphus	balteatus	
Episyrphusbalteatus-286459-GCA044905835.1	GCA_044905835.1	286459	Episyrphus	balteatus	
Eupeodeslatifasciatus-1124558-GCA920104205.1	GCA_920104205.1	1124558	Eupeodes	latifasciatus	
Eupeodesluniger-1124559-GCA951509635.1	GCA_951509635.1	1124559	Eupeodes	luniger	
Eupeodescorollae-290404-GCA042604645.1	GCA_042604645.1	290404	Eupeodes	corollae	
Leucozonalaternaria-323312-GCA932273885.2	GCA_932273885.2	323312	Leucozona	laternaria	
Dasysyrphustricinctus-1244581-GCA963921185.1	GCA_963921185.1	1244581	Dasysyrphus	tricinctus	
Dasysyrphusalbostriatus-414801-GCA946251815.1	GCA_946251815.1	414801	Dasysyrphus	albostriatus	
Epistropheeligans-1124511-GCA951394125.1	GCA_951394125.1	1124511	Epistrophe	eligans	
Epistrophegrossulariae-1352479-GCA929447395.1	GCA_929447395.1	1352479	Epistrophe	grossulariae	
Epistrophellaeuchroma-414814-GCA947049315.1	GCA_947049315.1	414814	Epistrophella	euchroma	
Melangynacompositarum-1822530-GCA965663475.1	GCA_965663475.1	1822530	Melangyna	compositarum	
Melangynaquadrimaculata-2884232-GCA949320155.1	GCA_949320155.1	2884232	Melangyna	quadrimaculata	
Meliscaevacinctella-414834-GCA965212275.1	GCA_965212275.1	414834	Meliscaeva	cinctella	
Meliscaevaauricollis-431829-GCA948107695.1	GCA_948107695.1	431829	Meliscaeva	auricollis	
Philheliuspedissequus-414876-GCA910595825.1	GCA_910595825.1	414876	Philhelius	pedissequus	
Paragushaemorrhous-221790-GCA965637125.1	GCA_965637125.1	221790	Paragus	haemorrhous	
Melanostomamellinum-653684-GCA914767635.1	GCA_914767635.1	653684	Melanostoma	mellinum	
Melanostomascalare-92598-GCA949752695.1	GCA_949752695.1	92598	Melanostoma	scalare	
Platycheirusrosarum-1352472-GCA963971375.1	GCA_963971375.1	1352472	Platycheirus	rosarum	
Platycheirusalbimanus-414846-GCA916050605.2	GCA_916050605.2	414846	Platycheirus	albimanus	
Bacchaelongata-226178-GCA951217065.2	GCA_951217065.2	226178	Baccha	elongata	
Nephrocerusscutellatus-566305-GCA947095585.1	GCA_947095585.1	566305	Nephrocerus	scutellatus	
Chloropsoryzae-1046848-GCA020466095.1	GCA_020466095.1	1046848	Chlorops	oryzae	
Dicraeusfennicus-2203729-GCA965648445.1	GCA_965648445.1	2203729	Dicraeus	fennicus	
Physocephalarufipes-1219160-GCA963966595.1	GCA_963966595.1	1219160	Physocephala	rufipes	
Conopsquadrifasciatus-2823188-GCA949752815.1	GCA_949752815.1	2823188	Conops	quadrifasciatus	
Sicusferrugineus-1219204-GCA922984085.1	GCA_922984085.1	1219204	Sicus	ferrugineus	
Myopatessellatipennis-2829445-GCA943737955.2	GCA_943737955.2	2829445	Myopa	tessellatipennis	
Myopabuccata-286487-GCA965637325.1	GCA_965637325.1	286487	Myopa	buccata	
Myopatestacea-2867102-GCA949629155.1	GCA_949629155.1	2867102	Myopa	testacea	
Thecophoraatra-1219171-GCA937620795.1	GCA_937620795.1	1219171	Thecophora	atra	
Teleopsisdalmanni-139649-GCA002237135.5	GCA_002237135.5	139649	Teleopsis	dalmanni	
Megamerinadolium-3037404-GCA963854835.1	GCA_963854835.1	3037404	Megamerina	dolium	
Chymomyzafuscimana-1692350-GCA949987675.1	GCA_949987675.1	1692350	Chymomyza	fuscimana	
Drosophilafunebris-7221-GCA958295475.1	GCA_958295475.1	7221	Drosophila	funebris	
Drosophilahistrio-198718-GCA958299025.2	GCA_958299025.2	198718	Drosophila	histrio	
Drosophilaimmigrans-7250-GCA963583835.1	GCA_963583835.1	7250	Drosophila	immigrans	
Drosophilaimmigrans-7250-GCA963584065.1	GCA_963584065.1	7250	Drosophila	immigrans	
Drosophilakepulauana-88882-GCA023558455.1	GCA_023558455.1	88882	Drosophila	kepulauana	
Drosophilapallidifrons-88884-GCA023558445.1	GCA_023558445.1	88884	Drosophila	pallidifrons	
Drosophilasulfurigaster-89888-GCA023558465.2	GCA_023558465.2	89888	Drosophila	sulfurigaster	
Drosophilasulfurigaster-89890-GCA023558475.1	GCA_023558475.1	89890	Drosophila	sulfurigaster	
Drosophilainnubila-198719-GCA004354385.2	GCA_004354385.2	198719	Drosophila	innubila	
Drosophilalimbata-42028-GCA963924055.1	GCA_963924055.1	42028	Drosophila	limbata	
Drosophilaphalerata-7283-GCA951394115.2	GCA_951394115.2	7283	Drosophila	phalerata	
Drosophilaamericana-40366-GCA030788265.1	GCA_030788265.1	40366	Drosophila	americana	
Drosophilaamericana-40366-GCA047116735.1	GCA_047116735.1	40366	Drosophila	americana	
Drosophilanovamexicana-47314-GCA030788195.1	GCA_030788195.1	47314	Drosophila	novamexicana	
Drosophilalittoralis-47316-GCA047116335.1	GCA_047116335.1	47316	Drosophila	littoralis	
Drosophilavirilis-7244-GCA007989325.2	GCA_007989325.2	7244	Drosophila	virilis	
Drosophilavirilis-7244-GCA047115595.1	GCA_047115595.1	7244	Drosophila	virilis	
Drosophilaparabipectinata-186283-GCA047116105.1	GCA_047116105.1	186283	Drosophila	parabipectinata	
Drosophilamalerkotliana-195057-GCA047116305.1	GCA_047116305.1	195057	Drosophila	malerkotliana	
Drosophilamalerkotliana-296644-GCA047116355.1	GCA_047116355.1	296644	Drosophila	malerkotliana	
Drosophilabipectinata-42026-GCA047116715.1	GCA_047116715.1	42026	Drosophila	bipectinata	
Drosophilapseudoananassae-65965-GCA047116095.1	GCA_047116095.1	65965	Drosophila	pseudoananassae	
Drosophilaananassae-7217-GCA030555595.1	GCA_030555595.1	7217	Drosophila	ananassae	
Drosophilaananassae-7217-GCA047116655.1	GCA_047116655.1	7217	Drosophila	ananassae	
Drosophilaelegans-30023-GCA011057505.1	GCA_011057505.1	30023	Drosophila	elegans	
Drosophilaerecta-7220-GCA047116545.1	GCA_047116545.1	7220	Drosophila	erecta	
Drosophilamauritiana-7226-GCA047116325.1	GCA_047116325.1	7226	Drosophila	mauritiana	
Drosophilamelanogaster-7227-GCA002300595.1	GCA_002300595.1	7227	Drosophila	melanogaster	
Drosophilamelanogaster-7227-GCA002310755.1	GCA_002310755.1	7227	Drosophila	melanogaster	
Drosophilamelanogaster-7227-GCA002310775.1	GCA_002310775.1	7227	Drosophila	melanogaster	
Drosophilamelanogaster-7227-GCA003397115.2	GCA_003397115.2	7227	Drosophila	melanogaster	
Drosophilamelanogaster-7227-GCA003401685.1	GCA_003401685.1	7227	Drosophila	melanogaster	
Drosophilamelanogaster-7227-GCA003401735.1	GCA_003401735.1	7227	Drosophila	melanogaster	
Drosophilamelanogaster-7227-GCA003401745.1	GCA_003401745.1	7227	Drosophila	melanogaster	
Drosophilamelanogaster-7227-GCA003401795.1	GCA_003401795.1	7227	Drosophila	melanogaster	
Drosophilamelanogaster-7227-GCA003401805.1	GCA_003401805.1	7227	Drosophila	melanogaster	
Drosophilamelanogaster-7227-GCA003401855.1	GCA_003401855.1	7227	Drosophila	melanogaster	
Drosophilamelanogaster-7227-GCA003401885.1	GCA_003401885.1	7227	Drosophila	melanogaster	
Drosophilamelanogaster-7227-GCA003401915.1	GCA_003401915.1	7227	Drosophila	melanogaster	
Drosophilamelanogaster-7227-GCA003401925.1	GCA_003401925.1	7227	Drosophila	melanogaster	
Drosophilamelanogaster-7227-GCA003401975.1	GCA_003401975.1	7227	Drosophila	melanogaster	
Drosophilamelanogaster-7227-GCA003402005.1	GCA_003402005.1	7227	Drosophila	melanogaster	
Drosophilamelanogaster-7227-GCA003402015.1	GCA_003402015.1	7227	Drosophila	melanogaster	
Drosophilamelanogaster-7227-GCA003402055.1	GCA_003402055.1	7227	Drosophila	melanogaster	
Drosophilamelanogaster-7227-GCA004798055.1	GCA_004798055.1	7227	Drosophila	melanogaster	
Drosophilamelanogaster-7227-GCA004798075.2	GCA_004798075.2	7227	Drosophila	melanogaster	
Drosophilamelanogaster-7227-GCA015832445.1	GCA_015832445.1	7227	Drosophila	melanogaster	
Drosophilamelanogaster-7227-GCA015852585.1	GCA_015852585.1	7227	Drosophila	melanogaster	
Drosophilamelanogaster-7227-GCA020141485.1	GCA_020141485.1	7227	Drosophila	melanogaster	
Drosophilamelanogaster-7227-GCA020141495.1	GCA_020141495.1	7227	Drosophila	melanogaster	
Drosophilamelanogaster-7227-GCA020141505.1	GCA_020141505.1	7227	Drosophila	melanogaster	
Drosophilamelanogaster-7227-GCA020141515.1	GCA_020141515.1	7227	Drosophila	melanogaster	
Drosophilamelanogaster-7227-GCA020141575.1	GCA_020141575.1	7227	Drosophila	melanogaster	
Drosophilamelanogaster-7227-GCA020141585.1	GCA_020141585.1	7227	Drosophila	melanogaster	
Drosophilamelanogaster-7227-GCA020141595.1	GCA_020141595.1	7227	Drosophila	melanogaster	
Drosophilamelanogaster-7227-GCA020141625.1	GCA_020141625.1	7227	Drosophila	melanogaster	
Drosophilamelanogaster-7227-GCA020141655.1	GCA_020141655.1	7227	Drosophila	melanogaster	
Drosophilamelanogaster-7227-GCA020141665.1	GCA_020141665.1	7227	Drosophila	melanogaster	
Drosophilamelanogaster-7227-GCA020141675.1	GCA_020141675.1	7227	Drosophila	melanogaster	
Drosophilamelanogaster-7227-GCA020141705.1	GCA_020141705.1	7227	Drosophila	melanogaster	
Drosophilamelanogaster-7227-GCA020141735.1	GCA_020141735.1	7227	Drosophila	melanogaster	
Drosophilamelanogaster-7227-GCA020141745.1	GCA_020141745.1	7227	Drosophila	melanogaster	
Drosophilamelanogaster-7227-GCA020141765.1	GCA_020141765.1	7227	Drosophila	melanogaster	
Drosophilamelanogaster-7227-GCA020141795.1	GCA_020141795.1	7227	Drosophila	melanogaster	
Drosophilamelanogaster-7227-GCA020141815.1	GCA_020141815.1	7227	Drosophila	melanogaster	
Drosophilamelanogaster-7227-GCA020141835.1	GCA_020141835.1	7227	Drosophila	melanogaster	
Drosophilamelanogaster-7227-GCA020141845.1	GCA_020141845.1	7227	Drosophila	melanogaster	
Drosophilamelanogaster-7227-GCA020141855.1	GCA_020141855.1	7227	Drosophila	melanogaster	
Drosophilamelanogaster-7227-GCA020141875.1	GCA_020141875.1	7227	Drosophila	melanogaster	
Drosophilamelanogaster-7227-GCA020141925.1	GCA_020141925.1	7227	Drosophila	melanogaster	
Drosophilamelanogaster-7227-GCA020141935.1	GCA_020141935.1	7227	Drosophila	melanogaster	
Drosophilamelanogaster-7227-GCA020141955.1	GCA_020141955.1	7227	Drosophila	melanogaster	
Drosophilamelanogaster-7227-GCA020141985.1	GCA_020141985.1	7227	Drosophila	melanogaster	
Drosophilamelanogaster-7227-GCA020142005.1	GCA_020142005.1	7227	Drosophila	melanogaster	
Drosophilamelanogaster-7227-GCA020142025.1	GCA_020142025.1	7227	Drosophila	melanogaster	
Drosophilamelanogaster-7227-GCA020142045.1	GCA_020142045.1	7227	Drosophila	melanogaster	
Drosophilamelanogaster-7227-GCA020142055.1	GCA_020142055.1	7227	Drosophila	melanogaster	
Drosophilamelanogaster-7227-GCA020142085.1	GCA_020142085.1	7227	Drosophila	melanogaster	
Drosophilamelanogaster-7227-GCA020142105.1	GCA_020142105.1	7227	Drosophila	melanogaster	
Drosophilamelanogaster-7227-GCA020169495.1	GCA_020169495.1	7227	Drosophila	melanogaster	
Drosophilamelanogaster-7227-GCA024500395.1	GCA_024500395.1	7227	Drosophila	melanogaster	
Drosophilamelanogaster-7227-GCA034768405.1	GCA_034768405.1	7227	Drosophila	melanogaster	
Drosophilamelanogaster-7227-GCA038396815.1	GCA_038396815.1	7227	Drosophila	melanogaster	
Drosophilamelanogaster-7227-GCA042606445.1	GCA_042606445.1	7227	Drosophila	melanogaster	
Drosophilamelanogaster-7227-GCA042606455.1	GCA_042606455.1	7227	Drosophila	melanogaster	
Drosophilamelanogaster-7227-GCA042606465.1	GCA_042606465.1	7227	Drosophila	melanogaster	
Drosophilamelanogaster-7227-GCA047116165.1	GCA_047116165.1	7227	Drosophila	melanogaster	
Drosophilamelanogaster-7227-GCA048772135.1	GCA_048772135.1	7227	Drosophila	melanogaster	
Drosophilasechellia-7238-GCA047115935.1	GCA_047115935.1	7238	Drosophila	sechellia	
Drosophilasimulans-7240-GCA000259045.1	GCA_000259045.1	7240	Drosophila	simulans	
Drosophilasimulans-7240-GCA000820565.1	GCA_000820565.1	7240	Drosophila	simulans	
Drosophilasimulans-7240-GCA004382185.1	GCA_004382185.1	7240	Drosophila	simulans	
Drosophilasimulans-7240-GCA047115815.1	GCA_047115815.1	7240	Drosophila	simulans	
Drosophilateissieri-7243-GCA047115575.1	GCA_047115575.1	7243	Drosophila	teissieri	
Drosophilayakuba-7245-GCA016746335.2	GCA_016746335.2	7245	Drosophila	yakuba	
Drosophilayakuba-7245-GCA047112585.1	GCA_047112585.1	7245	Drosophila	yakuba	
Drosophilajambulina-111875-GCA047116535.1	GCA_047116535.1	111875	Drosophila	jambulina	
Drosophilakikkawai-30033-GCA047116395.1	GCA_047116395.1	30033	Drosophila	kikkawai	
Drosophilaauraria-47315-GCA051940825.1	GCA_051940825.1	47315	Drosophila	auraria	
Drosophilarufa-67533-GCA047115885.1	GCA_047115885.1	67533	Drosophila	rufa	
Drosophilatriauraria-67534-GCA014170255.2	GCA_014170255.2	67534	Drosophila	triauraria	
Drosophilatriauraria-67534-GCA047115555.1	GCA_047115555.1	67534	Drosophila	triauraria	
Drosophilabocqueti-74549-GCA047116555.1	GCA_047116555.1	74549	Drosophila	bocqueti	
Drosophilasuzukii-28584-GCA050084665.1	GCA_050084665.1	28584	Drosophila	suzukii	
Drosophilatakahashii-29030-GCA047115775.1	GCA_047115775.1	29030	Drosophila	takahashii	
Drosophilaaffinis-7246-GCA037356375.1	GCA_037356375.1	7246	Drosophila	affinis	
Drosophilaathabasca-7248-GCA003185025.1	GCA_003185025.1	7248	Drosophila	athabasca	
Drosophilaathabasca-7248-GCA008121215.1	GCA_008121215.1	7248	Drosophila	athabasca	
Drosophilaathabasca-7248-GCA008121225.1	GCA_008121225.1	7248	Drosophila	athabasca	
Drosophilabifasciata-7218-GCA009664405.1	GCA_009664405.1	7218	Drosophila	bifasciata	
Drosophilasubobscura-7241-GCA047115845.1	GCA_047115845.1	7241	Drosophila	subobscura	
Drosophilasubobscura-7241-GCA963583985.1	GCA_963583985.1	7241	Drosophila	subobscura	
Drosophilasubobscura-7241-GCA963584095.1	GCA_963584095.1	7241	Drosophila	subobscura	
Drosophilaobscura-7282-GCA963583975.1	GCA_963583975.1	7282	Drosophila	obscura	
Drosophilaobscura-7282-GCA963584055.1	GCA_963584055.1	7282	Drosophila	obscura	
Drosophilaobscura-7282-GCA964023925.1	GCA_964023925.1	7282	Drosophila	obscura	
Drosophilapersimilis-7234-GCA020698555.2	GCA_020698555.2	7234	Drosophila	persimilis	
Drosophilapersimilis-7234-GCA047116115.1	GCA_047116115.1	7234	Drosophila	persimilis	
Drosophilapseudoobscura-7237-GCA004329205.1	GCA_004329205.1	7237	Drosophila	pseudoobscura	
Drosophilapseudoobscura-7237-GCA047115875.1	GCA_047115875.1	7237	Drosophila	pseudoobscura	
Drosophilapseudoobscura-46245-GCA000001765.3	GCA_000001765.3	46245	Drosophila	pseudoobscura	
Drosophilapseudoobscura-46245-GCA020698565.1	GCA_020698565.1	46245	Drosophila	pseudoobscura	
Drosophilalowei-7251-GCA008121275.1	GCA_008121275.1	7251	Drosophila	lowei	
Drosophilahelvetica-77129-GCA963969585.1	GCA_963969585.1	77129	Drosophila	helvetica	
Drosophilanebulosa-7271-GCA024703675.1	GCA_024703675.1	7271	Drosophila	nebulosa	
Drosophilaequinoxialis-46790-GCA047116475.1	GCA_047116475.1	46790	Drosophila	equinoxialis	
Drosophilainsularis-46792-GCA047116485.1	GCA_047116485.1	46792	Drosophila	insularis	
Drosophilapaulistorum-46793-GCA047116125.1	GCA_047116125.1	46793	Drosophila	paulistorum	
Drosophilatropicalis-46794-GCA047115605.1	GCA_047115605.1	46794	Drosophila	tropicalis	
Drosophilawillistoni-7260-GCA047115615.1	GCA_047115615.1	7260	Drosophila	willistoni	
Hirtodrosophilacameraria-1262473-GCA949708635.1	GCA_949708635.1	1262473	Hirtodrosophila	cameraria	
Phorticaokadai-462257-GCA034638295.1	GCA_034638295.1	462257	Phortica	okadai	
Calliopumsimillimum-1824995-GCA951812925.1	GCA_951812925.1	1824995	Calliopum	simillimum	
Meiosimyzadecipiens-1262309-GCA963680825.1	GCA_963680825.1	1262309	Meiosimyza	decipiens	
Meiosimyzaplatycephala-1825006-GCA963662105.1	GCA_963662105.1	1825006	Meiosimyza	platycephala	
Peplomyzalitura-1825016-GCA965620495.1	GCA_965620495.1	1825016	Peplomyza	litura	
Minettiafasciata-1824969-GCA965113145.1	GCA_965113145.1	1824969	Minettia	fasciata	
Tricholauxaniapraeusta-1824988-GCA949775025.1	GCA_949775025.1	1824988	Tricholauxania	praeusta	
Trigonometopusfrontalis-2725545-GCA964659535.1	GCA_964659535.1	2725545	Trigonometopus	frontalis	
Neriacommutata-1851132-GCA963457695.1	GCA_963457695.1	1851132	Neria	commutata	
Liriomyzasativae-127406-GCA051363215.1	GCA_051363215.1	127406	Liriomyza	sativae	
Liriomyzatrifolii-198433-GCA043165165.1	GCA_043165165.1	198433	Liriomyza	trifolii	
Clusiatigrina-576317-GCA920105625.2	GCA_920105625.2	576317	Clusia	tigrina	
Geomyzatripunctata-500269-GCA965234165.1	GCA_965234165.1	500269	Geomyza	tripunctata	
Opomyzagerminationis-1298491-GCA966197025.1	GCA_966197025.1	1298491	Opomyza	germinationis	
Opomyzagerminationis-1298491-GCA966197045.1	GCA_966197045.1	1298491	Opomyza	germinationis	
Anthomyzagracilis-500284-GCA964263875.1	GCA_964263875.1	500284	Anthomyza	gracilis	
Orygmaluctuosum-169492-GCA965211945.1	GCA_965211945.1	169492	Orygma	luctuosum	
Orygmaluctuosum-169492-GCA965211955.1	GCA_965211955.1	169492	Orygma	luctuosum	
Orygmaluctuosum-169492-GCA965218485.1	GCA_965218485.1	169492	Orygma	luctuosum	
Nemopodanitidula-292387-GCA964194425.1	GCA_964194425.1	292387	Nemopoda	nitidula	
Coelopafrigida-169498-GCA017309665.1	GCA_017309665.1	169498	Coelopa	frigida	
Coelopapilipes-169500-GCA947389925.1	GCA_947389925.1	169500	Coelopa	pilipes	
Dryomyzaanilis-169445-GCA951804985.1	GCA_951804985.1	169445	Dryomyza	anilis	
Dichetophoraobliterata-1226583-GCA963920525.1	GCA_963920525.1	1226583	Dichetophora	obliterata	
Ilionelineata-1226587-GCA965234915.1	GCA_965234915.1	1226587	Ilione	lineata	
Ilionelineata-1226587-GCA965234975.1	GCA_965234975.1	1226587	Ilione	lineata	
Pherbinacoryleti-1096077-GCA943735915.1	GCA_943735915.1	1096077	Pherbina	coryleti	
Coremaceramarginata-1226616-GCA914767935.1	GCA_914767935.1	1226616	Coremacera	marginata	
Tetanoceraferruginea-320963-GCA958299015.1	GCA_958299015.1	320963	Tetanocera	ferruginea	
Pherbelliaschoenherri-1086773-GCA965653165.1	GCA_965653165.1	1086773	Pherbellia	schoenherri	
Suilliavariegata-1230148-GCA949127995.1	GCA_949127995.1	1230148	Suillia	variegata	
Suillianotata-2719097-GCA965642385.1	GCA_965642385.1	2719097	Suillia	notata	
Suilliaaffinis-2882903-GCA964659615.1	GCA_964659615.1	2882903	Suillia	affinis	
Heteromyzarotundicornis-2867252-GCA951394025.1	GCA_951394025.1	2867252	Heteromyza	rotundicornis	
Pallopterascutellata-2849646-GCA958295655.1	GCA_958295655.1	2849646	Palloptera	scutellata	
Toxonevramuliebris-2725530-GCA963691655.1	GCA_963691655.1	2725530	Toxonevra	muliebris	
Melieriaomissa-1262360-GCA963971225.1	GCA_963971225.1	1262360	Melieria	omissa	
Melieriacrassipennis-1335495-GCA963668005.1	GCA_963668005.1	1335495	Melieria	crassipennis	
Melieriapicta-3037405-GCA964056695.1	GCA_964056695.1	3037405	Melieria	picta	
Tetanopsmyopaeformis-454641-GCA050613955.1	GCA_050613955.1	454641	Tetanops	myopaeformis	
Neoceratitisasiatica-2004850-GCA030068015.2	GCA_030068015.2	2004850	Neoceratitis	asiatica	
Bactroceracorrecta-47773-GCA027475135.1	GCA_027475135.1	47773	Bactrocera	correcta	
Bactroceradorsalis-27457-GCA030710565.1	GCA_030710565.1	27457	Bactrocera	dorsalis	
Bactroceraoleae-104688-GCA051013405.1	GCA_051013405.1	104688	Bactrocera	oleae	
Bactroceratsuneonis-104691-GCA046562955.1	GCA_046562955.1	104691	Bactrocera	tsuneonis	
Zeugodacustau-137263-GCA031772095.1	GCA_031772095.1	137263	Zeugodacus	tau	
Zeugodacusscutellatus-86798-GCA051201265.1	GCA_051201265.1	86798	Zeugodacus	scutellatus	
Xyphosiamiliaria-381397-GCA965200055.1	GCA_965200055.1	381397	Xyphosia	miliaria	
Xyphosiamiliaria-381397-GCA965200985.1	GCA_965200985.1	381397	Xyphosia	miliaria	
Merzomyiawestermanni-2795681-GCA949987695.1	GCA_949987695.1	2795681	Merzomyia	westermanni	
Urophoracardui-503482-GCA960531455.1	GCA_960531455.1	503482	Urophora	cardui	
Tephritisformosa-594022-GCA965654245.1	GCA_965654245.1	594022	Tephritis	formosa	
Campiglossaproducta-2691756-GCA964058745.1	GCA_964058745.1	2691756	Campiglossa	producta	
Sphenellamarginata-594017-GCA951509765.1	GCA_951509765.1	594017	Sphenella	marginata	
Philophyllacaesio-472889-GCA963971545.1	GCA_963971545.1	472889	Philophylla	caesio	
Anomoiapurmunda-103414-GCA951828415.1	GCA_951828415.1	103414	Anomoia	purmunda	
Ornithomyaavicularia-170916-GCA965250645.1	GCA_965250645.1	170916	Ornithomya	avicularia	
Ornithomyafringillina-352855-GCA963978525.1	GCA_963978525.1	352855	Ornithomya	fringillina	
Ornithomyachloropus-352856-GCA963971445.1	GCA_963971445.1	352856	Ornithomya	chloropus	
Crataerinapallida-452744-GCA949710015.1	GCA_949710015.1	452744	Crataerina	pallida	
Eustalomyiahistrio-2881975-GCA949748255.1	GCA_949748255.1	2881975	Eustalomyia	histrio	
Leucophoraobtusa-2588525-GCA949987735.1	GCA_949987735.1	2588525	Leucophora	obtusa	
Leucophorasponsa-3127294-GCA965643815.1	GCA_965643815.1	3127294	Leucophora	sponsa	
Deliaradicum-30064-GCA021234595.1	GCA_021234595.1	30064	Delia	radicum	
Pegoplatainfirma-559701-GCA963921195.1	GCA_963921195.1	559701	Pegoplata	infirma	
Cordiluraimpudica-1118052-GCA963682025.1	GCA_963682025.1	1118052	Cordilura	impudica	
Scathophagastercoraria-95463-GCA040938175.1	GCA_040938175.1	95463	Scathophaga	stercoraria	
Muscinalevida-559660-GCA964034835.1	GCA_964034835.1	559660	Muscina	levida	
Muscinastabulans-57893-GCA051014185.1	GCA_051014185.1	57893	Muscina	stabulans	
Hydrotaeasimilis-1073096-GCA965643655.1	GCA_965643655.1	1073096	Hydrotaea	similis	
Hydrotaeamilitaris-1692389-GCA965614475.1	GCA_965614475.1	1692389	Hydrotaea	militaris	
Hydrotaeadiabolus-1816463-GCA963513945.1	GCA_963513945.1	1816463	Hydrotaea	diabolus	
Hydrotaeacyrtoneurina-559647-GCA958296145.1	GCA_958296145.1	559647	Hydrotaea	cyrtoneurina	
Azelianebulosa-1643962-GCA964235425.1	GCA_964235425.1	1643962	Azelia	nebulosa	
Eudasyphoracyanicolor-1643974-GCA963930755.1	GCA_963930755.1	1643974	Eudasyphora	cyanicolor	
Polietesdomitor-2866287-GCA947397865.1	GCA_947397865.1	2866287	Polietes	domitor	
Polieteslardarius-559703-GCA965226705.1	GCA_965226705.1	559703	Polietes	lardarius	
Phaoniaangelicae-1511665-GCA965111845.1	GCA_965111845.1	1511665	Phaonia	angelicae	
Phaoniatiefii-2882611-GCA963931995.1	GCA_963931995.1	2882611	Phaonia	tiefii	
Lispocephalaverna-2882235-GCA965644445.1	GCA_965644445.1	2882235	Lispocephala	verna	
Stomorhinalunata-1606781-GCA933228675.1	GCA_933228675.1	1606781	Stomorhina	lunata	
Thecocarceliaacutangulata-1918310-GCA914767995.1	GCA_914767995.1	1918310	Thecocarcelia	acutangulata	
Epicampocerasuccincta-569040-GCA932526305.1	GCA_932526305.1	569040	Epicampocera	succincta	
Sturmiabella-569090-GCA963662145.1	GCA_963662145.1	569090	Sturmia	bella	
Winthemiacruentata-1918189-GCA965649395.1	GCA_965649395.1	1918189	Winthemia	cruentata	
Gymnosomarotundatum-569046-GCA916610165.2	GCA_916610165.2	569046	Gymnosoma	rotundatum	
Phasiaobesa-1918144-GCA949628195.1	GCA_949628195.1	1918144	Phasia	obesa	
Cistogasterglobosa-1918221-GCA937654795.1	GCA_937654795.1	1918221	Cistogaster	globosa	
Phaniafunesta-670618-GCA963932375.1	GCA_963932375.1	670618	Phania	funesta	
Thelairasolivaga-1918187-GCA947397855.1	GCA_947397855.1	1918187	Thelaira	solivaga	
Tachinagrossa-141258-GCA949987645.1	GCA_949987645.1	141258	Tachina	grossa	
Tachinafera-631328-GCA905220375.1	GCA_905220375.1	631328	Tachina	fera	
Tachinalurida-631329-GCA944452675.1	GCA_944452675.1	631329	Tachina	lurida	
Nowickiaferox-613196-GCA936439885.1	GCA_936439885.1	613196	Nowickia	ferox	
Dexiosomacaninum-1918232-GCA963924685.1	GCA_963924685.1	1918232	Dexiosoma	caninum	
Ormiaochracea-309002-GCA963402855.1	GCA_963402855.1	309002	Ormia	ochracea	
Panzeriarudis-1918131-GCA956483635.1	GCA_956483635.1	1918131	Panzeria	rudis	
Gymnochetaviridis-631317-GCA956483585.1	GCA_956483585.1	631317	Gymnocheta	viridis	
Linnaemyatessellans-1776468-GCA951800035.1	GCA_951800035.1	1776468	Linnaemya	tessellans	
Linnaemyavulpina-1776471-GCA963675445.1	GCA_963675445.1	1776471	Linnaemya	vulpina	
Germariaangustata-1918084-GCA963681545.1	GCA_963681545.1	1918084	Germaria	angustata	
Lyphadubia-1776473-GCA947311025.1	GCA_947311025.1	1776473	Lypha	dubia	
Phytomelanocephala-1262321-GCA941918925.1	GCA_941918925.1	1262321	Phyto	melanocephala	
Melanophoraroralis-1606788-GCA963583895.1	GCA_963583895.1	1606788	Melanophora	roralis	
Polleniaangustigena-1266490-GCA930367215.1	GCA_930367215.1	1266490	Pollenia	angustigena	
Pollenialabialis-1266491-GCA949318255.1	GCA_949318255.1	1266491	Pollenia	labialis	
Polleniapediculata-1266492-GCA964300415.1	GCA_964300415.1	1266492	Pollenia	pediculata	
Polleniagriseotomentosa-1720740-GCA963931875.1	GCA_963931875.1	1720740	Pollenia	griseotomentosa	
Polleniaamentaria-670595-GCA943735925.1	GCA_943735925.1	670595	Pollenia	amentaria	
Melanomyanana-2173294-GCA965605835.1	GCA_965605835.1	2173294	Melanomya	nana	
Bellardiapandia-2795671-GCA916048285.2	GCA_916048285.2	2795671	Bellardia	pandia	
Bellardiabayeri-2881606-GCA950370525.1	GCA_950370525.1	2881606	Bellardia	bayeri	
Calliphoravomitoria-27454-GCA942486065.2	GCA_942486065.2	27454	Calliphora	vomitoria	
Chrysomyamegacephala-115424-GCA049350715.1	GCA_049350715.1	115424	Chrysomya	megacephala	
Chrysomyamegacephala-115424-GCA051942615.1	GCA_051942615.1	115424	Chrysomya	megacephala	
Cochliomyiahominivorax-115425-GCA051144935.1	GCA_051144935.1	115425	Cochliomyia	hominivorax	
Cochliomyiahominivorax-115425-GCA051144965.1	GCA_051144965.1	115425	Cochliomyia	hominivorax	
Protocalliphoraazurea-226133-GCA932274085.1	GCA_932274085.1	226133	Protocalliphora	azurea	
Protophormiaterraenovae-34676-GCA951394005.1	GCA_951394005.1	34676	Protophormia	terraenovae	
Luciliacaesar-65466-GCA965655125.1	GCA_965655125.1	65466	Lucilia	caesar	
Sarcophagacarnaria-226135-GCA958299815.1	GCA_958299815.1	226135	Sarcophaga	carnaria	
Sarcophagasubvicina-236850-GCA936449025.2	GCA_936449025.2	236850	Sarcophaga	subvicina	
Sarcophagavariegata-236851-GCA932273835.1	GCA_932273835.1	236851	Sarcophaga	variegata	
Sarcophagarosellei-1206372-GCA930367235.1	GCA_930367235.1	1206372	Sarcophaga	rosellei	
Sarcophagacaerulescens-596942-GCA927399465.1	GCA_927399465.1	596942	Sarcophaga	caerulescens	
Sarcophagaprinceps-411872-GCA049996135.1	GCA_049996135.1	411872	Sarcophaga	princeps	
Sarcophagaperegrina-7386-GCA014635995.1	GCA_014635995.1	7386	Sarcophaga	peregrina	
Metopiaargyrocephala-2021473-GCA963576795.1	GCA_963576795.1	2021473	Metopia	argyrocephala	
Hybosculiciformis-1262239-GCA964007475.1	GCA_964007475.1	1262239	Hybos	culiciformis	
Hybosfemoratus-304249-GCA965663495.1	GCA_965663495.1	304249	Hybos	femoratus	
Empislivida-178772-GCA963932195.1	GCA_963932195.1	178772	Empis	livida	
Empisstercorea-2484550-GCA949752835.1	GCA_949752835.1	2484550	Empis	stercorea	
Empisopaca-2715216-GCA965283295.1	GCA_965283295.1	2715216	Empis	opaca	
Rhamphomyialaevipes-2867109-GCA963920725.1	GCA_963920725.1	2867109	Rhamphomyia	laevipes	
Argyraleucocephala-377538-GCA963942445.1	GCA_963942445.1	377538	Argyra	leucocephala	
Dolichopusvirgultorum-2998528-GCA965140195.1	GCA_965140195.1	2998528	Dolichopus	virgultorum	
Dolichopusgriseipennis-327083-GCA963082915.1	GCA_963082915.1	327083	Dolichopus	griseipennis	
Poecilobothrusnobilitatus-369887-GCA947095535.1	GCA_947095535.1	369887	Poecilobothrus	nobilitatus	
Scellusnotatus-2998547-GCA964204855.1	GCA_964204855.1	2998547	Scellus	notatus	
Neurigonaquadrifasciata-240896-GCA964251855.1	GCA_964251855.1	240896	Neurigona	quadrifasciata	
Sciapusplatypterus-377571-GCA964204755.1	GCA_964204755.1	377571	Sciapus	platypterus	
Acroceraorbiculus-210248-GCA947359355.1	GCA_947359355.1	210248	Acrocera	orbiculus	
Dioctrialinearis-1717392-GCA963930735.1	GCA_963930735.1	1717392	Dioctria	linearis	
Dioctriabaumhaueri-1890997-GCA965653115.1	GCA_965653115.1	1890997	Dioctria	baumhaueri	
Dioctriabaumhaueri-1890997-GCA965653125.1	GCA_965653125.1	1890997	Dioctria	baumhaueri	
Dioctriarufipes-468723-GCA963924295.1	GCA_963924295.1	468723	Dioctria	rufipes	
Leptarthrusbrevirostris-468750-GCA964036015.1	GCA_964036015.1	468750	Leptarthrus	brevirostris	
Pamponerusgermanicus-1717602-GCA965601395.1	GCA_965601395.1	1717602	Pamponerus	germanicus	
Eutolmusrufibarbis-1936067-GCA963920795.1	GCA_963920795.1	1936067	Eutolmus	rufibarbis	
Philonicusalbiceps-468783-GCA963969385.1	GCA_963969385.1	468783	Philonicus	albiceps	
Machimusrusticus-1717430-GCA951509405.1	GCA_951509405.1	1717430	Machimus	rusticus	
Machimusatricapillus-2794001-GCA933228815.1	GCA_933228815.1	2794001	Machimus	atricapillus	
Dysmachustrigonus-468725-GCA949715965.1	GCA_949715965.1	468725	Dysmachus	trigonus	
Neoitamuscyanurus-468767-GCA947538895.1	GCA_947538895.1	468767	Neoitamus	cyanurus	
Tolmeruscingulatus-2884231-GCA959613345.1	GCA_959613345.1	2884231	Tolmerus	cingulatus	
Leptogastercylindrica-468752-GCA963082835.1	GCA_963082835.1	468752	Leptogaster	cylindrica	
Bombyliusmajor-240869-GCA932526495.1	GCA_932526495.1	240869	Bombylius	major	
Bombyliusdiscolor-2741128-GCA939192795.1	GCA_939192795.1	2741128	Bombylius	discolor	
Anastoechusasiaticus-3380438-GCA048857165.1	GCA_048857165.1	3380438	Anastoechus	asiaticus	
Anthraxanthrax-2725500-GCA963971155.1	GCA_963971155.1	2725500	Anthrax	anthrax	
Villacingulata-2753613-GCA951394055.1	GCA_951394055.1	2753613	Villa	cingulata	
Villamodesta-2867260-GCA966184235.1	GCA_966184235.1	2867260	Villa	modesta	
Scenopinusjerei-2969622-GCA965641765.1	GCA_965641765.1	2969622	Scenopinus	jerei	
Therevanobilitata-1774267-GCA963855945.1	GCA_963855945.1	1774267	Thereva	nobilitata	
Therevaunica-2867258-GCA949987705.1	GCA_949987705.1	2867258	Thereva	unica	
Oxycerapygmaea-2867256-GCA965211965.1	GCA_965211965.1	2867256	Oxycera	pygmaea	
Oxyceranigricornis-2998541-GCA963942545.1	GCA_963942545.1	2998541	Oxycera	nigricornis	
Stratiomyssingularior-511597-GCA954870665.1	GCA_954870665.1	511597	Stratiomys	singularior	
Odontomyiaargentata-2882481-GCA965615855.1	GCA_965615855.1	2882481	Odontomyia	argentata	
Odontomyiaornata-3037408-GCA963969285.1	GCA_963969285.1	3037408	Odontomyia	ornata	
Nemoteluspantherinus-2867254-GCA963978885.1	GCA_963978885.1	2867254	Nemotelus	pantherinus	
Nemotelusnigrinus-343700-GCA947369275.1	GCA_947369275.1	343700	Nemotelus	nigrinus	
Chloromyiaformosa-343672-GCA964017055.1	GCA_964017055.1	343672	Chloromyia	formosa	
Microchrysapolita-931518-GCA949715475.1	GCA_949715475.1	931518	Microchrysa	polita	
Chorisopstibialis-2823186-GCA963669355.1	GCA_963669355.1	2823186	Chorisops	tibialis	
Berischalybata-2719050-GCA949128065.1	GCA_949128065.1	2719050	Beris	chalybata	
Berismorrisii-931494-GCA951812415.1	GCA_951812415.1	931494	Beris	morrisii	
Chrysopscaecutiens-1547359-GCA963971475.1	GCA_963971475.1	1547359	Chrysops	caecutiens	
Chrysopsviduatus-798133-GCA964274935.1	GCA_964274935.1	798133	Chrysops	viduatus	
Chrysopilusasiliformis-1822507-GCA964034945.1	GCA_964034945.1	1822507	Chrysopilus	asiliformis	
Rhagiolineola-1822558-GCA964211845.1	GCA_964211845.1	1822558	Rhagio	lineola	
Atherixibis-2025112-GCA958298945.2	GCA_958298945.2	2025112	Atherix	ibis	
Xylophagusater-1689122-GCA963422695.1	GCA_963422695.1	1689122	Xylophagus	ater	
Cephusspinipes-1001278-GCA963971525.1	GCA_963971525.1	1001278	Cephus	spinipes	
Xiphydriacamelus-871386-GCA963678675.1	GCA_963678675.1	871386	Xiphydria	camelus	
Trichopriadrosophilae-1507179-GCA030407085.1	GCA_030407085.1	1507179	Trichopria	drosophilae	
Leptopilinasyphax-2755057-GCA032872505.1	GCA_032872505.1	2755057	Leptopilina	syphax	
Leptopilinadrosophilae-2911658-GCA032873175.1	GCA_032873175.1	2911658	Leptopilina	drosophilae	
Leptopilinamyrica-2964900-GCA032872475.1	GCA_032872475.1	2964900	Leptopilina	myrica	
Leptopilinaboulardi-63433-GCA032872485.1	GCA_032872485.1	63433	Leptopilina	boulardi	
Leptopilinaheterotoma-63436-GCA032872495.1	GCA_032872495.1	63436	Leptopilina	heterotoma	
Dryocosmuskuriphilus-310278-GCA038277395.1	GCA_038277395.1	310278	Dryocosmus	kuriphilus	
Baryscapusdioryctriae-2980436-GCA040869075.1	GCA_040869075.1	2980436	Baryscapus	dioryctriae	
Aphelinuscertus-1041456-GCA020882725.1	GCA_020882725.1	1041456	Aphelinus	certus	
Aphelinusatriplicis-2890793-GCA020882685.1	GCA_020882685.1	2890793	Aphelinus	atriplicis	
Encarsiasophia-121815-GCA041053325.1	GCA_041053325.1	121815	Encarsia	sophia	
Encarsiaformosa-32400-GCA038277355.1	GCA_038277355.1	32400	Encarsia	formosa	
Aenasiusarizonensis-2058190-GCA047562435.1	GCA_047562435.1	2058190	Aenasius	arizonensis	
Torymusaiolomorphi-3076520-GCA036365515.1	GCA_036365515.1	3076520	Torymus	aiolomorphi	
Gastracanthuspulcherrimus-2922068-GCA949152435.1	GCA_949152435.1	2922068	Gastracanthus	pulcherrimus	
Pteromaluspuparum-32389-GCA012977825.3	GCA_012977825.3	32389	Pteromalus	puparum	
Theocolaxelegans-1462594-GCA026168455.1	GCA_026168455.1	1462594	Theocolax	elegans	
Trichogrammadendrolimi-114056-GCA049308575.1	GCA_049308575.1	114056	Trichogramma	dendrolimi	
Trichogrammajaponicum-311206-GCA051619815.1	GCA_051619815.1	311206	Trichogramma	japonicum	
Trichogrammachilonis-53598-GCA045269175.1	GCA_045269175.1	53598	Trichogramma	chilonis	
Pegoscapushoffmeyeri-150925-GCA051314065.1	GCA_051314065.1	150925	Pegoscapus	hoffmeyeri	
Chalcissispes-1118640-GCA949987625.1	GCA_949987625.1	1118640	Chalcis	sispes	
Telenomusremus-1569972-GCA020615435.1	GCA_020615435.1	1569972	Telenomus	remus	
Platygasterrobiniae-2753657-GCA028476575.1	GCA_028476575.1	2753657	Platygaster	robiniae	
Gasteruptionjaculator-2718756-GCA949825005.1	GCA_949825005.1	2718756	Gasteruption	jaculator	
Zelealbiditarsus-1080930-GCA958496275.1	GCA_958496275.1	1080930	Zele	albiditarsus	
Macrocentruscingulum-535359-GCA045786645.1	GCA_045786645.1	535359	Macrocentrus	cingulum	
Dinocampuscoccinellae-144245-GCA963920625.1	GCA_963920625.1	144245	Dinocampus	coccinellae	
Microctonusbrassicae-2738948-GCA918226075.1	GCA_918226075.1	2738948	Microctonus	brassicae	
Microctonusbrassicae-2738948-GCA940306215.1	GCA_940306215.1	2738948	Microctonus	brassicae	
Meteoruspulchricornis-51522-GCA041937225.1	GCA_041937225.1	51522	Meteorus	pulchricornis	
Cotesiaruficrus-89806-GCA048537615.1	GCA_048537615.1	89806	Cotesia	ruficrus	
Microplitismanilae-1427173-GCA029641195.1	GCA_029641195.1	1427173	Microplitis	manilae	
Microplitismanilae-1427173-GCA030273425.1	GCA_030273425.1	1427173	Microplitis	manilae	
Microplitisdeprimator-2964682-GCA964016945.1	GCA_964016945.1	2964682	Microplitis	deprimator	
Chelonusformosanus-2739011-GCA028641665.1	GCA_028641665.1	2739011	Chelonus	formosanus	
Asobarajaponica-554476-GCA049862395.1	GCA_049862395.1	554476	Asobara	japonica	
Aleiodesalternator-144253-GCA963921955.1	GCA_963921955.1	144253	Aleiodes	alternator	
Aleiodessimilis-144254-GCA965249695.1	GCA_965249695.1	144254	Aleiodes	similis	
Aleiodesleptofemur-1844523-GCA963942555.1	GCA_963942555.1	1844523	Aleiodes	leptofemur	
Aleiodestestaceus-422171-GCA963565655.1	GCA_963565655.1	422171	Aleiodes	testaceus	
Cylloceriacaligata-2881813-GCA963942595.1	GCA_963942595.1	2881813	Cylloceria	caligata	
Oxytorusarmatus-495374-GCA958009045.1	GCA_958009045.1	495374	Oxytorus	armatus	
Gelisareator-2163653-GCA964059375.1	GCA_964059375.1	2163653	Gelis	areator	
Eremotylusmarginatus-2998532-GCA965218635.1	GCA_965218635.1	2998532	Eremotylus	marginatus	
Ophionellenae-2884234-GCA963210295.1	GCA_963210295.1	2884234	Ophion	ellenae	
Ophionslaviceki-2979155-GCA944452715.1	GCA_944452715.1	2979155	Ophion	slaviceki	
Ophionwuestneii-2979161-GCA965637035.1	GCA_965637035.1	2979161	Ophion	wuestneii	
Ophioncostatus-495356-GCA951751655.1	GCA_951751655.1	495356	Ophion	costatus	
Ophionventricosus-65146-GCA963932345.1	GCA_963932345.1	65146	Ophion	ventricosus	
Ophionobscuratus-65147-GCA964007375.1	GCA_964007375.1	65147	Ophion	obscuratus	
Rhimphoctonamegacephalus-2922074-GCA963989365.1	GCA_963989365.1	2922074	Rhimphoctona	megacephalus	
Diadegmafenestrale-310001-GCA037043255.1	GCA_037043255.1	310001	Diadegma	fenestrale	
Hyposoterdolosus-2884228-GCA963921915.1	GCA_963921915.1	2884228	Hyposoter	dolosus	
Tranosemellapraerogator-1667565-GCA965648425.1	GCA_965648425.1	1667565	Tranosemella	praerogator	
Campoletisraptor-2922060-GCA948107755.1	GCA_948107755.1	2922060	Campoletis	raptor	
Venturiacanescens-32260-GCA964261885.1	GCA_964261885.1	32260	Venturia	canescens	
Heteropelmaamictum-494771-GCA959613375.1	GCA_959613375.1	494771	Heteropelma	amictum	
Rhorusexstirpatorius-2922075-GCA963564615.1	GCA_963564615.1	2922075	Rhorus	exstirpatorius	
Alloplastapiceator-2870495-GCA946863875.1	GCA_946863875.1	2870495	Alloplasta	piceator	
Stilbopsruficornis-2979192-GCA965151575.1	GCA_965151575.1	2979192	Stilbops	ruficornis	
Dyspetesluteomarginatus-1045598-GCA963669185.1	GCA_963669185.1	1045598	Dyspetes	luteomarginatus	
Neteliathomsonii-2884248-GCA964017225.1	GCA_964017225.1	2884248	Netelia	thomsonii	
Neteliavirgata-494743-GCA951802705.1	GCA_951802705.1	494743	Netelia	virgata	
Neteliafuscicornis-2803881-GCA946811545.1	GCA_946811545.1	2803881	Netelia	fuscicornis	
Neteliamelanura-2922079-GCA964007305.1	GCA_964007305.1	2922079	Netelia	melanura	
Amblytelesarmatorius-231887-GCA933228735.2	GCA_933228735.2	231887	Amblyteles	armatorius	
Stenichneumonculpator-274346-GCA964017025.1	GCA_964017025.1	274346	Stenichneumon	culpator	
Vulgichneumonbimaculatus-2998551-GCA965234825.1	GCA_965234825.1	2998551	Vulgichneumon	bimaculatus	
Ichneumonxanthorius-2795680-GCA917499995.1	GCA_917499995.1	2795680	Ichneumon	xanthorius	
Exephanesischioxanthus-2884240-GCA958510785.1	GCA_958510785.1	2884240	Exephanes	ischioxanthus	
Listrodromusnycthemerus-172425-GCA963978505.1	GCA_963978505.1	172425	Listrodromus	nycthemerus	
Coelichneumonleucocerus-2881741-GCA965643745.1	GCA_965643745.1	2881741	Coelichneumon	leucocerus	
Amblyjoppaproteus-1905387-GCA963922035.1	GCA_963922035.1	1905387	Amblyjoppa	proteus	
Amblyjoppafuscipennis-2867249-GCA963575735.1	GCA_963575735.1	2867249	Amblyjoppa	fuscipennis	
Apaeleticusinimicus-2979194-GCA965197045.1	GCA_965197045.1	2979194	Apaeleticus	inimicus	
Ischnusinquisitorius-904094-GCA963924025.1	GCA_963924025.1	904094	Ischnus	inquisitorius	
Buathralaborator-1419289-GCA934046635.1	GCA_934046635.1	1419289	Buathra	laborator	
Cryptusviduatorius-273764-GCA964006125.1	GCA_964006125.1	273764	Cryptus	viduatorius	
Cryptusarmator-494149-GCA963971235.1	GCA_963971235.1	494149	Cryptus	armator	
Polytribaxperspicillator-2979191-GCA964261855.1	GCA_964261855.1	2979191	Polytribax	perspicillator	
Promethessulcator-662491-GCA965283325.1	GCA_965283325.1	662491	Promethes	sulcator	
Sussabapulchella-662494-GCA963971145.1	GCA_963971145.1	662494	Sussaba	pulchella	
Diplazonlaetatorius-65311-GCA963662125.1	GCA_963662125.1	65311	Diplazon	laetatorius	
Paraperithousgnathaulax-2776077-GCA964237415.1	GCA_964237415.1	2776077	Paraperithous	gnathaulax	
Dolichomitusmesocentrus-2881873-GCA964273575.1	GCA_964273575.1	2881873	Dolichomitus	mesocentrus	
Ephialtesmanifestator-65333-GCA963970395.1	GCA_963970395.1	65333	Ephialtes	manifestator	
Tromatobialineatoria-2776060-GCA949699805.1	GCA_949699805.1	2776060	Tromatobia	lineatoria	
Clistopygaincitator-494138-GCA947507545.1	GCA_947507545.1	494138	Clistopyga	incitator	
Itoplectismaculator-2776046-GCA964034905.1	GCA_964034905.1	2776046	Itoplectis	maculator	
Pimplacontemplator-1045619-GCA964197675.1	GCA_964197675.1	1045619	Pimpla	contemplator	
Pimplarufipes-2184727-GCA963932165.1	GCA_963932165.1	2184727	Pimpla	rufipes	
Perithousalbicinctus-2998544-GCA964016905.1	GCA_964016905.1	2998544	Perithous	albicinctus	
Priocnemisperturbator-1747324-GCA963942575.1	GCA_963942575.1	1747324	Priocnemis	perturbator	
Anopliusnigerrimus-1667466-GCA914767735.1	GCA_914767735.1	1667466	Anoplius	nigerrimus	
Acromyrmexechinatior-103372-GCA024713525.2	GCA_024713525.2	103372	Acromyrmex	echinatior	
Acromyrmexlobicornis-602163-GCA048181725.1	GCA_048181725.1	602163	Acromyrmex	lobicornis	
Acromyrmexoctospinosus-64783-GCA048932985.1	GCA_048932985.1	64783	Acromyrmex	octospinosus	
Acromyrmexoctospinosus-64783-GCA048933045.1	GCA_048933045.1	64783	Acromyrmex	octospinosus	
Myrmicaangulata-297322-GCA046605635.1	GCA_046605635.1	297322	Myrmica	angulata	
Aphaenogastersubterranea-165431-GCA048181805.1	GCA_048181805.1	165431	Aphaenogaster	subterranea	
Messorbarbarus-87890-GCA048181735.1	GCA_048181735.1	87890	Messor	barbarus	
Solenopsisinvicta-13686-GCA009299965.1	GCA_009299965.1	13686	Solenopsis	invicta	
Solenopsisinvicta-13686-GCA009299975.1	GCA_009299975.1	13686	Solenopsis	invicta	
Solenopsisinvicta-13686-GCA009650705.1	GCA_009650705.1	13686	Solenopsis	invicta	
Solenopsisinvicta-13686-GCA010367695.1	GCA_010367695.1	13686	Solenopsis	invicta	
Solenopsisinvicta-13686-GCA018691235.1	GCA_018691235.1	13686	Solenopsis	invicta	
Tetramoriumbicarinatum-219812-GCA928718305.1	GCA_928718305.1	219812	Tetramorium	bicarinatum	
Tetramoriumatratulum-2212608-GCA048181885.1	GCA_048181885.1	2212608	Tetramorium	atratulum	
Platythyreapunctata-77147-GCA048181825.1	GCA_048181825.1	77147	Platythyrea	punctata	
Plagiolepispygmaea-72798-GCA048181815.1	GCA_048181815.1	72798	Plagiolepis	pygmaea	
Cataglyphishispanica-1086592-GCA021464445.1	GCA_021464445.1	1086592	Cataglyphis	hispanica	
Formicaselysi-208979-GCA009859135.1	GCA_009859135.1	208979	Formica	selysi	
Formicarufa-258706-GCA964276525.1	GCA_964276525.1	258706	Formica	rufa	
Myrmecocystuscf.-3380360-GCA048544835.1	GCA_048544835.1	3380360	Myrmecocystus	cf.	
Nylanderiafulva-613905-GCA024268025.1	GCA_024268025.1	613905	Nylanderia	fulva	
Lasiusbrunneus-231984-GCA964261615.1	GCA_964261615.1	231984	Lasius	brunneus	
Lasiusplatythorax-488582-GCA963971435.1	GCA_963971435.1	488582	Lasius	platythorax	
Lasiusniger-67767-GCA041902855.1	GCA_041902855.1	67767	Lasius	niger	
Lasiusflavus-67763-GCA048181785.1	GCA_048181785.1	67763	Lasius	flavus	
Lasiusflavus-67763-GCA965645255.1	GCA_965645255.1	67763	Lasius	flavus	
Lasiusflavus-67763-GCA965645265.1	GCA_965645265.1	67763	Lasius	flavus	
Lasiusfuliginosus-231986-GCA949152495.1	GCA_949152495.1	231986	Lasius	fuliginosus	
Camponotusfellah-213863-GCA048181845.1	GCA_048181845.1	213863	Camponotus	fellah	
Tiphiafemorata-330862-GCA944319695.1	GCA_944319695.1	330862	Tiphia	femorata	
Symmorphusgracilis-1124894-GCA965620125.1	GCA_965620125.1	1124894	Symmorphus	gracilis	
Ancistrocerusnigricornis-76990-GCA916049575.1	GCA_916049575.1	76990	Ancistrocerus	nigricornis	
Dolichovespulasaxonica-85443-GCA911387935.1	GCA_911387935.1	85443	Dolichovespula	saxonica	
Dolichovespulasylvestris-85444-GCA918808275.2	GCA_918808275.2	85444	Dolichovespula	sylvestris	
Dolichovespulamedia-881891-GCA911387685.1	GCA_911387685.1	881891	Dolichovespula	media	
Vespamandarinia-7446-GCA050613455.1	GCA_050613455.1	7446	Vespa	mandarinia	
Vespulagermanica-30212-GCA905340365.1	GCA_905340365.1	30212	Vespula	germanica	
Cercerisrybyensis-1167272-GCA910591515.1	GCA_910591515.1	1167272	Cerceris	rybyensis	
Cercerisruficornis-2494881-GCA963989415.1	GCA_963989415.1	2494881	Cerceris	ruficornis	
Philanthustriangulum-280486-GCA965213405.1	GCA_965213405.1	280486	Philanthus	triangulum	
Crossoceruscetratus-2494894-GCA963675795.1	GCA_963675795.1	2494894	Crossocerus	cetratus	
Ectemniuscontinuus-1126389-GCA910591665.1	GCA_910591665.1	1126389	Ectemnius	continuus	
Ectemniuscavifrons-1518028-GCA964023945.1	GCA_964023945.1	1518028	Ectemnius	cavifrons	
Ectemniuslituratus-2495015-GCA910593735.2	GCA_910593735.2	2495015	Ectemnius	lituratus	
Trypoxylonclavicerum-1124896-GCA965263705.1	GCA_965263705.1	1124896	Trypoxylon	clavicerum	
Trypoxylonattenuatum-1889570-GCA963989405.1	GCA_963989405.1	1889570	Trypoxylon	attenuatum	
Pemphredonlugubris-2495172-GCA933228935.1	GCA_933228935.1	2495172	Pemphredon	lugubris	
Mimumesadahlbomi-2495085-GCA917499265.3	GCA_917499265.3	2495085	Mimumesa	dahlbomi	
Lestiphorusbicinctus-2578561-GCA964264825.1	GCA_964264825.1	2578561	Lestiphorus	bicinctus	
Nyssonspinosus-2495127-GCA910591585.2	GCA_910591585.2	2495127	Nysson	spinosus	
Megachilesculpturalis-1004196-GCA046254535.1	GCA_046254535.1	1004196	Megachile	sculpturalis	
Megachileleachella-1542539-GCA963576845.1	GCA_963576845.1	1542539	Megachile	leachella	
Megachileligniseca-1542540-GCA945859555.1	GCA_945859555.1	1542540	Megachile	ligniseca	
Megachilelagopoda-1618191-GCA036983795.1	GCA_036983795.1	1618191	Megachile	lagopoda	
Megachilewillughbiella-481575-GCA945859595.2	GCA_945859595.2	481575	Megachile	willughbiella	
Coelioxysconoideus-2922063-GCA947623535.1	GCA_947623535.1	2922063	Coelioxys	conoideus	
Osmiaexcavata-124290-GCA047301615.1	GCA_047301615.1	124290	Osmia	excavata	
Anthidiumxuezhongi-2840466-GCA022405125.1	GCA_022405125.1	2840466	Anthidium	xuezhongi	
Stelisphaeoptera-2249760-GCA943735885.1	GCA_943735885.1	2249760	Stelis	phaeoptera	
Colleteslatitarsis-2605962-GCA051014445.1	GCA_051014445.1	2605962	Colletes	latitarsis	
Hylaeusdilatatus-1542591-GCA966197075.1	GCA_966197075.1	1542591	Hylaeus	dilatatus	
Hylaeusdilatatus-1542591-GCA966197085.1	GCA_966197085.1	1542591	Hylaeus	dilatatus	
Macropiseuropaea-253715-GCA916610135.2	GCA_916610135.2	253715	Macropis	europaea	
Andrenahattorfiana-1126402-GCA944738655.2	GCA_944738655.2	1126402	Andrena	hattorfiana	
Andrenanitida-1126404-GCA964214045.1	GCA_964214045.1	1126404	Andrena	nitida	
Andrenaclarkella-1190796-GCA965620515.1	GCA_965620515.1	1190796	Andrena	clarkella	
Andrenaclarkella-1190796-GCA965620555.1	GCA_965620555.1	1190796	Andrena	clarkella	
Andrenahelvola-1190801-GCA964234935.1	GCA_964234935.1	1190801	Andrena	helvola	
Andrenaminutula-1190802-GCA929113495.1	GCA_929113495.1	1190802	Andrena	minutula	
Andrenapraecox-1190803-GCA963932275.1	GCA_963932275.1	1190803	Andrena	praecox	
Andrenacamellia-1862692-GCA029168295.1	GCA_029168295.1	1862692	Andrena	camellia	
Andrenacamellia-1862692-GCA029448645.1	GCA_029448645.1	1862692	Andrena	camellia	
Andrenabarbilabris-586954-GCA965204585.1	GCA_965204585.1	586954	Andrena	barbilabris	
Andrenafulva-1411667-GCA946251845.1	GCA_946251845.1	1411667	Andrena	fulva	
Andrenahaemorrhoa-444401-GCA910592295.1	GCA_910592295.1	444401	Andrena	haemorrhoa	
Andrenadorsata-1411666-GCA929108735.1	GCA_929108735.1	1411666	Andrena	dorsata	
Andrenacerasifolii-2819439-GCA050908995.1	GCA_050908995.1	2819439	Andrena	cerasifolii	
Andrenabicolor-1190795-GCA960531205.1	GCA_960531205.1	1190795	Andrena	bicolor	
Andrenatrimmerana-1431430-GCA951215215.1	GCA_951215215.1	1431430	Andrena	trimmerana	
Andrenatrimmerana-1431430-GCA952773225.1	GCA_952773225.1	1431430	Andrena	trimmerana	
Andrenabucephala-1542580-GCA947577245.1	GCA_947577245.1	1542580	Andrena	bucephala	
Andrenachrysosceles-1411665-GCA963855975.1	GCA_963855975.1	1411665	Andrena	chrysosceles	
Andrenamarginata-1542598-GCA963932335.1	GCA_963932335.1	1542598	Andrena	marginata	
Andrenaflavipes-473392-GCA963971345.1	GCA_963971345.1	473392	Andrena	flavipes	
Protandrenapassiflorae-2881344-GCA047729815.1	GCA_047729815.1	2881344	Protandrena	passiflorae	
Bombuspauloensis-1196864-GCA051167325.1	GCA_051167325.1	1196864	Bombus	pauloensis	
Bombusopulentus-2024865-GCA034509555.1	GCA_034509555.1	2024865	Bombus	opulentus	
Bombusflavifrons-103934-GCA040668555.2	GCA_040668555.2	103934	Bombus	flavifrons	
Bombusmonticola-103936-GCA965178685.1	GCA_965178685.1	103936	Bombus	monticola	
Bombusimpatiens-132113-GCA043295415.1	GCA_043295415.1	132113	Bombus	impatiens	
Bombushypnorum-30191-GCA911387925.2	GCA_911387925.2	30191	Bombus	hypnorum	
Bombuspratorum-30194-GCA930367275.1	GCA_930367275.1	30194	Bombus	pratorum	
Bombusbimaculatus-309944-GCA050437405.1	GCA_050437405.1	309944	Bombus	bimaculatus	
Bombusjonellus-85663-GCA964197665.1	GCA_964197665.1	85663	Bombus	jonellus	
Bombushortorum-85660-GCA905332935.1	GCA_905332935.1	85660	Bombus	hortorum	
Bombusignitus-130704-GCA014825875.1	GCA_014825875.1	130704	Bombus	ignitus	
Bombusmuscorum-203813-GCA963971185.1	GCA_963971185.1	203813	Bombus	muscorum	
Bombuslucorum-30193-GCA965261305.1	GCA_965261305.1	30193	Bombus	lucorum	
Bombuspensylvanicus-28643-GCA051853225.1	GCA_051853225.1	28643	Bombus	pensylvanicus	
Bombusdahlbomii-85658-GCA037178635.1	GCA_037178635.1	85658	Bombus	dahlbomii	
Bombuspullatus-85668-GCA051167345.1	GCA_051167345.1	85668	Bombus	pullatus	
Bombuslapidarius-30192-GCA964186655.1	GCA_964186655.1	30192	Bombus	lapidarius	
Bombusrufofasciatus-309971-GCA040285845.1	GCA_040285845.1	309971	Bombus	rufofasciatus	
Bombusbreviceps-395515-GCA014825925.1	GCA_014825925.1	395515	Bombus	breviceps	
Bombusgriseocollis-207634-GCA050437465.1	GCA_050437465.1	207634	Bombus	griseocollis	
Bombushaemorrhoidalis-207636-GCA014825975.1	GCA_014825975.1	207636	Bombus	haemorrhoidalis	
Bombuscampestris-207624-GCA905333015.3	GCA_905333015.3	207624	Bombus	campestris	
Bombussylvestris-30201-GCA911622165.2	GCA_911622165.2	30201	Bombus	sylvestris	
Bombusvestalis-30202-GCA963556215.1	GCA_963556215.1	30202	Bombus	vestalis	
Bombusturneri-686820-GCA014825825.1	GCA_014825825.1	686820	Bombus	turneri	
Apismellifera-44477-GCA003314205.2	GCA_003314205.2	44477	Apis	mellifera	
Apismellifera-7469-GCA019321825.1	GCA_019321825.1	7469	Apis	mellifera	
Apiscerana-7461-GCA020141525.2	GCA_020141525.2	7461	Apis	cerana	
Apiscerana-7461-GCA029531695.1	GCA_029531695.1	7461	Apis	cerana	
Apiscerana-7461-GCA039655025.1	GCA_039655025.1	7461	Apis	cerana	
Apiscerana-94128-GCA011100585.1	GCA_011100585.1	94128	Apis	cerana	
Nomadafucata-481570-GCA948146005.1	GCA_948146005.1	481570	Nomada	fucata	
Nomadagoodeniana-544954-GCA963969485.1	GCA_963969485.1	544954	Nomada	goodeniana	
Nomadacressonii-586919-GCA051820275.1	GCA_051820275.1	586919	Nomada	cressonii	
Nomadafabriciana-601510-GCA907165295.1	GCA_907165295.1	601510	Nomada	fabriciana	
Nomadaferruginata-601518-GCA963583965.1	GCA_963583965.1	601518	Nomada	ferruginata	
Nomadaflava-601523-GCA951802745.1	GCA_951802745.1	601523	Nomada	flava	
Nomadahirtipes-601583-GCA951802735.1	GCA_951802735.1	601583	Nomada	hirtipes	
Nomadalathburiana-601640-GCA963667235.1	GCA_963667235.1	601640	Nomada	lathburiana	
Nomadapanzeri-601768-GCA951802685.1	GCA_951802685.1	601768	Nomada	panzeri	
Nomadaruficornis-601849-GCA951802695.1	GCA_951802695.1	601849	Nomada	ruficornis	
Xylocopasonorina-1818115-GCA050948175.1	GCA_050948175.1	1818115	Xylocopa	sonorina	
Xylocopadejeanii-521057-GCA049004755.1	GCA_049004755.1	521057	Xylocopa	dejeanii	
Sphecodesephippius-1126396-GCA965231285.1	GCA_965231285.1	1126396	Sphecodes	ephippius	
Sphecodesmonilicornis-1190790-GCA913789915.3	GCA_913789915.3	1190790	Sphecodes	monilicornis	
Halictusquadricinctus-115107-GCA028454245.1	GCA_028454245.1	115107	Halictus	quadricinctus	
Halictusligatus-77576-GCA028454255.1	GCA_028454255.1	77576	Halictus	ligatus	
Halictusrubicundus-77578-GCA028454235.1	GCA_028454235.1	77578	Halictus	rubicundus	
Halictusrubicundus-77578-GCA050948215.1	GCA_050948215.1	77578	Halictus	rubicundus	
Seladoniatumulorum-115100-GCA913789895.3	GCA_913789895.3	115100	Seladonia	tumulorum	
Lasioglossummalachurum-88512-GCA028455605.1	GCA_028455605.1	88512	Lasioglossum	malachurum	
Lasioglossumoenotherae-88542-GCA028455765.1	GCA_028455765.1	88542	Lasioglossum	oenotherae	
Lasioglossumlativentre-88531-GCA916610255.1	GCA_916610255.1	88531	Lasioglossum	lativentre	
Lasioglossumleucozonium-88532-GCA028454225.1	GCA_028454225.1	88532	Lasioglossum	leucozonium	
Lasioglossumleucozonium-88532-GCA965262445.1	GCA_965262445.1	88532	Lasioglossum	leucozonium	
Lasioglossumvillosulum-88523-GCA963971365.1	GCA_963971365.1	88523	Lasioglossum	villosulum	
Lasioglossumfigueresi-160208-GCA028455805.1	GCA_028455805.1	160208	Lasioglossum	figueresi	
Lasioglossumcalceatum-88504-GCA028455575.1	GCA_028455575.1	88504	Lasioglossum	calceatum	
Lasioglossumcalceatum-88504-GCA963966675.1	GCA_963966675.1	88504	Lasioglossum	calceatum	
Lasioglossumcalceatum-88504-GCA963971175.1	GCA_963971175.1	88504	Lasioglossum	calceatum	
Lasioglossummarginatum-88513-GCA028455795.1	GCA_028455795.1	88513	Lasioglossum	marginatum	
Lasioglossumpauxillum-88516-GCA028455745.1	GCA_028455745.1	88516	Lasioglossum	pauxillum	
Lasioglossumpauxillum-88516-GCA933228785.1	GCA_933228785.1	88516	Lasioglossum	pauxillum	
Lasioglossumvierecki-88499-GCA028455595.1	GCA_028455595.1	88499	Lasioglossum	vierecki	
Lasioglossumzephyrum-88500-GCA028455615.1	GCA_028455615.1	88500	Lasioglossum	zephyrum	
Lasioglossummorio-88514-GCA916610235.2	GCA_916610235.2	88514	Lasioglossum	morio	
Agapostemonvirescens-115084-GCA028453745.1	GCA_028453745.1	115084	Agapostemon	virescens	
Augochlorapura-115077-GCA028453695.1	GCA_028453695.1	115077	Augochlora	pura	
Augochlorellaaurata-586896-GCA028455555.1	GCA_028455555.1	586896	Augochlorella	aurata	
Ampulexclypecomplana-3143112-GCA049354905.1	GCA_049354905.1	3143112	Ampulex	clypecomplana	
Ammophilapubescens-1088609-GCA965247725.1	GCA_965247725.1	1088609	Ammophila	pubescens	
Sclerodermussp-3042140-GCA037305995.1	GCA_037305995.1	3042140	Sclerodermus	sp	
Hedychridiumroseum-212591-GCA963989215.1	GCA_963989215.1	212591	Hedychridium	roseum	
Chrysisangustula-913277-GCA965642015.1	GCA_965642015.1	913277	Chrysis	angustula	
Selandriaserva-410286-GCA965654355.1	GCA_965654355.1	410286	Selandria	serva	
Tenthredodistinguenda-1385102-GCA947538915.1	GCA_947538915.1	1385102	Tenthredo	distinguenda	
Tenthredomesomela-222778-GCA943736025.1	GCA_943736025.1	222778	Tenthredo	mesomela	
Tenthredonotha-362091-GCA914767705.2	GCA_914767705.2	362091	Tenthredo	notha	
Tenthredolivida-520905-GCA963992785.1	GCA_963992785.1	520905	Tenthredo	livida	
Tenthredoscrophulariae-520932-GCA963978835.1	GCA_963978835.1	520932	Tenthredo	scrophulariae	
Tenthredoamoena-520940-GCA963966615.1	GCA_963966615.1	520940	Tenthredo	amoena	
Rhogogasterchlorosoma-1385029-GCA944452935.1	GCA_944452935.1	1385029	Rhogogaster	chlorosoma	
Macrophyaalboannulata-1384894-GCA949628255.1	GCA_949628255.1	1384894	Macrophya	alboannulata	
Macrophyaannulata-1384895-GCA963924015.1	GCA_963924015.1	1384895	Macrophya	annulata	
Eutomostethusluteiventris-1385253-GCA964662225.1	GCA_964662225.1	1385253	Eutomostethus	luteiventris	
Phymatoceraaterrima-362106-GCA963170745.1	GCA_963170745.1	362106	Phymatocera	aterrima	
Ametastegiaequiseti-655806-GCA963989295.1	GCA_963989295.1	655806	Ametastegia	equiseti	
Athaliacordata-1170485-GCA963932425.1	GCA_963932425.1	1170485	Athalia	cordata	
Athaliacircularis-362093-GCA963978495.1	GCA_963978495.1	362093	Athalia	circularis	
Neodiprionlecontei-441921-GCA001263575.2	GCA_001263575.2	441921	Neodiprion	lecontei	
Argeochropus-1384776-GCA965113185.1	GCA_965113185.1	1384776	Arge	ochropus	
Argepagana-1384777-GCA963969455.1	GCA_963969455.1	1384777	Arge	pagana	
Abiacandens-362089-GCA964212075.1	GCA_964212075.1	362089	Abia	candens	
Cheumatopsychecharites-1875285-GCA024721215.1	GCA_024721215.1	1875285	Cheumatopsyche	charites	
Arctopsychegrandis-121162-GCA051622035.1	GCA_051622035.1	121162	Arctopsyche	grandis	
Stenopsycheangustata-1560148-GCA051167455.1	GCA_051167455.1	1560148	Stenopsyche	angustata	
Odontocerumalbicorne-446452-GCA949825065.1	GCA_949825065.1	446452	Odontocerum	albicorne	
Molannaangustata-446450-GCA963576475.1	GCA_963576475.1	446450	Molanna	angustata	
Ceracleadissimilis-446427-GCA963576895.1	GCA_963576895.1	446427	Ceraclea	dissimilis	
Athripsodescinereus-446526-GCA947579605.1	GCA_947579605.1	446526	Athripsodes	cinereus	
Mystacidesazureus-446513-GCA965644405.1	GCA_965644405.1	446513	Mystacides	azureus	
Mystacideslongicornis-699848-GCA963576905.1	GCA_963576905.1	699848	Mystacides	longicornis	
Triaenodesbicolor-699847-GCA964276685.1	GCA_964276685.1	699847	Triaenodes	bicolor	
Eubasilissasplendida-1875367-GCA031772225.1	GCA_031772225.1	1875367	Eubasilissa	splendida	
Glyphotaeliuspellucidus-1271742-GCA936435175.1	GCA_936435175.1	1271742	Glyphotaelius	pellucidus	
Limnephiluslunatus-1218281-GCA917563855.2	GCA_917563855.2	1218281	Limnephilus	lunatus	
Limnephilusauricula-1271728-GCA951813805.1	GCA_951813805.1	1271728	Limnephilus	auricula	
Limnephilusmarmoratus-1271730-GCA917880885.1	GCA_917880885.1	1271730	Limnephilus	marmoratus	
Limnephilusrhombicus-692089-GCA929108145.2	GCA_929108145.2	692089	Limnephilus	rhombicus	
Agapetusfuscipes-1271715-GCA951799405.1	GCA_951799405.1	1271715	Agapetus	fuscipes	
Himalopsycheanomala-2863128-GCA031772345.1	GCA_031772345.1	2863128	Himalopsyche	anomala	
Micropterixaruncella-1042620-GCA944548615.1	GCA_944548615.1	1042620	Micropterix	aruncella	
Eriocraniasemipurpurella-3156131-GCA045547075.1	GCA_045547075.1	3156131	Eriocrania	semipurpurella	
Hepialusxiaojinensis-1589740-GCA042246355.1	GCA_042246355.1	1589740	Hepialus	xiaojinensis	
Zeuzerapyrina-1101072-GCA907165235.1	GCA_907165235.1	1101072	Zeuzera	pyrina	
Phragmataeciacastaneae-753407-GCA964277475.1	GCA_964277475.1	753407	Phragmataecia	castaneae	
Cossuscossus-753294-GCA965117205.1	GCA_965117205.1	753294	Cossus	cossus	
Sesiabembeciformis-287197-GCA943735995.1	GCA_943735995.1	287197	Sesia	bembeciformis	
Sesiaapiformis-748215-GCA914767545.1	GCA_914767545.1	748215	Sesia	apiformis	
Synanthedonandrenaeformis-1108569-GCA936446665.2	GCA_936446665.2	1108569	Synanthedon	andrenaeformis	
Synanthedonmyopaeformis-1108570-GCA944738685.1	GCA_944738685.1	1108570	Synanthedon	myopaeformis	
Synanthedonvespiformis-1660703-GCA918317495.1	GCA_918317495.1	1660703	Synanthedon	vespiformis	
Synanthedonspheciformis-233843-GCA964332195.1	GCA_964332195.1	233843	Synanthedon	spheciformis	
Synanthedonformicaeformis-301036-GCA945859745.1	GCA_945859745.1	301036	Synanthedon	formicaeformis	
Synanthedontipuliformis-301680-GCA947623395.1	GCA_947623395.1	301680	Synanthedon	tipuliformis	
Bembeciaichneumoniformis-301037-GCA910589475.2	GCA_910589475.2	301037	Bembecia	ichneumoniformis	
Choreutisnemorana-1209621-GCA949316135.1	GCA_949316135.1	1209621	Choreutis	nemorana	
Apodalimacodes-287200-GCA946406115.1	GCA_946406115.1	287200	Apoda	limacodes	
Adscitageryon-287208-GCA964275185.1	GCA_964275185.1	287208	Adscita	geryon	
Rhagadespruni-287213-GCA964270825.1	GCA_964270825.1	287213	Rhagades	pruni	
Achelurayunnanensis-2871086-GCA041274885.1	GCA_041274885.1	2871086	Achelura	yunnanensis	
Zygaenacarniolica-287238-GCA964261665.1	GCA_964261665.1	287238	Zygaena	carniolica	
Zygaenafausta-287248-GCA964505435.1	GCA_964505435.1	287248	Zygaena	fausta	
Zygaenapurpuralis-287345-GCA964270835.1	GCA_964270835.1	287345	Zygaena	purpuralis	
Zygaenasarpedon-287354-GCA964338965.1	GCA_964338965.1	287354	Zygaena	sarpedon	
Zygaenaephialtes-287371-GCA964275295.1	GCA_964275295.1	287371	Zygaena	ephialtes	
Zygaenaexulans-287373-GCA964261585.1	GCA_964261585.1	287373	Zygaena	exulans	
Zygaenafilipendulae-287375-GCA907165275.2	GCA_907165275.2	287375	Zygaena	filipendulae	
Zygaenaloti-287383-GCA964264925.1	GCA_964264925.1	287383	Zygaena	loti	
Zygaenaviciae-287404-GCA964271875.1	GCA_964271875.1	287404	Zygaena	viciae	
Carposinasasakii-252295-GCA014607495.2	GCA_014607495.2	252295	Carposina	sasakii	
Tortricodesalternella-116138-GCA947859335.1	GCA_947859335.1	116138	Tortricodes	alternella	
Tortrixviridana-311328-GCA963241965.1	GCA_963241965.1	311328	Tortrix	viridana	
Aclerisliterana-1100899-GCA946894065.1	GCA_946894065.1	1100899	Acleris	literana	
Aclerishyemana-1869394-GCA965194575.1	GCA_965194575.1	1869394	Acleris	hyemana	
Acleriseffractana-2566210-GCA966208735.1	GCA_966208735.1	2566210	Acleris	effractana	
Aclerisholmiana-572802-GCA949316455.1	GCA_949316455.1	572802	Acleris	holmiana	
Aclerisabietana-758703-GCA965276475.1	GCA_965276475.1	758703	Acleris	abietana	
Aclerisabietana-758703-GCA965276485.1	GCA_965276485.1	758703	Acleris	abietana	
Acleriscristana-758705-GCA948252455.1	GCA_948252455.1	758705	Acleris	cristana	
Aclerisemargana-758706-GCA927399475.2	GCA_927399475.2	758706	Acleris	emargana	
Aclerisferrugana-758707-GCA964656575.1	GCA_964656575.1	758707	Acleris	ferrugana	
Aclerislaterana-758709-GCA963966035.1	GCA_963966035.1	758709	Acleris	laterana	
Aclerislogiana-758711-GCA964340485.1	GCA_964340485.1	758711	Acleris	logiana	
Aclerissparsana-758717-GCA923062465.1	GCA_923062465.1	758717	Acleris	sparsana	
Aclerisumbrana-758718-GCA964330255.1	GCA_964330255.1	758718	Acleris	umbrana	
Aleimmaloeflingiana-758720-GCA964235035.1	GCA_964235035.1	758720	Aleimma	loeflingiana	
Cenopiscana-2566676-GCA951800055.1	GCA_951800055.1	2566676	Cenopis	cana	
Neocochylismolliculana-2769477-GCA964656585.1	GCA_964656585.1	2769477	Neocochylis	molliculana	
Aethessmeathmanniana-1594220-GCA965285805.1	GCA_965285805.1	1594220	Aethes	smeathmanniana	
Aethessmeathmanniana-1594220-GCA965285855.1	GCA_965285855.1	1594220	Aethes	smeathmanniana	
Aethestesserana-1660574-GCA964270645.1	GCA_964270645.1	1660574	Aethes	tesserana	
Aethescnicana-753148-GCA963971205.1	GCA_963971205.1	753148	Aethes	cnicana	
Agapetahamana-1100904-GCA965178135.1	GCA_965178135.1	1100904	Agapeta	hamana	
Agapetahamana-1100904-GCA965178395.1	GCA_965178395.1	1100904	Agapeta	hamana	
Agapetazoegana-989733-GCA964188265.1	GCA_964188265.1	989733	Agapeta	zoegana	
Cochylidiasubroseana-1594252-GCA965605785.1	GCA_965605785.1	1594252	Cochylidia	subroseana	
Cochylidiasubroseana-1594252-GCA965605805.1	GCA_965605805.1	1594252	Cochylidia	subroseana	
Commophilaaeneana-3127293-GCA964341535.1	GCA_964341535.1	3127293	Commophila	aeneana	
Commophilaaeneana-3127293-GCA964341585.1	GCA_964341585.1	3127293	Commophila	aeneana	
Ditulaangustiorana-572840-GCA963691745.1	GCA_963691745.1	572840	Ditula	angustiorana	
Cnephasiastephensiana-1116892-GCA964276465.1	GCA_964276465.1	1116892	Cnephasia	stephensiana	
Cnephasiaasseclana-1594251-GCA965637065.1	GCA_965637065.1	1594251	Cnephasia	asseclana	
Eanaincanana-1594282-GCA964662145.1	GCA_964662145.1	1594282	Eana	incanana	
Ptycholomalecheana-116133-GCA965641935.1	GCA_965641935.1	116133	Ptycholoma	lecheana	
Archipsoporana-1100917-GCA965637025.1	GCA_965637025.1	1100917	Archips	oporana	
Archipsoporana-1100917-GCA965637185.1	GCA_965637185.1	1100917	Archips	oporana	
Archipsxylosteana-1100919-GCA947563465.1	GCA_947563465.1	1100919	Archips	xylosteana	
Archipscrataeganus-1857967-GCA947859365.1	GCA_947859365.1	1857967	Archips	crataeganus	
Archipspodanus-2655036-GCA964237515.1	GCA_964237515.1	2655036	Archips	podanus	
Clepsisconsimilana-1100947-GCA965362255.1	GCA_965362255.1	1100947	Clepsis	consimilana	
Clepsisconsimilana-1100947-GCA965362275.1	GCA_965362275.1	1100947	Clepsis	consimilana	
Clepsisrurinana-1144648-GCA965111835.1	GCA_965111835.1	1144648	Clepsis	rurinana	
Clepsisdumicolana-2561093-GCA963691665.1	GCA_963691665.1	2561093	Clepsis	dumicolana	
Pandemiscorylana-1101029-GCA949127965.1	GCA_949127965.1	1101029	Pandemis	corylana	
Pandemisheparana-192191-GCA963854515.1	GCA_963854515.1	192191	Pandemis	heparana	
Pandemiscinnamomeana-753214-GCA932294345.1	GCA_932294345.1	753214	Pandemis	cinnamomeana	
Cacoecimorphapronubana-287198-GCA964271255.1	GCA_964271255.1	287198	Cacoecimorpha	pronubana	
Epiphyaspostvittana-65032-GCA964304675.1	GCA_964304675.1	65032	Epiphyas	postvittana	
Apheliapaleana-753154-GCA964237545.1	GCA_964237545.1	753154	Aphelia	paleana	
Syndemismusculana-1101060-GCA965641395.1	GCA_965641395.1	1101060	Syndemis	musculana	
Lozotaeniaforsterana-1101015-GCA965247445.1	GCA_965247445.1	1101015	Lozotaenia	forsterana	
Choristoneurarosaceana-27543-GCA037349165.2	GCA_037349165.2	27543	Choristoneura	rosaceana	
Bactrafurfurana-1030477-GCA965663525.1	GCA_965663525.1	1030477	Bactra	furfurana	
Bactralancealana-753158-GCA965196735.1	GCA_965196735.1	753158	Bactra	lancealana	
Ancylisachatana-1869464-GCA964214005.1	GCA_964214005.1	1869464	Ancylis	achatana	
Epiblemafoenella-1100979-GCA963556455.1	GCA_963556455.1	1100979	Epiblema	foenella	
Epiblemascutulana-1100980-GCA964662165.1	GCA_964662165.1	1100980	Epiblema	scutulana	
Epiblemacirsiana-1869849-GCA964346515.1	GCA_964346515.1	1869849	Epiblema	cirsiana	
Epiblemacostipunctana-1869850-GCA964291015.1	GCA_964291015.1	1869850	Epiblema	costipunctana	
Epinotiatedella-1100986-GCA965654305.1	GCA_965654305.1	1100986	Epinotia	tedella	
Epinotiatedella-1100986-GCA965654325.1	GCA_965654325.1	1100986	Epinotia	tedella	
Epinotiabilunana-1594293-GCA947049275.1	GCA_947049275.1	1594293	Epinotia	bilunana	
Epinotiademarniana-1594294-GCA945867215.1	GCA_945867215.1	1594294	Epinotia	demarniana	
Epinotiaramella-1594296-GCA947578815.1	GCA_947578815.1	1594296	Epinotia	ramella	
Epinotiapygmaeana-1660626-GCA966185115.1	GCA_966185115.1	1660626	Epinotia	pygmaeana	
Epinotiapygmaeana-1660626-GCA966185135.1	GCA_966185135.1	1660626	Epinotia	pygmaeana	
Epinotiatenerana-1660628-GCA965225655.1	GCA_965225655.1	1660628	Epinotia	tenerana	
Epinotiabrunnichana-2566568-GCA963854355.1	GCA_963854355.1	2566568	Epinotia	brunnichana	
Epinotiananana-687034-GCA966183675.1	GCA_966183675.1	687034	Epinotia	nanana	
Epinotianisella-989769-GCA932294315.1	GCA_932294315.1	989769	Epinotia	nisella	
Epinotiatrigonella-989771-GCA965378785.1	GCA_965378785.1	989771	Epinotia	trigonella	
Epinotiatrigonella-989771-GCA965378795.1	GCA_965378795.1	989771	Epinotia	trigonella	
Rhopobotaustomaculana-1101045-GCA964656095.1	GCA_964656095.1	1101045	Rhopobota	ustomaculana	
Rhopobotaustomaculana-1101045-GCA964656135.1	GCA_964656135.1	1101045	Rhopobota	ustomaculana	
Rhopobotanaevana-572892-GCA965641425.1	GCA_965641425.1	572892	Rhopobota	naevana	
Gypsonomanitidulana-1869975-GCA965655135.1	GCA_965655135.1	1869975	Gypsonoma	nitidulana	
Notoceliacynosbatella-1101023-GCA965636945.1	GCA_965636945.1	1101023	Notocelia	cynosbatella	
Notoceliacynosbatella-1101023-GCA965637175.1	GCA_965637175.1	1101023	Notocelia	cynosbatella	
Notoceliauddmanniana-1594315-GCA905163555.1	GCA_905163555.1	1594315	Notocelia	uddmanniana	
Rhyacioniapinicolana-1101047-GCA964374345.1	GCA_964374345.1	1101047	Rhyacionia	pinicolana	
Rhyacioniapinivorana-1101048-GCA965636995.1	GCA_965636995.1	1101048	Rhyacionia	pinivorana	
Rhyacioniapinivorana-1101048-GCA965637205.1	GCA_965637205.1	1101048	Rhyacionia	pinivorana	
Rhyacionialogaea-1858067-GCA966184475.1	GCA_966184475.1	1858067	Rhyacionia	logaea	
Grapholitaorobana-1869970-GCA965654365.1	GCA_965654365.1	1869970	Grapholita	orobana	
Grapholitaorobana-1869970-GCA965654375.1	GCA_965654375.1	1869970	Grapholita	orobana	
Grapholitamolesta-192188-GCA022674325.2	GCA_022674325.2	192188	Grapholita	molesta	
Grapholitajungiella-2566637-GCA965637225.1	GCA_965637225.1	2566637	Grapholita	jungiella	
Dichroramphavancouverana-1666525-GCA965669695.1	GCA_965669695.1	1666525	Dichrorampha	vancouverana	
Dichroramphaacuminatana-1869808-GCA965278155.1	GCA_965278155.1	1869808	Dichrorampha	acuminatana	
Dichroramphaacuminatana-1869808-GCA965278225.1	GCA_965278225.1	1869808	Dichrorampha	acuminatana	
Lathronymphastrigana-1594361-GCA949128165.1	GCA_949128165.1	1594361	Lathronympha	strigana	
Pammeneargyrana-1101026-GCA965278205.1	GCA_965278205.1	1101026	Pammene	argyrana	
Pammeneargyrana-1101026-GCA965278295.1	GCA_965278295.1	1101026	Pammene	argyrana	
Pammenefasciana-1101027-GCA911728535.1	GCA_911728535.1	1101027	Pammene	fasciana	
Pammenegiganteana-1101028-GCA965276555.1	GCA_965276555.1	1101028	Pammene	giganteana	
Pammeneregiana-1660671-GCA965641965.1	GCA_965641965.1	1660671	Pammene	regiana	
Pammenesuspectana-1858054-GCA964504545.2	GCA_964504545.2	1858054	Pammene	suspectana	
Pammenesuspectana-1858054-GCA964505205.1	GCA_964505205.1	1858054	Pammene	suspectana	
Pammeneaurita-1870148-GCA947086415.1	GCA_947086415.1	1870148	Pammene	aurita	
Pammenerhediella-2561577-GCA965620085.1	GCA_965620085.1	2561577	Pammene	rhediella	
Cydiapomonella-82600-GCA038396475.1	GCA_038396475.1	82600	Cydia	pomonella	
Phiarisbipunctana-1101140-GCA965663645.1	GCA_965663645.1	1101140	Phiaris	bipunctana	
Apotomissauciana-1030474-GCA965655145.1	GCA_965655145.1	1030474	Apotomis	sauciana	
Apotomissororculana-1030475-GCA965663535.1	GCA_965663535.1	1030475	Apotomis	sororculana	
Apotomisbetuletana-1100915-GCA932273695.1	GCA_932273695.1	1100915	Apotomis	betuletana	
Apotomisturbidana-1100916-GCA905147355.2	GCA_905147355.2	1100916	Apotomis	turbidana	
Apotomiscapreana-989741-GCA947623375.1	GCA_947623375.1	989741	Apotomis	capreana	
Hedyapruniana-1594309-GCA964197955.1	GCA_964197955.1	1594309	Hedya	pruniana	
Hedyasalicella-1869985-GCA905404275.2	GCA_905404275.2	1869985	Hedya	salicella	
Argyroplocenoricana-1197223-GCA965607555.1	GCA_965607555.1	1197223	Argyroploce	noricana	
Argyroplocenoricana-1197223-GCA965607585.1	GCA_965607585.1	1197223	Argyroploce	noricana	
Celyphastriana-1030481-GCA965642925.1	GCA_965642925.1	1030481	Celypha	striana	
Celyphalacunana-1594247-GCA964237635.1	GCA_964237635.1	1594247	Celypha	lacunana	
Eudemisprofundana-1100989-GCA947034925.1	GCA_947034925.1	1100989	Eudemis	profundana	
Orthotaeniaundulana-1594318-GCA964468075.1	GCA_964468075.1	1594318	Orthotaenia	undulana	
Drepanacurvatula-104427-GCA964345945.1	GCA_964345945.1	104427	Drepana	curvatula	
Drepanafalcataria-104428-GCA945859725.1	GCA_945859725.1	104428	Drepana	falcataria	
Falcarialacertinaria-505411-GCA951449985.1	GCA_951449985.1	505411	Falcaria	lacertinaria	
Sabraharpagula-721158-GCA964059465.1	GCA_964059465.1	721158	Sabra	harpagula	
Watsonallabinaria-721165-GCA929442735.1	GCA_929442735.1	721165	Watsonalla	binaria	
Watsonallacultraria-721166-GCA964035505.1	GCA_964035505.1	721166	Watsonalla	cultraria	
Habrosynepyritoides-721137-GCA907165245.1	GCA_907165245.1	721137	Habrosyne	pyritoides	
Ochropachaduplaris-721156-GCA951361185.1	GCA_951361185.1	721156	Ochropacha	duplaris	
Tetheaocularis-997289-GCA963555595.1	GCA_963555595.1	997289	Tethea	ocularis	
Thyatirabatis-721163-GCA905147785.2	GCA_905147785.2	721163	Thyatira	batis	
Tetheellafluctuosa-721173-GCA951216915.1	GCA_951216915.1	721173	Tetheella	fluctuosa	
Achlyaflavicornis-753485-GCA947623365.1	GCA_947623365.1	753485	Achlya	flavicornis	
Polyplocaridens-988154-GCA951394255.1	GCA_951394255.1	988154	Polyploca	ridens	
Epermeniachaerophyllella-1178097-GCA964235415.1	GCA_964235415.1	1178097	Epermenia	chaerophyllella	
Alucitahexadactyla-753150-GCA964059475.1	GCA_964059475.1	753150	Alucita	hexadactyla	
Marasmarchalunaedactyla-1594453-GCA923062675.1	GCA_923062675.1	1594453	Marasmarcha	lunaedactyla	
Emmelinamonodactyla-467774-GCA916618145.1	GCA_916618145.1	467774	Emmelina	monodactyla	
Hellinsiaosteodactyla-1100896-GCA965654225.1	GCA_965654225.1	1100896	Hellinsia	osteodactyla	
Hellinsiaosteodactyla-1100896-GCA965654335.1	GCA_965654335.1	1100896	Hellinsia	osteodactyla	
Gillmeriaochrodactyla-1869947-GCA964340845.1	GCA_964340845.1	1869947	Gillmeria	ochrodactyla	
Gillmeriaochrodactyla-1869947-GCA964340935.1	GCA_964340935.1	1869947	Gillmeria	ochrodactyla	
Gillmeriapallidactyla-687094-GCA964291005.1	GCA_964291005.1	687094	Gillmeria	pallidactyla	
Stenoptiliabipunctidactyla-1660692-GCA944452665.1	GCA_944452665.1	1660692	Stenoptilia	bipunctidactyla	
Endromisversicolora-119269-GCA964306285.1	GCA_964306285.1	119269	Endromis	versicolora	
Bombyxmori-7091-GCA026075555.1	GCA_026075555.1	7091	Bombyx	mori	
Bombyxmori-7091-GCA027497115.1	GCA_027497115.1	7091	Bombyx	mori	
Bombyxmori-7091-GCA027497135.1	GCA_027497135.1	7091	Bombyx	mori	
Bombyxmori-7091-GCA044167525.1	GCA_044167525.1	7091	Bombyx	mori	
Bombyxmori-7091-GCA964601785.1	GCA_964601785.1	7091	Bombyx	mori	
Bombyxmori-7091-GCA964602615.1	GCA_964602615.1	7091	Bombyx	mori	
Bombyxmori-7091-GCA964603135.1	GCA_964603135.1	7091	Bombyx	mori	
Bombyxmandarina-7092-GCA030267445.2	GCA_030267445.2	7092	Bombyx	mandarina	
Trilochavarians-941097-GCA030269945.2	GCA_030269945.2	941097	Trilocha	varians	
Trilochavarians-941097-GCA045862255.1	GCA_045862255.1	941097	Trilocha	varians	
Trabalavishnou-1418836-GCA050084765.1	GCA_050084765.1	1418836	Trabala	vishnou	
Odonestispruni-1310355-GCA965212455.1	GCA_965212455.1	1310355	Odonestis	pruni	
Dendrolimuspini-151304-GCA949752895.1	GCA_949752895.1	151304	Dendrolimus	pini	
Dendrolimuspunctatus-238572-GCA012273795.1	GCA_012273795.1	238572	Dendrolimus	punctatus	
Dendrolimustabulaeformis-416556-GCA042997425.1	GCA_042997425.1	416556	Dendrolimus	tabulaeformis	
Dendrolimussibiricus-420341-GCA046627935.1	GCA_046627935.1	420341	Dendrolimus	sibiricus	
Dendrolimushoui-765132-GCA039645545.1	GCA_039645545.1	765132	Dendrolimus	houi	
Lasiocampaquercus-151326-GCA964263865.1	GCA_964263865.1	151326	Lasiocampa	quercus	
Euthrixpotatoria-624169-GCA965178115.1	GCA_965178115.1	624169	Euthrix	potatoria	
Malacosomaalpicolum-1660657-GCA964270795.1	GCA_964270795.1	1660657	Malacosoma	alpicolum	
Malacosomaneustria-7098-GCA963693495.1	GCA_963693495.1	7098	Malacosoma	neustria	
Trichiuracrataegi-988167-GCA964416535.1	GCA_964416535.1	988167	Trichiura	crataegi	
Hylesiametabus-1113239-GCA046523875.1	GCA_046523875.1	1113239	Hylesia	metabus	
Actiasisabellae-63975-GCA964265105.1	GCA_964265105.1	63975	Actias	isabellae	
Saturniajaponica-37778-GCA033032175.1	GCA_033032175.1	37778	Saturnia	japonica	
Saturniapavonia-332931-GCA947532125.1	GCA_947532125.1	332931	Saturnia	pavonia	
Antheraeayamamai-7121-GCA036509395.1	GCA_036509395.1	7121	Antheraea	yamamai	
Samiaricini-63990-GCA014132275.2	GCA_014132275.2	63990	Samia	ricini	
Samiaricini-63990-GCA048571015.1	GCA_048571015.1	63990	Samia	ricini	
Smerinthusocellatus-3112358-GCA965644355.1	GCA_965644355.1	3112358	Smerinthus	ocellatus	
Smerinthusocellatus-3112358-GCA965644365.1	GCA_965644365.1	3112358	Smerinthus	ocellatus	
Clanisbilineata-215161-GCA036417725.1	GCA_036417725.1	215161	Clanis	bilineata	
Laothoepopuli-522836-GCA905220505.1	GCA_905220505.1	522836	Laothoe	populi	
Mimastiliae-522848-GCA905332985.1	GCA_905332985.1	522848	Mimas	tiliae	
Amorphajuglandis-522887-GCA949126905.1	GCA_949126905.1	522887	Amorpha	juglandis	
Agriusconvolvuli-55055-GCA964340655.1	GCA_964340655.1	55055	Agrius	convolvuli	
Sphinxpinastri-987436-GCA947568825.1	GCA_947568825.1	987436	Sphinx	pinastri	
Laparaconiferarum-82619-GCA949316025.1	GCA_949316025.1	82619	Lapara	coniferarum	
Hemarisfuciformis-987953-GCA907164795.1	GCA_907164795.1	987953	Hemaris	fuciformis	
Hylesvespertilio-283848-GCA009982885.2	GCA_009982885.2	283848	Hyles	vespertilio	
Hyleseuphorbiae-283855-GCA023078785.2	GCA_023078785.2	283855	Hyles	euphorbiae	
Deilephilaelpenor-283834-GCA949752805.1	GCA_949752805.1	283834	Deilephila	elpenor	
Deilephilaporcellus-644661-GCA905220455.2	GCA_905220455.2	644661	Deilephila	porcellus	
Theretrajaponica-644662-GCA033459515.1	GCA_033459515.1	644662	Theretra	japonica	
Eariasclorana-753175-GCA964341335.1	GCA_964341335.1	753175	Earias	clorana	
Nycteolarevayana-988004-GCA947037095.2	GCA_947037095.2	988004	Nycteola	revayana	
Pseudoipsprasinana-2758353-GCA951640165.1	GCA_951640165.1	2758353	Pseudoips	prasinana	
Nolaaerugula-753203-GCA964265065.1	GCA_964265065.1	753203	Nola	aerugula	
Meganolaalbula-987977-GCA936450015.1	GCA_936450015.1	987977	Meganola	albula	
Meganolastrigula-987978-GCA965276985.1	GCA_965276985.1	987978	Meganola	strigula	
Meganolastrigula-987978-GCA965277205.1	GCA_965277205.1	987978	Meganola	strigula	
Thaumetopoeaprocessionea-499230-GCA965614485.1	GCA_965614485.1	499230	Thaumetopoea	processionea	
Spataliaargentina-1101155-GCA965194795.1	GCA_965194795.1	1101155	Spatalia	argentina	
Closterarestitura-2008422-GCA051201345.1	GCA_051201345.1	2008422	Clostera	restitura	
Closteracurtula-987902-GCA905475355.2	GCA_905475355.2	987902	Clostera	curtula	
Notodontadromedarius-753204-GCA905147325.1	GCA_905147325.1	753204	Notodonta	dromedarius	
Notodontaziczac-988002-GCA918843915.1	GCA_918843915.1	988002	Notodonta	ziczac	
Pheosiagnoma-988018-GCA905404115.1	GCA_905404115.1	988018	Pheosia	gnoma	
Pheosiatremula-988019-GCA905333125.1	GCA_905333125.1	988019	Pheosia	tremula	
Ceruravinula-987900-GCA964276795.1	GCA_964276795.1	987900	Cerura	vinula	
Drymoniadodonaea-988176-GCA965178025.1	GCA_965178025.1	988176	Drymonia	dodonaea	
Drymoniaobliterata-988177-GCA965437455.1	GCA_965437455.1	988177	Drymonia	obliterata	
Drymoniaobliterata-988177-GCA965437465.1	GCA_965437465.1	988177	Drymonia	obliterata	
Drymoniaruficornis-988178-GCA947859195.1	GCA_947859195.1	988178	Drymonia	ruficornis	
Furculafurcula-987943-GCA911728495.1	GCA_911728495.1	987943	Furcula	furcula	
Odontosiacarmelita-988005-GCA965239595.1	GCA_965239595.1	988005	Odontosia	carmelita	
Odontosiacarmelita-988005-GCA965239665.1	GCA_965239665.1	988005	Odontosia	carmelita	
Pterostomapalpinum-987447-GCA965198555.1	GCA_965198555.1	987447	Pterostoma	palpinum	
Ptilodoncapucinus-987449-GCA914767695.1	GCA_914767695.1	987449	Ptilodon	capucinus	
Ptilodoncucullina-988028-GCA964605925.1	GCA_964605925.1	988028	Ptilodon	cucullina	
Ptilophoraplumigera-988179-GCA964304645.1	GCA_964304645.1	988179	Ptilophora	plumigera	
Phalerabucephala-753216-GCA905147815.2	GCA_905147815.2	753216	Phalera	bucephala	
Lygephilacraccae-997512-GCA964273745.1	GCA_964273745.1	997512	Lygephila	craccae	
Euclidiami-938167-GCA944739405.2	GCA_944739405.2	938167	Euclidia	mi	
Catocalapromissa-1734906-GCA965154605.1	GCA_965154605.1	1734906	Catocala	promissa	
Catocalanupta-423320-GCA963675205.1	GCA_963675205.1	423320	Catocala	nupta	
Catocalafraxini-423510-GCA930367265.1	GCA_930367265.1	423510	Catocala	fraxini	
Catocalasponsa-753163-GCA963564715.1	GCA_963564715.1	753163	Catocala	sponsa	
Clytiesyriaca-3373430-GCA965246635.1	GCA_965246635.1	3373430	Clytie	syriaca	
Clytiesyriaca-3373430-GCA965246645.1	GCA_965246645.1	3373430	Clytie	syriaca	
Drasteriacaucasica-2682853-GCA965641345.1	GCA_965641345.1	2682853	Drasteria	caucasica	
Dysgoniarogenhoferi-2561228-GCA965277395.1	GCA_965277395.1	2561228	Dysgonia	rogenhoferi	
Dysgoniarogenhoferi-2561228-GCA965277865.1	GCA_965277865.1	2561228	Dysgonia	rogenhoferi	
Grammodesstolida-1123337-GCA965234925.1	GCA_965234925.1	1123337	Grammodes	stolida	
Grammodesbifasciata-2561363-GCA965262075.1	GCA_965262075.1	2561363	Grammodes	bifasciata	
Zethesinsularis-1973593-GCA965239635.1	GCA_965239635.1	1973593	Zethes	insularis	
Zethesinsularis-1973593-GCA965239655.1	GCA_965239655.1	1973593	Zethes	insularis	
Laspeyriaflexula-938238-GCA905147015.1	GCA_905147015.1	938238	Laspeyria	flexula	
Lymantriadispar-13123-GCA032191425.1	GCA_032191425.1	13123	Lymantria	dispar	
Lymantriadispar-13123-GCA963576585.1	GCA_963576585.1	13123	Lymantria	dispar	
Lymantriamonacha-78897-GCA905163515.2	GCA_905163515.2	78897	Lymantria	monacha	
Lymantriaxylina-78901-GCA051943045.1	GCA_051943045.1	78901	Lymantria	xylina	
Euproctischrysorrhoea-987934-GCA965178235.1	GCA_965178235.1	987934	Euproctis	chrysorrhoea	
Euproctissimilis-987935-GCA905147225.2	GCA_905147225.2	987935	Euproctis	similis	
Orgyiarecens-198700-GCA965115965.1	GCA_965115965.1	198700	Orgyia	recens	
Orgyiaantiqua-335469-GCA916999025.1	GCA_916999025.1	335469	Orgyia	antiqua	
Leucomasalicis-688415-GCA948253155.1	GCA_948253155.1	688415	Leucoma	salicis	
Callitearapudibunda-875926-GCA965615895.1	GCA_965615895.1	875926	Calliteara	pudibunda	
Dysauxesfamula-753174-GCA965433735.1	GCA_965433735.1	753174	Dysauxes	famula	
Dysauxesfamula-753174-GCA965433805.1	GCA_965433805.1	753174	Dysauxes	famula	
Dysauxesancilla-987928-GCA965246625.1	GCA_965246625.1	987928	Dysauxes	ancilla	
Dysauxesancilla-987928-GCA965246655.1	GCA_965246655.1	987928	Dysauxes	ancilla	
Eilemadepressum-987419-GCA914767945.1	GCA_914767945.1	987419	Eilema	depressum	
Eilemagriseolum-987420-GCA963662185.1	GCA_963662185.1	987420	Eilema	griseolum	
Eilemasororculum-987424-GCA914829495.1	GCA_914829495.1	987424	Eilema	sororculum	
Eilemacaniola-987929-GCA949126895.1	GCA_949126895.1	987929	Eilema	caniola	
Atolmisrubricollis-987889-GCA965117225.1	GCA_965117225.1	987889	Atolmis	rubricollis	
Lithosiaquadra-987974-GCA963576445.1	GCA_963576445.1	987974	Lithosia	quadra	
Thumathasenex-997290-GCA948477245.1	GCA_948477245.1	997290	Thumatha	senex	
Miltochristaminiata-987980-GCA933228765.1	GCA_933228765.1	987980	Miltochrista	miniata	
Nudariamundana-988003-GCA963556515.1	GCA_963556515.1	988003	Nudaria	mundana	
Pelosiaobtusa-1870173-GCA965201015.1	GCA_965201015.1	1870173	Pelosia	obtusa	
Pelosiamuscerda-988016-GCA963691645.1	GCA_963691645.1	988016	Pelosia	muscerda	
Setinaaurita-1660689-GCA964277105.1	GCA_964277105.1	1660689	Setina	aurita	
Cybosiamesomella-987918-GCA946251805.1	GCA_946251805.1	987918	Cybosia	mesomella	
Arctiacaja-289281-GCA964264495.1	GCA_964264495.1	289281	Arctia	caja	
Diacrisiasannio-464721-GCA965282705.1	GCA_965282705.1	464721	Diacrisia	sannio	
Chelismaculosa-1837119-GCA965196785.1	GCA_965196785.1	1837119	Chelis	maculosa	
Phragmatobiafuliginosa-214311-GCA932526445.1	GCA_932526445.1	214311	Phragmatobia	fuliginosa	
Spilosomalubricipeda-875880-GCA905220595.1	GCA_905220595.1	875880	Spilosoma	lubricipeda	
Spilosomaurticae-988039-GCA964188045.1	GCA_964188045.1	988039	Spilosoma	urticae	
Hypercompescribonia-505957-GCA949316085.1	GCA_949316085.1	505957	Hypercompe	scribonia	
Diaphoramendica-987922-GCA949125395.1	GCA_949125395.1	987922	Diaphora	mendica	
Spilarctialutea-875881-GCA916048165.1	GCA_916048165.1	875881	Spilarctia	lutea	
Tyriajacobaeae-179666-GCA947561695.1	GCA_947561695.1	179666	Tyria	jacobaeae	
Callimorphadominula-938182-GCA949752705.1	GCA_949752705.1	938182	Callimorpha	dominula	
Euplagiaquadripunctaria-987932-GCA963859945.1	GCA_963859945.1	987932	Euplagia	quadripunctaria	
Cymbalophorapudica-1875022-GCA964277295.1	GCA_964277295.1	1875022	Cymbalophora	pudica	
Schrankiacostaestrigalis-411963-GCA905475405.1	GCA_905475405.1	411963	Schrankia	costaestrigalis	
Parascotiafuliginaria-938205-GCA963082885.1	GCA_963082885.1	938205	Parascotia	fuliginaria	
Phytometraviridaria-938207-GCA965196775.1	GCA_965196775.1	938207	Phytometra	viridaria	
Hypenaobsitalis-1870000-GCA965112525.1	GCA_965112525.1	1870000	Hypena	obsitalis	
Hypenaproboscidalis-753189-GCA905147285.1	GCA_905147285.1	753189	Hypena	proboscidalis	
Polypogonplumigeralis-997515-GCA964656525.1	GCA_964656525.1	997515	Polypogon	plumigeralis	
Macrochilocribrumalis-997513-GCA965284725.1	GCA_965284725.1	997513	Macrochilo	cribrumalis	
Herminiatarsicrinalis-938191-GCA964656175.1	GCA_964656175.1	938191	Herminia	tarsicrinalis	
Herminiatarsipennalis-987440-GCA945859575.2	GCA_945859575.2	987440	Herminia	tarsipennalis	
Cosmiatrapezina-116126-GCA905163495.3	GCA_905163495.3	116126	Cosmia	trapezina	
Cosmiaaffinis-987907-GCA965218605.1	GCA_965218605.1	987907	Cosmia	affinis	
Cosmiapyralina-987909-GCA946251885.1	GCA_946251885.1	987909	Cosmia	pyralina	
Eupsiliatransversa-116130-GCA914767815.1	GCA_914767815.1	116130	Eupsilia	transversa	
Protodeltotepygarga-708063-GCA936450705.2	GCA_936450705.2	708063	Protodeltote	pygarga	
Calophasialunula-214073-GCA964276575.1	GCA_964276575.1	214073	Calophasia	lunula	
Tytaluctuosa-988042-GCA964288745.1	GCA_964288745.1	988042	Tyta	luctuosa	
Dilobacaeruleocephala-987926-GCA947459985.1	GCA_947459985.1	987926	Diloba	caeruleocephala	
Lamprostictaculta-3373433-GCA965615685.1	GCA_965615685.1	3373433	Lamprosticta	culta	
Bryophiladomestica-1660595-GCA965153255.1	GCA_965153255.1	1660595	Bryophila	domestica	
Cryphiaalgae-987910-GCA964341545.1	GCA_964341545.1	987910	Cryphia	algae	
Cryphiaalgae-987910-GCA964341565.1	GCA_964341565.1	987910	Cryphia	algae	
Callopistriajuventina-1341252-GCA964396815.1	GCA_964396815.1	1341252	Callopistria	juventina	
Griposiaaprilina-1101106-GCA916610205.1	GCA_916610205.1	1101106	Griposia	aprilina	
Dicyclaoo-1858094-GCA948252095.1	GCA_948252095.1	1858094	Dicycla	oo	
Eremobiaochroleuca-1870628-GCA949629135.1	GCA_949629135.1	1870628	Eremobia	ochroleuca	
Dryobotalabecula-2964684-GCA947523025.1	GCA_947523025.1	2964684	Dryobota	labecula	
Omphaloscelislunosa-2492375-GCA916610215.1	GCA_916610215.1	2492375	Omphaloscelis	lunosa	
Enargiapaleacea-987931-GCA965378805.1	GCA_965378805.1	987931	Enargia	paleacea	
Enargiapaleacea-987931-GCA965378825.1	GCA_965378825.1	987931	Enargia	paleacea	
Ipimorpharetusa-987962-GCA965282485.1	GCA_965282485.1	987962	Ipimorpha	retusa	
Ipimorpharetusa-987962-GCA965282495.1	GCA_965282495.1	987962	Ipimorpha	retusa	
Agrocholacircellaris-987866-GCA914767755.1	GCA_914767755.1	987866	Agrochola	circellaris	
Agrocholalitura-987869-GCA949152395.1	GCA_949152395.1	987869	Agrochola	litura	
Agrocholalota-987870-GCA947364205.1	GCA_947364205.1	987870	Agrochola	lota	
Agrocholalychnidis-987871-GCA963680765.1	GCA_963680765.1	987871	Agrochola	lychnidis	
Agrocholamacilenta-987872-GCA916701695.1	GCA_916701695.1	987872	Agrochola	macilenta	
Xanthiaicteritia-987434-GCA949128155.2	GCA_949128155.2	987434	Xanthia	icteritia	
Xanthiatogata-997532-GCA963853775.1	GCA_963853775.1	997532	Xanthia	togata	
Actinotiapolyodon-753264-GCA964340415.1	GCA_964340415.1	753264	Actinotia	polyodon	
Hoplodrinaambigua-875924-GCA949774945.1	GCA_949774945.1	875924	Hoplodrina	ambigua	
Hoplodrinaoctogenaria-938192-GCA964261375.1	GCA_964261375.1	938192	Hoplodrina	octogenaria	
Hoplodrinablanda-987956-GCA949316365.1	GCA_949316365.1	987956	Hoplodrina	blanda	
Thalpophilamatura-987451-GCA948465475.1	GCA_948465475.1	987451	Thalpophila	matura	
Fissipunctiaypsillon-987458-GCA947568875.1	GCA_947568875.1	987458	Fissipunctia	ypsillon	
Lenisageminipuncta-987460-GCA965196745.1	GCA_965196745.1	987460	Lenisa	geminipuncta	
Charanycaferruginea-987475-GCA947361185.1	GCA_947361185.1	987475	Charanyca	ferruginea	
Charanycatrigrammica-987901-GCA965151675.1	GCA_965151675.1	987901	Charanyca	trigrammica	
Antitypechi-988062-GCA947359405.1	GCA_947359405.1	988062	Antitype	chi	
Aporophylalueneburgensis-1337163-GCA932294355.1	GCA_932294355.1	1337163	Aporophyla	lueneburgensis	
Aporophylanigra-988065-GCA947507805.1	GCA_947507805.1	988065	Aporophyla	nigra	
Arenostolaphragmitidis-988067-GCA965285825.1	GCA_965285825.1	988067	Arenostola	phragmitidis	
Atethmiacentrago-988071-GCA905333075.3	GCA_905333075.3	988071	Atethmia	centrago	
Brachylomiaviminalis-988081-GCA937001585.2	GCA_937001585.2	988081	Brachylomia	viminalis	
Dryobotodeseremita-988106-GCA917490735.1	GCA_917490735.1	988106	Dryobotodes	eremita	
Gortynaflavago-988118-GCA963669345.1	GCA_963669345.1	988118	Gortyna	flavago	
Mormomaura-988133-GCA965196665.1	GCA_965196665.1	988133	Mormo	maura	
Parastichtissuspecta-988145-GCA964277095.1	GCA_964277095.1	988145	Parastichtis	suspecta	
Polymixisflavicincta-1870251-GCA949987655.1	GCA_949987655.1	1870251	Polymixis	flavicincta	
Polymixislichenea-1870252-GCA949091785.1	GCA_949091785.1	1870252	Polymixis	lichenea	
Tiliaceaaurago-988162-GCA948098905.1	GCA_948098905.1	988162	Tiliacea	aurago	
Tiliaceacitrago-988163-GCA963921375.1	GCA_963921375.1	988163	Tiliacea	citrago	
Mesoligiafuruncula-997551-GCA916614155.1	GCA_916614155.1	997551	Mesoligia	furuncula	
Panemeriatenebrata-938246-GCA965115895.1	GCA_965115895.1	938246	Panemeria	tenebrata	
Panemeriatenebrata-938246-GCA965115935.1	GCA_965115935.1	938246	Panemeria	tenebrata	
Subacronictamegacephala-1870728-GCA958496365.1	GCA_958496365.1	1870728	Subacronicta	megacephala	
Acronictarumicis-753146-GCA965234005.1	GCA_965234005.1	753146	Acronicta	rumicis	
Acronictaaceris-987859-GCA910591435.1	GCA_910591435.1	987859	Acronicta	aceris	
Acronictaalni-987860-GCA964056405.1	GCA_964056405.1	987860	Acronicta	alni	
Acronictaleporina-987862-GCA947256265.1	GCA_947256265.1	987862	Acronicta	leporina	
Acronictapsi-987865-GCA946251955.1	GCA_946251955.1	987865	Acronicta	psi	
Craniophorapontica-1754071-GCA965277945.1	GCA_965277945.1	1754071	Craniophora	pontica	
Craniophorapontica-1754071-GCA965277965.1	GCA_965277965.1	1754071	Craniophora	pontica	
Craniophoraligustri-938226-GCA905163465.1	GCA_905163465.1	938226	Craniophora	ligustri	
Momaalpium-997521-GCA965615795.1	GCA_965615795.1	997521	Moma	alpium	
Pyrrhiaumbra-753223-GCA963891755.1	GCA_963891755.1	753223	Pyrrhia	umbra	
Heliothispeltigera-542982-GCA958496145.1	GCA_958496145.1	542982	Heliothis	peltigera	
Helicoverpaarmigera-29058-GCA026262555.1	GCA_026262555.1	29058	Helicoverpa	armigera	
Helicoverpaarmigera-29058-GCA963930815.1	GCA_963930815.1	29058	Helicoverpa	armigera	
Helicoverpaarmigera-182075-GCA040954515.1	GCA_040954515.1	182075	Helicoverpa	armigera	
Helicoverpaassulta-52344-GCA029618815.1	GCA_029618815.1	52344	Helicoverpa	assulta	
Helicoverpaassulta-52344-GCA050947285.1	GCA_050947285.1	52344	Helicoverpa	assulta	
Helicoverpazea-7113-GCA022343045.1	GCA_022343045.1	7113	Helicoverpa	zea	
Hermonassacecilia-2673479-GCA050084585.1	GCA_050084585.1	2673479	Hermonassa	cecilia	
Globiasparganii-1660644-GCA949316385.1	GCA_949316385.1	1660644	Globia	sparganii	
Episemakorsakovi-1870626-GCA965183765.1	GCA_965183765.1	1870626	Episema	korsakovi	
Episematersa-3127327-GCA965212405.1	GCA_965212405.1	3127327	Episema	tersa	
Episematersa-3127327-GCA965212655.1	GCA_965212655.1	3127327	Episema	tersa	
Leucochlaenaoditis-1870664-GCA964656205.1	GCA_964656205.1	1870664	Leucochlaena	oditis	
Hydraeciamicacea-214171-GCA914767645.1	GCA_914767645.1	214171	Hydraecia	micacea	
Oligiafasciuncula-1870138-GCA963082905.1	GCA_963082905.1	1870138	Oligia	fasciuncula	
Oligialatruncula-988008-GCA948474745.1	GCA_948474745.1	988008	Oligia	latruncula	
Oligiastrigilis-988009-GCA951800025.1	GCA_951800025.1	988009	Oligia	strigilis	
Amphipoealucens-987875-GCA947508005.1	GCA_947508005.1	987875	Amphipoea	lucens	
Amphipoeaoculea-987876-GCA945859645.1	GCA_945859645.1	987876	Amphipoea	oculea	
Luperinanickerlii-882792-GCA963855955.1	GCA_963855955.1	882792	Luperina	nickerlii	
Luperinatestacea-988174-GCA927399505.1	GCA_927399505.1	988174	Luperina	testacea	
Apameasordens-689061-GCA945859715.1	GCA_945859715.1	689061	Apamea	sordens	
Apameacrenata-753153-GCA949629185.1	GCA_949629185.1	753153	Apamea	crenata	
Apameamonoglypha-875885-GCA911387795.2	GCA_911387795.2	875885	Apamea	monoglypha	
Apameaepomidion-987880-GCA947507525.1	GCA_947507525.1	987880	Apamea	epomidion	
Apamealithoxylaea-987881-GCA965234015.1	GCA_965234015.1	987881	Apamea	lithoxylaea	
Apameasublustris-987887-GCA964263905.1	GCA_964263905.1	987887	Apamea	sublustris	
Apameaanceps-997526-GCA951799955.1	GCA_951799955.1	997526	Apamea	anceps	
Mesapameasecalis-988129-GCA965117175.1	GCA_965117175.1	988129	Mesapamea	secalis	
Photedesminima-988148-GCA964662195.1	GCA_964662195.1	988148	Photedes	minima	
Rhizedralutosa-988156-GCA964504975.1	GCA_964504975.1	988156	Rhizedra	lutosa	
Anaplectoidesprasina-214030-GCA964194435.1	GCA_964194435.1	214030	Anaplectoides	prasina	
Euxoatemera-2561333-GCA965283285.1	GCA_965283285.1	2561333	Euxoa	temera	
Euxoatemera-2561333-GCA965283315.1	GCA_965283315.1	2561333	Euxoa	temera	
Euxoasegnilis-3373429-GCA965276465.1	GCA_965276465.1	3373429	Euxoa	segnilis	
Euxoasegnilis-3373429-GCA965276505.1	GCA_965276505.1	3373429	Euxoa	segnilis	
Noctuapronuba-214277-GCA905220335.1	GCA_905220335.1	214277	Noctua	pronuba	
Noctuafimbriata-753202-GCA905163415.1	GCA_905163415.1	753202	Noctua	fimbriata	
Noctuacomes-987992-GCA963082995.1	GCA_963082995.1	987992	Noctua	comes	
Noctuajanthe-987995-GCA910589295.1	GCA_910589295.1	987995	Noctua	janthe	
Noctuajanthina-987996-GCA963576755.1	GCA_963576755.1	987996	Noctua	janthina	
Ochropleuraleucogaster-1870131-GCA958449745.1	GCA_958449745.1	1870131	Ochropleura	leucogaster	
Ochropleuraplecta-320037-GCA905475445.1	GCA_905475445.1	320037	Ochropleura	plecta	
Peridromasaucia-244290-GCA966183875.1	GCA_966183875.1	244290	Peridroma	saucia	
Xestiacnigrum-987431-GCA916618015.1	GCA_916618015.1	987431	Xestia	cnigrum	
Xestiarhomboidea-987439-GCA963853795.1	GCA_963853795.1	987439	Xestia	rhomboidea	
Xestiaashworthii-988043-GCA950022955.1	GCA_950022955.1	988043	Xestia	ashworthii	
Xestiabaja-988044-GCA964341255.1	GCA_964341255.1	988044	Xestia	baja	
Xestiabaja-988044-GCA964341265.1	GCA_964341265.1	988044	Xestia	baja	
Xestiacastanea-988045-GCA965113115.1	GCA_965113115.1	988045	Xestia	castanea	
Xestiacastanea-988045-GCA965113175.1	GCA_965113175.1	988045	Xestia	castanea	
Xestiaxanthographa-988049-GCA905147715.2	GCA_905147715.2	988049	Xestia	xanthographa	
Xestiasexstrigata-997545-GCA941918905.2	GCA_941918905.2	997545	Xestia	sexstrigata	
Diarsiadahlii-1804828-GCA949775195.1	GCA_949775195.1	1804828	Diarsia	dahlii	
Diarsiabrunnea-987923-GCA949774965.1	GCA_949774965.1	987923	Diarsia	brunnea	
Diarsiamendica-987924-GCA949316265.1	GCA_949316265.1	987924	Diarsia	mendica	
Diarsiarubi-987925-GCA932274075.1	GCA_932274075.1	987925	Diarsia	rubi	
Agrotisputa-1857961-GCA943136025.2	GCA_943136025.2	1857961	Agrotis	puta	
Agrotisexclamationis-215162-GCA950005045.1	GCA_950005045.1	215162	Agrotis	exclamationis	
Agrotisipsilon-56364-GCA028554685.1	GCA_028554685.1	56364	Agrotis	ipsilon	
Agrotisclavis-997525-GCA954870645.1	GCA_954870645.1	997525	Agrotis	clavis	
Euroisocculta-987425-GCA950022335.1	GCA_950022335.1	987425	Eurois	occulta	
Graphiphoraaugur-688406-GCA965637095.1	GCA_965637095.1	688406	Graphiphora	augur	
Lycophotiaporphyrea-987975-GCA950005105.1	GCA_950005105.1	987975	Lycophotia	porphyrea	
Cerastisrubricosa-988089-GCA949152445.1	GCA_949152445.1	988089	Cerastis	rubricosa	
Cerastisleucographa-997530-GCA963082945.1	GCA_963082945.1	997530	Cerastis	leucographa	
Egiraconspicillaris-997535-GCA965112495.1	GCA_965112495.1	997535	Egira	conspicillaris	
Orthosiagothica-43337-GCA949775005.1	GCA_949775005.1	43337	Orthosia	gothica	
Orthosiacerasi-875886-GCA965111875.1	GCA_965111875.1	875886	Orthosia	cerasi	
Orthosiacruda-988010-GCA964057195.1	GCA_964057195.1	988010	Orthosia	cruda	
Orthosiacruda-988010-GCA964057205.1	GCA_964057205.1	988010	Orthosia	cruda	
Orthosiaincerta-988011-GCA948252205.1	GCA_948252205.1	988011	Orthosia	incerta	
Orthosiagracilis-997542-GCA947562075.1	GCA_947562075.1	997542	Orthosia	gracilis	
Athetislepigone-1223490-GCA033675125.1	GCA_033675125.1	1223490	Athetis	lepigone	
Caradrinaclavipalpis-987895-GCA932526535.1	GCA_932526535.1	987895	Caradrina	clavipalpis	
Caradrinakadenii-987896-GCA947462355.1	GCA_947462355.1	987896	Caradrina	kadenii	
Mythimnaunipuncta-103831-GCA964503205.1	GCA_964503205.1	103831	Mythimna	unipuncta	
Mythimnariparia-2567019-GCA964503575.1	GCA_964503575.1	2567019	Mythimna	riparia	
Mythimnaseparata-271217-GCA020882275.1	GCA_020882275.1	271217	Mythimna	separata	
Mythimnaseparata-271217-GCA026898235.1	GCA_026898235.1	271217	Mythimna	separata	
Mythimnaseparata-271217-GCA030763345.1	GCA_030763345.1	271217	Mythimna	separata	
Mythimnaseparata-271217-GCA048418785.1	GCA_048418785.1	271217	Mythimna	separata	
Mythimnalalbum-987427-GCA949319445.1	GCA_949319445.1	987427	Mythimna	lalbum	
Mythimnaalbipuncta-987983-GCA929112965.1	GCA_929112965.1	987983	Mythimna	albipuncta	
Mythimnaconigera-987984-GCA964503365.1	GCA_964503365.1	987984	Mythimna	conigera	
Mythimnaimpura-987985-GCA905147345.3	GCA_905147345.3	987985	Mythimna	impura	
Mythimnapallens-987986-GCA961205895.1	GCA_961205895.1	987986	Mythimna	pallens	
Mythimnavitellina-987991-GCA949316375.1	GCA_949316375.1	987991	Mythimna	vitellina	
Mythimnaferrago-997540-GCA910589285.2	GCA_910589285.2	997540	Mythimna	ferrago	
Leucaniacomma-987968-GCA958295575.1	GCA_958295575.1	987968	Leucania	comma	
Leucaniaobsoleta-987969-GCA965615905.1	GCA_965615905.1	987969	Leucania	obsoleta	
Hypparectilinea-987961-GCA951799385.1	GCA_951799385.1	987961	Hyppa	rectilinea	
Melanchrapersicariae-987979-GCA947386135.1	GCA_947386135.1	987979	Melanchra	persicariae	
Poliabombycina-988022-GCA964291845.1	GCA_964291845.1	988022	Polia	bombycina	
Polianebulosa-988024-GCA951329385.1	GCA_951329385.1	988024	Polia	nebulosa	
Saragossaporosa-3127332-GCA965194605.1	GCA_965194605.1	3127332	Saragossa	porosa	
Euplexialucipara-987933-GCA921972225.1	GCA_921972225.1	987933	Euplexia	lucipara	
Phlogophorameticulosa-875884-GCA905147745.2	GCA_905147745.2	875884	Phlogophora	meticulosa	
Mamestrabrassicae-55057-GCA905163435.1	GCA_905163435.1	55057	Mamestra	brassicae	
Anartastigmosa-1869462-GCA965178155.1	GCA_965178155.1	1869462	Anarta	stigmosa	
Hadenabicruris-987947-GCA965212325.1	GCA_965212325.1	987947	Hadena	bicruris	
Hadenacompta-987949-GCA965198765.1	GCA_965198765.1	987949	Hadena	compta	
Lacanobiablenna-1870024-GCA965260845.1	GCA_965260845.1	1870024	Lacanobia	blenna	
Lacanobiapraedita-3373428-GCA965277955.1	GCA_965277955.1	3373428	Lacanobia	praedita	
Lacanobiapraedita-3373428-GCA965278005.1	GCA_965278005.1	3373428	Lacanobia	praedita	
Lacanobiaoleracea-79499-GCA950371165.1	GCA_950371165.1	79499	Lacanobia	oleracea	
Lacanobiawlatinum-987426-GCA947578705.1	GCA_947578705.1	987426	Lacanobia	wlatinum	
Hadaplebeja-987945-GCA965152725.1	GCA_965152725.1	987945	Hada	plebeja	
Tholeradecimalis-988041-GCA943138885.2	GCA_943138885.2	988041	Tholera	decimalis	
Cerapteryxgraminis-980960-GCA965112785.1	GCA_965112785.1	980960	Cerapteryx	graminis	
Anorthoamunda-988060-GCA945859665.1	GCA_945859665.1	988060	Anorthoa	munda	
Ceramicapisi-988087-GCA963859965.1	GCA_963859965.1	988087	Ceramica	pisi	
Hecaterabicolorata-988124-GCA965226135.1	GCA_965226135.1	988124	Hecatera	bicolorata	
Hecateradysodea-988125-GCA905332915.2	GCA_905332915.2	988125	Hecatera	dysodea	
Panolisflammea-988141-GCA964261395.1	GCA_964261395.1	988141	Panolis	flammea	
Eugnorismaglareosa-988114-GCA947578425.1	GCA_947578425.1	988114	Eugnorisma	glareosa	
Standfussianalucernea-988158-GCA964057025.1	GCA_964057025.1	988158	Standfussiana	lucernea	
Sesamiainferens-492764-GCA035079275.1	GCA_035079275.1	492764	Sesamia	inferens	
Sesamiainferens-492764-GCA037179545.1	GCA_037179545.1	492764	Sesamia	inferens	
Xylocampaareola-1870430-GCA935421205.1	GCA_935421205.1	1870430	Xylocampa	areola	
Amphipyratragopoginis-689058-GCA905220435.1	GCA_905220435.1	689058	Amphipyra	tragopoginis	
Amphipyraberbera-987877-GCA910594945.2	GCA_910594945.2	987877	Amphipyra	berbera	
Elaphriavenustula-987930-GCA964656345.1	GCA_964656345.1	987930	Elaphria	venustula	
Spodopteraexigua-7107-GCA011316535.1	GCA_011316535.1	7107	Spodoptera	exigua	
Spodopteraexigua-7107-GCA022315195.1	GCA_022315195.1	7107	Spodoptera	exigua	
Spodopterafrugiperda-7108-GCA012979215.2	GCA_012979215.2	7108	Spodoptera	frugiperda	
Allophyesoxyacanthae-988056-GCA932294325.1	GCA_932294325.1	988056	Allophyes	oxyacanthae	
Asteroscopussphinx-988069-GCA949699075.1	GCA_949699075.1	988069	Asteroscopus	sphinx	
Polychrysiamoneta-1870248-GCA964276815.1	GCA_964276815.1	1870248	Polychrysia	moneta	
Diachrysiachrysitis-179674-GCA932294365.1	GCA_932294365.1	179674	Diachrysia	chrysitis	
Autographagamma-254363-GCA905146925.1	GCA_905146925.1	254363	Autographa	gamma	
Autographabractea-987891-GCA964264225.1	GCA_964264225.1	987891	Autographa	bractea	
Autographapulchrina-987893-GCA905475315.1	GCA_905475315.1	987893	Autographa	pulchrina	
Abrostolatriplasia-254365-GCA946251915.1	GCA_946251915.1	254365	Abrostola	triplasia	
Abrostolatripartita-938171-GCA905340225.1	GCA_905340225.1	938171	Abrostola	tripartita	
Ctenoplusiaagnata-254370-GCA041146325.1	GCA_041146325.1	254370	Ctenoplusia	agnata	
Macdunnoughiaconfusa-254380-GCA965154515.1	GCA_965154515.1	254380	Macdunnoughia	confusa	
Plusiafestucae-254382-GCA950381575.1	GCA_950381575.1	254382	Plusia	festucae	
Plusiaputnami-721895-GCA965282385.1	GCA_965282385.1	721895	Plusia	putnami	
Plusiaputnami-721895-GCA965282475.1	GCA_965282475.1	721895	Plusia	putnami	
Chrysodeixisincludens-689277-GCA941860345.1	GCA_941860345.1	689277	Chrysodeixis	includens	
Euchalciavariabilis-997517-GCA964260715.1	GCA_964260715.1	997517	Euchalcia	variabilis	
Xylenavetusta-988050-GCA965275965.1	GCA_965275965.1	988050	Xylena	vetusta	
Conistravaccinii-706635-GCA948150665.1	GCA_948150665.1	706635	Conistra	vaccinii	
Conistraligula-987905-GCA965278235.1	GCA_965278235.1	987905	Conistra	ligula	
Conistrarubiginosa-987906-GCA965663715.1	GCA_965663715.1	987906	Conistra	rubiginosa	
Lithophaneleautieri-1870035-GCA949152455.1	GCA_949152455.1	1870035	Lithophane	leautieri	
Lithophaneornitopus-987973-GCA948473465.1	GCA_948473465.1	987973	Lithophane	ornitopus	
Lithophanesemibrunnea-997537-GCA947363905.1	GCA_947363905.1	997537	Lithophane	semibrunnea	
Lithophanesocia-997538-GCA947522985.1	GCA_947522985.1	997538	Lithophane	socia	
Dasypoliatempli-987919-GCA963555695.1	GCA_963555695.1	987919	Dasypolia	templi	
Shargacuculliaprenanthis-987467-GCA964277625.1	GCA_964277625.1	987467	Shargacucullia	prenanthis	
Shargacuculliascrophulariae-987468-GCA964273835.1	GCA_964273835.1	987468	Shargacucullia	scrophulariae	
Shargacuculliaverbasci-987469-GCA947562105.1	GCA_947562105.1	987469	Shargacucullia	verbasci	
Colocasiacoryli-987903-GCA965285835.1	GCA_965285835.1	987903	Colocasia	coryli	
Calymmacommunimacula-3127325-GCA965194705.1	GCA_965194705.1	3127325	Calymma	communimacula	
Acontialucida-753144-GCA965285785.1	GCA_965285785.1	753144	Acontia	lucida	
Acontialucida-753144-GCA965285865.1	GCA_965285865.1	753144	Acontia	lucida	
Tarachidiacandefacta-56578-GCA965205195.1	GCA_965205195.1	56578	Tarachidia	candefacta	
Trisatelesemortualis-753441-GCA947095525.1	GCA_947095525.1	753441	Trisateles	emortualis	
Emmeliatrabealis-938230-GCA964291695.1	GCA_964291695.1	938230	Emmelia	trabealis	
Eublemmaostrina-1973540-GCA964604975.1	GCA_964604975.1	1973540	Eublemma	ostrina	
Lycaenathersamon-265360-GCA965194355.1	GCA_965194355.1	265360	Lycaena	thersamon	
Lycaenaalciphron-282377-GCA964273875.1	GCA_964273875.1	282377	Lycaena	alciphron	
Lycaenaphlaeas-282391-GCA905333005.2	GCA_905333005.2	282391	Lycaena	phlaeas	
Lycaenavirgaureae-282395-GCA964263885.1	GCA_964263885.1	282395	Lycaena	virgaureae	
Lycaenahippothoe-580924-GCA964264015.1	GCA_964264015.1	580924	Lycaena	hippothoe	
Helleiahelle-2795559-GCA964264505.1	GCA_964264505.1	2795559	Helleia	helle	
Agriadesoptilete-596771-GCA964273475.1	GCA_964273475.1	596771	Agriades	optilete	
Kretaniatrappi-2505780-GCA964264435.1	GCA_964264435.1	2505780	Kretania	trappi	
Lysandrabellargus-138070-GCA905333045.1	GCA_905333045.1	138070	Lysandra	bellargus	
Lysandracoridon-268709-GCA905220515.1	GCA_905220515.1	268709	Lysandra	coridon	
Lysandraalbicans-282008-GCA965112185.1	GCA_965112185.1	282008	Lysandra	albicans	
Lysandraalbicans-282008-GCA965112205.1	GCA_965112205.1	282008	Lysandra	albicans	
Cyanirissemiargus-988025-GCA905187585.1	GCA_905187585.1	988025	Cyaniris	semiargus	
Glaucopsychemelanops-1002887-GCA965178665.1	GCA_965178665.1	1002887	Glaucopsyche	melanops	
Glaucopsychealexis-203781-GCA905404095.1	GCA_905404095.1	203781	Glaucopsyche	alexis	
Lampidesboeticus-228011-GCA964656195.1	GCA_964656195.1	228011	Lampides	boeticus	
Plebejusargus-242267-GCA905404155.3	GCA_905404155.3	242267	Plebejus	argus	
Polyommatusszabokyi-2079168-GCA964271655.1	GCA_964271655.1	2079168	Polyommatus	szabokyi	
Polyommatusicarus-265386-GCA937595015.1	GCA_937595015.1	265386	Polyommatus	icarus	
Polyommatusiphigenia-268662-GCA963422495.1	GCA_963422495.1	268662	Polyommatus	iphigenia	
Polyommatusatlantica-712039-GCA965230855.1	GCA_965230855.1	712039	Polyommatus	atlantica	
Eumedoniaeumedon-282031-GCA964396525.1	GCA_964396525.1	282031	Eumedonia	eumedon	
Albulinaorbitula-689475-GCA964258695.1	GCA_964258695.1	689475	Albulina	orbitula	
Leptotespirithous-282318-GCA965112865.1	GCA_965112865.1	282318	Leptotes	pirithous	
Cupidoosiris-282382-GCA965112425.1	GCA_965112425.1	282382	Cupido	osiris	
Cupidominimus-596548-GCA965195375.1	GCA_965195375.1	596548	Cupido	minimus	
Cupidoargiades-596724-GCA964277285.1	GCA_964277285.1	596724	Cupido	argiades	
Cupidoalcetas-876058-GCA964656375.1	GCA_964656375.1	876058	Cupido	alcetas	
Iolanadebilitata-1678388-GCA965112825.1	GCA_965112825.1	1678388	Iolana	debilitata	
Phengarisarion-203779-GCA963565745.1	GCA_963565745.1	203779	Phengaris	arion	
Scolitantidesorion-301177-GCA964345685.1	GCA_964345685.1	301177	Scolitantides	orion	
Celastrinaargiolus-203782-GCA905187575.2	GCA_905187575.2	203782	Celastrina	argiolus	
Ariciamorronensis-1107572-GCA964338945.1	GCA_964338945.1	1107572	Aricia	morronensis	
Ariciacramera-282009-GCA964341205.1	GCA_964341205.1	282009	Aricia	cramera	
Aricianicias-689501-GCA964270965.2	GCA_964270965.2	689501	Aricia	nicias	
Aricianicias-689501-GCA964271005.2	GCA_964271005.2	689501	Aricia	nicias	
Ariciaartaxerxes-91738-GCA937612035.1	GCA_937612035.1	91738	Aricia	artaxerxes	
Ariciaagestis-91739-GCA944452695.1	GCA_944452695.1	91739	Aricia	agestis	
Hypaurotisquercus-116135-GCA964662265.1	GCA_964662265.1	116135	Hypaurotis	quercus	
Hypaurotisquercus-116135-GCA964662285.1	GCA_964662285.1	116135	Hypaurotis	quercus	
Laeosopisroboris-1107672-GCA964417165.1	GCA_964417165.1	1107672	Laeosopis	roboris	
Callophrysavis-700180-GCA965178315.1	GCA_965178315.1	700180	Callophrys	avis	
Satyriumilicis-876074-GCA965178345.1	GCA_965178345.1	876074	Satyrium	ilicis	
Satyriumpruni-876075-GCA964274205.1	GCA_964274205.1	876075	Satyrium	pruni	
Tomaresballus-1107738-GCA965153325.1	GCA_965153325.1	1107738	Tomares	ballus	
Limenitisreducta-191421-GCA964271765.1	GCA_964271765.1	191421	Limenitis	reducta	
Limenitispopuli-227535-GCA964341245.1	GCA_964341245.1	227535	Limenitis	populi	
Limenitiscamilla-270466-GCA905147385.1	GCA_905147385.1	270466	Limenitis	camilla	
Melinaeamenophilus-304554-GCA965113245.1	GCA_965113245.1	304554	Melinaea	menophilus	
Melinaeamenophilus-304554-GCA965113255.1	GCA_965113255.1	304554	Melinaea	menophilus	
Melinaeamenophilus-331302-GCA918358695.1	GCA_918358695.1	331302	Melinaea	menophilus	
Melinaeamenophilus-331302-GCA918361105.3	GCA_918361105.3	331302	Melinaea	menophilus	
Melinaeamarsaeus-331333-GCA918358865.2	GCA_918358865.2	331333	Melinaea	marsaeus	
Melinaeamarsaeus-331333-GCA918361175.3	GCA_918361175.3	331333	Melinaea	marsaeus	
Melinaeaisocomma-331327-GCA965282635.1	GCA_965282635.1	331327	Melinaea	isocomma	
Melinaeaisocomma-331327-GCA965282685.1	GCA_965282685.1	331327	Melinaea	isocomma	
Melinaealudovica-331329-GCA965234865.1	GCA_965234865.1	331329	Melinaea	ludovica	
Melinaealudovica-331329-GCA965234875.1	GCA_965234875.1	331329	Melinaea	ludovica	
Melinaeamothone-331331-GCA965197325.1	GCA_965197325.1	331331	Melinaea	mothone	
Melinaeamothone-331331-GCA965197345.1	GCA_965197345.1	331331	Melinaea	mothone	
Scadazemira-2578226-GCA964345855.1	GCA_964345855.1	2578226	Scada	zemira	
Scadazemira-2578226-GCA964346835.1	GCA_964346835.1	2578226	Scada	zemira	
Mechanitispolymnia-127245-GCA965197355.1	GCA_965197355.1	127245	Mechanitis	polymnia	
Mechanitispolymnia-127245-GCA965197365.1	GCA_965197365.1	127245	Mechanitis	polymnia	
Mechanitismessenoides-2578229-GCA959347415.1	GCA_959347415.1	2578229	Mechanitis	messenoides	
Mechanitislysimnia-471059-GCA965118075.1	GCA_965118075.1	471059	Mechanitis	lysimnia	
Mechanitislysimnia-471059-GCA965118085.1	GCA_965118085.1	471059	Mechanitis	lysimnia	
Mechanitislysimnia-651044-GCA965612265.1	GCA_965612265.1	651044	Mechanitis	lysimnia	
Mechanitislysimnia-651044-GCA965612315.1	GCA_965612315.1	651044	Mechanitis	lysimnia	
Mechanitismazaeus-471061-GCA959347365.2	GCA_959347365.2	471061	Mechanitis	mazaeus	
Mechanitismazaeus-471061-GCA959347395.1	GCA_959347395.1	471061	Mechanitis	mazaeus	
Mechanitismenapis-651059-GCA965234935.1	GCA_965234935.1	651059	Mechanitis	menapis	
Napeogenesinachia-331285-GCA959347355.2	GCA_959347355.2	331285	Napeogenes	inachia	
Napeogenesinachia-331285-GCA959347435.2	GCA_959347435.2	331285	Napeogenes	inachia	
Napeogenessylphis-331344-GCA959347325.2	GCA_959347325.2	331344	Napeogenes	sylphis	
Napeogenessylphis-331344-GCA959347405.2	GCA_959347405.2	331344	Napeogenes	sylphis	
Dircennaloreta-1349872-GCA963555665.1	GCA_963555665.1	1349872	Dircenna	loreta	
Boloriaaquilonaris-405021-GCA964270775.1	GCA_964270775.1	405021	Boloria	aquilonaris	
Boloriaeunomia-405022-GCA966096485.1	GCA_966096485.1	405022	Boloria	eunomia	
Boloriaeuphrosyne-405023-GCA951802675.2	GCA_951802675.2	405023	Boloria	euphrosyne	
Boloriapales-405024-GCA964275235.1	GCA_964275235.1	405024	Boloria	pales	
Boloriaselene-191398-GCA905231865.2	GCA_905231865.2	191398	Boloria	selene	
Boloriadia-596532-GCA964264805.1	GCA_964264805.1	596532	Boloria	dia	
Boloriafreija-596533-GCA964273495.1	GCA_964273495.1	596533	Boloria	freija	
Boloriafrigga-596534-GCA964273715.1	GCA_964273715.1	596534	Boloria	frigga	
Boloriatitania-596536-GCA964270595.1	GCA_964270595.1	596536	Boloria	titania	
Boloriathore-977896-GCA964338675.1	GCA_964338675.1	977896	Boloria	thore	
Boloriacaucasica-995051-GCA964332085.1	GCA_964332085.1	995051	Boloria	caucasica	
Issorialathonia-171587-GCA964270575.1	GCA_964270575.1	171587	Issoria	lathonia	
Argynnispaphia-171802-GCA964264515.1	GCA_964264515.1	171802	Argynnis	paphia	
Argynnispandora-405018-GCA964340695.1	GCA_964340695.1	405018	Argynnis	pandora	
Argynnisbischoffii-2798589-GCA033884665.1	GCA_033884665.1	2798589	Argynnis	bischoffii	
Brenthisdaphne-405032-GCA947093115.1	GCA_947093115.1	405032	Brenthis	daphne	
Brenthishecate-405033-GCA951806755.1	GCA_951806755.1	405033	Brenthis	hecate	
Fabricianaadippe-405009-GCA905404265.1	GCA_905404265.1	405009	Fabriciana	adippe	
Heliconiuscongener-33422-GCA964144555.1	GCA_964144555.1	33422	Heliconius	congener	
Heliconiuscongener-33422-GCA964146825.1	GCA_964146825.1	33422	Heliconius	congener	
Heliconiussapho-33433-GCA964147245.1	GCA_964147245.1	33433	Heliconius	sapho	
Heliconiussapho-33433-GCA964194475.1	GCA_964194475.1	33433	Heliconius	sapho	
Heliconiuscharithonia-33434-GCA030704555.1	GCA_030704555.1	33434	Heliconius	charithonia	
Heliconiusantiochus-33435-GCA964145975.1	GCA_964145975.1	33435	Heliconius	antiochus	
Heliconiussara-33443-GCA917862395.2	GCA_917862395.2	33443	Heliconius	sara	
Eueidesisabella-33448-GCA019049475.1	GCA_019049475.1	33448	Eueides	isabella	
Dryasiulia-2752932-GCA019049465.1	GCA_019049465.1	2752932	Dryas	iulia	
Araschnialevana-171575-GCA964258735.1	GCA_964258735.1	171575	Araschnia	levana	
Vanessacardui-171605-GCA905220365.2	GCA_905220365.2	171605	Vanessa	cardui	
Vanessatameamea-334116-GCA037043175.1	GCA_037043175.1	334116	Vanessa	tameamea	
Nymphalisurticae-111881-GCA905147175.2	GCA_905147175.2	111881	Nymphalis	urticae	
Nymphaliscalbum-929971-GCA963151315.1	GCA_963151315.1	929971	Nymphalis	calbum	
Nymphalispolychloros-171594-GCA905220585.2	GCA_905220585.2	171594	Nymphalis	polychloros	
Nymphalisantiopa-171592-GCA964258955.1	GCA_964258955.1	171592	Nymphalis	antiopa	
Euphydryasaurinia-104503-GCA965226145.1	GCA_965226145.1	104503	Euphydryas	aurinia	
Euphydryascynthia-104506-GCA964274225.1	GCA_964274225.1	104506	Euphydryas	cynthia	
Euphydryasdesfontainii-104507-GCA964277145.1	GCA_964277145.1	104507	Euphydryas	desfontainii	
Melitaeadidyma-104515-GCA965194455.1	GCA_965194455.1	104515	Melitaea	didyma	
Melitaeacinxia-113334-GCA022372475.1	GCA_022372475.1	113334	Melitaea	cinxia	
Melitaeadiamina-113337-GCA964264535.1	GCA_964264535.1	113337	Melitaea	diamina	
Melitaeaphoebe-113342-GCA964274925.1	GCA_964274925.1	113342	Melitaea	phoebe	
Melitaeatrivia-113345-GCA964306785.1	GCA_964306785.1	113345	Melitaea	trivia	
Melitaeainterrupta-130817-GCA964288815.1	GCA_964288815.1	130817	Melitaea	interrupta	
Melitaeanevadensis-2494361-GCA964306245.1	GCA_964306245.1	2494361	Melitaea	nevadensis	
Melitaeapseudornata-2904454-GCA964305695.1	GCA_964305695.1	2904454	Melitaea	pseudornata	
Melitaeaathalia-113330-GCA905220545.2	GCA_905220545.2	113330	Melitaea	athalia	
Melitaeadeione-113335-GCA964304785.1	GCA_964304785.1	113335	Melitaea	deione	
Melitaeaparthenoides-113340-GCA964261285.1	GCA_964261285.1	113340	Melitaea	parthenoides	
Melitaeavaria-113346-GCA964261405.1	GCA_964261405.1	113346	Melitaea	varia	
Melitaeaaurelia-2716722-GCA964265045.1	GCA_964265045.1	2716722	Melitaea	aurelia	
Charaxesjasius-658804-GCA965212305.1	GCA_965212305.1	658804	Charaxes	jasius	
Coenonymphaarcania-111894-GCA036785405.1	GCA_036785405.1	111894	Coenonympha	arcania	
Coenonymphaarcania-111894-GCA964275175.1	GCA_964275175.1	111894	Coenonympha	arcania	
Coenonymphadorus-111896-GCA964275305.1	GCA_964275305.1	111896	Coenonympha	dorus	
Coenonymphaglycerion-242261-GCA963855885.1	GCA_963855885.1	242261	Coenonympha	glycerion	
Coenonymphadarwiniana-2505772-GCA964270855.1	GCA_964270855.1	2505772	Coenonympha	darwiniana	
Coenonymphagardetta-554481-GCA964258855.1	GCA_964258855.1	554481	Coenonympha	gardetta	
Coenonymphaoedippus-554486-GCA964304575.1	GCA_964304575.1	554486	Coenonympha	oedippus	
Maniolabathseba-2795562-GCA964656085.1	GCA_964656085.1	2795562	Maniola	bathseba	
Maniolatithonus-2795565-GCA965117215.1	GCA_965117215.1	2795565	Maniola	tithonus	
Cercyonislupina-2599366-GCA965213455.1	GCA_965213455.1	2599366	Cercyonis	lupina	
Cercyonislycaon-3038947-GCA964270755.1	GCA_964270755.1	3038947	Cercyonis	lycaon	
Melanargiagalathea-111923-GCA920104075.1	GCA_920104075.1	111923	Melanargia	galathea	
Melanargialachesis-111924-GCA964338655.1	GCA_964338655.1	111924	Melanargia	lachesis	
Melanargiarussiae-111925-GCA964273825.1	GCA_964273825.1	111925	Melanargia	russiae	
Melanargiaines-679095-GCA964186415.1	GCA_964186415.1	679095	Melanargia	ines	
Oeneisjutta-328893-GCA964276505.1	GCA_964276505.1	328893	Oeneis	jutta	
Brintesiacirce-111891-GCA964290925.1	GCA_964290925.1	111891	Brintesia	circe	
Hipparchiafagi-111910-GCA964396745.1	GCA_964396745.1	111910	Hipparchia	fagi	
Hipparchiasemele-111912-GCA933228805.2	GCA_933228805.2	111912	Hipparchia	semele	
Hipparchiagenava-2505778-GCA964264285.1	GCA_964264285.1	2505778	Hipparchia	genava	
Hipparchiasbordonii-2599364-GCA038048805.1	GCA_038048805.1	2599364	Hipparchia	sbordonii	
Hipparchiamaderensis-2744210-GCA966190265.1	GCA_966190265.1	2744210	Hipparchia	maderensis	
Hipparchiasyriaca-876061-GCA965112445.1	GCA_965112445.1	876061	Hipparchia	syriaca	
Satyrusactaea-111940-GCA965194555.1	GCA_965194555.1	111940	Satyrus	actaea	
Satyrusferula-111941-GCA964290905.1	GCA_964290905.1	111941	Satyrus	ferula	
Minoisaurata-3143474-GCA046119125.1	GCA_046119125.1	3143474	Minois	aurata	
Mycalesismineus-441995-GCA034621355.1	GCA_034621355.1	441995	Mycalesis	mineus	
Lasiommatamaera-111916-GCA964264045.1	GCA_964264045.1	111916	Lasiommata	maera	
Lasiommatamegera-111917-GCA928268935.1	GCA_928268935.1	111917	Lasiommata	megera	
Lasiommatapetropolitana-111918-GCA964261845.1	GCA_964261845.1	111918	Lasiommata	petropolitana	
Lasiommataparamegaera-2494358-GCA964656145.1	GCA_964656145.1	2494358	Lasiommata	paramegaera	
Parargexiphia-111933-GCA964330365.1	GCA_964330365.1	111933	Pararge	xiphia	
Erebialigea-111903-GCA917051295.2	GCA_917051295.2	111903	Erebia	ligea	
Erebiameolans-111904-GCA964271795.1	GCA_964271795.1	111904	Erebia	meolans	
Erebiamontana-111905-GCA964260675.1	GCA_964260675.1	111905	Erebia	montana	
Erebiapharte-111906-GCA965112705.1	GCA_965112705.1	111906	Erebia	pharte	
Erebiaeriphyle-1660629-GCA964260725.1	GCA_964260725.1	1660629	Erebia	eriphyle	
Erebiamelampus-1660630-GCA964261625.1	GCA_964261625.1	1660630	Erebia	melampus	
Erebiadisa-1664817-GCA964271725.1	GCA_964271725.1	1664817	Erebia	disa	
Erebiamelancholica-1664830-GCA964304705.1	GCA_964304705.1	1664830	Erebia	melancholica	
Erebiapalarica-191414-GCA964035005.2	GCA_964035005.2	191414	Erebia	palarica	
Erebiachristi-2057221-GCA964264545.1	GCA_964264545.1	2057221	Erebia	christi	
Erebiaembla-2057223-GCA964271835.1	GCA_964271835.1	2057223	Erebia	embla	
Erebiastirius-2057229-GCA964264005.1	GCA_964264005.1	2057229	Erebia	stirius	
Erebiatriaria-242256-GCA964166005.1	GCA_964166005.1	242256	Erebia	triaria	
Erebiaepiphron-242257-GCA963932025.1	GCA_963932025.1	242257	Erebia	epiphron	
Erebiaoeme-242259-GCA964277275.1	GCA_964277275.1	242259	Erebia	oeme	
Erebiaoeme-242259-GCA964277325.1	GCA_964277325.1	242259	Erebia	oeme	
Erebiagorge-242260-GCA964277375.1	GCA_964277375.1	242260	Erebia	gorge	
Erebiagorge-242260-GCA964277455.1	GCA_964277455.1	242260	Erebia	gorge	
Erebiabubastis-2505774-GCA964270845.1	GCA_964270845.1	2505774	Erebia	bubastis	
Erebiaalbergana-2599362-GCA964188065.1	GCA_964188065.1	2599362	Erebia	albergana	
Erebiaaethiops-447833-GCA923060345.2	GCA_923060345.2	447833	Erebia	aethiops	
Erebiamedusa-447850-GCA964187935.1	GCA_964187935.1	447850	Erebia	medusa	
Erebiamnestra-468186-GCA964260655.1	GCA_964260655.1	468186	Erebia	mnestra	
Erebiarondoui-468190-GCA964332105.1	GCA_964332105.1	468190	Erebia	rondoui	
Erebiamanto-598736-GCA964656315.1	GCA_964656315.1	598736	Erebia	manto	
Erebiapronoe-598737-GCA965113275.1	GCA_965113275.1	598737	Erebia	pronoe	
Erebiasudetica-876060-GCA965637005.1	GCA_965637005.1	876060	Erebia	sudetica	
Erebiasudetica-876060-GCA965637145.1	GCA_965637145.1	876060	Erebia	sudetica	
Hestinaassimilis-378390-GCA023373885.1	GCA_023373885.1	378390	Hestina	assimilis	
Leptideasinapis-189913-GCA905404315.1	GCA_905404315.1	189913	Leptidea	sinapis	
Aporiacrataegi-129397-GCA912999735.1	GCA_912999735.1	129397	Aporia	crataegi	
Leptophobiaaripa-320235-GCA951799465.1	GCA_951799465.1	320235	Leptophobia	aripa	
Pontiaedusa-345723-GCA965196675.1	GCA_965196675.1	345723	Pontia	edusa	
Pierisnapi-78633-GCA905231885.1	GCA_905231885.1	78633	Pieris	napi	
Pierismannii-876065-GCA028984075.1	GCA_028984075.1	876065	Pieris	mannii	
Pierismannii-876065-GCA029001895.1	GCA_029001895.1	876065	Pieris	mannii	
Anthochariseuphenoides-1107568-GCA965113005.1	GCA_965113005.1	1107568	Anthocharis	euphenoides	
Anthochariscardamines-227532-GCA905404175.1	GCA_905404175.1	227532	Anthocharis	cardamines	
Euchloetagis-415341-GCA964277245.1	GCA_964277245.1	415341	Euchloe	tagis	
Euchloebelemia-535715-GCA964340465.1	GCA_964340465.1	535715	Euchloe	belemia	
Euchloebelemia-535715-GCA964340475.1	GCA_964340475.1	535715	Euchloe	belemia	
Euchloeinsularis-547581-GCA964605045.1	GCA_964605045.1	547581	Euchloe	insularis	
Euchloesimplonia-547582-GCA964265075.1	GCA_964265075.1	547582	Euchloe	simplonia	
Colotisevagore-943180-GCA964332265.1	GCA_964332265.1	943180	Colotis	evagore	
Coliasthisoa-596544-GCA964275215.1	GCA_964275215.1	596544	Colias	thisoa	
Coliaserate-72852-GCA965153205.1	GCA_965153205.1	72852	Colias	erate	
Coliashyale-78615-GCA964258725.1	GCA_964258725.1	78615	Colias	hyale	
Coliaspalaeno-78620-GCA964258765.1	GCA_964258765.1	78620	Colias	palaeno	
Coliasphicomone-78622-GCA964270545.1	GCA_964270545.1	78622	Colias	phicomone	
Coliassareptensis-876052-GCA964374355.1	GCA_964374355.1	876052	Colias	sareptensis	
Euremadaira-72257-GCA965240345.1	GCA_965240345.1	72257	Eurema	daira	
Gonepteryxrhamni-78609-GCA965217435.1	GCA_965217435.1	78609	Gonepteryx	rhamni	
Graphiumeurypylus-157375-GCA040363725.1	GCA_040363725.1	157375	Graphium	eurypylus	
Graphiumcloanthus-157381-GCA040363735.1	GCA_040363735.1	157381	Graphium	cloanthus	
Graphiumsarpedon-76205-GCA040363715.1	GCA_040363715.1	76205	Graphium	sarpedon	
Papilioelwesi-534389-GCA029641285.1	GCA_029641285.1	534389	Papilio	elwesi	
Papilioelwesi-534389-GCA029849275.1	GCA_029849275.1	534389	Papilio	elwesi	
Papilioxuthus-66420-GCA036365505.1	GCA_036365505.1	66420	Papilio	xuthus	
Papiliobianor-76199-GCA040363705.1	GCA_040363705.1	76199	Papilio	bianor	
Troidesaeacus-501369-GCA033220335.2	GCA_033220335.2	501369	Troides	aeacus	
Zerynthiarumina-132710-GCA965178335.1	GCA_965178335.1	132710	Zerynthia	rumina	
Cataclystalemnata-1594245-GCA963931975.1	GCA_963931975.1	1594245	Cataclysta	lemnata	
Acentriaephemerella-1666818-GCA943193645.1	GCA_943193645.1	1666818	Acentria	ephemerella	
Parapoynxstratiotata-1594321-GCA910589355.1	GCA_910589355.1	1594321	Parapoynx	stratiotata	
Elophilanymphaeata-753177-GCA955850985.1	GCA_955850985.1	753177	Elophila	nymphaeata	
Nymphulanitidulata-1594316-GCA947347705.1	GCA_947347705.1	1594316	Nymphula	nitidulata	
Evergestisextimalis-1869931-GCA965663735.1	GCA_965663735.1	1869931	Evergestis	extimalis	
Musotimanitidalis-753371-GCA949126915.1	GCA_949126915.1	753371	Musotima	nitidalis	
Eudoniadelunella-1100990-GCA964655575.1	GCA_964655575.1	1100990	Eudonia	delunella	
Eudonialacustrata-1100991-GCA947562085.1	GCA_947562085.1	1100991	Eudonia	lacustrata	
Eudoniamercurella-1100992-GCA963082485.2	GCA_963082485.2	1100992	Eudonia	mercurella	
Eudoniaangustea-1498833-GCA964502725.1	GCA_964502725.1	1498833	Eudonia	angustea	
Eudoniamurana-1594301-GCA964468265.1	GCA_964468265.1	1594301	Eudonia	murana	
Eudoniamurana-1594301-GCA964468325.1	GCA_964468325.1	1594301	Eudonia	murana	
Eudoniapallida-1660724-GCA964340885.1	GCA_964340885.1	1660724	Eudonia	pallida	
Eudoniapallida-1660724-GCA964340915.1	GCA_964340915.1	1660724	Eudonia	pallida	
Eudoniatruncicolella-753179-GCA949315975.1	GCA_949315975.1	753179	Eudonia	truncicolella	
Scopariaambigualis-1594341-GCA963921215.1	GCA_963921215.1	1594341	Scoparia	ambigualis	
Scopariapyralella-1594343-GCA965234025.1	GCA_965234025.1	1594343	Scoparia	pyralella	
Ostrinianubilalis-29057-GCA041684095.1	GCA_041684095.1	29057	Ostrinia	nubilalis	
Ostrinianubilalis-29057-GCA043791035.1	GCA_043791035.1	29057	Ostrinia	nubilalis	
Ostrinianubilalis-29057-GCA043791265.1	GCA_043791265.1	29057	Ostrinia	nubilalis	
Ostrinianubilalis-29057-GCA043791335.1	GCA_043791335.1	29057	Ostrinia	nubilalis	
Ostriniafurnacalis-93504-GCA038426615.1	GCA_038426615.1	93504	Ostrinia	furnacalis	
Ostriniafurnacalis-93504-GCA041937195.1	GCA_041937195.1	93504	Ostrinia	furnacalis	
Ostriniafurnacalis-93504-GCA047663685.1	GCA_047663685.1	93504	Ostrinia	furnacalis	
Marasmiaexigua-1555629-GCA019059595.1	GCA_019059595.1	1555629	Marasmia	exigua	
Cnaphalocrocismedinalis-437488-GCA014851415.1	GCA_014851415.1	437488	Cnaphalocrocis	medinalis	
Loxostegesticticalis-481309-GCA965233915.1	GCA_965233915.1	481309	Loxostege	sticticalis	
Loxostegesticticalis-481309-GCA965233925.1	GCA_965233925.1	481309	Loxostege	sticticalis	
Ananiacrocealis-1100908-GCA949315895.1	GCA_949315895.1	1100908	Anania	crocealis	
Ananiafuscalis-1100909-GCA950371115.1	GCA_950371115.1	1100909	Anania	fuscalis	
Ananiacoronata-1107567-GCA965111815.1	GCA_965111815.1	1107567	Anania	coronata	
Ananiahortulata-1594229-GCA963576865.1	GCA_963576865.1	1594229	Anania	hortulata	
Ananiaterrealis-1594231-GCA966184285.1	GCA_966184285.1	1594231	Anania	terrealis	
Eumorphobotysobscuralis-2078669-GCA048418795.1	GCA_048418795.1	2078669	Eumorphobotys	obscuralis	
Paratalantahyalinalis-1594322-GCA964340875.1	GCA_964340875.1	1594322	Paratalanta	hyalinalis	
Paratalantahyalinalis-1594322-GCA964340925.1	GCA_964340925.1	1594322	Paratalanta	hyalinalis	
Pyraustacingulata-1101043-GCA964340805.1	GCA_964340805.1	1101043	Pyrausta	cingulata	
Pyraustapurpuralis-1101044-GCA963924145.1	GCA_963924145.1	1101044	Pyrausta	purpuralis	
Pyraustadespicata-1281420-GCA963921415.1	GCA_963921415.1	1281420	Pyrausta	despicata	
Pyraustaaurata-1594338-GCA963584085.1	GCA_963584085.1	1594338	Pyrausta	aurata	
Pyraustanigrata-1660681-GCA949316185.1	GCA_949316185.1	1660681	Pyrausta	nigrata	
Calamotrophapaludella-1371681-GCA927399485.1	GCA_927399485.1	1371681	Calamotropha	paludella	
Chilosuppressalis-168631-GCA049244795.1	GCA_049244795.1	168631	Chilo	suppressalis	
Angustaliusmalacellus-2231905-GCA964639005.1	GCA_964639005.1	2231905	Angustalius	malacellus	
Agriphilainquinatella-1100907-GCA964059425.1	GCA_964059425.1	1100907	Agriphila	inquinatella	
Agriphilatristella-1594226-GCA928269145.1	GCA_928269145.1	1594226	Agriphila	tristella	
Agriphilageniculea-1660579-GCA943789525.1	GCA_943789525.1	1660579	Agriphila	geniculea	
Agriphilastraminella-572809-GCA950108535.1	GCA_950108535.1	572809	Agriphila	straminella	
Catoptriapinella-1100938-GCA963556745.1	GCA_963556745.1	1100938	Catoptria	pinella	
Catoptriafurcatella-1241338-GCA966095715.1	GCA_966095715.1	1241338	Catoptria	furcatella	
Catoptriafurcatella-1241338-GCA966096585.1	GCA_966096585.1	1241338	Catoptria	furcatella	
Chrysoteuchiaculmella-1594250-GCA910589605.1	GCA_910589605.1	1594250	Chrysoteuchia	culmella	
Crambuslathoniellus-1100958-GCA949710035.1	GCA_949710035.1	1100958	Crambus	lathoniellus	
Crambusalienellus-1195448-GCA965614505.1	GCA_965614505.1	1195448	Crambus	alienellus	
Crambusalienellus-1195448-GCA965614525.1	GCA_965614525.1	1195448	Crambus	alienellus	
Crambuspratella-1594261-GCA965267255.1	GCA_965267255.1	1594261	Crambus	pratella	
Crambuspratella-1594261-GCA965267545.1	GCA_965267545.1	1594261	Crambus	pratella	
Crambuspascuella-989760-GCA964341515.1	GCA_964341515.1	989760	Crambus	pascuella	
Crambuspascuella-989760-GCA964341525.1	GCA_964341525.1	989760	Crambus	pascuella	
Pediasiacontaminella-1870169-GCA965113085.1	GCA_965113085.1	1870169	Pediasia	contaminella	
Conogethespunctiferalis-1133088-GCA031163375.1	GCA_031163375.1	1133088	Conogethes	punctiferalis	
Dolicharthriapunctalis-1858011-GCA965194675.1	GCA_965194675.1	1858011	Dolicharthria	punctalis	
Glyphodesperspectalis-1078807-GCA045371335.1	GCA_045371335.1	1078807	Glyphodes	perspectalis	
Glyphodesperspectalis-1078807-GCA951394215.1	GCA_951394215.1	1078807	Glyphodes	perspectalis	
Glyphodespyloalis-1242752-GCA037074685.2	GCA_037074685.2	1242752	Glyphodes	pyloalis	
Marucavitrata-497515-GCA039566165.1	GCA_039566165.1	497515	Maruca	vitrata	
Udeadecrepitalis-1002951-GCA965642495.1	GCA_965642495.1	1002951	Udea	decrepitalis	
Udeaferrugalis-1002954-GCA950022985.1	GCA_950022985.1	1002954	Udea	ferrugalis	
Udeahamalis-1002957-GCA966184525.1	GCA_966184525.1	1002957	Udea	hamalis	
Udeainquinatalis-1002960-GCA965607565.1	GCA_965607565.1	1002960	Udea	inquinatalis	
Udealutealis-1002964-GCA966183945.1	GCA_966183945.1	1002964	Udea	lutealis	
Udealutealis-1002964-GCA966184595.1	GCA_966184595.1	1002964	Udea	lutealis	
Udeanumeralis-1002969-GCA964340995.1	GCA_964340995.1	1002969	Udea	numeralis	
Udeaolivalis-1002971-GCA947369235.1	GCA_947369235.1	1002971	Udea	olivalis	
Agroteranemoralis-1003001-GCA964374225.1	GCA_964374225.1	1003001	Agrotera	nemoralis	
Duponcheliafovealis-1970904-GCA964277135.1	GCA_964277135.1	1970904	Duponchelia	fovealis	
Mecynaflavalis-1502335-GCA949319885.1	GCA_949319885.1	1502335	Mecyna	flavalis	
Nomophilanoctuella-1209556-GCA958496325.1	GCA_958496325.1	1209556	Nomophila	noctuella	
Omiodesindicata-1140935-GCA050947735.1	GCA_050947735.1	1140935	Omiodes	indicata	
Parotischlorochroalis-3139894-GCA047302205.1	GCA_047302205.1	3139894	Parotis	chlorochroalis	
Scirpophagaincertulas-72366-GCA036419045.1	GCA_036419045.1	72366	Scirpophaga	incertulas	
Schoenobiusgigantellus-753421-GCA963935595.1	GCA_963935595.1	753421	Schoenobius	gigantellus	
Synaphepunctalis-1003005-GCA965276045.1	GCA_965276045.1	1003005	Synaphe	punctalis	
Synaphepunctalis-1003005-GCA965276545.1	GCA_965276545.1	1003005	Synaphe	punctalis	
Endotrichaflammealis-1101095-GCA905163395.2	GCA_905163395.2	1101095	Endotricha	flammealis	
Hypsopygiacostalis-1101110-GCA937001555.2	GCA_937001555.2	1101110	Hypsopygia	costalis	
Hypsopygiarubidalis-1101112-GCA965279805.1	GCA_965279805.1	1101112	Hypsopygia	rubidalis	
Hypsopygiarubidalis-1101112-GCA965279855.1	GCA_965279855.1	1101112	Hypsopygia	rubidalis	
Pyralisregalis-1101041-GCA965194485.1	GCA_965194485.1	1101041	Pyralis	regalis	
Pyralisfarinalis-687122-GCA947507595.1	GCA_947507595.1	687122	Pyralis	farinalis	
Corcyracephalonica-139036-GCA040436485.1	GCA_040436485.1	139036	Corcyra	cephalonica	
Aphomiasociella-688398-GCA965363045.1	GCA_965363045.1	688398	Aphomia	sociella	
Galleriamellonella-7137-GCA958496185.1	GCA_958496185.1	7137	Galleria	mellonella	
Euzopherapinguis-1366396-GCA947363495.1	GCA_947363495.1	1366396	Euzophera	pinguis	
Laodamiafaecella-1101119-GCA965605735.1	GCA_965605735.1	1101119	Laodamia	faecella	
Laodamiafaecella-1101119-GCA965605845.1	GCA_965605845.1	1101119	Laodamia	faecella	
Phycitaroborella-1101143-GCA964059365.1	GCA_964059365.1	1101143	Phycita	roborella	
Elegiasimilella-1101167-GCA947532085.1	GCA_947532085.1	1101167	Elegia	similella	
Anerastialotella-1666820-GCA964291865.1	GCA_964291865.1	1666820	Anerastia	lotella	
Pempeliapalumbella-1870687-GCA964656165.1	GCA_964656165.1	1870687	Pempelia	palumbella	
Pempeliapalumbella-1870687-GCA964656235.1	GCA_964656235.1	1870687	Pempelia	palumbella	
Rhodophaeaformosa-1870710-GCA963082605.1	GCA_963082605.1	1870710	Rhodophaea	formosa	
Dioryctriamendacella-500707-GCA964374295.1	GCA_964374295.1	500707	Dioryctria	mendacella	
Phycitodesalbatella-1858059-GCA966185185.1	GCA_966185185.1	1858059	Phycitodes	albatella	
Homoeosomasinuella-2561392-GCA964340625.1	GCA_964340625.1	2561392	Homoeosoma	sinuella	
Acrobasisconsociella-1100900-GCA963555685.1	GCA_963555685.1	1100900	Acrobasis	consociella	
Acrobasisrepandana-1100902-GCA963576875.1	GCA_963576875.1	1100902	Acrobasis	repandana	
Acrobasissuavella-1857951-GCA943193695.1	GCA_943193695.1	1857951	Acrobasis	suavella	
Zophodiagrossulariella-687150-GCA965234155.1	GCA_965234155.1	687150	Zophodia	grossulariella	
Zophodiagrossulariella-687150-GCA965234215.1	GCA_965234215.1	687150	Zophodia	grossulariella	
Ephestiaelutella-1373157-GCA018467065.1	GCA_018467065.1	1373157	Ephestia	elutella	
Apomyeloisbistriatella-1666458-GCA947044815.1	GCA_947044815.1	1666458	Apomyelois	bistriatella	
Spicaudasimplicius-3056719-GCA949699795.1	GCA_949699795.1	3056719	Spicauda	simplicius	
Carterocephaluspalaemon-218720-GCA944567765.1	GCA_944567765.1	218720	Carterocephalus	palaemon	
Carterocephalussilvicola-218722-GCA964340745.1	GCA_964340745.1	218722	Carterocephalus	silvicola	
Gegenesnostrodamus-1107782-GCA964291895.1	GCA_964291895.1	1107782	Gegenes	nostrodamus	
Hesperiacomma-291688-GCA905404135.1	GCA_905404135.1	291688	Hesperia	comma	
Ochlodessylvanus-3126489-GCA905404295.2	GCA_905404295.2	3126489	Ochlodes	sylvanus	
Thymelicuslineola-218773-GCA963932265.1	GCA_963932265.1	218773	Thymelicus	lineola	
Thymelicussylvestris-272628-GCA911387775.1	GCA_911387775.1	272628	Thymelicus	sylvestris	
Thymelicusacteon-876078-GCA951805285.1	GCA_951805285.1	876078	Thymelicus	acteon	
Pyrgusmalvoides-1107715-GCA964264845.1	GCA_964264845.1	1107715	Pyrgus	malvoides	
Pyrgusonopordi-1107716-GCA965433945.1	GCA_965433945.1	1107716	Pyrgus	onopordi	
Pyrgusserratulae-1107717-GCA964397965.1	GCA_964397965.1	1107717	Pyrgus	serratulae	
Pyrgusserratulae-1107717-GCA964416965.1	GCA_964416965.1	1107717	Pyrgus	serratulae	
Pyrguscentaureae-1666702-GCA964275275.1	GCA_964275275.1	1666702	Pyrgus	centaureae	
Pyrgusmalvae-218760-GCA911387765.1	GCA_911387765.1	218760	Pyrgus	malvae	
Pyrguscarlinae-2505785-GCA964276835.1	GCA_964276835.1	2505785	Pyrgus	carlinae	
Pyrgusalveus-876067-GCA964263985.1	GCA_964263985.1	876067	Pyrgus	alveus	
Pyrguscacaliae-876070-GCA964261425.1	GCA_964261425.1	876070	Pyrgus	cacaliae	
Pyrguscarthami-876071-GCA965111795.1	GCA_965111795.1	876071	Pyrgus	carthami	
Pyrgussidae-876072-GCA964340865.1	GCA_964340865.1	876072	Pyrgus	sidae	
Carcharodusalceae-509358-GCA964261735.1	GCA_964261735.1	509358	Carcharodus	alceae	
Spialiarosae-1873866-GCA964288835.1	GCA_964288835.1	1873866	Spialia	rosae	
Spialiasertorius-509483-GCA964258965.1	GCA_964258965.1	509483	Spialia	sertorius	
Spialiaorbifer-876077-GCA965433205.1	GCA_965433205.1	876077	Spialia	orbifer	
Spialiaorbifer-876077-GCA965434095.1	GCA_965434095.1	876077	Spialia	orbifer	
Erynnistages-520884-GCA905147235.1	GCA_905147235.1	520884	Erynnis	tages	
Muschampiaproto-1107688-GCA964304755.1	GCA_964304755.1	1107688	Muschampia	proto	
Muschampiabaetica-2705571-GCA965200415.1	GCA_965200415.1	2705571	Muschampia	baetica	
Idaeaaversata-104447-GCA907269075.1	GCA_907269075.1	104447	Idaea	aversata	
Idaeabiselata-104448-GCA958496205.1	GCA_958496205.1	104448	Idaea	biselata	
Idaeastraminata-104449-GCA951213275.1	GCA_951213275.1	104449	Idaea	straminata	
Idaearufaria-1441559-GCA965202865.1	GCA_965202865.1	1441559	Idaea	rufaria	
Idaeasubsericeata-1441563-GCA964659525.1	GCA_964659525.1	1441563	Idaea	subsericeata	
Idaeatrigeminata-1441566-GCA964276605.1	GCA_964276605.1	1441566	Idaea	trigeminata	
Idaeadegeneraria-190350-GCA964341475.1	GCA_964341475.1	190350	Idaea	degeneraria	
Idaeaseriata-190354-GCA965250435.1	GCA_965250435.1	190354	Idaea	seriata	
Idaeadimidiata-572776-GCA949358125.1	GCA_949358125.1	572776	Idaea	dimidiata	
Cyclophorapunctaria-310442-GCA951394245.1	GCA_951394245.1	310442	Cyclophora	punctaria	
Cyclophoraalbipunctata-505405-GCA963082685.1	GCA_963082685.1	505405	Cyclophora	albipunctata	
Cyclophoralinearia-934830-GCA965112375.1	GCA_965112375.1	934830	Cyclophora	linearia	
Timandracomae-190366-GCA958496195.1	GCA_958496195.1	190366	Timandra	comae	
Rhodometrasacraria-305969-GCA964632735.1	GCA_964632735.1	305969	Rhodometra	sacraria	
Operophterabrumata-104452-GCA932527175.1	GCA_932527175.1	104452	Operophtera	brumata	
Ecliptoperasilaceata-104457-GCA932527185.1	GCA_932527185.1	104457	Ecliptopera	silaceata	
Hydriomenafurcata-104460-GCA912999785.1	GCA_912999785.1	104460	Hydriomena	furcata	
Hydriomenaruberata-934870-GCA964270535.1	GCA_964270535.1	934870	Hydriomena	ruberata	
Epirritachristyi-247947-GCA951392215.1	GCA_951392215.1	247947	Epirrita	christyi	
Earophilabadiata-1178261-GCA964276565.1	GCA_964276565.1	1178261	Earophila	badiata	
Chloroclystisvata-190337-GCA963691955.1	GCA_963691955.1	190337	Chloroclystis	vata	
Epirrhoealternata-190347-GCA963565295.1	GCA_963565295.1	190347	Epirrhoe	alternata	
Epirrhoealternata-190347-GCA965614545.1	GCA_965614545.1	190347	Epirrhoe	alternata	
Epirrhoealternata-190347-GCA965614555.1	GCA_965614555.1	190347	Epirrhoe	alternata	
Epirrhoetristata-934838-GCA951394285.1	GCA_951394285.1	934838	Epirrhoe	tristata	
Xanthorhoeannotinata-1241361-GCA965663695.1	GCA_965663695.1	1241361	Xanthorhoe	annotinata	
Xanthorhoeferrugata-190369-GCA965225905.1	GCA_965225905.1	190369	Xanthorhoe	ferrugata	
Xanthorhoedesignata-934901-GCA963582015.1	GCA_963582015.1	934901	Xanthorhoe	designata	
Xanthorhoemontanata-934903-GCA964187945.1	GCA_964187945.1	934903	Xanthorhoe	montanata	
Xanthorhoespadicearia-934904-GCA947086425.1	GCA_947086425.1	934904	Xanthorhoe	spadicearia	
Eulithistestata-326959-GCA947507515.1	GCA_947507515.1	326959	Eulithis	testata	
Eulithisprunata-934839-GCA918843925.1	GCA_918843925.1	934839	Eulithis	prunata	
Eupitheciaphoeniceata-1869911-GCA964204885.1	GCA_964204885.1	1869911	Eupithecia	phoeniceata	
Eupitheciasubfuscata-216862-GCA963564075.1	GCA_963564075.1	216862	Eupithecia	subfuscata	
Eupithecialinariata-873508-GCA964340575.1	GCA_964340575.1	873508	Eupithecia	linariata	
Eupitheciaabbreviata-934840-GCA943735965.1	GCA_943735965.1	934840	Eupithecia	abbreviata	
Eupitheciaabsinthiata-934841-GCA964503905.1	GCA_964503905.1	934841	Eupithecia	absinthiata	
Eupitheciaabsinthiata-934841-GCA964503985.1	GCA_964503985.1	934841	Eupithecia	absinthiata	
Eupitheciacentaureata-934844-GCA944547425.1	GCA_944547425.1	934844	Eupithecia	centaureata	
Eupitheciadodoneata-934845-GCA947044415.1	GCA_947044415.1	934845	Eupithecia	dodoneata	
Eupitheciaexiguata-934847-GCA947086465.1	GCA_947086465.1	934847	Eupithecia	exiguata	
Eupitheciahaworthiata-934850-GCA964291785.1	GCA_964291785.1	934850	Eupithecia	haworthiata	
Eupitheciainturbata-934853-GCA963662085.1	GCA_963662085.1	934853	Eupithecia	inturbata	
Eupitheciatripunctaria-934860-GCA955876795.1	GCA_955876795.1	934860	Eupithecia	tripunctaria	
Eupitheciavulgata-934866-GCA946478455.1	GCA_946478455.1	934866	Eupithecia	vulgata	
Eupitheciainsigniata-986977-GCA947859395.1	GCA_947859395.1	986977	Eupithecia	insigniata	
Eupitheciapulchellata-986980-GCA963931895.1	GCA_963931895.1	986980	Eupithecia	pulchellata	
Eupitheciasemigraphata-986981-GCA964277175.1	GCA_964277175.1	986981	Eupithecia	semigraphata	
Eupitheciasubumbrata-986984-GCA949316285.1	GCA_949316285.1	986984	Eupithecia	subumbrata	
Lobophorahalterata-934876-GCA932526365.1	GCA_932526365.1	934876	Lobophora	halterata	
Chloroclystasiterata-934828-GCA932294275.1	GCA_932294275.1	934828	Chloroclysta	siterata	
Euphyiaunangulata-216870-GCA965152665.1	GCA_965152665.1	216870	Euphyia	unangulata	
Euphyiaunangulata-216870-GCA965152695.1	GCA_965152695.1	216870	Euphyia	unangulata	
Perizomadidymatum-326946-GCA964340725.1	GCA_964340725.1	326946	Perizoma	didymatum	
Perizomaaffinitatum-934816-GCA961405105.1	GCA_961405105.1	934816	Perizoma	affinitatum	
Perizomablandiatum-934818-GCA964188255.1	GCA_964188255.1	934818	Perizoma	blandiatum	
Perizomaflavofasciatum-934819-GCA958496245.1	GCA_958496245.1	934819	Perizoma	flavofasciatum	
Euchoecanebulata-326953-GCA964638615.1	GCA_964638615.1	326953	Euchoeca	nebulata	
Therafirmata-326957-GCA964188155.1	GCA_964188155.1	326957	Thera	firmata	
Therajuniperata-689108-GCA964194115.1	GCA_964194115.1	689108	Thera	juniperata	
Theraobeliscata-934896-GCA947578465.1	GCA_947578465.1	934896	Thera	obeliscata	
Therabritannica-987013-GCA939531255.2	GCA_939531255.2	987013	Thera	britannica	
Scotopteryxchenopodiata-326962-GCA964291035.1	GCA_964291035.1	326962	Scotopteryx	chenopodiata	
Scotopteryxbipunctaria-987009-GCA949320045.1	GCA_949320045.1	987009	Scotopteryx	bipunctaria	
Trichopteryxcarpinata-505408-GCA964341415.1	GCA_964341415.1	505408	Trichopteryx	carpinata	
Lythriapurpuraria-505419-GCA964503375.1	GCA_964503375.1	505419	Lythria	purpuraria	
Pasiphilarectangulata-572874-GCA963082625.1	GCA_963082625.1	572874	Pasiphila	rectangulata	
Rheumapteraundulata-572890-GCA964235345.1	GCA_964235345.1	572890	Rheumaptera	undulata	
Rheumapterahastata-691601-GCA964273775.1	GCA_964273775.1	691601	Rheumaptera	hastata	
Venusiacambrica-572911-GCA951394065.1	GCA_951394065.1	572911	Venusia	cambrica	
Carsiasororiata-685404-GCA964340635.1	GCA_964340635.1	685404	Carsia	sororiata	
Horismevitalbata-934869-GCA951804965.1	GCA_951804965.1	934869	Horisme	vitalbata	
Horismetersata-986989-GCA964341575.1	GCA_964341575.1	986989	Horisme	tersata	
Anticleaderivata-934824-GCA947579855.1	GCA_947579855.1	934824	Anticlea	derivata	
Acasisviretata-934820-GCA965285885.1	GCA_965285885.1	934820	Acasis	viretata	
Larentiamalvata-1870028-GCA964374235.1	GCA_964374235.1	1870028	Larentia	malvata	
Larentiaclavaria-753357-GCA965117235.1	GCA_965117235.1	753357	Larentia	clavaria	
Phileremetransversata-873512-GCA963924445.1	GCA_963924445.1	873512	Philereme	transversata	
Phileremevetulata-934888-GCA918857605.2	GCA_918857605.2	934888	Philereme	vetulata	
Camptogrammabilineatum-934908-GCA958496255.1	GCA_958496255.1	934908	Camptogramma	bilineatum	
Aploceraefformata-934917-GCA921293045.1	GCA_921293045.1	934917	Aplocera	efformata	
Aplocerapraeformata-934918-GCA964260645.1	GCA_964260645.1	934918	Aplocera	praeformata	
Aploceraplagiata-942218-GCA965199025.1	GCA_965199025.1	942218	Aplocera	plagiata	
Catarhoecuculata-934923-GCA964341365.1	GCA_964341365.1	934923	Catarhoe	cuculata	
Chesiaslegatella-934925-GCA947359385.1	GCA_947359385.1	934925	Chesias	legatella	
Cidariafulvata-934927-GCA964340525.1	GCA_964340525.1	934927	Cidaria	fulvata	
Colostygiamultistrigaria-1869728-GCA965278185.1	GCA_965278185.1	1869728	Colostygia	multistrigaria	
Colostygiapectinataria-934931-GCA951394395.1	GCA_951394395.1	934931	Colostygia	pectinataria	
Cosmorhoeocellata-934934-GCA963675405.1	GCA_963675405.1	934934	Cosmorhoe	ocellata	
Electrophaescorylata-934936-GCA947095575.1	GCA_947095575.1	934936	Electrophaes	corylata	
Gandaritispyraliata-934938-GCA947859175.1	GCA_947859175.1	934938	Gandaritis	pyraliata	
Gymnoscelisrufifasciata-934940-GCA929108375.1	GCA_929108375.1	934940	Gymnoscelis	rufifasciata	
Lampropteryxsuffumata-934945-GCA948098915.1	GCA_948098915.1	934945	Lampropteryx	suffumata	
Melanthiaprocellata-934947-GCA965152645.1	GCA_965152645.1	934947	Melanthia	procellata	
Odeziaatrata-934953-GCA965140225.1	GCA_965140225.1	934953	Odezia	atrata	
Plemyriarubiginata-934957-GCA963576535.1	GCA_963576535.1	934957	Plemyria	rubiginata	
Triphosadubitata-934961-GCA965247275.1	GCA_965247275.1	934961	Triphosa	dubitata	
Triphosadubitata-934961-GCA965247765.1	GCA_965247765.1	934961	Triphosa	dubitata	
Pterapherapteryxsexalata-987030-GCA964204945.1	GCA_964204945.1	987030	Pterapherapteryx	sexalata	
Microloxiaherbaria-1441571-GCA965154585.1	GCA_965154585.1	1441571	Microloxia	herbaria	
Jodisputata-104463-GCA964273755.1	GCA_964273755.1	104463	Jodis	putata	
Jodislactearia-934874-GCA964656515.1	GCA_964656515.1	934874	Jodis	lactearia	
Jodislactearia-934874-GCA964656555.1	GCA_964656555.1	934874	Jodis	lactearia	
Chlorissacloraria-986954-GCA965788885.1	GCA_965788885.1	986954	Chlorissa	cloraria	
Comibaenabajularia-986958-GCA965153335.1	GCA_965153335.1	986958	Comibaena	bajularia	
Hemitheaaestivaria-572857-GCA947507615.1	GCA_947507615.1	572857	Hemithea	aestivaria	
Hemistolachrysoprasaria-934942-GCA947063395.1	GCA_947063395.1	934942	Hemistola	chrysoprasaria	
Pseudoterpnacoronillaria-1007376-GCA965178385.1	GCA_965178385.1	1007376	Pseudoterpna	coronillaria	
Alsophilaaescularia-104486-GCA946251855.1	GCA_946251855.1	104486	Alsophila	aescularia	
Colotoispennaria-104470-GCA964258875.1	GCA_964258875.1	104470	Colotois	pennaria	
Erannisdefoliaria-104474-GCA905404285.2	GCA_905404285.2	104474	Erannis	defoliaria	
Agriopisaurantiaria-104476-GCA914767915.1	GCA_914767915.1	104476	Agriopis	aurantiaria	
Agriopismarginaria-190331-GCA932305915.1	GCA_932305915.1	190331	Agriopis	marginaria	
Agriopisleucophaearia-934821-GCA949125355.1	GCA_949125355.1	934821	Agriopis	leucophaearia	
Lyciahirtaria-326963-GCA947563715.1	GCA_947563715.1	326963	Lycia	hirtaria	
Alcisrepandata-174269-GCA949125135.1	GCA_949125135.1	174269	Alcis	repandata	
Charissaobscurata-204503-GCA965178735.1	GCA_965178735.1	204503	Charissa	obscurata	
Perconiastrigillaria-1870689-GCA964304455.1	GCA_964304455.1	1870689	Perconia	strigillaria	
Peribatodesrhomboidaria-190356-GCA911728515.1	GCA_911728515.1	190356	Peribatodes	rhomboidaria	
Peribatodesrhomboidaria-190356-GCA965614365.1	GCA_965614365.1	190356	Peribatodes	rhomboidaria	
Peribatodesrhomboidaria-190356-GCA965614375.1	GCA_965614375.1	190356	Peribatodes	rhomboidaria	
Sionalineata-190364-GCA964270865.1	GCA_964270865.1	190364	Siona	lineata	
Glaciesalpinata-206174-GCA964264065.1	GCA_964264065.1	206174	Glacies	alpinata	
Ennomosfuscantarius-722662-GCA905220475.3	GCA_905220475.3	722662	Ennomos	fuscantarius	
Ennomosquercinarius-875883-GCA910589525.2	GCA_910589525.2	875883	Ennomos	quercinarius	
Ennomoserosarius-934814-GCA963580505.1	GCA_963580505.1	934814	Ennomos	erosarius	
Lomographabimaculata-393326-GCA948107665.1	GCA_948107665.1	393326	Lomographa	bimaculata	
Lomographatemerata-934877-GCA964199915.1	GCA_964199915.1	934877	Lomographa	temerata	
Aethalurapunctulata-722655-GCA964276425.1	GCA_964276425.1	722655	Aethalura	punctulata	
Ectropisgrisescens-1530245-GCA017562165.1	GCA_017562165.1	1530245	Ectropis	grisescens	
Ectropiscrepuscularia-572747-GCA963693475.1	GCA_963693475.1	572747	Ectropis	crepuscularia	
Chiasmiaclathrata-722671-GCA964234795.1	GCA_964234795.1	722671	Chiasmia	clathrata	
Apocheimahispidaria-722657-GCA947579745.1	GCA_947579745.1	722657	Apocheima	hispidaria	
Phthonandriaatrilineata-339843-GCA046203345.1	GCA_046203345.1	339843	Phthonandria	atrilineata	
Abraxassylvata-190335-GCA964187985.1	GCA_964187985.1	190335	Abraxas	sylvata	
Angeronaprunaria-722656-GCA965612255.1	GCA_965612255.1	722656	Angerona	prunaria	
Angeronaprunaria-722656-GCA965612305.1	GCA_965612305.1	722656	Angerona	prunaria	
Caberapusaria-722659-GCA954871355.1	GCA_954871355.1	722659	Cabera	pusaria	
Caberaexanthemata-934826-GCA964340555.1	GCA_964340555.1	934826	Cabera	exanthemata	
Macariabrunneata-685373-GCA964197775.1	GCA_964197775.1	685373	Macaria	brunneata	
Macarianotata-688445-GCA927399415.1	GCA_927399415.1	688445	Macaria	notata	
Macariaalternata-934878-GCA964662155.1	GCA_964662155.1	934878	Macaria	alternata	
Macariaalternata-934878-GCA964662175.1	GCA_964662175.1	934878	Macaria	alternata	
Macarialiturata-934879-GCA964023185.2	GCA_964023185.2	934879	Macaria	liturata	
Hypomecisatomaria-2876618-GCA964007245.1	GCA_964007245.1	2876618	Hypomecis	atomaria	
Hypomecispunctinalis-439567-GCA949316475.1	GCA_949316475.1	439567	Hypomecis	punctinalis	
Seleniadentaria-934894-GCA917880725.1	GCA_917880725.1	934894	Selenia	dentaria	
Petrophorachlorosata-875879-GCA951640565.1	GCA_951640565.1	875879	Petrophora	chlorosata	
Odontoperabidentata-875882-GCA965234205.1	GCA_965234205.1	875882	Odontopera	bidentata	
Ligdiaadustata-934875-GCA947049295.1	GCA_947049295.1	934875	Ligdia	adustata	
Artioraevonymaria-3127794-GCA965278135.1	GCA_965278135.1	3127794	Artiora	evonymaria	
Artioraevonymaria-3127794-GCA965278245.1	GCA_965278245.1	3127794	Artiora	evonymaria	
Crocalliselinguaria-934829-GCA907269065.1	GCA_907269065.1	934829	Crocallis	elinguaria	
Epionerepandaria-934834-GCA964204675.1	GCA_964204675.1	934834	Epione	repandaria	
Isturgiamurinaria-1870017-GCA965113015.1	GCA_965113015.1	1870017	Isturgia	murinaria	
Narragatessularia-2890795-GCA965279385.1	GCA_965279385.1	2890795	Narraga	tessularia	
Opisthograptisluteolata-934882-GCA931315375.2	GCA_931315375.2	934882	Opisthograptis	luteolata	
Pachycnemiahippocastanaria-934884-GCA964502765.1	GCA_964502765.1	934884	Pachycnemia	hippocastanaria	
Pachycnemiahippocastanaria-934884-GCA964503185.1	GCA_964503185.1	934884	Pachycnemia	hippocastanaria	
Paradarisaconsonaria-722667-GCA964656105.1	GCA_964656105.1	722667	Paradarisa	consonaria	
Paradarisaconsonaria-722667-GCA964656215.1	GCA_964656215.1	722667	Paradarisa	consonaria	
Parectropissimilaria-934885-GCA964276655.1	GCA_964276655.1	934885	Parectropis	similaria	
Pseudopantheramacularia-1007708-GCA964260665.1	GCA_964260665.1	1007708	Pseudopanthera	macularia	
Hylaeafasciaria-722673-GCA905147375.1	GCA_905147375.1	722673	Hylaea	fasciaria	
Bistonstratarius-722658-GCA950106695.1	GCA_950106695.1	722658	Biston	stratarius	
Bistonbetularia-82595-GCA905404145.2	GCA_905404145.2	82595	Biston	betularia	
Campaeamargaritaria-934813-GCA912999815.1	GCA_912999815.1	934813	Campaea	margaritaria	
Plagodispulveraria-688490-GCA963890685.1	GCA_963890685.1	688490	Plagodis	pulveraria	
Plagodisdolabraria-934889-GCA963854805.1	GCA_963854805.1	934889	Plagodis	dolabraria	
Apeirasyringaria-934915-GCA934044485.1	GCA_934044485.1	934915	Apeira	syringaria	
Momphaepilobiella-1101020-GCA965637535.1	GCA_965637535.1	1101020	Mompha	epilobiella	
Momphasubbistrigella-1594371-GCA965198445.1	GCA_965198445.1	1594371	Mompha	subbistrigella	
Coleophoraflavipennella-1100951-GCA947284805.1	GCA_947284805.1	1100951	Coleophora	flavipennella	
Coleophoradeauratella-687026-GCA958295455.1	GCA_958295455.1	687026	Coleophora	deauratella	
Batrachedrapraeangusta-347710-GCA964656335.1	GCA_964656335.1	347710	Batrachedra	praeangusta	
Limnaeciaphragmitella-687102-GCA965195335.1	GCA_965195335.1	687102	Limnaecia	phragmitella	
Scythrisempetrella-1073593-GCA964340755.1	GCA_964340755.1	1073593	Scythris	empetrella	
Blastobasisadustella-1869501-GCA907269095.1	GCA_907269095.1	1869501	Blastobasis	adustella	
Blastobasislacticolella-2561016-GCA905147135.1	GCA_905147135.1	2561016	Blastobasis	lacticolella	
Diurnealipsiella-1594279-GCA964258865.1	GCA_964258865.1	1594279	Diurnea	lipsiella	
Diurneafagella-753308-GCA964059355.1	GCA_964059355.1	753308	Diurnea	fagella	
Agonopterixheracliana-1073575-GCA963693445.1	GCA_963693445.1	1073575	Agonopterix	heracliana	
Agonopterixarenella-1594222-GCA927399405.1	GCA_927399405.1	1594222	Agonopterix	arenella	
Agonopterixsubpropinquella-1857958-GCA922987775.1	GCA_922987775.1	1857958	Agonopterix	subpropinquella	
Agonopterixyeatiana-1857959-GCA965366125.1	GCA_965366125.1	1857959	Agonopterix	yeatiana	
Agonopterixyeatiana-1857959-GCA965366175.1	GCA_965366175.1	1857959	Agonopterix	yeatiana	
Agonopterixalstromeriana-1869417-GCA963924505.1	GCA_963924505.1	1869417	Agonopterix	alstromeriana	
Ethmiadodecea-1660634-GCA963855545.1	GCA_963855545.1	1660634	Ethmia	dodecea	
Carcinaquercana-116121-GCA910589575.2	GCA_910589575.2	116121	Carcina	quercana	
Platyedrasubcinerea-1660718-GCA964277305.1	GCA_964277305.1	1660718	Platyedra	subcinerea	
Bryotrophaterrella-1280429-GCA964059635.1	GCA_964059635.1	1280429	Bryotropha	terrella	
Bryotrophaaffinis-1857973-GCA965641975.1	GCA_965641975.1	1857973	Bryotropha	affinis	
Teleiodesluculella-1101163-GCA948473455.1	GCA_948473455.1	1101163	Teleiodes	luculella	
Teleiodesvulgella-1594352-GCA965178035.1	GCA_965178035.1	1594352	Teleiodes	vulgella	
Athripsmouffetella-1101086-GCA947532105.1	GCA_947532105.1	1101086	Athrips	mouffetella	
Mirificarmamulinella-2561510-GCA965195395.1	GCA_965195395.1	2561510	Mirificarma	mulinella	
Parachronistisalbiceps-1104519-GCA965204955.1	GCA_965204955.1	1104519	Parachronistis	albiceps	
Prolitasexpunctella-1195456-GCA965605755.1	GCA_965605755.1	1195456	Prolita	sexpunctella	
Prolitasexpunctella-1195456-GCA965605825.1	GCA_965605825.1	1195456	Prolita	sexpunctella	
Neofriseriapeliella-1588107-GCA966184385.1	GCA_966184385.1	1588107	Neofriseria	peliella	
Neofriseriapeliella-1588107-GCA966185165.1	GCA_966185165.1	1588107	Neofriseria	peliella	
Pseudotelphusascalella-1588108-GCA965154575.1	GCA_965154575.1	1588108	Pseudotelphusa	scalella	
Scrobipalpacostella-1858070-GCA949820665.1	GCA_949820665.1	1858070	Scrobipalpa	costella	
Scrobipalpaocellatella-2561724-GCA965112585.1	GCA_965112585.1	2561724	Scrobipalpa	ocellatella	
Carpatolechiafugitivella-687316-GCA951230895.1	GCA_951230895.1	687316	Carpatolechia	fugitivella	
Tutaabsoluta-702717-GCA029230345.1	GCA_029230345.1	702717	Tuta	absoluta	
Anarsiainnoxiella-2566270-GCA947563765.1	GCA_947563765.1	2566270	Anarsia	innoxiella	
Aproaeremataeniolella-2566309-GCA949987775.1	GCA_949987775.1	2566309	Aproaerema	taeniolella	
Nothrisverbascella-1280467-GCA965113045.1	GCA_965113045.1	1280467	Nothris	verbascella	
Brachmiablandella-1280453-GCA965199015.1	GCA_965199015.1	1280453	Brachmia	blandella	
Helcystogrammatriannulella-2727545-GCA051201365.1	GCA_051201365.1	2727545	Helcystogramma	triannulella	
Oegoconiaquadripuncta-347754-GCA949316235.1	GCA_949316235.1	347754	Oegoconia	quadripuncta	
Hofmannophilapseudospretella-572861-GCA947369225.1	GCA_947369225.1	572861	Hofmannophila	pseudospretella	
Stathmopodapedella-753230-GCA965279785.1	GCA_965279785.1	753230	Stathmopoda	pedella	
Stathmopodapedella-753230-GCA965279865.1	GCA_965279865.1	753230	Stathmopoda	pedella	
Denisiastipella-1100966-GCA965637195.1	GCA_965637195.1	1100966	Denisia	stipella	
Metalampraitalica-1101017-GCA949699065.1	GCA_949699065.1	1101017	Metalampra	italica	
Esperiasulphurella-2870497-GCA947086405.1	GCA_947086405.1	2870497	Esperia	sulphurella	
Tachystolaacroxantha-2561799-GCA963506565.1	GCA_963506565.1	2561799	Tachystola	acroxantha	
Atrijuglansaristata-2695169-GCA046579625.1	GCA_046579625.1	2695169	Atrijuglans	aristata	
Pseudoswammerdamiacombinella-1870704-GCA965234895.1	GCA_965234895.1	1870704	Pseudoswammerdamia	combinella	
Yponomeutaplumbellus-1594356-GCA947310845.1	GCA_947310845.1	1594356	Yponomeuta	plumbellus	
Yponomeutacagnagella-2567736-GCA947310995.1	GCA_947310995.1	2567736	Yponomeuta	cagnagella	
Yponomeutacagnagella-2567736-GCA947311075.1	GCA_947311075.1	2567736	Yponomeuta	cagnagella	
Yponomeutaevonymella-2567737-GCA963969515.1	GCA_963969515.1	2567737	Yponomeuta	evonymella	
Yponomeutasedellus-263933-GCA934045075.1	GCA_934045075.1	263933	Yponomeuta	sedellus	
Yponomeutamalinellus-33466-GCA947308005.1	GCA_947308005.1	33466	Yponomeuta	malinellus	
Zelleriahepariella-1594360-GCA949319315.1	GCA_949319315.1	1594360	Zelleria	hepariella	
Zelleriaoleastrella-2561853-GCA965260815.1	GCA_965260815.1	2561853	Zelleria	oleastrella	
Digitivalvapulicariae-2561220-GCA965363005.1	GCA_965363005.1	2561220	Digitivalva	pulicariae	
Plutellahyperboreella-1405359-GCA966184305.1	GCA_966184305.1	1405359	Plutella	hyperboreella	
Acrolepiopsisassectella-57686-GCA966185125.1	GCA_966185125.1	57686	Acrolepiopsis	assectella	
Lyonetiaclerkella-753195-GCA965226265.1	GCA_965226265.1	753195	Lyonetia	clerkella	
Argyresthiaalbistria-1492915-GCA963457715.1	GCA_963457715.1	1492915	Argyresthia	albistria	
Argyresthiacupressella-2979185-GCA964341315.1	GCA_964341315.1	2979185	Argyresthia	cupressella	
Argyresthiagoedartella-572725-GCA949825045.1	GCA_949825045.1	572725	Argyresthia	goedartella	
Ypsolophascabrella-1870435-GCA910592155.1	GCA_910592155.1	1870435	Ypsolopha	scabrella	
Ypsolophasequella-1870436-GCA934047225.1	GCA_934047225.1	1870436	Ypsolopha	sequella	
Glyphipterixthrasonella-1100998-GCA964188275.1	GCA_964188275.1	1100998	Glyphipterix	thrasonella	
Glyphipterixfuscoviridella-1869957-GCA964332205.1	GCA_964332205.1	1869957	Glyphipterix	fuscoviridella	
Bedelliasomnulentella-753282-GCA963576735.1	GCA_963576735.1	753282	Bedellia	somnulentella	
Bucculatrixthoracella-1100929-GCA965637495.1	GCA_965637495.1	1100929	Bucculatrix	thoracella	
Roeslerstammiaerxlebella-753225-GCA965637105.1	GCA_965637105.1	753225	Roeslerstammia	erxlebella	
Tineasemifulvella-1101063-GCA910589645.1	GCA_910589645.1	1101063	Tinea	semifulvella	
Tineatrinotella-1594354-GCA905220615.1	GCA_905220615.1	1594354	Tinea	trinotella	
Tineapellionella-41014-GCA948150575.1	GCA_948150575.1	41014	Tinea	pellionella	
Monopiscrocicapitella-1375242-GCA965113135.1	GCA_965113135.1	1375242	Monopis	crocicapitella	
Monopislaevigella-691988-GCA947359445.1	GCA_947359445.1	691988	Monopis	laevigella	
Monopislaevigella-691988-GCA947458855.1	GCA_947458855.1	691988	Monopis	laevigella	
Monopisweaverella-700104-GCA965226455.1	GCA_965226455.1	700104	Monopis	weaverella	
Tineolabisselliella-93883-GCA042254865.1	GCA_042254865.1	93883	Tineola	bisselliella	
Triaxomeraparasitella-1448927-GCA964656535.1	GCA_964656535.1	1448927	Triaxomera	parasitella	
Triaxomasiacaprimulgella-2878352-GCA965285915.1	GCA_965285915.1	2878352	Triaxomasia	caprimulgella	
Nemapogonruricolella-1104514-GCA965113025.1	GCA_965113025.1	1104514	Nemapogon	ruricolella	
Nemapogonruricolella-1104514-GCA965113035.1	GCA_965113035.1	1104514	Nemapogon	ruricolella	
Nemapogonkoenigi-3003482-GCA963924495.1	GCA_963924495.1	3003482	Nemapogon	koenigi	
Luffiaferchaultella-1870047-GCA949709985.1	GCA_949709985.1	1870047	Luffia	ferchaultella	
Pachytheliavillosella-1870146-GCA964291025.1	GCA_964291025.1	1870146	Pachythelia	villosella	
Taleporiatubulosa-753433-GCA964330275.1	GCA_964330275.1	753433	Taleporia	tubulosa	
Aspilapteryxtringipennella-1594445-GCA964188165.1	GCA_964188165.1	1594445	Aspilapteryx	tringipennella	
Euspilapteryxauroguttella-1594449-GCA951802225.1	GCA_951802225.1	1594449	Euspilapteryx	auroguttella	
Caloptiliarufipennella-1678910-GCA965641945.1	GCA_965641945.1	1678910	Caloptilia	rufipennella	
Caloptiliahemidactylella-1857976-GCA965267225.1	GCA_965267225.1	1857976	Caloptilia	hemidactylella	
Caloptiliahemidactylella-1857976-GCA965267235.1	GCA_965267235.1	1857976	Caloptilia	hemidactylella	
Gracillariasyringella-753336-GCA965641305.1	GCA_965641305.1	753336	Gracillaria	syringella	
Nemophorametallica-1594367-GCA964261965.1	GCA_964261965.1	1594367	Nemophora	metallica	
Cauchasfibulella-1100941-GCA965226335.1	GCA_965226335.1	1100941	Cauchas	fibulella	
Cauchasfibulella-1100941-GCA965226765.1	GCA_965226765.1	1100941	Cauchas	fibulella	
Cauchasrufimitrella-753286-GCA965201095.1	GCA_965201095.1	753286	Cauchas	rufimitrella	
Nematopogonswammerdamellus-753375-GCA946902875.1	GCA_946902875.1	753375	Nematopogon	swammerdamellus	
Incurvariamasculella-101737-GCA946894095.1	GCA_946894095.1	101737	Incurvaria	masculella	
Tischeriaekebladella-683971-GCA965234195.1	GCA_965234195.1	683971	Tischeria	ekebladella	
Ectoedemiadecentella-1070333-GCA964235475.1	GCA_964235475.1	1070333	Ectoedemia	decentella	
Mongoloraphidiaduomilia-3021590-GCA039654895.1	GCA_039654895.1	3021590	Mongoloraphidia	duomilia	
Xanthostigmaxanthostigma-887762-GCA963575645.1	GCA_963575645.1	887762	Xanthostigma	xanthostigma	
Acanthacorydalisorientalis-1449960-GCA034766995.1	GCA_034766995.1	1449960	Acanthacorydalis	orientalis	
Neoneuromusignobilis-1569773-GCA024320075.1	GCA_024320075.1	1569773	Neoneuromus	ignobilis	
Neoneuromusignobilis-1569773-GCA029203775.1	GCA_029203775.1	1569773	Neoneuromus	ignobilis	
Sialisfuliginosa-1230162-GCA961205875.1	GCA_961205875.1	1230162	Sialis	fuliginosa	
Sialislutaria-279420-GCA949319165.1	GCA_949319165.1	279420	Sialis	lutaria	
Sisyraterminalis-1560625-GCA958496175.1	GCA_958496175.1	1560625	Sisyra	terminalis	
Sisyranigra-279440-GCA958496155.1	GCA_958496155.1	279440	Sisyra	nigra	
Ninetaflava-1504853-GCA963920215.1	GCA_963920215.1	1504853	Nineta	flava	
Chrysopapallens-417485-GCA020423425.1	GCA_020423425.1	417485	Chrysopa	pallens	
Nothochrysacapitata-1504855-GCA965240235.1	GCA_965240235.1	1504855	Nothochrysa	capitata	
Scolopendracretica-1146903-GCA966189295.1	GCA_966189295.1	1146903	Scolopendra	cretica	
Strigamiaacuminata-1255758-GCA949358305.1	GCA_949358305.1	1255758	Strigamia	acuminata	
Lithobiusvariegatus-60158-GCA965125955.1	GCA_965125955.1	60158	Lithobius	variegatus	
Nanogonapolydesmoides-2794005-GCA965153395.1	GCA_965153395.1	2794005	Nanogona	polydesmoides	
Agaricogonopusacrotrifoliolatus-2968893-GCA052040765.1	GCA_052040765.1	2968893	Agaricogonopus	acrotrifoliolatus	
Cylindroiuluspunctatus-61981-GCA965125795.1	GCA_965125795.1	61981	Cylindroiulus	punctatus	
Choneiuluspalmatus-1008849-GCA965278725.1	GCA_965278725.1	1008849	Choneiulus	palmatus	
Carcinoscorpiusrotundicauda-6848-GCA011833715.1	GCA_011833715.1	6848	Carcinoscorpius	rotundicauda	
Limuluspolyphemus-6850-GCA047678235.1	GCA_047678235.1	6850	Limulus	polyphemus	
Tachypleusgigas-6852-GCA014155125.1	GCA_014155125.1	6852	Tachypleus	gigas	
Gluviadorsalis-62148-GCA964187665.1	GCA_964187665.1	62148	Gluvia	dorsalis	
Amilenusaurantiacus-1046855-GCA965233935.1	GCA_965233935.1	1046855	Amilenus	aurantiacus	
Odiellusspinosus-2803876-GCA963920705.1	GCA_963920705.1	2803876	Odiellus	spinosus	
Leiobunumsubalpinum-3086104-GCA965184155.1	GCA_965184155.1	3086104	Leiobunum	subalpinum	
Mastigoproctusgiganteus-58767-GCA048544385.1	GCA_048544385.1	58767	Mastigoproctus	giganteus	
Macrothelecretica-1518524-GCA964417605.1	GCA_964417605.1	1518524	Macrothele	cretica	
Macrotheleyani-2065426-GCA039090855.1	GCA_039090855.1	2065426	Macrothele	yani	
Chaetopelmalymberakisi-3034272-GCA964291345.1	GCA_964291345.1	3034272	Chaetopelma	lymberakisi	
Segestriasenoculata-1155756-GCA965642455.1	GCA_965642455.1	1155756	Segestria	senoculata	
Segestriasenoculata-1155756-GCA965642505.1	GCA_965642505.1	1155756	Segestria	senoculata	
Dysderatilosensis-119147-GCA051861875.1	GCA_051861875.1	119147	Dysdera	tilosensis	
Dysderacatalonica-3115679-GCA051861895.1	GCA_051861895.1	3115679	Dysdera	catalonica	
Stegodyphussarasinorum-1566146-GCA044658445.1	GCA_044658445.1	1566146	Stegodyphus	sarasinorum	
Stegodyphuslineatus-175341-GCA044657705.1	GCA_044657705.1	175341	Stegodyphus	lineatus	
Stegodyphustentoriicola-202532-GCA044658465.1	GCA_044658465.1	202532	Stegodyphus	tentoriicola	
Stegodyphusdumicola-202533-GCA044657685.1	GCA_044657685.1	202533	Stegodyphus	dumicola	
Stegodyphusbicolor-407819-GCA044657725.1	GCA_044657725.1	407819	Stegodyphus	bicolor	
Stegodyphusmimosarum-407821-GCA044660205.1	GCA_044660205.1	407821	Stegodyphus	mimosarum	
Octonobasinensis-198412-GCA038502835.1	GCA_038502835.1	198412	Octonoba	sinensis	
Pimoaclavata-430941-GCA051201355.1	GCA_051201355.1	430941	Pimoa	clavata	
Tetragnathamontana-500645-GCA963680715.1	GCA_963680715.1	500645	Tetragnatha	montana	
Metellinasegmentata-94026-GCA947359465.1	GCA_947359465.1	94026	Metellina	segmentata	
Metabourneti-1926196-GCA933210815.1	GCA_933210815.1	1926196	Meta	bourneti	
Parasteatodalunata-1871986-GCA949128135.1	GCA_949128135.1	1871986	Parasteatoda	lunata	
Latrodectushesperus-256737-GCA037975125.2	GCA_037975125.2	256737	Latrodectus	hesperus	
Latrodectuselegans-2857379-GCA030067965.1	GCA_030067965.1	2857379	Latrodectus	elegans	
Trichonephilaantipodiana-2730554-GCA050495765.1	GCA_050495765.1	2730554	Trichonephila	antipodiana	
Leviellusthorelli-1662264-GCA965183905.1	GCA_965183905.1	1662264	Leviellus	thorelli	
Gibbaraneagibbosa-1907000-GCA964059485.1	GCA_964059485.1	1907000	Gibbaranea	gibbosa	
Larinioidescornutus-336591-GCA964340895.1	GCA_964340895.1	336591	Larinioides	cornutus	
Araneusangulatus-1112382-GCA965645275.1	GCA_965645275.1	1112382	Araneus	angulatus	
Araneusmarmoreus-336584-GCA050042785.1	GCA_050042785.1	336584	Araneus	marmoreus	
Linyphiatriangularis-94031-GCA963978545.1	GCA_963978545.1	94031	Linyphia	triangularis	
Hylyphantesgraminicola-259057-GCA023701765.1	GCA_023701765.1	259057	Hylyphantes	graminicola	
Troglohyphantesexcavatus-1977180-GCA963932185.1	GCA_963932185.1	1977180	Troglohyphantes	excavatus	
Amaurobiusferox-336583-GCA951213105.1	GCA_951213105.1	336583	Amaurobius	ferox	
Eratigenaatrica-1698855-GCA965122215.1	GCA_965122215.1	1698855	Eratigena	atrica	
Zoropsisspinimana-1304667-GCA965642525.1	GCA_965642525.1	1304667	Zoropsis	spinimana	
Zoropsisspinimana-1304667-GCA965642535.1	GCA_965642535.1	1304667	Zoropsis	spinimana	
Pardosapseudoannulata-330961-GCA032207245.1	GCA_032207245.1	330961	Pardosa	pseudoannulata	
Philodromuscespitum-336569-GCA965612325.1	GCA_965612325.1	336569	Philodromus	cespitum	
Tibellusoblongus-336685-GCA965643835.1	GCA_965643835.1	336685	Tibellus	oblongus	
Tibellusoblongus-336685-GCA965643845.1	GCA_965643845.1	336685	Tibellus	oblongus	
Xysticusacerbus-187487-GCA965642565.1	GCA_965642565.1	187487	Xysticus	acerbus	
Salticusscenicus-243486-GCA963930645.1	GCA_963930645.1	243486	Salticus	scenicus	
Phytoseiuluspersimilis-44414-GCA037576195.1	GCA_037576195.1	44414	Phytoseiulus	persimilis	
Phytoseiuluspersimilis-44414-GCA047456425.1	GCA_047456425.1	44414	Phytoseiulus	persimilis	
Ixodesscapularis-6945-GCA031841145.1	GCA_031841145.1	6945	Ixodes	scapularis	
Setoptuskoraiensis-1452707-GCA048013815.1	GCA_048013815.1	1452707	Setoptus	koraiensis	
Tetranychusurticae-32264-GCA036877765.1	GCA_036877765.1	32264	Tetranychus	urticae	
Tetranychusurticae-32264-GCA039701765.1	GCA_039701765.1	32264	Tetranychus	urticae	
Tetranychusurticae-32264-GCA965642085.1	GCA_965642085.1	32264	Tetranychus	urticae	
Tetranychusurticae-32264-GCA965642115.1	GCA_965642115.1	32264	Tetranychus	urticae	
Tetranychuscinnabarinus-93129-GCA049115135.1	GCA_049115135.1	93129	Tetranychus	cinnabarinus	
Tetranychuspiercei-93131-GCA036759885.1	GCA_036759885.1	93131	Tetranychus	piercei	
Tetranychustruncatus-93132-GCA028476895.1	GCA_028476895.1	93132	Tetranychus	truncatus	
Amphitetranychusviennensis-381746-GCA050437165.1	GCA_050437165.1	381746	Amphitetranychus	viennensis	
Pyemoteszhonghuajia-2749944-GCA025170145.1	GCA_025170145.1	2749944	Pyemotes	zhonghuajia	
Carpoglyphuslactis-223459-GCA051106175.1	GCA_051106175.1	223459	Carpoglyphus	lactis	
Oulenziellabakeri-1569442-GCA051106155.1	GCA_051106155.1	1569442	Oulenziella	bakeri	
Psoroptesovis-83912-GCA964342135.1	GCA_964342135.1	83912	Psoroptes	ovis	
Psoroptesovis-83912-GCA964342145.1	GCA_964342145.1	83912	Psoroptes	ovis	
Cosmoglyphusoudemansi-3423435-GCA050580425.1	GCA_050580425.1	3423435	Cosmoglyphus	oudemansi	
Membraniporamembranacea-95170-GCA914767715.1	GCA_914767715.1	95170	Membranipora	membranacea	
Bugulaneritina-10212-GCA964035545.1	GCA_964035545.1	10212	Bugula	neritina	
Bugulinastolonifera-192920-GCA935421135.1	GCA_935421135.1	192920	Bugulina	stolonifera	
Cryptosulapallasiana-558755-GCA945261195.1	GCA_945261195.1	558755	Cryptosula	pallasiana	
Schizoporellajaponica-2589381-GCA965278275.1	GCA_965278275.1	2589381	Schizoporella	japonica	
Schmidtealugubris-163372-GCA044892535.1	GCA_044892535.1	163372	Schmidtea	lugubris	
Schmidteanova-163373-GCA044892505.1	GCA_044892505.1	163373	Schmidtea	nova	
Schmidteapolychroa-50054-GCA044892525.1	GCA_044892525.1	50054	Schmidtea	polychroa	
Schmidteamediterranea-79327-GCA022537955.1	GCA_022537955.1	79327	Schmidtea	mediterranea	
Schmidteamediterranea-79327-GCA045838255.1	GCA_045838255.1	79327	Schmidtea	mediterranea	
Schmidteamediterranea-79327-GCA045838265.1	GCA_045838265.1	79327	Schmidtea	mediterranea	
Pseudobicerossplendidus-983666-GCA965235105.1	GCA_965235105.1	983666	Pseudobiceros	splendidus	
Schistosomajaponicum-6182-GCA025215515.1	GCA_025215515.1	6182	Schistosoma	japonicum	
Schistosomamansoni-6183-GCA000237925.5	GCA_000237925.5	6183	Schistosoma	mansoni	
Opisthorchisviverrini-6198-GCA964213165.1	GCA_964213165.1	6198	Opisthorchis	viverrini	
Taeniapisiformis-85432-GCA023968675.1	GCA_023968675.1	85432	Taenia	pisiformis	
Taeniamulticeps-94034-GCA001923025.3	GCA_001923025.3	94034	Taenia	multiceps	
Hymenolepismicrostoma-85433-GCA000469805.3	GCA_000469805.3	85433	Hymenolepis	microstoma	
Lineuslacteus-947578-GCA965152395.1	GCA_965152395.1	947578	Lineus	lacteus	
Pterobdellasp-2926341-GCA964035795.1	GCA_964035795.1	2926341	Pterobdella	sp	
Branchellionlobata-375517-GCA947562095.1	GCA_947562095.1	375517	Branchellion	lobata	
Piscicolageometra-60958-GCA943735955.1	GCA_943735955.1	60958	Piscicola	geometra	
Erpobdellaoctoculata-39305-GCA963978895.1	GCA_963978895.1	39305	Erpobdella	octoculata	
Sinospelaeobdellacavatuses-933808-GCA041222645.1	GCA_041222645.1	933808	Sinospelaeobdella	cavatuses	
Whitmaniaacranulata-1329092-GCA041381225.1	GCA_041381225.1	1329092	Whitmania	acranulata	
Whitmanialaevis-307844-GCA041381185.1	GCA_041381185.1	307844	Whitmania	laevis	
Whitmaniapigra-486152-GCA041430665.1	GCA_041430665.1	486152	Whitmania	pigra	
Hirudinariamanillensis-1348078-GCA034509925.1	GCA_034509925.1	1348078	Hirudinaria	manillensis	
Hirudotianjinensis-2870509-GCA040113125.1	GCA_040113125.1	2870509	Hirudo	tianjinensis	
Hirudoverbana-311461-GCA965178065.1	GCA_965178065.1	311461	Hirudo	verbana	
Hirudonipponia-42736-GCA040113095.1	GCA_040113095.1	42736	Hirudo	nipponia	
Placobdellacostata-60953-GCA964276725.1	GCA_964276725.1	60953	Placobdella	costata	
Amynthasaspergillum-320991-GCA049355025.1	GCA_049355025.1	320991	Amynthas	aspergillum	
Metaphirevulgaris-1196096-GCA018105865.1	GCA_018105865.1	1196096	Metaphire	vulgaris	
Ailoscolexlacteospumosus-1046305-GCA965183755.1	GCA_965183755.1	1046305	Ailoscolex	lacteospumosus	
Bimastosrubidus-2866284-GCA964330305.1	GCA_964330305.1	2866284	Bimastos	rubidus	
Bimastoseiseni-320977-GCA959347315.1	GCA_959347315.1	320977	Bimastos	eiseni	
Lumbricusterrestris-6398-GCA949752735.1	GCA_949752735.1	6398	Lumbricus	terrestris	
Lumbricusrubellus-35632-GCA945859605.1	GCA_945859605.1	35632	Lumbricus	rubellus	
Allolobophoraicterica-332519-GCA963556255.1	GCA_963556255.1	332519	Allolobophora	icterica	
Ophelianeglecta-195260-GCA965285935.1	GCA_965285935.1	195260	Ophelia	neglecta	
Arenicolamarina-6344-GCA964019135.1	GCA_964019135.1	6344	Arenicola	marina	
Magelonajohnstoni-1436028-GCA963942565.1	GCA_963942565.1	1436028	Magelona	johnstoni	
Streblospiobenedicti-95538-GCA019095985.1	GCA_019095985.1	95538	Streblospio	benedicti	
Sclerolinumbrattstromi-167799-GCA964656415.1	GCA_964656415.1	167799	Sclerolinum	brattstromi	
Paraescarpiaechinospica-2080241-GCA020002185.1	GCA_020002185.1	2080241	Paraescarpia	echinospica	
Siboglinumfiordicum-27908-GCA965260885.1	GCA_965260885.1	27908	Siboglinum	fiordicum	
Escarpiaspicata-53617-GCA963995525.1	GCA_963995525.1	53617	Escarpia	spicata	
Osedaxfenrisi-2741452-GCA964019155.1	GCA_964019155.1	2741452	Osedax	fenrisi	
Osedaxfrankpressi-283776-GCA964035775.1	GCA_964035775.1	283776	Osedax	frankpressi	
Oasisiasp-611778-GCA964017155.1	GCA_964017155.1	611778	Oasisia	sp	
Lamellibrachiabarhami-53613-GCA965112235.1	GCA_965112235.1	53613	Lamellibrachia	barhami	
Lamellibrachiacolumna-53616-GCA963662155.1	GCA_963662155.1	53616	Lamellibrachia	columna	
Serpulavermicularis-249369-GCA966197015.1	GCA_966197015.1	249369	Serpula	vermicularis	
Marifugiacavatica-488418-GCA964291435.1	GCA_964291435.1	488418	Marifugia	cavatica	
Protulasp-2886755-GCA949752745.1	GCA_949752745.1	2886755	Protula	sp	
Perkinsianarubra-3269394-GCA965742485.1	GCA_965742485.1	3269394	Perkinsiana	rubra	
Sabellaspallanzanii-85702-GCA964340945.1	GCA_964340945.1	85702	Sabella	spallanzanii	
Sabellastartesp-2886754-GCA964017235.1	GCA_964017235.1	2886754	Sabellastarte	sp	
Bispirapolyomma-2930579-GCA965649765.1	GCA_965649765.1	2930579	Bispira	polyomma	
Flabesymbioscommensalis-996417-GCA964017125.1	GCA_964017125.1	996417	Flabesymbios	commensalis	
Terebellalapidaria-1131437-GCA949152475.1	GCA_949152475.1	1131437	Terebella	lapidaria	
Euthalenessaoculata-3264069-GCA965113345.1	GCA_965113345.1	3264069	Euthalenessa	oculata	
Sthenelaislimicola-1210413-GCA942159475.1	GCA_942159475.1	1210413	Sthenelais	limicola	
Amphidurospacificus-1209993-GCA949316495.1	GCA_949316495.1	1209993	Amphiduros	pacificus	
Haplosyllissp-3275449-GCA965117155.1	GCA_965117155.1	3275449	Haplosyllis	sp	
Phyllodocemedipapillata-868040-GCA964656445.1	GCA_964656445.1	868040	Phyllodoce	medipapillata	
Alittavirens-880429-GCA932294295.1	GCA_932294295.1	880429	Alitta	virens	
Glyceratridactyla-104710-GCA965644265.1	GCA_965644265.1	104710	Glycera	tridactyla	
Glycerafallax-1446102-GCA964657245.1	GCA_964657245.1	1446102	Glycera	fallax	
Laetmonicehystrix-2029591-GCA965235115.1	GCA_965235115.1	2029591	Laetmonice	hystrix	
Branchipolynoelongqiensis-2487007-GCA030323885.1	GCA_030323885.1	2487007	Branchipolynoe	longqiensis	
Lepidonotusclava-1210411-GCA936440205.1	GCA_936440205.1	1210411	Lepidonotus	clava	
Alentiagelatinosa-271774-GCA950022655.1	GCA_950022655.1	271774	Alentia	gelatinosa	
Acholoesquamosa-2922911-GCA949317995.1	GCA_949317995.1	2922911	Acholoe	squamosa	
Harmothoeareolata-3095174-GCA965276055.1	GCA_965276055.1	3095174	Harmothoe	areolata	
Harmothoeimpar-46595-GCA947462335.1	GCA_947462335.1	46595	Harmothoe	impar	
Hermodicecarunculata-259844-GCA964020975.1	GCA_964020975.1	259844	Hermodice	carunculata	
Leodiceharassii-1928866-GCA965649835.1	GCA_965649835.1	1928866	Leodice	harassii	
Urechisunicinctus-6432-GCA034190875.2	GCA_034190875.2	6432	Urechis	unicinctus	
Themistelageniformis-216211-GCA964194385.1	GCA_964194385.1	216211	Themiste	lageniformis	
Sipunculusnudus-6446-GCA026874595.2	GCA_026874595.2	6446	Sipunculus	nudus	
Pictodentaliumvernedei-2996714-GCA031216915.1	GCA_031216915.1	2996714	Pictodentalium	vernedei	
Siphonodentaliumdalli-3019061-GCA032622095.1	GCA_032622095.1	3019061	Siphonodentalium	dalli	
Chaetodermasp-3077178-GCA034401795.1	GCA_034401795.1	3077178	Chaetoderma	sp	
Tricoliapullus-335759-GCA964273465.1	GCA_964273465.1	335759	Tricolia	pullus	
Thermocolloniajamsteci-3038095-GCA049901935.1	GCA_049901935.1	3038095	Thermocollonia	jamsteci	
Bolmarugosa-335776-GCA964656265.1	GCA_964656265.1	335776	Bolma	rugosa	
Phorcuslineatus-1620919-GCA921293015.1	GCA_921293015.1	1620919	Phorcus	lineatus	
Phorcusturbinatus-43341-GCA965237135.1	GCA_965237135.1	43341	Phorcus	turbinatus	
Gibbulamagus-703304-GCA936450465.1	GCA_936450465.1	703304	Gibbula	magus	
Steromphalacineraria-216125-GCA916613615.1	GCA_916613615.1	216125	Steromphala	cineraria	
Haliotistuberculata-36103-GCA965183735.1	GCA_965183735.1	36103	Haliotis	tuberculata	
Bullactacaurina-2510888-GCA048126395.1	GCA_048126395.1	2510888	Bullacta	caurina	
Bullactacaurina-2510888-GCA051558385.1	GCA_051558385.1	2510888	Bullacta	caurina	
Marioniablainvillea-154647-GCA965362205.1	GCA_965362205.1	154647	Marionia	blainvillea	
Berghiastephanieae-1287507-GCA034508935.3	GCA_034508935.3	1287507	Berghia	stephanieae	
Nemesignisbanyulensis-869980-GCA965263765.1	GCA_965263765.1	869980	Nemesignis	banyulensis	
Peltodorisatromaculata-120394-GCA965112245.2	GCA_965112245.2	120394	Peltodoris	atromaculata	
Felimarepicta-1564611-GCA964659555.1	GCA_964659555.1	1564611	Felimare	picta	
Felimidaluteorosea-1499118-GCA965183745.2	GCA_965183745.2	1499118	Felimida	luteorosea	
Phyllidiaflava-2934182-GCA964266695.1	GCA_964266695.1	2934182	Phyllidia	flava	
Onchidellaceltica-36933-GCA963931925.1	GCA_963931925.1	36933	Onchidella	celtica	
Daudebardiarufa-2742875-GCA965653185.1	GCA_965653185.1	2742875	Daudebardia	rufa	
Albinariateres-69427-GCA964271275.2	GCA_964271275.2	69427	Albinaria	teres	
Metafruticicolanoverca-1980904-GCA965283255.2	GCA_965283255.2	1980904	Metafruticicola	noverca	
Monachacantiana-265994-GCA964261925.1	GCA_964261925.1	265994	Monacha	cantiana	
Cornuaspersum-6535-GCA964187895.1	GCA_964187895.1	6535	Cornu	aspersum	
Cepaeanemoralis-28835-GCA964147875.1	GCA_964147875.1	28835	Cepaea	nemoralis	
Cepaeanemoralis-28835-GCA964166675.1	GCA_964166675.1	28835	Cepaea	nemoralis	
Cepaeahortensis-97200-GCA963921405.1	GCA_963921405.1	97200	Cepaea	hortensis	
Deroceraslaeve-147581-GCA051403575.1	GCA_051403575.1	147581	Deroceras	laeve	
Deroceraslasithionense-3034287-GCA964271515.3	GCA_964271515.3	3034287	Deroceras	lasithionense	
Achatinaimmaculata-2605667-GCA009760885.1	GCA_009760885.1	2605667	Achatina	immaculata	
Meghimatiumbilineatum-318265-GCA034231615.1	GCA_034231615.1	318265	Meghimatium	bilineatum	
Arionvulgaris-1028688-GCA020796225.1	GCA_020796225.1	1028688	Arion	vulgaris	
Thuridillahopei-154630-GCA965242825.1	GCA_965242825.1	154630	Thuridilla	hopei	
Elysiatimida-154625-GCA043644045.1	GCA_043644045.1	154625	Elysia	timida	
Elysiacrispata-231223-GCA963854125.1	GCA_963854125.1	231223	Elysia	crispata	
Omphiscolaglabra-161078-GCA964017045.1	GCA_964017045.1	161078	Omphiscola	glabra	
Anisusvortex-271030-GCA949126835.1	GCA_949126835.1	271030	Anisus	vortex	
Anisusvorticulus-3071549-GCA964264155.1	GCA_964264155.1	3071549	Anisus	vorticulus	
Chrysomallonsquamiferum-216257-GCA012295275.1	GCA_012295275.1	216257	Chrysomallon	squamiferum	
Rhynchopeltaconcentrica-55023-GCA964300365.1	GCA_964300365.1	55023	Rhynchopelta	concentrica	
Monoplexcorrugatus-2962468-GCA030674185.1	GCA_030674185.1	2962468	Monoplex	corrugatus	
Oncomelaniahupensis-56141-GCA036898135.1	GCA_036898135.1	56141	Oncomelania	hupensis	
Naticariushebraeus-488663-GCA964341215.1	GCA_964341215.1	488663	Naticarius	hebraeus	
Naticariusstercusmuscarum-488664-GCA965120495.2	GCA_965120495.2	488664	Naticarius	stercusmuscarum	
Neveritajosephinia-488666-GCA964340425.3	GCA_964340425.3	488666	Neverita	josephinia	
Littorinalittorea-31216-GCA964330335.1	GCA_964330335.1	31216	Littorina	littorea	
Littorinaobtusata-31218-GCA965235085.1	GCA_965235085.1	31218	Littorina	obtusata	
Littorinasaxatilis-31220-GCA965250475.1	GCA_965250475.1	31220	Littorina	saxatilis	
Littorinabrevicula-45748-GCA043748665.1	GCA_043748665.1	45748	Littorina	brevicula	
Phymorhynchusbuccinoides-480380-GCA017654935.2	GCA_017654935.2	480380	Phymorhynchus	buccinoides	
Conuscanariensis-2750724-GCA033310375.1	GCA_033310375.1	2750724	Conus	canariensis	
Conusventricosus-117992-GCA018398815.2	GCA_018398815.2	117992	Conus	ventricosus	
Conustextile-6494-GCA049309315.1	GCA_049309315.1	6494	Conus	textile	
Stramonitahaemastoma-134471-GCA030674155.1	GCA_030674155.1	134471	Stramonita	haemastoma	
Bolinusbrandaris-179646-GCA965120365.1	GCA_965120365.1	179646	Bolinus	brandaris	
Rapanavenosa-55521-GCA028751875.1	GCA_028751875.1	55521	Rapana	venosa	
Sinotaiaquadrata-200191-GCA028829895.1	GCA_028829895.1	200191	Sinotaia	quadrata	
Cipangopaludinachinensis-527796-GCA050437285.1	GCA_050437285.1	527796	Cipangopaludina	chinensis	
Pomaceamaculata-1245466-GCA050626345.1	GCA_050626345.1	1245466	Pomacea	maculata	
Pomaceacanaliculata-400727-GCA004794335.1	GCA_004794335.1	400727	Pomacea	canaliculata	
Pomaceacanaliculata-400727-GCA036321745.1	GCA_036321745.1	400727	Pomacea	canaliculata	
Pomaceadiffusa-453592-GCA050626375.1	GCA_050626375.1	453592	Pomacea	diffusa	
Marisacornuarietis-75126-GCA050626395.1	GCA_050626395.1	75126	Marisa	cornuarietis	
Cochlostomaelegans-928741-GCA965636705.1	GCA_965636705.1	928741	Cochlostoma	elegans	
Alviniconchahessleri-12928-GCA965642515.1	GCA_965642515.1	12928	Alviniconcha	hessleri	
Alviniconchastrummeri-1472349-GCA963584105.1	GCA_963584105.1	1472349	Alviniconcha	strummeri	
Patellaulyssiponensis-334708-GCA963678685.1	GCA_963678685.1	334708	Patella	ulyssiponensis	
Patellacaerulea-87958-GCA964341155.2	GCA_964341155.2	87958	Patella	caerulea	
Patelladepressa-87960-GCA948474765.1	GCA_948474765.1	87960	Patella	depressa	
Patellarustica-87964-GCA965111895.1	GCA_965111895.1	87964	Patella	rustica	
Patellapellucida-88005-GCA917208275.1	GCA_917208275.1	88005	Patella	pellucida	
Scurriascurra-351200-GCA044232375.1	GCA_044232375.1	351200	Scurria	scurra	
Nipponacmeaschrenckii-225303-GCA030562195.1	GCA_030562195.1	225303	Nipponacmea	schrenckii	
Ctenoidesales-220900-GCA042257175.1	GCA_042257175.1	220900	Ctenoides	ales	
Limariahians-120439-GCA965230825.1	GCA_965230825.1	120439	Limaria	hians	
Mimachlamysvaria-50417-GCA947623455.1	GCA_947623455.1	50417	Mimachlamys	varia	
Heteranomiasquamula-2793148-GCA964263325.1	GCA_964263325.1	2793148	Heteranomia	squamula	
Atrinapectinata-49198-GCA045489415.1	GCA_045489415.1	49198	Atrina	pectinata	
Pinctadamaxima-104660-GCA050580605.1	GCA_050580605.1	104660	Pinctada	maxima	
Pinctadaradiata-112209-GCA964261305.2	GCA_964261305.2	112209	Pinctada	radiata	
Pinctadafucata-50426-GCA028142955.1	GCA_028142955.1	50426	Pinctada	fucata	
Pinctadafucata-50426-GCA028253585.1	GCA_028253585.1	50426	Pinctada	fucata	
Pinctadaimbricata-66713-GCA002216045.1	GCA_002216045.1	66713	Pinctada	imbricata	
Pteriapenguin-113549-GCA035048485.1	GCA_035048485.1	113549	Pteria	penguin	
Bathymodiolusheckerae-114453-GCA965117275.1	GCA_965117275.1	114453	Bathymodiolus	heckerae	
Bathymodiolusbrooksi-206348-GCA963680875.1	GCA_963680875.1	206348	Bathymodiolus	brooksi	
Bathymodiolusseptemdierum-220392-GCA963383655.1	GCA_963383655.1	220392	Bathymodiolus	septemdierum	
Gigantidaschildressi-3051952-GCA965235005.1	GCA_965235005.1	3051952	Gigantidas	childressi	
Mytiliseptavirgata-2547956-GCA028015205.1	GCA_028015205.1	2547956	Mytilisepta	virgata	
Arcuatulasenhousia-1954227-GCA963971305.1	GCA_963971305.1	1954227	Arcuatula	senhousia	
Limnopernafortunei-356393-GCA944474755.1	GCA_944474755.1	356393	Limnoperna	fortunei	
Pernaviridis-73031-GCA037379345.1	GCA_037379345.1	73031	Perna	viridis	
Mytilusgalloprovincialis-29158-GCA025277285.1	GCA_025277285.1	29158	Mytilus	galloprovincialis	
Mytilusgalloprovincialis-29158-GCA037788925.1	GCA_037788925.1	29158	Mytilus	galloprovincialis	
Mytilusgalloprovincialis-29158-GCA048414535.1	GCA_048414535.1	29158	Mytilus	galloprovincialis	
Mytiluscoruscus-42192-GCA017311375.1	GCA_017311375.1	42192	Mytilus	coruscus	
Mytilusedulis-6550-GCA019925275.2	GCA_019925275.2	6550	Mytilus	edulis	
Mytilusedulis-6550-GCA025215535.1	GCA_025215535.1	6550	Mytilus	edulis	
Mytilusedulis-6550-GCA025276775.1	GCA_025276775.1	6550	Mytilus	edulis	
Mytilustrossulus-6551-GCA036588685.2	GCA_036588685.2	6551	Mytilus	trossulus	
Arcanoae-44597-GCA964261245.2	GCA_964261245.2	44597	Arca	noae	
Anadarakagoshimensis-1390362-GCA021292105.1	GCA_021292105.1	1390362	Anadara	kagoshimensis	
Hyotissahyotis-102321-GCA051557925.1	GCA_051557925.1	102321	Hyotissa	hyotis	
Hyotissahyotis-102321-GCA051557945.1	GCA_051557945.1	102321	Hyotissa	hyotis	
Magallananippona-2602933-GCA033439105.1	GCA_033439105.1	2602933	Magallana	nippona	
Magallanahongkongensis-2653900-GCA015776775.1	GCA_015776775.1	2653900	Magallana	hongkongensis	
Magallanaangulata-2784310-GCA025765675.3	GCA_025765675.3	2784310	Magallana	angulata	
Magallanagigas-29159-GCA011032805.1	GCA_011032805.1	29159	Magallana	gigas	
Magallanagigas-29159-GCA025765685.3	GCA_025765685.3	29159	Magallana	gigas	
Magallanagigas-29159-GCA902806645.1	GCA_902806645.1	29159	Magallana	gigas	
Magallanagigas-29159-GCA964656485.1	GCA_964656485.1	29159	Magallana	gigas	
Magallanaariakensis-3244846-GCA020458035.1	GCA_020458035.1	3244846	Magallana	ariakensis	
Magallanaariakensis-3244846-GCA020567875.1	GCA_020567875.1	3244846	Magallana	ariakensis	
Magallanaariakensis-3244846-GCA040114485.1	GCA_040114485.1	3244846	Magallana	ariakensis	
Ostreaedulis-37623-GCA024362745.1	GCA_024362745.1	37623	Ostrea	edulis	
Ostreaedulis-37623-GCA032173915.1	GCA_032173915.1	37623	Ostrea	edulis	
Crassostreagigas-1527468-GCA051201775.1	GCA_051201775.1	1527468	Crassostrea	gigas	
Sinohyriopsiscumingii-165450-GCA028554795.2	GCA_028554795.2	165450	Sinohyriopsis	cumingii	
Sinosolenaiaoleivora-3237505-GCA039955035.1	GCA_039955035.1	3237505	Sinosolenaia	oleivora	
Ctenadecussata-881212-GCA963989385.1	GCA_963989385.1	881212	Ctena	decussata	
Ctenaimbricatula-881214-GCA965111775.1	GCA_965111775.1	881214	Ctena	imbricatula	
Clathrolucinacostata-1899378-GCA965112175.1	GCA_965112175.1	1899378	Clathrolucina	costata	
Anodontiaalba-244458-GCA964016985.1	GCA_964016985.1	244458	Anodontia	alba	
Phacoidespectinatus-244486-GCA965230325.1	GCA_965230325.1	244486	Phacoides	pectinatus	
Rugalucinavietnamica-244489-GCA964017185.1	GCA_964017185.1	244489	Rugalucina	vietnamica	
Loripinusfragilis-244460-GCA964019695.1	GCA_964019695.1	244460	Loripinus	fragilis	
Lucinelladivaricata-406540-GCA964194035.1	GCA_964194035.1	406540	Lucinella	divaricata	
Indoaustriellascarlatoi-463371-GCA046867355.1	GCA_046867355.1	463371	Indoaustriella	scarlatoi	
Luciniscanassula-881239-GCA963580285.1	GCA_963580285.1	881239	Lucinisca	nassula	
Stewartiafloridana-881254-GCA964194395.1	GCA_964194395.1	881254	Stewartia	floridana	
Conchocelebisecta-1803738-GCA029237695.1	GCA_029237695.1	1803738	Conchocele	bisecta	
Panopeagenerosa-1049056-GCA029582155.1	GCA_029582155.1	1049056	Panopea	generosa	
Solengrandis-165599-GCA021229015.1	GCA_021229015.1	165599	Solen	grandis	
Solengrandis-165599-GCA051362365.1	GCA_051362365.1	165599	Solen	grandis	
Congeriakusceri-152013-GCA027627225.1	GCA_027627225.1	152013	Congeria	kusceri	
Xylophagadorsalis-1526741-GCA965225065.2	GCA_965225065.2	1526741	Xylophaga	dorsalis	
Americardiamedia-241156-GCA964300355.1	GCA_964300355.1	241156	Americardia	media	
Fragumwhitleyi-1699438-GCA948146395.1	GCA_948146395.1	1699438	Fragum	whitleyi	
Fragumsueziense-561460-GCA963680895.1	GCA_963680895.1	561460	Fragum	sueziense	
Fragumfragum-80821-GCA946902895.1	GCA_946902895.1	80821	Fragum	fragum	
Laevicardiumcrassum-429181-GCA964662305.1	GCA_964662305.1	429181	Laevicardium	crassum	
Cerastodermaedule-55710-GCA947846245.1	GCA_947846245.1	55710	Cerastoderma	edule	
Cerastodermaedule-55710-GCA963989375.1	GCA_963989375.1	55710	Cerastoderma	edule	
Cerastodermaglaucum-94722-GCA964341395.1	GCA_964341395.1	94722	Cerastoderma	glaucum	
Tridacnagigas-80829-GCA945859785.2	GCA_945859785.2	80829	Tridacna	gigas	
Tridacnaderasa-80831-GCA963210305.1	GCA_963210305.1	80831	Tridacna	derasa	
Tridacnamaxima-80832-GCA045685785.1	GCA_045685785.1	80832	Tridacna	maxima	
Tridacnacrocea-80833-GCA032873355.1	GCA_032873355.1	80833	Tridacna	crocea	
Tridacnacrocea-80833-GCA943736015.1	GCA_943736015.1	80833	Tridacna	crocea	
Hippopushippopus-80818-GCA965239675.1	GCA_965239675.1	80818	Hippopus	hippopus	
Abrasegmentum-3163778-GCA965244925.1	GCA_965244925.1	3163778	Abra	segmentum	
Azorinuschamasolen-2922058-GCA963576725.1	GCA_963576725.1	2922058	Azorinus	chamasolen	
Sinonovaculaconstricta-98310-GCA007844125.1	GCA_007844125.1	98310	Sinonovacula	constricta	
Sinonovaculaconstricta-98310-GCA009762815.1	GCA_009762815.1	98310	Sinonovacula	constricta	
Donaxvariegatus-1920007-GCA964468855.2	GCA_964468855.2	1920007	Donax	variegatus	
Donaxsemistriatus-3074273-GCA965239255.1	GCA_965239255.1	3074273	Donax	semistriatus	
Donaxtrunculus-40130-GCA964273945.3	GCA_964273945.3	40130	Donax	trunculus	
Macomangulustenuis-1980407-GCA964059405.1	GCA_964059405.1	1980407	Macomangulus	tenuis	
Macomangulustenuis-1980407-GCA964059415.1	GCA_964059415.1	1980407	Macomangulus	tenuis	
Garidepressa-1028561-GCA965649845.1	GCA_965649845.1	1028561	Gari	depressa	
Garitellinella-2589376-GCA922989275.2	GCA_922989275.2	2589376	Gari	tellinella	
Archivesicamarissinica-2291877-GCA014843695.1	GCA_014843695.1	2291877	Archivesica	marissinica	
Mactraquadrangularis-120570-GCA025267735.1	GCA_025267735.1	120570	Mactra	quadrangularis	
Mactraantiquata-2302425-GCA049640265.1	GCA_049640265.1	2302425	Mactra	antiquata	
Lutrarialutraria-457845-GCA964023205.1	GCA_964023205.1	457845	Lutraria	lutraria	
Spisulasolida-31201-GCA947247005.1	GCA_947247005.1	31201	Spisula	solida	
Spisulasubtruncata-31202-GCA963678985.1	GCA_963678985.1	31202	Spisula	subtruncata	
Corbiculafluminalis-135721-GCA048771855.1	GCA_048771855.1	135721	Corbicula	fluminalis	
Sphaeriumcorneum-98288-GCA965230695.1	GCA_965230695.1	98288	Sphaerium	corneum	
Ruditapesphilippinarum-129788-GCA009026015.1	GCA_009026015.1	129788	Ruditapes	philippinarum	
Ruditapesphilippinarum-129788-GCA052148955.1	GCA_052148955.1	129788	Ruditapes	philippinarum	
Ruditapesphilippinarum-129788-GCA964294305.1	GCA_964294305.1	129788	Ruditapes	philippinarum	
Mysiaundata-1920014-GCA964106805.1	GCA_964106805.1	1920014	Mysia	undata	
Anomalocardiaflexuosa-3139943-GCA047831285.1	GCA_047831285.1	3139943	Anomalocardia	flexuosa	
Saxidomuspurpurata-311201-GCA022818135.2	GCA_022818135.2	311201	Saxidomus	purpurata	
Venusverrucosa-55715-GCA964200665.2	GCA_964200665.2	55715	Venus	verrucosa	
Meretrixlamarckii-157363-GCA049244375.1	GCA_049244375.1	157363	Meretrix	lamarckii	
Meretrixsp-3410903-GCA049244355.1	GCA_049244355.1	3410903	Meretrix	sp	
Meretrixtaiwanica-2718470-GCA049244365.1	GCA_049244365.1	2718470	Meretrix	taiwanica	
Meretrixpetechialis-311198-GCA046203225.1	GCA_046203225.1	311198	Meretrix	petechialis	
Callistachione-78549-GCA964377925.1	GCA_964377925.1	78549	Callista	chione	
Thraciaphaseolina-1411927-GCA964274215.1	GCA_964274215.1	1411927	Thracia	phaseolina	
Verpapenis-3161550-GCA048126915.1	GCA_048126915.1	3161550	Verpa	penis	
Nautiluspompilius-34573-GCA047652355.1	GCA_047652355.1	34573	Nautilus	pompilius	
Stigmatoteuthisarcturi-2053936-GCA964276865.1	GCA_964276865.1	2053936	Stigmatoteuthis	arcturi	
Thysanoteuthisrhombus-61751-GCA963457665.1	GCA_963457665.1	61751	Thysanoteuthis	rhombus	
Eumandyaparva-2302672-GCA964059275.1	GCA_964059275.1	2302672	Eumandya	parva	
Sepiettaobscura-84402-GCA965124075.1	GCA_965124075.1	84402	Sepietta	obscura	
Sepiolaaffinis-70192-GCA964339045.1	GCA_964339045.1	70192	Sepiola	affinis	
Sepiolaatlantica-70193-GCA963556195.1	GCA_963556195.1	70193	Sepiola	atlantica	
Euprymnascolopes-6613-GCA024364805.1	GCA_024364805.1	6613	Euprymna	scolopes	
Acanthosepionlycidas-296134-GCA963932145.1	GCA_963932145.1	296134	Acanthosepion	lycidas	
Acanthosepionesculentum-31210-GCA964036315.1	GCA_964036315.1	31210	Acanthosepion	esculentum	
Sepiaofficinalis-6610-GCA050097725.1	GCA_050097725.1	6610	Sepia	officinalis	
Sepiaofficinalis-6610-GCA964300435.1	GCA_964300435.1	6610	Sepia	officinalis	
Doryteuthispealeii-1051067-GCA023376005.1	GCA_023376005.1	1051067	Doryteuthis	pealeii	
Sepioteuthislessoniana-34570-GCA963585895.1	GCA_963585895.1	34570	Sepioteuthis	lessoniana	
Uroteuthisedulis-55720-GCA965641475.1	GCA_965641475.1	55720	Uroteuthis	edulis	
Amphioctopusfangsiao-515817-GCA051529975.1	GCA_051529975.1	515817	Amphioctopus	fangsiao	
Eledonecirrhosa-102876-GCA964016885.1	GCA_964016885.1	102876	Eledone	cirrhosa	
Octopusbimaculoides-37653-GCA046866305.1	GCA_046866305.1	37653	Octopus	bimaculoides	
Deshayesiellasirenkoi-3154051-GCA045838535.1	GCA_045838535.1	3154051	Deshayesiella	sirenkoi	
Ischnochitonrissoi-256063-GCA965250495.2	GCA_965250495.2	256063	Ischnochiton	rissoi	
Callochitonseptemvalvis-256138-GCA047826735.1	GCA_047826735.1	256138	Callochiton	septemvalvis	
Chitonolivaceus-256108-GCA964264625.4	GCA_964264625.4	256108	Chiton	olivaceus	
Lepidochitonacinerea-256056-GCA963971465.1	GCA_963971465.1	256056	Lepidochitona	cinerea	
Acanthochitonadiscrepans-3054875-GCA048544545.1	GCA_048544545.1	3054875	Acanthochitona	discrepans	
Acanthochitonafascicularis-55704-GCA965278365.1	GCA_965278365.1	55704	Acanthochitona	fascicularis	
Acanthochitonarubrolineata-761904-GCA044231505.1	GCA_044231505.1	761904	Acanthochitona	rubrolineata	
Acanthochitonarubrolineata-761904-GCA045838495.1	GCA_045838495.1	761904	Acanthochitona	rubrolineata	
Lingulaanatina-7574-GCA051362555.1	GCA_051362555.1	7574	Lingula	anatina	
Flaccisagittaenflata-366393-GCA965153355.1	GCA_965153355.1	366393	Flaccisagitta	enflata	
Paraspadellagotoi-34758-GCA051294375.1	GCA_051294375.1	34758	Paraspadella	gotoi	
Saccoglossussp-3154068-GCA040954595.2	GCA_040954595.2	3154068	Saccoglossus	sp	
Saccoglossussp-3154068-GCA040954625.2	GCA_040954625.2	3154068	Saccoglossus	sp	
Glandicepstalaboti-1443217-GCA964340395.1	GCA_964340395.1	1443217	Glandiceps	talaboti	
Leptometraceltica-1320720-GCA964341645.1	GCA_964341645.1	1320720	Leptometra	celtica	
Antedonbifida-72669-GCA963402885.1	GCA_963402885.1	72669	Antedon	bifida	
Cenometrabella-707711-GCA051362135.1	GCA_051362135.1	707711	Cenometra	bella	
Plazasterborealis-466999-GCA021014325.1	GCA_021014325.1	466999	Plazaster	borealis	
Zoroastersp-2989510-GCA029582265.1	GCA_029582265.1	2989510	Zoroaster	sp	
Marthasteriasglacialis-7609-GCA911728455.2	GCA_911728455.2	7609	Marthasterias	glacialis	
Pisasterochraceus-7612-GCA010994315.2	GCA_010994315.2	7612	Pisaster	ochraceus	
Pycnopodiahelianthoides-7614-GCA032158295.1	GCA_032158295.1	7614	Pycnopodia	helianthoides	
Anseropodaplacenta-290518-GCA965124015.1	GCA_965124015.1	290518	Anseropoda	placenta	
Patiriapectinifera-7594-GCA029964075.1	GCA_029964075.1	7594	Patiria	pectinifera	
Asterinaphylactica-195879-GCA964213155.1	GCA_964213155.1	195879	Asterina	phylactica	
Asterinagibbosa-46515-GCA965641785.1	GCA_965641785.1	46515	Asterina	gibbosa	
Astropectenirregularis-55651-GCA963971285.1	GCA_963971285.1	55651	Astropecten	irregularis	
Luidiasarsii-2723838-GCA949987565.1	GCA_949987565.1	2723838	Luidia	sarsii	
Echinastersepositus-72721-GCA964619385.1	GCA_964619385.1	72721	Echinaster	sepositus	
Astrospartusmediterraneus-691888-GCA964277075.1	GCA_964277075.1	691888	Astrospartus	mediterraneus	
Ophiodermalongicauda-72727-GCA965120465.1	GCA_965120465.1	72727	Ophioderma	longicauda	
Ophiocominanigra-55617-GCA965119575.1	GCA_965119575.1	55617	Ophiocomina	nigra	
Ophiurasarsii-861515-GCA035610835.1	GCA_035610835.1	861515	Ophiura	sarsii	
Ophiurasarsii-2692762-GCA043643665.1	GCA_043643665.1	2692762	Ophiura	sarsii	
Diademasetosum-31175-GCA033980235.1	GCA_033980235.1	31175	Diadema	setosum	
Diademasetosum-31175-GCA964275005.2	GCA_964275005.2	31175	Diadema	setosum	
Echinocardiumcordatum-39298-GCA965644145.1	GCA_965644145.1	39298	Echinocardium	cordatum	
Echinometralucunter-105361-GCA029962745.1	GCA_029962745.1	105361	Echinometra	lucunter	
Heliocidariscrassispina-1043166-GCA040801975.1	GCA_040801975.1	1043166	Heliocidaris	crassispina	
Heliocidariscrassispina-1043166-GCA044090015.1	GCA_044090015.1	1043166	Heliocidaris	crassispina	
Heliocidariserythrogramma-7634-GCA025617745.1	GCA_025617745.1	7634	Heliocidaris	erythrogramma	
Heliocidaristuberculata-7635-GCA025618425.1	GCA_025618425.1	7635	Heliocidaris	tuberculata	
Mesocentrotusfranciscanus-1328066-GCA037976565.1	GCA_037976565.1	1328066	Mesocentrotus	franciscanus	
Gracilechinusacutus-1933096-GCA965197335.1	GCA_965197335.1	1933096	Gracilechinus	acutus	
Sphaerechinusgranularis-39374-GCA964657215.1	GCA_964657215.1	39374	Sphaerechinus	granularis	
Arbacialixula-7640-GCA963669155.1	GCA_963669155.1	7640	Arbacia	lixula	
Holothuriafuscocinerea-1072188-GCA050947865.1	GCA_050947865.1	1072188	Holothuria	fuscocinerea	
Holothuriascabra-269548-GCA037179385.1	GCA_037179385.1	269548	Holothuria	scabra	
Holothuriasanctori-491806-GCA964304565.2	GCA_964304565.2	491806	Holothuria	sanctori	
Holothuriaocellata-566282-GCA050613385.1	GCA_050613385.1	566282	Holothuria	ocellata	
Isostichopusfuscus-200383-GCA051397855.1	GCA_051397855.1	200383	Isostichopus	fuscus	
Apostichopusjaponicus-307972-GCA048453155.1	GCA_048453155.1	307972	Apostichopus	japonicus	
Stichopuschloronotus-240144-GCA021234535.1	GCA_021234535.1	240144	Stichopus	chloronotus	
Stichopusfusiformiossa-3258494-GCA047655345.1	GCA_047655345.1	3258494	Stichopus	fusiformiossa	
Cercodemasanceps-2785214-GCA051549935.1	GCA_051549935.1	2785214	Cercodemas	anceps	
Thaliademocratica-34761-GCA965202585.1	GCA_965202585.1	34761	Thalia	democratica	
Didemnumvexillum-516032-GCA965643705.1	GCA_965643705.1	516032	Didemnum	vexillum	
Diplosomalisterianum-168635-GCA965643625.1	GCA_965643625.1	168635	Diplosoma	listerianum	
Diplosomavirens-322858-GCA963680785.1	GCA_963680785.1	322858	Diplosoma	virens	
Trididemnumminiatum-1128088-GCA964006365.1	GCA_964006365.1	1128088	Trididemnum	miniatum	
Trididemnumclinides-641091-GCA963675345.1	GCA_963675345.1	641091	Trididemnum	clinides	
Trididemnumnubilum-644239-GCA963965965.1	GCA_963965965.1	644239	Trididemnum	nubilum	
Clavelinalepadiformis-159417-GCA947623445.1	GCA_947623445.1	159417	Clavelina	lepadiformis	
Aplidiumturbinatum-2771288-GCA918807975.1	GCA_918807975.1	2771288	Aplidium	turbinatum	
Pycnoclavellaproducta-439819-GCA966112915.1	GCA_966112915.1	439819	Pycnoclavella	producta	
Ascidiellascabra-1298853-GCA966096145.1	GCA_966096145.1	1298853	Ascidiella	scabra	
Ascidiellaaspersa-201961-GCA963924565.1	GCA_963924565.1	201961	Ascidiella	aspersa	
Ascidiamentula-38561-GCA947561715.1	GCA_947561715.1	38561	Ascidia	mentula	
Phallusiafumigata-395376-GCA964656945.1	GCA_964656945.1	395376	Phallusia	fumigata	
Phallusiamammillata-59560-GCA965637545.1	GCA_965637545.1	59560	Phallusia	mammillata	
Corellaeumyota-431183-GCA963082875.1	GCA_963082875.1	431183	Corella	eumyota	
Polycarpamamillaris-2170621-GCA965278745.1	GCA_965278745.1	2170621	Polycarpa	mamillaris	
Polycarpamamillaris-2170621-GCA965278815.1	GCA_965278815.1	2170621	Polycarpa	mamillaris	
Botryllusschlosseri-30301-GCA051294905.1	GCA_051294905.1	30301	Botryllus	schlosseri	
Botryllusschlosseri-30301-GCA051294915.1	GCA_051294915.1	30301	Botryllus	schlosseri	
Asterocarpahumilis-1273101-GCA965654205.1	GCA_965654205.1	1273101	Asterocarpa	humilis	
Styelaclava-7725-GCA964204865.1	GCA_964204865.1	7725	Styela	clava	
Styelaplicata-7726-GCA963675895.2	GCA_963675895.2	7726	Styela	plicata	
Halocynthiapapillosa-201963-GCA965234635.1	GCA_965234635.1	201963	Halocynthia	papillosa	
Branchiostomafloridae-2700039-GCA013266295.2	GCA_013266295.2	2700039	Branchiostoma	floridae	
Branchiostomafloridae-2700039-GCA015852565.1	GCA_015852565.1	2700039	Branchiostoma	floridae	
Branchiostomafloridae-2700040-GCA019207045.1	GCA_019207045.1	2700040	Branchiostoma	floridae	
Branchiostomafloridae-2700040-GCA019207075.1	GCA_019207075.1	2700040	Branchiostoma	floridae	
Branchiostomafloridae-2700040-GCA022788385.1	GCA_022788385.1	2700040	Branchiostoma	floridae	
Branchiostomalanceolatum-7740-GCA964187965.1	GCA_964187965.1	7740	Branchiostoma	lanceolatum	
Myxineglutinosa-7769-GCA964187855.1	GCA_964187855.1	7769	Myxine	glutinosa	
Eptatretusatami-50612-GCA035128595.1	GCA_035128595.1	50612	Eptatretus	atami	
Eptatretusokinoseanus-7767-GCA041222605.1	GCA_041222605.1	7767	Eptatretus	okinoseanus	
Lampetrafluviatilis-7748-GCA964198595.1	GCA_964198595.1	7748	Lampetra	fluviatilis	
Entosphenustridentatus-245074-GCA014621495.2	GCA_014621495.2	245074	Entosphenus	tridentatus	
Acipenserruthenus-7906-GCA902713435.2	GCA_902713435.2	7906	Acipenser	ruthenus	
Atractosteusspatula-7917-GCA043380575.1	GCA_043380575.1	7917	Atractosteus	spatula	
Amiacalva-7924-GCA017591415.1	GCA_017591415.1	7924	Amia	calva	
Ilyophissp-2919650-GCA022702415.1	GCA_022702415.1	2919650	Ilyophis	sp	
Ilyophissp-2920201-GCA022702515.1	GCA_022702515.1	2920201	Ilyophis	sp	
Ilyophissp-2920202-GCA022702525.1	GCA_022702525.1	2920202	Ilyophis	sp	
Gymnothoraxreevesii-473459-GCA029721435.1	GCA_029721435.1	473459	Gymnothorax	reevesii	
Anguillabicolor-61126-GCA039654925.2	GCA_039654925.2	61126	Anguilla	bicolor	
Anguillajaponica-7937-GCA025169545.1	GCA_025169545.1	7937	Anguilla	japonica	
Anguillajaponica-7937-GCA037790555.1	GCA_037790555.1	7937	Anguilla	japonica	
Anguillajaponica-7937-GCA050084885.1	GCA_050084885.1	7937	Anguilla	japonica	
Congermyriaster-7943-GCA047653785.1	GCA_047653785.1	7943	Conger	myriaster	
Osteoglossumbicirrhosum-109271-GCA047301455.1	GCA_047301455.1	109271	Osteoglossum	bicirrhosum	
Osteoglossumbicirrhosum-109271-GCA047301515.1	GCA_047301515.1	109271	Osteoglossum	bicirrhosum	
Scleropagesformosus-113540-GCA023634345.2	GCA_023634345.2	113540	Scleropages	formosus	
Scleropagesformosus-113540-GCA023634425.1	GCA_023634425.1	113540	Scleropages	formosus	
Heterotisniloticus-91721-GCA018136845.1	GCA_018136845.1	91721	Heterotis	niloticus	
Gymnoscopelusmicrolampas-1090481-GCA963454915.1	GCA_963454915.1	1090481	Gymnoscopelus	microlampas	
Gymnoscopelusbraueri-948025-GCA963280865.1	GCA_963280865.1	948025	Gymnoscopelus	braueri	
Benthosemapterotum-1069390-GCA039105355.1	GCA_039105355.1	1069390	Benthosema	pterotum	
Nannobrachiumachirus-473322-GCA963921795.1	GCA_963921795.1	473322	Nannobrachium	achirus	
Electronaantarctica-206093-GCA951216825.1	GCA_951216825.1	206093	Electrona	antarctica	
Protomyctophumparallelum-1091426-GCA964188405.1	GCA_964188405.1	1091426	Protomyctophum	parallelum	
Protomyctophumparallelum-1091426-GCA964188415.1	GCA_964188415.1	1091426	Protomyctophum	parallelum	
Protomyctophumbolini-443714-GCA963924005.1	GCA_963924005.1	443714	Protomyctophum	bolini	
Lamprisincognitus-2546036-GCA022059245.1	GCA_022059245.1	2546036	Lampris	incognitus	
Monocentrisjaponica-181435-GCA051201485.1	GCA_051201485.1	181435	Monocentris	japonica	
Centroberyxgerrardi-166262-GCA048128805.1	GCA_048128805.1	166262	Centroberyx	gerrardi	
Centroberyxgerrardi-166262-GCA048129085.1	GCA_048129085.1	166262	Centroberyx	gerrardi	
Poromitracrassiceps-88708-GCA964638095.1	GCA_964638095.1	88708	Poromitra	crassiceps	
Poromitracrassiceps-88708-GCA964638665.1	GCA_964638665.1	88708	Poromitra	crassiceps	
Bassozetussp-3239379-GCA048564805.1	GCA_048564805.1	3239379	Bassozetus	sp	
Opsanusbeta-95145-GCA040802735.1	GCA_040802735.1	95145	Opsanus	beta	
Siphamiatubifer-1536898-GCA020466265.1	GCA_020466265.1	1536898	Siphamia	tubifer	
Apogonimberbis-357811-GCA964211915.2	GCA_964211915.2	357811	Apogon	imberbis	
Bostrychussinensis-86224-GCA020698575.1	GCA_020698575.1	86224	Bostrychus	sinensis	
Oxyeleotrismarmorata-86250-GCA040285405.1	GCA_040285405.1	86250	Oxyeleotris	marmorata	
Perccottusglenii-284583-GCA024416835.2	GCA_024416835.2	284583	Perccottus	glenii	
Rhinogobiussimilis-1263952-GCA019453435.1	GCA_019453435.1	1263952	Rhinogobius	similis	
Rhinogobiusduospilus-293146-GCA051624305.1	GCA_051624305.1	293146	Rhinogobius	duospilus	
Mugilogobiuschulae-88201-GCA016735935.1	GCA_016735935.1	88201	Mugilogobius	chulae	
Mugilogobiuschulae-88201-GCA040112775.1	GCA_040112775.1	88201	Mugilogobius	chulae	
Pomatoschistusminutus-13225-GCA965276375.1	GCA_965276375.1	13225	Pomatoschistus	minutus	
Gobiusniger-85417-GCA951799975.1	GCA_951799975.1	85417	Gobius	niger	
Gobiuspaganellus-85418-GCA965278345.1	GCA_965278345.1	85418	Gobius	paganellus	
Thorogobiusephippiatus-1365585-GCA965366085.1	GCA_965366085.1	1365585	Thorogobius	ephippiatus	
Knipowitschiapanizzae-85422-GCA049640105.1	GCA_049640105.1	85422	Knipowitschia	panizzae	
Odontamblyopuslacepedii-714202-GCA032888595.1	GCA_032888595.1	714202	Odontamblyopus	lacepedii	
Odontamblyopuslacepedii-714202-GCA034769755.1	GCA_034769755.1	714202	Odontamblyopus	lacepedii	
Odontamblyopusrebecca-714203-GCA030686955.1	GCA_030686955.1	714203	Odontamblyopus	rebecca	
Taenioidessp-3041818-GCA029959045.1	GCA_029959045.1	3041818	Taenioides	sp	
Proterorhinussemilunaris-322563-GCA021464625.1	GCA_021464625.1	322563	Proterorhinus	semilunaris	
Rhyacichthysaspro-86220-GCA036850595.2	GCA_036850595.2	86220	Rhyacichthys	aspro	
Syngnathusacus-161584-GCA948146105.1	GCA_948146105.1	161584	Syngnathus	acus	
Syngnathusrostellatus-161589-GCA965643225.1	GCA_965643225.1	161589	Syngnathus	rostellatus	
Syngnathustyphle-161592-GCA048301445.1	GCA_048301445.1	161592	Syngnathus	typhle	
Syngnathustyphle-161592-GCA048301605.1	GCA_048301605.1	161592	Syngnathus	typhle	
Festucalexcinctus-1073243-GCA051991245.1	GCA_051991245.1	1073243	Festucalex	cinctus	
Doryrhamphusexcisus-161450-GCA037039965.1	GCA_037039965.1	161450	Doryrhamphus	excisus	
Phyllopteryxtaeniolatus-161469-GCA019802525.1	GCA_019802525.1	161469	Phyllopteryx	taeniolatus	
Phyllopteryxtaeniolatus-161469-GCA019802545.1	GCA_019802545.1	161469	Phyllopteryx	taeniolatus	
Stigmatoporaargus-161581-GCA051989625.1	GCA_051989625.1	161581	Stigmatopora	argus	
Stigmatoporanigra-161582-GCA051989575.1	GCA_051989575.1	161582	Stigmatopora	nigra	
Vanacampusmargaritifer-642989-GCA051991255.1	GCA_051991255.1	642989	Vanacampus	margaritifer	
Hippocampusabdominalis-109274-GCA018466805.1	GCA_018466805.1	109274	Hippocampus	abdominalis	
Hippocampushippocampus-109283-GCA965263715.1	GCA_965263715.1	109283	Hippocampus	hippocampus	
Hippocampustrimaculatus-109291-GCA043880055.1	GCA_043880055.1	109291	Hippocampus	trimaculatus	
Hippocampuszosterae-109293-GCA026261805.1	GCA_026261805.1	109293	Hippocampus	zosterae	
Hippocampusbargibanti-240838-GCA051943395.1	GCA_051943395.1	240838	Hippocampus	bargibanti	
Aulostomusmaculatus-150449-GCA048301465.1	GCA_048301465.1	150449	Aulostomus	maculatus	
Aulostomusmaculatus-150449-GCA048301475.1	GCA_048301475.1	150449	Aulostomus	maculatus	
Fistulariacommersonii-215343-GCA046529025.1	GCA_046529025.1	215343	Fistularia	commersonii	
Parupeneusbiaculeatus-2862834-GCA042823925.3	GCA_042823925.3	2862834	Parupeneus	biaculeatus	
Mullusbarbatus-37007-GCA049638725.1	GCA_049638725.1	37007	Mullus	barbatus	
Mullussurmuletus-87757-GCA965276695.1	GCA_965276695.1	87757	Mullus	surmuletus	
Neosynchiropusocellatus-390378-GCA044231645.1	GCA_044231645.1	390378	Neosynchiropus	ocellatus	
Neosynchiropusocellatus-390378-GCA044231665.1	GCA_044231665.1	390378	Neosynchiropus	ocellatus	
Synchiropuspicturatus-586865-GCA044231675.1	GCA_044231675.1	586865	Synchiropus	picturatus	
Synchiropuspicturatus-586865-GCA044231685.1	GCA_044231685.1	586865	Synchiropus	picturatus	
Arripisgeorgiana-3352246-GCA042242115.1	GCA_042242115.1	3352246	Arripis	georgiana	
Arripisgeorgiana-3352246-GCA042242135.1	GCA_042242135.1	3352246	Arripis	georgiana	
Trichiurusjaponicus-235211-GCA046254865.1	GCA_046254865.1	235211	Trichiurus	japonicus	
Trichiurusjaponicus-235211-GCA050140585.1	GCA_050140585.1	235211	Trichiurus	japonicus	
Lepturacanthussavala-435161-GCA030544235.1	GCA_030544235.1	435161	Lepturacanthus	savala	
Scomberomorusguttatus-99343-GCA038419695.1	GCA_038419695.1	99343	Scomberomorus	guttatus	
Katsuwonuspelamis-8226-GCA041053085.1	GCA_041053085.1	8226	Katsuwonus	pelamis	
Euthynnusaffinis-8227-GCA029490765.1	GCA_029490765.1	8227	Euthynnus	affinis	
Thunnusalbacares-8236-GCA914725855.2	GCA_914725855.2	8236	Thunnus	albacares	
Thunnusthynnus-8237-GCA043381625.1	GCA_043381625.1	8237	Thunnus	thynnus	
Thunnusthynnus-8237-GCA043381665.1	GCA_043381665.1	8237	Thunnus	thynnus	
Pampusargenteus-206143-GCA036321115.1	GCA_036321115.1	206143	Pampus	argenteus	
Pampusargenteus-206143-GCA036937825.1	GCA_036937825.1	206143	Pampus	argenteus	
Pampusargenteus-206143-GCA036937835.1	GCA_036937835.1	206143	Pampus	argenteus	
Macropodusopercularis-158451-GCA030770545.1	GCA_030770545.1	158451	Macropodus	opercularis	
Bettasplendens-158456-GCA013403625.1	GCA_013403625.1	158456	Betta	splendens	
Bettasplendens-158456-GCA024678985.1	GCA_024678985.1	158456	Betta	splendens	
Anabastestudineus-64144-GCA900324465.3	GCA_900324465.3	64144	Anabas	testudineus	
Channamaculata-188791-GCA020496755.1	GCA_020496755.1	188791	Channa	maculata	
Channamaculata-188791-GCA051622835.1	GCA_051622835.1	188791	Channa	maculata	
Channaasiatica-188929-GCA040939885.1	GCA_040939885.1	188929	Channa	asiatica	
Channaasiatica-188929-GCA041146785.1	GCA_041146785.1	188929	Channa	asiatica	
Channaargus-215402-GCA018997905.1	GCA_018997905.1	215402	Channa	argus	
Channaargus-215402-GCA027943205.2	GCA_027943205.2	215402	Channa	argus	
Channaargus-215402-GCA041222515.1	GCA_041222515.1	215402	Channa	argus	
Channastriata-64152-GCA034621705.1	GCA_034621705.1	64152	Channa	striata	
Mastacembelusarmatus-205130-GCA019455525.1	GCA_019455525.1	205130	Mastacembelus	armatus	
Mastacembelusarmatus-205130-GCA019455535.1	GCA_019455535.1	205130	Mastacembelus	armatus	
Mastacembelusarmatus-205130-GCA900324485.3	GCA_900324485.3	205130	Mastacembelus	armatus	
Sphyraenanovaehollandiae-1680617-GCA050436865.1	GCA_050436865.1	1680617	Sphyraena	novaehollandiae	
Sphyraenanovaehollandiae-1680617-GCA050436885.1	GCA_050436885.1	1680617	Sphyraena	novaehollandiae	
Toxoteschatareus-270537-GCA016801885.1	GCA_016801885.1	270537	Toxotes	chatareus	
Eleutheronematetradactylum-210139-GCA046255195.1	GCA_046255195.1	210139	Eleutheronema	tetradactylum	
Polydactylussextarius-435218-GCA016801845.1	GCA_016801845.1	435218	Polydactylus	sextarius	
Istiophorusplatypterus-13575-GCA016859345.1	GCA_016859345.1	13575	Istiophorus	platypterus	
Echeneisnaucrates-173247-GCA031770045.1	GCA_031770045.1	173247	Echeneis	naucrates	
Echeneisnaucrates-173247-GCA900963305.2	GCA_900963305.2	173247	Echeneis	naucrates	
Remorinaalbescens-641296-GCA034769265.1	GCA_034769265.1	641296	Remorina	albescens	
Rachycentroncanadum-141264-GCA038496645.1	GCA_038496645.1	141264	Rachycentron	canadum	
Rachycentroncanadum-141264-GCA038496675.1	GCA_038496675.1	141264	Rachycentron	canadum	
Trachinotusovatus-173339-GCA022709315.2	GCA_022709315.2	173339	Trachinotus	ovatus	
Trachinotusovatus-173339-GCA036281595.1	GCA_036281595.1	173339	Trachinotus	ovatus	
Trachinotusovatus-173339-GCA037074605.1	GCA_037074605.1	173339	Trachinotus	ovatus	
Trachurustrachurus-36212-GCA905171665.2	GCA_905171665.2	36212	Trachurus	trachurus	
Trachurusjaponicus-83875-GCA045865225.1	GCA_045865225.1	83875	Trachurus	japonicus	
Decapterusmaruadsi-58220-GCA030347415.2	GCA_030347415.2	58220	Decapterus	maruadsi	
Decapterusmaruadsi-58220-GCA038996465.1	GCA_038996465.1	58220	Decapterus	maruadsi	
Seriolaaureovittata-2871759-GCA023856345.1	GCA_023856345.1	2871759	Seriola	aureovittata	
Serioladumerili-41447-GCA041682515.1	GCA_041682515.1	41447	Seriola	dumerili	
Paralichthysolivaceus-8255-GCA001904815.2	GCA_001904815.2	8255	Paralichthys	olivaceus	
Paralichthysolivaceus-8255-GCA036983055.1	GCA_036983055.1	8255	Paralichthys	olivaceus	
Paralichthysolivaceus-8255-GCA041430065.1	GCA_041430065.1	8255	Paralichthys	olivaceus	
Paralichthysolivaceus-8255-GCA041430075.1	GCA_041430075.1	8255	Paralichthys	olivaceus	
Paralichthysolivaceus-8255-GCA041430085.1	GCA_041430085.1	8255	Paralichthys	olivaceus	
Paralichthysolivaceus-8255-GCA041430095.1	GCA_041430095.1	8255	Paralichthys	olivaceus	
Microchirusvariegatus-90074-GCA963457635.1	GCA_963457635.1	90074	Microchirus	variegatus	
Lepidorhombuswhiffiagonis-154550-GCA965246675.1	GCA_965246675.1	154550	Lepidorhombus	whiffiagonis	
Zeugopterusregius-2821464-GCA965642325.1	GCA_965642325.1	2821464	Zeugopterus	regius	
Scophthalmusmaximus-52904-GCA963854745.1	GCA_963854745.1	52904	Scophthalmus	maximus	
Arnoglossuslaterna-208529-GCA965260895.1	GCA_965260895.1	208529	Arnoglossus	laterna	
Reinhardtiushippoglossoides-111784-GCA006182925.3	GCA_006182925.3	111784	Reinhardtius	hippoglossoides	
Hippoglossoidesplatessoides-34817-GCA051362235.1	GCA_051362235.1	34817	Hippoglossoides	platessoides	
Veraspervariegatus-82366-GCA012393435.1	GCA_012393435.1	82366	Verasper	variegatus	
Veraspervariegatus-82366-GCA013332515.1	GCA_013332515.1	82366	Verasper	variegatus	
Veraspervariegatus-82366-GCA026259375.1	GCA_026259375.1	82366	Verasper	variegatus	
Platichthysstellatus-195632-GCA016801935.1	GCA_016801935.1	195632	Platichthys	stellatus	
Platichthysstellatus-195632-GCA047651785.1	GCA_047651785.1	195632	Platichthys	stellatus	
Pseudopleuronectesamericanus-8265-GCA038501795.1	GCA_038501795.1	8265	Pseudopleuronectes	americanus	
Microstomuskitt-106175-GCA964266715.1	GCA_964266715.1	106175	Microstomus	kitt	
Parambassisranga-210632-GCA900634625.2	GCA_900634625.2	210632	Parambassis	ranga	
Dascyllustrimaculatus-50790-GCA024666655.1	GCA_024666655.1	50790	Dascyllus	trimaculatus	
Amphiprionpercula-161767-GCA003047355.2	GCA_003047355.2	161767	Amphiprion	percula	
Amphiprionclarkii-80970-GCA027123335.1	GCA_027123335.1	80970	Amphiprion	clarkii	
Etroplussuratensis-238232-GCA041004005.1	GCA_041004005.1	238232	Etroplus	suratensis	
Amphilophuscitrinellus-61819-GCA013435755.1	GCA_013435755.1	61819	Amphilophus	citrinellus	
Parachromismanaguensis-172535-GCA040437545.1	GCA_040437545.1	172535	Parachromis	managuensis	
Symphysodonaequifasciata-74133-GCA047652445.1	GCA_047652445.1	74133	Symphysodon	aequifasciata	
Peteniasplendida-96998-GCA040437555.1	GCA_040437555.1	96998	Petenia	splendida	
Pelmatolapiamariae-158779-GCA036321365.1	GCA_036321365.1	158779	Pelmatolapia	mariae	
Oreochromisaureus-47969-GCA016625535.1	GCA_016625535.1	47969	Oreochromis	aureus	
Oreochromisaureus-47969-GCA043643405.1	GCA_043643405.1	47969	Oreochromis	aureus	
Oreochromisniloticus-8128-GCA013350305.1	GCA_013350305.1	8128	Oreochromis	niloticus	
Oreochromisniloticus-8128-GCA043643375.1	GCA_043643375.1	8128	Oreochromis	niloticus	
Tropheussp-1818577-GCA050613475.1	GCA_050613475.1	1818577	Tropheus	sp	
Maylandiazebra-106582-GCA041146795.1	GCA_041146795.1	106582	Maylandia	zebra	
Maylandiazebra-106582-GCA047715935.1	GCA_047715935.1	106582	Maylandia	zebra	
Diplotaxodonlimnothrissa-163623-GCA965183775.1	GCA_965183775.1	163623	Diplotaxodon	limnothrissa	
Diplotaxodonlimnothrissa-163623-GCA965183825.1	GCA_965183825.1	163623	Diplotaxodon	limnothrissa	
Aulonocarastuartgranti-286572-GCA965226115.1	GCA_965226115.1	286572	Aulonocara	stuartgranti	
Rhamphochromissp-454631-GCA963969265.1	GCA_963969265.1	454631	Rhamphochromis	sp	
Rhamphochromissp-454631-GCA964273455.2	GCA_964273455.2	454631	Rhamphochromis	sp	
Labeotropheustrewavasae-120210-GCA047663975.1	GCA_047663975.1	120210	Labeotropheus	trewavasae	
Tropheopssp-286600-GCA964274065.2	GCA_964274065.2	286600	Tropheops	sp	
Astatotilapialatifasciata-1410459-GCA051989935.1	GCA_051989935.1	1410459	Astatotilapia	latifasciata	
Astatotilapiacalliptera-8154-GCA900246225.5	GCA_900246225.5	8154	Astatotilapia	calliptera	
Astatotilapiacalliptera-8154-GCA964374335.1	GCA_964374335.1	8154	Astatotilapia	calliptera	
Perissodusmicrolepis-32509-GCA051167405.1	GCA_051167405.1	32509	Perissodus	microlepis	
Perissodusmicrolepis-32509-GCA051167445.1	GCA_051167445.1	32509	Perissodus	microlepis	
Neolamprologusmultifasciatus-420107-GCA963576455.2	GCA_963576455.2	420107	Neolamprologus	multifasciatus	
Chromidotilapiaguntheri-762751-GCA040805835.1	GCA_040805835.1	762751	Chromidotilapia	guntheri	
Chromidotilapiaguntheri-762751-GCA040805855.1	GCA_040805855.1	762751	Chromidotilapia	guntheri	
Kryptolebiashermaphroditus-1747188-GCA007896545.1	GCA_007896545.1	1747188	Kryptolebias	hermaphroditus	
Anablepsanableps-195821-GCA014839685.1	GCA_014839685.1	195821	Anableps	anableps	
Valenciahispanica-195855-GCA963556495.2	GCA_963556495.2	195855	Valencia	hispanica	
Cyprinodonnevadensis-69241-GCA030533455.1	GCA_030533455.1	69241	Cyprinodon	nevadensis	
Cyprinodondiabolis-69136-GCA030533445.1	GCA_030533445.1	69136	Cyprinodon	diabolis	
Gambusiaholbrooki-37273-GCA965282415.1	GCA_965282415.1	37273	Gambusia	holbrooki	
Micropoeciliabifurca-69812-GCA052054765.1	GCA_052054765.1	69812	Micropoecilia	bifurca	
Poeciliaformosa-48698-GCA013036085.2	GCA_013036085.2	48698	Poecilia	formosa	
Poeciliaformosa-48698-GCA013036135.2	GCA_013036135.2	48698	Poecilia	formosa	
Poeciliapicta-69234-GCA033032245.1	GCA_033032245.1	69234	Poecilia	picta	
Poeciliareticulata-8081-GCA046042705.1	GCA_046042705.1	8081	Poecilia	reticulata	
Poeciliareticulata-8081-GCA046042745.1	GCA_046042745.1	8081	Poecilia	reticulata	
Poeciliareticulata-8081-GCA904066995.1	GCA_904066995.1	8081	Poecilia	reticulata	
Xiphophorusbirchmanni-32469-GCA036418095.1	GCA_036418095.1	32469	Xiphophorus	birchmanni	
Xiphophoruscortezi-32472-GCA041380905.1	GCA_041380905.1	32472	Xiphophorus	cortezi	
Xiphophorusmalinche-32476-GCA041429825.1	GCA_041429825.1	32476	Xiphophorus	malinche	
Hyporhamphusintermedius-1607840-GCA050306515.1	GCA_050306515.1	1607840	Hyporhamphus	intermedius	
Hyporhamphussajori-293917-GCA050306495.1	GCA_050306495.1	293917	Hyporhamphus	sajori	
Hyporhamphussajori-293917-GCA050306535.1	GCA_050306535.1	293917	Hyporhamphus	sajori	
Cololabissaira-129043-GCA040207305.1	GCA_040207305.1	129043	Cololabis	saira	
Cololabissaira-129043-GCA040207315.1	GCA_040207315.1	129043	Cololabis	saira	
Xenentodoncancila-129108-GCA014839995.1	GCA_014839995.1	129108	Xenentodon	cancila	
Oryziascurvinotus-104658-GCA023969325.1	GCA_023969325.1	104658	Oryzias	curvinotus	
Oryziassinensis-183150-GCA037389245.1	GCA_037389245.1	183150	Oryzias	sinensis	
Oryziaslatipes-8090-GCA002234695.1	GCA_002234695.1	8090	Oryzias	latipes	
Oryziaslatipes-8090-GCA002234715.1	GCA_002234715.1	8090	Oryzias	latipes	
Oryziaslatipes-8090-GCA004347445.1	GCA_004347445.1	8090	Oryzias	latipes	
Oryziaslatipes-8090-GCA004348095.1	GCA_004348095.1	8090	Oryzias	latipes	
Oryziaslatipes-8090-GCA004348135.1	GCA_004348135.1	8090	Oryzias	latipes	
Telmatherinabonti-446457-GCA933228915.1	GCA_933228915.1	446457	Telmatherina	bonti	
Neostethusbicornis-300306-GCA902685375.1	GCA_902685375.1	300306	Neostethus	bicornis	
Melanotaeniaduboulayi-120843-GCA026261665.1	GCA_026261665.1	120843	Melanotaenia	duboulayi	
Menidiamenidia-238744-GCA048544195.1	GCA_048544195.1	238744	Menidia	menidia	
Menidiamenidia-238744-GCA048628825.1	GCA_048628825.1	238744	Menidia	menidia	
Menidiamenidia-238744-GCA965154125.1	GCA_965154125.1	238744	Menidia	menidia	
Atherinapresbyter-303921-GCA965295175.1	GCA_965295175.1	303921	Atherina	presbyter	
Chelonlabrosus-48171-GCA963514085.1	GCA_963514085.1	48171	Chelon	labrosus	
Lepadogasterpurpurea-164309-GCA965274325.2	GCA_965274325.2	164309	Lepadogaster	purpurea	
Lepadogastercandolii-2740763-GCA965278445.2	GCA_965278445.2	2740763	Lepadogaster	candolii	
Apletodondentatus-206117-GCA965542115.1	GCA_965542115.1	206117	Apletodon	dentatus	
Gouaniawilldenowi-441366-GCA900634775.2	GCA_900634775.2	441366	Gouania	willdenowi	
Coryphoblenniusgalerita-152538-GCA965229965.1	GCA_965229965.1	152538	Coryphoblennius	galerita	
Salariapavo-152553-GCA043647535.1	GCA_043647535.1	152553	Salaria	pavo	
Lipophryspholis-56720-GCA963383615.1	GCA_963383615.1	56720	Lipophrys	pholis	
Parablenniusgattorugine-171871-GCA965278395.1	GCA_965278395.1	171871	Parablennius	gattorugine	
Blenniusocellaris-195075-GCA963422515.1	GCA_963422515.1	195075	Blennius	ocellaris	
Cristicepsaustralis-879810-GCA049082045.1	GCA_049082045.1	879810	Cristiceps	australis	
Cristicepsaustralis-879810-GCA049082185.1	GCA_049082185.1	879810	Cristiceps	australis	
Tripterygiontripteronotum-152555-GCA049638825.1	GCA_049638825.1	152555	Tripterygion	tripteronotum	
Tripterygiondelaisi-57862-GCA965643125.1	GCA_965643125.1	57862	Tripterygion	delaisi	
Pennahiapawak-1334976-GCA042310395.1	GCA_042310395.1	1334976	Pennahia	pawak	
Argyrosomusregius-172269-GCA946959425.1	GCA_946959425.1	172269	Argyrosomus	regius	
Argyrosomusjaponicus-448029-GCA040802145.1	GCA_040802145.1	448029	Argyrosomus	japonicus	
Larimichthyscrocea-215358-GCA004352675.2	GCA_004352675.2	215358	Larimichthys	crocea	
Larimichthyscrocea-215358-GCA040182605.1	GCA_040182605.1	215358	Larimichthys	crocea	
Larimichthyscrocea-215358-GCA040182675.1	GCA_040182675.1	215358	Larimichthys	crocea	
Larimichthyscrocea-215358-GCA040182835.1	GCA_040182835.1	215358	Larimichthys	crocea	
Larimichthyscrocea-215358-GCA044706065.1	GCA_044706065.1	215358	Larimichthys	crocea	
Larimichthyscrocea-215358-GCA900246015.1	GCA_900246015.1	215358	Larimichthys	crocea	
Larimichthyspolyactis-334908-GCA040670005.1	GCA_040670005.1	334908	Larimichthys	polyactis	
Nibeaalbiflora-240163-GCA902410095.1	GCA_902410095.1	240163	Nibea	albiflora	
Nibeacoibor-396775-GCA023373845.1	GCA_023373845.1	396775	Nibea	coibor	
Miichthysmiiuy-240162-GCA036365135.1	GCA_036365135.1	240162	Miichthys	miiuy	
Protonibeadiacanthus-335060-GCA028641955.1	GCA_028641955.1	335060	Protonibea	diacanthus	
Sciaenopsocellatus-76340-GCA014183145.1	GCA_014183145.1	76340	Sciaenops	ocellatus	
Sciaenopsocellatus-76340-GCA033000465.1	GCA_033000465.1	76340	Sciaenops	ocellatus	
Siganusvirgatus-225759-GCA051362085.1	GCA_051362085.1	225759	Siganus	virgatus	
Siganuscanaliculatus-75042-GCA041146955.1	GCA_041146955.1	75042	Siganus	canaliculatus	
Siganuscanaliculatus-75042-GCA048569235.1	GCA_048569235.1	75042	Siganus	canaliculatus	
Gymnammodytessemisquamatus-1306753-GCA965653945.1	GCA_965653945.1	1306753	Gymnammodytes	semisquamatus	
Hyperoplusimmaculatus-1484357-GCA949357725.1	GCA_949357725.1	1484357	Hyperoplus	immaculatus	
Hyperopluslanceolatus-508657-GCA026929865.2	GCA_026929865.2	508657	Hyperoplus	lanceolatus	
Ammodytesdubius-1266862-GCA026122265.1	GCA_026122265.1	1266862	Ammodytes	dubius	
Ammodytesmarinus-146480-GCA949987685.1	GCA_949987685.1	146480	Ammodytes	marinus	
Symphodusocellatus-130472-GCA965170635.1	GCA_965170635.1	130472	Symphodus	ocellatus	
Symphodusmelops-171736-GCA947650265.1	GCA_947650265.1	171736	Symphodus	melops	
Symphodustinca-202600-GCA965165685.1	GCA_965165685.1	202600	Symphodus	tinca	
Ctenolabrusrupestris-171735-GCA965358205.2	GCA_965358205.2	171735	Ctenolabrus	rupestris	
Cheilinuschlorourus-290105-GCA050084645.1	GCA_050084645.1	290105	Cheilinus	chlorourus	
Labroidesdimidiatus-241309-GCA030710495.1	GCA_030710495.1	241309	Labroides	dimidiatus	
Scarusrivulatus-247627-GCA051912175.1	GCA_051912175.1	247627	Scarus	rivulatus	
Halichoerespoeyi-316389-GCA965645315.1	GCA_965645315.1	316389	Halichoeres	poeyi	
Choerodonschoenleinii-241275-GCA047301625.1	GCA_047301625.1	241275	Choerodon	schoenleinii	
Lethrinusnebulosus-182658-GCA045362485.1	GCA_045362485.1	182658	Lethrinus	nebulosus	
Lethrinusnebulosus-182658-GCA045362495.1	GCA_045362495.1	182658	Lethrinus	nebulosus	
Rhabdosargussarba-182642-GCA047275855.1	GCA_047275855.1	182642	Rhabdosargus	sarba	
Diploduspuntazzo-48915-GCA963678695.2	GCA_963678695.2	48915	Diplodus	puntazzo	
Lagodonrhomboides-50351-GCA039737535.1	GCA_039737535.1	50351	Lagodon	rhomboides	
Pagelluserythrinus-50593-GCA965643245.1	GCA_965643245.1	50593	Pagellus	erythrinus	
Spondyliosomacantharus-50595-GCA965243705.1	GCA_965243705.1	50595	Spondyliosoma	cantharus	
Pagruspagrus-8173-GCA965226575.1	GCA_965226575.1	8173	Pagrus	pagrus	
Sparusaurata-8175-GCA003309015.1	GCA_003309015.1	8175	Sparus	aurata	
Sparusaurata-8175-GCA900880675.2	GCA_900880675.2	8175	Sparus	aurata	
Acanthopagruslatus-8177-GCA013436515.1	GCA_013436515.1	8177	Acanthopagrus	latus	
Acanthopagruslatus-8177-GCA020080195.1	GCA_020080195.1	8177	Acanthopagrus	latus	
Sinipercachuatsi-119488-GCA011952085.1	GCA_011952085.1	119488	Siniperca	chuatsi	
Sinipercachuatsi-119488-GCA027580155.1	GCA_027580155.1	119488	Siniperca	chuatsi	
Sinipercaknerii-214812-GCA011952075.1	GCA_011952075.1	214812	Siniperca	knerii	
Sinipercascherzeri-228252-GCA011952095.1	GCA_011952095.1	228252	Siniperca	scherzeri	
Sinipercascherzeri-228252-GCA027580175.1	GCA_027580175.1	228252	Siniperca	scherzeri	
Sinipercaobscura-358390-GCA049996615.1	GCA_049996615.1	358390	Siniperca	obscura	
Sinipercaroulei-358392-GCA047228765.1	GCA_047228765.1	358392	Siniperca	roulei	
Coreopercawhiteheadi-228250-GCA011952105.1	GCA_011952105.1	228250	Coreoperca	whiteheadi	
Enoplosusarmatus-215367-GCA043640875.1	GCA_043640875.1	215367	Enoplosus	armatus	
Micropterussalmoides-27706-GCA019677235.1	GCA_019677235.1	27706	Micropterus	salmoides	
Micropterussalmoides-27706-GCA022435785.1	GCA_022435785.1	27706	Micropterus	salmoides	
Micropterussalmoides-27706-GCA036785525.1	GCA_036785525.1	27706	Micropterus	salmoides	
Cheilodactyluszonatus-82899-GCA050575295.2	GCA_050575295.2	82899	Cheilodactylus	zonatus	
Chelmonrostratus-109905-GCA037975115.1	GCA_037975115.1	109905	Chelmon	rostratus	
Karalladaura-334402-GCA029224185.1	GCA_029224185.1	334402	Karalla	daura	
Caprosaper-206100-GCA965364685.1	GCA_965364685.1	206100	Capros	aper	
Pristipomoidestypus-264210-GCA045363885.1	GCA_045363885.1	264210	Pristipomoides	typus	
Pristipomoidestypus-264210-GCA045363895.1	GCA_045363895.1	264210	Pristipomoides	typus	
Lutjanuserythropterus-211835-GCA020091685.1	GCA_020091685.1	211835	Lutjanus	erythropterus	
Lutjanusfulviflamma-260525-GCA051362095.1	GCA_051362095.1	260525	Lutjanus	fulviflamma	
Lutjanusgriseus-40503-GCA050947775.1	GCA_050947775.1	40503	Lutjanus	griseus	
Rhomboplitesaurorubens-40507-GCA041380415.1	GCA_041380415.1	40507	Rhomboplites	aurorubens	
Caesioteres-1311420-GCA048129025.1	GCA_048129025.1	1311420	Caesio	teres	
Caesioteres-1311420-GCA048129055.1	GCA_048129055.1	1311420	Caesio	teres	
Symphorusnematophorus-396798-GCA048128715.1	GCA_048128715.1	396798	Symphorus	nematophorus	
Symphorusnematophorus-396798-GCA048128725.1	GCA_048128725.1	396798	Symphorus	nematophorus	
Lateolabraxmaculatus-315492-GCA004023545.1	GCA_004023545.1	315492	Lateolabrax	maculatus	
Lateolabraxmaculatus-315492-GCA004028665.1	GCA_004028665.1	315492	Lateolabrax	maculatus	
Lateolabraxmaculatus-315492-GCA031216445.1	GCA_031216445.1	315492	Lateolabrax	maculatus	
Pempherisklunzingeri-3127111-GCA042242125.1	GCA_042242125.1	3127111	Pempheris	klunzingeri	
Ostracioncubicum-229058-GCA051312715.1	GCA_051312715.1	229058	Ostracion	cubicum	
Thamnaconusseptentrionalis-435163-GCA009823395.1	GCA_009823395.1	435163	Thamnaconus	septentrionalis	
Paopalembangensis-1820603-GCA015343265.1	GCA_015343265.1	1820603	Pao	palembangensis	
Takifugurubripes-31033-GCA901000725.3	GCA_901000725.3	31033	Takifugu	rubripes	
Lophiusamericanus-8073-GCA037951165.2	GCA_037951165.2	8073	Lophius	americanus	
Chaunaxsp-3119788-GCA037577475.1	GCA_037577475.1	3119788	Chaunax	sp	
Antennariusmaculatus-882753-GCA013358685.1	GCA_013358685.1	882753	Antennarius	maculatus	
Plectropomusleopardus-160734-GCA011397275.1	GCA_011397275.1	160734	Plectropomus	leopardus	
Plectropomusleopardus-160734-GCA026936395.1	GCA_026936395.1	160734	Plectropomus	leopardus	
Cromileptesaltivelis-304459-GCA013133815.1	GCA_013133815.1	304459	Cromileptes	altivelis	
Cromileptesaltivelis-304459-GCA019925165.1	GCA_019925165.1	304459	Cromileptes	altivelis	
Epinephelusawoara-152218-GCA035609425.1	GCA_035609425.1	152218	Epinephelus	awoara	
Epinepheluspolyphekadion-241181-GCA041411175.1	GCA_041411175.1	241181	Epinephelus	polyphekadion	
Epinepheluspolyphekadion-241181-GCA046464035.1	GCA_046464035.1	241181	Epinephelus	polyphekadion	
Epinephelusfuscoguttatus-2528762-GCA047716675.1	GCA_047716675.1	2528762	Epinephelus	fuscoguttatus	
Epinephelusrankini-2930458-GCA048129065.1	GCA_048129065.1	2930458	Epinephelus	rankini	
Epinephelusrankini-2930458-GCA048129235.1	GCA_048129235.1	2930458	Epinephelus	rankini	
Epinepheluscyanopodus-308565-GCA026686955.1	GCA_026686955.1	308565	Epinephelus	cyanopodus	
Epinepheluslanceolatus-310571-GCA017165655.1	GCA_017165655.1	310571	Epinephelus	lanceolatus	
Epinepheluslanceolatus-310571-GCA041903045.1	GCA_041903045.1	310571	Epinephelus	lanceolatus	
Epinepheluslanceolatus-310571-GCA050947925.1	GCA_050947925.1	310571	Epinephelus	lanceolatus	
Epinephelusbruneus-323802-GCA041684075.1	GCA_041684075.1	323802	Epinephelus	bruneus	
Epinephelustukula-327770-GCA021130775.1	GCA_021130775.1	327770	Epinephelus	tukula	
Serranuscabrilla-94953-GCA965643205.1	GCA_965643205.1	94953	Serranus	cabrilla	
Chelidonichthyslucerna-2576622-GCA965644535.1	GCA_965644535.1	2576622	Chelidonichthys	lucerna	
Chelidonichthysspinosus-450224-GCA029853015.1	GCA_029853015.1	450224	Chelidonichthys	spinosus	
Eutriglagurnardus-426098-GCA963514095.1	GCA_963514095.1	426098	Eutrigla	gurnardus	
Platycephalussp-2827218-GCA047305485.1	GCA_047305485.1	2827218	Platycephalus	sp	
Anthiasanthias-327821-GCA964269795.2	GCA_964269795.2	327821	Anthias	anthias	
Spinachiaspinachia-206126-GCA048126635.1	GCA_048126635.1	206126	Spinachia	spinachia	
Spinachiaspinachia-206126-GCA048127205.1	GCA_048127205.1	206126	Spinachia	spinachia	
Apeltesquadracus-240154-GCA021346845.1	GCA_021346845.1	240154	Apeltes	quadracus	
Apeltesquadracus-240154-GCA048569185.1	GCA_048569185.1	240154	Apeltes	quadracus	
Gasterosteusnipponicus-1778380-GCA014132575.2	GCA_014132575.2	1778380	Gasterosteus	nipponicus	
Gasterosteusaculeatus-69293-GCA017751045.1	GCA_017751045.1	69293	Gasterosteus	aculeatus	
Gasterosteusaculeatus-69293-GCA046562415.1	GCA_046562415.1	69293	Gasterosteus	aculeatus	
Gasterosteusaculeatus-69293-GCA964276395.1	GCA_964276395.1	69293	Gasterosteus	aculeatus	
Liparistanakae-230148-GCA036178185.1	GCA_036178185.1	230148	Liparis	tanakae	
Liparistanakae-230148-GCA050084785.1	GCA_050084785.1	230148	Liparis	tanakae	
Pseudoliparissp-3239380-GCA048564765.1	GCA_048564765.1	3239380	Pseudoliparis	sp	
Pseudoliparissp-3349391-GCA048544885.1	GCA_048544885.1	3349391	Pseudoliparis	sp	
Taurulusbubalis-61643-GCA910589615.1	GCA_910589615.1	61643	Taurulus	bubalis	
Cottusgobio-100952-GCA023566465.1	GCA_023566465.1	100952	Cottus	gobio	
Cyclopteruslumpus-8103-GCA963457625.1	GCA_963457625.1	8103	Cyclopterus	lumpus	
Hexagrammosotakii-72450-GCA043790635.1	GCA_043790635.1	72450	Hexagrammos	otakii	
Anisarchusmedius-980385-GCA046127435.1	GCA_046127435.1	980385	Anisarchus	medius	
Pholisgunnellus-56726-GCA910591455.2	GCA_910591455.2	56726	Pholis	gunnellus	
Pachycaraangeloi-2823901-GCA048544875.1	GCA_048544875.1	2823901	Pachycara	angeloi	
Lycodespallidus-215420-GCA049309625.1	GCA_049309625.1	215420	Lycodes	pallidus	
Melanostigmagelatinosum-1091424-GCA949748355.1	GCA_949748355.1	1091424	Melanostigma	gelatinosum	
Sebastesschlegelii-214486-GCA014673565.1	GCA_014673565.1	214486	Sebastes	schlegelii	
Synanceiaverrucosa-51996-GCA029721515.1	GCA_029721515.1	51996	Synanceia	verrucosa	
Echiichthysvipera-94984-GCA963691815.1	GCA_963691815.1	94984	Echiichthys	vipera	
Gymnocephaluscernua-57865-GCA023631565.1	GCA_023631565.1	57865	Gymnocephalus	cernua	
Percaschrenkii-210850-GCA025617405.1	GCA_025617405.1	210850	Perca	schrenkii	
Sanderlucioperca-283035-GCA023718385.1	GCA_023718385.1	283035	Sander	lucioperca	
Sandervitreus-283036-GCA031162955.1	GCA_031162955.1	283036	Sander	vitreus	
Zingelzingel-210855-GCA023566125.1	GCA_023566125.1	210855	Zingel	zingel	
Etheostomanigrum-54337-GCA029931835.1	GCA_029931835.1	54337	Etheostoma	nigrum	
Etheostomaperlongum-655342-GCA026937815.1	GCA_026937815.1	655342	Etheostoma	perlongum	
Nototheniarossii-101497-GCA949606895.1	GCA_949606895.1	101497	Notothenia	rossii	
Zeusfaber-64108-GCA960531495.1	GCA_960531495.1	64108	Zeus	faber	
Coryphaenoidesrudis-1887086-GCA048487635.1	GCA_048487635.1	1887086	Coryphaenoides	rudis	
Gadusmorhua-8049-GCA010882105.1	GCA_010882105.1	8049	Gadus	morhua	
Gadusmacrocephalus-80720-GCA031193875.1	GCA_031193875.1	80720	Gadus	macrocephalus	
Pollachiuspollachius-185739-GCA949987615.1	GCA_949987615.1	185739	Pollachius	pollachius	
Micromesistiuspoutassou-81636-GCA964030765.1	GCA_964030765.1	81636	Micromesistius	poutassou	
Merlucciusmerluccius-8063-GCA964660975.1	GCA_964660975.1	8063	Merluccius	merluccius	
Polymixiacf.-3239838-GCA048537225.1	GCA_048537225.1	3239838	Polymixia	cf.	
Polymixiacf.-3239838-GCA048537235.1	GCA_048537235.1	3239838	Polymixia	cf.	
Bathypteroissp-3349394-GCA048564785.1	GCA_048564785.1	3349394	Bathypterois	sp	
Bathysaurusmollis-1126214-GCA048564825.1	GCA_048564825.1	1126214	Bathysaurus	mollis	
Bathysaurusmollis-1126214-GCA965279225.1	GCA_965279225.1	1126214	Bathysaurus	mollis	
Notolepiscoatsorum-948063-GCA963971535.1	GCA_963971535.1	948063	Notolepis	coatsorum	
Salangichthysmicrodon-137522-GCA051107095.1	GCA_051107095.1	137522	Salangichthys	microdon	
Neosalanxbrevirostris-1028178-GCA044705665.1	GCA_044705665.1	1028178	Neosalanx	brevirostris	
Neosalanxtaihuensis-240825-GCA030340665.1	GCA_030340665.1	240825	Neosalanx	taihuensis	
Neosalanxjordani-240826-GCA051107145.1	GCA_051107145.1	240826	Neosalanx	jordani	
Neosalanxanderssoni-350769-GCA051107185.1	GCA_051107185.1	350769	Neosalanx	anderssoni	
Neosalanxargentea-350770-GCA051107165.1	GCA_051107165.1	350770	Neosalanx	argentea	
Protosalanxchinensis-240822-GCA030340685.1	GCA_030340685.1	240822	Protosalanx	chinensis	
Protosalanxhyalocranius-418454-GCA044905845.1	GCA_044905845.1	418454	Protosalanx	hyalocranius	
Salanxariakensis-221867-GCA051107105.1	GCA_051107105.1	221867	Salanx	ariakensis	
Salanxcuvieri-306639-GCA044705685.1	GCA_044705685.1	306639	Salanx	cuvieri	
Salanxchinensis-350768-GCA051107215.1	GCA_051107215.1	350768	Salanx	chinensis	
Hemisalanxbrachyrostralis-240824-GCA045786985.1	GCA_045786985.1	240824	Hemisalanx	brachyrostralis	
Neosalangichthysishikawae-2905919-GCA051110555.1	GCA_051110555.1	2905919	Neosalangichthys	ishikawae	
Spirinchusthaleichthys-260508-GCA052324805.1	GCA_052324805.1	260508	Spirinchus	thaleichthys	
Thaleichthyspacificus-240832-GCA023658055.1	GCA_023658055.1	240832	Thaleichthys	pacificus	
Hypomesustranspacificus-137520-GCA021870715.1	GCA_021870715.1	137520	Hypomesus	transpacificus	
Borostomiasantarcticus-473354-GCA949987555.1	GCA_949987555.1	473354	Borostomias	antarcticus	
Argentinasilus-446415-GCA951799395.1	GCA_951799395.1	446415	Argentina	silus	
Nanseniaantarctica-443705-GCA963989245.1	GCA_963989245.1	443705	Nansenia	antarctica	
Aplochitontaeniatus-946358-GCA017639675.1	GCA_017639675.1	946358	Aplochiton	taeniatus	
Coregonusussuriensis-340692-GCA031479575.1	GCA_031479575.1	340692	Coregonus	ussuriensis	
Coregonusartedi-36181-GCA039881085.1	GCA_039881085.1	36181	Coregonus	artedi	
Coregonuslavaretus-59291-GCA964263955.1	GCA_964263955.1	59291	Coregonus	lavaretus	
Brachymystaxlenok-1115630-GCA030435695.1	GCA_030435695.1	1115630	Brachymystax	lenok	
Brachymystaxlenok-1115630-GCA031305455.1	GCA_031305455.1	1115630	Brachymystax	lenok	
Oncorhynchusclarkii-3342787-GCA049308825.1	GCA_049308825.1	3342787	Oncorhynchus	clarkii	
Oncorhynchusclarkii-3342787-GCA049308835.1	GCA_049308835.1	3342787	Oncorhynchus	clarkii	
Oncorhynchustshawytscha-74940-GCA002831465.1	GCA_002831465.1	74940	Oncorhynchus	tshawytscha	
Oncorhynchusgorbuscha-8017-GCA017355495.1	GCA_017355495.1	8017	Oncorhynchus	gorbuscha	
Oncorhynchusmykiss-8022-GCA025558465.1	GCA_025558465.1	8022	Oncorhynchus	mykiss	
Oncorhynchusmykiss-8022-GCA029834435.1	GCA_029834435.1	8022	Oncorhynchus	mykiss	
Oncorhynchusmykiss-857570-GCA034753235.1	GCA_034753235.1	857570	Oncorhynchus	mykiss	
Salmosalar-8030-GCA021399835.1	GCA_021399835.1	8030	Salmo	salar	
Salmosalar-8030-GCA923944775.2	GCA_923944775.2	8030	Salmo	salar	
Salmosalar-8030-GCA931346935.2	GCA_931346935.2	8030	Salmo	salar	
Salmosalar-8030-GCA965601325.1	GCA_965601325.1	8030	Salmo	salar	
Salmotrutta-8032-GCA043791845.1	GCA_043791845.1	8032	Salmo	trutta	
Salmotrutta-8032-GCA901001165.2	GCA_901001165.2	8032	Salmo	trutta	
Huchobleekeri-633558-GCA046056365.1	GCA_046056365.1	633558	Hucho	bleekeri	
Thymallusgrubii-201378-GCA051833735.1	GCA_051833735.1	201378	Thymallus	grubii	
Thymallusthymallus-36185-GCA004348285.1	GCA_004348285.1	36185	Thymallus	thymallus	
Thymallusthymallus-36185-GCA023634145.1	GCA_023634145.1	36185	Thymallus	thymallus	
Esoxreichertii-256424-GCA051943175.1	GCA_051943175.1	256424	Esox	reichertii	
Denticepsclupeoides-299321-GCA900700375.2	GCA_900700375.2	299321	Denticeps	clupeoides	
Ilishaelongata-365054-GCA043882065.1	GCA_043882065.1	365054	Ilisha	elongata	
Coiliamystus-286537-GCA048544215.1	GCA_048544215.1	286537	Coilia	mystus	
Coiliamystus-286537-GCA048544225.1	GCA_048544225.1	286537	Coilia	mystus	
Coiliamystus-286537-GCA050626335.1	GCA_050626335.1	286537	Coilia	mystus	
Coilianasus-365059-GCA007927625.1	GCA_007927625.1	365059	Coilia	nasus	
Coilianasus-365059-GCA027475355.1	GCA_027475355.1	365059	Coilia	nasus	
Setipinnatenuifilis-762045-GCA030347295.1	GCA_030347295.1	762045	Setipinna	tenuifilis	
Engraulisjaponicus-42892-GCA040112795.1	GCA_040112795.1	42892	Engraulis	japonicus	
Alosasapidissima-34773-GCA019202745.1	GCA_019202745.1	34773	Alosa	sapidissima	
Sprattussprattus-196075-GCA963457725.1	GCA_963457725.1	196075	Sprattus	sprattus	
Clupeaharengus-7950-GCA040183275.2	GCA_040183275.2	7950	Clupea	harengus	
Gyrinocheilusaymonieri-154816-GCA051167395.1	GCA_051167395.1	154816	Gyrinocheilus	aymonieri	
Beaufortiakweichowensis-241442-GCA019155185.1	GCA_019155185.1	241442	Beaufortia	kweichowensis	
Leptobotiaelongata-143403-GCA039881065.1	GCA_039881065.1	143403	Leptobotia	elongata	
Leptobotiaelongata-143403-GCA039881075.1	GCA_039881075.1	143403	Leptobotia	elongata	
Barbatulabarbatula-135647-GCA037178815.1	GCA_037178815.1	135647	Barbatula	barbatula	
Barbatulabarbatula-135647-GCA947034865.1	GCA_947034865.1	135647	Barbatula	barbatula	
Oreonectesdaqikongensis-1886673-GCA052426585.1	GCA_052426585.1	1886673	Oreonectes	daqikongensis	
Oreonectesplatycephalus-341095-GCA045838175.1	GCA_045838175.1	341095	Oreonectes	platycephalus	
Oreonectesplatycephalus-341095-GCA045838225.1	GCA_045838225.1	341095	Oreonectes	platycephalus	
Triplophysascleroptera-1636871-GCA049739055.1	GCA_049739055.1	1636871	Triplophysa	scleroptera	
Triplophysabombifrons-1652672-GCA029783895.1	GCA_029783895.1	1652672	Triplophysa	bombifrons	
Triplophysayarkandensis-1677794-GCA033220385.1	GCA_033220385.1	1677794	Triplophysa	yarkandensis	
Triplophysalixianensis-1783475-GCA041430785.1	GCA_041430785.1	1783475	Triplophysa	lixianensis	
Triplophysapappenheimi-1792974-GCA051294615.1	GCA_051294615.1	1792974	Triplophysa	pappenheimi	
Misgurnusanguillicaudatus-75329-GCA041755345.1	GCA_041755345.1	75329	Misgurnus	anguillicaudatus	
Misgurnusanguillicaudatus-75329-GCA041755355.1	GCA_041755355.1	75329	Misgurnus	anguillicaudatus	
Misgurnusanguillicaudatus-75329-GCA041755365.1	GCA_041755365.1	75329	Misgurnus	anguillicaudatus	
Misgurnusanguillicaudatus-75329-GCA041755415.1	GCA_041755415.1	75329	Misgurnus	anguillicaudatus	
Misgurnusanguillicaudatus-75329-GCA048165095.1	GCA_048165095.1	75329	Misgurnus	anguillicaudatus	
Lepturichthysfimbriata-241444-GCA051168995.1	GCA_051168995.1	241444	Lepturichthys	fimbriata	
Daniokyathit-242068-GCA903798195.1	GCA_903798195.1	242068	Danio	kyathit	
Daniorerio-7955-GCA008692375.1	GCA_008692375.1	7955	Danio	rerio	
Daniorerio-7955-GCA018400075.1	GCA_018400075.1	7955	Danio	rerio	
Daniorerio-7955-GCA020184715.1	GCA_020184715.1	7955	Danio	rerio	
Daniorerio-7955-GCA903684855.2	GCA_903684855.2	7955	Danio	rerio	
Daniorerio-7955-GCA903684865.1	GCA_903684865.1	7955	Danio	rerio	
Daniorerio-7955-GCA903798165.1	GCA_903798165.1	7955	Danio	rerio	
Daniorerio-7955-GCA903798175.1	GCA_903798175.1	7955	Danio	rerio	
Daniorerio-7955-GCA903798185.1	GCA_903798185.1	7955	Danio	rerio	
Daniorerio-7955-GCA944039275.1	GCA_944039275.1	7955	Danio	rerio	
Gobiogobio-27704-GCA021464655.1	GCA_021464655.1	27704	Gobio	gobio	
Gobiogobio-27704-GCA949357685.1	GCA_949357685.1	27704	Gobio	gobio	
Romanogobioalbipinnatus-260767-GCA023566225.1	GCA_023566225.1	260767	Romanogobio	albipinnatus	
Gobiocyprisrarus-143606-GCA018491645.1	GCA_018491645.1	143606	Gobiocypris	rarus	
Gobiocyprisrarus-143606-GCA023029165.1	GCA_023029165.1	143606	Gobiocypris	rarus	
Rhinogobioventralis-171530-GCA039654625.1	GCA_039654625.1	171530	Rhinogobio	ventralis	
Rhinogobionasutus-2590489-GCA048301585.1	GCA_048301585.1	2590489	Rhinogobio	nasutus	
Paracanthobramaguichenoti-291819-GCA018749465.1	GCA_018749465.1	291819	Paracanthobrama	guichenoti	
Pseudorasboraelongata-328526-GCA046055825.1	GCA_046055825.1	328526	Pseudorasbora	elongata	
Pseudorasboraparva-51549-GCA050926195.1	GCA_050926195.1	51549	Pseudorasbora	parva	
Hemibarbusmaculatus-291814-GCA052109935.1	GCA_052109935.1	291814	Hemibarbus	maculatus	
Hemibarbuslabeo-328524-GCA051403015.1	GCA_051403015.1	328524	Hemibarbus	labeo	
Coreiusguichenoti-328532-GCA039654105.1	GCA_039654105.1	328532	Coreius	guichenoti	
Chrosomuseos-42663-GCA036326025.1	GCA_036326025.1	42663	Chrosomus	eos	
Ptychocheiluslucius-232998-GCA041765585.1	GCA_041765585.1	232998	Ptychocheilus	lucius	
Vimbavimba-155067-GCA022828995.1	GCA_022828995.1	155067	Vimba	vimba	
Squaliuscephalus-8284-GCA022829025.1	GCA_022829025.1	8284	Squalius	cephalus	
Squaliuscephalus-8284-GCA949319135.1	GCA_949319135.1	8284	Squalius	cephalus	
Abramisbrama-38527-GCA022829085.1	GCA_022829085.1	38527	Abramis	brama	
Abramisbrama-38527-GCA963993115.1	GCA_963993115.1	38527	Abramis	brama	
Rutilusrutilus-48668-GCA951802725.1	GCA_951802725.1	48668	Rutilus	rutilus	
Scardiniuserythrophthalmus-58319-GCA024453875.1	GCA_024453875.1	58319	Scardinius	erythrophthalmus	
Scardiniuserythrophthalmus-58319-GCA964197995.1	GCA_964197995.1	58319	Scardinius	erythrophthalmus	
Leucaspiusdelineatus-58323-GCA023718395.1	GCA_023718395.1	58323	Leucaspius	delineatus	
Leuciscusleuciscus-58325-GCA965113295.1	GCA_965113295.1	58325	Leuciscus	leuciscus	
Leuciscusleuciscus-58325-GCA965113325.1	GCA_965113325.1	58325	Leuciscus	leuciscus	
Leuciscusidus-69811-GCA021554675.1	GCA_021554675.1	69811	Leuciscus	idus	
Phoxinusphoxinus-58324-GCA949152265.1	GCA_949152265.1	58324	Phoxinus	phoxinus	
Medafulgida-67549-GCA030578275.1	GCA_030578275.1	67549	Meda	fulgida	
Tiarogacobitis-86932-GCA030578255.1	GCA_030578255.1	86932	Tiaroga	cobitis	
Pseudaspiusleptocephalus-263870-GCA046865715.1	GCA_046865715.1	263870	Pseudaspius	leptocephalus	
Rhynchocyprislagowskii-219677-GCA049462935.1	GCA_049462935.1	219677	Rhynchocypris	lagowskii	
Rhynchocyprislagowskii-219677-GCA050574305.1	GCA_050574305.1	219677	Rhynchocypris	lagowskii	
Rhynchocyprislagowskii-219677-GCA050575185.1	GCA_050575185.1	219677	Rhynchocypris	lagowskii	
Paedocyprismicromegethes-1093616-GCA028031935.1	GCA_028031935.1	1093616	Paedocypris	micromegethes	
Opsariichthysbidens-141458-GCA037194245.1	GCA_037194245.1	141458	Opsariichthys	bidens	
Opsariichthysbidens-141458-GCA037194315.1	GCA_037194315.1	141458	Opsariichthys	bidens	
Opsariichthysbidens-141458-GCA037194365.1	GCA_037194365.1	141458	Opsariichthys	bidens	
Opsariichthysbidens-141458-GCA051403865.1	GCA_051403865.1	141458	Opsariichthys	bidens	
Zaccoplatypus-80810-GCA034642465.1	GCA_034642465.1	80810	Zacco	platypus	
Zaccoplatypus-80810-GCA038088235.1	GCA_038088235.1	80810	Zacco	platypus	
Ochetobiuselongatus-143615-GCA041950425.1	GCA_041950425.1	143615	Ochetobius	elongatus	
Ochetobiuselongatus-143615-GCA047495795.1	GCA_047495795.1	143615	Ochetobius	elongatus	
Sinibramawui-2202366-GCA040182825.1	GCA_040182825.1	2202366	Sinibrama	wui	
Elopichthysbambusa-238031-GCA037101425.1	GCA_037101425.1	238031	Elopichthys	bambusa	
Distoechodonmacrophthalmus-3128908-GCA046865685.1	GCA_046865685.1	3128908	Distoechodon	macrophthalmus	
Xenocyprisdavidi-291826-GCA048182625.1	GCA_048182625.1	291826	Xenocypris	davidi	
Xenocyprisargentea-70546-GCA046562865.1	GCA_046562865.1	70546	Xenocypris	argentea	
Mylopharyngodonpiceus-75356-GCA039654765.1	GCA_039654765.1	75356	Mylopharyngodon	piceus	
Mylopharyngodonpiceus-75356-GCA049864055.1	GCA_049864055.1	75356	Mylopharyngodon	piceus	
Parabramispekinensis-75358-GCA041684115.1	GCA_041684115.1	75358	Parabramis	pekinensis	
Squaliobarbuscurriculus-75372-GCA040359625.1	GCA_040359625.1	75372	Squaliobarbus	curriculus	
Squaliobarbuscurriculus-75372-GCA046118805.1	GCA_046118805.1	75372	Squaliobarbus	curriculus	
Hypophthalmichthysmolitrix-13095-GCA022817975.1	GCA_022817975.1	13095	Hypophthalmichthys	molitrix	
Hypophthalmichthysmolitrix-13095-GCA037950675.1	GCA_037950675.1	13095	Hypophthalmichthys	molitrix	
Hypophthalmichthysmolitrix-13095-GCA041475455.1	GCA_041475455.1	13095	Hypophthalmichthys	molitrix	
Hypophthalmichthysmolitrix-13095-GCA046563665.1	GCA_046563665.1	13095	Hypophthalmichthys	molitrix	
Hypophthalmichthysnobilis-7965-GCA019925145.1	GCA_019925145.1	7965	Hypophthalmichthys	nobilis	
Hypophthalmichthysnobilis-7965-GCA037950665.1	GCA_037950665.1	7965	Hypophthalmichthys	nobilis	
Plagiognathopsmicrolepis-70548-GCA040144785.1	GCA_040144785.1	70548	Plagiognathops	microlepis	
Plagiognathopsmicrolepis-70548-GCA040256225.1	GCA_040256225.1	70548	Plagiognathops	microlepis	
tetraploidCarassius-1200843-GCA042767175.1	GCA_042767175.1	1200843	tetraploid	Carassius	
allooctoploidhybrid-2876849-GCA024542945.1	GCA_024542945.1	2876849	allooctoploid	hybrid	
Onychostomamacrolepis-369639-GCA049307565.1	GCA_049307565.1	369639	Onychostoma	macrolepis	
Acrossocheiluswenchowensis-1279364-GCA029620275.1	GCA_029620275.1	1279364	Acrossocheilus	wenchowensis	
Acrossocheilusfasciatus-356809-GCA036784905.1	GCA_036784905.1	356809	Acrossocheilus	fasciatus	
Acrossocheilusfasciatus-356809-GCA039880705.1	GCA_039880705.1	356809	Acrossocheilus	fasciatus	
Aspiorhynchuslaticeps-748366-GCA023376895.1	GCA_023376895.1	748366	Aspiorhynchus	laticeps	
Schizothoraxcurvilabiatus-2036785-GCA049863035.1	GCA_049863035.1	2036785	Schizothorax	curvilabiatus	
Schizothoraxmacropogon-263547-GCA041051915.1	GCA_041051915.1	263547	Schizothorax	macropogon	
Schizothoraxlantsangensis-343527-GCA027422415.1	GCA_027422415.1	343527	Schizothorax	lantsangensis	
Barbusbarbus-40830-GCA023566175.1	GCA_023566175.1	40830	Barbus	barbus	
Barbusbarbus-40830-GCA936440315.1	GCA_936440315.1	40830	Barbus	barbus	
Procyprisrabaudi-367866-GCA049638765.1	GCA_049638765.1	367866	Procypris	rabaudi	
Sinocyclocheilusanshuiensis-1608454-GCA045785235.1	GCA_045785235.1	1608454	Sinocyclocheilus	anshuiensis	
Sinocyclocheilusmaitianheensis-307951-GCA045785285.1	GCA_045785285.1	307951	Sinocyclocheilus	maitianheensis	
Sinocyclocheilusrhinocerous-307959-GCA051527275.1	GCA_051527275.1	307959	Sinocyclocheilus	rhinocerous	
Sinocyclocheilusjii-307964-GCA049830015.1	GCA_049830015.1	307964	Sinocyclocheilus	jii	
Carassiusgibelio-101364-GCA019843895.2	GCA_019843895.2	101364	Carassius	gibelio	
Carassiusgibelio-101364-GCA023724075.1	GCA_023724075.1	101364	Carassius	gibelio	
Carassiusgibelio-101364-GCA023724085.1	GCA_023724085.1	101364	Carassius	gibelio	
Carassiusgibelio-101364-GCA043790415.1	GCA_043790415.1	101364	Carassius	gibelio	
Carassiuscarassius-217509-GCA047456465.1	GCA_047456465.1	217509	Carassius	carassius	
genomereconstructedamphitriploid-3394893-GCA051308675.1	GCA_051308675.1	3394893	genomereconstructed	amphitriploid	
Carassiuscuvieri-52617-GCA049309305.1	GCA_049309305.1	52617	Carassius	cuvieri	
Carassiusauratus-7957-GCA014332655.1	GCA_014332655.1	7957	Carassius	auratus	
Carassiusauratus-7957-GCA019720715.2	GCA_019720715.2	7957	Carassius	auratus	
Cyprinuscarpio-7962-GCA027406505.1	GCA_027406505.1	7962	Cyprinus	carpio	
Cyprinuscarpio-3421562-GCA051167465.1	GCA_051167465.1	3421562	Cyprinus	carpio	
Ptychidiojordani-369663-GCA041296075.1	GCA_041296075.1	369663	Ptychidio	jordani	
Hypsibarbusvernayi-357531-GCA041146585.1	GCA_041146585.1	357531	Hypsibarbus	vernayi	
Schizopygopsisyounghusbandi-263521-GCA040939985.1	GCA_040939985.1	263521	Schizopygopsis	younghusbandi	
Schizopygopsispylzovi-263523-GCA027422435.1	GCA_027422435.1	263523	Schizopygopsis	pylzovi	
Schizopygopsismalacanthus-361645-GCA027474115.1	GCA_027474115.1	361645	Schizopygopsis	malacanthus	
Ptychobarbuskaznakovi-263525-GCA027422405.1	GCA_027422405.1	263525	Ptychobarbus	kaznakovi	
Diptychusmaculatus-263537-GCA041504395.2	GCA_041504395.2	263537	Diptychus	maculatus	
Gymnocypriseckloni-334712-GCA027564155.1	GCA_027564155.1	334712	Gymnocypris	eckloni	
Barbodessemifasciolatus-319323-GCA049639465.1	GCA_049639465.1	319323	Barbodes	semifasciolatus	
Barbodessemifasciolatus-319323-GCA049639485.1	GCA_049639485.1	319323	Barbodes	semifasciolatus	
Spinibarbuscaldwelli-221414-GCA039654775.1	GCA_039654775.1	221414	Spinibarbus	caldwelli	
Semaprochilodusinsignis-642563-GCA034552555.1	GCA_034552555.1	642563	Semaprochilodus	insignis	
Acestrorhynchusaltus-639287-GCA034509495.1	GCA_034509495.1	639287	Acestrorhynchus	altus	
Hepsetusodoe-42563-GCA017165825.1	GCA_017165825.1	42563	Hepsetus	odoe	
Astyanaxmexicanus-7994-GCA023375835.1	GCA_023375835.1	7994	Astyanax	mexicanus	
Astyanaxmexicanus-7994-GCA023375845.1	GCA_023375845.1	7994	Astyanax	mexicanus	
Piaractusmesopotamicus-42528-GCA040208305.1	GCA_040208305.1	42528	Piaractus	mesopotamicus	
Apareiodonsp-3092293-GCA040893165.1	GCA_040893165.1	3092293	Apareiodon	sp	
Megaleporinusmacrocephalus-327003-GCA021613375.1	GCA_021613375.1	327003	Megaleporinus	macrocephalus	
Pterygoplichthyspardalis-103477-GCA050231285.1	GCA_050231285.1	103477	Pterygoplichthys	pardalis	
Silurusaristotelis-933932-GCA946808225.1	GCA_946808225.1	933932	Silurus	aristotelis	
Chimarrichthyskishinouyei-2202370-GCA048932625.1	GCA_048932625.1	2202370	Chimarrichthys	kishinouyei	
Plotosuslineatus-243562-GCA024760905.1	GCA_024760905.1	243562	Plotosus	lineatus	
Cranoglanisbouderius-175798-GCA023630585.1	GCA_023630585.1	175798	Cranoglanis	bouderius	
Cranoglanisbouderius-175798-GCA026119655.1	GCA_026119655.1	175798	Cranoglanis	bouderius	
Channallabesapus-103215-GCA030522415.1	GCA_030522415.1	103215	Channallabes	apus	
Clariasgariepinus-13013-GCA024256435.1	GCA_024256435.1	13013	Clarias	gariepinus	
Clariasgariepinus-13013-GCA024256465.1	GCA_024256465.1	13013	Clarias	gariepinus	
Clariasgariepinus-13013-GCA048129225.1	GCA_048129225.1	13013	Clarias	gariepinus	
Clariasfuscus-33541-GCA030347435.1	GCA_030347435.1	33541	Clarias	fuscus	
Clariasfuscus-33541-GCA046453815.1	GCA_046453815.1	33541	Clarias	fuscus	
Clariasmacrocephalus-35657-GCA048129245.1	GCA_048129245.1	35657	Clarias	macrocephalus	
Clariasmacrocephalus-35657-GCA048544425.1	GCA_048544425.1	35657	Clarias	macrocephalus	
Clariasmacrocephalus-35657-GCA048544435.1	GCA_048544435.1	35657	Clarias	macrocephalus	
Clariasdussumieri-685904-GCA041682065.1	GCA_041682065.1	685904	Clarias	dussumieri	
Tachysurusfulvidraco-1234273-GCA023638525.1	GCA_023638525.1	1234273	Tachysurus	fulvidraco	
Tachysurusussuriensis-1828414-GCA040256215.1	GCA_040256215.1	1828414	Tachysurus	ussuriensis	
Leiocassislongirostris-175787-GCA041146805.1	GCA_041146805.1	175787	Leiocassis	longirostris	
Ictaluruspunctatus-7998-GCA004006655.3	GCA_004006655.3	7998	Ictalurus	punctatus	
Pangasianodonhypophthalmus-310915-GCA016801045.1	GCA_016801045.1	310915	Pangasianodon	hypophthalmus	
Pangasianodonhypophthalmus-310915-GCA051225775.1	GCA_051225775.1	310915	Pangasianodon	hypophthalmus	
Pangasiusmacronema-337723-GCA037577455.1	GCA_037577455.1	337723	Pangasius	macronema	
Pangasiusconchophilus-337735-GCA037577785.1	GCA_037577785.1	337735	Pangasius	conchophilus	
Pangasiusbocourti-365578-GCA037577625.1	GCA_037577625.1	365578	Pangasius	bocourti	
Pangasiuslarnaudii-365580-GCA037576815.1	GCA_037576815.1	365580	Pangasius	larnaudii	
Pangasiussanitwongsei-365581-GCA037576675.1	GCA_037576675.1	365581	Pangasius	sanitwongsei	
Pangasiussanitwongsei-365581-GCA051225755.1	GCA_051225755.1	365581	Pangasius	sanitwongsei	
Pangasiuskrempfi-796020-GCA037576825.1	GCA_037576825.1	796020	Pangasius	krempfi	
Electrophoruselectricus-8005-GCA036250545.1	GCA_036250545.1	8005	Electrophorus	electricus	
Electrophoruselectricus-8005-GCA041902795.1	GCA_041902795.1	8005	Electrophorus	electricus	
Brachyhypopomusgauderio-698409-GCA052324685.1	GCA_052324685.1	698409	Brachyhypopomus	gauderio	
Thylacinuscynocephalus-9275-GCA007646695.3	GCA_007646695.3	9275	Thylacinus	cynocephalus	
Dasyurusviverrinus-9279-GCA020854095.1	GCA_020854095.1	9279	Dasyurus	viverrinus	
Dasyurusviverrinus-9279-GCA028643805.1	GCA_028643805.1	9279	Dasyurus	viverrinus	
Dasyurusviverrinus-9279-GCA051122235.1	GCA_051122235.1	9279	Dasyurus	viverrinus	
Dasyurusviverrinus-9279-GCA051122245.1	GCA_051122245.1	9279	Dasyurus	viverrinus	
Dasyurusmaculatus-9281-GCA048593245.1	GCA_048593245.1	9281	Dasyurus	maculatus	
Dasyurusmaculatus-9281-GCA048593285.1	GCA_048593285.1	9281	Dasyurus	maculatus	
Sminthopsiscrassicaudata-9301-GCA048593295.1	GCA_048593295.1	9301	Sminthopsis	crassicaudata	
Sarcophilusharrisii-9305-GCA048593225.1	GCA_048593225.1	9305	Sarcophilus	harrisii	
Sarcophilusharrisii-9305-GCA048593325.1	GCA_048593325.1	9305	Sarcophilus	harrisii	
Pseudochiropscupreus-37702-GCA028627135.1	GCA_028627135.1	37702	Pseudochirops	cupreus	
Pseudochiropscorinnae-65629-GCA028646515.1	GCA_028646515.1	65629	Pseudochirops	corinnae	
Pseudocheirusoccidentalis-656515-GCA028646575.1	GCA_028646575.1	656515	Pseudocheirus	occidentalis	
Potorousgilbertii-173936-GCA028658325.1	GCA_028658325.1	173936	Potorous	gilbertii	
Notamacropuseugenii-9315-GCA048593335.1	GCA_048593335.1	9315	Notamacropus	eugenii	
Notamacropuseugenii-9315-GCA048593345.1	GCA_048593345.1	9315	Notamacropus	eugenii	
Lagorchesteshirsutus-65632-GCA028533205.1	GCA_028533205.1	65632	Lagorchestes	hirsutus	
Macropusfuliginosus-9316-GCA028583105.1	GCA_028583105.1	9316	Macropus	fuliginosus	
Macropusgiganteus-9317-GCA028627215.1	GCA_028627215.1	9317	Macropus	giganteus	
Phalangergymnotis-65615-GCA028646595.1	GCA_028646595.1	65615	Phalanger	gymnotis	
Vombatusursinus-29139-GCA028626985.1	GCA_028626985.1	29139	Vombatus	ursinus	
Cryptoproctaferox-94188-GCA028646485.1	GCA_028646485.1	94188	Cryptoprocta	ferox	
Pagumalarvata-9675-GCA030068075.1	GCA_030068075.1	9675	Paguma	larvata	
Pumaconcolor-9696-GCA028749965.4	GCA_028749965.4	9696	Puma	concolor	
Pumaconcolor-9696-GCA028749985.4	GCA_028749985.4	9696	Puma	concolor	
Prionailurusviverrinus-61388-GCA028551425.1	GCA_028551425.1	61388	Prionailurus	viverrinus	
Otocolobusmanul-61408-GCA028564725.2	GCA_028564725.2	61408	Otocolobus	manul	
Felischaus-61376-GCA019924945.1	GCA_019924945.1	61376	Felis	chaus	
Felisnigripes-61379-GCA028533295.1	GCA_028533295.1	61379	Felis	nigripes	
Felisnigripes-61379-GCA032458615.1	GCA_032458615.1	61379	Felis	nigripes	
Feliscatus-9685-GCA000003115.1	GCA_000003115.1	9685	Felis	catus	
Feliscatus-9685-GCA000181335.6	GCA_000181335.6	9685	Felis	catus	
Feliscatus-9685-GCA013340865.2	GCA_013340865.2	9685	Felis	catus	
Feliscatus-9685-GCA016509815.2	GCA_016509815.2	9685	Felis	catus	
Neofelisnebulosa-61452-GCA030324275.1	GCA_030324275.1	61452	Neofelis	nebulosa	
Pantherauncia-29064-GCA028646445.1	GCA_028646445.1	29064	Panthera	uncia	
Pantherauncia-29064-GCA048603155.1	GCA_048603155.1	29064	Panthera	uncia	
Pantherauncia-29064-GCA051942995.1	GCA_051942995.1	29064	Panthera	uncia	
Pantheraleo-9689-GCA008795835.1	GCA_008795835.1	9689	Panthera	leo	
Pantheraleo-9689-GCA046254995.1	GCA_046254995.1	9689	Panthera	leo	
Pantheraleo-9689-GCA046255005.1	GCA_046255005.1	9689	Panthera	leo	
Pantheraonca-9690-GCA046562875.2	GCA_046562875.2	9690	Panthera	onca	
Pantheraonca-9690-GCA046562885.2	GCA_046562885.2	9690	Panthera	onca	
Pantheraonca-9690-GCA965177595.1	GCA_965177595.1	9690	Panthera	onca	
Pantheratigris-9694-GCA024034525.1	GCA_024034525.1	9694	Panthera	tigris	
Pantheratigris-74535-GCA021130815.1	GCA_021130815.1	74535	Panthera	tigris	
Pantheratigris-74535-GCA021131075.1	GCA_021131075.1	74535	Panthera	tigris	
Mungosmungo-210652-GCA028533875.1	GCA_028533875.1	210652	Mungos	mungo	
Arctocephalustownsendi-161921-GCA028646355.1	GCA_028646355.1	161921	Arctocephalus	townsendi	
Pusasibirica-9719-GCA028975605.1	GCA_028975605.1	9719	Pusa	sibirica	
Halichoerusgrypus-9711-GCA964656455.1	GCA_964656455.1	9711	Halichoerus	grypus	
Potosflavus-29067-GCA028534135.1	GCA_028534135.1	29067	Potos	flavus	
Nasuanarica-352831-GCA028533885.1	GCA_028533885.1	352831	Nasua	narica	
Procyonlotor-9654-GCA028646535.1	GCA_028646535.1	9654	Procyon	lotor	
Melesmeles-9662-GCA922984935.2	GCA_922984935.2	9662	Meles	meles	
Neogalevison-452646-GCA964106205.1	GCA_964106205.1	452646	Neogale	vison	
Neogalevison-452646-GCA964106545.1	GCA_964106545.1	452646	Neogale	vison	
Mustelastrigidorsa-244218-GCA048197275.1	GCA_048197275.1	244218	Mustela	strigidorsa	
Mustelanivalis-36239-GCA048197165.1	GCA_048197165.1	36239	Mustela	nivalis	
Mustelanivalis-36239-GCA964662115.1	GCA_964662115.1	36239	Mustela	nivalis	
Mustelaerminea-36723-GCA965636855.1	GCA_965636855.1	36723	Mustela	erminea	
Mustelaerminea-36723-GCA965636865.1	GCA_965636865.1	36723	Mustela	erminea	
Mustelalutreola-9666-GCA964264385.1	GCA_964264385.1	9666	Mustela	lutreola	
Martesmartes-29065-GCA040938825.1	GCA_040938825.1	29065	Martes	martes	
Martesmartes-29065-GCA963455335.1	GCA_963455335.1	29065	Martes	martes	
Marteszibellina-36722-GCA040938815.1	GCA_040938815.1	36722	Martes	zibellina	
Martesflavigula-74864-GCA029410595.1	GCA_029410595.1	74864	Martes	flavigula	
Martesflavigula-74864-GCA040938845.1	GCA_040938845.1	74864	Martes	flavigula	
Martesfoina-9659-GCA040938555.1	GCA_040938555.1	9659	Martes	foina	
Martesfoina-9659-GCA964304585.1	GCA_964304585.1	9659	Martes	foina	
Urocyoncinereoargenteus-55040-GCA032313775.1	GCA_032313775.1	55040	Urocyon	cinereoargenteus	
Chrysocyonbrachyurus-68728-GCA028533335.1	GCA_028533335.1	68728	Chrysocyon	brachyurus	
Canislupus-9612-GCA034620435.1	GCA_034620435.1	9612	Canis	lupus	
Canislupus-9612-GCA905319855.2	GCA_905319855.2	9612	Canis	lupus	
Canislupus-286419-GCA012295265.2	GCA_012295265.2	286419	Canis	lupus	
Canislupus-9615-GCA004886185.2	GCA_004886185.2	9615	Canis	lupus	
Canislupus-9615-GCA008641055.3	GCA_008641055.3	9615	Canis	lupus	
Canislupus-9615-GCA012044875.1	GCA_012044875.1	9615	Canis	lupus	
Canislupus-9615-GCA012045015.1	GCA_012045015.1	9615	Canis	lupus	
Canislupus-9615-GCA013276365.2	GCA_013276365.2	9615	Canis	lupus	
Canislupus-9615-GCA031010295.1	GCA_031010295.1	9615	Canis	lupus	
Canislupus-9615-GCA031010635.1	GCA_031010635.1	9615	Canis	lupus	
Canislupus-9615-GCA031010765.1	GCA_031010765.1	9615	Canis	lupus	
Canislupus-9615-GCA031165255.1	GCA_031165255.1	9615	Canis	lupus	
Canislupus-9615-GCA043643935.1	GCA_043643935.1	9615	Canis	lupus	
Canislupus-9615-GCA044048985.1	GCA_044048985.1	9615	Canis	lupus	
Canislupus-9615-GCA964162815.1	GCA_964162815.1	9615	Canis	lupus	
Canislupus-9615-GCA964164975.1	GCA_964164975.1	9615	Canis	lupus	
Canislatrans-9614-GCA034620425.1	GCA_034620425.1	9614	Canis	latrans	
Lycaonpictus-9622-GCA001883655.1	GCA_001883655.1	9622	Lycaon	pictus	
Lycaonpictus-9622-GCA001887905.1	GCA_001887905.1	9622	Lycaon	pictus	
Lycaonpictus-9622-GCA040955645.1	GCA_040955645.1	9622	Lycaon	pictus	
Lycaonpictus-9622-GCA040955705.1	GCA_040955705.1	9622	Lycaon	pictus	
Vulpesferrilata-561074-GCA024500485.1	GCA_024500485.1	561074	Vulpes	ferrilata	
Vulpesvulpes-9627-GCA964106825.2	GCA_964106825.2	9627	Vulpes	vulpes	
Vulpesvulpes-9627-GCA964106925.2	GCA_964106925.2	9627	Vulpes	vulpes	
Vulpesvulpes-1398410-GCA050926205.1	GCA_050926205.1	1398410	Vulpes	vulpes	
Vulpescorsac-9629-GCA030463245.1	GCA_030463245.1	9629	Vulpes	corsac	
Helarctosmalayanus-9634-GCA028533245.1	GCA_028533245.1	9634	Helarctos	malayanus	
Tremarctosornatus-9638-GCA028551375.1	GCA_028551375.1	9638	Tremarctos	ornatus	
Ursusamericanus-9643-GCA024610735.2	GCA_024610735.2	9643	Ursus	americanus	
Ailuropodamelanoleuca-9646-GCA029963865.1	GCA_029963865.1	9646	Ailuropoda	melanoleuca	
Hexaprotodonliberiensis-56798-GCA023065765.1	GCA_023065765.1	56798	Hexaprotodon	liberiensis	
Hippopotamusamphibius-9833-GCA023065835.1	GCA_023065835.1	9833	Hippopotamus	amphibius	
Iniageoffrensis-9725-GCA036417435.1	GCA_036417435.1	9725	Inia	geoffrensis	
Iniageoffrensis-9725-GCA036417475.1	GCA_036417475.1	9725	Inia	geoffrensis	
Leucopleurusacutus-3371109-GCA964270905.1	GCA_964270905.1	3371109	Leucopleurus	acutus	
Stenobredanensis-46167-GCA028646385.1	GCA_028646385.1	46167	Steno	bredanensis	
Grampusgriseus-83653-GCA028646425.1	GCA_028646425.1	83653	Grampus	griseus	
Grampusgriseus-83653-GCA964374135.1	GCA_964374135.1	83653	Grampus	griseus	
Delphinusdelphis-9728-GCA030062865.2	GCA_030062865.2	9728	Delphinus	delphis	
Stenellacoeruleoalba-9737-GCA951394435.1	GCA_951394435.1	9737	Stenella	coeruleoalba	
Neophocaenasunameri-3370372-GCA026225855.1	GCA_026225855.1	3370372	Neophocaena	sunameri	
Monodonmonoceros-40151-GCA029941395.3	GCA_029941395.3	40151	Monodon	monoceros	
Delphinapterusleucas-9749-GCA029941415.3	GCA_029941415.3	9749	Delphinapterus	leucas	
Delphinapterusleucas-9749-GCA029941435.3	GCA_029941435.3	9749	Delphinapterus	leucas	
Delphinapterusleucas-9749-GCA029941455.3	GCA_029941455.3	9749	Delphinapterus	leucas	
Hyperoodonampullatus-48744-GCA949752795.1	GCA_949752795.1	48744	Hyperoodon	ampullatus	
Mesoplodonbidens-48745-GCA964148845.1	GCA_964148845.1	48745	Mesoplodon	bidens	
Mesoplodonbidens-48745-GCA964165515.1	GCA_964165515.1	48745	Mesoplodon	bidens	
Mesoplodonmirus-52113-GCA964341445.1	GCA_964341445.1	52113	Mesoplodon	mirus	
Balaenopteraborealis-9768-GCA965194805.1	GCA_965194805.1	9768	Balaenoptera	borealis	
Balaenopteraphysalus-9770-GCA965194825.1	GCA_965194825.1	9770	Balaenoptera	physalus	
Megapteranovaeangliae-9773-GCA041834305.1	GCA_041834305.1	9773	Megaptera	novaeangliae	
Babyrousacelebensis-1303000-GCA028533215.1	GCA_028533215.1	1303000	Babyrousa	celebensis	
Susscrofa-9823-GCA002844635.1	GCA_002844635.1	9823	Sus	scrofa	
Susscrofa-9823-GCA007644095.1	GCA_007644095.1	9823	Sus	scrofa	
Susscrofa-9823-GCA015776825.1	GCA_015776825.1	9823	Sus	scrofa	
Susscrofa-9823-GCA023065335.1	GCA_023065335.1	9823	Sus	scrofa	
Susscrofa-9823-GCA023065355.1	GCA_023065355.1	9823	Sus	scrofa	
Susscrofa-9823-GCA024718415.1	GCA_024718415.1	9823	Sus	scrofa	
Susscrofa-9823-GCA030704935.1	GCA_030704935.1	9823	Sus	scrofa	
Susscrofa-9823-GCA031225015.1	GCA_031225015.1	9823	Sus	scrofa	
Susscrofa-9823-GCA031306245.1	GCA_031306245.1	9823	Sus	scrofa	
Susscrofa-9823-GCA037447515.1	GCA_037447515.1	9823	Sus	scrofa	
Susscrofa-9823-GCA039654815.1	GCA_039654815.1	9823	Sus	scrofa	
Susscrofa-9823-GCA040869115.1	GCA_040869115.1	9823	Sus	scrofa	
Susscrofa-9823-GCA041937265.1	GCA_041937265.1	9823	Sus	scrofa	
Susscrofa-9823-GCA044906105.1	GCA_044906105.1	9823	Sus	scrofa	
Susscrofa-9823-GCA044906185.1	GCA_044906185.1	9823	Sus	scrofa	
Susscrofa-9823-GCA046128825.1	GCA_046128825.1	9823	Sus	scrofa	
Susscrofa-9823-GCA049999145.1	GCA_049999145.1	9823	Sus	scrofa	
Susscrofa-9823-GCA050231125.1	GCA_050231125.1	9823	Sus	scrofa	
Susscrofa-9823-GCA900119615.2	GCA_900119615.2	9823	Sus	scrofa	
Susscrofa-9823-GCA963921485.1	GCA_963921485.1	9823	Sus	scrofa	
Susscrofa-415978-GCA006511355.2	GCA_006511355.2	415978	Sus	scrofa	
Susscrofa-415978-GCA041729645.1	GCA_041729645.1	415978	Sus	scrofa	
Susscrofa-9825-GCA017957985.1	GCA_017957985.1	9825	Sus	scrofa	
Susscrofa-9825-GCA020567905.1	GCA_020567905.1	9825	Sus	scrofa	
Camelusdromedarius-9838-GCA036785785.1	GCA_036785785.1	9838	Camelus	dromedarius	
Lamaglama-9844-GCA028534125.1	GCA_028534125.1	9844	Lama	glama	
Moschusberezovskii-68408-GCA049115385.1	GCA_049115385.1	68408	Moschus	berezovskii	
Hydropotesinermis-9883-GCA020226075.1	GCA_020226075.1	9883	Hydropotes	inermis	
Muntiacuscrinifrons-71854-GCA020226055.1	GCA_020226055.1	71854	Muntiacus	crinifrons	
Muntiacuscrinifrons-71854-GCA020276665.1	GCA_020276665.1	71854	Muntiacus	crinifrons	
Muntiacusreevesi-9886-GCA020226045.1	GCA_020226045.1	9886	Muntiacus	reevesi	
Muntiacusvaginalis-9887-GCA039877825.1	GCA_039877825.1	9887	Muntiacus	vaginalis	
Cervusalbirostris-1088058-GCA046563475.2	GCA_046563475.2	1088058	Cervus	albirostris	
Cervusnippon-9863-GCA034195675.1	GCA_034195675.1	9863	Cervus	nippon	
Cervusnippon-9863-GCA038088365.1	GCA_038088365.1	9863	Cervus	nippon	
Cervusnippon-9863-GCA040085125.1	GCA_040085125.1	9863	Cervus	nippon	
Cervusnippon-501781-GCA052324755.1	GCA_052324755.1	501781	Cervus	nippon	
Damadama-30532-GCA033118175.2	GCA_033118175.2	30532	Dama	dama	
Damadama-30532-GCA048126745.1	GCA_048126745.1	30532	Dama	dama	
Damadama-30532-GCA048127045.1	GCA_048127045.1	30532	Dama	dama	
Rangifertarandus-86327-GCA019903745.2	GCA_019903745.2	86327	Rangifer	tarandus	
Odocoileushemionus-9872-GCA020976825.1	GCA_020976825.1	9872	Odocoileus	hemionus	
Okapiajohnstoni-86973-GCA024291935.2	GCA_024291935.2	86973	Okapia	johnstoni	
Giraffatippelskirchi-439328-GCA013496395.1	GCA_013496395.1	439328	Giraffa	tippelskirchi	
Giraffacamelopardalis-2740528-GCA017591445.1	GCA_017591445.1	2740528	Giraffa	camelopardalis	
Bostaurus-297284-GCA018282365.1	GCA_018282365.1	297284	Bos	taurus	
Bostaurus-297284-GCA018282465.1	GCA_018282465.1	297284	Bos	taurus	
Bostaurus-297284-GCA030254855.1	GCA_030254855.1	297284	Bos	taurus	
Bosgaurus-1705790-GCA946052875.1	GCA_946052875.1	1705790	Bos	gaurus	
Bosfrontalis-30520-GCA043643345.1	GCA_043643345.1	30520	Bos	frontalis	
Bosgrunniens-30521-GCA005887515.3	GCA_005887515.3	30521	Bos	grunniens	
Bosgrunniens-30521-GCA027580245.1	GCA_027580245.1	30521	Bos	grunniens	
Bosgrunniens-30521-GCA050059765.1	GCA_050059765.1	30521	Bos	grunniens	
Bosindicus-30522-GCA003369685.2	GCA_003369685.2	30522	Bos	indicus	
Bosgrunniens-331036-GCA009493645.1	GCA_009493645.1	331036	Bos	grunniens	
Bosgrunniens-331036-GCA009493655.1	GCA_009493655.1	331036	Bos	grunniens	
Bosmutus-72004-GCA002968435.1	GCA_002968435.1	72004	Bos	mutus	
Bosgaurus-9904-GCA014182915.2	GCA_014182915.2	9904	Bos	gaurus	
Bostaurus-9913-GCA021234555.1	GCA_021234555.1	9913	Bos	taurus	
Bostaurus-9913-GCA021347905.1	GCA_021347905.1	9913	Bos	taurus	
Bostaurus-9913-GCA028973685.2	GCA_028973685.2	9913	Bos	taurus	
Bostaurus-9913-GCA030378505.1	GCA_030378505.1	9913	Bos	taurus	
Bostaurus-9913-GCA034097375.1	GCA_034097375.1	9913	Bos	taurus	
Bostaurus-9913-GCA039881175.1	GCA_039881175.1	9913	Bos	taurus	
Bostaurus-9913-GCA040285425.1	GCA_040285425.1	9913	Bos	taurus	
Bostaurus-9913-GCA040286185.1	GCA_040286185.1	9913	Bos	taurus	
Bostaurus-9913-GCA043882115.1	GCA_043882115.1	9913	Bos	taurus	
Bostaurus-9913-GCA047652215.1	GCA_047652215.1	9913	Bos	taurus	
Bostaurus-9913-GCA051106085.1	GCA_051106085.1	9913	Bos	taurus	
Bostaurus-9913-GCA051122635.1	GCA_051122635.1	9913	Bos	taurus	
Bostaurus-9913-GCA905123515.1	GCA_905123515.1	9913	Bos	taurus	
Bostaurus-9913-GCA905123885.1	GCA_905123885.1	9913	Bos	taurus	
Bostaurus-9913-GCA947034695.1	GCA_947034695.1	9913	Bos	taurus	
Bostaurus-9913-GCA963921495.1	GCA_963921495.1	9913	Bos	taurus	
Bosindicus-9915-GCA002933975.1	GCA_002933975.1	9915	Bos	indicus	
Bosindicus-9915-GCA026262375.1	GCA_026262375.1	9915	Bos	indicus	
Bosindicus-9915-GCA026262465.1	GCA_026262465.1	9915	Bos	indicus	
Bosindicus-9915-GCA026262515.1	GCA_026262515.1	9915	Bos	indicus	
Bosindicus-9915-GCA026262545.1	GCA_026262545.1	9915	Bos	indicus	
Bosindicus-9915-GCA029378735.1	GCA_029378735.1	9915	Bos	indicus	
Bosindicus-9915-GCA030267345.1	GCA_030267345.1	9915	Bos	indicus	
Bosindicus-9915-GCA030267355.1	GCA_030267355.1	9915	Bos	indicus	
Bosindicus-9915-GCA030267375.1	GCA_030267375.1	9915	Bos	indicus	
Bosindicus-9915-GCA030269505.1	GCA_030269505.1	9915	Bos	indicus	
Bosindicus-9915-GCA030269815.1	GCA_030269815.1	9915	Bos	indicus	
Bosindicus-9915-GCA030270685.1	GCA_030270685.1	9915	Bos	indicus	
Bosindicus-9915-GCA030270705.1	GCA_030270705.1	9915	Bos	indicus	
Bosindicus-9915-GCA030270715.1	GCA_030270715.1	9915	Bos	indicus	
Bosindicus-9915-GCA030270725.1	GCA_030270725.1	9915	Bos	indicus	
Bosindicus-9915-GCA030270805.1	GCA_030270805.1	9915	Bos	indicus	
Bosindicus-9915-GCA030270825.1	GCA_030270825.1	9915	Bos	indicus	
Bosindicus-9915-GCA030270845.1	GCA_030270845.1	9915	Bos	indicus	
Bosindicus-9915-GCA030270855.1	GCA_030270855.1	9915	Bos	indicus	
Bosindicus-9915-GCA030270865.1	GCA_030270865.1	9915	Bos	indicus	
Bosindicus-9915-GCA030270935.1	GCA_030270935.1	9915	Bos	indicus	
Bosindicus-9915-GCA030270945.1	GCA_030270945.1	9915	Bos	indicus	
Bosindicus-9915-GCA030270955.1	GCA_030270955.1	9915	Bos	indicus	
Bosindicus-9915-GCA030270995.1	GCA_030270995.1	9915	Bos	indicus	
Bosindicus-9915-GCA030271795.1	GCA_030271795.1	9915	Bos	indicus	
Bosindicus-9915-GCA030271805.1	GCA_030271805.1	9915	Bos	indicus	
Bosindicus-9915-GCA030272135.1	GCA_030272135.1	9915	Bos	indicus	
Bosindicus-9915-GCA030272235.1	GCA_030272235.1	9915	Bos	indicus	
Bosindicus-9915-GCA030272475.1	GCA_030272475.1	9915	Bos	indicus	
Bosindicus-9915-GCA030272495.1	GCA_030272495.1	9915	Bos	indicus	
Bosindicus-9915-GCA030272505.1	GCA_030272505.1	9915	Bos	indicus	
Bosindicus-9915-GCA039881165.1	GCA_039881165.1	9915	Bos	indicus	
Bubaluskerabau-3119969-GCA051307275.1	GCA_051307275.1	3119969	Bubalus	kerabau	
Tragelaphuseurycerus-2878564-GCA040438115.1	GCA_040438115.1	2878564	Tragelaphus	eurycerus	
Pantholopshodgsonii-59538-GCA040182635.1	GCA_040182635.1	59538	Pantholops	hodgsonii	
Addaxnasomaculatus-59515-GCA044231825.1	GCA_044231825.1	59515	Addax	nasomaculatus	
Rupicaprarupicapra-34869-GCA963981305.1	GCA_963981305.1	34869	Rupicapra	rupicapra	
Capraaegagrus-9923-GCA000978405.1	GCA_000978405.1	9923	Capra	aegagrus	
Caprahircus-9925-GCA000317765.2	GCA_000317765.2	9925	Capra	hircus	
Caprahircus-9925-GCA004361675.1	GCA_004361675.1	9925	Capra	hircus	
Caprahircus-9925-GCA015443085.1	GCA_015443085.1	9925	Capra	hircus	
Caprahircus-9925-GCA040822015.1	GCA_040822015.1	9925	Capra	hircus	
Caprahircus-9925-GCA040970035.1	GCA_040970035.1	9925	Capra	hircus	
Caprahircus-9925-GCA041053135.1	GCA_041053135.1	9925	Capra	hircus	
Caprahircus-9925-GCA042835985.1	GCA_042835985.1	9925	Capra	hircus	
Caprahircus-9925-GCA044509215.1	GCA_044509215.1	9925	Capra	hircus	
Caprahircus-9925-GCA044587905.1	GCA_044587905.1	9925	Capra	hircus	
Caprahircus-9925-GCA044587935.1	GCA_044587935.1	9925	Capra	hircus	
Caprahircus-9925-GCA044587945.1	GCA_044587945.1	9925	Capra	hircus	
Caprahircus-9925-GCA044588015.1	GCA_044588015.1	9925	Capra	hircus	
Caprahircus-9925-GCA046464075.1	GCA_046464075.1	9925	Capra	hircus	
Caprahircus-9925-GCA047671635.1	GCA_047671635.1	9925	Capra	hircus	
Caprahircus-9925-GCA047671655.1	GCA_047671655.1	9925	Capra	hircus	
Caprahircus-9925-GCA048593975.1	GCA_048593975.1	9925	Capra	hircus	
Caprahircus-9925-GCA048594055.1	GCA_048594055.1	9925	Capra	hircus	
Caprahircus-9925-GCA048594065.1	GCA_048594065.1	9925	Capra	hircus	
Caprahircus-9925-GCA048594125.1	GCA_048594125.1	9925	Capra	hircus	
Caprahircus-9925-GCA048594135.1	GCA_048594135.1	9925	Capra	hircus	
Caprahircus-9925-GCA048594165.1	GCA_048594165.1	9925	Capra	hircus	
Caprahircus-9925-GCA048598025.1	GCA_048598025.1	9925	Capra	hircus	
Caprahircus-9925-GCA048598055.1	GCA_048598055.1	9925	Capra	hircus	
Caprahircus-9925-GCA048598065.1	GCA_048598065.1	9925	Capra	hircus	
Caprahircus-9925-GCA048598825.1	GCA_048598825.1	9925	Capra	hircus	
Caprahircus-9925-GCA049004405.1	GCA_049004405.1	9925	Capra	hircus	
Caprahircus-9925-GCA049004455.1	GCA_049004455.1	9925	Capra	hircus	
Caprahircus-9925-GCA049004495.1	GCA_049004495.1	9925	Capra	hircus	
Caprahircus-9925-GCA049004535.1	GCA_049004535.1	9925	Capra	hircus	
Caprahircus-9925-GCA049004595.1	GCA_049004595.1	9925	Capra	hircus	
Caprahircus-9925-GCA049004675.1	GCA_049004675.1	9925	Capra	hircus	
Ovisammon-30527-GCA045269445.1	GCA_045269445.1	30527	Ovis	ammon	
Oviscanadensis-112262-GCA001039535.1	GCA_001039535.1	112262	Ovis	canadensis	
Ovisorientalis-469796-GCA014523465.1	GCA_014523465.1	469796	Ovis	orientalis	
Ovisaries-9940-GCA000005525.1	GCA_000005525.1	9940	Ovis	aries	
Ovisaries-9940-GCA011170295.1	GCA_011170295.1	9940	Ovis	aries	
Ovisaries-9940-GCA018804185.1	GCA_018804185.1	9940	Ovis	aries	
Ovisaries-9940-GCA019145175.1	GCA_019145175.1	9940	Ovis	aries	
Ovisaries-9940-GCA022244695.1	GCA_022244695.1	9940	Ovis	aries	
Ovisaries-9940-GCA022244705.1	GCA_022244705.1	9940	Ovis	aries	
Ovisaries-9940-GCA022416685.1	GCA_022416685.1	9940	Ovis	aries	
Ovisaries-9940-GCA022416695.1	GCA_022416695.1	9940	Ovis	aries	
Ovisaries-9940-GCA022416725.1	GCA_022416725.1	9940	Ovis	aries	
Ovisaries-9940-GCA022416745.1	GCA_022416745.1	9940	Ovis	aries	
Ovisaries-9940-GCA022416755.1	GCA_022416755.1	9940	Ovis	aries	
Ovisaries-9940-GCA022416775.1	GCA_022416775.1	9940	Ovis	aries	
Ovisaries-9940-GCA022416785.1	GCA_022416785.1	9940	Ovis	aries	
Ovisaries-9940-GCA022416915.1	GCA_022416915.1	9940	Ovis	aries	
Ovisaries-9940-GCA022432825.1	GCA_022432825.1	9940	Ovis	aries	
Ovisaries-9940-GCA022432835.1	GCA_022432835.1	9940	Ovis	aries	
Ovisaries-9940-GCA022432845.1	GCA_022432845.1	9940	Ovis	aries	
Ovisaries-9940-GCA022538005.1	GCA_022538005.1	9940	Ovis	aries	
Ovisaries-9940-GCA024222175.1	GCA_024222175.1	9940	Ovis	aries	
Ovisaries-9940-GCA024222265.1	GCA_024222265.1	9940	Ovis	aries	
Ovisaries-9940-GCA030512445.1	GCA_030512445.1	9940	Ovis	aries	
Ovisaries-9940-GCA033439445.1	GCA_033439445.1	9940	Ovis	aries	
Ovisaries-9940-GCA040259355.1	GCA_040259355.1	9940	Ovis	aries	
Ovisaries-9940-GCA040543055.1	GCA_040543055.1	9940	Ovis	aries	
Ovisaries-9940-GCA050916685.1	GCA_050916685.1	9940	Ovis	aries	
Scaptochirusmoschatus-446353-GCA042919465.1	GCA_042919465.1	446353	Scaptochirus	moschatus	
Talpaeuropaea-9375-GCA964194135.1	GCA_964194135.1	9375	Talpa	europaea	
Crociduragueldenstaedtii-458323-GCA965212715.2	GCA_965212715.2	458323	Crocidura	gueldenstaedtii	
Aselliscusstoliczkanus-188568-GCA033961575.1	GCA_033961575.1	188568	Aselliscus	stoliczkanus	
Rhinolophusrex-188572-GCA041825415.1	GCA_041825415.1	188572	Rhinolophus	rex	
Rhinolophusaffinis-59477-GCA040057535.1	GCA_040057535.1	59477	Rhinolophus	affinis	
Rhinolophushipposideros-77218-GCA964194185.1	GCA_964194185.1	77218	Rhinolophus	hipposideros	
Rhinolophushipposideros-77218-GCA964194215.2	GCA_964194215.2	77218	Rhinolophus	hipposideros	
Cynopterussphinx-9400-GCA030015415.1	GCA_030015415.1	9400	Cynopterus	sphinx	
Rousettusmadagascariensis-77223-GCA028533395.1	GCA_028533395.1	77223	Rousettus	madagascariensis	
Eidolondupreanum-58063-GCA028627145.1	GCA_028627145.1	58063	Eidolon	dupreanum	
Pteropusrufus-196297-GCA028533765.1	GCA_028533765.1	196297	Pteropus	rufus	
Rhynchonycterisnaso-249017-GCA037038545.1	GCA_037038545.1	249017	Rhynchonycteris	naso	
Rhynchonycterisnaso-249017-GCA037038555.1	GCA_037038555.1	249017	Rhynchonycteris	naso	
Taphozousmelanopogon-187003-GCA044509165.1	GCA_044509165.1	187003	Taphozous	melanopogon	
Carolliasowelli-208969-GCA051307085.1	GCA_051307085.1	208969	Carollia	sowelli	
Carolliasowelli-208969-GCA051307135.1	GCA_051307135.1	208969	Carollia	sowelli	
Platyrrhinushelleri-27658-GCA051107505.1	GCA_051107505.1	27658	Platyrrhinus	helleri	
Platyrrhinushelleri-27658-GCA051107545.1	GCA_051107545.1	27658	Platyrrhinus	helleri	
Dermanuraphaeotis-40229-GCA051107565.1	GCA_051107565.1	40229	Dermanura	phaeotis	
Dermanuraphaeotis-40229-GCA051107595.1	GCA_051107595.1	40229	Dermanura	phaeotis	
Artibeuslituratus-27634-GCA038363095.4	GCA_038363095.4	27634	Artibeus	lituratus	
Artibeuslituratus-27634-GCA038363175.3	GCA_038363175.3	27634	Artibeus	lituratus	
Artibeusintermedius-51014-GCA038363145.1	GCA_038363145.1	51014	Artibeus	intermedius	
Artibeusintermedius-51014-GCA038363225.1	GCA_038363225.1	51014	Artibeus	intermedius	
Glossophagamutica-2994998-GCA039655065.1	GCA_039655065.1	2994998	Glossophaga	mutica	
Glossophagamutica-2994998-GCA039656995.1	GCA_039656995.1	2994998	Glossophaga	mutica	
Micronycterismicrotis-249008-GCA051107205.1	GCA_051107205.1	249008	Micronycteris	microtis	
Micronycterismicrotis-249008-GCA051107335.1	GCA_051107335.1	249008	Micronycteris	microtis	
Trachopscirrhosus-148073-GCA028533065.1	GCA_028533065.1	148073	Trachops	cirrhosus	
Gardnerycteriskeenani-2358194-GCA050655435.1	GCA_050655435.1	2358194	Gardnerycteris	keenani	
Gardnerycteriskeenani-2358194-GCA050655445.1	GCA_050655445.1	2358194	Gardnerycteris	keenani	
Lophostomaevote-3370176-GCA051307065.1	GCA_051307065.1	3370176	Lophostoma	evote	
Lophostomaevote-3370176-GCA051307075.1	GCA_051307075.1	3370176	Lophostoma	evote	
Pipistrellusabramus-105295-GCA044885105.1	GCA_044885105.1	105295	Pipistrellus	abramus	
Pipistrelluspygmaeus-246814-GCA949987585.2	GCA_949987585.2	246814	Pipistrellus	pygmaeus	
Pipistrellushanaki-412090-GCA964339955.1	GCA_964339955.1	412090	Pipistrellus	hanaki	
Pipistrellusnathusii-59473-GCA964656225.2	GCA_964656225.2	59473	Pipistrellus	nathusii	
Pipistrelluspipistrellus-59474-GCA903992545.1	GCA_903992545.1	59474	Pipistrellus	pipistrellus	
Pipistrelluspipistrellus-59474-GCA965203405.2	GCA_965203405.2	59474	Pipistrellus	pipistrellus	
Plecotusauritus-61862-GCA963455305.1	GCA_963455305.1	61862	Plecotus	auritus	
Cnephaeusnilssonii-3371016-GCA951640355.1	GCA_951640355.1	3371016	Cnephaeus	nilssonii	
Nyctalusaviator-187010-GCA036971965.2	GCA_036971965.2	187010	Nyctalus	aviator	
Nyctalusleisleri-59465-GCA964264875.2	GCA_964264875.2	59465	Nyctalus	leisleri	
Vespertiliomurinus-59485-GCA963924515.2	GCA_963924515.2	59485	Vespertilio	murinus	
Myotismystacinus-109479-GCA964094495.2	GCA_964094495.2	109479	Myotis	mystacinus	
Myotismystacinus-109479-GCA964195625.1	GCA_964195625.1	109479	Myotis	mystacinus	
Myotisemarginatus-109480-GCA965115925.2	GCA_965115925.2	109480	Myotis	emarginatus	
Myotisemarginatus-109480-GCA965115945.2	GCA_965115945.2	109480	Myotis	emarginatus	
Myotisnattereri-109481-GCA964212035.2	GCA_964212035.2	109481	Myotis	nattereri	
Myotislucifugus-164660-GCA048340685.1	GCA_048340685.1	164660	Myotis	lucifugus	
Myotisdaubentonii-98922-GCA963242275.2	GCA_963242275.2	98922	Myotis	daubentonii	
Myotisdaubentonii-98922-GCA963259705.2	GCA_963259705.2	98922	Myotis	daubentonii	
Molossusalvarezi-1552295-GCA037157525.1	GCA_037157525.1	1552295	Molossus	alvarezi	
Molossusalvarezi-1552295-GCA037176705.1	GCA_037176705.1	1552295	Molossus	alvarezi	
Molossusnigricans-2997257-GCA039880925.1	GCA_039880925.1	2997257	Molossus	nigricans	
Molossusnigricans-2997257-GCA039880945.1	GCA_039880945.1	2997257	Molossus	nigricans	
Miniopterusschreibersii-9433-GCA964146895.2	GCA_964146895.2	9433	Miniopterus	schreibersii	
Equuscaballus-9796-GCA048565035.1	GCA_048565035.1	9796	Equus	caballus	
Equuscaballus-9796-GCA964023255.1	GCA_964023255.1	9796	Equus	caballus	
Equuscaballus-9796-GCA964023265.1	GCA_964023265.1	9796	Equus	caballus	
Equusprzewalskii-9798-GCA037783155.1	GCA_037783155.1	9798	Equus	przewalskii	
Tapirusterrestris-9801-GCA028533255.1	GCA_028533255.1	9801	Tapirus	terrestris	
Dicerosbicornis-9805-GCA028533375.1	GCA_028533375.1	9805	Diceros	bicornis	
Ceratotheriumsimum-310713-GCA021442165.1	GCA_021442165.1	310713	Ceratotherium	simum	
Ceratotheriumsimum-73337-GCA023653735.1	GCA_023653735.1	73337	Ceratotherium	simum	
Rhinocerosunicornis-9809-GCA028646465.1	GCA_028646465.1	9809	Rhinoceros	unicornis	
Manispentadactyla-143292-GCA040802205.1	GCA_040802205.1	143292	Manis	pentadactyla	
Lepusoiostolus-112018-GCA036325905.1	GCA_036325905.1	112018	Lepus	oiostolus	
Lepustolai-283924-GCA051942805.1	GCA_051942805.1	283924	Lepus	tolai	
Lepustimidus-62621-GCA009760805.1	GCA_009760805.1	62621	Lepus	timidus	
Lepustimidus-62621-GCA040893755.1	GCA_040893755.1	62621	Lepus	timidus	
Lepuscapensis-9981-GCA042027585.1	GCA_042027585.1	9981	Lepus	capensis	
Oryctolaguscuniculus-9986-GCA047671645.1	GCA_047671645.1	9986	Oryctolagus	cuniculus	
Oryctolaguscuniculus-9986-GCA051225735.1	GCA_051225735.1	9986	Oryctolagus	cuniculus	
Oryctolaguscuniculus-568996-GCA013371645.1	GCA_013371645.1	568996	Oryctolagus	cuniculus	
Sylvilagusbachmani-365149-GCA015711505.1	GCA_015711505.1	365149	Sylvilagus	bachmani	
Sylvilagusfloridanus-9988-GCA949820135.1	GCA_949820135.1	9988	Sylvilagus	floridanus	
Dipussagitta-73863-GCA036346955.1	GCA_036346955.1	73863	Dipus	sagitta	
Pachyuromysduprasi-298894-GCA028658305.1	GCA_028658305.1	298894	Pachyuromys	duprasi	
Acomyscahirinus-10068-GCA029890205.1	GCA_029890205.1	10068	Acomys	cahirinus	
Acomysdimidiatus-60744-GCA907164435.1	GCA_907164435.1	60744	Acomys	dimidiatus	
Acomyspercivali-83527-GCA907169655.1	GCA_907169655.1	83527	Acomys	percivali	
Acomysminous-83528-GCA964271855.1	GCA_964271855.1	83528	Acomys	minous	
Acomyskempi-83762-GCA907164505.1	GCA_907164505.1	83762	Acomys	kempi	
Musmusculus-10090-GCA001624185.1	GCA_001624185.1	10090	Mus	musculus	
Musmusculus-10090-GCA001624215.1	GCA_001624215.1	10090	Mus	musculus	
Musmusculus-10090-GCA001624295.1	GCA_001624295.1	10090	Mus	musculus	
Musmusculus-10090-GCA001624475.1	GCA_001624475.1	10090	Mus	musculus	
Musmusculus-10090-GCA001624505.1	GCA_001624505.1	10090	Mus	musculus	
Musmusculus-10090-GCA001624535.1	GCA_001624535.1	10090	Mus	musculus	
Musmusculus-10090-GCA001624675.1	GCA_001624675.1	10090	Mus	musculus	
Musmusculus-10090-GCA001624745.1	GCA_001624745.1	10090	Mus	musculus	
Musmusculus-10090-GCA001632525.1	GCA_001632525.1	10090	Mus	musculus	
Musmusculus-10090-GCA001632555.1	GCA_001632555.1	10090	Mus	musculus	
Musmusculus-10090-GCA001632575.1	GCA_001632575.1	10090	Mus	musculus	
Musmusculus-10090-GCA001632615.1	GCA_001632615.1	10090	Mus	musculus	
Musmusculus-10090-GCA030265425.1	GCA_030265425.1	10090	Mus	musculus	
Musmusculus-10090-GCA031761455.1	GCA_031761455.1	10090	Mus	musculus	
Musmusculus-10090-GCA031763685.1	GCA_031763685.1	10090	Mus	musculus	
Musmusculus-10090-GCA043792745.1	GCA_043792745.1	10090	Mus	musculus	
Musmusculus-10090-GCA043793115.1	GCA_043793115.1	10090	Mus	musculus	
Musmusculus-10090-GCA043972725.1	GCA_043972725.1	10090	Mus	musculus	
Musmusculus-10090-GCA921997125.2	GCA_921997125.2	10090	Mus	musculus	
Musmusculus-10090-GCA921997145.2	GCA_921997145.2	10090	Mus	musculus	
Musmusculus-10090-GCA921998315.2	GCA_921998315.2	10090	Mus	musculus	
Musmusculus-10090-GCA921998325.2	GCA_921998325.2	10090	Mus	musculus	
Musmusculus-10090-GCA921998355.2	GCA_921998355.2	10090	Mus	musculus	
Musmusculus-10090-GCA921998555.2	GCA_921998555.2	10090	Mus	musculus	
Musmusculus-10090-GCA921998635.2	GCA_921998635.2	10090	Mus	musculus	
Musmusculus-10090-GCA921998905.2	GCA_921998905.2	10090	Mus	musculus	
Musmusculus-10090-GCA921999865.2	GCA_921999865.2	10090	Mus	musculus	
Musmusculus-10090-GCA922000895.2	GCA_922000895.2	10090	Mus	musculus	
Musmusculus-10090-GCA947593165.1	GCA_947593165.1	10090	Mus	musculus	
Musmusculus-10090-GCA947599735.1	GCA_947599735.1	10090	Mus	musculus	
Musmusculus-10090-GCA949316315.1	GCA_949316315.1	10090	Mus	musculus	
Musmusculus-10090-GCA964188535.1	GCA_964188535.1	10090	Mus	musculus	
Musmusculus-10091-GCA001624445.1	GCA_001624445.1	10091	Mus	musculus	
Musmusculus-10091-GCA921999005.2	GCA_921999005.2	10091	Mus	musculus	
Musmusculus-10091-GCA964188545.1	GCA_964188545.1	10091	Mus	musculus	
Musmusculus-10092-GCA001624835.1	GCA_001624835.1	10092	Mus	musculus	
Musmusculus-10092-GCA921998345.2	GCA_921998345.2	10092	Mus	musculus	
Musmusculus-39442-GCA001624775.1	GCA_001624775.1	39442	Mus	musculus	
Musmusculus-39442-GCA048544855.1	GCA_048544855.1	39442	Mus	musculus	
Musmusculus-39442-GCA921998335.2	GCA_921998335.2	39442	Mus	musculus	
Musmusculus-57486-GCA921999095.2	GCA_921999095.2	57486	Mus	musculus	
Musspretus-10096-GCA001624865.1	GCA_001624865.1	10096	Mus	spretus	
Musspretus-10096-GCA921997135.2	GCA_921997135.2	10096	Mus	spretus	
Rattusnorvegicus-10116-GCA023515785.2	GCA_023515785.2	10116	Rattus	norvegicus	
Rattusnorvegicus-10116-GCA023515805.2	GCA_023515805.2	10116	Rattus	norvegicus	
Rattusnorvegicus-10116-GCA041222355.1	GCA_041222355.1	10116	Rattus	norvegicus	
Rattusnorvegicus-10116-GCA045687965.1	GCA_045687965.1	10116	Rattus	norvegicus	
Rattusnorvegicus-10116-GCA045687995.1	GCA_045687995.1	10116	Rattus	norvegicus	
Rattusnorvegicus-10116-GCA045688005.1	GCA_045688005.1	10116	Rattus	norvegicus	
Rattusrattus-10117-GCA011800105.1	GCA_011800105.1	10117	Rattus	rattus	
Apodemusagrarius-39030-GCA964023405.1	GCA_964023405.1	39030	Apodemus	agrarius	
Micromysminutus-13151-GCA963924665.1	GCA_963924665.1	13151	Micromys	minutus	
Uromyscaudimaculatus-36800-GCA028551405.1	GCA_028551405.1	36800	Uromys	caudimaculatus	
Myospalaxpsilurus-146129-GCA049190895.1	GCA_049190895.1	146129	Myospalax	psilurus	
Myospalaxaspalax-213498-GCA049190835.1	GCA_049190835.1	213498	Myospalax	aspalax	
Eospalaxfontanierii-146134-GCA035773235.1	GCA_035773235.1	146134	Eospalax	fontanierii	
Cricetuscricetus-10034-GCA964304595.1	GCA_964304595.1	10034	Cricetus	cricetus	
Phodopussungorus-10044-GCA023856395.1	GCA_023856395.1	10044	Phodopus	sungorus	
Peromyscusmaniculatus-3080742-GCA049852335.1	GCA_049852335.1	3080742	Peromyscus	maniculatus	
Peromyscusmaniculatus-3406445-GCA049852355.1	GCA_049852355.1	3406445	Peromyscus	maniculatus	
Peromyscusmaniculatus-754487-GCA049852375.1	GCA_049852375.1	754487	Peromyscus	maniculatus	
Peromyscuseremicus-42410-GCA949786435.1	GCA_949786435.1	42410	Peromyscus	eremicus	
Peromyscuspolionotus-369710-GCA003704135.2	GCA_003704135.2	369710	Peromyscus	polionotus	
Onychomysleucogaster-38668-GCA949786385.1	GCA_949786385.1	38668	Onychomys	leucogaster	
Onychomysleucogaster-38668-GCA949786395.1	GCA_949786395.1	38668	Onychomys	leucogaster	
Onychomystorridus-38674-GCA949787125.1	GCA_949787125.1	38674	Onychomys	torridus	
Onychomysarenicola-38679-GCA949786405.1	GCA_949786405.1	38679	Onychomys	arenicola	
Onychomysarenicola-38679-GCA949786425.1	GCA_949786425.1	38679	Onychomys	arenicola	
Clethrionomysrutilus-537920-GCA040207285.2	GCA_040207285.2	537920	Clethrionomys	rutilus	
Neodonfuscus-771787-GCA047571435.1	GCA_047571435.1	771787	Neodon	fuscus	
Sigmodonhispidus-42415-GCA047301775.1	GCA_047301775.1	42415	Sigmodon	hispidus	
Hydrochoerushydrochaeris-10149-GCA015741225.1	GCA_015741225.1	10149	Hydrochoerus	hydrochaeris	
Heterocephalusglaber-10181-GCA944319715.1	GCA_944319715.1	10181	Heterocephalus	glaber	
Heterocephalusglaber-10181-GCA944319725.1	GCA_944319725.1	10181	Heterocephalus	glaber	
Heterocephalusglaber-10181-GCA963923965.1	GCA_963923965.1	10181	Heterocephalus	glaber	
Heterocephalusglaber-10181-GCA963923975.1	GCA_963923975.1	10181	Heterocephalus	glaber	
Heterocephalusglaber-10181-GCA964261345.1	GCA_964261345.1	10181	Heterocephalus	glaber	
Heterocephalusglaber-10181-GCA964261355.1	GCA_964261355.1	10181	Heterocephalus	glaber	
Coendouprehensilis-187985-GCA028534165.1	GCA_028534165.1	187985	Coendou	prehensilis	
Muscardinusavellanarius-39082-GCA963383645.1	GCA_963383645.1	39082	Muscardinus	avellanarius	
Eliomysquercinus-53277-GCA051143595.1	GCA_051143595.1	53277	Eliomys	quercinus	
Eliomysquercinus-53277-GCA051143605.1	GCA_051143605.1	53277	Eliomys	quercinus	
Xerusrutilus-226860-GCA028644305.1	GCA_028644305.1	226860	Xerus	rutilus	
Otospermophilusbeecheyi-34862-GCA051821045.1	GCA_051821045.1	34862	Otospermophilus	beecheyi	
Tamiassibiricus-64680-GCA025594165.1	GCA_025594165.1	64680	Tamias	sibiricus	
Tamiassibiricus-64680-GCA047496905.1	GCA_047496905.1	64680	Tamias	sibiricus	
Spermophiluscitellus-9997-GCA964194105.1	GCA_964194105.1	9997	Spermophilus	citellus	
Pteromysvolans-55152-GCA051107445.1	GCA_051107445.1	55152	Pteromys	volans	
Sciuruscarolinensis-30640-GCA028643795.1	GCA_028643795.1	30640	Sciurus	carolinensis	
Sciurusvulgaris-55149-GCA902686455.2	GCA_902686455.2	55149	Sciurus	vulgaris	
Tupaiachinensis-246437-GCA033439345.1	GCA_033439345.1	246437	Tupaia	chinensis	
Microcebusmurinus-30608-GCA040939475.2	GCA_040939475.2	30608	Microcebus	murinus	
Eulemurmongoz-34828-GCA028534055.1	GCA_028534055.1	34828	Eulemur	mongoz	
Eulemurrufifrons-859984-GCA043251655.1	GCA_043251655.1	859984	Eulemur	rufifrons	
Vareciavariegata-9455-GCA028533085.1	GCA_028533085.1	9455	Varecia	variegata	
Nycticebusbengalensis-261741-GCA023898255.1	GCA_023898255.1	261741	Nycticebus	bengalensis	
Pitheciapithecia-43777-GCA028551515.1	GCA_028551515.1	43777	Pithecia	pithecia	
Leontopithecusrosalia-30588-GCA028533165.1	GCA_028533165.1	30588	Leontopithecus	rosalia	
Callithrixpenicillata-57378-GCA046862485.1	GCA_046862485.1	57378	Callithrix	penicillata	
Callithrixjacchus-9483-GCA011078405.1	GCA_011078405.1	9483	Callithrix	jacchus	
Callithrixjacchus-9483-GCA011100535.2	GCA_011100535.2	9483	Callithrix	jacchus	
Callithrixjacchus-9483-GCA013138085.1	GCA_013138085.1	9483	Callithrix	jacchus	
Callithrixjacchus-9483-GCA049354655.1	GCA_049354655.1	9483	Callithrix	jacchus	
Callithrixjacchus-9483-GCA049354665.1	GCA_049354665.1	9483	Callithrix	jacchus	
Callithrixjacchus-9483-GCA049354675.1	GCA_049354675.1	9483	Callithrix	jacchus	
Callithrixjacchus-9483-GCA049354715.1	GCA_049354715.1	9483	Callithrix	jacchus	
Saguinusmidas-30586-GCA021498475.1	GCA_021498475.1	30586	Saguinus	midas	
Miopithecustalapoin-36231-GCA028551445.1	GCA_028551445.1	36231	Miopithecus	talapoin	
Chlorocebussabaeus-60711-GCA047676025.1	GCA_047676025.1	60711	Chlorocebus	sabaeus	
Cercopithecusmitis-36225-GCA028627265.1	GCA_028627265.1	36225	Cercopithecus	mitis	
Macacacyclopis-78449-GCA026956025.1	GCA_026956025.1	78449	Macaca	cyclopis	
Macacafascicularis-9541-GCA000222185.1	GCA_000222185.1	9541	Macaca	fascicularis	
Macacafascicularis-9541-GCA011100615.1	GCA_011100615.1	9541	Macaca	fascicularis	
Macacafascicularis-9541-GCA048601705.1	GCA_048601705.1	9541	Macaca	fascicularis	
Macacamulatta-9544-GCA001270425.1	GCA_001270425.1	9544	Macaca	mulatta	
Macacamulatta-9544-GCA008058575.1	GCA_008058575.1	9544	Macaca	mulatta	
Macacamulatta-9544-GCA036172295.1	GCA_036172295.1	9544	Macaca	mulatta	
Papiopapio-100937-GCA028645565.1	GCA_028645565.1	100937	Papio	papio	
Papioanubis-9555-GCA008728515.2	GCA_008728515.2	9555	Papio	anubis	
Theropithecusgelada-9565-GCA028533075.1	GCA_028533075.1	9565	Theropithecus	gelada	
Nasalislarvatus-43780-GCA000772465.1	GCA_000772465.1	43780	Nasalis	larvatus	
Colobusguereza-33548-GCA021498455.1	GCA_021498455.1	33548	Colobus	guereza	
Colobusguereza-33548-GCA030247045.1	GCA_030247045.1	33548	Colobus	guereza	
Nomascusleucogenys-61853-GCA040113105.1	GCA_040113105.1	61853	Nomascus	leucogenys	
Nomascusleucogenys-61853-GCA040113115.1	GCA_040113115.1	61853	Nomascus	leucogenys	
Symphalangussyndactylus-9590-GCA028642525.1	GCA_028642525.1	9590	Symphalangus	syndactylus	
Symphalangussyndactylus-9590-GCA028878085.3	GCA_028878085.3	9590	Symphalangus	syndactylus	
Hoolockleuconedys-593543-GCA047372625.1	GCA_047372625.1	593543	Hoolock	leuconedys	
Hylobatespileatus-9589-GCA021498465.1	GCA_021498465.1	9589	Hylobates	pileatus	
Gorillagorilla-9595-GCA028885475.2	GCA_028885475.2	9595	Gorilla	gorilla	
Gorillagorilla-9595-GCA028885495.2	GCA_028885495.2	9595	Gorilla	gorilla	
Gorillagorilla-9595-GCA900006655.3	GCA_900006655.3	9595	Gorilla	gorilla	
Panpaniscus-9597-GCA013052645.3	GCA_013052645.3	9597	Pan	paniscus	
Panpaniscus-9597-GCA028858825.2	GCA_028858825.2	9597	Pan	paniscus	
Panpaniscus-9597-GCA028858845.2	GCA_028858845.2	9597	Pan	paniscus	
Pantroglodytes-9598-GCA028858805.2	GCA_028858805.2	9598	Pan	troglodytes	
Pantroglodytes-37012-GCA000002175.2	GCA_000002175.2	37012	Pan	troglodytes	
Pongopygmaeus-9600-GCA028885525.2	GCA_028885525.2	9600	Pongo	pygmaeus	
Pongopygmaeus-9600-GCA900086635.1	GCA_900086635.1	9600	Pongo	pygmaeus	
Pongoabelii-9601-GCA000001545.3	GCA_000001545.3	9601	Pongo	abelii	
Pongoabelii-9601-GCA028885685.2	GCA_028885685.2	9601	Pongo	abelii	
Dugongdugon-29137-GCA040182945.1	GCA_040182945.1	29137	Dugong	dugon	
Trichechusinunguis-9777-GCA046562895.1	GCA_046562895.1	9777	Trichechus	inunguis	
Trichechusinunguis-9777-GCA046562985.1	GCA_046562985.1	9777	Trichechus	inunguis	
Elephasmaximus-9783-GCA032718585.1	GCA_032718585.1	9783	Elephas	maximus	
Elephasmaximus-9783-GCA032718755.1	GCA_032718755.1	9783	Elephas	maximus	
Elephasmaximus-9783-GCA033060105.1	GCA_033060105.1	9783	Elephas	maximus	
Loxodontaafricana-9785-GCA032717405.1	GCA_032717405.1	9785	Loxodonta	africana	
Loxodontaafricana-9785-GCA032717415.1	GCA_032717415.1	9785	Loxodonta	africana	
Loxodontaafricana-9785-GCA033060095.1	GCA_033060095.1	9785	Loxodonta	africana	
Ornithorhynchusanatinus-9258-GCA000002275.2	GCA_000002275.2	9258	Ornithorhynchus	anatinus	
Tachyglossusaculeatus-9261-GCA015598185.1	GCA_015598185.1	9261	Tachyglossus	aculeatus	
Podocnemisexpansa-44507-GCA045364785.1	GCA_045364785.1	44507	Podocnemis	expansa	
Podocnemisexpansa-44507-GCA045364815.1	GCA_045364815.1	44507	Podocnemis	expansa	
Myuchelysgeorgesi-1041117-GCA040894355.2	GCA_040894355.2	1041117	Myuchelys	georgesi	
Pelochelyscantorii-171793-GCA032595735.1	GCA_032595735.1	171793	Pelochelys	cantorii	
Pelodiscussinensis-13735-GCA048772765.1	GCA_048772765.1	13735	Pelodiscus	sinensis	
Pelodiscussinensis-13735-GCA052110805.1	GCA_052110805.1	13735	Pelodiscus	sinensis	
Rafetusswinhoei-904230-GCA019425775.1	GCA_019425775.1	904230	Rafetus	swinhoei	
Apalonespinifera-55534-GCA030068395.2	GCA_030068395.2	55534	Apalone	spinifera	
Staurotypustriporcatus-55537-GCA044707075.1	GCA_044707075.1	55537	Staurotypus	triporcatus	
Eretmochelysimbricata-27787-GCA030012505.1	GCA_030012505.1	27787	Eretmochelys	imbricata	
Mauremysmutica-74926-GCA032357905.1	GCA_032357905.1	74926	Mauremys	mutica	
Chrysemyspicta-391339-GCA037418315.2	GCA_037418315.2	391339	Chrysemys	picta	
Graptemysgeographica-8481-GCA037349215.2	GCA_037349215.2	8481	Graptemys	geographica	
Malaclemysterrapin-1087311-GCA037113585.1	GCA_037113585.1	1087311	Malaclemys	terrapin	
Aldabrachelysgigantea-167804-GCA026122505.1	GCA_026122505.1	167804	Aldabrachelys	gigantea	
Testudograeca-86975-GCA040782865.1	GCA_040782865.1	86975	Testudo	graeca	
Crocodylussiamensis-68455-GCA052110815.1	GCA_052110815.1	68455	Crocodylus	siamensis	
Dromaiusnovaehollandiae-8790-GCA016128335.2	GCA_016128335.2	8790	Dromaius	novaehollandiae	
Eudromiaelegans-8805-GCA047922975.1	GCA_047922975.1	8805	Eudromia	elegans	
Eudromiaelegans-8805-GCA047922985.1	GCA_047922985.1	8805	Eudromia	elegans	
Marecastrepera-75861-GCA965278785.1	GCA_965278785.1	75861	Mareca	strepera	
Clangulahyemalis-197941-GCA963989345.1	GCA_963989345.1	197941	Clangula	hyemalis	
Bucephalaclangula-107022-GCA964059595.1	GCA_964059595.1	107022	Bucephala	clangula	
Somateriamollissima-76058-GCA030142145.1	GCA_030142145.1	76058	Somateria	mollissima	
Somateriamollissima-76058-GCA951411735.1	GCA_951411735.1	76058	Somateria	mollissima	
Somateriamollissima-76058-GCA951416345.1	GCA_951416345.1	76058	Somateria	mollissima	
Heteronettaatricapilla-555264-GCA011075105.1	GCA_011075105.1	555264	Heteronetta	atricapilla	
Anasplatyrhynchos-8839-GCA002224895.2	GCA_002224895.2	8839	Anas	platyrhynchos	
Anasplatyrhynchos-8839-GCA008746955.3	GCA_008746955.3	8839	Anas	platyrhynchos	
Anasplatyrhynchos-8839-GCA030704485.1	GCA_030704485.1	8839	Anas	platyrhynchos	
Anasplatyrhynchos-8839-GCA037218355.1	GCA_037218355.1	8839	Anas	platyrhynchos	
Anasplatyrhynchos-8839-GCA039998725.1	GCA_039998725.1	8839	Anas	platyrhynchos	
Anasplatyrhynchos-8839-GCA040361065.1	GCA_040361065.1	8839	Anas	platyrhynchos	
Anasplatyrhynchos-8839-GCA040361135.1	GCA_040361135.1	8839	Anas	platyrhynchos	
Anasplatyrhynchos-8839-GCA047301635.1	GCA_047301635.1	8839	Anas	platyrhynchos	
Anasplatyrhynchos-8839-GCA048756695.1	GCA_048756695.1	8839	Anas	platyrhynchos	
Anasplatyrhynchos-8839-GCA900411745.1	GCA_900411745.1	8839	Anas	platyrhynchos	
Anasplatyrhynchos-8839-GCA964188345.1	GCA_964188345.1	8839	Anas	platyrhynchos	
Anasplatyrhynchos-8840-GCA002743455.1	GCA_002743455.1	8840	Anas	platyrhynchos	
Cairinamoschata-8855-GCA009194515.1	GCA_009194515.1	8855	Cairina	moschata	
Cairinamoschata-8855-GCA018104995.1	GCA_018104995.1	8855	Cairina	moschata	
Cairinamoschata-8855-GCA048319975.1	GCA_048319975.1	8855	Cairina	moschata	
Stictonettanaevosa-45637-GCA011074415.1	GCA_011074415.1	45637	Stictonetta	naevosa	
Alopochenaegyptiaca-30382-GCA965278175.1	GCA_965278175.1	30382	Alopochen	aegyptiaca	
Aythyabaeri-1177618-GCA026413565.1	GCA_026413565.1	1177618	Aythya	baeri	
Aythyamarila-189534-GCA029042245.1	GCA_029042245.1	189534	Aythya	marila	
Aythyamarila-189534-GCA965140915.1	GCA_965140915.1	189534	Aythya	marila	
Aythyaferina-219593-GCA042478095.1	GCA_042478095.1	219593	Aythya	ferina	
Aythyaferina-219593-GCA964211825.1	GCA_964211825.1	219593	Aythya	ferina	
Nettarufina-30387-GCA964035555.1	GCA_964035555.1	30387	Netta	rufina	
Anserbrachyrhynchus-132585-GCA964034855.1	GCA_964034855.1	132585	Anser	brachyrhynchus	
Ansererythropus-132586-GCA965277985.1	GCA_965277985.1	132586	Anser	erythropus	
Anserfabalis-132587-GCA965250395.1	GCA_965250395.1	132587	Anser	fabalis	
Anseranser-8843-GCA964211785.1	GCA_964211785.1	8843	Anser	anser	
Anseranser-8843-GCA964211835.1	GCA_964211835.1	8843	Anser	anser	
Ansercygnoides-8845-GCA025388735.1	GCA_025388735.1	8845	Anser	cygnoides	
Ansercygnoides-8845-GCA026259575.1	GCA_026259575.1	8845	Anser	cygnoides	
Ansercygnoides-8845-GCA030515125.1	GCA_030515125.1	8845	Anser	cygnoides	
Anserindicus-8846-GCA025583725.1	GCA_025583725.1	8846	Anser	indicus	
Brantaleucopsis-184711-GCA965642265.1	GCA_965642265.1	184711	Branta	leucopsis	
Brantacanadensis-8853-GCA965231335.1	GCA_965231335.1	8853	Branta	canadensis	
Cygnuscolumbianus-110926-GCA965151615.1	GCA_965151615.1	110926	Cygnus	columbianus	
Cygnuscygnus-219595-GCA965278775.1	GCA_965278775.1	219595	Cygnus	cygnus	
Nettapusauritus-658922-GCA011076525.1	GCA_011076525.1	658922	Nettapus	auritus	
Alectorisgraeca-40178-GCA965278835.1	GCA_965278835.1	40178	Alectoris	graeca	
Alectorismagna-40179-GCA030625065.1	GCA_030625065.1	40179	Alectoris	magna	
Alectorischukar-9078-GCA035666275.1	GCA_035666275.1	9078	Alectoris	chukar	
Coturnixcoturnix-9091-GCA051820755.1	GCA_051820755.1	9091	Coturnix	coturnix	
Meleagrisgallopavo-9103-GCA943294205.1	GCA_943294205.1	9103	Meleagris	gallopavo	
Meleagrisgallopavo-9103-GCA943295565.1	GCA_943295565.1	9103	Meleagris	gallopavo	
Tetraourogallus-100830-GCA951394365.1	GCA_951394365.1	100830	Tetrao	urogallus	
Gallusgallus-9031-GCA002798355.1	GCA_002798355.1	9031	Gallus	gallus	
Gallusgallus-9031-GCA024206055.2	GCA_024206055.2	9031	Gallus	gallus	
Gallusgallus-9031-GCA024652985.1	GCA_024652985.1	9031	Gallus	gallus	
Gallusgallus-9031-GCA024652995.1	GCA_024652995.1	9031	Gallus	gallus	
Gallusgallus-9031-GCA024653025.1	GCA_024653025.1	9031	Gallus	gallus	
Gallusgallus-9031-GCA024653035.1	GCA_024653035.1	9031	Gallus	gallus	
Gallusgallus-9031-GCA024653045.1	GCA_024653045.1	9031	Gallus	gallus	
Gallusgallus-9031-GCA025370635.1	GCA_025370635.1	9031	Gallus	gallus	
Gallusgallus-9031-GCA030849555.2	GCA_030849555.2	9031	Gallus	gallus	
Gallusgallus-9031-GCA030914265.2	GCA_030914265.2	9031	Gallus	gallus	
Gallusgallus-9031-GCA030914275.2	GCA_030914275.2	9031	Gallus	gallus	
Gallusgallus-9031-GCA030979905.2	GCA_030979905.2	9031	Gallus	gallus	
Gallusgallus-9031-GCA034769225.1	GCA_034769225.1	9031	Gallus	gallus	
Gallusgallus-9031-GCA034769275.1	GCA_034769275.1	9031	Gallus	gallus	
Gallusgallus-9031-GCA039997075.1	GCA_039997075.1	9031	Gallus	gallus	
Gallusgallus-9031-GCA040436645.1	GCA_040436645.1	9031	Gallus	gallus	
Gallusgallus-9031-GCA040436655.1	GCA_040436655.1	9031	Gallus	gallus	
Gallusgallus-9031-GCA041920315.1	GCA_041920315.1	9031	Gallus	gallus	
Gallusgallus-9031-GCA052054655.1	GCA_052054655.1	9031	Gallus	gallus	
Gallusgallus-208526-GCA033088195.1	GCA_033088195.1	208526	Gallus	gallus	
Lophuraswinhoii-140446-GCA030408155.1	GCA_030408155.1	140446	Lophura	swinhoii	
Pavocristatus-9049-GCA045791835.1	GCA_045791835.1	9049	Pavo	cristatus	
Pavocristatus-9049-GCA965225075.1	GCA_965225075.1	9049	Pavo	cristatus	
Chrysolophuspictus-9089-GCA037216735.1	GCA_037216735.1	9089	Chrysolophus	pictus	
Chrysolophuspictus-9089-GCA037305975.1	GCA_037305975.1	9089	Chrysolophus	pictus	
Archilochuscolubris-190676-GCA023079485.1	GCA_023079485.1	190676	Archilochus	colubris	
Phaethornissuperciliosus-46513-GCA023637945.2	GCA_023637945.2	46513	Phaethornis	superciliosus	
Caprimulguseuropaeus-111811-GCA907165065.1	GCA_907165065.1	111811	Caprimulgus	europaeus	
Phaethonaethereus-37045-GCA964289735.1	GCA_964289735.1	37045	Phaethon	aethereus	
Pteroclesgutturalis-240206-GCA009769525.1	GCA_009769525.1	240206	Pterocles	gutturalis	
Nesoenasmayeri-187126-GCA963082525.1	GCA_963082525.1	187126	Nesoenas	mayeri	
Streptopeliadecaocto-177147-GCA964273445.1	GCA_964273445.1	177147	Streptopelia	decaocto	
Streptopeliadecaocto-177147-GCA964273585.1	GCA_964273585.1	177147	Streptopelia	decaocto	
Streptopeliaturtur-177155-GCA901699155.2	GCA_901699155.2	177155	Streptopelia	turtur	
Columbalivia-8932-GCA001887795.1	GCA_001887795.1	8932	Columba	livia	
Columbalivia-8932-GCA028654425.1	GCA_028654425.1	8932	Columba	livia	
Columbalivia-8932-GCA032719375.1	GCA_032719375.1	8932	Columba	livia	
Columbalivia-8932-GCA040285205.1	GCA_040285205.1	8932	Columba	livia	
Columbapalumbus-8934-GCA965250375.1	GCA_965250375.1	8934	Columba	palumbus	
Phoenicopterusruber-9218-GCA009819775.1	GCA_009819775.1	9218	Phoenicopterus	ruber	
Otistarda-73107-GCA026413225.1	GCA_026413225.1	73107	Otis	tarda	
Tauracoerythrolophus-121530-GCA009769465.1	GCA_009769465.1	121530	Tauraco	erythrolophus	
Strixnebulosa-126836-GCA051313305.1	GCA_051313305.1	126836	Strix	nebulosa	
Strixuralensis-36305-GCA047947145.2	GCA_047947145.2	36305	Strix	uralensis	
Cariamacristata-54380-GCA009819825.1	GCA_009819825.1	54380	Cariama	cristata	
Falcopunctatus-148596-GCA963210335.1	GCA_963210335.1	148596	Falco	punctatus	
Falcoperegrinus-8954-GCA001887755.1	GCA_001887755.1	8954	Falco	peregrinus	
Falcoperegrinus-8954-GCA965282525.1	GCA_965282525.1	8954	Falco	peregrinus	
Falcoperegrinus-8954-GCA965282645.1	GCA_965282645.1	8954	Falco	peregrinus	
Juncohyemalis-40217-GCA003829775.2	GCA_003829775.2	40217	Junco	hyemalis	
Zonotrichiacapensis-44391-GCA045269165.1	GCA_045269165.1	44391	Zonotrichia	capensis	
Zonotrichialeucophrys-655235-GCA045281155.1	GCA_045281155.1	655235	Zonotrichia	leucophrys	
Lonchurastriata-40157-GCA050655735.1	GCA_050655735.1	40157	Lonchura	striata	
Lonchurastriata-40157-GCA050655825.1	GCA_050655825.1	40157	Lonchura	striata	
Taeniopygiaguttata-59729-GCA008822115.3	GCA_008822115.3	59729	Taeniopygia	guttata	
Taeniopygiaguttata-59729-GCA008822125.1	GCA_008822125.1	59729	Taeniopygia	guttata	
Taeniopygiaguttata-59729-GCA009859065.2	GCA_009859065.2	59729	Taeniopygia	guttata	
Setophagacoronata-1037456-GCA001746935.2	GCA_001746935.2	1037456	Setophaga	coronata	
Fringillacoelebs-37598-GCA963513975.1	GCA_963513975.1	37598	Fringilla	coelebs	
Fringillacoelebs-1471794-GCA015532645.2	GCA_015532645.2	1471794	Fringilla	coelebs	
Pyrrhulamurina-928672-GCA965183895.1	GCA_965183895.1	928672	Pyrrhula	murina	
Calcariuslapponicus-135424-GCA039654755.1	GCA_039654755.1	135424	Calcarius	lapponicus	
Emberizaaureola-433632-GCA050947545.1	GCA_050947545.1	433632	Emberiza	aureola	
Passerdomesticus-48849-GCA001700915.1	GCA_001700915.1	48849	Passer	domesticus	
Coloeusmonedula-30423-GCA013407035.1	GCA_013407035.1	30423	Coloeus	monedula	
Coloeusmonedula-30423-GCA965178535.1	GCA_965178535.1	30423	Coloeus	monedula	
Coloeusmonedula-30423-GCA965178545.1	GCA_965178545.1	30423	Coloeus	monedula	
Aphelocomacoerulescens-39617-GCA041296225.1	GCA_041296225.1	39617	Aphelocoma	coerulescens	
Aphelocomacoerulescens-39617-GCA041296385.2	GCA_041296385.2	39617	Aphelocoma	coerulescens	
Maluruscyaneus-2593467-GCA009741485.1	GCA_009741485.1	2593467	Malurus	cyaneus	
Myzomelatristrami-1786045-GCA051294455.1	GCA_051294455.1	1786045	Myzomela	tristrami	
Myzomelacardinalis-265620-GCA051294465.1	GCA_051294465.1	265620	Myzomela	cardinalis	
Lichenostomuscassidix-1497555-GCA008360975.3	GCA_008360975.3	1497555	Lichenostomus	cassidix	
Phylloscopustrochiloides-48154-GCA048593965.1	GCA_048593965.1	48154	Phylloscopus	trochiloides	
Acrocephalusscirpaceus-126889-GCA910950805.1	GCA_910950805.1	126889	Acrocephalus	scirpaceus	
Acrocephaluspaludicola-68471-GCA965285925.1	GCA_965285925.1	68471	Acrocephalus	paludicola	
Acrocephaluspaludicola-68471-GCA965287075.1	GCA_965287075.1	68471	Acrocephalus	paludicola	
Sylviaborin-73324-GCA014839755.1	GCA_014839755.1	73324	Sylvia	borin	
Zosteropslateralis-43581-GCA965231245.1	GCA_965231245.1	43581	Zosterops	lateralis	
Zosteropslateralis-43581-GCA965231275.1	GCA_965231275.1	43581	Zosterops	lateralis	
Pyrocephalusnanus-1853061-GCA038380795.1	GCA_038380795.1	1853061	Pyrocephalus	nanus	
Acanthisittachloris-57068-GCA016904835.1	GCA_016904835.1	57068	Acanthisitta	chloris	
Diglossabrunneiventris-547948-GCA019023105.1	GCA_019023105.1	547948	Diglossa	brunneiventris	
Camarhynchusparvulus-87175-GCA902806625.1	GCA_902806625.1	87175	Camarhynchus	parvulus	
Sittacarolinensis-50250-GCA032173965.1	GCA_032173965.1	50250	Sitta	carolinensis	
Certhiaamericana-186443-GCA018697195.1	GCA_018697195.1	186443	Certhia	americana	
Rhegmatorhinahoffmannsi-468512-GCA013398505.2	GCA_013398505.2	468512	Rhegmatorhina	hoffmannsi	
Willisornisvidua-1566151-GCA045364795.1	GCA_045364795.1	1566151	Willisornis	vidua	
Willisornisvidua-1566151-GCA045364805.1	GCA_045364805.1	1566151	Willisornis	vidua	
Poecilemontanus-48895-GCA038429875.2	GCA_038429875.2	48895	Poecile	montanus	
Periparusater-156567-GCA032357785.1	GCA_032357785.1	156567	Periparus	ater	
Pseudopodoceshumilis-181119-GCA049639895.1	GCA_049639895.1	181119	Pseudopodoces	humilis	
Acridotherestristis-279927-GCA037013685.1	GCA_037013685.1	279927	Acridotheres	tristis	
Sturnusvulgaris-9172-GCA023376015.1	GCA_023376015.1	9172	Sturnus	vulgaris	
Erithacusrubecula-37610-GCA903797595.2	GCA_903797595.2	37610	Erithacus	rubecula	
Lusciniamegarhynchos-383689-GCA034336665.1	GCA_034336665.1	383689	Luscinia	megarhynchos	
Luscinialuscinia-391696-GCA034336685.1	GCA_034336685.1	391696	Luscinia	luscinia	
Turdusphilomelos-127946-GCA965287025.1	GCA_965287025.1	127946	Turdus	philomelos	
Turdusiliacus-411526-GCA965287035.1	GCA_965287035.1	411526	Turdus	iliacus	
Turdusmerula-9187-GCA965287015.1	GCA_965287015.1	9187	Turdus	merula	
Amazonaaestiva-12930-GCA017639355.1	GCA_017639355.1	12930	Amazona	aestiva	
Myiopsittamonachus-176066-GCA017639245.1	GCA_017639245.1	176066	Myiopsitta	monachus	
Guarubaguarouba-51906-GCA045345405.1	GCA_045345405.1	51906	Guaruba	guarouba	
Guarubaguarouba-51906-GCA045519325.1	GCA_045519325.1	51906	Guaruba	guarouba	
Agapornisfischeri-60463-GCA051622115.1	GCA_051622115.1	60463	Agapornis	fischeri	
Agapornisroseicollis-60468-GCA051622155.1	GCA_051622155.1	60468	Agapornis	roseicollis	
Psittaculaecho-232653-GCA963264785.1	GCA_963264785.1	232653	Psittacula	echo	
Bucorvusabyssinicus-153643-GCA009769605.1	GCA_009769605.1	153643	Bucorvus	abyssinicus	
Bucorvusleadbeateri-155086-GCA042477495.1	GCA_042477495.1	155086	Bucorvus	leadbeateri	
Meropsnubicus-57421-GCA009819595.1	GCA_009819595.1	57421	Merops	nubicus	
Picusviridis-100825-GCA033816785.1	GCA_033816785.1	100825	Picus	viridis	
Colaptesauratus-51355-GCA015227895.2	GCA_015227895.2	51355	Colaptes	auratus	
Morphnusguianensis-252789-GCA045345505.1	GCA_045345505.1	252789	Morphnus	guianensis	
Morphnusguianensis-252789-GCA045345515.1	GCA_045345515.1	252789	Morphnus	guianensis	
Asturgentilis-8957-GCA929443795.2	GCA_929443795.2	8957	Astur	gentilis	
Accipitergularis-258530-GCA043388435.1	GCA_043388435.1	258530	Accipiter	gularis	
Accipitergularis-258530-GCA046127185.1	GCA_046127185.1	258530	Accipiter	gularis	
Vulturgryphus-8924-GCA039700855.2	GCA_039700855.2	8924	Vultur	gryphus	
Calonectrisborealis-1323832-GCA964196065.2	GCA_964196065.2	1323832	Calonectris	borealis	
Ciconiamaguari-52777-GCA017639555.1	GCA_017639555.1	52777	Ciconia	maguari	
Nipponianippon-128390-GCA035839065.1	GCA_035839065.1	128390	Nipponia	nippon	
Platalealeucorodia-257867-GCA965183815.1	GCA_965183815.1	257867	Platalea	leucorodia	
Gorsachiusmagnificus-887050-GCA034008185.1	GCA_034008185.1	887050	Gorsachius	magnificus	
Aptenodytespatagonicus-9234-GCA965638715.1	GCA_965638715.1	9234	Aptenodytes	patagonicus	
Pluvialisapricaria-670352-GCA017639485.1	GCA_017639485.1	670352	Pluvialis	apricaria	
Vanellusvanellus-100859-GCA965231255.1	GCA_965231255.1	100859	Vanellus	vanellus	
Vanellusvanellus-100859-GCA965286855.1	GCA_965286855.1	100859	Vanellus	vanellus	
Chroicocephalusridibundus-1192867-GCA030820635.1	GCA_030820635.1	1192867	Chroicocephalus	ridibundus	
Sternahirundo-108405-GCA009819605.1	GCA_009819605.1	108405	Sterna	hirundo	
Larusglaucescens-119606-GCA965654385.1	GCA_965654385.1	119606	Larus	glaucescens	
Larusglaucescens-119606-GCA965654465.1	GCA_965654465.1	119606	Larus	glaucescens	
Larusmichahellis-119627-GCA964199725.2	GCA_964199725.2	119627	Larus	michahellis	
Larusmichahellis-119627-GCA964199755.2	GCA_964199755.2	119627	Larus	michahellis	
Larushyperboreus-119637-GCA965654215.1	GCA_965654215.1	119637	Larus	hyperboreus	
Larushyperboreus-119637-GCA965654415.1	GCA_965654415.1	119637	Larus	hyperboreus	
Larusoccidentalis-126713-GCA965654445.1	GCA_965654445.1	126713	Larus	occidentalis	
Larusoccidentalis-126713-GCA965654455.1	GCA_965654455.1	126713	Larus	occidentalis	
Laruscanus-28681-GCA966204495.1	GCA_966204495.1	28681	Larus	canus	
Laruscanus-28681-GCA966207165.1	GCA_966207165.1	28681	Larus	canus	
Larusargentatus-35669-GCA964417125.1	GCA_964417125.1	35669	Larus	argentatus	
Larusargentatus-35669-GCA964417175.1	GCA_964417175.1	35669	Larus	argentatus	
Larusmarinus-8912-GCA965649785.1	GCA_965649785.1	8912	Larus	marinus	
Larusmarinus-8912-GCA965649815.1	GCA_965649815.1	8912	Larus	marinus	
Larusfuscus-8915-GCA963932225.2	GCA_963932225.2	8915	Larus	fuscus	
Larusfuscus-8915-GCA963932325.2	GCA_963932325.2	8915	Larus	fuscus	
Lymnocryptesminimus-107379-GCA964304605.1	GCA_964304605.1	107379	Lymnocryptes	minimus	
Scolopaxrusticola-100826-GCA964304615.2	GCA_964304615.2	100826	Scolopax	rusticola	
Grusgrus-40816-GCA964106855.1	GCA_964106855.1	40816	Grus	grus	
Rallusaquaticus-54496-GCA965250365.1	GCA_965250365.1	54496	Rallus	aquaticus	
Gallinulachloropus-9123-GCA964237585.1	GCA_964237585.1	9123	Gallinula	chloropus	
Sceloporustristichus-190870-GCA016801065.1	GCA_016801065.1	190870	Sceloporus	tristichus	
Sceloporustristichus-190870-GCA016801415.1	GCA_016801415.1	190870	Sceloporus	tristichus	
Furciferpardalis-187939-GCA030440675.1	GCA_030440675.1	187939	Furcifer	pardalis	
Chamaeleocalyptratus-179908-GCA043643385.1	GCA_043643385.1	179908	Chamaeleo	calyptratus	
Pogonavitticeps-103695-GCA048414675.1	GCA_048414675.1	103695	Pogona	vitticeps	
Pogonavitticeps-103695-GCA051106095.1	GCA_051106095.1	103695	Pogona	vitticeps	
Laudakiawui-1816318-GCA040285375.1	GCA_040285375.1	1816318	Laudakia	wui	
Phrynocephalusguinanensis-740940-GCA037367245.1	GCA_037367245.1	740940	Phrynocephalus	guinanensis	
Iguanaiguana-8517-GCA051529865.1	GCA_051529865.1	8517	Iguana	iguana	
Anniellastebbinsi-2202111-GCA051312515.1	GCA_051312515.1	2202111	Anniella	stebbinsi	
Anniellastebbinsi-2202111-GCA051312545.1	GCA_051312545.1	2202111	Anniella	stebbinsi	
Dopasiagracilis-182351-GCA052054735.1	GCA_052054735.1	182351	Dopasia	gracilis	
Shinisauruscrocodilurus-52224-GCA021292165.1	GCA_021292165.1	52224	Shinisaurus	crocodilurus	
Varanusacanthurus-62035-GCA050042745.1	GCA_050042745.1	62035	Varanus	acanthurus	
Malpolonmonspessulanus-184164-GCA964265115.1	GCA_964265115.1	184164	Malpolon	monspessulanus	
Rhabdophisnuchalis-126483-GCA039707465.1	GCA_039707465.1	126483	Rhabdophis	nuchalis	
Natrixhelvetica-2025560-GCA964273705.1	GCA_964273705.1	2025560	Natrix	helvetica	
Natrixmaura-8585-GCA964659585.1	GCA_964659585.1	8585	Natrix	maura	
Hemorrhoishippocrepis-166086-GCA964340495.1	GCA_964340495.1	166086	Hemorrhois	hippocrepis	
Elapheschrenckii-74362-GCA050231175.1	GCA_050231175.1	74362	Elaphe	schrenckii	
Coluberconstrictor-3052055-GCA038048745.1	GCA_038048745.1	3052055	Coluber	constrictor	
Pseudoxenodonstejnegeri-1938231-GCA050613815.1	GCA_050613815.1	1938231	Pseudoxenodon	stejnegeri	
Notechisscutatus-8663-GCA049901735.1	GCA_049901735.1	8663	Notechis	scutatus	
Pseudonajatextilis-8673-GCA049901715.1	GCA_049901715.1	8673	Pseudonaja	textilis	
Hydrophiscurtus-355685-GCA019472885.1	GCA_019472885.1	355685	Hydrophis	curtus	
Hydrophismajor-355693-GCA033807585.1	GCA_033807585.1	355693	Hydrophis	major	
Hydrophiscyanocinctus-8686-GCA019473425.1	GCA_019473425.1	8686	Hydrophis	cyanocinctus	
Bungarusmulticinctus-8616-GCA023653725.1	GCA_023653725.1	8616	Bungarus	multicinctus	
Macroviperaschweizeri-110205-GCA965194845.1	GCA_965194845.1	110205	Macrovipera	schweizeri	
Cerastesgasperettii-110202-GCA046524025.1	GCA_046524025.1	110202	Cerastes	gasperettii	
Viperaursinii-103942-GCA947247035.1	GCA_947247035.1	103942	Vipera	ursinii	
Viperaberus-31155-GCA964194415.1	GCA_964194415.1	31155	Vipera	berus	
Viperaammodytes-8704-GCA047301725.1	GCA_047301725.1	8704	Vipera	ammodytes	
Crotalusviridis-8742-GCA003400415.2	GCA_003400415.2	8742	Crotalus	viridis	
Sistruruscatenatus-8756-GCA039880765.1	GCA_039880765.1	8756	Sistrurus	catenatus	
Zootocavivipara-8524-GCA965207765.1	GCA_965207765.1	8524	Zootoca	vivipara	
Zootocavivipara-8524-GCA965208345.1	GCA_965208345.1	8524	Zootoca	vivipara	
Podarciscretensis-1330250-GCA951804945.1	GCA_951804945.1	1330250	Podarcis	cretensis	
Podarciserhardii-140042-GCA964252035.1	GCA_964252035.1	140042	Podarcis	erhardii	
Podarcisvaucheri-140051-GCA965113305.1	GCA_965113305.1	140051	Podarcis	vaucheri	
Podarcisvaucheri-140051-GCA965113315.1	GCA_965113315.1	140051	Podarcis	vaucheri	
Podarcismuralis-64176-GCA964188315.1	GCA_964188315.1	64176	Podarcis	muralis	
Podarcismuralis-1534827-GCA014706415.1	GCA_014706415.1	1534827	Podarcis	muralis	
Podarcisfilfolensis-65481-GCA964270895.1	GCA_964270895.1	65481	Podarcis	filfolensis	
Podarcismelisellensis-65482-GCA964234715.1	GCA_964234715.1	65482	Podarcis	melisellensis	
Podarcismelisellensis-65482-GCA964234825.1	GCA_964234825.1	65482	Podarcis	melisellensis	
Podarcissiculus-65484-GCA964188175.1	GCA_964188175.1	65484	Podarcis	siculus	
Podarcistiliguerta-65485-GCA965153285.1	GCA_965153285.1	65485	Podarcis	tiliguerta	
Podarcistiliguerta-65485-GCA965153305.2	GCA_965153305.2	65485	Podarcis	tiliguerta	
Podarcisliolepis-662736-GCA965112155.1	GCA_965112155.1	662736	Podarcis	liolepis	
Podarcispityusensis-74359-GCA964106635.2	GCA_964106635.2	74359	Podarcis	pityusensis	
Podarcispityusensis-74359-GCA964106645.2	GCA_964106645.2	74359	Podarcis	pityusensis	
Podarcisbocagei-90520-GCA964188305.1	GCA_964188305.1	90520	Podarcis	bocagei	
Podarcisbocagei-90520-GCA964188325.1	GCA_964188325.1	90520	Podarcis	bocagei	
Podarcisgaigeae-90521-GCA964106785.1	GCA_964106785.1	90521	Podarcis	gaigeae	
Podarcisgaigeae-90521-GCA964106915.2	GCA_964106915.2	90521	Podarcis	gaigeae	
Aspidoscelistigris-2917703-GCA023333525.2	GCA_023333525.2	2917703	Aspidoscelis	tigris	
Spondylurusnitidus-3095121-GCA041380405.1	GCA_041380405.1	3095121	Spondylurus	nitidus	
Cryptoblepharusegeriae-2509230-GCA030015325.2	GCA_030015325.2	2509230	Cryptoblepharus	egeriae	
Carinascincusocellatus-316445-GCA965280105.1	GCA_965280105.1	316445	Carinascincus	ocellatus	
Acritoscincusduperreyi-316450-GCA041722995.2	GCA_041722995.2	316450	Acritoscincus	duperreyi	
Xantusiavigilis-8547-GCA051940845.1	GCA_051940845.1	8547	Xantusia	vigilis	
Xantusiavigilis-8547-GCA051940855.1	GCA_051940855.1	8547	Xantusia	vigilis	
Xantusiavigilis-8547-GCA051940885.1	GCA_051940885.1	8547	Xantusia	vigilis	
Teratoscincusroborowskii-102174-GCA051473905.1	GCA_051473905.1	102174	Teratoscincus	roborowskii	
Correlophusciliatus-143539-GCA045269775.1	GCA_045269775.1	143539	Correlophus	ciliatus	
Asaccuscaudivolvulus-886391-GCA042257475.1	GCA_042257475.1	886391	Asaccus	caudivolvulus	
Mediodactyluskotschyi-1303476-GCA965636955.1	GCA_965636955.1	1303476	Mediodactylus	kotschyi	
Paroedurapicta-143630-GCA049243985.1	GCA_049243985.1	143630	Paroedura	picta	
Ambystomamexicanum-8296-GCA002915635.3	GCA_002915635.3	8296	Ambystoma	mexicanum	
Lissotritonhelveticus-256425-GCA964261635.1	GCA_964261635.1	256425	Lissotriton	helveticus	
Lissotritonvulgaris-8324-GCA964263255.1	GCA_964263255.1	8324	Lissotriton	vulgaris	
Pleurodeleswaltl-8319-GCA031142525.1	GCA_031142525.1	8319	Pleurodeles	waltl	
Trituruscristatus-8323-GCA964204655.1	GCA_964204655.1	8323	Triturus	cristatus	
Desmognathusfuscus-52100-GCA050004315.1	GCA_050004315.1	52100	Desmognathus	fuscus	
Bombinavariegata-8348-GCA964205295.1	GCA_964205295.1	8348	Bombina	variegata	
Bombinavariegata-8348-GCA964205305.1	GCA_964205305.1	8348	Bombina	variegata	
Xenopusborealis-8354-GCA024363595.1	GCA_024363595.1	8354	Xenopus	borealis	
Xenopustropicalis-8364-GCA013368275.1	GCA_013368275.1	8364	Xenopus	tropicalis	
Ptychadenarobeensis-2829185-GCA036250615.1	GCA_036250615.1	2829185	Ptychadena	robeensis	
Pyxicephalusadspersus-30357-GCA004786255.1	GCA_004786255.1	30357	Pyxicephalus	adspersus	
Pelophylaxlessonae-45623-GCA965119305.1	GCA_965119305.1	45623	Pelophylax	lessonae	
Lithobatespipiens-8404-GCA037367395.2	GCA_037367395.2	8404	Lithobates	pipiens	
Ranamuscosa-160500-GCA029206835.1	GCA_029206835.1	160500	Rana	muscosa	
Ranakukunoris-670907-GCA029574335.1	GCA_029574335.1	670907	Rana	kukunoris	
Bufotesviridis-30338-GCA033119425.1	GCA_033119425.1	30338	Bufotes	viridis	
Bufotesviridis-30338-GCA037900795.1	GCA_037900795.1	30338	Bufotes	viridis	
Leptobrachiumailaonicum-428466-GCA018994145.1	GCA_018994145.1	428466	Leptobrachium	ailaonicum	
Leptobrachiumailaonicum-428466-GCA032062155.1	GCA_032062155.1	428466	Leptobrachium	ailaonicum	
Leptobrachiumleishanense-445787-GCA009667805.1	GCA_009667805.1	445787	Leptobrachium	leishanense	
Microcaeciliaunicolor-1415580-GCA901765095.2	GCA_901765095.2	1415580	Microcaecilia	unicolor	
Geotrypetesseraphini-260995-GCA902459505.2	GCA_902459505.2	260995	Geotrypetes	seraphini	
Rhinatremabivittatum-194408-GCA901001135.2	GCA_901001135.2	194408	Rhinatrema	bivittatum	
Ichthyophisbannanicus-8453-GCA033557465.1	GCA_033557465.1	8453	Ichthyophis	bannanicus	
Neoceratodusforsteri-7892-GCA016271365.2	GCA_016271365.2	7892	Neoceratodus	forsteri	
Lepidosirenparadoxa-7883-GCA040581445.1	GCA_040581445.1	7883	Lepidosiren	paradoxa	
Protopterusannectens-7888-GCA040939525.1	GCA_040939525.1	7888	Protopterus	annectens	
Leucorajanaevus-223888-GCA965643135.1	GCA_965643135.1	223888	Leucoraja	naevus	
Malacorajasenta-1072478-GCA038087875.1	GCA_038087875.1	1072478	Malacoraja	senta	
Okamejeikenojei-432798-GCA035221665.1	GCA_035221665.1	432798	Okamejei	kenojei	
Okamejeikenojei-432798-GCA040805665.1	GCA_040805665.1	432798	Okamejei	kenojei	
Rajabrachyura-223862-GCA963514005.1	GCA_963514005.1	223862	Raja	brachyura	
Somniosusmicrocephalus-191813-GCA052327205.1	GCA_052327205.1	191813	Somniosus	microcephalus	
Squalusacanthias-7797-GCA030390025.1	GCA_030390025.1	7797	Squalus	acanthias	
Prionaceglauca-7815-GCA037974335.1	GCA_037974335.1	7815	Prionace	glauca	
Scyliorhinuscanicula-7830-GCA902713615.2	GCA_902713615.2	7830	Scyliorhinus	canicula	
Mustelusasterias-112232-GCA964213995.1	GCA_964213995.1	112232	Mustelus	asterias	
Cetorhinusmaximus-57982-GCA964194155.1	GCA_964194155.1	57982	Cetorhinus	maximus	
Haliclystusoctoradiatus-313498-GCA916610825.1	GCA_916610825.1	313498	Haliclystus	octoradiatus	
Kudoaneothunni-1134596-GCA964304625.1	GCA_964304625.1	1134596	Kudoa	neothunni	
Candelabrumcocksii-264050-GCA963930725.1	GCA_963930725.1	264050	Candelabrum	cocksii	
Hydraviridissima-6082-GCA964215635.1	GCA_964215635.1	6082	Hydra	viridissima	
Hydravulgaris-6087-GCA024232925.2	GCA_024232925.2	6087	Hydra	vulgaris	
Turritopsisrubra-367916-GCA039566895.2	GCA_039566895.2	367916	Turritopsis	rubra	
Milleporadichotoma-544484-GCA965112555.1	GCA_965112555.1	544484	Millepora	dichotoma	
Milleporaalcicornis-544493-GCA965112645.1	GCA_965112645.1	544493	Millepora	alcicornis	
Milleporacomplanata-544496-GCA964656905.1	GCA_964656905.1	544496	Millepora	complanata	
Physaliaphysalis-168775-GCA041430235.2	GCA_041430235.2	168775	Physalia	physalis	
Nanomiaseptata-3117660-GCA048301595.1	GCA_048301595.1	3117660	Nanomia	septata	
Nanomiaseptata-3117660-GCA048301705.1	GCA_048301705.1	3117660	Nanomia	septata	
Sertularellagayi-662004-GCA965641995.1	GCA_965641995.1	662004	Sertularella	gayi	
Plumapathespennacea-1350358-GCA964036295.1	GCA_964036295.1	1350358	Plumapathes	pennacea	
Ricordeaflorida-165100-GCA949710005.1	GCA_949710005.1	165100	Ricordea	florida	
Rhodactisosculifera-2751898-GCA965240485.1	GCA_965240485.1	2751898	Rhodactis	osculifera	
Palythoacaribaeorum-134933-GCA965234985.1	GCA_965234985.1	134933	Palythoa	caribaeorum	
Paranemoniacinerea-1548796-GCA965243875.1	GCA_965243875.1	1548796	Paranemonia	cinerea	
Aulactiniaverrucosa-200527-GCA965282975.1	GCA_965282975.1	200527	Aulactinia	verrucosa	
Condylactisgigantea-47073-GCA964258915.1	GCA_964258915.1	47073	Condylactis	gigantea	
Actiniamediterranea-1960102-GCA965224875.2	GCA_965224875.2	1960102	Actinia	mediterranea	
Anemoniasulcata-6108-GCA965177965.1	GCA_965177965.1	6108	Anemonia	sulcata	
Anthopleuraartemisia-160216-GCA964304775.1	GCA_964304775.1	160216	Anthopleura	artemisia	
Anthopleuraxanthogrammica-6112-GCA964019055.1	GCA_964019055.1	6112	Anthopleura	xanthogrammica	
Scolanthuscallimorphus-2072708-GCA033964015.1	GCA_033964015.1	2072708	Scolanthus	callimorphus	
Nematostellavectensis-45351-GCA033964005.1	GCA_033964005.1	45351	Nematostella	vectensis	
Metridiumsenile-6116-GCA949775045.1	GCA_949775045.1	6116	Metridium	senile	
Calliactisparasitica-6114-GCA964340385.1	GCA_964340385.1	6114	Calliactis	parasitica	
Diadumenelineata-1789172-GCA918843875.1	GCA_918843875.1	1789172	Diadumene	lineata	
Stephanocoeniaintersepta-504342-GCA965112835.1	GCA_965112835.1	504342	Stephanocoenia	intersepta	
Madracissenaria-123773-GCA964656595.1	GCA_964656595.1	123773	Madracis	senaria	
Madracisauretenra-999287-GCA964059495.1	GCA_964059495.1	999287	Madracis	auretenra	
Pocilloporagrandis-2759717-GCA964027065.2	GCA_964027065.2	2759717	Pocillopora	grandis	
Pocilloporadamicornis-46731-GCA964200805.1	GCA_964200805.1	46731	Pocillopora	damicornis	
Stylophorapistillata-50429-GCA964205215.1	GCA_964205215.1	50429	Stylophora	pistillata	
Isoporapalifera-105615-GCA964212065.1	GCA_964212065.1	105615	Isopora	palifera	
Montiporacapricornis-246305-GCA965112405.1	GCA_965112405.1	246305	Montipora	capricornis	
Montiporasp-3154093-GCA964205245.1	GCA_964205245.1	3154093	Montipora	sp	
Montiporapalawanensis-3109268-GCA964330385.1	GCA_964330385.1	3109268	Montipora	palawanensis	
Montiporacapitata-46704-GCA949126865.1	GCA_949126865.1	46704	Montipora	capitata	
Acroporaaustera-117779-GCA964273435.1	GCA_964273435.1	117779	Acropora	austera	
Acroporapulchra-140239-GCA965118205.1	GCA_965118205.1	140239	Acropora	pulchra	
Acroporaspathulata-141011-GCA964019555.1	GCA_964019555.1	141011	Acropora	spathulata	
Acroporaloripes-154029-GCA965213945.1	GCA_965213945.1	154029	Acropora	loripes	
Acroporaloripes-154029-GCA965214385.1	GCA_965214385.1	154029	Acropora	loripes	
Acroporamuricata-159855-GCA964332325.1	GCA_964332325.1	159855	Acropora	muricata	
Acroporaglauca-1869258-GCA964274385.1	GCA_964274385.1	1869258	Acropora	glauca	
Acroporaspicifera-191023-GCA964261235.1	GCA_964261235.1	191023	Acropora	spicifera	
Acroporahyacinthus-55974-GCA020536085.1	GCA_020536085.1	55974	Acropora	hyacinthus	
Acroporahyacinthus-55974-GCA964291705.1	GCA_964291705.1	55974	Acropora	hyacinthus	
Acroporacervicornis-6130-GCA041430625.1	GCA_041430625.1	6130	Acropora	cervicornis	
Acroporacervicornis-6130-GCA964034985.1	GCA_964034985.1	6130	Acropora	cervicornis	
Acroporapalmata-6131-GCA025960835.2	GCA_025960835.2	6131	Acropora	palmata	
Siderastreasiderea-130672-GCA964030785.1	GCA_964030785.1	130672	Siderastrea	siderea	
Siderastrearadians-214988-GCA964017195.1	GCA_964017195.1	214988	Siderastrea	radians	
Poritescylindrica-126659-GCA964035525.1	GCA_964035525.1	126659	Porites	cylindrica	
Poritesdivaricata-262287-GCA964035745.1	GCA_964035745.1	262287	Porites	divaricata	
Poritesrus-262591-GCA964035705.1	GCA_964035705.1	262591	Porites	rus	
Astrangiapoculata-165419-GCA047906015.2	GCA_047906015.2	165419	Astrangia	poculata	
Micromussalordhowensis-1216036-GCA964020085.1	GCA_964020085.1	1216036	Micromussa	lordhowensis	
Galaxeafascicularis-46745-GCA948470475.1	GCA_948470475.1	46745	Galaxea	fascicularis	
Blastomussawellsi-419443-GCA947652115.1	GCA_947652115.1	419443	Blastomussa	wellsi	
Orbicellafranksi-48499-GCA964199315.1	GCA_964199315.1	48499	Orbicella	franksi	
Cyphastreasalae-1967629-GCA964194085.1	GCA_964194085.1	1967629	Cyphastrea	salae	
Echinoporahorrida-983564-GCA964199735.2	GCA_964199735.2	983564	Echinopora	horrida	
Oculinaarbuscula-1282862-GCA964656845.1	GCA_964656845.1	1282862	Oculina	arbuscula	
Dendrogyracylindrus-214965-GCA964187815.1	GCA_964187815.1	214965	Dendrogyra	cylindrus	
Meandrinameandrites-51056-GCA963693305.1	GCA_963693305.1	51056	Meandrina	meandrites	
Catalaphylliajardinei-46748-GCA022496165.2	GCA_022496165.2	46748	Catalaphyllia	jardinei	
Duncanopsammiaaxifuga-1479653-GCA964258685.1	GCA_964258685.1	1479653	Duncanopsammia	axifuga	
Turbinariareniformis-1381352-GCA964204835.1	GCA_964204835.1	1381352	Turbinaria	reniformis	
Eunicellacavolini-317547-GCA965177985.1	GCA_965177985.1	317547	Eunicella	cavolini	
Eunicellaverrucosa-396355-GCA964261655.1	GCA_964261655.1	396355	Eunicella	verrucosa	
Eunicellaverrucosa-396355-GCA964289765.3	GCA_964289765.3	396355	Eunicella	verrucosa	
Gorgoniaventalina-204384-GCA964194065.1	GCA_964194065.1	204384	Gorgonia	ventalina	
Leptogorgiasarmentosa-1502934-GCA964658295.1	GCA_964658295.1	1502934	Leptogorgia	sarmentosa	
Leptogorgiasarmentosa-1502934-GCA964658305.1	GCA_964658305.1	1502934	Leptogorgia	sarmentosa	
Muriceamuricata-204328-GCA963855995.1	GCA_963855995.1	204328	Muricea	muricata	
Euniceaknighti-204324-GCA965233905.1	GCA_965233905.1	204324	Eunicea	knighti	
Callogorgiagracilis-1309697-GCA964204845.1	GCA_964204845.1	1309697	Callogorgia	gracilis	
Hemicoralliumimperiale-1825785-GCA045791825.1	GCA_045791825.1	1825785	Hemicorallium	imperiale	
Coralliumrubrum-142104-GCA964265095.1	GCA_964265095.1	142104	Corallium	rubrum	
Veretillumcynomorium-1400855-GCA965118255.1	GCA_965118255.1	1400855	Veretillum	cynomorium	
Cavernulariaobesa-1226274-GCA041682505.1	GCA_041682505.1	1226274	Cavernularia	obesa	
Pteroeidesgriseum-2759737-GCA964659595.1	GCA_964659595.1	2759737	Pteroeides	griseum	
Catostylusmosaicus-237413-GCA964019065.1	GCA_964019065.1	237413	Catostylus	mosaicus	
Cassiopeaxamachana-12993-GCA964235115.1	GCA_964235115.1	12993	Cassiopea	xamachana	
Cassiopeasp-3146530-GCA964204825.1	GCA_964204825.1	3146530	Cassiopea	sp	
Cassiopeaornata-880217-GCA964304725.1	GCA_964304725.1	880217	Cassiopea	ornata	
Rhopilemaesculentum-499914-GCA964035655.1	GCA_964035655.1	499914	Rhopilema	esculentum	
Mastigiaspapua-596313-GCA964019165.1	GCA_964019165.1	596313	Mastigias	papua	
Pseudorhizahaeckeli-880241-GCA964026355.1	GCA_964026355.1	880241	Pseudorhiza	haeckeli	
Aureliacoerulea-1962980-GCA039566865.1	GCA_039566865.1	1962980	Aurelia	coerulea	
Aureliacoerulea-1962980-GCA051233565.1	GCA_051233565.1	1962980	Aurelia	coerulea	
Aureliasp-237398-GCA964020215.1	GCA_964020215.1	237398	Aurelia	sp	
Aureliasp-2790877-GCA964019985.1	GCA_964019985.1	2790877	Aurelia	sp	
Pelagianoctiluca-400838-GCA963924455.1	GCA_963924455.1	400838	Pelagia	noctiluca	
Nausithoeracemosa-2976324-GCA965183845.1	GCA_965183845.1	2976324	Nausithoe	racemosa	
