assembly_accession	organism_name	submitter	bioproject_accession	pub_doi	pub_pmid	pub_title	confidence	evidence_route
GCA_049114765.1	Ephydatia muelleri	Centre for Genomic Regulation	PRJNA1175447	10.1038/s41586-025-08960-w	40335694	Chromatin loops are an ancestral hallmark of the animal regulatory genome.	medium	bioproject_text
GCF_963675165.1	Halichondria panicea	WELLCOME SANGER INSTITUTE	PRJEB69565	10.1128/mbio.01474-25	40576359	Combined cellular and proteomics approach suggests differential processing of a native and a foreign vibrio in the sponge Halicondria panicea.	medium	bioproject_text
GCF_963678975.1	Dysidea avara	WELLCOME SANGER INSTITUTE	PRJEB70276	10.3389/fimmu.2026.1725140	41710890	NOD-like receptor repertoire in the chromosome-level genome of the demosponge Dysidea avara (Schmidt, 1862).	medium	organism_title
GCF_947507565.1	Oscarella lobularis	WELLCOME SANGER INSTITUTE	PRJEB57963	10.12688/wellcomeopenres.24187.1		The chromosomal genome sequence of the sponge, Oscarella lobularis (Schmidt, 1862) (Porifera, Homoscleromorpha) and its associated microbial metagenome sequences	medium	organism_title
GCF_963422355.1	Corticium candelabrum	WELLCOME SANGER INSTITUTE	PRJEB64915	10.12688/wellcomeopenres.24923.1	41200470	The chromosomal genome sequence of the sponge, Corticium candelabrum Schmidt, 1862 and its associated microbial metagenome sequences.	high	assembly_name
GCA_048537945.1	Mnemiopsis leidyi	Centre for Genomic Regulation	PRJNA1174117	10.1093/gbe/evaf006	39834228	The Chromosome-level Genome of the Ctenophore Mnemiopsis leidyi A. Agassiz, 1865 Reveals a Unique Immune Gene Repertoire.	medium	organism_title
GCF_964194025.1	Convolutriloba macropyga	WELLCOME SANGER INSTITUTE	PRJEB76890	10.12688/wellcomeopenres.27384.1		The chromosomal genome sequence of an acoel, Convolutriloba macropyga Shannon & Achatz, 2007 (Acoela: Convolutidae)	medium	organism_title
GCF_963678635.1	Symsagittifera roscoffensis	WELLCOME SANGER INSTITUTE	PRJEB70251	10.1093/g3journal/jkac336	36542495	Genome assembly of the acoel flatworm Symsagittifera roscoffensis, a model for research on body plan evolution and photosymbiosis.	medium	organism_title
GCA_954871325.2	Gordionus sp. m RMFG-2023	institute of evolutionary biology	PRJEB63266	10.1101/2023.06.26.546503		The genome sequence of the Montseny horsehair worm, Gordionus montsenyensis sp. nov., a key resource to investigate Ecdysozoa evolution	high	assembly_name
GCF_954871325.1	Gordionus sp. m RMFG-2023	institute of evolutionary biology	PRJEB63266	10.1101/2023.06.26.546503		The genome sequence of the Montseny horsehair worm, Gordionus montsenyensis sp. nov., a key resource to investigate Ecdysozoa evolution	high	assembly_name
GCA_030553155.1	Nippostrongylus brasiliensis	Cornell University	PRJNA994163	10.1371/journal.ppat.1011797	38079450	Hookworms dynamically respond to loss of Type 2 immune pressure.	low	bioproject_text
GCA_031761385.1	Necator americanus	Cornell University	PRJNA1007425	10.1016/j.ijpddr.2025.100579	39827513	Biotransformation of anthelmintics in nematodes in relation to drug resistance.	low	bioproject_text
GCF_031761385.1	Necator americanus	Cornell University	PRJNA1007425	10.1016/j.ijpddr.2025.100579	39827513	Biotransformation of anthelmintics in nematodes in relation to drug resistance.	low	bioproject_text
GCA_964036135.1	Caenorhabditis brenneri	University of Oregon, Institute of Ecology and Evolution	PRJEB72296	10.1093/gbe/evaf037	40037811	Pervasive Conservation of Intron Number and Other Genetic Elements Revealed by a Chromosome-level Genome Assembly of the Hyper-polymorphic Nematode Caenorhabditis brenneri.	high	bioproject_text
GCA_010183535.1	Caenorhabditis remanei	University of Oregon	PRJNA577507	10.1534/genetics.119.303018	32111628	Chromosome-Level Assembly of the Caenorhabditis remanei Genome Reveals Conserved Patterns of Nematode Genome Organization.	high	bioproject_text
GCF_010183535.1	Caenorhabditis remanei	University of Oregon	PRJNA577507	10.1534/genetics.119.303018	32111628	Chromosome-Level Assembly of the Caenorhabditis remanei Genome Reveals Conserved Patterns of Nematode Genome Organization.	high	bioproject_text
GCA_021491975.1	Caenorhabditis briggsae	NORTHWESTERN UNIVERSITY	PRJNA784955	10.1093/gbe/evac042	35348662	Chromosome-Level Reference Genomes for Two Strains of Caenorhabditis briggsae: An Improved Platform for Comparative Genomics.	high	bioproject_text
GCA_022453885.1	Caenorhabditis briggsae	NORTHWESTERN UNIVERSITY	PRJNA784955	10.1093/gbe/evac042	35348662	Chromosome-Level Reference Genomes for Two Strains of Caenorhabditis briggsae: An Improved Platform for Comparative Genomics.	high	bioproject_text
GCA_012070555.1	Brugia pahangi	University of Maryland	PRJNA394254	10.1128/mra.00479-20	32616635	Nearly Complete Genome Sequence of Brugia pahangi FR3.	medium	organism_title
GCA_001040885.1	Strongyloides ratti	EBI	PRJEB125	10.32598/ari.80.5.3208	42226988	Characterization and Phylogenetic Analysis of NDR Domain Protein From Strongyloides ratti Using Degenerate Primer PCR.	medium	assembly_name
GCF_001040885.1	Strongyloides ratti	EBI	PRJEB125	10.32598/ari.80.5.3208	42226988	Characterization and Phylogenetic Analysis of NDR Domain Protein From Strongyloides ratti Using Degenerate Primer PCR.	medium	assembly_name
GCA_051171035.1	Meloidogyne hapla	UC Davis	PRJNA1265270	10.1371/journal.ppat.1013706	41252451	High-resolution genome assembly and linkage mapping in Meloidogyne hapla reveal non-canonical telomere repeats and recombination hotspots associated with effector proteins.	high	bioproject_text
GCF_015228065.2	Penaeus monodon	SAFE-Aqua	PRJNA611030	10.1093/g3journal/jkac034	35143647	Genome assembly of the Australian black tiger shrimp (Penaeus monodon) reveals a novel fragmented IHHNV EVE sequence.	high	assembly_name
GCF_042767895.1	Penaeus vannamei	Guangdong Ocean University	PRJNA1091545	10.1038/s41597-025-04673-x	40011501	A high-quality chromosome-level genome assembly of Pacific whiteleg shrimp (Penaeus vannamei).	high	bioproject_text
GCF_036898095.1	Palaemon carinicauda	muscle	PRJNA1055619	10.3390/ijms25021089	38256163	Genome-Wide Identification of Vitellogenin Gene Family and Comparative Analysis of Their Involvement in Ovarian Maturation in Exopalaemon carinicauda.	high	bioproject_text
GCF_040412425.1	Macrobrachium rosenbergii	SUN YAT-SEN UNIVERSITY	PRJNA1126456	10.1038/s41597-024-04016-2	39477970	Chromosome level genome assembly of giant freshwater prawn (Macrobrachium rosenbergii).	low	organism_title
GCF_036320965.1	Panulirus ornatus	yellow sea fisheries research institute	PRJNA1036297	10.1038/s41597-024-03512-9	38909031	Chromosome-level genome of the long-tailed marine-living ornate spiny lobster, Panulirus ornatus.	medium	organism_title
GCA_038387795.1	Scylla paramamosain	Sun Yat-sen University	PRJNA912319	10.1186/s12915-024-02054-1	39511558	High-resolution chromosome-level genome of Scylla paramamosain provides molecular insights into adaptive evolution in crabs.	low	organism_title
GCF_035594125.1	Scylla paramamosain	college of science	PRJNA1059155	10.1186/s12915-024-02054-1	39511558	High-resolution chromosome-level genome of Scylla paramamosain provides molecular insights into adaptive evolution in crabs.	high	bioproject_text
GCA_902860245.1	Lepeophtheirus salmonis	Institute of Aquaculture, University of Stirling, Stirling, UK	PRJEB37485	10.1093/g3journal/jkac087	35404448	An update of the salmon louse (Lepeophtheirus salmonis) reference genome assembly.	low	organism_title
GCA_905330665.1	Lepeophtheirus salmonis	Institute of Aquaculture, University of Stirling, Stirling, UK	PRJEB43242	10.1093/g3journal/jkac087	35404448	An update of the salmon louse (Lepeophtheirus salmonis) reference genome assembly.	low	organism_title
GCA_032884065.1	Artemia franciscana	Korea University	PRJNA991266	10.1016/j.heliyon.2024.e38687	39435060	High-quality chromosome-level genome assembly of female Artemia franciscana reveals sex chromosome and Hox gene organization.	high	bioproject_text
GCF_032884065.1	Artemia franciscana	Korea University	PRJNA991266	10.1016/j.heliyon.2024.e38687	39435060	High-quality chromosome-level genome assembly of female Artemia franciscana reveals sex chromosome and Hox gene organization.	high	bioproject_text
GCF_022539665.2	Daphnia carinata	Australian Pest Genome Partnership	PRJNA798159	10.1016/j.jhazmat.2026.141037	41579645	Genome wide responses of the water flea, Daphnia carinata, to 6PPD and its oxidation product 6PPD-quinone.	medium	organism_title
GCF_003990815.1	Daphnia magna	Sungkyunkwan University	PRJNA490418	10.1111/jeb.13780	33704857	Genomic characterization of selfing in the cyclic parthenogen Daphnia magna.	low	organism_title
GCF_020631705.1	Daphnia magna	Sungkyunkwan University	PRJNA738190	10.1038/s41598-024-77458-8	39465323	Spatiotemporal control of transgene expression using an infrared laser in the crustacean Daphnia magna.	high	assembly_name
GCA_013167095.2	Daphnia sinensis	Huazhong Agricultural University	PRJNA587065	10.1186/s13072-025-00580-y	40170124	Genome-wide DNA methylation patterns in Daphnia magna are not significantly associated with age.	low	organism_genus_title
GCF_949628265.1	Cloeon dipterum	WELLCOME SANGER INSTITUTE	PRJEB60543	10.12688/wellcomeopenres.20034.1		The genome sequence of the pond olive, Cloeon dipterum	medium	organism_title
GCF_921293095.1	Ischnura elegans	WELLCOME SANGER INSTITUTE		10.12688/wellcomeopenres.17691.1	36874565	The genome sequence of the blue-tailed damselfly, Ischnura elegans (Vander Linden, 1820).	high	assembly_name
GCF_040183065.1	Periplaneta americana	University of Georgia	PRJNA1098420	10.1093/g3journal/jkaf247	41123565	Improved chromosome-level genome assembly of the American cockroach, Periplaneta americana.	high	bioproject_text
GCF_023864345.2	Schistocerca serialis cubense	Behavioral Plasticity Research Institute (BPRI)	PRJNA772266	10.12688/f1000research.25148.2		First draft genome assembly of the desert locust, Schistocerca gregaria	low	organism_genus_title
GCF_021461385.2	Schistocerca piceifrons	Behavioral Plasticity Research Institute (BPRI)	PRJNA772266	10.12688/f1000research.25148.2		First draft genome assembly of the desert locust, Schistocerca gregaria	low	organism_genus_title
GCF_023864275.1	Schistocerca cancellata	Behavioral Plasticity Research Institute (BPRI)	PRJNA772266	10.12688/f1000research.25148.2		First draft genome assembly of the desert locust, Schistocerca gregaria	low	organism_genus_title
GCF_021461395.2	Schistocerca americana	Behavioral Plasticity Research Institute (BPRI)	PRJNA772266	10.1002/ece3.71134	40092899	A High-Quality Reference Genome and Comparative Genomics of the Widely Farmed Banded Cricket (Gryllodes sigillatus) Identifies Selective Breeding Targets.	medium	assembly_name
GCF_023897955.1	Schistocerca gregaria	United States Department of Agriculture	PRJNA782545	10.12688/f1000research.25148.2		First draft genome assembly of the desert locust, Schistocerca gregaria	medium	organism_title
GCF_023898315.1	Schistocerca nitens	Behavioral Plasticity Research Institute (BPRI)	PRJNA772266	10.12688/f1000research.25148.2		First draft genome assembly of the desert locust, Schistocerca gregaria	low	organism_genus_title
GCA_029891345.1	Dryococelus australis	Australian National University	PRJNA930028	10.1093/gbe/evad104	37279506	Genome of the Lord Howe Island Stick Insect Reveals a Highly Conserved Phasmid X Chromosome.	high	bioproject_text
GCF_032445375.1	Bacillus rossius redtenbacheri	University of Lausanne	PRJNA962493	10.1371/journal.pgen.1011895	41066503	Convergent evolution of H4K16ac-mediated dosage compensation in the ZW species Artemia franciscana.	medium	assembly_name
GCA_026979955.1	Megalurothrips usitatus	China Agriculture University	PRJNA896355	10.1038/s41597-023-02164-5	37137922	Chromosome-level genome assembly of bean flower thrips Megalurothrips usitatus (Thysanoptera: Thripidae).	low	organism_title
GCF_021130785.1	Homalodisca vitripennis	University of Texas at Austin	PRJNA776266	10.1093/g3journal/jkab255	34568917	Improved draft reference genome for the Glassy-winged Sharpshooter (Homalodisca vitripennis), a vector for Pierce's disease.	medium	organism_title
GCA_040954505.1	Ranatra chinensis	China Agricultural University	PRJNA1103718	10.1038/s41597-024-03856-2	39294192	Chromosome-level genome assembly of Chinese water Scorpion Ranatra chinensis (Heteroptera: Nepidae).	high	bioproject_text
GCA_040020575.1	Rhynocoris fuscipes	China Agricultural University	PRJNA912252	10.1016/j.isci.2024.110411	39108731	Comparative genomic analyses on assassin bug Rhynocoris fuscipes (Hemiptera: Reduviidae) reveal genetic bases governing the diet-shift.	medium	organism_title
GCA_928085145.1	Nezara viridula	ROTHAMSTED RESEARCH	PRJEB47893	10.1007/s00705-022-05560-1	35999327	Complete genome analysis of a novel chuvirus from a southern green stink bug (Nezara viridula).	medium	organism_title
GCA_918797505.1	Bemisia tabaci	ROTHAMSTED RESEARCH	PRJEB47898	10.1038/s41598-024-77998-z	39482332	Decoding the genomic terrain: functional insights into 14 chemosensory proteins in whitefly Bemisia tabaci Asia II-1.	medium	bioproject_text
GCF_918797505.1	Bemisia tabaci	ROTHAMSTED RESEARCH	PRJEB47898	10.1038/s41598-024-77998-z	39482332	Decoding the genomic terrain: functional insights into 14 chemosensory proteins in whitefly Bemisia tabaci Asia II-1.	medium	bioproject_text
GCF_019925205.1	Metopolophium dirhodum	China Agricultural University	PRJNA751716	10.22541/au.170668372.21261439/v1		A high-quality chromosome-level genome assembly provides insights into wing dimorphism in Metopolophium dirhodum (Walker)	medium	organism_title
GCA_046119115.1	Semiaphis heraclei	institute of plant protection	PRJNA1184189	10.1038/s41597-025-04994-x	40348774	A chromosome-level genome assembly of the aphid Semiaphis heraclei (Takahashi).	high	bioproject_text
GCF_020882245.1	Rhopalosiphum padi	China Agricultural University	PRJNA770156	10.1038/s41597-026-07306-z	42086576	Chromosome-level genome assembly of the bird cherry-oat aphid, Rhopalosiphum padi (Hemiptera: Aphididae).	low	organism_title
GCA_917880025.4	Aphis gossypii	ROTHAMSTED RESEARCH	PRJEB47895	10.1016/j.ibmb.2024.104215	39571737	A near-complete genome reveals the population evolution of the cotton-melon aphid Aphis gossypii.	low	organism_title
GCF_950023065.1	Planococcus citri	WELLCOME SANGER INSTITUTE	PRJEB61558	10.12688/wellcomeopenres.20686.1		The genome sequence of the citrus mealybug, Planococcus citri (Risso, 1913)	medium	organism_title
GCF_036711975.1	Onthophagus taurus	Indiana University	PRJNA966962	10.1371/journal.pgen.1011165	38442113	Genome evolution and divergence in cis-regulatory architecture is associated with condition-responsive development in horned dung beetles.	medium	bioproject_text
GCA_023690525.1	Holotrichia oblita	Shandong Academy of Agricultural Sciences	PRJNA812706	10.1186/s12864-025-12330-1	41291427	Comparative genomic analysis reveals the genetic basis of the environmental adaptability of Propylea japonica.	medium	bioproject_text
GCA_035610365.1	Aquatica leii	Huazhong Agricultural University	PRJNA948550	10.1038/s41467-024-45559-7	38443352	Key homeobox transcription factors regulate the development of the firefly's adult light organ and bioluminescence.	medium	bioproject_text
GCF_914767665.1	Harmonia axyridis	WELLCOME SANGER INSTITUTE	PRJEB47373	10.12688/wellcomeopenres.17349.3	39600916	The genome sequence of the harlequin ladybird, Harmonia axyridis (Pallas, 1773).	high	assembly_name
GCF_907165205.1	Coccinella septempunctata	WELLCOME SANGER INSTITUTE	PRJEB44629	10.12688/wellcomeopenres.17346.1	34877410	The genome sequence of the seven-spotted ladybird, Coccinella septempunctata Linnaeus, 1758.	high	assembly_name
GCA_921294245.1	Brassicogethes aeneus	ROTHAMSTED RESEARCH	PRJEB48953	10.1186/s12864-025-12330-1	41291427	Comparative genomic analysis reveals the genetic basis of the environmental adaptability of Propylea japonica.	medium	bioproject_text
GCF_024364675.1	Aethina tumida	USDA Ag100Pest	PRJNA825637	10.3390/insects16080868	40870669	Transcriptomic Plasticity in the Small Hive Beetle (Aethina tumida) Under Heat Stress.	high	assembly_name
GCF_963966145.1	Tenebrio molitor	WELLCOME SANGER INSTITUTE	PRJEB72558	10.12688/wellcomeopenres.22863.1	39540103	The genome sequence of the yellow mealworm beetle, Tenebrio molitor Linnaeus, 1758.	high	assembly_name
GCF_031307605.1	Tribolium castaneum	USDA-ARS Ag100Pest	PRJNA865805	10.1101/gr.279225.124	39438111	Long-read genome assembly of the insect model organism Tribolium castaneum reveals spread of satellite DNA in gene-rich regions by recurrent burst events.	low	organism_title
GCA_918026865.1	Phyllotreta striolata	ROTHAMSTED RESEARCH	PRJEB47901	10.1186/s12864-025-12330-1	41291427	Comparative genomic analysis reveals the genetic basis of the environmental adaptability of Propylea japonica.	medium	bioproject_text
GCA_918026665.1	Diabrotica balteata	ROTHAMSTED RESEARCH	PRJEB47897	10.1093/g3journal/jkac052	35234880	Genome size evolution in the beetle genus Diabrotica.	low	organism_genus_title
GCF_917563875.1	Diabrotica virgifera virgifera	ROTHAMSTED RESEARCH	PRJEB47906	10.1186/s12864-022-08990-y	36639634	A draft Diabrotica virgifera virgifera genome: insights into control and host plant adaption by a major maize pest insect.	medium	organism_title
GCA_917834065.1	Ceutorhynchus assimilis	ROTHAMSTED RESEARCH	PRJEB47903	10.1111/imb.70012	41025674	The genome and stage-specific transcriptomes of the carrot weevil, Listronotus oregonensis, reveal adaptive mechanisms for host specialisation and symbiotic interactions.	low	bioproject_text
GCF_022605725.1	Anthonomus grandis grandis	United States Department of Agriculture	PRJNA767408	10.1093/g3journal/jkac309	36454104	Insight into weevil biology from a reference quality genome of the boll weevil, Anthonomus grandis grandis Boheman (Coleoptera: Curculionidae).	high	assembly_name
GCF_039881205.1	Euwallacea similis	CSIRO	PRJNA1086994	10.1093/gbe/evae226	39431789	Chromosome Structural Rearrangements in Invasive Haplodiploid Ambrosia Beetles Revealed by the Genomes of Euwallacea fornicatus (Eichhoff) and Euwallacea similis (Ferrari) (Coleoptera, Curculionidae, Scolytinae).	high	bioproject_text
GCF_040115645.1	Euwallacea fornicatus	CSIRO	PRJNA1086994	10.1093/gbe/evae226	39431789	Chromosome Structural Rearrangements in Invasive Haplodiploid Ambrosia Beetles Revealed by the Genomes of Euwallacea fornicatus (Eichhoff) and Euwallacea similis (Ferrari) (Coleoptera, Curculionidae, Scolytinae).	high	bioproject_text
GCF_014529535.1	Bradysia coprophila	Brown University	PRJNA291918	10.1186/s12864-021-07926-2	34488624	High contiguity de novo genome assembly and DNA modification analyses for the fungus fly, Sciara coprophila, using single-molecule sequencing.	high	assembly_name
GCF_943734705.1	Anopheles coustani	WELLCOME SANGER INSTITUTE	PRJEB53256	10.12688/wellcomeopenres.22983.1	39429628	Chromosomal reference genome sequences for the malaria mosquito, Anopheles coustani, Laveran, 1900.	high	bioproject_text
GCF_943734765.1	Anopheles ziemanni	WELLCOME SANGER INSTITUTE	PRJEB53272	10.1038/s41598-025-01713-9	40461484	Chromosome-scale genome assembly and annotation of two geographically distinct strains of malaria vector Anopheles albimanus.	low	organism_genus_title
GCF_943734695.1	Anopheles maculipalpis	WELLCOME SANGER INSTITUTE	PRJEB53251	10.12688/wellcomeopenres.22988.1	39931114	A chromosomal reference genome sequence for the malaria mosquito, Anopheles maculipalpis, Giles, 1902.	high	bioproject_text
GCF_013141755.1	Anopheles stephensi	University of California Irvine	PRJNA629843	10.1186/s12915-021-00963-z	33568145	Hidden genomic features of an invasive malaria vector, Anopheles stephensi, revealed by a chromosome-level genome assembly.	high	bioproject_text
GCF_943737925.1	Anopheles nili	WELLCOME SANGER INSTITUTE	PRJEB53353	10.12688/wellcomeopenres.23198.1	41084634	A chromosomal reference genome sequence for the malaria mosquito, Anopheles nili, Theobald, 1904.	high	bioproject_text
GCF_943734685.1	Anopheles coluzzii	WELLCOME SANGER INSTITUTE	PRJEB53268	10.1038/s41467-023-40693-0	37587104	Genome-wide association studies reveal novel loci associated with pyrethroid and organophosphate resistance in Anopheles gambiae and Anopheles coluzzii.	low	organism_title
GCF_017562075.2	Anopheles merus	Virginia Tech	PRJNA660041	10.1038/s41467-022-29599-5	35413948	Anopheles mosquitoes reveal new principles of 3D genome organization in insects.	high	bioproject_text
GCF_943734735.2	Anopheles gambiae	WELLCOME SANGER INSTITUTE	PRJEB53260	10.12688/wellcomeopenres.18854.2	37424773	A chromosomal reference genome sequence for the malaria mosquito, Anopheles gambiae, Giles, 1902, Ifakara strain.	high	bioproject_text
GCF_943734725.1	Anopheles marshallii	WELLCOME SANGER INSTITUTE	PRJEB53264	10.12688/wellcomeopenres.22989.1	39507815	A chromosomal reference genome sequence for the malaria mosquito, Anopheles marshallii, Theobald, 1903.	high	bioproject_text
GCF_943734755.1	Anopheles moucheti	WELLCOME SANGER INSTITUTE	PRJEB53257	10.12688/wellcomeopenres.20259.1	38046191	A chromosomal reference genome sequence for the malaria mosquito, Anopheles moucheti, Evans, 1925.	high	bioproject_text
GCF_943734845.2	Anopheles funestus	WELLCOME SANGER INSTITUTE	PRJEB53266	10.12688/wellcomeopenres.18445.2	36874567	The genome sequence of the malaria mosquito, Anopheles funestus, Giles, 1900.	high	bioproject_text
GCF_013758885.1	Anopheles albimanus	None	PRJNA622927	10.1093/g3journal/jkac284	36377778	Novel genome sequences and evolutionary dynamics of the North American anopheline species Anopheles freeborni, Anopheles crucians, Anopheles quadrimaculatus, and Anopheles albimanus.	low	organism_title
GCF_943734665.1	Anopheles aquasalis	WELLCOME SANGER INSTITUTE		10.1038/s41598-023-47830-1	37993652	Unravelling the genome of the brackish water malaria vector Anopheles aquasalis.	medium	organism_title
GCF_943734745.1	Anopheles darlingi	WELLCOME SANGER INSTITUTE	PRJEB53253	10.12688/wellcomeopenres.23989.1	41040652	Two chromosomal reference genome sequences for the malaria mosquito, Anopheles ( Nyssorhynchus) darlingi, Root, 1926 from French Guiana and Peru.	high	bioproject_text
GCF_943735745.2	Anopheles bellator	WELLCOME SANGER INSTITUTE	PRJEB53274	10.1038/s41598-025-01713-9	40461484	Chromosome-scale genome assembly and annotation of two geographically distinct strains of malaria vector Anopheles albimanus.	low	organism_genus_title
GCF_024139115.2	Armigeres subalbatus	Southern medical university	PRJNA834573	10.1186/s40249-025-01353-1	40781342	Insights on the sex determination, vector capacity and ecological biology from a chromosomal level genome of vector mosquito, Armigeres subulbatus.	high	assembly_name
GCF_035046485.1	Aedes albopictus	Rockefeller University	PRJNA942918	10.1186/s13071-025-07176-1	41351054	Pyrethroid insecticide resistance of Aedes albopictus and Aedes aegypti (Diptera: Culicidae) across the Hawaiian Islands.	high	assembly_name
GCF_943734655.1	Sabethes cyaneus	WELLCOME SANGER INSTITUTE	PRJEB53261	10.1016/j.actatropica.2022.106493	35525314	Description of mitochon genome and phylogenetic considerations of Sabethes bipartipes, Sabethes cyaneus, Sabethes quasicyaneus, and Sabethes tarsopus (Diptera: Culicidae).	medium	organism_title
GCF_015732765.1	Culex quinquefasciatus	None	PRJNA644878	10.12688/wellcomeopenres.23767.1	40115327	A chromosomal reference genome sequence for the northern house mosquito, Culex pipiens form pipiens, Linnaeus, 1758.	medium	assembly_name
GCF_036172545.1	Culicoides brevitarsis	CSIRO Applied Genomics Initiative	PRJNA1059659	10.1186/s13071-026-07436-8	42177595	Chromosome-scale genome of Culicoides brevitarsis provides a resource for comparative and vector biology studies.	medium	organism_title
GCA_018290095.1	Polypedilum vanderplanki	National Agriculture and Food Research Organization	PRJNA660906	10.1038/s41598-021-98905-w	34611198	Cas9-mediated genome editing reveals a significant contribution of calcium signaling pathways to anhydrobiosis in Pv11 cells.	medium	assembly_name
GCA_917627325.4	Chironomus riparius	ROTHAMSTED RESEARCH	PRJEB47883	10.1093/g3journal/jkaf189	41104632	High-quality genome assembly of Chironomus riparius and its population history in European populations.	high	bioproject_text
GCF_024763615.1	Phlebotomus papatasi	Baylor College of Medicine	PRJNA858452	10.1111/imb.12932	38847568	The RNA interference response to alphanodavirus replication in Phlebotomus papatasi sand fly cells.	high	assembly_name
GCF_024334085.1	Lutzomyia longipalpis	Baylor College of Medicine	PRJNA849274	10.1038/s41597-024-03628-y	39181902	Improved high quality sand fly assemblies enabled by ultra low input long read sequencing.	medium	bioproject_text
GCA_048544405.1	Megaselia abdita	University of Chicago	PRJNA1164289	10.1242/dev.204732	41159449	Genomic resources for the scuttle fly Megaselia abdita: a model organism for comparative developmental studies in flies.	high	bioproject_text
GCF_945859705.1	Episyrphus balteatus	WELLCOME SANGER INSTITUTE	PRJEB54851	10.1038/s41597-024-03666-6	39097648	Chromosome-level genome assembly of marmalade hoverfly Episyrphus balteatus (Diptera: Syrphidae).	low	organism_title
GCF_945859685.1	Eupeodes corollae	WELLCOME SANGER INSTITUTE	PRJEB54847	10.12688/wellcomeopenres.19099.1	37808390	The genome sequence of the Vagrant Hoverfly, Eupeodes corollae (Fabricius, 1794).	high	assembly_name
GCF_002237135.1	Teleopsis dalmanni	University of Maryland	PRJNA391339	10.1186/s12864-022-08436-5	35279098	A near-chromosome level genome assembly of the European hoverfly, Sphaerophoria rueppellii (Diptera: Syrphidae), provides comparative insights into insecticide resistance-related gene family evolution.	medium	bioproject_text
GCA_001277935.1	Drosophila busckii	University of California, Berkeley	PRJNA274996	10.1371/journal.pgen.1005331	26114585	Ancestral Chromatin Configuration Constrains Chromatin Evolution on Differentiating Sex Chromosomes in Drosophila.	medium	bioproject_text
GCF_001277935.1	Drosophila busckii	University of California, Berkeley	PRJNA274996	10.1371/journal.pgen.1005331	26114585	Ancestral Chromatin Configuration Constrains Chromatin Evolution on Differentiating Sex Chromosomes in Drosophila.	medium	bioproject_text
GCF_030788295.1	Drosophila virilis	Cornell University	PRJNA982537	10.1093/gbe/evad238	38159044	High-Quality Genome Assemblies Reveal Evolutionary Dynamics of Repetitive DNA and Structural Rearrangements in the Drosophila virilis Subgroup.	high	bioproject_text
GCF_030179905.1	Drosophila bipectinata	Washington University in St. Louis	PRJNA948012	10.1093/g3journal/jkad191	37611223	Long-read genome assemblies for the study of chromosome expansion: Drosophila kikkawai, Drosophila takahashii, Drosophila bipectinata, and Drosophila ananassae.	high	bioproject_text
GCF_017639315.1	Drosophila ananassae	University of Maryland, Baltimore	PRJNA602597	10.1093/g3journal/jkad191	37611223	Long-read genome assemblies for the study of chromosome expansion: Drosophila kikkawai, Drosophila takahashii, Drosophila bipectinata, and Drosophila ananassae.	low	organism_title
GCF_016746245.2	Drosophila santomea	Princeton University	PRJNA647033	10.1016/j.cub.2026.02.046	41864196	Evolutionary basis of male same-sex sexual behavior by multiple pheromone switches in Drosophila.	low	assembly_name
GCF_004382145.1	Drosophila mauritiana	University of California, Irvine	PRJNA383250	10.1093/molbev/msaa308	33247725	Tirant Stealthily Invaded Natural Drosophila melanogaster Populations during the Last Century.	medium	bioproject_text
GCF_004382195.2	Drosophila sechellia	University of California, Irvine	PRJNA383250	10.1093/molbev/msaa308	33247725	Tirant Stealthily Invaded Natural Drosophila melanogaster Populations during the Last Century.	medium	bioproject_text
GCF_016746395.2	Drosophila simulans	Princeton University	PRJNA377886	10.1101/gr.263442.120	33563718	Evolution of genome structure in the Drosophila simulans species complex.	low	organism_title
GCF_016746235.2	Drosophila teissieri	Princeton University	PRJNA647698	10.1126/sciadv.adn6625	39693425	The three-dimensional genome drives the evolution of asymmetric gene duplicates via enhancer capture-divergence.	medium	assembly_name
GCF_016746365.2	Drosophila yakuba	Princeton University	PRJNA647028	10.1002/2211-5463.13742	38013241	Dysfunction of Drosophila mitochondrial carrier homolog (Mtch) alters apoptosis and disturbs development.	medium	assembly_name
GCF_030179895.1	Drosophila kikkawai	Washington University in St. Louis	PRJNA948012	10.1093/g3journal/jkad191	37611223	Long-read genome assemblies for the study of chromosome expansion: Drosophila kikkawai, Drosophila takahashii, Drosophila bipectinata, and Drosophila ananassae.	high	bioproject_text
GCF_025231255.1	Drosophila biarmipes	The Rockefeller University	PRJNA858076	10.1038/s41597-025-05890-0	41028018	Chromosomal-level genome assembly of Drosophila suzukii Matsumura (Diptera: Drosophilidae).	low	organism_genus_title
GCF_013340165.1	Drosophila suzukii	Institut de Biologie du Developpement de Marseille	PRJNA594550	10.1038/s41598-020-67373-z	32641717	Near-chromosome level genome assembly of the fruit pest Drosophila suzukii using long-read sequencing.	high	bioproject_text
GCF_037355615.1	Drosophila suzukii	The Rockefeller University	PRJNA1061220	10.3390/insects16010002	39859583	The Impact of Oxford Nanopore Technologies Based Methodologies on the Genome Sequencing and Assembly of Romanian Strains of Drosophila suzukii.	high	assembly_name
GCF_043229965.1	Drosophila suzukii	INRA-CBGP	PRJNA1032894	10.3390/insects16060591	40559021	Short-Term Evolutionary Features and Circadian Clock-Modulated Gene Expression Analysis of Piezo, nanchung, and αTubulin at 67C in a Romanian Population of Drosophila suzukii.	high	assembly_name
GCF_030179915.1	Drosophila takahashii	Washington University in St. Louis	PRJNA948012	10.1093/g3journal/jkad191	37611223	Long-read genome assemblies for the study of chromosome expansion: Drosophila kikkawai, Drosophila takahashii, Drosophila bipectinata, and Drosophila ananassae.	high	bioproject_text
GCA_040893045.1	Drosophila madeirensis	Neuro-ICT Laboratory, Advanced ICT Research Institute, National Institute of Information and Communications Technology	PRJDB17439	10.1093/g3journal/jkae167	39031588	A chromosome-level genome assembly of Drosophila madeirensis, a fruit fly species endemic to the island of Madeira.	medium	organism_title
GCF_008121235.1	Drosophila subobscura	UC Berkeley	PRJNA545704	10.7554/elife.49002	31524597	Dynamic turnover of centromeres drives karyotype evolution in Drosophila.	high	bioproject_text
GCF_018902025.1	Drosophila willistoni	University of California Irvine	PRJNA670571	10.1002/2211-5463.13742	38013241	Dysfunction of Drosophila mitochondrial carrier homolog (Mtch) alters apoptosis and disturbs development.	medium	assembly_name
GCF_023373825.1	Bactrocera dorsalis	CAS Center for Excellence in Molecular Plant Sciences	PRJNA793623	10.1038/s41467-025-65870-1	41339345	Telomere-to-telomere genome assembly of the Dipteran Bactrocera dorsalis from a single individual.	low	organism_title
GCF_016617805.1	Bactrocera tryoni	CSIRO	PRJNA560467	10.1038/s41437-023-00657-y	37903919	Genomic signals of local adaptation across climatically heterogenous habitats in an invasive tropical fruit fly (Bactrocera tryoni).	high	assembly_name
GCF_024586455.1	Bactrocera neohumeralis	Applied Genomics Initiative Consortium	PRJNA833907	10.1038/s41467-025-65870-1	41339345	Telomere-to-telomere genome assembly of the Dipteran Bactrocera dorsalis from a single individual.	low	organism_genus_title
GCF_042242935.1	Bactrocera oleae	USDA-ARS Ag100Pest	PRJNA1089778	10.1093/g3journal/jkaf235	41066542	Genome report: chromosome-scale genome assembly of the olive fly Bactrocera oleae (Diptera: Tephritidae).	high	bioproject_text
GCF_028554725.1	Zeugodacus cucurbitae	United States Department of Agriculture	PRJNA906626	10.1016/j.ijbiomac.2022.12.174	36563807	Genome-wide screening and expression of glutathione S-transferase genes reveal that GSTe4 contributes to sensitivity against β-cypermethrin in Zeugodacus cucurbitae.	medium	organism_title
GCF_040869045.1	Eurosta solidaginis	George Washington University	PRJNA1128602	10.3390/ijms24119613	37298563	Genomic Assessment of the Contribution of the Wolbachia Endosymbiont of Eurosta solidaginis to Gall Induction.	medium	organism_title
GCF_028408465.1	Anastrepha ludens	United States Department of Agriculture	PRJNA803324	10.1111/1744-7917.70175	41117228	Chromosome-scale genome assembly of the South American fruit fly, Anastrepha fraterculus sp.1.	high	assembly_name
GCF_027943255.1	Anastrepha obliqua	United States Department of Agriculture	PRJNA796007	10.1093/g3journal/jkae024	38301265	Genome report: chromosome-scale genome assembly of the West Indian fruit fly Anastrepha obliqua (Diptera: Tephritidae).	high	bioproject_text
GCF_963082655.1	Stomoxys calcitrans	WELLCOME SANGER INSTITUTE	PRJEB64832	10.12688/wellcomeopenres.23623.1	40027409	The genome sequence of the Stable Fly, Stomoxys calcitrans (Linnaeus, 1758).	high	assembly_name
GCF_958450345.1	Calliphora vicina	WELLCOME SANGER INSTITUTE	PRJEB64194	10.12688/wellcomeopenres.22469.2	39473873	The genome sequence of a bluebottle fly, Calliphora vicina Robineau-Desvoidy, 1830.	high	assembly_name
GCA_905115235.1	Hermetia illucens	CAM	PRJEB37575	10.3390/ijms242115765	37958748	The Development of New Methods to Stimulate the Production of Antimicrobial Peptides in the Larvae of the Black Soldier Fly Hermetia illucens.	high	assembly_name
GCF_905115235.1	Hermetia illucens	CAM	PRJEB37575	10.3390/ijms242115765	37958748	The Development of New Methods to Stimulate the Production of Antimicrobial Peptides in the Larvae of the Black Soldier Fly Hermetia illucens.	high	assembly_name
GCF_010883055.1	Belonocnema kinseyi	University of Georgia	PRJNA602724	10.1093/molbev/msab273	34515790	Comparative Genomics Sheds Light on the Convergent Evolution of Miniaturized Wasps.	medium	assembly_name
GCA_029851415.1	Eretmocerus hayati	Zhejiang University	PRJNA951478	10.1038/s41597-023-02450-2	37673910	A chromosome-level genome assembly of the parasitoid wasp Eretmocerus hayati.	high	bioproject_text
GCF_029852145.1	Microplitis mediator	USDA-ARS	PRJNA862959	10.1038/s41597-023-02190-3	37164995	Chromosome-level genome assembly of Microplitis manilae Ashmead, 1904 (Hymenoptera: Braconidae).	low	organism_genus_title
GCF_019457755.1	Venturia canescens	USDA-ARS	PRJNA736740	10.1093/g3journal/jkad137	37345948	A chromosome scale assembly of the parasitoid wasp Venturia canescens provides insight into the process of virus domestication.	medium	bioproject_text
GCF_016802725.1	Solenopsis invicta	University of Lausanne	PRJNA691522	10.1093/gbe/evad144	37515590	Chromosome-Scale Genome Assembly of the Solitary Parasitoid Wasp Microplitis manilae Ashmead, 1904 (Braconidae: Microgastrinae).	high	accession
GCF_013373865.1	Monomorium pharaonis	BGI	PRJNA634441	10.1093/gigascience/giaa143	33319913	High-quality chromosome-level genome assembly and full-length transcriptome analysis of the pharaoh ant Monomorium pharaonis.	high	bioproject_text
GCA_050084945.1	Pogonomyrmex californicus	University of Muenster	PRJNA947943	10.1111/imb.70021	41420527	Genome-wide and gene-specific DNA methylation across developmental stages in Pogonomyrmex californicus: A socially polymorphic ant.	high	assembly_name
GCF_021464435.1	Cataglyphis hispanica	Universite Libre de Bruxelles	PRJNA792953	10.1101/2022.01.07.475286		Chromosome-level genome assembly and annotation of two lineages of the ant Cataglyphis hispanica : stepping stones towards genomic studies of hybridogenesis and thermal adaptation in desert ants	medium	organism_title
GCA_050437125.1	Cataglyphis niger	University of Haifa	PRJNA1168153	10.1002/ece3.73108	41777354	Genetic Basis of Cuticular Hydrocarbon Variation in the Desert Ant Cataglyphis niger.	high	bioproject_text
GCA_964030505.2	Lasius platythorax	Senckenber Biodiversity and Climate Research Centre Frankfurt	PRJEB72067	10.1101/2023.07.18.549505		Reference genome of the ant Lasius platythorax	high	bioproject_text
GCF_912470025.1	Vespa velutina	WELLCOME SANGER INSTITUTE	PRJEB46979	10.1038/s41598-023-31932-x	37085574	Putting hornets on the genomic map.	medium	bioproject_text
GCF_910589235.1	Vespa crabro	WELLCOME SANGER INSTITUTE	PRJEB45335	10.12688/wellcomeopenres.17546.1	37745780	The genome sequence of the European hornet, Vespa crabro Linnaeus, 1758.	high	assembly_name
GCF_905475345.1	Vespula vulgaris	WELLCOME SANGER INSTITUTE	PRJEB44008	10.12688/wellcomeopenres.17205.1		The genome sequence of the common wasp, Vespula vulgaris (Linnaeus, 1758)	low	organism_title
GCF_050947335.1	Megachile rotundata	Beenome100	PRJNA1111106	10.1002/advs.202417054	40135786	Chromosome-Level Genome Assembly of the Leafcutter Bee Megachile rotundata Reveals Its Ecological Adaptation and Pollination Biology.	medium	organism_title
GCF_907164935.1	Osmia bicornis bicornis	WELLCOME SANGER INSTITUTE	PRJEB44455	10.1093/gbe/evad144	37515590	Chromosome-Scale Genome Assembly of the Solitary Parasitoid Wasp Microplitis manilae Ashmead, 1904 (Braconidae: Microgastrinae).	high	accession
GCF_051020975.1	Osmia lignaria lignaria	Beenome100	PRJNA1165769	10.1093/jee/toae257	39471471	Chromosome-level genome of Osmia excavata (Hymenoptera: Megachilidae) provides insights into low-temperature tolerance of Osmia pollinator.	low	organism_genus_title
GCF_026283585.1	Hylaeus volcanicus	USDA-ARS	PRJNA789929	10.12688/wellcomeopenres.25424.1	41657665	The genome sequence of the Chalk Yellow-face Bee, Hylaeus dilatatus (Kirby, 1802) (Hymenoptera: Colletidae).	low	organism_genus_title
GCF_905332965.1	Bombus pascuorum	WELLCOME SANGER INSTITUTE	PRJEB43481	10.12688/wellcomeopenres.19251.1	37621574	The genome sequence of the Common Carder Bee, Bombus pascuorum (Scopoli, 1763).	high	assembly_name
GCF_024542735.1	Bombus huntii	USDA-ARS Ag100Pest	PRJNA858880	10.1093/g3journal/jkae160	39028118	Chromosome-scale genome assembly of the hunt bumble bee, Bombus huntii Greene, 1860, a species of agricultural interest.	high	bioproject_text
GCF_041682495.2	Bombus fervidus	Beenome100	PRJNA1083964	10.1093/g3journal/jkag041	41701107	Reference genome assemblies for the North American bumble bees Bombus flavifrons and Bombus fervidus, two phenotypically polymorphic species from distinct phylogenetic lineages.	high	bioproject_text
GCF_910591885.1	Bombus terrestris	WELLCOME SANGER INSTITUTE	PRJEB45694	10.12688/wellcomeopenres.19248.1	38283327	The genome sequence of the Buff-tailed Bumblebee, Bombus terrestris (Linnaeus, 1758).	high	assembly_name
GCF_024516045.1	Bombus affinis	United States Department of Agriculture	PRJNA827177	10.1093/g3journal/jkad119	37336593	Chromosome-scale genome assembly of the rusty patched bumble bee, Bombus affinis (Cresson) (Hymenoptera: Apidae), an endangered North American pollinator.	high	bioproject_text
GCA_013841245.2	Apis mellifera carnica	CHGC	PRJNA644991	10.1093/g3journal/jkab223	34544128	Improved Apis mellifera reference genome based on the alternative long-read-based assemblies.	high	bioproject_text
GCF_029169275.1	Apis cerana	Incheon National University	PRJNA779817	10.1038/s41598-025-12338-3	40707707	Chromosome level de Novo hybrid assembly of Asian honeybee, Apis cerana Koreana.	high	bioproject_text
GCF_051020765.1	Lasioglossum baleicum	United States Department of Agriculture	PRJNA1164684	10.12688/wellcomeopenres.24870.1	41480573	The genome sequence of the Shaggy Mining Bee, Lasioglossum villosulum (Kirby, 1802) (Hymenoptera: Halictidae).	low	organism_genus_title
GCF_917208135.1	Athalia rosae	WELLCOME SANGER INSTITUTE	PRJEB47993	10.12688/wellcomeopenres.18993.1	38235342	The genome sequence of the Turnip Sawfly, Athalia rosae (Linnaeus, 1758).	high	assembly_name
GCF_021155785.1	Neodiprion fabricii	United States Department of Agriculture	PRJNA784631	10.1007/s11262-025-02189-5	41051734	The complete genome sequence of a gammabaculovirus from the Virginia pine sawfly, Neodiprion pratti pratti.	low	organism_genus_title
GCF_021901495.1	Neodiprion virginianus	United States Department of Agriculture	PRJNA784629	10.1007/s11262-025-02189-5	41051734	The complete genome sequence of a gammabaculovirus from the Virginia pine sawfly, Neodiprion pratti pratti.	low	organism_genus_title
GCF_021901455.1	Neodiprion lecontei	United States Department of Agriculture	PRJNA784628	10.1093/gbe/evad144	37515590	Chromosome-Scale Genome Assembly of the Solitary Parasitoid Wasp Microplitis manilae Ashmead, 1904 (Braconidae: Microgastrinae).	high	accession
GCF_021155775.2	Neodiprion pinetum	United States Department of Agriculture	PRJNA767423	10.1007/s11262-025-02189-5	41051734	The complete genome sequence of a gammabaculovirus from the Virginia pine sawfly, Neodiprion pratti pratti.	low	organism_genus_title
GCF_021155765.1	Diprion similis	United States Department of Agriculture	PRJNA784632	10.1093/jhered/esad012	36827463	Whole-genome resequencing data support a single introduction of the invasive white pine sawfly, Diprion similis.	medium	organism_title
GCF_023078275.1	Leguminivora glycinivorella	USDA-ARS	PRJNA759210	10.1186/s12864-024-10216-2	38594617	A chromosome-level genome assembly of the soybean pod borer: insights into larval transcriptional response to transgenic soybean expressing the pesticidal Cry1Ac protein.	high	bioproject_text
GCF_910591565.1	Cydia splendana	WELLCOME SANGER INSTITUTE	PRJEB45453	10.1186/s12864-024-10216-2	38594617	A chromosome-level genome assembly of the soybean pod borer: insights into larval transcriptional response to transgenic soybean expressing the pesticidal Cry1Ac protein.	high	bioproject_text
GCF_947568885.1	Cydia strobilella	WELLCOME SANGER INSTITUTE	PRJEB58205	10.12688/wellcomeopenres.21214.1	39323608	The genome sequence of the Spruce-seed moth, Cydia strobilella (Linnaeus, 1758).	high	assembly_name
GCF_963556715.1	Cydia fagiglandana	WELLCOME SANGER INSTITUTE	PRJEB67652	10.12688/wellcomeopenres.23297.1		The genome sequence of the Large Beech Piercer moth, Cydia fagiglandana (Zeller, 1841)	medium	organism_title
GCF_948474715.1	Cydia amplana	WELLCOME SANGER INSTITUTE	PRJEB59260	10.12688/wellcomeopenres.19536.1		The genome sequence of the Rusty Oak Moth, Cydia amplana (Hübner, 1799)	medium	organism_title
GCF_033807575.1	Cydia pomonella	United States Department of Agriculture	PRJNA880355	10.1128/mra.00207-25	40488503	Near-complete genome sequence of Cydia pomonella granulovirus BZR GV 10, a potential biocontrol agent against apple codling moth.	low	organism_title
GCF_014905235.1	Bombyx mori	Graduate School of Agricultural and Life Sciences, The University of Tokyo	PRJDB4947	10.1186/s13104-022-05951-2	35183251	Nuclear matrix associated RNAs in posterior silk glands show developmental dynamics in Bombyx mori in 5th instar larvae.	high	assembly_name
GCF_014839805.1	Manduca sexta	Johns Hopkins University	PRJNA658700	10.1093/g3journal/jkaa047	33561252	De novo genome assembly of the tobacco hornworm moth (Manduca sexta).	high	assembly_name
GCF_050436995.1	Anticarsia gemmatalis	USDA-ARS Ag100Pest	PRJNA1225766	10.1016/j.virol.2025.110740	41248595	Genomic characterization of an Anticarsia gemmatalis multiple nucleopolyhedrovirus isolate from the cotton leafworm, Alabama argillacea with cross-species infectivity potential for pest management.	medium	organism_title
GCF_022581195.2	Helicoverpa zea	United States Department of Agriculture	PRJNA807638	10.1099/jgv.0.002066	39804289	Transcriptional dynamics during Heliothis zea nudivirus 1 infection in an ovarian cell line from Helicoverpa zea.	high	assembly_name
GCA_029852925.1	Mythimna separata	Chinese Academy of Agricultural Sciences	PRJNA857169	10.3390/insects13121172	36555082	Reference Genome Sequences of the Oriental Armyworm, Mythimna separata (Lepidoptera: Noctuidae).	low	organism_title
GCA_029852875.1	Mythimna loreyi	Chinese Academy of Agricultural Sciences	PRJNA857169	10.1111/1755-0998.13809	37150957	Chromosome-level genomes of two armyworms, Mythimna separata and Mythimna loreyi, provide insights into the biosynthesis and reception of sex pheromones.	medium	organism_title
GCA_902829305.4	Spodoptera exigua	ROTHAMSTED RESEARCH	PRJEB36598	10.1016/j.ygeno.2023.110571	36746219	A chromosome-level genome assembly of the beet armyworm Spodoptera exigua.	low	organism_title
GCF_023101765.2	Spodoptera frugiperda	Australian Pest Genome Partnership	PRJNA809428	10.1007/s13205-023-03798-3	37849767	CRISPR/Cas9 mediated editing of pheromone biosynthesis activating neuropeptide (PBAN) gene disrupts mating in the Fall armyworm, Spodoptera frugiperda (J. E. Smith) (Lepidoptera: Noctuidae).	high	assembly_name
GCA_902850265.1	Spodoptera littoralis	ROTHAMSTED RESEARCH	PRJEB36692	10.1186/s12864-022-08582-w	35525948	Genomic features of the polyphagous cotton leafworm Spodoptera littoralis.	medium	organism_title
GCA_903961255.1	Chrysodeixis includens	ROTHAMSTED RESEARCH	PRJEB38103	10.3390/toxins14090629	36136567	Towards Understanding the Function of Aegerolysins.	medium	bioproject_text
GCF_905147365.1	Aricia agestis	Wellcome Sanger Institute	PRJEB41901	10.12688/wellcomeopenres.19784.1	38404635	The genome sequence of the Brown Argus, Aricia agestis (Denis & Schiffermüller, 1775).	high	assembly_name
GCF_905220365.1	Vanessa cardui	WELLCOME SANGER INSTITUTE		10.12688/wellcomeopenres.17358.1	37008186	The genome sequence of the painted lady, Vanessa cardui Linnaeus 1758.	high	assembly_name
GCF_037043105.1	Vanessa tameamea	United States Department of Agriculture	PRJNA1029194	10.22541/au.173470779.97962199/v1		Genomic analysis of Vanessa tameamea, the threatened Hawaiian endemic butterfly, reveals population genetic structure relevant to conservation efforts	medium	organism_title
GCF_905147765.1	Vanessa atalanta	Wellcome Sanger Institute	PRJEB41956	10.12688/wellcomeopenres.17524.1		The genome sequence of the red admiral, Vanessa atalanta (Linnaeus, 1758)	medium	organism_title
GCF_905147045.1	Nymphalis io	Wellcome Sanger Institute	PRJEB41894	10.12688/wellcomeopenres.17204.1	36072556	The genome sequence of the European peacock butterfly, Aglais io (Linnaeus, 1758).	high	assembly_name
GCF_905220565.1	Melitaea cinxia	WELLCOME SANGER INSTITUTE	PRJEB42891	10.12688/wellcomeopenres.17283.1	36873711	The genome sequence of the Glanville fritillary, Melitaea cinxia (Linnaeus, 1758).	high	bioproject_text
GCF_905333055.1	Maniola jurtina	WELLCOME SANGER INSTITUTE	PRJEB43489	10.12688/wellcomeopenres.17304.1	36866280	The genome sequence of the meadow brown, Maniola jurtina (Linnaeus, 1758).	high	assembly_name
GCF_947172395.1	Bicyclus anynana	WELLCOME SANGER INSTITUTE	PRJEB56893	10.12688/wellcomeopenres.19432.1	37600587	The genome sequence of the Squinting Bush Brown, Bicyclus anynana (Butler, 1879).	high	assembly_name
GCF_905163445.1	Pararge aegeria	Wellcome Sanger Institute	PRJEB42039	10.12688/wellcomeopenres.17278.1		The genome sequence of the speckled wood butterfly, Pararge aegeria (Linnaeus, 1758)	medium	organism_title
GCF_905147795.1	Pieris rapae	Wellcome Sanger Institute	PRJEB41952	10.12688/wellcomeopenres.17288.1		The genome sequence of the small white, Pieris rapae (Linnaeus, 1758)	medium	organism_title
GCF_905147105.1	Pieris brassicae	Wellcome Sanger Institute	PRJEB41887	10.12688/wellcomeopenres.17274.1	36312456	The genome sequence of the large white, Pieris brassicae (Linnaeus, 1758).	high	bioproject_text
GCF_905475465.1	Pieris napi	WELLCOME SANGER INSTITUTE	PRJEB44052	10.12688/wellcomeopenres.17277.1	35846179	The genome sequences of the male and female green-veined white, Pieris napi (Linnaeus, 1758).	high	assembly_name
GCF_905220415.1	Colias croceus	WELLCOME SANGER INSTITUTE	PRJEB42878	10.12688/wellcomeopenres.17292.1	36157970	The genome sequence of the clouded yellow, Colias crocea (Geoffroy, 1785).	high	bioproject_text
GCF_912999745.1	Papilio machaon	WELLCOME SANGER INSTITUTE	PRJEB47027	10.1186/s12864-023-09841-0	38049715	An extract from the frass of swallowtail butterfly (Papilio machaon) larvae inhibits HCT116 colon cancer cell proliferation but not other cancer cell types.	high	assembly_name
GCF_963855985.1	Ostrinia nubilalis	WELLCOME SANGER INSTITUTE	PRJEB71127	10.12688/wellcomeopenres.23504.1	40007688	The genome sequence of the European Corn Borer, Ostrinia nubilalis Hübner, 1796.	high	assembly_name
GCA_040581525.1	Loxostege sticticalis	Institute of Grassland Research of Chinese Academy of Agricultural Sciences	PRJNA1118492	10.1038/s41597-025-04371-8	40419506	A chromosome-level genome assembly of beet webworm, Loxostege sticticalis Linnaeus (Lepidoptera: Pyralidae).	high	bioproject_text
GCA_040581535.1	Loxostege sticticalis	Institute of Grassland Research of Chinese Academy of Agricultural Sciences	PRJNA1118492	10.1038/s41597-025-04371-8	40419506	A chromosome-level genome assembly of beet webworm, Loxostege sticticalis Linnaeus (Lepidoptera: Pyralidae).	high	bioproject_text
GCA_902850365.2	Chilo suppressalis	ROTHAMSTED RESEARCH	PRJEB37827	10.3389/fpls.2022.905982	35668795	Terpene Synthases in Rice Pan-Genome and Their Responses to Chilo suppressalis Larvae Infesting.	low	organism_title
GCA_918026875.4	Diatraea saccharalis	ROTHAMSTED RESEARCH	PRJEB47899	10.1007/s00412-022-00781-4	36219241	A step forward in the genome characterization of the sugarcane borer, Diatraea saccharalis: karyotype analysis, sex chromosome system and repetitive DNAs through a cytogenomic approach.	medium	organism_title
GCF_027563975.2	Plodia interpunctella	United States Department of Agriculture	PRJNA782555	10.1016/j.isci.2025.113865	41323286	Regionalization of gene expression and cell types in the silk glands of Plodia pantry moths.	high	assembly_name
GCF_024362695.1	Pectinophora gossypiella	United States Department of Agriculture	PRJNA804955	10.1093/g3journal/jkad040	36790801	Chromosome-scale genome assembly of the pink bollworm, Pectinophora gossypiella, a global pest of cotton.	high	bioproject_text
GCA_019096205.1	Plutella xylostella	University of Adelaide	PRJNA704777	10.1093/gbe/evad141	37494061	Chromosomal-level Genome Assembly of the Coffee Bee Hawk Moth Reveals the Evolution of Chromosomes and the Molecular Basis of Distinct Phenotypes.	high	accession
GCF_932276165.1	Plutella xylostella	WELLCOME SANGER INSTITUTE		10.12688/wellcomeopenres.20006.1	38779055	The genome sequence of the Diamondback Moth, Plutella xylostella (Linnaeus, 1758).	high	assembly_name
GCF_905475395.1	Chrysoperla carnea	WELLCOME SANGER INSTITUTE	PRJEB44056	10.12688/wellcomeopenres.17455.1	37089663	The genome sequence of the common green lacewing, Chrysoperla carnea (Stephens, 1836).	high	assembly_name
GCA_964442445.1	Pycnogonum litorale	University of Vienna	PRJEB80537	10.1186/s12915-025-02276-x	40598291	The genome of a sea spider corroborates a shared Hox cluster motif in arthropods with a reduced posterior tagma.	medium	bioproject_text
GCF_004210375.1	Tachypleus tridentatus	Center for Ecological and Environmental Sciences	PRJNA505565	10.1186/s12864-020-6488-1	32041526	The draft genome of horseshoe crab Tachypleus tridentatus reveals its evolutionary scenario and well-developed innate immunity.	medium	organism_title
GCF_037126465.1	Ornithodoros turicata	United States Department of Agriculture	PRJNA832905	10.1093/g3journal/jkaf103	40512126	Genome report: whole-genome assembly of the relapsing fever tick Ornithodoros turicata Dugès (Acari: Argasidae).	high	bioproject_text
GCF_023375885.2	Dermacentor andersoni	United States Department of Agriculture	PRJNA767396	10.1007/s00436-025-08520-1	40586794	Nanopore sequencing reveals a diversity of microorganisms in ticks from Ethiopia.	medium	accession
GCF_050947875.1	Dermacentor variabilis	USDA-Agricultural Research Service, USA	PRJNA1242342	10.1093/g3journal/jkaf130	40489578	The genome of the American dog tick (Dermacentor variabilis).	medium	organism_title
GCA_013339745.2	Dermacentor silvarum	TIGMIC Group	PRJNA633311	10.1093/g3journal/jkaf130	40489578	The genome of the American dog tick (Dermacentor variabilis).	high	assembly_name
GCF_013339745.2	Dermacentor silvarum	TIGMIC Group	PRJNA633311	10.1093/g3journal/jkaf130	40489578	The genome of the American dog tick (Dermacentor variabilis).	high	assembly_name
GCF_038994185.2	Dermacentor albipictus	USDA-Agricultural Research Service, USA	PRJNA1072088	10.1093/g3journal/jkaf116	40408551	First transcriptome analysis of the winter tick (Dermacentor albipictus) reveals sex-specific expression patterns and potential targets for genetic control.	high	bioproject_text
GCA_964199305.2	Ixodes pacificus	Genoscope	PRJEB67791	10.1186/s12915-025-02121-1	39838418	Genome sequences of four Ixodes species expands understanding of tick evolution.	high	bioproject_text
GCA_964199285.2	Ixodes hexagonus	Genoscope	PRJEB67790	10.1186/s12915-025-02121-1	39838418	Genome sequences of four Ixodes species expands understanding of tick evolution.	high	bioproject_text
GCA_964199295.2	Ixodes persulcatus	Genoscope	PRJEB67789	10.1186/s12915-025-02121-1	39838418	Genome sequences of four Ixodes species expands understanding of tick evolution.	high	bioproject_text
GCF_050580445.1	Brevipalpus obovatus	Guizhou University	PRJNA1257969	10.1038/s41597-025-06061-x	41224877	A chromosome-level genome assembly of the flat mite Brevipalpus obovatus.	high	bioproject_text
GCA_020844145.1	Sarcoptes scabiei	College of Veterinary Medicine, Sichuan Agricultural University	PRJNA749654	10.1371/journal.pntd.0008720	33001992	High-quality nuclear genome for Sarcoptes scabiei-A critical resource for a neglected parasite.	medium	organism_title
GCF_024713945.1	Dermatophagoides farinae	Wuxi People's Hospital Affiliated to Nanjing Medical University	PRJNA756521	10.1155/2024/3779688	38716377	A Chromosomal-Level Genome of Dermatophagoides farinae, a Common Allergenic Mite Species.	high	bioproject_text
GCA_029204025.1	Blomia tropicalis	The Affiliated Wuxi People's Hospital of Nanjing Medical University	PRJNA911905	10.1016/j.intimp.2025.115833	41242272	Genome-wide characterization of Blomia tropicalis allergenome: chromosome-level assembly, bioinformatics insights, and clinical validation of novel allergens.	medium	organism_title
GCF_963576615.1	Watersipora subatra	WELLCOME SANGER INSTITUTE	PRJEB68114	10.12688/wellcomeopenres.22824.2	41693852	The genome sequence of the red ripple bryozoan, Watersipora subatra (Ortmann, 1890).	high	assembly_name
GCA_944474145.2	Dicrocoelium dendriticum	WELLCOME SANGER INSTITUTE	PRJEB44434	10.1186/s12864-023-09461-8	37380941	An insight into the functional genomics and species classification of Eudiplozoon nipponicum (Monogenea, Diplozoidae), a haematophagous parasite of the common carp Cyprinus carpio.	low	bioproject_text
GCA_944472135.2	Trichobilharzia regenti	WELLCOME SANGER INSTITUTE	PRJEB44434	10.1186/s12864-023-09461-8	37380941	An insight into the functional genomics and species classification of Eudiplozoon nipponicum (Monogenea, Diplozoidae), a haematophagous parasite of the common carp Cyprinus carpio.	low	bioproject_text
GCA_944472155.2	Trichobilharzia szidati	WELLCOME SANGER INSTITUTE	PRJEB44434	10.1186/s12864-023-09461-8	37380941	An insight into the functional genomics and species classification of Eudiplozoon nipponicum (Monogenea, Diplozoidae), a haematophagous parasite of the common carp Cyprinus carpio.	low	bioproject_text
GCA_944470545.2	Heterobilharzia americana	WELLCOME SANGER INSTITUTE	PRJEB44434	10.1186/s12864-023-09461-8	37380941	An insight into the functional genomics and species classification of Eudiplozoon nipponicum (Monogenea, Diplozoidae), a haematophagous parasite of the common carp Cyprinus carpio.	low	bioproject_text
GCA_944470555.2	Heterobilharzia americana	WELLCOME SANGER INSTITUTE	PRJEB44434	10.1186/s12864-023-09461-8	37380941	An insight into the functional genomics and species classification of Eudiplozoon nipponicum (Monogenea, Diplozoidae), a haematophagous parasite of the common carp Cyprinus carpio.	low	bioproject_text
GCA_944470395.2	Schistosoma turkestanicum	WELLCOME SANGER INSTITUTE	PRJEB44434	10.1186/s40249-024-01187-3	38414088	Chromosome-level genome assembly of Oncomelania hupensis: the intermediate snail host of Schistosoma japonicum.	low	organism_genus_title
GCA_944470405.2	Schistosoma mattheei	WELLCOME SANGER INSTITUTE	PRJEB44434	10.1186/s40249-024-01187-3	38414088	Chromosome-level genome assembly of Oncomelania hupensis: the intermediate snail host of Schistosoma japonicum.	low	organism_genus_title
GCA_944470375.2	Schistosoma guineensis	WELLCOME SANGER INSTITUTE	PRJEB44434	10.1186/s40249-024-01187-3	38414088	Chromosome-level genome assembly of Oncomelania hupensis: the intermediate snail host of Schistosoma japonicum.	low	organism_genus_title
GCA_944470205.2	Schistosoma margrebowiei	WELLCOME SANGER INSTITUTE	PRJEB44434	10.1186/s40249-024-01187-3	38414088	Chromosome-level genome assembly of Oncomelania hupensis: the intermediate snail host of Schistosoma japonicum.	low	organism_genus_title
GCA_021461655.1	Schistosoma japonicum	Fudan University	PRJNA739049	10.1186/s40249-024-01187-3	38414088	Chromosome-level genome assembly of Oncomelania hupensis: the intermediate snail host of Schistosoma japonicum.	low	organism_title
GCA_944470425.2	Schistosoma bovis	WELLCOME SANGER INSTITUTE	PRJEB44434	10.1371/journal.pntd.0010062	34941866	Morphological and genomic characterisation of the Schistosoma hybrid infecting humans in Europe reveals admixture between Schistosoma haematobium and Schistosoma bovis.	medium	organism_title
GCA_944470445.2	Schistosoma bovis	WELLCOME SANGER INSTITUTE	PRJEB44434	10.1371/journal.pntd.0010062	34941866	Morphological and genomic characterisation of the Schistosoma hybrid infecting humans in Europe reveals admixture between Schistosoma haematobium and Schistosoma bovis.	medium	organism_title
GCA_944470455.2	Schistosoma haematobium	WELLCOME SANGER INSTITUTE	PRJEB44434	10.1371/journal.ppat.1010288	35167626	Chromosome-level genome of Schistosoma haematobium underpins genome-wide explorations of molecular variation.	low	organism_title
GCA_944470465.2	Schistosoma haematobium	WELLCOME SANGER INSTITUTE	PRJEB44434	10.1371/journal.ppat.1010288	35167626	Chromosome-level genome of Schistosoma haematobium underpins genome-wide explorations of molecular variation.	low	organism_title
GCA_944474815.3	Schistosoma curassoni	WELLCOME SANGER INSTITUTE	PRJEB44434	10.1186/s40249-024-01187-3	38414088	Chromosome-level genome assembly of Oncomelania hupensis: the intermediate snail host of Schistosoma japonicum.	low	organism_genus_title
GCA_944470365.2	Schistosoma intercalatum	WELLCOME SANGER INSTITUTE	PRJEB44434	10.1186/s40249-024-01187-3	38414088	Chromosome-level genome assembly of Oncomelania hupensis: the intermediate snail host of Schistosoma japonicum.	low	organism_genus_title
GCA_944470385.2	Schistosoma intercalatum	WELLCOME SANGER INSTITUTE	PRJEB44434	10.1186/s40249-024-01187-3	38414088	Chromosome-level genome assembly of Oncomelania hupensis: the intermediate snail host of Schistosoma japonicum.	low	organism_genus_title
GCA_944470415.2	Schistosoma rodhaini	WELLCOME SANGER INSTITUTE	PRJEB44434	10.1038/s41598-024-55790-3	38472267	Single-cell transcriptomics of the human parasite Schistosoma mansoni first intra-molluscan stage reveals tentative tegumental and stem-cell regulators.	medium	bioproject_text
GCA_944470435.2	Schistosoma rodhaini	WELLCOME SANGER INSTITUTE	PRJEB44434	10.1038/s41598-024-55790-3	38472267	Single-cell transcriptomics of the human parasite Schistosoma mansoni first intra-molluscan stage reveals tentative tegumental and stem-cell regulators.	medium	bioproject_text
GCA_946903255.1	Schistosoma spindalis	WELLCOME SANGER INSTITUTE	PRJEB44434	10.1186/s40249-024-01187-3	38414088	Chromosome-level genome assembly of Oncomelania hupensis: the intermediate snail host of Schistosoma japonicum.	low	organism_genus_title
GCA_051168835.1	Spirometra sp. Aus1	The University of Melbourne	PRJNA1104264	10.3390/ijms26136417	40650196	Chromosome-Contiguous Reference Genome for Spirometra to Underpin Future Discovery Research.	high	bioproject_text
GCA_021556725.1	Echinococcus granulosus	University of Melbourne	PRJNA754835	10.1038/s42003-022-03125-1	35241789	Chromosome-scale Echinococcus granulosus (genotype G1) genome reveals the Eg95 gene family and conservation of the EG95-vaccine molecule.	high	bioproject_text
GCF_910592395.1	Lineus longissimus	WELLCOME SANGER INSTITUTE	PRJEB45696	10.12688/wellcomeopenres.17193.1	34796280	The genome sequence of the bootlace worm, Lineus longissimus (Gunnerus, 1770).	high	assembly_name
GCF_037392515.1	Haliotis asinina	James Cook University	PRJNA1080039	10.1038/s41597-024-03840-w	39266538	Chromosome-scale genome assembly of the tropical abalone (Haliotis asinina).	high	bioproject_text
GCA_050415755.1	Bradybaena similaris	Center for Northeast Asian Studies, Tohoku University	PRJDB16720	10.1093/gbe/evaf070	40219909	Chromosome-Level Genome Assembly of the Asian Tramp Snail Bradybaena similaris (Stylommatophora: Camaenidae).	high	bioproject_text
GCF_947242115.1	Biomphalaria glabrata	WELLCOME SANGER INSTITUTE	PRJEB57161	10.12688/wellcomeopenres.22819.2	41869676	The genome sequence of the bloodfluke planorb, Biomphalaria glabrata NIMR strain (Say, 1818).	high	assembly_name
GCF_932274485.2	Patella vulgata	WELLCOME SANGER INSTITUTE	PRJEB51188	10.12688/wellcomeopenres.20008.1	37994322	The genome sequence of the common limpet, Patella vulgata (Linnaeus, 1758).	high	assembly_name
GCF_902652985.1	Pecten maximus	SC	PRJEB35330	10.1093/gigascience/giaa037	32352532	The gene-rich genome of the scallop Pecten maximus.	high	assembly_name
GCF_965363235.1	Mytilus galloprovincialis	WELLCOME SANGER INSTITUTE	PRJEB90278	10.1038/s41597-024-03497-5	38886364	Chromosomal-scale genome assembly of the Mediterranean mussel Mytilus galloprovincialis.	low	organism_title
GCF_036588685.1	Mytilus trossulus	Pacific Northwest Research Institute	PRJNA1057985	10.1093/g3journal/jkae138	38935082	A chromosome-scale Mytilus edulis genome assembly for aquaculture, marine ecology, and evolution.	high	assembly_name
GCA_029721355.1	Tegillarca granosa	Korea University	PRJNA670820	10.1016/j.cstres.2024.01.004	38272254	Expansion of the HSP70 gene family in Tegillarca granosa and expression profiles in response to zinc toxicity.	high	bioproject_text
GCF_963853765.1	Magallana gigas	WELLCOME SANGER INSTITUTE	PRJEB70993	10.12688/wellcomeopenres.22255.2	39050697	The genome sequence of the Pacific oyster, Magallana gigas (Thunberg, 1793).	high	assembly_name
GCF_947568905.1	Ostrea edulis	WELLCOME SANGER INSTITUTE	PRJEB58207	10.12688/wellcomeopenres.19916.1	38558925	The genome sequence of the European flat oyster, Ostrea edulis (Linnaeus, 1758).	high	assembly_name
GCA_046254885.1	Sinanodonta woodiana	Chinese Academy of Fishery Sciences	PRJNA1189286	10.1038/s41597-025-05078-6	40316565	Chromosome-level genome assembly of the freshwater bivalve Anodonta woodiana.	high	bioproject_text
GCA_026914265.1	Mya arenaria	Pacific Northwest Research Institute	PRJNA874712	10.1038/s43018-023-00643-7	37783804	Centuries of genome instability and evolution in soft-shell clam, Mya arenaria, bivalve transmissible neoplasia.	medium	bioproject_text
GCF_026914265.1	Mya arenaria	Pacific Northwest Research Institute	PRJNA874712	10.1038/s43018-023-00643-7	37783804	Centuries of genome instability and evolution in soft-shell clam, Mya arenaria, bivalve transmissible neoplasia.	medium	bioproject_text
GCA_047288015.1	Mactra antiquata	Ocean University of China	PRJNA1169764	10.3390/ani14091376	38731380	Sequencing of the Complete Mitochondrial Genome of the Big Brown Mactra Clam, Mactra grandis (Venerida: Mactridae).	low	organism_genus_title
GCF_006345805.1	Octopus sinensis	Yellow Sea Fisheries Research Institute, Chinese Academy of Fishery Sciences	PRJNA541812	10.1111/1755-0998.13216	32603549	Chromosome-level genome assembly of the East Asian common octopus (Octopus sinensis) using PacBio sequencing and Hi-C technology.	medium	organism_title
GCA_951406725.2	Octopus vulgaris	KU Leuven	PRJEB61267	10.1093/g3journal/jkad220	37850903	A chromosome-level reference genome for the common octopus, Octopus vulgaris (Cuvier, 1797).	high	assembly_name
GCF_964355755.1	Antedon mediterranea	Genoscope CEA	PRJEB82496	10.12688/wellcomeopenres.20504.1		The genome sequence of the Rosy Feather Star, Antedon bifida (Pennant, 1777)	low	organism_genus_title
GCF_032118995.1	Asterias amurensis	Ocean University of China	PRJNA980085	10.1038/s41597-023-02688-w	37925473	Chromosome-level genome assembly of the northern Pacific seastar Asterias amurensis.	medium	organism_title
GCF_902459465.1	Asterias rubens	SC	PRJEB33974	10.1093/gigascience/giac063	35809048	Chromosome-level genome assembly of Plazaster borealis sheds light on the morphogenesis of multiarmed starfish and its regenerative capacity.	high	assembly_name
GCF_964275005.1	Diadema setosum	Genoscope CEA		10.12688/openreseurope.20681.1	42299376	ERGA-BGE reference genome of Diadema setosum: the Black Longspine Urchin invading the Mediterranean sea.	high	assembly_name
GCF_037042905.1	Lytechinus pictus	Scripps Institution of Oceanography	PRJNA1067649	10.1177/11795514231189038	37529302	Unilateral Phrenic Nerve Palsy as a Presentation of Diabetes Mellitus: A Rare Case Report.	medium	assembly_name
GCA_029531755.1	Holothuria leucospilota	Chinese Academy of Sciences	PRJNA747844	10.1073/pnas.2213512120	37036994	The Holothuria leucospilota genome elucidates sacrificial organ expulsion and bioadhesive trap enriched with amyloid-patterned proteins.	medium	bioproject_text
GCA_907165135.1	Oikopleura dioica	OKINAWA INSTITUTE OF SCIENCE AND TECHNOLOGY	PRJEB40135	10.1186/s12864-021-07512-6	33781200	Telomere-to-telomere assembly of the genome of an individual Oikopleura dioica from Okinawa using Nanopore-based sequencing.	high	bioproject_text
GCA_927797965.1	Branchiostoma lanceolatum	lausanne university	PRJEB49647	10.12688/wellcomeopenres.23671.1	40093594	The genome sequence of the amphioxus, Branchiostoma lanceolatum (Pallas, 1774).	low	organism_title
GCF_040869285.1	Myxine glutinosa	University of Kentucky	PRJNA1104135	10.12688/wellcomeopenres.24925.1	41394795	The genome sequence of the Hagfish, Myxine glutinosa Linnaeus, 1758 (Myxiniformes: Myxinidae).	low	organism_title
GCA_965212235.1	Lampetra fluviatilis	ELIXIR Norway	PRJEB77117	10.1093/jhered/esaf036	40506799	Comparison of whole-genome assemblies of European river lamprey (Lampetra fluviatilis) and brook lamprey (Lampetra planeri).	high	bioproject_text
GCA_965212315.1	Lampetra planeri	ELIXIR Norway	PRJEB77191	10.1093/jhered/esaf036	40506799	Comparison of whole-genome assemblies of European river lamprey (Lampetra fluviatilis) and brook lamprey (Lampetra planeri).	high	bioproject_text
GCF_010993605.1	Petromyzon marinus	Vertebrate Genomes Project	PRJNA562011	10.1016/j.celrep.2023.112263	36930644	An improved germline genome assembly for the sea lamprey Petromyzon marinus illuminates the evolution of germline-specific chromosomes.	high	bioproject_text
GCF_048934315.1	Petromyzon marinus	University of Kentucky	PRJNA1226267	10.1186/s40851-026-00260-z	41654976	Vertebrate-wide transcriptomic screening identifies immune cell-specific expression of the conserved OR-κ gene.	medium	assembly_name
GCF_900747795.2	Erpetoichthys calabaricus	Wellcome Sanger Institute	PRJEB31579	10.1093/molbev/msad262	38059517	An Ancestral Major Histocompatibility Complex Organization in Cartilaginous Fish: Reconstructing MHC Origin and Evolution.	medium	assembly_name
GCA_036884735.1	Huso huso	STURGEoNOMICS	PRJNA706526	10.1186/s12862-023-02166-2	37749487	Characterization of the mitochondrial Huso huso genome and new aspects of its organization in the presence of tandem repeats in 12S rRNA.	medium	organism_title
GCF_000242695.1	Lepisosteus oculatus	Broad Institute	PRJNA68247	10.1093/bfgp/elt046	24291769	Advances in genomics of bony fish.	medium	bioproject_text
GCA_019176425.1	Megalops atlanticus	GenoFish	PRJNA690086	10.1101/2022.04.07.487469		Genome structures resolve the early diversification of teleost fishes	medium	bioproject_text
GCA_018320845.1	Anguilla anguilla	GenoFish	PRJNA693699	10.1101/2022.04.07.487469		Genome structures resolve the early diversification of teleost fishes	medium	bioproject_text
GCF_013347855.1	Anguilla anguilla	Vertebrate Genomes Project	PRJNA561979	10.1038/s41598-022-26302-y	36550161	Blood-based gene expression as non-lethal tool for inferring salinity-habitat history of European eel (Anguilla anguilla).	high	assembly_name
GCF_963514075.1	Conger conger	WELLCOME SANGER INSTITUTE	PRJEB66426	10.12688/wellcomeopenres.23052.1	39415785	The genome sequence of the European conger eel, Conger conger (Linnaeus, 1758).	high	assembly_name
GCF_900964775.1	Scleropages formosus	SC	PRJEB31995	10.3389/fgene.2021.671650	34249093	A Chromosome-Level Genome Assembly of the Mandarin Fish (Siniperca chuatsi).	high	assembly_name
GCF_902500255.1	Thalassophryne amazonica	SC	PRJEB34606	10.7554/elife.75749	36377467	A novel cis-regulatory element drives early expression of Nkx3.2 in the gnathostome primary jaw joint.	medium	assembly_name
GCA_046056395.1	Mugilogobius chulae	Guangdong Laboratory Animals Monitoring Institute	PRJNA1103977	10.1093/g3journal/jkaf278	41248690	High-quality genome assembly and annotation of the white-cheeked goby, Rhinogobius duospilus (Herre, 1935) (Gobiiformes: Oxudercidae).	high	accession
GCA_964034765.1	Knipowitschia caucasica	university of cologne, biocenter, institute of zoology	PRJEB58922	10.1101/2024.04.22.590508		Chromosome level genome reference of the Caucasian dwarf goby Knipowitschia cf. caucasica , a new alien Gobiidae invading the River Rhine	low	organism_genus_title
GCA_026225835.1	Periophthalmus magnuspinnatus	Pisicola San Silvestre, ISAGEN	PRJNA863108	10.1093/gigascience/giab089	35022698	Chromosome-level genome assembly of the shuttles hoppfish, Periophthalmus modestus.	low	organism_genus_title
GCF_009829125.3	Periophthalmus magnuspinnatus	Vertebrate Genomes Project	PRJNA561998	10.1093/gigascience/giab089	35022698	Chromosome-level genome assembly of the shuttles hoppfish, Periophthalmus modestus.	low	organism_genus_title
GCF_901709675.1	Syngnathus acus	SC	PRJEB32741	10.12688/wellcomeopenres.19528.1	38868629	The genome sequence of the greater pipefish, Syngnathus acus (Linnaeus, 1758).	low	organism_title
GCF_027409825.1	Scomber japonicus	Vertebrate Genomes Project	PRJNA912108	10.1038/s41597-023-02782-z	38066002	Chromosome-level genome assembly of chub mackerel (Scomber japonicus) from the Indo-Pacific Ocean.	medium	organism_title
GCF_963691925.1	Scomber scombrus	WELLCOME SANGER INSTITUTE	PRJEB70589	10.12688/wellcomeopenres.23186.1	39540102	The genome sequence of the Atlantic mackerel, Scomber scombrus Linnaeus, 1758.	high	assembly_name
GCF_914725855.1	Thunnus albacares	WELLCOME SANGER INSTITUTE	PRJEB47267	10.3390/genes14061268	37372448	Chromosome-Level Genome Assembly Provides Insights into the Evolution of the Special Morphology and Behaviour of Lepturacanthus savala.	medium	bioproject_text
GCF_963924715.1	Thunnus thynnus	WELLCOME SANGER INSTITUTE	PRJEB72088	10.12688/wellcomeopenres.23971.1	40556665	The genome sequence of Atlantic Bluefin Tuna, Thunnus thynnus (Linnaeus, 1758).	high	assembly_name
GCF_910596095.1	Thunnus maccoyii	Wellcome Sanger Institute	PRJEB46021	10.3389/fgene.2022.1020017	36406129	Whole genome sequencing of the fast-swimming Southern bluefin tuna (Thunnus maccoyii).	medium	organism_title
GCF_900634795.4	Betta splendens	Wellcome Sanger Institute	PRJEB30365	10.1128/mra.00999-23	38299841	Complete genome sequence of a novel papillomavirus in Siamese fighting fish (Betta splendens) from Trinidad and Tobago.	low	organism_title
GCF_900324465.2	Anabas testudineus	SC		10.1111/jfb.13653	29931780	RNA sequencing, de novo assembly and differential analysis of the gill transcriptome of freshwater climbing perch Anabas testudineus after 6 days of seawater exposure.	low	organism_title
GCA_004786185.1	Channa argus	Gooalgene	PRJNA522012	10.1038/s41597-024-04314-9	39730366	Chromosome-level genome assembly of the northern snakehead (Channa argus) using PacBio and Hi-C technologies.	low	organism_title
GCA_033026475.1	Channa argus	Pearl River Fisheries Research Institute Chinese Academy of Fishery Sciences	PRJNA1001177	10.1038/s41597-024-04314-9	39730366	Chromosome-level genome assembly of the northern snakehead (Channa argus) using PacBio and Hi-C technologies.	low	organism_title
GCF_033026475.1	Channa argus	Pearl River Fisheries Research Institute Chinese Academy of Fishery Sciences	PRJNA1001177	10.1038/s41597-024-04314-9	39730366	Chromosome-level genome assembly of the northern snakehead (Channa argus) using PacBio and Hi-C technologies.	low	organism_title
GCF_900324485.2	Mastacembelus armatus	SC		10.3389/fgene.2022.903185	35669182	Chromosome-Scale, Haplotype-Resolved Genome Assembly of Non-Sex-Reversal Females of Swamp Eel Using High-Fidelity Long Reads and Hi-C Data.	medium	assembly_name
GCF_001640805.2	Lates calcarifer	Temasek Life Sciences Laboratory	PRJNA294489	10.1007/s42995-021-00118-7	37073353	Evolutionary dynamics and conserved function of the Tudor domain-containing (TDRD) proteins in teleost fish.	medium	bioproject_text
GCF_900963305.1	Echeneis naucrates	SC		10.1038/s41597-024-03309-w	38704456	An improved chromosome-level genome assembly and annotation of Echeneis naucrates.	medium	assembly_name
GCF_021018895.1	Seriola aureovittata	Yellow Sea Fisheries Research Institute	PRJNA754209	10.3389/fgene.2021.825742	35126476	A Chromosome-Level Genome Assembly of Yellowtail Kingfish (Seriola lalandi).	high	bioproject_text
GCF_958295425.1	Solea solea	WELLCOME SANGER INSTITUTE	PRJEB63669	10.12688/wellcomeopenres.23353.1	39958531	The genome sequence of the common sole, Solea solea (Linnaeus, 1758).	high	assembly_name
GCA_003186165.1	Scophthalmus maximus	CNAG	PRJEB11743	10.1038/s41598-021-01062-3	34753974	Identification of quantitative trait loci associated with upper temperature tolerance in turbot, Scophthalmus maximus.	medium	bioproject_text
GCF_013347765.1	Scophthalmus maximus	CIGENE	PRJNA631898	10.12688/wellcomeopenres.25070.1	41509583	The genome sequence of the turbot, Scophthalmus maximus (Linnaeus, 1758) (Pleuronectiformes: Scophthalmidae).	low	organism_title
GCF_022379125.1	Scophthalmus maximus	Yellow Sea fisheries Research Institution	PRJNA792617	10.12688/wellcomeopenres.25070.1	41509583	The genome sequence of the turbot, Scophthalmus maximus (Linnaeus, 1758) (Pleuronectiformes: Scophthalmidae).	low	organism_title
GCF_963576545.1	Limanda limanda	WELLCOME SANGER INSTITUTE	PRJEB68099	10.12688/wellcomeopenres.26812.1		The genome sequence of the Common dab, Limanda limanda (Linnaeus, 1758) (Pleuronectiformes: Pleuronectidae)	medium	organism_title
GCF_949316205.1	Platichthys flesus	WELLCOME SANGER INSTITUTE	PRJEB60141	10.12688/wellcomeopenres.19909.1		The genome sequence of the European flounder, Platichthys flesus (Linnaeus, 1758)	medium	organism_title
GCF_947347685.1	Pleuronectes platessa	WELLCOME SANGER INSTITUTE	PRJEB57577	10.12688/wellcomeopenres.19397.1	38586161	The genome sequence of the European plaice, Pleuronectes platessa (Linnaeus, 1758).	high	assembly_name
GCF_022539355.2	Hippoglossus stenolepis	International Pacific Halibut Commission	PRJNA622249	10.1111/1755-0998.13641	35569134	Generation of a chromosome-level genome assembly for Pacific halibut (Hippoglossus stenolepis) and characterization of its sex-determining genomic region.	high	bioproject_text
GCF_009819705.1	Hippoglossus hippoglossus	Vertebrate Genomes Project	PRJNA562001	10.1111/1755-0998.13369	33655659	Chromosome level reference of Atlantic halibut Hippoglossus hippoglossus provides insight into the evolution of sexual determination systems.	medium	organism_title
GCF_900634625.1	Parambassis ranga	SC		10.3390/genes11040362	32230868	The Polycomb Orthologues in Teleost Fishes and Their Expression in the Zebrafish Model.	medium	assembly_name
GCF_036321145.2	Pelmatolapia mariae	University of Maryland	PRJNA1031194	10.1093/gbe/evaf191	41063647	Before the East African Radiation: Sex Chromosome Systems in Basal Haplotilapiine Cichlids.	medium	bioproject_text
GCF_900246225.1	Astatotilapia calliptera	SC		10.1007/s00412-019-00707-7	31115663	De novo genome assembly of the cichlid fish Astatotilapia latifasciata reveals a higher level of genomic polymorphism and genes related to B chromosomes.	low	organism_genus_title
GCF_014905685.2	Nematolebias whitei	Michigan State University	PRJNA560526	10.1093/g3journal/jkac045	35188191	Genome of the Rio Pearlfish (Nematolebias whitei), a bi-annual killifish model for Eco-Evo-Devo in extreme environments.	high	bioproject_text
GCF_043380555.1	Nothobranchius furzeri	Squalomix Extra	PRJNA1162561	10.1101/2023.02.06.527346		Spontaneous onset of cellular markers of inflammation and genome instability during aging in the immune niche of the naturally short-lived turquoise killifish ( Nothobranchius furzeri )	low	organism_title
GCF_003331165.1	Xiphophorus hellerii	McDonnell Genome Institute - Washington University School of Medicine	PRJNA290782	10.1016/j.cub.2020.11.028	33275891	The Developmental and Genetic Architecture of the Sexually Selected Male Ornament of Swordtails.	medium	assembly_name
GCA_003999625.1	Oryzias javanicus	INRA (Fish Physiology and Genomics laboratory)	PRJNA505405	10.1534/g3.119.400725	31988161	Genome Sequence of the Euryhaline Javafish Medaka, Oryzias javanicus: A Small Aquarium Fish Model for Studies on Adaptation to Salinity.	high	bioproject_text
GCF_900634775.1	Gouania willdenowi	SC		10.3390/genes11040362	32230868	The Polycomb Orthologues in Teleost Fishes and Their Expression in the Zebrafish Model.	medium	assembly_name
GCF_902148845.1	Salarias fasciatus	SC	PRJEB33184	10.3390/genes11040362	32230868	The Polycomb Orthologues in Teleost Fishes and Their Expression in the Zebrafish Model.	medium	assembly_name
GCF_020382885.2	Scatophagus argus	G10K	PRJNA749579	10.1093/gbe/evab092	34146395	A Chromosome-Level Genome Assembly of the Spotted Scat (Scatophagus argus).	medium	organism_title
GCA_003711585.2	Larimichthys crocea	Frasergen bioinfomatics	PRJNA491413	10.1038/s41597-024-04126-x	39695114	Chromosome-level genome assembly for three geographical stocks of large yellow croaker (Larimichthys crocea).	low	organism_title
GCA_003845795.1	Larimichthys crocea	Fujian Fuding Seagull Fishing Food Co.	PRJNA505758	10.1038/s41597-024-04126-x	39695114	Chromosome-level genome assembly for three geographical stocks of large yellow croaker (Larimichthys crocea).	low	organism_title
GCA_014281875.1	Nibea albiflora	Marine Fishery Institute of Zhejiang Province	PRJNA577200	10.3389/fgene.2022.872815	35646100	Comparative Transcriptome Analyses Characterize Expression Signatures Among Males, Females, Neo-Males, and Gynogenetic Females in the Yellow Drum (Nibea albiflora).	high	bioproject_text
GCA_004119915.2	Collichthys lucidus	JiMei University	PRJNA495441	10.1038/s41597-019-0139-x	31341172	Chromosome assembly of Collichthys lucidus, a fish of Sciaenidae with a multiple sex chromosome system.	medium	organism_title
GCA_962446985.1	Xyrichtys novacula	IMEDEA	PRJEB56815	10.1093/dnares/dsad021	37797305	Chromosome-level assembly and annotation of the Xyrichtys novacula (Linnaeus, 1758) genome.	high	assembly_name
GCF_963584025.1	Labrus mixtus	WELLCOME SANGER INSTITUTE	PRJEB68165	10.12688/wellcomeopenres.23063.1	39544313	The genome sequence of the cuckoo wrasse, Labrus mixtus Linnaeus 1758.	high	assembly_name
GCF_963930695.1	Labrus bergylta	WELLCOME SANGER INSTITUTE	PRJEB72177	10.1111/mec.17732	40095420	Genomic Landscape of Divergence in Ballan Wrasse (Labrus bergylta).	high	bioproject_text
GCF_009762535.1	Notolabrus celidotus	Vertebrate Genomes Project	PRJNA561956	10.1038/s41597-025-06195-y	41350526	A chromosome-level reference genome of the surf parrotfish (Scarus rivulatus).	low	assembly_name
GCF_040436345.1	Pagrus major	Nihon University	PRJDB17538	10.3390/biom15121648	41463304	Chromosome-Level Genome Assembly of Red Sea Bream (Pagrus major) Reveals Integration of Heterospecific Sperm-Derived Genetic Material in Artificial Gynogenesis.	high	assembly_name
GCF_900880675.1	Sparus aurata	SC		10.1038/s41597-025-05324-x	40645974	Chromosome-level genome assembly with telomeric repeats at scaffold ends for Rhabdosargus sarba.	low	assembly_name
GCF_904848185.1	Acanthopagrus latus	SC	PRJEB40700	10.1007/s13205-022-03313-0	36039078	Pipeline for developing polymorphic microsatellites in species without reference genomes.	high	accession
GCA_023238725.1	Scortum barcoo	bgi	PRJNA799681	10.1038/s41597-022-01523-y	35840598	A chromosome-level genome assembly of the jade perch (Scortum barcoo).	medium	organism_title
GCF_020085105.1	Siniperca chuatsi	Chinese Academy of Sciences	PRJNA738969	10.3390/ijms23147692	35887035	Screening of Genes Related to Sex Determination and Differentiation in Mandarin Fish (Siniperca chuatsi).	high	bioproject_text
GCF_901000725.2	Takifugu rubripes	SC		10.1186/s12864-022-08787-z	35922761	Transcriptome analysis revealed gene expression feminization of testis after exogenous tetrodotoxin administration in pufferfish Takifugu flavidus.	medium	assembly_name
GCA_004026145.2	Takifugu bimaculatus	College of Ocean and Earth Sciences, Xiamen University	PRJNA508537	10.1038/s41597-019-0195-2	31570724	The sequence and de novo assembly of Takifugu bimaculatus genome using PacBio and Hi-C technologies.	medium	bioproject_text
GCF_008729295.1	Plectropomus leopardus	Yellow Sea Fisheries Research Institute, Chinese Academy of Fishery Sciences	PRJNA545594	10.3390/ijms23147783	35887127	Comparative Analysis of the pIgR Gene from the Antarctic Teleost Trematomus bernacchii Reveals Distinctive Features of Cold-Adapted Notothenioidei.	medium	assembly_name
GCF_011397635.1	Epinephelus fuscoguttatus	Epinephelus fuscoguttatus	PRJDB9224	10.3390/ijms241512007	37569383	Assembly of Genome and Resequencing Provide Insights into Genetic Differentiation between Parents of Hulong Hybrid Grouper (Epinephelus fuscoguttatus ♀ × E. lanceolatus ♂).	medium	organism_title
GCF_005281545.1	Epinephelus lanceolatus	Yellow Sea Fisheries Research Institute, Chinese Academy of Fishery Sciences	PRJNA516312	10.3390/md17090503	31466296	Whole Genome Sequencing of the Giant Grouper (Epinephelus lanceolatus) and High-Throughput Screening of Putative Antimicrobial Peptide Genes.	medium	bioproject_text
GCA_051314025.1	Epinephelus coioides	Qatar University	PRJNA1128520	10.12688/f1000research.153918.1	41312210	Chromosome-level genome assembly of the hamour (orange-spotted grouper), Epinephelus coioides.	high	bioproject_text
GCF_027596085.1	Anoplopoma fimbria	University of Victoria	PRJNA869752	10.1093/g3journal/jkad089	37097026	Sablefish (Anoplopoma fimbria) chromosome-level genome assembly.	high	bioproject_text
GCF_949316345.1	Pungitius pungitius	WELLCOME SANGER INSTITUTE	PRJEB60134	10.12688/wellcomeopenres.20354.1	39114814	The genome sequence of the nine-spined stickleback, Pungitius pungitius (Linnaeus, 1758).	high	assembly_name
GCA_049949165.1	Pungitius sinensis	Zhejiang University	PRJNA1246968	10.24272/j.issn.2095-8137.2025.395	42339727	A near telomere-to-telomere genome assembly of the Amur stickleback ( Pungitius sinensis) reveals structural variation and parallel evolution of sticklebacks.	medium	organism_title
GCF_009769545.1	Cyclopterus lumpus	Vertebrate Genomes Project	PRJNA562003	10.1128/mra.01249-21	35289652	Draft Genome Sequences of 23 Tenacibaculum Isolates from Farmed Norwegian Lumpfish, Cyclopterus lumpus.	low	organism_title
GCF_015220745.1	Sebastes umbrosus	Vertebrate Genomes Project	PRJNA562005	10.1098/rsob.210063	34255977	A duplicated amh is the master sex-determining gene for Sebastes rockfish in the Northwest Pacific.	high	assembly_name
GCA_004354835.1	Perca flavescens	INRA (Fish Physiology and Genomics laboratory)	PRJNA514308	10.1111/1755-0998.13133	31903688	Characterization of a Y-specific duplication/insertion of the anti-Mullerian hormone type II receptor gene based on a chromosome-scale genome assembly of yellow perch, Perca flavescens.	high	assembly_name
GCF_004354835.1	Perca flavescens	INRA (Fish Physiology and Genomics laboratory)	PRJNA514308	10.1111/1755-0998.13133	31903688	Characterization of a Y-specific duplication/insertion of the anti-Mullerian hormone type II receptor gene based on a chromosome-scale genome assembly of yellow perch, Perca flavescens.	high	assembly_name
GCA_010015445.1	Perca fluviatilis	SEX'PERCH	PRJNA549142	10.1128/mra.00442-23	37737616	Nearly complete genome sequence of a Perhabdovirus isolated on European perch (Perca fluviatilis).	medium	organism_title
GCF_010015445.1	Perca fluviatilis	SEX'PERCH	PRJNA549142	10.1128/mra.00442-23	37737616	Nearly complete genome sequence of a Perhabdovirus isolated on European perch (Perca fluviatilis).	medium	organism_title
GCA_008692095.1	Etheostoma spectabile	University of Illinois at Urbana-Champaign	PRJNA556880	10.1093/molbev/msz260	31688927	Genomic Resources for Darters (Percidae: Etheostominae) Provide Insight into Postzygotic Barriers Implicated in Speciation.	medium	bioproject_text
GCF_008692095.1	Etheostoma spectabile	University of Illinois at Urbana-Champaign	PRJNA556880	10.1093/molbev/msz260	31688927	Genomic Resources for Darters (Percidae: Etheostominae) Provide Insight into Postzygotic Barriers Implicated in Speciation.	medium	bioproject_text
GCF_013103735.1	Etheostoma cragini	Kellogg Biological Station, Michigan State University	PRJNA611833	10.1111/1755-0998.13275	33058399	Rapture-ready darters: Choice of reference genome and genotyping method (whole-genome or sequence capture) influence population genomic inference in Etheostoma.	low	organism_genus_title
GCA_023974075.1	Chaenocephalus aceratus	Korea Polar Research Institute	PRJNA420419	10.1038/s41597-023-02561-w	37752129	A chromosome-level reference genome of the Antarctic blackfin icefish Chaenocephalus aceratus.	medium	organism_title
GCA_028583405.1	Pogonophryne albipinna	Korea University	PRJNA697561	10.1038/s41597-023-02811-x	38086886	Chromosome-level genome assembly and annotation of the Antarctica whitefin plunderfish Pogonophryne albipinna.	medium	organism_title
GCA_031216635.1	Dissostichus eleginoides	Korea University	PRJNA938522	10.1038/s41597-024-04119-w	39550355	Chromosome-level genome assembly and annotation of the Patagonian toothfish Dissostichus eleginoides.	medium	organism_title
GCF_902150065.1	Myripristis murdjan	SC	PRJEB33188	10.7554/elife.75749	36377467	A novel cis-regulatory element drives early expression of Nkx3.2 in the gnathostome primary jaw joint.	medium	assembly_name
GCA_964260595.1	Arctogadus glacialis	Earth Biogenome Project Norway	PRJEB77069	10.1186/s13059-025-03761-w	41094588	Reference genome bias in light of species-specific chromosomal reorganization and translocations.	high	assembly_name
GCA_964260565.1	Boreogadus saida	Earth Biogenome Project Norway	PRJEB77069	10.1186/s13059-025-03761-w	41094588	Reference genome bias in light of species-specific chromosomal reorganization and translocations.	high	assembly_name
GCF_026213295.1	Gadus chalcogrammus	National Institute of Fisheries Science	PRJNA736536	10.12688/wellcomeopenres.21122.2	39224768	The genome sequence of the Atlantic cod, Gadus morhua (Linnaeus, 1758).	low	organism_genus_title
GCF_902167405.1	Gadus morhua	SC	PRJEB33455	10.12688/wellcomeopenres.21122.2	39224768	The genome sequence of the Atlantic cod, Gadus morhua (Linnaeus, 1758).	medium	assembly_name
GCA_964260575.1	Gadus morhua 'NCC'	Earth Biogenome Project Norway	PRJEB77069	10.12688/wellcomeopenres.21122.2	39224768	The genome sequence of the Atlantic cod, Gadus morhua (Linnaeus, 1758).	medium	organism_title
GCF_031168955.1	Gadus macrocephalus	NOAA Fisheries	PRJNA943286	10.1042/bsr20221037	35788826	Whole-genome survey and phylogenetic analysis of Gadus macrocephalus.	medium	organism_title
GCA_964260605.1	Merluccius merluccius	Earth Biogenome Project Norway	PRJEB77069	10.1093/g3journal/jkaf127	40488516	Screening a new European hake (Merluccius merluccius) chromosome-level genome assembly suggests an XX/XY sex-determining system driven by the SRY-box transcription factor 3 (sox3).	high	bioproject_text
GCA_964260585.1	Lota lota	Earth Biogenome Project Norway	PRJEB77069	10.1093/g3journal/jkaf127	40488516	Screening a new European hake (Merluccius merluccius) chromosome-level genome assembly suggests an XX/XY sex-determining system driven by the SRY-box transcription factor 3 (sox3).	medium	bioproject_text
GCA_027704905.1	Muraenolepis orangiensis	Korea University	PRJNA802969	10.3390/ani12131608	35804506	Genomic Survey and Microsatellite Marker Investigation of Patagonian Moray Cod (Muraenolepis orangiensis).	high	bioproject_text
GCF_963692335.1	Osmerus eperlanus	WELLCOME SANGER INSTITUTE	PRJEB70540	10.12688/wellcomeopenres.23789.1	40183113	The genome sequence of the European smelt, Osmerus eperlanus (Linnaeus, 1758).	high	assembly_name
GCF_021917145.1	Hypomesus transpacificus	Genomic Variation Lab at University of California Davis	PRJNA762373	10.1093/g3journal/jkab147	33944944	Draft genome of the Korean smelt Hypomesus nipponensis and its transcriptomic responses to heat stress in the liver and muscle.	low	organism_genus_title
GCA_902810595.1	Coregonus sp. 'balchen'	EAWAG	PRJEB33097	10.1111/1755-0998.13187	32395896	"A de novo chromosome-level genome assembly of Coregonus sp. ""Balchen"": One representative of the Swiss Alpine whitefish radiation."	high	bioproject_text
GCF_018398675.1	Coregonus clupeaformis	Laval University	PRJNA715481	10.1111/eva.13475	36426119	High-density genomic data reveal fine-scale population structure and pronounced islands of adaptive divergence in lake whitefish (Coregonus clupeaformis) from Lake Michigan.	medium	organism_title
GCF_020615455.1	Coregonus clupeaformis	Laval University	PRJNA767633	10.1111/eva.13475	36426119	High-density genomic data reveal fine-scale population structure and pronounced islands of adaptive divergence in lake whitefish (Coregonus clupeaformis) from Lake Michigan.	medium	organism_title
GCA_036851935.1	Coregonus suidteri	GenoFish	PRJNA715057	10.1038/s41597-024-03642-0	39025879	A chromosome-level genome assembly and evolutionary analysis of Coregonus ussuriensis Berg.	low	organism_genus_title
GCF_045791955.1	Oncorhynchus clarkii lewisi	University of Victoria	PRJNA1151023	10.1093/g3journal/jkaf064	40105693	The genome assembly of the westslope cutthroat trout, Oncorhynchus lewisi, reveals interspecific chromosomal rearrangements with the rainbow trout, Oncorhynchus mykiss.	high	bioproject_text
GCF_012931545.1	Oncorhynchus keta	Fisheries and Oceans Canada	PRJNA556729	10.1093/g3journal/jkad127	37293843	Insights from a chum salmon (Oncorhynchus keta) genome assembly regarding whole-genome duplication and nucleotide variation influencing gene function.	high	bioproject_text
GCF_023373465.1	Oncorhynchus keta	Fisheries and Oceans Canada	PRJNA669401	10.1093/g3journal/jkad127	37293843	Insights from a chum salmon (Oncorhynchus keta) genome assembly regarding whole-genome duplication and nucleotide variation influencing gene function.	high	bioproject_text
GCF_002021735.2	Oncorhynchus kisutch	University of Victoria	PRJNA352719	10.1111/1755-0998.13187	32395896	"A de novo chromosome-level genome assembly of Coregonus sp. ""Balchen"": One representative of the Swiss Alpine whitefish radiation."	medium	bioproject_text
GCF_036934945.1	Oncorhynchus masou masou	University of Victoria	PRJNA999701	10.1093/g3journal/jkae278	39607719	Masu salmon species complex relationships and sex chromosomes revealed from analyses of the masu salmon (Oncorhynchus masou masou) genome assembly.	high	bioproject_text
GCF_905237065.1	Salmo salar	NORWEGIAN UNIVERSITY OF LIFE SCIENCES	PRJEB43080	10.1101/2023.03.05.531147		High performance imputation of structural and single nucleotide variants using low-coverage whole genome sequencing	medium	accession
GCF_901001165.1	Salmo trutta	SC		10.12688/wellcomeopenres.16838.1	34632087	The genome sequence of the brown trout, Salmo trutta Linnaeus 1758.	high	assembly_name
GCF_045679555.1	Salvelinus alpinus	Swedish University of Agricultural Sciences	PRJNA1127343	10.1139/gen-2024-0180	40338075	The evolution of genomic organization through chromosomal rearrangements in Arctic charr (Salvelinus alpinus).	medium	organism_title
GCF_029448725.1	Salvelinus fontinalis	Laval University	PRJNA922922	10.1093/g3journal/jkaf066	40130537	Chromosome-level genome assembly of a doubled haploid brook trout (Salvelinus fontinalis).	high	bioproject_text
GCF_016432855.1	Salvelinus namaycush	Universite Laval	PRJNA682269	10.1111/1755-0998.13483	34351050	A chromosome-anchored genome assembly for Lake Trout (Salvelinus namaycush).	medium	organism_title
GCA_040894045.1	Umbra pygmaea	GenoFish	PRJNA714619	10.12688/wellcomeopenres.24001.1	40917440	The genome sequence of the Bordered Sallow moth, Pyrrhia umbra (Hufnagel, 1766).	low	organism_genus_title
GCA_029465975.1	Dallia pectoralis	GenoFish	PRJNA714827	10.1016/j.envpol.2024.124283	38823546	Transcriptomic and developmental effects of persistent organic pollutants in sentinel fishes collected near an arctic formerly used defense site.	medium	bioproject_text
GCF_900700375.1	Denticeps clupeoides	SC		10.3390/genes11040362	32230868	The Polycomb Orthologues in Teleost Fishes and Their Expression in the Zebrafish Model.	medium	assembly_name
GCF_034702125.1	Engraulis encrasicolus	Istanbul University	PRJNA1026044	10.1093/dnares/dsag009	42454546	Chromosome-scale genome of European anchovy (Engraulis encrasicolus L., 1758) and comparative genomics uncover clupeid-specific immune gene expansions.	medium	organism_title
GCA_017589495.2	Alosa alosa	GenoFish	PRJNA668689	10.1186/s12863-022-01043-z	35346024	First report of de novo assembly and annotation from brain and blood transcriptome of an anadromous shad, Alosa sapidissima.	low	organism_genus_title
GCF_017589495.1	Alosa alosa	GenoFish	PRJNA668689	10.1186/s12863-022-01043-z	35346024	First report of de novo assembly and annotation from brain and blood transcriptome of an anadromous shad, Alosa sapidissima.	low	organism_genus_title
GCF_963854185.1	Sardina pilchardus	WELLCOME SANGER INSTITUTE	PRJEB71085	10.12688/wellcomeopenres.22826.2	39583951	The genome sequence of the sardine, Sardina pilchardus (Walbaum, 1792).	high	assembly_name
GCF_900700415.2	Clupea harengus	UPPSALA UNIVERISTY	PRJEB31270	10.1038/s41598-019-54151-9	31776409	Using long and linked reads to improve an Atlantic herring (Clupea harengus) genome assembly.	low	organism_title
GCF_015846415.1	Triplophysa dalaica	HeNan Normal University and Wuhan diggers	PRJNA624716	10.1093/gbe/evab153	34185063	The Chromosome-Level Genome of Triplophysa dalaica (Cypriniformes: Cobitidae) Provides Insights into Its Survival in Extremely Alkaline Environment.	high	bioproject_text
GCA_024868665.2	Triplophysa rosa	the National Natural Science Foundation of China	PRJNA673076	10.1111/mec.16700	36125323	Novel genome sequence of Chinese cavefish (Triplophysa rosa) reveals pervasive relaxation of natural selection in cavefish genomes.	high	bioproject_text
GCF_024868665.1	Triplophysa rosa	the National Natural Science Foundation of China	PRJNA673076	10.1111/mec.16700	36125323	Novel genome sequence of Chinese cavefish (Triplophysa rosa) reveals pervasive relaxation of natural selection in cavefish genomes.	high	bioproject_text
GCF_027580225.2	Misgurnus anguillicaudatus	Huazhong Agriculture University	PRJNA812369	10.1186/s12915-023-01517-1	36726103	The chromosome-level genome and key genes associated with mud-dwelling behavior and adaptations of hypoxia and noxious environments in loach (Misgurnus anguillicaudatus).	high	bioproject_text
GCF_030506205.2	Paramisgurnus dabryanus	ihb	PRJNA980909	10.1038/s41597-025-04498-8	39865085	Chromosome-level genome assembly and annotation of the gynogenetic large-scale loach (Paramisgurnus dabryanus).	medium	organism_title
GCF_903798145.1	Danio aesculapii	SC	PRJEB38583	10.12688/wellcomeopenres.25028.1	41341111	The genome sequence of the Panther Danio, Danio aesculapii Kullander & Fang, 2009.	medium	assembly_name
GCF_024679245.1	Pseudorasbora parva	The Max Planck Institute of Molecular Cell Biology and Genetics	PRJNA843929	10.22541/au.161417292.23392023/v1		A tale of an invader: Reconstructing the genomic history of invasive topmouth gudgeon (Pseudorasbora parva) populations.	low	organism_title
GCA_040182925.1	Culter alburnus	Freshwater Fisheries Research Center, Chinese Academy of Fishery Science	PRJNA1019486	10.1007/s10126-023-10248-x	37661218	The Utilization of Reference-Guided Assembly and In Silico Libraries Improves the Draft Genome of Clarias batrachus and Culter alburnus.	medium	organism_title
GCF_963082965.1	Carassius carassius	WELLCOME SANGER INSTITUTE	PRJEB64837	10.1038/s41597-025-04813-3	40128231	Chromosome-level de novo genome assembly of wild, anoxia-tolerant crucian carp, Carassius carassius.	low	organism_title
GCF_003368295.1	Carassius auratus	National Institutes of Health	PRJNA481500	10.1126/sciadv.aav0547	31249862	De novo assembly of the goldfish (Carassius auratus) genome and the evolution of genes after whole-genome duplication.	medium	bioproject_text
GCF_018340385.1	Cyprinus carpio	Chinese Academy of Fishery Sciences	PRJNA682709	10.3389/fgene.2021.778487	34868267	A High-Density Genetic Linkage Map and Fine Mapping of QTL For Feed Conversion Efficiency in Common Carp (Cyprinus carpio).	high	accession
GCA_033026305.1	Cirrhinus molitorella	Pearl River Fisheries Research Institute Chinese Academy of Fishery Sciences	PRJNA1001164	10.1038/s41597-024-04075-5	39562583	Chromosome-level genome assembly of the mud carp (Cirrhinus molitorella) using PacBio HiFi and Hi-C sequencing.	high	bioproject_text
GCA_040955965.1	Cirrhinus molitorella	SUN YAT-SEN UNIVERSITY	PRJNA978961	10.1038/s41597-025-04615-7	39962122	A chromosome-level genome assembly of the mud carp (Cirrhinus molitorella).	high	bioproject_text
GCA_036247105.2	Cirrhinus mrigala	ICAR-Consortium Research Platform on Genomics	PRJNA841401	10.1038/s41597-024-03747-6	39154040	Genome sequencing and assembly of Indian major carp, Cirrhinus mrigala (Hamilton, 1822).	medium	organism_title
GCA_022985175.1	Labeo rohita	Mississippi State University	PRJNA650519	10.1093/g3journal/jkad009	36639248	A high-quality chromosome-level genome assembly of rohu carp, Labeo rohita, and its utilization in SNP-based exploration of gene flow and sex determination.	high	bioproject_text
GCF_022985175.1	Labeo rohita	Mississippi State University	PRJNA650519	10.1093/g3journal/jkad009	36639248	A high-quality chromosome-level genome assembly of rohu carp, Labeo rohita, and its utilization in SNP-based exploration of gene flow and sex determination.	high	bioproject_text
GCF_018831695.1	Puntigrus tetrazona	China Academy of Fishery Sciencey	PRJNA683758	10.1038/s41588-021-00933-9	34594040	Parallel subgenome structure and divergent expression evolution of allo-tetraploid common carp and goldfish.	medium	bioproject_text
GCF_029633855.1	Hoplias malabaricus	Vertebrate Genomes Project	PRJNA923842	10.3390/ijms26136039	40649819	Repeatome Dynamics and Sex Chromosome Differentiation in the XY and XY1Y2 Systems of the Fish Hoplias malabaricus (Teleostei; Characiformes).	medium	organism_title
GCF_000372685.2	Astyanax mexicanus	Washington University School of Medince	PRJNA89115	10.1111/ede.12131	26153732	Natural bone fragmentation in the blind cave-dwelling fish, Astyanax mexicanus: candidate gene identification through integrative comparative genomics.	medium	bioproject_text
GCF_023375975.1	Astyanax mexicanus	University of Missouri	PRJNA807270	10.1093/g3journal/jkae103	38771704	Astyanax mexicanus surface and cavefish chromosome-scale assemblies for trait variation discovery.	high	assembly_name
GCF_015220715.1	Pygocentrus nattereri	Vertebrate Genomes Project	PRJNA561975	10.3389/fgene.2022.989788	36744175	Draft genome assembly for the colombian freshwater bocachico fish, Prochilodus magdalenae.	high	assembly_name
GCA_023972475.1	Silurus meridionalis	Southwest University	PRJNA427243	10.1111/1755-0998.13338	33503304	Chromosome-level assembly of southern catfish (silurus meridionalis) provides insights into visual adaptation to nocturnal and benthic lifestyles.	medium	organism_title
GCF_024256425.1	Clarias gariepinus	Leibniz Institute for Farm Animal Biology (FBN)	PRJNA818990	10.1038/s41597-024-03906-9	39375414	Haplotype-resolved and near-T2T genome assembly of the African catfish (Clarias gariepinus).	low	organism_title
GCA_019097595.1	Hemibagrus wyckioides	Southwest University	PRJNA720277	10.3389/fgene.2021.747684	34712270	Chromosome-Level Genome Assembly of the Asian Red-Tail Catfish (Hemibagrus wyckioides).	medium	organism_title
GCF_019097595.1	Hemibagrus wyckioides	Southwest University	PRJNA720277	10.3389/fgene.2021.747684	34712270	Chromosome-Level Genome Assembly of the Asian Red-Tail Catfish (Hemibagrus wyckioides).	medium	organism_title
GCA_033026395.1	Tachysurus vachellii	Pearl River Fisheries Research Institute, Chinese Academy of Fishery Sciences	PRJNA1000294	10.1038/s41597-025-04662-0	40016230	A chromosome-level genome assembly of the male darkbarbel catfish (Pelteobagrus vachelli) using PacBio HiFi and Hi-C data.	high	bioproject_text
GCA_012411365.1	Ameiurus melas	GenoFish	PRJNA603265	10.1093/gigascience/giac070	35809049	Chromosome-level assembly and annotation of the blue catfish Ictalurus furcatus, an aquaculture species for hybrid catfish reproduction, epigenetics, and heterosis studies.	high	accession
GCA_022758105.1	Pangasianodon gigas	GenoFish	PRJNA593917	10.1016/j.ygeno.2021.07.026	34343676	A chromosome-level genome assembly of the striped catfish (Pangasianodon hypophthalmus).	low	organism_genus_title
GCA_009078355.1	Pangasianodon hypophthalmus	GenoFish	PRJNA547555	10.1016/j.ygeno.2021.07.026	34343676	A chromosome-level genome assembly of the striped catfish (Pangasianodon hypophthalmus).	low	organism_title
GCF_009078355.1	Pangasianodon hypophthalmus	GenoFish	PRJNA547555	10.1016/j.ygeno.2021.07.026	34343676	A chromosome-level genome assembly of the striped catfish (Pangasianodon hypophthalmus).	low	organism_title
GCA_022985145.1	Pangasius djambal	GenoFish	PRJNA605300	10.1111/1755-0998.13620	35429227	An ancient truncated duplication of the anti-Müllerian hormone receptor type 2 gene is a potential conserved master sex determinant in the Pangasiidae catfish family.	medium	bioproject_text
GCF_013358815.1	Electrophorus electricus	Vertebrate Genomes Project	PRJNA561981	10.1177/1176934320922519	32546936	Genomic Survey of Tyrosine Kinases Repertoire in Electrophorus electricus With an Emphasis on Evolutionary Conservation and Diversification.	low	organism_title
GCF_016433145.1	Gracilinanus agilis	Nanjing Normal University	PRJNA565840	10.1093/gbe/evab162	34247236	A Chromosome-Level Genome of the Agile Gracile Mouse Opossum (Gracilinanus agilis).	high	bioproject_text
GCF_027887165.1	Monodelphis domestica	Vertebrate Genomes Project		10.1093/g3journal/jkab389	34751383	Genetic and genomic architecture in eight strains of the laboratory opossum Monodelphis domestica.	low	organism_title
GCF_019393635.1	Dromiciops gliroides	Vertebrate Genomes Project	PRJNA728141	10.1093/gbe/evae156	39031605	Plethora of New Marsupial Genomes Informs Our Knowledge of Marsupial MHC Class II.	medium	bioproject_text
GCF_016432865.1	Antechinus flavipes	Nanjing Normal University	PRJNA565840	10.1111/1755-0998.13501	34486812	A chromosome-level genome of Antechinus flavipes provides a reference for an Australian marsupial genus with male death after mating.	high	bioproject_text
GCF_011100635.1	Trichosurus vulpecula	Vertebrate Genomes Project	PRJNA562014	10.1093/sysbio/syac025	35289914	Reunion of Australasian Possums by Shared SINE Insertions.	medium	assembly_name
GCF_027475565.1	Acinonyx jubatus	University of Veterinary Medicine	PRJNA854353	10.1093/jhered/esad015	36869783	A chromosome-scale high-contiguity genome assembly of the cheetah (Acinonyx jubatus).	high	assembly_name
GCF_018350155.1	Leopardus geoffroyi	Texas A&M University	PRJNA684599	10.1038/s41588-023-01548-y	37919451	Single-haplotype comparative genomics provides insights into lineage-specific structural variation during cat evolution.	medium	assembly_name
GCF_018350175.1	Felis catus	Texas A&M University	PRJNA684600	10.1590/0074-02760210375	35544862	First report and genome sequencing of SARS-CoV-2 in a cat (Felis catus) in Colombia.	low	organism_title
GCF_028018385.1	Neofelis nebulosa	Vertebrate Genomes Project	PRJNA915742	10.1093/gbe/evaf060	40171701	Parameterizing Pantherinae: De Novo Mutation Rate Estimates from Panthera and Neofelis Pedigrees.	high	assembly_name
GCF_023721935.1	Panthera uncia	Stanford University	PRJNA602938	10.1093/g3journal/jkac277	36250809	Genome report: chromosome-level draft assemblies of the snow leopard, African leopard, and tiger (Panthera uncia, Panthera pardus pardus, and Panthera tigris).	high	assembly_name
GCF_018350215.1	Panthera leo	Texas A&M University	PRJNA684340	10.1186/s12915-019-0734-5	31915011	Long live the king: chromosome-level assembly of the lion (Panthera leo) using linked-read, Hi-C, and long-read data.	low	organism_title
GCF_006229205.1	Suricata suricatta	DNA Zoo	PRJNA540846	10.1186/s12917-019-2198-9	31856823	Melioidosis fatalities in captive slender-tailed meerkats (Suricata suricatta): combining epidemiology, pathology and whole-genome sequencing supports variable mechanisms of transmission with one health implications.	medium	organism_title
GCF_002201575.2	Neomonachus schauinslandi	Johns Hopkins University	PRJNA384558	10.3390/genes13071270	35886053	"A Chromosome-Length Assembly of the Hawaiian Monk Seal (Neomonachus schauinslandi): A History of ""Genetic Purging"" and Genomic Stability."	medium	organism_title
GCF_922984935.1	Meles meles	WELLCOME SANGER INSTITUTE		10.12688/wellcomeopenres.18230.1		The genome sequence of the European badger, Meles meles (Linnaeus, 1758)	medium	organism_title
GCF_902655055.1	Lutra lutra	SC	PRJEB35339	10.12688/wellcomeopenres.15722.1	32258427	The genome sequence of the Eurasian river otter, Lutra lutra Linnaeus 1758.	medium	organism_title
GCF_020171115.1	Neogale vison	Dalhousie University	PRJNA741394	10.1038/s42003-022-04341-5	36526733	A chromosome-level genome assembly reveals genomic characteristics of the American mink (Neogale vison).	high	bioproject_text
GCF_009829155.1	Mustela erminea	Vertebrate Genomes Project	PRJNA561931	10.1093/g3journal/jkac138	35674384	Chromosomal-level reference genome assembly of the North American wolverine (Gulo gulo luscus): a resource for conservation genomics.	high	assembly_name
GCF_000002285.5	Canis lupus familiaris	Dog Genome Sequencing Consortium	PRJNA13179	10.1186/s12864-021-07493-6	33726677	Chromosome-length genome assembly and structural variations of the primal Basenji dog (Canis lupus familiaris) genome.	low	organism_title
GCF_005444595.1	Canis lupus familiaris	University of Michigan	PRJNA318403	10.1186/s12864-021-07493-6	33726677	Chromosome-length genome assembly and structural variations of the primal Basenji dog (Canis lupus familiaris) genome.	low	organism_title
GCF_011100685.1	Canis lupus familiaris	Uppsala University	PRJNA587469	10.1038/s42003-021-01698-x	33568770	A novel canine reference genome resolves genomic architecture and uncovers transcript complexity.	high	bioproject_text
GCF_014441545.1	Canis lupus familiaris	The Roslin Institute	PRJNA615959	10.1186/s12864-021-07493-6	33726677	Chromosome-length genome assembly and structural variations of the primal Basenji dog (Canis lupus familiaris) genome.	low	organism_title
GCF_048418805.1	Vulpes vulpes	Texas A&M University	PRJNA1206188	10.12688/wellcomeopenres.23516.1	39990997	The genome sequence of the red fox, Vulpes vulpes (Linnaeus, 1758).	low	organism_title
GCF_023065955.2	Ursus arctos	Washington State University	PRJNA807323	10.1093/gbe/evac125	35929770	A Beary Good Genome: Haplotype-Resolved, Chromosome-Level Assembly of the Brown Bear (Ursus arctos).	high	bioproject_text
GCF_949774975.1	Lagenorhynchus albirostris	WELLCOME SANGER INSTITUTE	PRJEB60994	10.12688/wellcomeopenres.23369.1	39635243	The genome sequence of the white-beaked dolphin, Lagenorhynchus albirostris (Gray, 1846).	high	assembly_name
GCF_949987515.2	Delphinus delphis	WELLCOME SANGER INSTITUTE	PRJEB61571	10.12688/wellcomeopenres.23918.1	40290354	The genome sequence of the short-beaked common dolphin, Delphinus delphis Linnaeus, 1758.	high	assembly_name
GCF_963455315.2	Globicephala melas	WELLCOME SANGER INSTITUTE	PRJEB65996	10.12688/wellcomeopenres.23919.1	40256617	The genome sequence of long-finned pilot whale, Globicephala melas (Traill, 1809).	high	assembly_name
GCF_937001465.1	Orcinus orca	WELLCOME SANGER INSTITUTE	PRJEB52131	10.12688/wellcomeopenres.18278.1	36974126	The genome sequence of the killer whale, Orcinus orca (Linnaeus, 1758).	high	assembly_name
GCF_008692025.1	Phocoena sinus	Vertebrate Genomes Project	PRJNA557831	10.1111/1755-0998.13284	33089966	Reference genome and demographic history of the most endangered marine mammal, the vaquita.	high	bioproject_text
GCF_963924675.1	Phocoena phocoena	WELLCOME SANGER INSTITUTE	PRJEB72090	10.12688/wellcomeopenres.24011.1	40256618	The genome sequence of the harbour porpoise, Phocoena phocoena (Linnaeus, 1758).	high	assembly_name
GCF_002837175.3	Physeter macrocephalus	BGI	PRJNA411766	10.1038/s41597-022-01868-4	36513679	Gapless genome assembly of East Asian finless porpoise.	high	accession
GCF_949987535.1	Balaenoptera acutorostrata	WELLCOME SANGER INSTITUTE	PRJEB61579	10.12688/wellcomeopenres.23367.1	39925658	The genome sequence of the minke whale, Balaenoptera acutorostrata Lacépède, 1804.	high	assembly_name
GCF_016906955.1	Phacochoerus africanus	The Roslin Institute	PRJNA656957	10.1128/msystems.00471-23	37966252	Interactome between ASFV and host immune pathway proteins.	medium	assembly_name
GCF_000003025.6	Sus scrofa	The Swine Genome Sequencing Consortium (SGSC)	PRJNA13421	10.1093/jhered/esag019	41795949	A de novo genome assembly of an Angelman syndrome pig (Sus scrofa domesticus) model to resolve SNHG14.	medium	assembly_name
GCF_048564905.1	Vicugna pacos	Texas A&M University	PRJNA1206227	10.1016/j.ygeno.2026.111212	41666997	Alpaca chromosome-level reference genome VicPac4 reveals a novel NOR-associated satellite specific to south American camelids.	high	assembly_name
GCF_963930625.1	Muntiacus reevesi	WELLCOME SANGER INSTITUTE	PRJEB72164	10.12688/wellcomeopenres.22608.1	39345346	The genome sequence of Reeves' muntjac, Muntiacus reevesi (Ogilby, 1839).	high	assembly_name
GCA_010411085.1	Cervus hanglu yarkandensis	Institute of Special Wild Economic Animals and Plants, Chinese Academy of Agricultural Sciences	PRJNA564362	10.1038/s41597-020-0537-0	32561793	Chromosome-level genome assembly of Tarim red deer, Cervus elaphus yarkandensis.	high	bioproject_text
GCF_910594005.1	Cervus elaphus	WELLCOME SANGER INSTITUTE	PRJEB45838	10.1038/s41597-020-0537-0	32561793	Chromosome-level genome assembly of Tarim red deer, Cervus elaphus yarkandensis.	medium	organism_title
GCA_949782905.1	Rangifer tarandus platyrhynchus	EBP Norway	PRJEB60852	10.1101/2025.05.15.652595		Chromosome-level genome assembly of Norwegian wild alpine reindeer ( Rangifer tarandus tarandus )	low	organism_title
GCA_951394145.2	Rangifer tarandus platyrhynchus	ELIXIR Norway	PRJEB61995	10.1093/jhered/esaf094	41182255	Chromosome-level genome assembly of Norwegian wild alpine reindeer (Rangifer tarandus tarandus).	low	organism_title
GCF_003369695.1	Bos indicus x Bos taurus	University of Adelaide	PRJNA432857	10.1186/s12711-021-00688-1	34922445	Assessing Bos taurus introgression in the UOA Bos indicus assembly.	high	assembly_name
GCF_032452875.1	Bos javanicus	Ruminant T2T Consortium	PRJNA988033	10.1038/s41467-025-62692-z	40998788	The genetic diversity of Indonesian cattle has been shaped by multiple introductions and adaptive introgression.	medium	assembly_name
GCF_002263795.3	Bos taurus	USDA ARS	PRJNA391427	10.1186/s12864-025-12081-z	40999344	From benchmarking alignment of genome assemblies to IMGT annotation: the paradigm of the bovine Bos taurus T cell receptor (TRG) locus.	high	assembly_name
GCF_029378745.1	Bos indicus	USDA ARS, NIAB	PRJNA897888	10.1016/j.cstres.2024.06.005	38936463	Genome-wide DNA methylation profiles regulate distinct heat stress response in zebu (Bos indicus) and crossbred (Bos indicus × Bos taurus) cattle.	low	organism_title
GCF_029407905.1	Bubalus kerabau	University of Adelaide	PRJNA901059	10.1093/gigascience/giae053	39250077	Disentangling river and swamp buffalo genetic diversity: initial insights from the 1000 Buffalo Genomes Project.	medium	bioproject_text
GCF_003121395.1	Bubalus bubalis	University of Adelaide	PRJNA437177	10.1038/s41467-018-08260-0	30651564	Chromosome-level assembly of the water buffalo genome surpasses human and goat genomes in sequence contiguity.	medium	bioproject_text
GCF_019923935.1	Bubalus bubalis	National Dairy Development Board, India	PRJNA525182	10.1093/g3journal/jkac234	36111873	Draft genome of the lowland anoa (Bubalus depressicornis) and comparison with buffalo genome assemblies (Bovidae, Bubalina).	high	assembly_name
GCF_023091745.1	Budorcas taxicolor	Northwest A&F University	PRJNA776710	10.1111/mec.16483	35467052	Chromosome-level genome assembly for takin (Budorcas taxicolor) provides insights into its taxonomic status and genetic diversity.	medium	organism_title
GCA_026652205.1	Capra hircus	Northwest A&F University	PRJNA756446	10.1186/s12711-025-01001-0	41102672	Genome landscape and genetic architecture of recombination in domestic goats (Capra hircus).	low	organism_title
GCA_041736475.1	Capra hircus	China Agricultural University	PRJNA1133907	10.1038/s41467-024-54188-z	39567477	Telomere-to-telomere genome assembly of a male goat reveals variants associated with cashmere traits.	high	assembly_name
GCA_041920685.1	Capra hircus	China Agricultural University	PRJNA1133906	10.1038/s41467-024-54188-z	39567477	Telomere-to-telomere genome assembly of a male goat reveals variants associated with cashmere traits.	high	assembly_name
GCF_001704415.2	Capra hircus	USDA ARS	PRJNA290100	10.1007/s00251-017-1033-3	29063126	The antibody loci of the domestic goat (Capra hircus).	medium	bioproject_text
GCA_023701655.1	Ovis ammon polii x Ovis aries	China Agricultural University	PRJNA808184	10.1101/gr.276769.122	35948368	Genomic analyses of wild argali, domestic sheep, and their hybrids provide insights into chromosome evolution, phenotypic variation, and germplasm innovation.	medium	bioproject_text
GCA_023701675.1	Ovis ammon polii x Ovis aries	China Agricultural University	PRJNA807886	10.1101/gr.276769.122	35948368	Genomic analyses of wild argali, domestic sheep, and their hybrids provide insights into chromosome evolution, phenotypic variation, and germplasm innovation.	medium	bioproject_text
GCA_028583565.1	Ovis ammon polii	China Agricultural University	PRJNA807094	10.1038/s41597-025-04400-6	39799149	Chromosome-level genome assembly, annotation, and population genomic resource of argali (Ovis ammon).	medium	organism_title
GCA_017524585.1	Ovis aries	China Agricultural University	PRJNA685905	10.1101/gr.276769.122	35948368	Genomic analyses of wild argali, domestic sheep, and their hybrids provide insights into chromosome evolution, phenotypic variation, and germplasm innovation.	medium	bioproject_text
GCA_040836155.1	Ovis aries	China Agricultural University	PRJNA1033229	10.1038/s41467-024-54188-z	39567477	Telomere-to-telomere genome assembly of a male goat reveals variants associated with cashmere traits.	high	bioproject_text
GCA_041121725.1	Ovis aries	China Agricultural University	PRJNA1033229	10.1038/s41467-024-54188-z	39567477	Telomere-to-telomere genome assembly of a male goat reveals variants associated with cashmere traits.	high	bioproject_text
GCF_002742125.1	Ovis aries	Baylor College of Medicine Human Genome Sequencing Center	PRJNA414087	10.1093/gigascience/giab096	35134925	An improved ovine reference genome assembly to facilitate in-depth functional annotation of the sheep genome.	low	assembly_name
GCF_016772045.2	Ovis aries	University of Idaho	PRJNA675594	10.1038/s41597-025-05805-z	41173846	Genome assembly and whole-genome resequencing study of Butuo Black sheep (Ovis aries).	low	organism_title
GCF_032405125.1	Capricornis sumatraensis	Northwest A&F University	PRJNA1002856	10.1002/ece3.70400	39385836	Chromosome-Level Genome Assembly for the Chinese Serow (Capricornis milneedwardsii) Provides Insights Into Its Taxonomic Status and Evolution.	high	bioproject_text
GCF_950295315.1	Erinaceus europaeus	WELLCOME SANGER INSTITUTE	PRJEB61758	10.12688/wellcomeopenres.22774.1		The genome sequence of the western European hedgehog, Erinaceus europaeus Linnaeus, 1758	medium	organism_title
GCF_027595985.1	Sorex araneus	Vertebrate Genomes Project	PRJNA916523	10.1093/gbe/evae225	39431406	Comparative Genomics of the World's Smallest Mammals Reveals Links to Echolocation, Metabolism, and Body Size Plasticity.	medium	assembly_name
GCF_036562045.2	Rhinolophus sinicus	Kunming Institute of Zoology, Chinese Academy of Sciences	PRJNA1048078	10.1038/s41467-025-61944-2	40681542	Single-cell expression profiling of bat wing development.	low	bioproject_text
GCF_027574615.1	Eptesicus fuscus	Bat1K	PRJNA868286	10.12688/wellcomeopenres.19896.1	38774491	The genome sequence of the northern bat, Eptesicus nilssonii (Keyserling & Blasius, 1839).	low	organism_genus_title
GCF_963259705.1	Myotis daubentonii	WELLCOME SANGER INSTITUTE	PRJEB65246	10.12688/wellcomeopenres.21081.1	39022322	The genome sequence of Daubenton's bat, Myotis daubentonii (Kuhl, 1817).	high	assembly_name
GCF_021613505.1	Equus quagga	University of California Los Angeles	PRJNA785630	10.1093/g3journal/jkae113	38805182	The genome of Przewalski's horse (Equus ferus przewalskii).	high	assembly_name
GCF_041296235.1	Equus asinus	University of Kentucky	PRJNA1135234	10.1016/j.jgg.2024.11.002	39542171	Improved chromosome-level donkey (Equus asinus) genome provides insights into genome and chromosome evolution.	low	organism_title
GCF_002863925.1	Equus caballus	University of Louisville	PRJNA421018	10.1186/s12864-025-11985-0	40890628	High-quality, haplotype-resolved reference genomes of the Dutch warmblood horse and Friesian horse using trio binning.	low	assembly_name
GCF_041296265.1	Equus caballus	University of Kentucky	PRJNA1135235	10.3390/biology15120924	42345780	Chromosome-Scale Genome Architecture and Historical Demography of the Southern White Rhinoceros.	high	assembly_name
GCF_037783145.1	Equus przewalskii	University of Minnesota	PRJNA1063310	10.1093/g3journal/jkae113	38805182	The genome of Przewalski's horse (Equus ferus przewalskii).	high	assembly_name
GCF_030020395.1	Manis pentadactyla	Vertebrate Genomes Project	PRJNA924339	10.1128/spectrum.03203-24	41025795	Diversity and evolutionary history of endogenous retroviruses in the genome of Manis pentadactyla.	low	organism_title
GCF_040802235.1	Manis javanica	Northeast Forestry University	PRJNA1114675	10.1093/gigascience/giaf003	39947250	Enhancing inbreeding estimation and global conservation insights through chromosome-level assemblies of the Chinese and Malayan pangolin.	high	bioproject_text
GCF_014633375.1	Ochotona princeps	University of British Columbia Okanagan	PRJNA649356	10.1093/jhered/esab031	34036348	Chromosome-Level Reference Genome Assembly for the American Pika (Ochotona princeps).	high	assembly_name
GCF_030435755.1	Ochotona princeps	Vertebrate Genomes Project	PRJNA986273	10.3390/ani16050765	41828972	Family C of Short Interspersed Elements in the Genomes of Lagomorphs: Structure, Evolution, Transcription and Transcript Polyadenylation.	medium	assembly_name
GCF_033115175.1	Lepus europaeus	University of Eastern Finland	PRJNA1009711	10.1038/s41597-024-03953-2	39362891	A chromosome-level genome assembly of Cape hare (Lepus capensis).	high	assembly_name
GCF_000003625.3	Oryctolagus cuniculus	The Broad Institute of MIT and Harvard	PRJNA12819	10.1038/s41597-025-06058-6	41233384	Near telomere to telomere genome assembly of Chinese yellow rabbit (Oryctolagus cuniculus).	low	organism_title
GCF_009806435.1	Oryctolagus cuniculus	Shanghai Institutes for Biological Sciences	PRJNA274594	10.1016/j.ygeno.2021.05.031	34051323	Improving the genome assembly of rabbits with long-read sequencing.	high	assembly_name
GCF_964237555.1	Oryctolagus cuniculus	WELLCOME SANGER INSTITUTE	PRJEB79209	10.1038/s41597-025-06058-6	41233384	Near telomere to telomere genome assembly of Chinese yellow rabbit (Oryctolagus cuniculus).	high	assembly_name
GCF_903995435.1	Acomys russatus	SC	PRJEB39768	10.1093/g3journal/jkad177	37552705	Genome Report: chromosome-scale genome assembly of the African spiny mouse (Acomys cahirinus).	low	organism_genus_title
GCF_900094665.2	Mus caroli	EBI	PRJEB14895	10.1534/g3.118.200318	29794166	A High Quality Genome for Mus spicilegus, a Close Relative of House Mice with Unique Social and Ecological Adaptations.	high	assembly_name
GCF_900095145.1	Mus pahari	EBI	PRJEB14896	10.1101/gr.234096.117	29563166	Repeat associated mechanisms of genome evolution and function revealed by the Mus caroli and Mus pahari genomes.	medium	organism_title
GCF_015227675.2	Rattus norvegicus	Wellcome Sanger Institute	PRJNA662791	10.12688/wellcomeopenres.16854.1	34660910	The genome sequence of the Norway rat, Rattus norvegicus Berkenhout 1769.	high	bioproject_text
GCF_011064425.1	Rattus rattus	CSIRO	PRJNA574245	10.1128/mbio.01930-20	33067384	SARS-CoV-2 Is Restricted by Zinc Finger Antiviral Protein despite Preadaptation to the Low-CpG Environment in Humans.	medium	assembly_name
GCF_947179515.1	Apodemus sylvaticus	WELLCOME SANGER INSTITUTE	PRJEB56948	10.12688/wellcomeopenres.20001.1	39099644	The genome sequence of the wood mouse, Apodemus sylvaticus (Linnaeus, 1758).	high	assembly_name
GCF_011762505.1	Arvicanthis niloticus	Vertebrate Genomes Project		10.1186/s12915-022-01427-8	36344967	A haplotype-resolved genome assembly of the Nile rat facilitates exploration of the genetic basis of diabetes.	high	assembly_name
GCF_003704035.1	Peromyscus maniculatus bairdii	Harvard University / Howard Hughes Medical Institute	PRJNA494228	10.1111/mec.15401	32130752	Comparative and population genomics approaches reveal the basis of adaptation to deserts in a small rodent.	medium	bioproject_text
GCF_949786415.1	Peromyscus eremicus	EMBL-EBI, WELLCOME TRUST GENOME CAMPUS, CAMBRIDGE	PRJEB60916	10.1093/molbev/msaf254	41056465	The Genomic Imprint of Chromosomal Inversions and Demographic History in Island Populations of Deer Mice.	medium	assembly_name
GCF_903992535.2	Arvicola amphibius	Wellcome Sanger Institute	PRJEB39550	10.12688/wellcomeopenres.16753.1	35600244	The genome sequence of the European water vole, Arvicola amphibius Linnaeus 1758.	high	bioproject_text
GCF_000317375.1	Microtus ochrogaster	Broad Institute	PRJNA72443	10.1186/1471-2156-12-60	21736755	A genetic linkage map and comparative mapping of the prairie vole (Microtus ochrogaster) genome.	medium	organism_title
GCF_950005125.1	Chionomys nivalis	WELLCOME SANGER INSTITUTE	PRJEB61598	10.12688/wellcomeopenres.23922.1	41112847	The genome sequence of the European Snow Vole, Chionomys nivalis (Martins, 1842).	high	assembly_name
GCA_041721565.1	Sigmodon hispidus	The Ohio State University	PRJNA720389	10.1126/scitranslmed.adw7535	40961223	A complete Sigmodon hispidus genome and dynamic single-cell transcriptomics reveal evolutionarily conserved responses to RSV infection.	low	organism_title
GCF_902686445.1	Sciurus carolinensis	SC	PRJEB35386	10.12688/wellcomeopenres.15721.1	33215047	The genome sequence of the eastern grey squirrel, Sciurus carolinensis Gmelin, 1788.	high	bioproject_text
GCF_000165445.2	Microcebus murinus	Baylor College of Medicine	PRJNA19967	10.1186/s12915-017-0439-6	29145861	Hybrid de novo genome assembly and centromere characterization of the gray mouse lemur (Microcebus murinus).	high	bioproject_text
GCF_040939455.1	Microcebus murinus	Stanford University	PRJNA1082316	10.1101/gr.279299.124	39107043	Independent expansion, selection, and hypervariability of the TBC1D3 gene family in humans.	medium	bioproject_text
GCF_041146395.1	Eulemur rufifrons	Oregon State University	PRJNA1104249	10.1093/g3journal/jkaf213	40931566	An annotated chromosome-level genome for the red-fronted brown lemur (Eulemur rufifrons) sheds light on brown lemur evolution.	high	bioproject_text
GCF_020740605.2	Lemur catta	Vertebrate Genomes Project	PRJNA561949	10.1093/gigascience/giac026	35365833	A high-quality, long-read genome assembly of the endangered ring-tailed lemur (Lemur catta).	medium	organism_title
GCF_027406575.1	Nycticebus coucang	Vertebrate Genomes Project	PRJNA838348	10.1038/s41598-025-23648-x	41198840	Relaxation of selective constraint on the sweet-taste receptor gene TAS1R2 in lorisiform primates.	medium	assembly_name
GCF_009663435.1	Callithrix jacchus	McDonnell Genome Institute at Washington University	PRJNA566173	10.3390/genes14122185	38137007	Whole Genome Analysis of SNV and Indel Polymorphism in Common Marmosets (Callithrix jacchus).	high	assembly_name
GCF_011100555.1	Callithrix jacchus	Vertebrate Genomes Project	PRJNA597600	10.3390/genes14122185	38137007	Whole Genome Analysis of SNV and Indel Polymorphism in Common Marmosets (Callithrix jacchus).	high	assembly_name
GCF_000409795.2	Chlorocebus sabaeus	Vervet Genomics Consortium	PRJNA168621	10.1016/j.virusres.2016.12.021	28057480	Detection of picobirnaviruses in vervet monkeys (Chlorocebus sabaeus): Molecular characterization of complete genomic segment-2.	low	organism_title
GCF_024542745.1	Macaca thibetana thibetana	Sichuan university	PRJNA821381	10.24272/j.issn.2095-8137.2022.149	36052552	Chromosome-level genome assembly of Tibetan macaque ( Macaca thibetana) and species-specific structural variations.	medium	organism_title
GCF_000364345.1	Macaca fascicularis	Washington University (WashU)	PRJNA20409	10.1002/npr2.12145	33037870	Use of the Illumina EPIC methylation array for epigenomic research in the crab-eating macaque (Macaca fascicularis).	medium	assembly_name
GCF_000264685.3	Papio anubis	Human Genome Sequencing Center	PRJNA54005	10.1186/s13100-018-0115-6	29560044	Analysis of lineage-specific Alu subfamilies in the genome of the olive baboon, Papio anubis.	low	organism_title
GCF_007565055.1	Rhinopithecus roxellana	Northwest University	PRJNA524949	10.1093/gigascience/giz098	31437279	A high-quality genome assembly for the endangered golden snub-nosed monkey (Rhinopithecus roxellana).	high	bioproject_text
GCF_002776525.5	Piliocolobus tephrosceles	University of Oregon	PRJNA413051	10.1371/journal.ppat.1008717	32745123	Genomic and transcriptomic evidence for descent from Plasmodium and loss of blood schizogony in Hepatocystis parasites from naturally infected red colobus monkeys.	low	bioproject_text
GCF_028878055.3	Symphalangus syndactylus	National Human Genome Research Institute, National Institutes of Health	PRJNA916729	10.1038/s41586-025-08816-3	40205052	Complete sequencing of ape genomes.	low	bioproject_text
GCF_000151905.2	Gorilla gorilla gorilla	Wellcome Trust Sanger Institute	PRJEA31265	10.1146/annurev-animal-090414-014900	25689317	The Genome 10K Project: a way forward.	medium	bioproject_text
GCF_008122165.1	Gorilla gorilla gorilla	University of Washington	PRJNA369439	10.7150/jgen.50468	32934753	Nucleotide sequencing of the HoxA gene cluster using Gorilla fosmid clones.	high	assembly_name
GCF_029281585.2	Gorilla gorilla gorilla	National Human Genome Research Institute, National Institutes of Health	PRJNA942267	10.1038/s41586-025-08816-3	40205052	Complete sequencing of ape genomes.	medium	bioproject_text
GCF_029289425.2	Pan paniscus	National Human Genome Research Institute, National Institutes of Health	PRJNA942951	10.1038/s41586-025-08816-3	40205052	Complete sequencing of ape genomes.	medium	bioproject_text
GCF_028858775.2	Pan troglodytes	National Human Genome Research Institute, National Institutes of Health	PRJNA916736	10.3390/genes17020185	41751569	Evolution of rDNA-Linked Segmental Duplications as Lineage-Specific Mosaics in Great Apes.	medium	assembly_name
GCA_011064465.2	Homo sapiens	Johns Hopkins University	PRJNA607914	10.1016/j.cell.2024.06.002	38996487	Three-dimensional genome architecture persists in a 52,000-year-old woolly mammoth skin sample.	medium	assembly_name
GCA_018873775.2	Homo sapiens	Johns Hopkins University	PRJNA730525	10.1093/genetics/iyab227	34897437	A reference-quality, fully annotated genome from a Puerto Rican individual.	medium	bioproject_text
GCF_028885625.2	Pongo pygmaeus	National Human Genome Research Institute, National Institutes of Health	PRJNA916742	10.3390/genes17020185	41751569	Evolution of rDNA-Linked Segmental Duplications as Lineage-Specific Mosaics in Great Apes.	medium	assembly_name
GCF_028885655.2	Pongo abelii	National Human Genome Research Institute, National Institutes of Health	PRJNA916743	10.3390/genes17020185	41751569	Evolution of rDNA-Linked Segmental Duplications as Lineage-Specific Mosaics in Great Apes.	medium	assembly_name
GCF_015220235.1	Choloepus didactylus	Vertebrate Genomes Project	PRJNA561937	10.7554/elife.78526	36083267	GENESPACE tracks regions of interest and gene copy number variation across multiple genomes.	medium	assembly_name
GCF_015852505.1	Tachyglossus aculeatus	Vertebrate Genomes Project	PRJNA607237	10.1093/ve/veac084	36176487	Monotreme-specific conserved putative proteins derived from retroviral reverse transcriptase.	medium	assembly_name
GCF_049634645.1	Pelodiscus sinensis	Zhejiang Institute of Freshwater Fisheries	PRJNA1149904	10.1038/s41597-025-05806-y	41022891	Chromosome-level genome assembly of the Chinese soft-shelled turtle Pelodiscus sinensis.	high	bioproject_text
GCF_033958435.1	Carettochelys insculpta	Northwestern Polytechnical University	PRJNA1037723	10.1038/s41597-024-03157-8	38521795	A chromosome-level genome assembly of the pig-nosed turtle (Carettochelys insculpta).	high	bioproject_text
GCF_009764565.3	Dermochelys coriacea	G10K	PRJNA561993	10.1073/pnas.2201076120	36749728	Divergent sensory and immune gene evolution in sea turtles with contrasting demographic and life histories.	medium	bioproject_text
GCA_965117115.1	Caretta caretta	Queen Mary University of London	PRJEB79015	10.1093/gigascience/giaf054	40478729	Chromosome-level genome assembly and methylome profile yield insights for the conservation of endangered loggerhead sea turtles.	high	bioproject_text
GCF_023653815.2	Caretta caretta	Canada's Genomic Enterprise	PRJNA826225	10.12688/f1000research.131283.2	37455852	The genome sequence of the Loggerhead sea turtle, Caretta caretta Linnaeus 1758.	high	bioproject_text
GCF_015237465.2	Chelonia mydas	Vertebrate Genomes Project	PRJNA561941	10.12688/f1000research.131283.2	37455852	The genome sequence of the Loggerhead sea turtle, Caretta caretta Linnaeus 1758.	high	assembly_name
GCA_020497125.1	Mauremys mutica	Institute of Zoology, Guangdong Academy of Science	PRJNA729638	10.1038/s41598-022-12054-2	35550586	Chromosome-level genome assembly of Asian yellow pond turtle (Mauremys mutica) with temperature-dependent sex determination system.	low	organism_title
GCF_020497125.1	Mauremys mutica	Institute of Zoology, Guangdong Academy of Science	PRJNA729638	10.1038/s41598-022-12054-2	35550586	Chromosome-level genome assembly of Asian yellow pond turtle (Mauremys mutica) with temperature-dependent sex determination system.	low	organism_title
GCF_011386835.1	Chrysemys picta bellii	St. Louis University	PRJNA589899	10.1186/s12864-026-12683-1	41792601	A new chromosome-level genome assembly for western painted turtle Chrysemys picta bellii, a model for extreme physiological adaptations.	high	bioproject_text
GCF_003597395.2	Chelonoidis abingdonii	Universidad de Oviedo	PRJNA416050	10.1002/ece3.71358	40290375	Synteny Enabled Upgrade of the Galapagos Giant Tortoise Genome Improves Inferences of Runs of Homozygosity.	medium	assembly_name
GCF_963932015.1	Anas acuta	WELLCOME SANGER INSTITUTE	PRJEB72290	10.12688/wellcomeopenres.22770.1	41018521	The genome sequence of the northern pintail, Anas acuta Linnaeus, 1758.	high	assembly_name
GCF_003850225.1	Anas platyrhynchos	Institute of Animal Sciences (IAS), Chinese Academy of Agricultural Sciences (CAAS)	PRJNA496533	10.1186/s12864-021-07897-4	34330207	A chromosome-level genome assembly of Cairina moschata and comparative genomic analyses.	medium	assembly_name
GCF_015476345.1	Anas platyrhynchos	Zhejiang University	PRJNA636121	10.1093/g3journal/jkad171	37523777	Chromosomal-level reference genome of a wild North American mallard (Anas platyrhynchos).	low	organism_title
GCF_009819795.1	Aythya fuligula	Vertebrate Genomes Project	PRJNA561952	10.1093/gigascience/giab081	34927191	A high-quality genome and comparison of short- versus long-read transcriptome of the palaearctic duck Aythya fuligula (tufted duck).	medium	bioproject_text
GCF_040182565.1	Anser cygnoides	Jiangsu Agri-animal Husbandry Vocational College	PRJNA1111257	10.1038/s41597-024-03567-8	38972874	Telomere-to-telomere genome assembly of the goose Anser cygnoides.	low	organism_title
GCF_013377495.2	Cygnus atratus	The University of Queensland	PRJNA640810	10.1016/j.psj.2023.102947	37598551	First isolation and genomic characterization of avian reovirus from black swans (Cygnus atratus) in China.	medium	organism_title
GCF_009769625.2	Cygnus olor	Vertebrate Genomes Project	PRJNA561960	10.1186/s12864-024-10846-6	39363174	Chromosome-level genome provides insights into evolution and diving adaptability in the vulnerable common pochard (Aythya ferina).	medium	assembly_name
GCF_002078875.1	Numida meleagris	INRA	PRJNA352321	10.1111/1755-0998.13017	30945415	A guinea fowl genome assembly provides new evidence on evolution following domestication and selection in galliformes.	high	assembly_name
GCF_023343835.1	Lagopus muta	Vertebrate Genomes Project	PRJNA836583	10.1093/g3journal/jkad099	37141262	A chromosome-level genome assembly for the Rock Ptarmigan (Lagopus muta).	high	bioproject_text
GCF_016699485.2	Gallus gallus	Vertebrate Genomes Project	PRJNA660757	10.1159/000529376	36716736	Fourth Report on Chicken Genes and Chromosomes 2022.	medium	bioproject_text
GCF_016700215.2	Gallus gallus	Vertebrate Genomes Project	PRJNA660758	10.1159/000529376	36716736	Fourth Report on Chicken Genes and Chromosomes 2022.	medium	bioproject_text
GCF_017976375.1	Cuculus canorus	Vertebrate Genomes Project	PRJNA562015	10.1126/sciadv.adl5255	38657058	Evolution and genetic architecture of sex-limited polymorphism in cuckoos.	medium	bioproject_text
GCF_965140245.1	Athene noctua	WELLCOME SANGER INSTITUTE	PRJEB85708	10.12688/wellcomeopenres.24873.1	41244034	The genome sequence of the Little Owl, Athene noctua (Scopoli, 1769) (Strigiformes: Strigidae).	high	assembly_name
GCA_965212775.1	Bubo scandiacus	ELIXIR Norway	PRJEB79513	10.1080/23802359.2025.2528345	41221475	Complete mitochondrial genome sequence of the South Korean Eurasian eagle-owl, Bubo bubo spp. kiautschenis (Strigiformes; Strigidae).	low	organism_genus_title
GCA_965212795.1	Bubo scandiacus	ELIXIR Norway	PRJEB77267	10.1080/23802359.2025.2528345	41221475	Complete mitochondrial genome sequence of the South Korean Eurasian eagle-owl, Bubo bubo spp. kiautschenis (Strigiformes; Strigidae).	low	organism_genus_title
GCF_047716275.1	Strix uralensis	Leibniz Institute for the Analysis of Biodiversity Change LIB, Museum Koenig Bonn	PRJNA1212906	10.1093/gigascience/giaf106	40986362	A high-quality reference genome for the Ural Owl (Strix uralensis) enables investigations of cell cultures as a genomic resource for endangered species.	high	bioproject_text
GCF_009829145.1	Chiroxiphia lanceolata	Vertebrate Genomes Project	PRJNA561943	10.1093/sysbio/syac062	36130303	Exploring Conflicts in Whole Genome Phylogenetics: A Case Study Within Manakins (Aves: Pipridae).	medium	assembly_name
GCF_963662255.1	Cinclus cinclus	WELLCOME SANGER INSTITUTE	PRJEB68422	10.12688/wellcomeopenres.23291.1	39839976	The genome sequence of the white-throated dipper, Cinclus cinclus (Linnaeus, 1758).	high	assembly_name
GCF_020745825.1	Agelaius phoeniceus	Brood Parasitic Bird Genomes Consortium	PRJNA735624	10.1093/jhered/esac053	36099176	A reference genome assembly of the declining tricolored blackbird, Agelaius tricolor.	low	organism_genus_title
GCF_024509145.1	Vidua macroura	University of Missouri	PRJNA822827	10.1186/s12862-021-01768-y	33653261	Analysis of multiple chromosomal rearrangements in the genome of Willisornis vidua using BAC-FISH and chromosome painting on a supposed conserved karyotype.	low	organism_genus_title
GCF_009650955.1	Corvus moneduloides	Vertebrate Genomes Project	PRJNA560983	10.1093/g3journal/jkae232	39328063	A new high-quality genome assembly and annotation for the threatened Florida Scrub-Jay (Aphelocoma coerulescens).	low	assembly_name
GCF_009819655.1	Sylvia atricapilla	Vertebrate Genomes Project	PRJNA558064	10.21203/rs.3.rs-2166848/v1		The blackcap (Sylvia atricapilla) genome reveals a species-specific accumulation of LTR retrotransposons	low	organism_title
GCF_021018805.1	Prinia subflava	University of Missouri	PRJNA758068	10.1093/ve/veag033	42358456	Continuous in silico screening of fish, amphibians, reptiles, and birds expands the diversity of bornavirids and reveals unexpected genomic architectures.	medium	assembly_name
GCA_042985785.1	Mimus melanotis	University of Saskatchewan	PRJNA655505	10.1111/mec.17665	39912126	Genomes of Galápagos Mockingbirds Reveal the Impact of Island Size and Past Demography on Inbreeding and Genetic Load in Contemporary Populations.	medium	bioproject_text
GCF_009819885.2	Catharus ustulatus	Vertebrate Genomes Project	PRJNA561933	10.1101/2023.07.25.550389		How Veeries vary: Whole genome sequencing resolves fine-scale genetic structure in a long-distance migratory bird, Catharus fuscescens	low	organism_genus_title
GCF_012275295.1	Melopsittacus undulatus	G10K	PRJNA612327	10.1128/mra.00453-23	37811960	Genome sequence of parvovirus from budgerigar (Melopsittacus undulatus).	medium	organism_title
GCF_027791375.1	Indicator indicator	Brood Parasitic Bird Genomes Consortium	PRJNA900296	10.1128/mra.01518-25	42059616	Whole genome sequence of Tsukamurella tyrosinosolvens extracted from metagenome of human pleural fluid enriched in Mycobacteria Growth Indicator Tube.	low	organism_genus_title
GCF_014839835.1	Dryobates pubescens	Vertebrate Genomes Project	PRJNA561991	10.1080/23802359.2022.2110530	36016693	Characterization of the complete mitochondrial genome of the Lesser Spotted Woodpecker (Dryobates minor) and its phylogenetic position.	low	organism_genus_title
GCF_964188355.1	Buteo buteo	WELLCOME SANGER INSTITUTE	PRJEB76733	10.12688/wellcomeopenres.23873.2	41036236	The genome sequence of the Common Buzzard, Buteo buteo (Linnaeus, 1758).	high	assembly_name
GCF_929443795.1	Astur gentilis	WELLCOME SANGER INSTITUTE		10.12688/wellcomeopenres.17821.1	35493200	The genome sequence of the northern goshawk, Accipiter gentilis (Linnaeus, 1758).	high	assembly_name
GCF_900496995.4	Aquila chrysaetos chrysaetos	Wellcome Sanger Institute	PRJEB27699	10.12688/wellcomeopenres.16631.1	34671705	The genome sequence of the European golden eagle, Aquila chrysaetos chrysaetos Linnaeus 1758.	high	bioproject_text
GCF_947461875.1	Haliaeetus albicilla	WELLCOME SANGER INSTITUTE	PRJEB57865	10.12688/wellcomeopenres.23089.1	39534533	The genome sequence of the white-tailed eagle, Haliaeetus albicilla (Linnaeus, 1758).	high	assembly_name
GCF_964195595.1	Calonectris borealis	WELLCOME SANGER INSTITUTE	PRJEB77030	10.12688/wellcomeopenres.23354.1	39925649	The genome sequence of Cory's shearwater, Calonectris borealis (Cory, 1881).	high	assembly_name
GCF_949628215.1	Phalacrocorax aristotelis	WELLCOME SANGER INSTITUTE	PRJEB60539	10.12688/wellcomeopenres.21119.2	41235392	The genome sequence of the European shag, Gulosus aristotelis (previously Phalacrocorax aristotelis) (Linnaeus, 1761).	high	assembly_name
GCF_965638725.1	Aptenodytes patagonicus	marche polytechnic university	PRJEB86486	10.1101/2025.03.13.642884		A chromosome-level genome of the King penguin ( Aptenodytes patagonicus ): an emerging model-in-the-wild for studying evolution	medium	organism_title
GCF_963924245.1	Chroicocephalus ridibundus	WELLCOME SANGER INSTITUTE	PRJEB71951	10.12688/wellcomeopenres.22741.2	40134894	The genome sequence of the black-headed gull, Chroicocephalus ridibundus (Linnaeus, 1766).	high	assembly_name
GCF_028500815.1	Rissa tridactyla	Vertebrate Genomes Project	PRJNA909853	10.1093/gbe/evad153	37590950	A Chromosome-Level Reference Genome for the Black-Legged Kittiwake (Rissa tridactyla), a Declining Circumpolar Seabird.	medium	organism_title
GCF_964199755.1	Larus michahellis	WELLCOME SANGER INSTITUTE	PRJEB77562	10.12688/wellcomeopenres.23849.1	40386543	The genome sequence of the Yellow-legged Gull, Larus michahellis Naumann, 1840.	high	assembly_name
GCF_964106895.1	Numenius arquata	WELLCOME SANGER INSTITUTE	PRJEB75987	10.12688/wellcomeopenres.24272.1	40880729	The genome sequence of the Eurasian Curlew, Numenius arquata (Linnaeus, 1758).	high	assembly_name
GCF_028858705.1	Grus americana	Vertebrate Genomes Project	PRJNA924953	10.12688/wellcomeopenres.23797.1	40162188	The genome sequence of the common crane, Grus grus (Linnaeus, 1758).	low	organism_genus_title
GCF_019175285.1	Sceloporus undulatus	Auburn University	PRJNA612440	10.1093/gigascience/giab066	34599334	A chromosome-level genome assembly for the eastern fence lizard (Sceloporus undulatus), a reptile model for physiological and evolutionary ecology.	high	bioproject_text
GCF_035594765.1	Anolis carolinensis	Louisiana State University	PRJNA1032920	10.3390/jdb13020015	40407684	Probe Sequencing Analysis of Regenerating Lizard Tails Indicates Crosstalk Among Osteoclasts, Epidermal Cells, and Fibroblasts.	medium	assembly_name
GCF_047335585.1	Pogona vitticeps	BGI research, wuhan	PRJNA1184386	10.1093/gigascience/giaf079	40825570	A near-complete genome assembly of the bearded dragon Pogona vitticeps provides insights into the origin of Pogona sex chromosomes.	high	bioproject_text
GCF_009769535.1	Thamnophis elegans	Vertebrate Genomes Project	PRJNA561996	10.3389/fendo.2021.792644	35185783	The Evolution of Oxytocin and Vasotocin Receptor Genes in Jawed Vertebrates: A Clear Case for Gene Duplications Through Ancestral Whole-Genome Duplications.	medium	assembly_name
GCF_011800845.1	Zootoca vivipara	University of Glasgow	PRJNA610958	10.1093/gbe/evaa161	32835354	Chromosome-Level Assembly of the Common Lizard (Zootoca vivipara) Genome.	high	bioproject_text
GCF_963506605.1	Zootoca vivipara	WELLCOME SANGER INSTITUTE	PRJEB66180	10.3390/life13030637	36983793	Characterization of Two Transposable Elements and an Ultra-Conserved Element Isolated in the Genome of Zootoca vivipara (Squamata, Lacertidae).	low	organism_title
GCA_947686815.1	Podarcis lilfordi	UB (Universitat de Barcelona)	PRJEB47961	10.1093/dnares/dsad008	37137526	Chromosome-level genome assembly of Lilford's wall lizard, Podarcis lilfordi (Günther, 1874) from the Balearic Islands (Spain).	high	assembly_name
GCF_009819535.1	Lacerta agilis	Vertebrate Genomes Project	PRJNA562018	10.1159/000506321	32092753	Chromosome Painting Does Not Support a Sex Chromosome Turnover in Lacerta agilis Linnaeus, 1758.	medium	organism_title
GCF_029931775.1	Euleptes europaea	Vertebrate Genomes Project	PRJNA919166	10.64898/2026.08.10.744031		Chromosome-level genome assembly of the European leaf-toed gecko, Euleptes europaea	medium	organism_title
GCA_051903775.1	Gekko kuhli	Milwaukee Public Museum	PRJNA746349	10.1016/j.isci.2023.108445	38205241	Insights into the adaptive evolution of chromosome and essential traits through chromosome-level genome assembly of Gekko japonicus.	low	organism_genus_title
GCF_040938575.1	Ambystoma mexicanum	University of Kentucky	PRJNA1104202	10.3389/fimmu.2025.1656386	41112275	Genomic characterization of the T-cell receptor loci in Ambystoma mexicanum.	high	assembly_name
GCA_026652325.1	Pleurodeles waltl	The Max Planck Institute of Molecular Cell Biology and Genetics	PRJNA847026	10.1101/2022.10.19.512763		Sequencing and chromosome-scale assembly of the giant Pleurodeles waltl genome	medium	organism_title
GCA_036426205.1	Ascaphus truei	University of California, Berkeley	PRJNA550271	10.1111/mec.17651	39825598	Population Genomics Reveals Local Adaptation Related to Temperature Variation in Two Stream Frog Species: Implications for Vulnerability to Climate Warming.	medium	bioproject_text
GCA_019447015.1	Hymenochirus boettgeri	University of California, Berkeley	PRJNA578589	10.1038/s41467-023-43012-9	38233380	Conserved chromatin and repetitive patterns reveal slow genome evolution in frogs.	medium	bioproject_text
GCF_042186555.1	Aquarana catesbeiana	Zhongkai University of Agriculture and Engineering	PRJNA1018279	10.1038/s41597-025-04697-3	40064910	A Chromosome-level genome assembly of the American bullfrog (Aquarana catesbeiana).	medium	organism_title
GCF_905171775.1	Rana temporaria	Wellcome Sanger Institute	PRJEB42171	10.12688/wellcomeopenres.17296.1	35118201	The genome sequence of the common frog, Rana temporaria Linnaeus 1758.	high	assembly_name
GCA_019857665.1	Eleutherodactylus coqui	University of California, Berkeley	PRJNA578591	10.1038/s41467-023-43012-9	38233380	Conserved chromatin and repetitive patterns reveal slow genome evolution in frogs.	medium	bioproject_text
GCA_019512145.1	Engystomops pustulosus	University of California, Berkeley	PRJNA578590	10.1038/s41437-020-00385-7	33184505	Sex chromosome evolution in frogs-helpful insights from chromosome painting in the genus Engystomops.	low	organism_genus_title
GCF_014858855.1	Bufo gargarizans	Chengdu Institute of Biology, CAS	PRJNA628553	10.1111/1755-0998.13319	33426774	A large genome with chromosome-scale assembly sheds light on the evolutionary success of a true toad (Bufo gargarizans).	medium	organism_title
GCF_905171765.1	Bufo bufo	Wellcome Sanger Institute	PRJEB42168	10.12688/wellcomeopenres.17298.1	35028424	The genome sequence of the common toad, Bufo bufo (Linnaeus, 1758).	high	assembly_name
GCF_029499605.1	Hyla sarda	Vertebrate Genomes Project	PRJNA921707	10.1038/s41597-025-05760-9	40897714	Chromosome-level genome assembly of the Tyrrhenian tree frog (Hyla sarda).	high	assembly_name
GCF_040937935.1	Hyperolius riggenbachi	Vertebrate Genomes Project	PRJNA1129093	10.1093/g3journal/jkaf257	41144614	Whole-genome sequence of the African Common Reed Frog (Hyperolius viridiflavus viridiflavus) from Ethiopia.	high	accession
GCF_901765095.1	Microcaecilia unicolor	SC		10.1038/s41598-021-92528-x	34172791	The gastrin-releasing peptide/bombesin system revisited by a reverse-evolutionary study considering Xenopus.	medium	assembly_name
GCF_902459505.1	Geotrypetes seraphini	SC		10.1038/s41598-022-10428-0	35440756	Remarkable diversity of vomeronasal type 2 receptor (OlfC) genes of basal ray-finned fish and its evolutionary trajectory in jawed vertebrates.	medium	assembly_name
GCF_901001135.1	Rhinatrema bivittatum	SC		10.1038/s41598-021-92528-x	34172791	The gastrin-releasing peptide/bombesin system revisited by a reverse-evolutionary study considering Xenopus.	medium	assembly_name
GCF_963921235.1	Mobula hypostoma	Centro Nacional de Analisis Genomico	PRJEB71673	10.1186/s12915-026-02593-9	41963922	Transcriptomic signature of differentiating catshark cartilage unravels the co-evolution of the Spp2 gene family with skeletal mineralisation in cartilaginous fish.	medium	assembly_name
GCF_902713615.1	Scyliorhinus canicula	SC		10.1038/s41598-023-30876-6	36882519	Extensive MHC class IIβ diversity across multiple loci in the small-spotted catshark (Scyliorhinus canicula).	high	assembly_name
GCF_004010195.1	Chiloscyllium plagiosum	BGI	PRJNA478295	10.1016/j.isci.2020.101754	33251490	The White-Spotted Bamboo Shark Genome Reveals Chromosome Rearrangements and Fast-Evolving Immune Genes of Cartilaginous Fish.	medium	bioproject_text
GCF_932526225.1	Nematostella vectensis	WELLCOME SANGER INSTITUTE	PRJEB51373	10.12688/wellcomeopenres.18991.1		The genome sequence of the starlet sea anemone, Nematostella vectensis (Stephenson, 1935)	low	organism_title
GCF_036669905.1	Acropora muricata	State Key Lab for Bioelectroincs	PRJNA544778	10.1186/s12864-024-11025-3	39567907	Chromosome-level genome assemblies and genetic maps reveal heterochiasmy and macrosynteny in endangered Atlantic Acropora.	low	organism_genus_title
GCF_964030605.1	Acropora palmata	WELLCOME SANGER INSTITUTE	PRJEB75079	10.1016/j.marenvres.2025.107779	41411953	Genomic insights into natural and restored populations of Acropora palmata: implications for genetic diversity and conservation strategies.	low	organism_title
GCF_958299795.1	Porites lutea	WELLCOME SANGER INSTITUTE	PRJEB64118	10.12688/wellcomeopenres.24400.1		The chromosomal genome sequence of Mound Coral, Porites lutea Milne Edwards & Haime, 1851 and its associated microbial metagenome sequences	medium	organism_title
GCA_964261215.2	Axinella polypoides	Genoscope CEA	PRJEB78915	10.12688/wellcomeopenres.27385.1		The chromosomal genome sequence of the horned sponge, Axinella damicornis (Esper, 1794) (Axinellida: Axinellidae)	low	organism_genus_title
GCA_963931865.1	Axinella damicornis	WELLCOME SANGER INSTITUTE	PRJEB72241	10.12688/wellcomeopenres.27385.1		The chromosomal genome sequence of the horned sponge, Axinella damicornis (Esper, 1794) (Axinellida: Axinellidae)	medium	organism_title
GCA_965653825.1	Axinella infundibuliformis	WELLCOME SANGER INSTITUTE	PRJEB94566	10.12688/wellcomeopenres.27385.1		The chromosomal genome sequence of the horned sponge, Axinella damicornis (Esper, 1794) (Axinellida: Axinellidae)	low	organism_genus_title
GCA_964264905.1	Phakellia robusta	WELLCOME SANGER INSTITUTE	PRJEB80274	10.12688/wellcomeopenres.25431.1	41625985	The chromosomal genome sequence of the sponge Phakellia ventilabrum (Linnaeus, 1767) and its associated microbial metagenome sequences.	low	organism_genus_title
GCA_963921505.1	Phakellia ventilabrum	Centro Nacional de Análisis Genómico	PRJEB70436	10.1038/s44185-024-00054-6	39289538	The European Reference Genome Atlas: piloting a decentralised approach to equitable biodiversity genomics.	high	assembly_name
GCA_964276705.1	Phakellia ventilabrum	WELLCOME SANGER INSTITUTE	PRJEB81265	10.12688/wellcomeopenres.25431.1	41625985	The chromosomal genome sequence of the sponge Phakellia ventilabrum (Linnaeus, 1767) and its associated microbial metagenome sequences.	high	assembly_name
GCA_963930775.1	Cliona cf. orientalis	WELLCOME SANGER INSTITUTE	PRJEB72173	10.12688/wellcomeopenres.24304.1	41281952	The chromosomal genome sequence of the sponge Cliona cf. orientalis Thiele (1900) and its associated microbial metagenome sequences.	high	assembly_name
GCA_964261645.1	Ephydatia muelleri	WELLCOME SANGER INSTITUTE	PRJEB79734	10.1101/2025.01.21.634144		Genomic connectivity and adaptation signals of the freshwater sponge Ephydatia muelleri across its distribution	low	organism_title
GCA_949361645.1	Spongilla lacustris	WELLCOME SANGER INSTITUTE	PRJEB60358	10.12688/wellcomeopenres.23988.1	40487152	The chromosome-level genome sequences of the freshwater sponge, Spongilla lacustris (Linnaeus, 1759) and the chlorophyte cobiont Choricystis sp., and the associated microbial metagenome sequences.	high	assembly_name
GCA_963681505.1	Eunapius fragilis	WELLCOME SANGER INSTITUTE	PRJEB70489	10.12688/wellcomeopenres.24165.1	41244037	The chromosomal genome sequence of the fragile freshwater sponge, Eunapius fragilis (Leidy, 1851) and its associated microbial metagenome sequences.	high	assembly_name
GCA_963970385.1	Theonella swinhoei	WELLCOME SANGER INSTITUTE	PRJEB73373	10.12688/wellcomeopenres.26482.1		The chromosomal genome sequence of the demosponge, Theonella swinhoei Gray, 1868 (Tetractinellida: Theonellidae) and its associated microbial metagenome sequences	medium	organism_title
GCA_964274975.1	Geodia parva	WELLCOME SANGER INSTITUTE	PRJEB80884	10.12688/wellcomeopenres.25960.1		The chromosomal genome sequence of the sponge, Geodia parva Hansen, 1885 (Tetractinellida: Geodiidae) and its associated microbial metagenome sequences	medium	organism_title
GCA_965151695.1	Geodia macandrewii	WELLCOME SANGER INSTITUTE	PRJEB85821	10.12688/wellcomeopenres.25960.1		The chromosomal genome sequence of the sponge, Geodia parva Hansen, 1885 (Tetractinellida: Geodiidae) and its associated microbial metagenome sequences	low	organism_genus_title
GCA_964341465.1	Geodia phlegraei	WELLCOME SANGER INSTITUTE	PRJEB82819	10.12688/wellcomeopenres.25984.1		The chromosomal genome sequence of the demosponge, Geodia phlegraei (Sollas, 1880) (Tetractinellida: Geodiidae) and its associated microbial metagenome sequences	medium	organism_title
GCA_964261875.1	Rhabdastrella globostellata	WELLCOME SANGER INSTITUTE	PRJEB79837	10.12688/wellcomeopenres.27093.1		The chromosomal genome sequence of the sponge, Rhabdastrella globostellata (Carter, 1883) (Tetractinellida: Ancorinidae) and its associated microbial metagenome sequences	medium	organism_title
GCA_964016965.1	Diacarnus erythraeanus	WELLCOME SANGER INSTITUTE	PRJEB74115	10.12688/wellcomeopenres.24763.2	42005864	The chromosomal genome sequence of the marine sponge Diacarnus erythraeanus Kelly-Borges & Vacelet, 1995, and its associated microbial metagenome sequences.	high	assembly_name
GCA_963924555.1	Crambe crambe	WELLCOME SANGER INSTITUTE	PRJEB72081	10.12688/wellcomeopenres.24154.1	40520149	The chromosomal genome sequence of the sponge Crambe crambe (Schmidt, 1862) and its associated microbial metagenome sequences.	high	assembly_name
GCA_963969325.1	Lycopodina hypogea	WELLCOME SANGER INSTITUTE	PRJEB72864	10.12688/wellcomeopenres.25959.1	41835092	The chromosomal genome sequence of the carnivorous sponge, Lycopodina hypogea (Vacelet & Boury-Esnault, 1996) (Poecilosclerida: Cladorhizidae) and its associated microbial metagenome sequences.	high	assembly_name
GCA_965206435.1	Haplosclerida sp. GHC0000330	WELLCOME SANGER INSTITUTE	PRJEB86925	10.12688/wellcomeopenres.25928.1		The chromosomal genome sequence of Haliclona indistincta (Bowerbank, 1866) (Haplosclerida: Chalinidae) and its associated microbial metagenome sequences	low	organism_genus_title
GCA_964277205.1	Haliclona xena	WELLCOME SANGER INSTITUTE	PRJEB81352	10.12688/wellcomeopenres.25928.1		The chromosomal genome sequence of Haliclona indistincta (Bowerbank, 1866) (Haplosclerida: Chalinidae) and its associated microbial metagenome sequences	low	organism_genus_title
GCA_964017065.1	Haliclona indistincta	WELLCOME SANGER INSTITUTE	PRJEB74129	10.12688/wellcomeopenres.25928.1		The chromosomal genome sequence of Haliclona indistincta (Bowerbank, 1866) (Haplosclerida: Chalinidae) and its associated microbial metagenome sequences	medium	organism_title
GCA_963965975.1	Xestospongia bergquistia	WELLCOME SANGER INSTITUTE	PRJEB72506	10.12688/wellcomeopenres.25872.1		The chromosomal genome sequence of the Indo-Pacific barrel sponge, Xestospongia bergquistia Fromont, 1991, and its associated microbial metagenome sequences	medium	organism_title
GCA_963693285.1	Xestospongia muta	WELLCOME SANGER INSTITUTE	PRJEB70765	10.12688/wellcomeopenres.24173.1	40894109	The chromosomal genome sequence of the giant barrel sponge, Xestospongia muta Schmidt 1870 and its associated microbial metagenome sequences.	high	assembly_name
GCA_965785925.1	Petrosia crassa	WELLCOME SANGER INSTITUTE	PRJEB95131	10.12688/wellcomeopenres.24743.1	41312302	The chromosomal genome sequence of the stone sponge Petrosia ficiformis (Poiret, 1789) and its associated microbial metagenome sequences.	low	organism_genus_title
GCA_947044365.1	Petrosia ficiformis	WELLCOME SANGER INSTITUTE	PRJEB56513	10.12688/wellcomeopenres.24743.1	41312302	The chromosomal genome sequence of the stone sponge Petrosia ficiformis (Poiret, 1789) and its associated microbial metagenome sequences.	high	assembly_name
GCA_965122385.1	Agelas conifera	WELLCOME SANGER INSTITUTE	PRJEB85683	10.12688/wellcomeopenres.24745.1		The chromosomal genome sequence of the Maltese sponge, Agelas oroides (Schmidt, 1864), and its associated microbial metagenome sequences	low	organism_genus_title
GCA_965279245.1	Agelas clathrodes	WELLCOME SANGER INSTITUTE	PRJEB89375	10.12688/wellcomeopenres.24745.1		The chromosomal genome sequence of the Maltese sponge, Agelas oroides (Schmidt, 1864), and its associated microbial metagenome sequences	low	organism_genus_title
GCA_964245335.1	Agelas tubulata	WELLCOME SANGER INSTITUTE	PRJEB79322	10.12688/wellcomeopenres.24745.1		The chromosomal genome sequence of the Maltese sponge, Agelas oroides (Schmidt, 1864), and its associated microbial metagenome sequences	low	organism_genus_title
GCA_949130485.1	Agelas oroides	WELLCOME SANGER INSTITUTE	PRJEB59572	10.12688/wellcomeopenres.24745.1		The chromosomal genome sequence of the Maltese sponge, Agelas oroides (Schmidt, 1864), and its associated microbial metagenome sequences	medium	organism_title
GCA_964213935.1	Spongia aff. officinalis	WELLCOME SANGER INSTITUTE	PRJEB78852	10.12688/wellcomeopenres.24744.1		The chromosomal genome sequence of the elephant ear sponge, Spongia lamella (Schulze, 1879), and its associated microbial metagenome sequences	low	organism_genus_title
GCA_963930835.2	Spongia lamella	WELLCOME SANGER INSTITUTE	PRJEB72181	10.12688/wellcomeopenres.24744.1		The chromosomal genome sequence of the elephant ear sponge, Spongia lamella (Schulze, 1879), and its associated microbial metagenome sequences	medium	organism_title
GCA_964237215.1	Rhopaloeides odorabile	WELLCOME SANGER INSTITUTE	PRJEB79128	10.12688/wellcomeopenres.26110.1	42232316	The chromosomal genome sequence of the sponge, Rhopaloeides odorabile Thompson, Murphy, Bergquist & Evans, 1987 (Dictyoceratida: Spongiidae) and its associated microbial metagenome sequences.	high	assembly_name
GCA_964212625.1	Phyllospongia foliascens	WELLCOME SANGER INSTITUTE	PRJEB78623	10.12688/wellcomeopenres.27310.1		The chromosomal genome sequence of a demosponge, Phyllospongia foliascens (Pallas, 1766) (Dictyoceratida: Thorectidae) and its associated microbial metagenome sequences	medium	organism_title
GCA_947172415.1	Chondrosia reniformis	WELLCOME SANGER INSTITUTE	PRJEB56892	10.12688/wellcomeopenres.24166.1	40548332	The chromosomal genome sequence of the kidney sponge, Chondrosia reniformis Nardo, 1847, and its associated microbial metagenome sequences.	high	assembly_name
GCA_964659575.1	Aplysina cavernicola	Genoscope CEA	PRJEB83613	10.12688/wellcomeopenres.24098.1		The chromosomal genome sequence of Aplysina aerophoba (Nardo, 1833) and its associated microbial metagenome sequences	low	organism_genus_title
GCA_949841015.1	Aplysina aerophoba	WELLCOME SANGER INSTITUTE	PRJEB60858	10.12688/wellcomeopenres.24098.1		The chromosomal genome sequence of Aplysina aerophoba (Nardo, 1833) and its associated microbial metagenome sequences	medium	organism_title
GCA_965643675.1	Aplysina cauliformis	WELLCOME SANGER INSTITUTE	PRJEB93956	10.12688/wellcomeopenres.24098.1		The chromosomal genome sequence of Aplysina aerophoba (Nardo, 1833) and its associated microbial metagenome sequences	low	organism_genus_title
GCA_964270515.1	Aplysina insularis	WELLCOME SANGER INSTITUTE	PRJEB80593	10.12688/wellcomeopenres.24098.1		The chromosomal genome sequence of Aplysina aerophoba (Nardo, 1833) and its associated microbial metagenome sequences	low	organism_genus_title
GCA_964263335.1	Aiolochroia crassa	WELLCOME SANGER INSTITUTE	PRJEB79904	10.12688/wellcomeopenres.25903.1		The chromosomal genome sequence of the blue bleeder, Aiolochroia crassa (Hyatt, 1875) (Verongiida: Aplysinidae) and its associated microbial metagenome sequences	medium	organism_title
GCA_963281255.1	Aphrocallistes beatrix	WELLCOME SANGER INSTITUTE	PRJEB65065	10.12688/wellcomeopenres.24099.1		The chromosomal genome sequence of the glass sponge Aphrocallistes beatrix Gray, 1858 and its associated microbial metagenome sequences	medium	organism_title
GCA_964258925.1	Bolosoma cyanae	WELLCOME SANGER INSTITUTE	PRJEB79505	10.12688/wellcomeopenres.25437.1		The chromosomal genome sequence of the deep-sea glass sponge sponge, Bolosoma cyanae Tabachnick & Lévi, 2004 (Lyssacinosida: Euplectellidae) and its associated microbial metagenome sequences	medium	organism_title
GCA_964248945.1	Echinomermella matsi	WELLCOME SANGER INSTITUTE	PRJEB79327	10.1093/g3journal/jkag084	41947017	The genome of an enigmatic sea urchin parasite Echinomermella matsi Jones & Hagen, 1987 resolves its place among other invertebrate parasitic nematodes.	high	bioproject_text
GCA_964256745.1	Echinomermella matsi	WELLCOME SANGER INSTITUTE	PRJEB79390	10.1093/g3journal/jkag084	41947017	The genome of an enigmatic sea urchin parasite Echinomermella matsi Jones & Hagen, 1987 resolves its place among other invertebrate parasitic nematodes.	high	bioproject_text
GCA_965601645.1	Trichuris ovis	WELLCOME SANGER INSTITUTE	PRJEB90525	10.1016/j.lanmic.2025.101264	41655578	Characterisation of Trichuris incognita n sp in Côte d'Ivoire: a morphological, genomic, and genome-wide association with drug sensitivity study.	low	organism_genus_title
GCA_008807755.1	Trichinella spiralis	USDA-Agricultural Research Service	PRJNA489802	10.1098/rspb.2018.1032	30282650	Comparative demography elucidates the longevity of parasitic and symbiotic relationships.	medium	bioproject_text
GCA_008807775.1	Trichinella spiralis	USDA-Agricultural Research Service	PRJNA489802	10.1098/rspb.2018.1032	30282650	Comparative demography elucidates the longevity of parasitic and symbiotic relationships.	medium	bioproject_text
GCA_008807795.1	Trichinella spiralis	USDA-Agricultural Research Service	PRJNA489802	10.1098/rspb.2018.1032	30282650	Comparative demography elucidates the longevity of parasitic and symbiotic relationships.	medium	bioproject_text
GCA_008807815.1	Trichinella spiralis	USDA-Agricultural Research Service	PRJNA489802	10.1098/rspb.2018.1032	30282650	Comparative demography elucidates the longevity of parasitic and symbiotic relationships.	medium	bioproject_text
GCA_965643505.1	Heligmosomum mixtum	WELLCOME SANGER INSTITUTE	PRJEB93953	10.12688/wellcomeopenres.26318.1	42148441	The genome sequence of Heligmosomum mixtum Schulz, 1929 (Rhabditida: Heligmosomidae).	high	assembly_name
GCA_947396885.1	Heligmosomoides polygyrus polygyrus	WELLCOME SANGER INSTITUTE	PRJEB57641	10.1038/s41467-023-43556-w	38012132	Ancient diversity in host-parasite interaction genes in a model parasitic nematode.	medium	assembly_name
GCA_947359475.1	Heligmosomoides polygyrus bakeri	WELLCOME SANGER INSTITUTE	PRJEB57615	10.1038/s41467-023-43556-w	38012132	Ancient diversity in host-parasite interaction genes in a model parasitic nematode.	medium	assembly_name
GCA_964187775.1	Dictyocaulus viviparus	WELLCOME SANGER INSTITUTE	PRJEB76626	10.1038/s44319-025-00620-4	41366100	An Argonaute protein traffics from nematode to mouse and is a vaccine against parasitic nematodes.	medium	bioproject_text
GCA_964213955.1	Ostertagia ostertagi	WELLCOME SANGER INSTITUTE	PRJEB78849	10.12688/wellcomeopenres.26036.1	42094077	The genome sequence of the nematode Ostertagia ostertagi (Stiles, 1892) (Rhabditida, Trichostrongylidae).	high	assembly_name
GCA_963978905.1	Trichostrongylus colubriformis	WELLCOME SANGER INSTITUTE	PRJEB73699	10.1038/s44319-025-00620-4	41366100	An Argonaute protein traffics from nematode to mouse and is a vaccine against parasitic nematodes.	medium	bioproject_text
GCA_030370435.1	Auanema freiburgensis	The University of Warwick	PRJNA947217	10.2478/jofnem-2022-0059	36879950	De Novo Genome Assembly of Auanema Melissensis, a Trioecious Free-Living Nematode.	low	organism_genus_title
GCA_964263715.1	Auanema sp. APS25	WELLCOME SANGER INSTITUTE	PRJEB79993	10.1093/genetics/iyae032	38431281	The contribution of an X chromosome QTL to non-Mendelian inheritance and unequal chromosomal segregation in Auanema freiburgense.	low	organism_genus_title
GCA_964264295.1	Auanema sp. JU3284	WELLCOME SANGER INSTITUTE	PRJEB79624	10.1093/genetics/iyae032	38431281	The contribution of an X chromosome QTL to non-Mendelian inheritance and unequal chromosomal segregation in Auanema freiburgense.	low	organism_genus_title
GCA_964263695.1	Auanema sp. JU1809	WELLCOME SANGER INSTITUTE	PRJEB79994	10.1093/genetics/iyae032	38431281	The contribution of an X chromosome QTL to non-Mendelian inheritance and unequal chromosomal segregation in Auanema freiburgense.	low	organism_genus_title
GCA_964416725.1	Auanema sp. JU3283	WELLCOME SANGER INSTITUTE	PRJEB83026	10.1093/genetics/iyae032	38431281	The contribution of an X chromosome QTL to non-Mendelian inheritance and unequal chromosomal segregation in Auanema freiburgense.	low	organism_genus_title
GCA_964036155.1	Diploscapter coronatus	WELLCOME SANGER INSTITUTE	PRJEB75588	10.1101/2025.04.24.650375		Genome evolution in parthenogenetic nematodes shaped by chromosome rearrangements and rare sex	medium	bioproject_text
GCA_964197825.1	Caenorhabditis monodelphis	WELLCOME SANGER INSTITUTE	PRJEB77269	10.1101/2025.10.23.681605		Programmed DNA elimination was present in the last common ancestor of Caenorhabditis nematodes	high	bioproject_text
GCA_963572265.1	Caenorhabditis doughertyi	WELLCOME SANGER INSTITUTE	PRJEB67486	10.1038/s41559-025-02894-2	41249498	Recurrent evolution of selfishness from an essential tRNA synthetase in Caenorhabditis tropicalis.	high	assembly_name
GCA_964036255.1	Caenorhabditis virilis	WELLCOME SANGER INSTITUTE	PRJEB75596	10.1093/gbe/evaf037	40037811	Pervasive Conservation of Intron Number and Other Genetic Elements Revealed by a Chromosome-level Genome Assembly of the Hyper-polymorphic Nematode Caenorhabditis brenneri.	low	organism_genus_title
GCA_963572205.1	Caenorhabditis imperialis	WELLCOME SANGER INSTITUTE	PRJEB67497	10.1093/gbe/evaf037	40037811	Pervasive Conservation of Intron Number and Other Genetic Elements Revealed by a Chromosome-level Genome Assembly of the Hyper-polymorphic Nematode Caenorhabditis brenneri.	low	organism_genus_title
GCA_964211945.1	Caenorhabditis kamaaina	WELLCOME SANGER INSTITUTE	PRJEB78582	10.1093/gbe/evaf037	40037811	Pervasive Conservation of Intron Number and Other Genetic Elements Revealed by a Chromosome-level Genome Assembly of the Hyper-polymorphic Nematode Caenorhabditis brenneri.	low	organism_genus_title
GCA_963932035.1	Caenorhabditis wallacei	WELLCOME SANGER INSTITUTE	PRJEB72295	10.1038/s41559-025-02894-2	41249498	Recurrent evolution of selfishness from an essential tRNA synthetase in Caenorhabditis tropicalis.	high	assembly_name
GCA_963932285.1	Caenorhabditis macrosperma	WELLCOME SANGER INSTITUTE	PRJEB72325	10.1093/gbe/evaf037	40037811	Pervasive Conservation of Intron Number and Other Genetic Elements Revealed by a Chromosome-level Genome Assembly of the Hyper-polymorphic Nematode Caenorhabditis brenneri.	low	organism_genus_title
GCA_963570955.1	Caenorhabditis afra	WELLCOME SANGER INSTITUTE	PRJEB67487	10.1093/gbe/evaf037	40037811	Pervasive Conservation of Intron Number and Other Genetic Elements Revealed by a Chromosome-level Genome Assembly of the Hyper-polymorphic Nematode Caenorhabditis brenneri.	low	organism_genus_title
GCA_963932045.1	Caenorhabditis sinica	WELLCOME SANGER INSTITUTE	PRJEB72288	10.1038/s41559-025-02894-2	41249498	Recurrent evolution of selfishness from an essential tRNA synthetase in Caenorhabditis tropicalis.	high	assembly_name
GCA_043792875.1	Caenorhabditis tropicalis	New York University	PRJNA662844	10.1093/molbev/msad039	36807460	Genome Size Changes by Duplication, Divergence, and Insertion in Caenorhabditis Worms.	medium	bioproject_text
GCA_027920645.1	Caenorhabditis nigoni	Hong Kong Baptist University	PRJNA917437	10.1186/s12915-023-01704-0	37775783	Efficient targeted recombination with CRISPR/Cas9 in hybrids of Caenorhabditis nematodes with suppressed recombination.	medium	bioproject_text
GCA_046127665.1	Caenorhabditis nigoni	Cornell University	PRJNA1143586	10.1093/genetics/iyae207	39663849	Robust sex determination in the Caenorhabditis nigoni germ line.	high	bioproject_text
GCA_003052745.1	Caenorhabditis inopinata	University of Miyazaki	PRJDB5687	10.1186/s12864-018-4980-7	30086719	Proteomic and evolutionary analyses of sperm activation identify uncharacterized genes in Caenorhabditis nematodes.	medium	bioproject_text
GCA_965282815.1	Caenorhabditis astrocarya	WELLCOME SANGER INSTITUTE	PRJEB89540	10.1093/gbe/evaf037	40037811	Pervasive Conservation of Intron Number and Other Genetic Elements Revealed by a Chromosome-level Genome Assembly of the Hyper-polymorphic Nematode Caenorhabditis brenneri.	low	organism_genus_title
GCA_965231745.1	Caenorhabditis dolens	WELLCOME SANGER INSTITUTE	PRJEB87684	10.1093/gbe/evaf037	40037811	Pervasive Conservation of Intron Number and Other Genetic Elements Revealed by a Chromosome-level Genome Assembly of the Hyper-polymorphic Nematode Caenorhabditis brenneri.	low	organism_genus_title
GCA_050948105.1	Caenorhabditis becei	New York University	PRJNA989223	10.1101/2025.05.09.653148		Conservative evolution of genetic and genomic features in Caenorhabditis becei, an experimentally tractable gonochoristic worm	medium	organism_title
GCA_963978915.1	Caenorhabditis parvicauda	WELLCOME SANGER INSTITUTE	PRJEB73705	10.1101/2025.10.23.681605		Programmed DNA elimination was present in the last common ancestor of Caenorhabditis nematodes	high	bioproject_text
GCA_963573275.1	Caenorhabditis uteleia	WELLCOME SANGER INSTITUTE	PRJEB67493	10.1093/gbe/evaf037	40037811	Pervasive Conservation of Intron Number and Other Genetic Elements Revealed by a Chromosome-level Genome Assembly of the Hyper-polymorphic Nematode Caenorhabditis brenneri.	low	organism_genus_title
GCA_964198105.1	Caenorhabditis quiockensis	WELLCOME SANGER INSTITUTE	PRJEB77423	10.1093/gbe/evaf037	40037811	Pervasive Conservation of Intron Number and Other Genetic Elements Revealed by a Chromosome-level Genome Assembly of the Hyper-polymorphic Nematode Caenorhabditis brenneri.	low	organism_genus_title
GCA_963966605.1	Caenorhabditis sulstoni	WELLCOME SANGER INSTITUTE	PRJEB72755	10.1093/gbe/evaf037	40037811	Pervasive Conservation of Intron Number and Other Genetic Elements Revealed by a Chromosome-level Genome Assembly of the Hyper-polymorphic Nematode Caenorhabditis brenneri.	low	organism_genus_title
GCA_965219145.1	Caenorhabditis waitukubuli	WELLCOME SANGER INSTITUTE	PRJEB87366	10.1093/gbe/evaf037	40037811	Pervasive Conservation of Intron Number and Other Genetic Elements Revealed by a Chromosome-level Genome Assembly of the Hyper-polymorphic Nematode Caenorhabditis brenneri.	low	organism_genus_title
GCA_963966625.1	Caenorhabditis zanzibari	WELLCOME SANGER INSTITUTE	PRJEB72762	10.1038/s41559-025-02894-2	41249498	Recurrent evolution of selfishness from an essential tRNA synthetase in Caenorhabditis tropicalis.	high	assembly_name
GCA_963931815.1	Caenorhabditis plicata	WELLCOME SANGER INSTITUTE	PRJEB72229	10.1093/gbe/evaf037	40037811	Pervasive Conservation of Intron Number and Other Genetic Elements Revealed by a Chromosome-level Genome Assembly of the Hyper-polymorphic Nematode Caenorhabditis brenneri.	low	organism_genus_title
GCA_963572235.1	Caenorhabditis japonica	WELLCOME SANGER INSTITUTE	PRJEB67478	10.1038/s41559-025-02894-2	41249498	Recurrent evolution of selfishness from an essential tRNA synthetase in Caenorhabditis tropicalis.	high	assembly_name
GCA_002259225.3	Caenorhabditis remanei	University of Oregon	PRJNA248911	10.1093/molbev/msad039	36807460	Genome Size Changes by Duplication, Divergence, and Insertion in Caenorhabditis Worms.	medium	bioproject_text
GCA_965217555.1	Caenorhabditis agridulce	WELLCOME SANGER INSTITUTE	PRJEB87364	10.1093/gbe/evaf037	40037811	Pervasive Conservation of Intron Number and Other Genetic Elements Revealed by a Chromosome-level Genome Assembly of the Hyper-polymorphic Nematode Caenorhabditis brenneri.	low	organism_genus_title
GCA_029581135.1	Caenorhabditis briggsae	Hong Kong Baptist University	PRJNA917437	10.1186/s12915-023-01704-0	37775783	Efficient targeted recombination with CRISPR/Cas9 in hybrids of Caenorhabditis nematodes with suppressed recombination.	medium	bioproject_text
GCA_004526295.1	Caenorhabditis elegans	Seoul National University	PRJNA523481	10.1101/gr.246082.118	31123081	Long-read sequencing reveals intra-species tolerance of substantial structural variations and new subtelomere formation in C. elegans.	low	bioproject_text
GCA_020450165.1	Caenorhabditis elegans	Seoul National University	PRJNA764925	10.1093/nargab/lqac031	35464238	Intraspecific de novo gene birth revealed by presence-absence variant genes in Caenorhabditis elegans.	medium	bioproject_text
GCA_022984815.1	Caenorhabditis elegans	Seoul National University	PRJNA819174	10.17912/micropub.biology.000563	35622501	Long-read sequencing infers a mechanism for copy number variation of template for alternative lengthening of telomeres in a wild C. elegans strain.	low	bioproject_text
GCA_028201515.1	Caenorhabditis elegans	University of Oregon	PRJNA907379	10.1177/11779322241304668	39713040	Bioinformatic Annotation of Transposon DNA Processing Genes on the Long-Read Genome Assembly of Caenorhabditis elegans.	high	bioproject_text
GCA_029748435.1	Caenorhabditis elegans	University of Alabama	PRJNA627737	10.7717/peerj.18100	39285918	Identifying transgene insertions in Caenorhabditis elegans genomes with Oxford Nanopore sequencing.	high	bioproject_text
GCA_039880965.1	Caenorhabditis elegans	University of Alabama	PRJNA627736	10.7717/peerj.18100	39285918	Identifying transgene insertions in Caenorhabditis elegans genomes with Oxford Nanopore sequencing.	high	bioproject_text
GCA_964213925.1	Caenorhabditis angaria	WELLCOME SANGER INSTITUTE	PRJEB78847	10.1093/gbe/evaf037	40037811	Pervasive Conservation of Intron Number and Other Genetic Elements Revealed by a Chromosome-level Genome Assembly of the Hyper-polymorphic Nematode Caenorhabditis brenneri.	low	organism_genus_title
GCA_963572285.1	Caenorhabditis drosophilae	WELLCOME SANGER INSTITUTE	PRJEB67483	10.12688/wellcomeopenres.22416.1	39114493	The genome sequence of the nematode Caenorhabditis drosophilae (Rhabditida, Rhabditidae) (Kiontke, 1997).	high	assembly_name
GCA_932521025.1	Oscheius onirici	WELLCOME SANGER INSTITUTE	PRJEB51305	10.1093/g3journal/jkaa020	33561231	A telomere-to-telomere assembly of Oscheius tipulae and the evolution of rhabditid nematode chromosomes.	low	organism_genus_title
GCA_932521035.1	Oscheius dolichura	WELLCOME SANGER INSTITUTE	PRJEB51346	10.1093/g3journal/jkaa020	33561231	A telomere-to-telomere assembly of Oscheius tipulae and the evolution of rhabditid nematode chromosomes.	low	organism_genus_title
GCA_965194785.1	Thelazia callipaeda	WELLCOME SANGER INSTITUTE	PRJEB86469	10.1038/s41597-024-04239-3	39695142	Chromosome-level genome assembly of Phortica okadai, a vector of Thelazia callipaeda.	medium	organism_title
GCA_965124195.1	Spirocerca lupi	WELLCOME SANGER INSTITUTE	PRJEB85588	10.1016/j.molbiopara.2024.111632	38834134	Spirocerca lupi draft genome, vaccine and anthelmintic targets.	medium	organism_title
GCA_963070105.1	Litomosoides sigmodontis	WELLCOME SANGER INSTITUTE	PRJEB64423	10.1371/journal.pgen.1011116	38227589	The genome of Litomosoides sigmodontis illuminates the origins of Y chromosomes in filarial nematodes.	high	assembly_name
GCA_964656895.1	Acrobeloides nanus	WELLCOME SANGER INSTITUTE	PRJEB83609	10.64898/2026.03.06.710095		Chromosome-level genome assembly and annotation of the parthenogenetic nematode Acrobeloides nanus	high	assembly_name
GCA_964212105.1	Acrobeloides maximus	WELLCOME SANGER INSTITUTE	PRJEB78606	10.64898/2026.03.06.710095		Chromosome-level genome assembly and annotation of the parthenogenetic nematode Acrobeloides nanus	high	assembly_name
GCA_029582065.1	Strongyloides stercoralis	NIAID	PRJNA930454	10.1016/j.idcr.2022.e01530	35712053	Atypical pulmonary presentation of Strongyloides stercoralis hyperinfection in a patient with philadelphia chromosome-positive acute lymphoblastic leukemia: Case report.	medium	organism_title
GCA_043789845.1	Ditylenchus destructor	Grandomics	PRJNA1164987	10.1038/s41597-024-04293-x	39880806	Chromosome-level genome assembly of the sweet potato rot nematode Ditylenchus destructor.	medium	organism_title
GCA_004148225.2	Heterodera glycines	Iowa State University	PRJNA381081	10.2478/jofnem-2022-0014	35860508	Genome Announcement: The Draft Genome of the Carrot Cyst Nematode Heterodera Carotae.	high	bioproject_text
GCA_040805705.1	Heterodera glycines	University of Illinois at Urbana-Champaign	PRJNA852521	10.1186/s12864-024-10466-0	38822236	Correction: The genome of the soybean cyst nematode (Heterodera glycines) reveals complex patterns of duplications involved in the evolution of parasitism genes.	low	organism_title
GCA_040805935.1	Heterodera glycines	University of Illinois at Urbana-Champaign	PRJNA852516	10.1186/s12864-024-10466-0	38822236	Correction: The genome of the soybean cyst nematode (Heterodera glycines) reveals complex patterns of duplications involved in the evolution of parasitism genes.	low	organism_title
GCA_046862005.1	Heterodera glycines	University of Illinois at Urbana-Champaign	PRJNA508848	10.1186/s12864-024-10466-0	38822236	Correction: The genome of the soybean cyst nematode (Heterodera glycines) reveals complex patterns of duplications involved in the evolution of parasitism genes.	low	organism_title
GCA_046862185.1	Heterodera glycines	University of Illinois at Urbana-Champaign	PRJNA508849	10.1186/s12864-024-10466-0	38822236	Correction: The genome of the soybean cyst nematode (Heterodera glycines) reveals complex patterns of duplications involved in the evolution of parasitism genes.	low	organism_title
GCA_046862275.1	Heterodera glycines	University of Illinois at Urbana-Champaign	PRJNA508846	10.1186/s12864-024-10466-0	38822236	Correction: The genome of the soybean cyst nematode (Heterodera glycines) reveals complex patterns of duplications involved in the evolution of parasitism genes.	low	organism_title
GCA_046862775.1	Heterodera glycines	University of Illinois at Urbana-Champaign	PRJNA508847	10.1186/s12864-024-10466-0	38822236	Correction: The genome of the soybean cyst nematode (Heterodera glycines) reveals complex patterns of duplications involved in the evolution of parasitism genes.	low	organism_title
GCA_049307805.1	Heterodera glycines	University of Illinois at Urbana-Champaign	PRJNA508850	10.1186/s12864-024-10466-0	38822236	Correction: The genome of the soybean cyst nematode (Heterodera glycines) reveals complex patterns of duplications involved in the evolution of parasitism genes.	low	organism_title
GCA_052402725.1	Heterodera glycines	Iowa State University	PRJNA1153013	10.1186/s12864-024-10466-0	38822236	Correction: The genome of the soybean cyst nematode (Heterodera glycines) reveals complex patterns of duplications involved in the evolution of parasitism genes.	low	organism_title
GCA_916048095.2	Sacculina carcini	WELLCOME SANGER INSTITUTE	PRJEB47498	10.12688/wellcomeopenres.18936.1		The genome sequence of the crab hacker barnacle, Sacculina carcini (Thompson, 1836)	medium	organism_title
GCA_964274985.1	Amphibalanus improvisus	WELLCOME SANGER INSTITUTE	PRJEB80891	10.12688/wellcomeopenres.23960.1		The genome sequence of the Bay barnacle, Amphibalanus improvisus (Darwin, 1854)	medium	organism_title
GCA_030062745.1	Capitulum mitella	Korea Research Institute of Bioscience and Biotechnology	PRJNA816681	10.21203/rs.3.rs-1645920/v1		Chromosome-level genome of Capitulum mitella reveals an ancient whole-genome duplication event and intertidal adaptation of barnacles	low	organism_title
GCA_040167855.1	Macrobrachium rosenbergii	Sun Yat-Sen University	PRJNA1101233	10.1038/s41597-024-04016-2	39477970	Chromosome level genome assembly of giant freshwater prawn (Macrobrachium rosenbergii).	high	bioproject_text
GCA_046866055.1	Macrobrachium rosenbergii	Pearl River Fisheries Research Institute, Chinese Academy of Fishery Sciences	PRJNA1116800	10.1038/s41597-024-04016-2	39477970	Chromosome level genome assembly of giant freshwater prawn (Macrobrachium rosenbergii).	low	organism_title
GCA_026875155.2	Cherax quadricarinatus	Zhejiang Academy of Agricultural Sciences	PRJNA905544	10.1186/s12864-024-10673-9	39080519	Genome assembly of redclaw crayfish (Cherax quadricarinatus) provides insights into its immune adaptation and hypoxia tolerance.	high	accession
GCA_043589495.1	Panulirus homarus	YellowSeaFisheriesResearchInstitute,ChineseAcade	PRJNA1167464	10.1038/s41597-025-05253-9	40436891	Chromosome-level genome assembly of scalloped spiny lobster Panulirus homarus homarus.	medium	organism_title
GCA_032717465.2	Coenobita brevimanus	School of Ecology and Environment	PRJNA1018245	10.1038/s41597-024-04031-3	39488506	Chromosome-level assembly for the complex genome of land hermit crab Coenobita brevimanus.	high	bioproject_text
GCA_013283005.1	Paralithodes platypus	Center for Ecological and Environmental Sciences	PRJNA555178	10.1111/1755-0998.13266	33010101	Chromosome-level genome assembly of Paralithodes platypus provides insights into evolution and adaptation of king crabs.	high	bioproject_text
GCA_032716605.1	Paralithodes platypus	School of Ecology and Environment	PRJNA1018245	10.1038/s41597-024-04031-3	39488506	Chromosome-level assembly for the complex genome of land hermit crab Coenobita brevimanus.	high	bioproject_text
GCA_017591435.1	Portunus trituberculatus	Center for Ecological and Environmental Sciences	PRJNA555262	10.1093/gigascience/giz161	31904811	Chromosome-level genome assembly reveals the unique genome evolution of the swimming crab (Portunus trituberculatus).	high	bioproject_text
GCA_032715055.1	Portunus trituberculatus	School of Ecology and Environment	PRJNA1018245	10.1038/s41597-024-04031-3	39488506	Chromosome-level assembly for the complex genome of land hermit crab Coenobita brevimanus.	high	bioproject_text
GCA_043638975.1	Portunus trituberculatus	YellowSeaFisheriesResearchInstitute,ChineseAcade	PRJNA1166753	10.1016/j.gene.2024.148682	38876404	Genome-wide identification and expressional profile of the Dmrt gene family in the swimming crab (Portunus trituberculatus).	low	organism_title
GCA_965230865.2	Portunus segnis	Genoscope CEA	PRJEB84152	10.1016/j.gene.2024.148682	38876404	Genome-wide identification and expressional profile of the Dmrt gene family in the swimming crab (Portunus trituberculatus).	low	organism_genus_title
GCA_964212115.1	Asellus aquaticus	WELLCOME SANGER INSTITUTE	PRJEB78603	10.12688/wellcomeopenres.24299.1	41541408	The genome sequence of the pond louse, Asellus aquaticus (Linnaeus, 1758).	high	assembly_name
GCA_963969495.1	Ceratothoa steindachneri	WELLCOME SANGER INSTITUTE	PRJEB73293	10.12688/wellcomeopenres.24289.1	40838166	The genome sequence of the tongue-biting isopod, Ceratothoa steindachneri Koelbel, 1878.	high	assembly_name
GCA_964277195.1	Tethysbaena scabra	IMEDEA	PRJEB61927	10.12688/f1000research.161461.3	41036319	The genome sequence of Tethysbaena scabra (Pretus, 1991), the first known in the peracarid crustacean order Thermosbaenacea.	high	bioproject_text
GCA_010645155.1	Tigriopus japonicus	Sungkyunkwan University	PRJNA592403	10.1111/1755-0998.13357	33586292	A chromosome-level assembly of the black tiger shrimp (Penaeus monodon) genome facilitates the identification of growth-associated genes.	high	bioproject_text
GCA_051201535.1	Tigriopus west	Research Center for Marine-Integrated Biochemical Technology	PRJNA1256225	10.1093/jhered/esag065	42616026	The curious case of a Chilean copepod (Tigriopus aff. angulatus) genome assembly.	low	organism_genus_title
GCA_965642555.1	Pandarus bicolor	WELLCOME SANGER INSTITUTE	PRJEB93853	10.12688/wellcomeopenres.27381.1		The genome sequence of Pandarus bicolor Leach, 1816 (Siphonostomatoida: Pandaridae)	medium	organism_title
GCA_963680855.1	Lepeophtheirus nordmannii	WELLCOME SANGER INSTITUTE	PRJEB70454	10.12688/wellcomeopenres.22913.1		The genome sequence of a sea louse, Lepeophtheirus nordmannii (Milne Edwards, 1840)	medium	organism_title
GCA_049724085.1	Artemia sp. Qi Xiang Cuo	Ocean University of China	PRJNA1136257	10.1038/s41597-025-05136-z	40355476	Chromosome-scale assembly of Artemia tibetiana genome, first aquatic invertebrate genome from Tibet Plateau.	high	bioproject_text
GCA_036172535.1	Artemia franciscana	SFB Meiosis	PRJNA1017357	10.1093/gbe/evae006	38245839	Chromosome-Level Assembly of Artemia franciscana Sheds Light on Sex Chromosome Differentiation.	high	bioproject_text
GCA_918697745.2	Daphnia galeata	LOEWE-TBG	PRJEB42807	10.1093/gbe/evab267	34865004	Hybridization Dynamics and Extensive Introgression in the Daphnia longispina Species Complex: New Insights from a High-Quality Daphnia galeata Reference Genome.	low	bioproject_text
GCA_052054635.1	Daphnia obtusa	Central China Normal University	PRJNA1272018	10.1093/molbev/msag037	41656912	The mutation landscape of Daphnia obtusa reveals evolutionary forces shaping genome stability.	high	bioproject_text
GCA_023526725.1	Daphnia pulex	University of Virginia	PRJNA725506	10.1093/molbev/msac121	35642301	Genetic Variation in Reproductive Investment Across an Ephemerality Gradient in Daphnia pulex.	high	bioproject_text
GCA_020352615.2	Yoshiicerus persimilis	Nanjing Agricultural University	PRJNA630033	10.1098/rspb.2023.2937	38471545	Genomic insights into the chromosomal elongation in a family of Collembola.	medium	bioproject_text
GCA_020055645.1	Tomocerus qinae	Nanjing Agricultural University	PRJNA682767	10.1093/gbe/evac039	35298623	Chromosomal-Level Genome Assembly of the Springtail Tomocerus qinae (Collembola: Tomoceridae).	high	bioproject_text
GCA_020920555.1	Folsomia candida	Nanjing Agricultural University	PRJNA686204	10.3390/genes13081402	36011312	A Functional Carbohydrate Degrading Enzyme Potentially Acquired by Horizontal Gene Transfer in the Genome of the Soil Invertebrate Folsomia candida.	medium	organism_title
GCA_020923455.1	Folsomia candida	Nanjing Agricultural University	PRJNA723214	10.1111/1755-0998.13699	35962787	High-quality genomes reveal significant genetic divergence and cryptic speciation in the model organism Folsomia candida (collembola).	high	bioproject_text
GCA_964034955.1	Orchesella flavescens	WELLCOME SANGER INSTITUTE	PRJEB75316	10.12688/wellcomeopenres.23773.2	41024936	The genome sequence of a springtail, Orchesella flavescens (C.Bourlet, 1839).	high	assembly_name
GCA_965653205.1	Orchesella ranzii	University of Florence	PRJEB77384	10.1093/g3journal/jkaf240	41055123	De novo genome assembly of the endemic Italian springtail Orchesella dallaii (Collembola: Orchesellidae).	low	organism_genus_title
GCA_029691765.1	Entomobrya proxima	Nanjing Agricultural University	PRJNA761934	10.1038/s41597-023-02456-w	37587117	The first chromosome-level genome assembly of Entomobrya proxima Folsom, 1924 (Collembola: Entomobryidae).	medium	organism_title
GCA_947179485.1	Allacma fusca	WELLCOME SANGER INSTITUTE	PRJEB57014	10.12688/wellcomeopenres.19690.1	37593568	The genome sequence of the springtail Allacma fusca (Linnaeus, 1758).	high	assembly_name
GCA_949802685.1	Dicyrtomina minuta	WELLCOME SANGER INSTITUTE	PRJEB61238	10.12688/wellcomeopenres.22765.1	39301438	The genome sequence of the springtail, Dicyrtomina minuta (O.Fabricius, 1783).	high	assembly_name
GCA_949825025.1	Siphlonurus alternatus	WELLCOME SANGER INSTITUTE	PRJEB61391	10.12688/wellcomeopenres.20172.1	38707491	The genome sequence of the Northern Summer Mayfly, Siphlonurus alternatus (Say, 1824).	high	assembly_name
GCA_949318235.1	Ecdyonurus torrentis	WELLCOME SANGER INSTITUTE	PRJEB60220	10.12688/wellcomeopenres.20149.1	37997584	The genome sequence of the Large Brook Dun, Ecdyonurus torrentis (Kimmins, 1942).	high	assembly_name
GCA_047372445.1	Parafronurus youi	College of Life Sciences	PRJNA735533	10.1093/gbe/evaf027	39989025	Chromosome-Level Genome Assembly of the Heptageniid Mayfly Parafronurus youi (Ephemeroptera), and Its Annotation.	high	bioproject_text
GCA_020796165.1	Pantala flavescens	Chinese Academy of Agricultural Sciences	PRJNA763384	10.1093/gigascience/giac009	35373834	Chromosome-level genome of the globe skimmer dragonfly (Pantala flavescens).	high	bioproject_text
GCA_964198025.1	Sympetrum sanguineum	WELLCOME SANGER INSTITUTE	PRJEB77388	10.12688/wellcomeopenres.23466.1	40027405	The genome sequence of the Ruddy Darter, Sympetrum sanguineum (Müller, 1764).	high	assembly_name
GCA_964198035.1	Sympetrum sanguineum	WELLCOME SANGER INSTITUTE	PRJEB77389	10.12688/wellcomeopenres.23466.1	40027405	The genome sequence of the Ruddy Darter, Sympetrum sanguineum (Müller, 1764).	high	assembly_name
GCA_947579665.1	Sympetrum striolatum	WELLCOME SANGER INSTITUTE	PRJEB58283	10.12688/wellcomeopenres.19937.1	38434743	The genome sequence of the Common Darter, Sympetrum striolatum (Charpentier, 1840).	high	assembly_name
GCA_028673005.1	Tanypteryx hageni	Brigham Young University	PRJNA743558	10.1093/gbe/evad024	36807678	A Chromosome-length Assembly of the Black Petaltail (Tanypteryx hageni) Dragonfly.	high	bioproject_text
GCA_933228895.1	Platycnemis pennipes	WELLCOME SANGER INSTITUTE	PRJEB51587	10.12688/wellcomeopenres.19772.1	38764968	The genome sequence of the White-legged damselfly, Platycnemis pennipes (Pallas, 1771).	high	assembly_name
GCA_963573305.1	Pyrrhosoma nymphula	WELLCOME SANGER INSTITUTE	PRJEB67689	10.12688/wellcomeopenres.22586.2	39184129	The genome sequence of the Large Red Damselfly Pyrrhosoma nymphula (Sulzer, 1776).	high	assembly_name
GCA_963169105.1	Ceriagrion tenellum	WELLCOME SANGER INSTITUTE	PRJEB64911	10.12688/wellcomeopenres.23708.1	40099017	The genome sequence of the Small Red Damselfly, Ceriagrion tenellum (de Villers, 1789).	high	assembly_name
GCA_964251815.1	Ischnura senegalensis	WELLCOME SANGER INSTITUTE	PRJEB79337	10.12688/wellcomeopenres.23747.1	40290353	The genome sequence of the Tropical Bluetail Damselfly, Ischnura senegalensis (Rambur, 1842).	high	assembly_name
GCA_921293095.2	Ischnura elegans	WELLCOME SANGER INSTITUTE	PRJEB49079	10.12688/wellcomeopenres.17691.1	36874565	The genome sequence of the blue-tailed damselfly, Ischnura elegans (Vander Linden, 1820).	high	assembly_name
GCA_963082975.1	Labia minor	WELLCOME SANGER INSTITUTE	PRJEB64815	10.12688/wellcomeopenres.23739.1	40144198	The genome sequence of the lesser earwig, Labia minor (Linnaeus, 1758).	high	assembly_name
GCA_043644785.1	Pteronarcys californica	American Museum of Natural History	PRJNA1090442	10.1093/jhered/esae044	39171826	An unusually large genome from an unusually large stonefly: A chromosome-length genome assembly for the giant salmonfly, Pteronarcys californica (Plecoptera: Pteronarcyidae).	high	bioproject_text
GCA_945910005.1	Isoperla grammatica	WELLCOME SANGER INSTITUTE	PRJEB54948	10.12688/wellcomeopenres.19066.2	41913785	The genome sequence of the Common Yellow Sally, Isoperla grammatica (Poda, 1761) (Plecoptera: Perlodidae).	high	assembly_name
GCA_907164805.1	Brachyptera putata	Wellcome Sanger Institute	PRJEB44421	10.12688/wellcomeopenres.22740.1		The genome sequence of the Common February Red Stonefly, Brachyptera risi (Morton, 1896)	low	organism_genus_title
GCA_964007535.1	Brachyptera risi	WELLCOME SANGER INSTITUTE	PRJEB74020	10.12688/wellcomeopenres.22740.1		The genome sequence of the Common February Red Stonefly, Brachyptera risi (Morton, 1896)	medium	organism_title
GCA_934045905.1	Leuctra nigra	WELLCOME SANGER INSTITUTE	PRJEB51797	10.12688/wellcomeopenres.19082.1	37346817	The genome sequence of the black needle fly, Leuctra nigra (Olivier, 1811).	high	assembly_name
GCA_052426335.1	Rhopalopsole sp. 1 ALL-2025a	Henan International Joint Laboratory of Taxonomy and Systematic Evolution of Insecta	PRJNA1229169	10.1038/s41597-026-06631-7	41577726	Chromosome-level genome assembly of the stonefly Rhopalopsole triangulispina Mo and Li, 2025 (Plecoptera: Leuctridae).	high	bioproject_text
GCA_052425775.1	Indonemoura scalprata	Henan Institute of Science and Technolog	PRJNA1234515	10.1038/s41597-025-06430-6	41407743	Chromosome-level genome assembly of the stonefly Indonemoura scalprata (Plecoptera: Nemouridae).	high	bioproject_text
GCA_947568835.1	Protonemura montana	WELLCOME SANGER INSTITUTE	PRJEB58209	10.12688/wellcomeopenres.19790.1		The genome sequence of the spring stonefly, Protonemura montana (Kimmins, 1941)	medium	organism_title
GCA_921293315.2	Nemurella pictetii	WELLCOME SANGER INSTITUTE	PRJEB49087	10.12688/wellcomeopenres.17684.2	35592548	The genome sequence of a stonefly, Nemurella pictetii Klapalek, 1900.	high	assembly_name
GCA_921293005.1	Nemoura dubitans	WELLCOME SANGER INSTITUTE	PRJEB49082	10.12688/wellcomeopenres.19771.1	39021512	The genome sequence of a stonefly, Nemoura dubitans (Morton, 1894).	high	assembly_name
GCA_030762935.1	Hymenopus coronatus	Agricultural Genomics Institute at Shenzhen, Chinese Academy of Agricultural Sciences	PRJNA988270	10.1093/gigascience/giaf158	41410494	The genomes of 5 mantises provide insights into sex chromosome evolution and Mantodea phylogeny clarification.	medium	bioproject_text
GCA_030765055.1	Mantis religiosa	Agricultural Genomics Institute at Shenzhen, Chinese Academy of Agricultural Sciences	PRJNA987019	10.1093/gigascience/giaf158	41410494	The genomes of 5 mantises provide insights into sex chromosome evolution and Mantodea phylogeny clarification.	medium	bioproject_text
GCA_030324105.1	Tenodera sinensis	institute of insect sciences	PRJNA971355	10.1093/gigascience/giad090	37882605	The chromosome-level genome of Chinese praying mantis Tenodera sinensis (Mantodea: Mantidae) reveals its biology as a predator.	high	bioproject_text
GCA_030765045.1	Tenodera sinensis	Agricultural Genomics Institute at Shenzhen, Chinese Academy of Agricultural Sciences	PRJNA989593	10.1093/gigascience/giad090	37882605	The chromosome-level genome of Chinese praying mantis Tenodera sinensis (Mantodea: Mantidae) reveals its biology as a predator.	low	organism_title
GCA_030765065.1	Deroplatys truncata	Agricultural Genomics Institute at Shenzhen, Chinese Academy of Agricultural Sciences	PRJNA989036	10.1093/gigascience/giaf158	41410494	The genomes of 5 mantises provide insights into sex chromosome evolution and Mantodea phylogeny clarification.	medium	bioproject_text
GCA_030762175.1	Metallyticus violacea	Agricultural Genomics Institute at Shenzhen, Chinese Academy of Agricultural Sciences	PRJNA989282	10.1093/gigascience/giaf158	41410494	The genomes of 5 mantises provide insights into sex chromosome evolution and Mantodea phylogeny clarification.	medium	bioproject_text
GCA_964059185.1	Ectobius pallidus	WELLCOME SANGER INSTITUTE	PRJEB75920	10.12688/wellcomeopenres.23463.1	39866809	The genome sequence of the tawny cockroach, Ectobius (Ectobius) pallidus (Olivier, 1789).	high	assembly_name
GCA_964662295.1	Loboptera decipiens	Centro Nacional de Análisis Genómico		10.1101/2025.02.06.636782		ERGA-BGE Reference Genome of Loboptera subterranea : a cave adapted cockroach endemic to the Canary Islands	low	organism_genus_title
GCA_965112255.1	Loboptera troglobia	Centro Nacional de Análisis Genómico		10.1101/2025.02.06.636782		ERGA-BGE Reference Genome of Loboptera subterranea : a cave adapted cockroach endemic to the Canary Islands	low	organism_genus_title
GCA_964278025.1	Loboptera subterranea	Centro Nacional de Análisis Genómico		10.1101/2025.02.06.636782		ERGA-BGE Reference Genome of Loboptera subterranea : a cave adapted cockroach endemic to the Canary Islands	high	assembly_name
GCA_052149075.1	Schizodactylus jimo	Shaanxi Normal University	PRJNA1293729	10.1038/s41597-025-06221-z	41372230	Chromosome-level genome assembly of Schizodactylus jimo He, 2021 from China (Ensifera: Schizodactylidae).	high	bioproject_text
GCA_946902985.2	Meconema thalassinum	WELLCOME SANGER INSTITUTE	PRJEB53006	10.12688/wellcomeopenres.21500.1	39398939	The genome sequence of the oak bush-cricket, Meconema thalassinum (De Geer, 1773).	high	assembly_name
GCA_046254815.1	Gryllus assimilis	Waseda University	PRJNA1149465	10.1038/s41597-025-05197-0	40394066	Chromosome-scale whole genome assembly and annotation of the Jamaican field cricket Gryllus assimilis.	medium	organism_title
GCA_965638035.1	Gryllus bimaculatus	WELLCOME SANGER INSTITUTE	PRJEB91705	10.1038/s41597-026-06995-w	41844630	A chromosome-level genome assembly of two-spotted cricket, Gryllus bimaculatus (Orthoptera: Grylloidea).	medium	organism_title
GCA_965638045.1	Gryllus bimaculatus	WELLCOME SANGER INSTITUTE	PRJEB91706	10.1038/s41597-026-06995-w	41844630	A chromosome-level genome assembly of two-spotted cricket, Gryllus bimaculatus (Orthoptera: Grylloidea).	medium	organism_title
GCA_037074705.1	Zhengitettix transpicula	Hechi University	PRJNA1035776	10.3390/insects15040223	38667352	Chromosomal-Level Reference Genome for the Chinese Endemic Pygmy Grasshopper, Zhengitettix transpicula, Sheds Light on Tetrigidae Evolution and Advancing Conservation Efforts.	high	bioproject_text
GCA_034510155.1	Eucriotettix oculatus	College of Life Sciences	PRJNA681086	10.1038/s41597-024-03276-2	38670991	Chromosome-level genome assembly of the pygmy grasshopper Eucriotettix oculatus (Orthoptera: Tetrigoidea).	medium	organism_title
GCA_050613505.1	Gibbotettix parvipulvillus	Hechi University	PRJNA1253569	10.1038/s41597-025-05474-y	40592903	Chromosome-level genome assembly and annotation of the pygmy grasshopper Gibbotettix parvipulvillus.	medium	organism_title
GCA_048165185.1	Tetrix japonica	Guangxi Normal University	PRJNA1206938	10.3897/zookeys.1254.158678	41079572	﻿A genome survey of Tetrix japonica (Insecta, Orthoptera) reveals a comparatively small Tetrigidae genome.	medium	organism_title
GCA_026315105.1	Locusta migratoria	China Agricultural University	PRJNA890387	10.1128/mra.00353-24	39012135	Metagenome-assembled genome sequence of Spiroplasma phoeniceum, assembled from the hindgut of Locusta migratoria, a migration grasshopper species.	medium	organism_title
GCA_051013515.1	Gomphocerus sibiricus	Uppsala University	PRJNA1250961	10.1093/g3journal/jkaf231	41029998	Chromosome-level assembly of the club-legged grasshopper (Gomphocerus sibiricus) genome.	high	bioproject_text
GCA_031002005.1	Vandiemenella viatica	Friedrich-Schiller Univerisitat Jena	PRJNA945230	10.1093/gbe/evag026	41635935	Evolutionary Dynamics of Dosage Compensation and Sex-biased Gene Expression in Morabine Grasshopper Vandiemenella viatica.	high	bioproject_text
GCA_040214165.1	Vandiemenella viatica	Friedrich-Schiller Univerisitat Jena	PRJNA945230	10.1093/gbe/evag026	41635935	Evolutionary Dynamics of Dosage Compensation and Sex-biased Gene Expression in Morabine Grasshopper Vandiemenella viatica.	high	bioproject_text
GCA_040214175.1	Vandiemenella viatica	Friedrich-Schiller Univerisitat Jena	PRJNA945230	10.1093/gbe/evag026	41635935	Evolutionary Dynamics of Dosage Compensation and Sex-biased Gene Expression in Morabine Grasshopper Vandiemenella viatica.	high	bioproject_text
GCA_040549115.1	Vandiemenella viatica	Friedrich-Schiller Univerisitat Jena	PRJNA1111711	10.1038/s41597-024-03858-0	39266578	Chromosome-level genome assembly of the morabine grasshopper Vandiemenella viatica19.	high	bioproject_text
GCA_044715735.1	Timema poppense	University of Lausanne	PRJNA1126215	10.1371/journal.pgen.1011615	40063618	Dynamics of X chromosome hyper-expression and inactivation in male tissues during stick insect development.	low	bioproject_text
GCA_002928295.1	Timema cristinae	University of Sheffield	PRJNA417530	10.1111/mec.15016	30636326	The role of structural genomic variants in population differentiation and ecotype formation in Timema cristinae walking sticks.	low	organism_title
GCA_037577465.1	Liposcelis bostrychophila	Southwest University	PRJNA1079063	10.1111/1744-7917.13387	38844429	Chromosome-level genome of the parthenogenetic booklouse Liposcelis bostrychophila reveals high heterozygosity and a nonhomologous chromosome.	medium	organism_title
GCA_023512825.1	Liposcelis brunnea	China Agricutural University	PRJNA772023	10.1093/gigascience/giac062	35852419	A chromosome-level genome of the booklouse, Liposcelis brunnea, provides insight into louse evolution and environmental stress adaptation.	high	bioproject_text
GCA_042257085.1	Liposcelis tricolor	Southwest University	PRJNA1144591	10.1038/s41597-024-04179-y	39622886	Chromosome-level genome assembly of a stored-product psocid, Liposcelis tricolor (Psocodea: Liposcelididae).	medium	organism_title
GCA_963971405.1	Psococerastis gibbosa	WELLCOME SANGER INSTITUTE	PRJEB73526	10.12688/wellcomeopenres.24342.1	41163644	The genome sequence of the barkfly, Psococerastis gibbosa (Sulzer, 1776).	high	assembly_name
GCA_964261705.1	Loensia variegata	WELLCOME SANGER INSTITUTE	PRJEB79746	10.12688/wellcomeopenres.26324.1	42222608	The genome sequence of the barkfly, Loensia variegata (Latreille, 1799) (Psocodea: Psocidae).	high	assembly_name
GCA_950004255.1	Mesopsocus fuscifrons	WELLCOME SANGER INSTITUTE	PRJEB61591	10.12688/wellcomeopenres.20641.1	39114494	The genome sequence of a barkfly, Mesopsocus fuscifrons Meinander, 1966.	high	assembly_name
GCA_043789555.1	Megalurothrips usitatus	South China Agricultural University	PRJNA1159176	10.1038/s41597-023-02164-5	37137922	Chromosome-level genome assembly of bean flower thrips Megalurothrips usitatus (Thysanoptera: Thripidae).	low	organism_title
GCA_040581495.1	Thrips tabaci	Chinese Academy of Agricultural Sciences Cotton Research Institute	PRJNA1028647	10.1038/s41597-024-03737-8	39294155	Chromosome-level genome assembly of cotton thrips Thrips tabaci (Thysanoptera: Thripidae).	medium	organism_title
GCA_045571655.1	Thrips hawaiiensis	Institute of Plant Virology, Ningbo University,	PRJNA1121659	10.1038/s41597-025-04549-0	39915537	Genome assembly of Hawaiian flower thrips Thrips hawaiiensis (Thysanoptera: Thripidae).	high	bioproject_text
GCA_035583395.1	Frankliniella occidentalis	Beijing Academy of Agriculture and Forestry Sciences	PRJNA1016120	10.1038/s41597-024-03438-2	38834623	Chromosome-level genome assembly of the western flower thrips Frankliniella occidentalis.	high	bioproject_text
GCA_033675135.1	Frankliniella intonsa	Zhejiang Academic of Agricultural Sciences(ZAAS)	PRJNA1027977	10.1038/s41597-023-02770-3	38036569	Chromosome-level genome assembly of the flower thrips Frankliniella intonsa.	high	bioproject_text
GCA_035584235.1	Frankliniella intonsa	Beijing Academy of Agriculture and Forestry Sciences	PRJNA1016113	10.1038/s41597-024-03113-6	38459039	A chromosome-level genome for the flower thrips Frankliniella intonsa.	high	bioproject_text
GCA_038380765.1	Odontothrips loti	China Agricultural University	PRJNA1054328	10.1038/s41597-024-03289-x	38704405	Chromosome-level genome assembly of Odontothrips loti Haliday (Thysanoptera: Thripidae).	medium	organism_title
GCA_030522485.1	Stenchaetothrips biformis	Zhejiang University	PRJNA901696	10.1038/s42003-023-05187-1	37542124	A chromosome-level genome assembly of Stenchaetothrips biformis and comparative genomic analysis highlights distinct host adaptations among thrips.	high	bioproject_text
GCA_046868235.1	Dendrothrips minowai	Tea Research Institute, Chinese Academy of Agricultural Sciences	PRJNA1136578	10.1002/ps.8781	40271779	Chromosome-level genome assembly of Dendrothrips minowai and genomic analysis highlights distinct adaptations to high polyphenols in tea plants.	medium	organism_title
GCA_041146465.1	Nilaparvata muiri	Zhejiang University	PRJNA1093228	10.1038/s41597-024-03870-4	39300212	Chromosome-level genome assembly of the planthopper Nilaparvata muiri.	low	organism_title
GCA_050437505.1	Nilaparvata muiri	Zhejiang University	PRJNA1089788	10.1038/s41597-024-03870-4	39300212	Chromosome-level genome assembly of the planthopper Nilaparvata muiri.	low	organism_title
GCA_948455865.1	Conomelus anceps	WELLCOME SANGER INSTITUTE	PRJEB59110	10.12688/wellcomeopenres.23104.1	39534535	The genome sequence of the planthopper, Conomelus anceps (Germar, 1821).	high	assembly_name
GCA_048001795.1	Saccharosydne procerus	Zhejiang University	PRJNA1221133	10.1038/s41597-025-05415-9	40592942	Chromosome-level genome assembly from a single green slender planthopper Saccharosydne procerus.	high	bioproject_text
GCA_040954635.1	Lycorma delicatula	USDA-ARS Ag100Pest	PRJNA1085839	10.1038/s41597-025-04854-8	40188159	Diploid chromosome-level genome assembly and annotation for Lycorma delicatula.	low	organism_title
GCA_022606455.1	Callitettix versicolor	institute of zoology, chinese academy of sciences	PRJNA772103	10.1093/gbe/evac130	35986913	Chromosome-Level Genome Assembly of Callitettix versicolor (Rice Spittlebug).	high	bioproject_text
GCA_965285795.1	Aphrophora major	WELLCOME SANGER INSTITUTE	PRJEB89755	10.12688/wellcomeopenres.23248.1	39575233	The genome sequence of the alder spittlebug, Aphrophora alni (Fallén, 1805).	low	organism_genus_title
GCA_965285815.1	Aphrophora major	WELLCOME SANGER INSTITUTE	PRJEB89754	10.12688/wellcomeopenres.23248.1	39575233	The genome sequence of the alder spittlebug, Aphrophora alni (Fallén, 1805).	low	organism_genus_title
GCA_963513935.1	Aphrophora alni	WELLCOME SANGER INSTITUTE	PRJEB66370	10.12688/wellcomeopenres.23248.1	39575233	The genome sequence of the alder spittlebug, Aphrophora alni (Fallén, 1805).	high	assembly_name
GCA_965612245.1	Aphrophora moscoviciae	WELLCOME SANGER INSTITUTE	PRJEB90797	10.12688/wellcomeopenres.23248.1	39575233	The genome sequence of the alder spittlebug, Aphrophora alni (Fallén, 1805).	low	organism_genus_title
GCA_034769895.1	Magicicada septendecula	BYU College of Life Sciences	PRJNA966940	10.1093/gbe/evae001	38190231	Chromosome-Level Genome Assembly and Annotation of a Periodical Cicada Species: Magicicada septendecula.	high	bioproject_text
GCA_964205205.1	Cicadella viridis	WELLCOME SANGER INSTITUTE	PRJEB78453	10.12688/wellcomeopenres.24866.1	41040649	The genome sequence of the Leafhopper, Cicadella viridis (Linnaeus, 1758) (Hemiptera: Cicadellidae).	high	assembly_name
GCA_964267455.1	Hebata decipiens	WELLCOME SANGER INSTITUTE	PRJEB80519	10.12688/wellcomeopenres.27329.1		The genome sequence of a leafhopper, Hebata decipiens (Paoli, 1930) (Hemiptera: Cicadellidae)	medium	organism_title
GCA_018831715.1	Matsumurasca onukii	State Key Laboratory of Ecological Pest Control for Fujian and Taiwan Crops	PRJNA731240	10.1016/j.gpb.2022.05.011	36041663	Genomic Variations in the Tea Leafhopper Reveal the Basis of Its Adaptive Evolution.	medium	bioproject_text
GCA_030545055.2	Neoaliturus tenellus	USDA ARS	PRJNA933715	10.3389/fpsyg.2026.1742317	41694009	Integrating and developing computational thinking in higher education using micro:bit: examining the influence on pre-service teachers' self-perceived content knowledge, attitude, and emotion toward further K-12 mathematics education.	medium	assembly_name
GCA_964204695.1	Arthaldeus pascuellus	WELLCOME SANGER INSTITUTE	PRJEB78390	10.12688/wellcomeopenres.25414.1	41625988	The genome sequence of the leafhopper, Arthaldeus pascuellus (Fallén, 1826) (Hemiptera: Cicadellidae).	high	assembly_name
GCA_965197075.1	Allygidius commutatus	WELLCOME SANGER INSTITUTE	PRJEB86659	10.12688/wellcomeopenres.24880.1	41584091	The genome sequence of a leafhopper, Allygidius commutatus (Fieber, 1872) (Hemiptera: Cicadellidae).	high	assembly_name
GCA_963675035.1	Allygus modestus	WELLCOME SANGER INSTITUTE	PRJEB69539	10.12688/wellcomeopenres.23451.1	39881685	The genome sequence of a leafhopper, Allygus modestus Scott, 1876.	high	assembly_name
GCA_951217055.1	Gerris lacustris	WELLCOME SANGER INSTITUTE	PRJEB61870	10.12688/wellcomeopenres.20629.1		The genome sequence of the common pond skater, Gerris lacustris (Linnaeus, 1758)	medium	organism_title
GCA_050655605.1	Cimex lectularius	Universite Lyon 1	PRJNA1207759	10.1093/g3journal/jkaf161	40680080	Chromosome-scale genome assembly of the bed bug Cimex lectularius sheds light on a key insecticide resistance locus.	high	bioproject_text
GCA_030762985.1	Adelphocoris suturalis	Huazhong Agricultural University	PRJNA874802	10.1186/s12915-023-01666-3	37726763	The chromosome-scale reference genome of mirid bugs (Adelphocoris suturalis) genome provides insights into omnivory, insecticide resistance, and survival adaptation.	high	bioproject_text
GCA_965211935.1	Closterotomus trivialis	WELLCOME SANGER INSTITUTE	PRJEB86967	10.12688/wellcomeopenres.24886.1	41103339	The genome sequence of the mirid plant bug, Closterotomus trivialis (A.Costa, 1853) (Hemiptera: Miridae).	high	assembly_name
GCA_954871275.1	Leptopterna dolabrata	WELLCOME SANGER INSTITUTE	PRJEB63253	10.12688/wellcomeopenres.21005.1	39415783	The genome sequence of the meadow plant bug, Leptopterna dolabrata (Linnaeus, 1758).	high	assembly_name
GCA_963920205.1	Stenodema calcarata	WELLCOME SANGER INSTITUTE	PRJEB71416	10.12688/wellcomeopenres.23763.1	40162190	The genome sequence of a mirid bug, Stenodema calcarata (Fallen, 1807).	high	assembly_name
GCA_020466155.1	Pachypeltis micranthus	Key Laboratory of Forest Disaster Warning and Control of Yunnan Province	PRJNA755865	10.1186/s12864-023-09445-8	37340339	High-quality chromosome-level scaffolds of the plant bug Pachypeltis micranthus provide insights into the availability of Mikania micrantha control.	high	bioproject_text
GCA_019603395.1	Cyrtorhinus lividipennis	Zhejiang University	PRJNA668646	10.1111/1755-0998.13516	34581510	Chromosome-level genome assembly of the mirid predator Cyrtorhinus lividipennis Reuter (Hemiptera: Miridae), an important natural enemy in the rice ecosystem.	medium	organism_title
GCA_955831195.1	Pilophorus perplexus	WELLCOME SANGER INSTITUTE	PRJEB63338	10.12688/wellcomeopenres.21006.1		The genome sequence of a mirid plant bug, Pilophorus perplexus Douglas and Scott, 1875	medium	organism_title
GCA_964249955.1	Anthocoris nemoralis	WELLCOME SANGER INSTITUTE	PRJEB79330	10.12688/wellcomeopenres.24981.1		The genome sequence of the true bug, Anthocoris nemoralis (Fabricius, 1794) (Hemiptera: Anthocoridae)	medium	organism_title
GCA_050947255.1	Orius nagaii	Shandong Academy of Agricultural Sciences	PRJNA1243470	10.1038/s41597-026-07372-3	42168233	Chromosomal-level genome assembly of minute pirate bug Orius nagaii Yasunaga, 1993 (Hemiptera: Anthocoridae).	medium	organism_title
GCA_046618645.1	Orius strigicollis	Xianghu Laboratory	PRJNA1176273	10.1038/s41597-025-05149-8	40394003	Chromosome-level genome assembly of the predatory flower bug Orius strigicollis.	high	bioproject_text
GCA_965641795.1	Triatoma infestans	WELLCOME SANGER INSTITUTE	PRJEB92045	10.12688/wellcomeopenres.25382.1		The genome sequence of the kissing bug, Triatoma infestans (Klug, 1834) (Hemiptera: Reduviidae)	medium	organism_title
GCA_964198125.1	Triatoma dimidiata	WELLCOME SANGER INSTITUTE	PRJEB77418	10.1093/g3journal/jkae308	39739582	First whole-genome sequence of Triatoma sanguisuga (Le Conte, 1855), vector of Chagas disease.	high	bioproject_text
GCA_964188295.1	Panstrongylus geniculatus	WELLCOME SANGER INSTITUTE	PRJEB76735	10.12688/wellcomeopenres.23631.1	40041610	The genome sequence of the kissing bug, Panstrongylus geniculatus (Latreille, 1811).	high	assembly_name
GCA_039877355.1	Pyrrhocoris apterus	Zhejiang University	PRJNA1091548	10.1126/sciadv.aea4413	41686885	Opposing insulin signals underlie the same developmental switch across hemipteran insects.	medium	bioproject_text
GCA_963662175.1	Aradus depressus	WELLCOME SANGER INSTITUTE	PRJEB68350	10.12688/wellcomeopenres.23288.1		The genome sequence of a true bug, Aradus depressus (Fabricius, 1794)	medium	organism_title
GCA_965153375.1	Aradus truncatus	WELLCOME SANGER INSTITUTE	PRJEB85989	10.12688/wellcomeopenres.25016.1		The genome sequence of a flat bug, Aradus truncatus Fieber, 1860 (Hemiptera: Aradidae)	medium	organism_title
GCA_948150685.1	Rhaphigaster nebulosa	WELLCOME SANGER INSTITUTE	PRJEB58872	10.12688/wellcomeopenres.19844.1		The genome sequence of the mottled shieldbug, Rhaphigaster nebulosa (Poda, 1761)	medium	organism_title
GCA_911387785.2	Aelia acuminata	WELLCOME SANGER INSTITUTE	PRJEB46426	10.12688/wellcomeopenres.17400.1	35187268	The genome sequence of the bishop's mitre shieldbug, Aelia acuminata (Linnaeus, 1758).	high	assembly_name
GCA_964056705.1	Troilus luridus	WELLCOME SANGER INSTITUTE	PRJEB75765	10.12688/wellcomeopenres.24260.1	42145857	The genome sequence of the Bronze Shieldbug, Troilus luridus (Fabricius, 1775).	high	assembly_name
GCA_964056715.1	Troilus luridus	WELLCOME SANGER INSTITUTE	PRJEB75764	10.12688/wellcomeopenres.24260.1	42145857	The genome sequence of the Bronze Shieldbug, Troilus luridus (Fabricius, 1775).	high	assembly_name
GCA_037127475.1	Arma custos	Southwest Forestry University	PRJNA1001510	10.1038/s41597-024-03270-8	38654007	Chromosome-level genome assembly of the predatory stink bug Arma custos.	high	bioproject_text
GCA_048127545.1	Arma custos	China Agricultural University	PRJNA1070627	10.1038/s41597-024-03270-8	38654007	Chromosome-level genome assembly of the predatory stink bug Arma custos.	low	organism_title
GCA_040285775.1	Arma chinensis	Institute of Plant Protection, Chinese Academy of Agricultural Sciences	PRJNA660864	10.1038/s41597-024-03837-5	39232013	Chromosome-level genome assembly of predatory Arma chinensis.	medium	organism_title
GCA_051943165.1	Eocanthecona furcellata	Yunnan Agricultural University	PRJNA1297595	10.1038/s41597-025-05919-4	41057334	Chromosome-level genome assembly of predatory Eocanthecona furcellata.	low	organism_title
GCA_052056905.1	Eocanthecona furcellata	Hechi University	PRJNA1297388	10.1038/s41597-025-05919-4	41057334	Chromosome-level genome assembly of predatory Eocanthecona furcellata.	low	organism_title
GCA_930367205.1	Acanthosoma haemorrhoidale	WELLCOME SANGER INSTITUTE	PRJEB50843	10.12688/wellcomeopenres.17926.1	36865370	The genome sequence of the hawthorn shieldbug, Acanthosoma haemorrhoidale (Linnaeus, 1758).	high	assembly_name
GCA_051295265.1	Oxycarenus hyalinipennis	USDA-ARS Ag100Pest	PRJNA1253754	10.26508/lsa.202503598	42156156	Sequencing, annotation and analysis of the genome of Oxycarenus hyalinipennis, the cotton seed bug.	high	bioproject_text
GCA_946811695.1	Gonocerus acuteangulatus	WELLCOME SANGER INSTITUTE	PRJEB55771	10.12688/wellcomeopenres.20496.1		The genome sequence of the Box Bug, Gonocerus acuteangulatus (Goeze, 1778)	medium	organism_title
GCA_041002905.1	Leptoglossus phyllopus	USDA-ARS Ag100Pest	PRJNA1089323	10.1111/mec.70154	41157958	Symbiont Gene Expression Predicts Insect Host's Response to High Temperatures.	medium	bioproject_text
GCA_045410785.1	Leptoglossus occidentalis	INRAE	PRJNA1140410	10.1101/2024.12.02.626401		Draft genome and transcriptomic sequence data of three invasive insect species	high	bioproject_text
GCA_964341005.1	Alydus calcaratus	WELLCOME SANGER INSTITUTE	PRJEB82682	10.12688/wellcomeopenres.24921.1	41458307	The genome sequence of the plant bug, Alydus calcaratus (Linnaeus, 1758) (Hemiptera: Alydidae).	high	assembly_name
GCA_044336275.1	Diaphorina citri	International Psyllid Genome Consortium	PRJNA29447	10.1093/gigascience/giae109	39704701	Diaci v3.0: chromosome-level assembly, de novo transcriptome, and manual annotation of Diaphorina citri, insect vector of Huanglongbing.	high	assembly_name
GCA_047370795.1	Dyspersa apicalis	CALIBER	PRJNA1163903	10.1093/gbe/evaf116	40468976	Chromosome-Level Assemblies of Three Candidatus Liberibacter solanacearum Vectors: Dyspersa apicalis (Förster, 1848), Dyspersa pallida (Burckhardt, 1986), and Trioza urticae (Linnaeus, 1758) (Hemiptera: Psylloidea).	high	bioproject_text
GCA_024516035.1	Bactericera cockerelli	University of California, Riverside	PRJNA822651	10.1111/1755-0998.13693	35925827	Chromosomal-level assembly of Bactericera cockerelli reveals rampant gene family expansions impacting genome structure, function and insect-microbe-plant-interactions.	low	bioproject_text
GCA_047371265.1	Trioza urticae	CALIBER	PRJNA1163903	10.1093/gbe/evaf116	40468976	Chromosome-Level Assemblies of Three Candidatus Liberibacter solanacearum Vectors: Dyspersa apicalis (Förster, 1848), Dyspersa pallida (Burckhardt, 1986), and Trioza urticae (Linnaeus, 1758) (Hemiptera: Psylloidea).	high	bioproject_text
GCA_047371775.1	Trioza anthrisci	CALIBER	PRJNA1163903	10.1093/gbe/evaf116	40468976	Chromosome-Level Assemblies of Three Candidatus Liberibacter solanacearum Vectors: Dyspersa apicalis (Förster, 1848), Dyspersa pallida (Burckhardt, 1986), and Trioza urticae (Linnaeus, 1758) (Hemiptera: Psylloidea).	high	bioproject_text
GCA_045999825.2	Adelges tsugae	Canada's national platform for genome sequencing and analysis	PRJNA1191003	10.1093/gbe/evaf170	41123165	The Genome Sequence of the Hemlock Woolly Adelgid, Adelges tsugae Annand 1924.	medium	organism_title
GCA_013282895.1	Eriosoma lanigerum	John Innes Centre	PRJNA623270	10.1111/1755-0998.13258	32985768	A chromosome-level genome assembly of the woolly apple aphid, Eriosoma lanigerum Hausmann (Hemiptera: Aphididae).	medium	organism_title
GCA_032441835.1	Slavum lentiscoides	Institute of Zoology, Chinese Academy of Sciences	PRJNA765394	10.1038/s41597-024-03653-x	39033163	Two chromosome-level genome assemblies of galling aphids Slavum lentiscoides and Chaetogeoica ovagalla.	high	bioproject_text
GCA_032441825.1	Chaetogeoica ovagalla	Institute of Zoology, Chinese Academy of Sciences	PRJNA832539	10.1038/s41597-024-03653-x	39033163	Two chromosome-level genome assemblies of galling aphids Slavum lentiscoides and Chaetogeoica ovagalla.	high	bioproject_text
GCA_049724165.1	Megoura crassicauda	Chinese Academy of Agricultural Sciences	PRJNA1227218	10.1038/s41597-025-05328-7	40514394	Chromosome-level genome assembly of the aphid Megoura crassicauda.	high	bioproject_text
GCA_050169925.1	Megoura crassicauda	Chinese Academy of Agricultural Sciences Cotton Research Institute	PRJNA1227738	10.1038/s41597-025-05328-7	40514394	Chromosome-level genome assembly of the aphid Megoura crassicauda.	low	organism_title
GCA_022818045.1	Neotoxoptera formosana	Guizhou University	PRJNA766462	10.1093/g3journal/jkac164	35775933	A chromosome-level genome assembly of Neotoxoptera formosana (Takahashi, 1921) (Hemiptera: Aphididae).	medium	organism_title
GCA_042479345.1	Brevicoryne brassicae	Huazhong Agricultural university	PRJNA1099426	10.1038/s41597-025-04501-2	39875415	A chromosome-level genome assembly of the cabbage aphid Brevicoryne brassicae.	high	bioproject_text
GCA_020882235.1	Schizaphis graminum	China Agricultural University	PRJNA770157	10.22541/au.170669522.23038313/v1		Chromosome-level genome assemblies of two cereal aphids, Metopolophium dirhodum and Schizaphis graminum , provides insights into wing dimorphism	medium	organism_title
GCA_038630835.1	Melanaphis sacchari	Chinese Academy of Sciences	PRJNA792680	10.1093/g3journal/jkae223	39290157	Genome sequence of the sugarcane aphid, Melanaphis sacchari (Hemiptera: Aphididae).	high	bioproject_text
GCA_027580255.1	Therioaphis trifolii	Chinese Academy of Agricultural Sciences	PRJNA804007	10.1038/s41597-023-02179-y	37173339	Chromosome-level genome assembly of the spotted alfalfa aphid Therioaphis trifolii.	high	bioproject_text
GCA_948098885.1	Drepanosiphum platanoidis	WELLCOME SANGER INSTITUTE	PRJEB58768	10.12688/wellcomeopenres.20169.1	39193089	The genome sequence of the Common Sycamore Aphid, Drepanosiphum platanoidis (Schrank, 1801).	high	assembly_name
GCA_949715065.1	Periphyllus acericola	WELLCOME SANGER INSTITUTE	PRJEB60761	10.12688/wellcomeopenres.23341.1	39629217	The genome sequence of the sycamore periphyllus aphid, Periphyllus acericola (Walker, 1848).	high	assembly_name
GCA_956483605.1	Tuberolachnus salignus	WELLCOME SANGER INSTITUTE	PRJEB63514	10.12688/wellcomeopenres.20646.1	39114489	The genome sequence of the giant willow aphid, Tuberolachnus salignus (Gmelin, 1790).	high	assembly_name
GCA_041296405.1	Pseudoregma bambucicola	Fujian Agriculture and Forestry University	PRJNA913551	10.3390/insects14020212	36835781	Genome-Wide Identification and Expression Pattern of Cytochrome P450 Genes in the Social Aphid Pseudoregma bambucicola.	medium	bioproject_text
GCA_041937245.1	Toumeyella liriodendri	University of Florida	PRJNA1100599	10.1093/g3journal/jkae231	39328092	Genome report: Genome sequence of tuliptree scale, Toumeyella liriodendri (Gmelin), an ornamental pest insect.	high	bioproject_text
GCA_050872025.1	Ceroplastes pseudoceriferus	Hebei Key Laboratory of Animal Diversity	PRJNA1273070	10.1038/s41597-025-05477-9	40615450	Chromosome-level genome assembly of Ceroplastes pseudoceriferus Green, 1935 (Hemiptera: Coccidae).	high	bioproject_text
GCA_964257065.1	Coccus hesperidum	WELLCOME SANGER INSTITUTE	PRJEB79387	10.3390/ijms26157530	40806662	Ribosomal RNA-Specific Antisense DNA and Double-Stranded DNA Trigger rRNA Biogenesis and Insecticidal Effects on the Insect Pest Coccus hesperidum.	high	assembly_name
GCA_038380155.1	Pseudococcus jackbeardsleyi	China Agricultural University	PRJNA1070360	10.1038/s41597-024-03753-8	39154014	Chromosome-level genome assembly of the invasive pest Pseudococcus jackbeardsleyi (Hemiptera: Pseudococcidae).	high	bioproject_text
GCA_048836485.1	Paracoccus marginatus	Shanxi Agricultural University	PRJNA992385	10.1038/s41597-025-04944-7	40442080	Chromosome-level genome assembly of Paracoccus marginatus based on PacBio and Hi-C technologies.	high	bioproject_text
GCA_052327235.1	Nipaecoccus viridis	University of Florida	PRJNA1104600	10.1093/g3journal/jkaf154	40623205	Genome report: genome sequence of the hibiscus mealybug, Nipaecoccus viridis (Newstead), an invasive pest of citrus.	high	bioproject_text
GCA_959613365.1	Balanococcus diminutus	WELLCOME SANGER INSTITUTE	PRJEB64510	10.12688/wellcomeopenres.21666.1		The genome sequence of the New Zealand flax mealybug, Trionymus diminutus (previously known as Balanococcus diminutus) (Leonardi, 1918)	medium	organism_title
GCA_009761765.1	Phenacoccus solenopsis	Institiute of Insect Sciences	PRJNA380754	10.1111/1755-0998.13232	33460249	A chromosome-level genome assembly provides new insights into paternal genome elimination in the cotton mealybug Phenacoccus solenopsis.	medium	organism_title
GCA_039619475.1	Icerya purchasi	Fujian Agriculture and Forestry University	PRJNA1056491	10.1038/s41597-024-03502-x	38886361	Chromosome-level genome assembly of the cottony cushion scale Icerya purchasi.	high	bioproject_text
GCA_952773005.1	Icerya purchasi	WELLCOME SANGER INSTITUTE	PRJEB63193	10.1038/s41597-024-03502-x	38886361	Chromosome-level genome assembly of the cottony cushion scale Icerya purchasi.	low	organism_title
GCA_032883995.1	Coronaproctus castanopsis	Anhui Normal University	PRJNA867129	10.1038/s41597-024-03016-6	38368451	A chromosome-level genome assembly of the forestry pest Coronaproctus castanopsis.	medium	organism_title
GCA_963678705.1	Panorpa germanica	WELLCOME SANGER INSTITUTE	PRJEB70249	10.12688/wellcomeopenres.22259.1	39391066	The genome sequence of the German scorpionfly, Panorpa germanica Linnaeus, 1758.	high	assembly_name
GCA_040113165.1	Panorpa liui	China Agricultural University	PRJNA1113301	10.1038/s41597-025-04365-6	39774111	Chromosome-level genome assembly of the seasonally polyphenic scorpionfly (Panorpa liui).	high	bioproject_text
GCA_965240395.1	Stylops aterrimus	WELLCOME SANGER INSTITUTE	PRJEB88420	10.12688/wellcomeopenres.25398.1		The genome sequence of Stylops aterrimus Newport, 1851 (Strepsiptera: Stylopidae)	medium	organism_title
GCA_963971575.1	Liopterus haemorrhoidalis	WELLCOME SANGER INSTITUTE	PRJEB73544	10.12688/wellcomeopenres.23756.1		The genome sequence of a diving beetle, Liopterus haemorrhoidalis (Fabricius, 1787)	medium	organism_title
GCA_002278615.1	Pogonus chalceus	Cambridge University	PRJNA381601	10.1038/s41467-018-06116-1	30242156	Repeated inversions within a pannier intron drive diversification of intraspecific colour patterns of ladybird beetles.	medium	assembly_name
GCA_947534325.1	Agonum fuliginosum	WELLCOME SANGER INSTITUTE	PRJEB58062	10.12688/wellcomeopenres.20912.1		The genome sequence of a ground beetle, Agonum fuliginosum (Panzer, 1809)	medium	organism_title
GCA_963966155.1	Clivina fossor	WELLCOME SANGER INSTITUTE	PRJEB72557	10.12688/wellcomeopenres.22898.1	39415780	The genome sequence of a ground beetle, Clivina fossor (Linnaeus, 1758).	high	assembly_name
GCA_963422195.1	Carabus problematicus	WELLCOME SANGER INSTITUTE	PRJEB65488	10.12688/wellcomeopenres.23689.1	40046092	The genome sequence of a carabid beetle, Carabus problematicus Herbst, 1786.	high	assembly_name
GCA_964291765.2	Carabus banonii	Genoscope CEA	PRJEB77255	10.12688/wellcomeopenres.23689.1	40046092	The genome sequence of a carabid beetle, Carabus problematicus Herbst, 1786.	low	organism_genus_title
GCA_944738965.1	Nebria brevicollis	WELLCOME SANGER INSTITUTE	PRJEB53866	10.12688/wellcomeopenres.18749.1	37766846	The genome sequence of a ground beetle, Nebria brevicollis (Fabricius, 1792).	high	assembly_name
GCA_944039245.1	Nebria salina	WELLCOME SANGER INSTITUTE	PRJEB53510	10.12688/wellcomeopenres.19372.1	38196772	The genome sequence of a carabid beetle, Nebria salina (Fairmaire & Laboulbène, 1854).	high	assembly_name
GCA_933228885.1	Leistus spinibarbis	WELLCOME SANGER INSTITUTE	PRJEB51584	10.12688/wellcomeopenres.19997.1	37881256	The genome sequence of a ground beetle, Leistus spinibarbis (Fabricius, 1775).	high	assembly_name
GCA_965279835.1	Amara ovata	WELLCOME SANGER INSTITUTE	PRJEB89410	10.1016/j.dib.2026.112855	42239806	Draft genome assemblies and SSR-Seq dataset for Simarouba amara and S. versicolor, native species to Latin America.	low	organism_genus_title
GCA_965279875.1	Amara ovata	WELLCOME SANGER INSTITUTE	PRJEB89411	10.1016/j.dib.2026.112855	42239806	Draft genome assemblies and SSR-Seq dataset for Simarouba amara and S. versicolor, native species to Latin America.	low	organism_genus_title
GCA_943142095.1	Ophonus ardosiacus	WELLCOME SANGER INSTITUTE	PRJEB52910	10.12688/wellcomeopenres.19849.1	39036352	The genome sequence of a ground beetle, Ophonus ardosiacus (Lutshnik, 1922).	high	assembly_name
GCA_965601895.1	Harpalus anxius	WELLCOME SANGER INSTITUTE	PRJEB90518	10.12688/wellcomeopenres.22875.1	40861021	The genome sequence of a ground beetle, Harpalus rufipes (DeGeer, 1774).	low	organism_genus_title
GCA_963082715.1	Harpalus rubripes	WELLCOME SANGER INSTITUTE	PRJEB64813	10.12688/wellcomeopenres.23433.1		The genome sequence of a Ground Beetle, Harpalus rubripes (Duftschmid, 1812)	medium	organism_title
GCA_951394225.1	Harpalus rufipes	WELLCOME SANGER INSTITUTE	PRJEB62060	10.12688/wellcomeopenres.22875.1	40861021	The genome sequence of a ground beetle, Harpalus rufipes (DeGeer, 1774).	high	assembly_name
GCA_964197645.1	Abax parallelepipedus	WELLCOME SANGER INSTITUTE	PRJEB77062	10.12688/wellcomeopenres.23888.1	40386542	The genome sequence of a carabid beetle, Abax parallelepipedus (Piller & Mitterpacher, 1783).	high	assembly_name
GCA_963942605.1	Poecilus cupreus	WELLCOME SANGER INSTITUTE	PRJEB72471	10.12688/wellcomeopenres.24263.1		The genome sequence of a ground beetle, Poecilus cupreus (Linnaeus, 1758)	medium	organism_title
GCA_947425015.1	Pterostichus niger	WELLCOME SANGER INSTITUTE	PRJEB57831	10.12688/wellcomeopenres.20418.1	38434746	The genome sequence of a ground beetle, Pterostichus niger (Schaller, 1783).	high	assembly_name
GCA_911728475.2	Pterostichus madidus	WELLCOME SANGER INSTITUTE	PRJEB46627	10.12688/wellcomeopenres.17347.1	35934999	The genome sequence of the black clock beetle, Pterostichus madidus (Fabricius, 1775).	high	assembly_name
GCA_963989225.1	Dromius quadrimaculatus	WELLCOME SANGER INSTITUTE	PRJEB73740	10.12688/wellcomeopenres.24898.1	41488252	The genome sequence of a ground beetle, Dromius quadrimaculatus (Linnaeus, 1758) (Coleoptera: Carabidae).	high	assembly_name
GCA_963695495.1	Hololepta plana	WELLCOME SANGER INSTITUTE		10.12688/wellcomeopenres.26588.1	42255359	The genome sequence of the flat clown beetle, Hololepta plana (Sulzer, 1776) (Coleoptera: Histeridae).	high	assembly_name
GCA_963942505.1	Lordithon lunulatus	WELLCOME SANGER INSTITUTE	PRJEB72465	10.12688/wellcomeopenres.22746.1		The genome sequence of a rove beetle, Lordithon lunulatus (Linnaeus, 1760)	medium	organism_title
GCA_965783885.1	Tachyporus hypnorum	WELLCOME SANGER INSTITUTE	PRJEB95124	10.12688/wellcomeopenres.26176.1	41993728	The genome sequence of a rove beetle, Tachyporus hypnorum (Fabricius, 1775) (Coleoptera: Staphylinidae).	high	assembly_name
GCA_963932245.1	Tachinus rufipes	WELLCOME SANGER INSTITUTE	PRJEB72339	10.12688/wellcomeopenres.23741.1		The genome sequence of a rove beetle, Tachinus rufipes (Linnaeus, 1758)	medium	organism_title
GCA_965282785.1	Scaphidium quadrimaculatum	WELLCOME SANGER INSTITUTE	PRJEB89534	10.12688/wellcomeopenres.26197.1		The genome sequence of the shining fungus beetle, Scaphidium quadrimaculatum A.G.Olivier, 1790 (Coleoptera: Staphylinidae)	medium	organism_title
GCA_963971135.1	Stenus bimaculatus	WELLCOME SANGER INSTITUTE	PRJEB73464	10.12688/wellcomeopenres.24262.1		The genome sequence of a rove beetle, Stenus bimaculatus Gyllenhal, 1810	medium	organism_title
GCA_932526585.2	Philonthus cognatus	WELLCOME SANGER INSTITUTE	PRJEB51381	10.12688/wellcomeopenres.19336.1	37440996	The genome sequence of Philonthus cognatus (Stephens, 1832) (Coleoptera, Staphylinidae), a rove beetle.	high	assembly_name
GCA_963082785.1	Philonthus spinipes	WELLCOME SANGER INSTITUTE	PRJEB64818	10.12688/wellcomeopenres.23996.1	40470059	The genome sequence of a rove beetle, Philonthus spinipes Sharp, 1874.	high	assembly_name
GCA_910593695.2	Ocypus olens	WELLCOME SANGER INSTITUTE	PRJEB45833	10.12688/wellcomeopenres.17342.2	35572471	The genome sequence of the devil's coach horse beetle, Ocypus olens (Müller, 1764).	high	assembly_name
GCA_963969525.1	Ontholestes murinus	WELLCOME SANGER INSTITUTE	PRJEB73304	10.12688/wellcomeopenres.24330.1		The genome sequence of a rove beetle, Ontholestes murinus (Linnaeus, 1758)	medium	organism_title
GCA_951805005.1	Othius punctulatus	WELLCOME SANGER INSTITUTE	PRJEB62773	10.12688/wellcomeopenres.20338.1	38779053	The genome sequence of a rove beetle, Othius punctulatus (Goeze, 1777).	high	assembly_name
GCA_051122355.1	Thanatophilus sinuatus	Shihezi University	PRJNA1195369	10.1038/s41597-025-06308-7	41372225	A chromosomal-level genome assembly of Thanatophilus sinuatus Fabricius (Coleoptera: Staphylinidae).	high	bioproject_text
GCA_944588485.1	Phosphuga atrata	WELLCOME SANGER INSTITUTE	PRJEB53719	10.12688/wellcomeopenres.20340.1		The genome sequence of the Common Snail-hunter beetle, Phosphuga atrata (Linnaeus, 1758)	medium	organism_title
GCA_963457615.1	Nicrophorus investigator	WELLCOME SANGER INSTITUTE	PRJEB66142	10.12688/wellcomeopenres.21496.1	39267991	The genome sequence of the Banded Burying beetle, Nicrophorus investigator Zetterstedt, 1824.	high	assembly_name
GCA_947310635.1	Leptodirus hochenwartii	WELLCOME SANGER INSTITUTE	PRJEB57372	10.12688/wellcomeopenres.23959.1	40225906	The genome sequence of a cave beetle, Leptodirus hochenwartii F.J.Schmidt, 1832.	high	assembly_name
GCA_959613385.1	Geotrupes spiniger	WELLCOME SANGER INSTITUTE	PRJEB64512	10.12688/wellcomeopenres.23705.2	41312301	The genome sequence of a dung beetle, Geotrupes spiniger (Marsham, 1802).	high	assembly_name
GCA_036172665.1	Prosopocoilus inquinatus	TIBET ACADEMY OF AGRICULTURAL AND ANIMAL HUSBANDRY SCIENCES	PRJNA1015594	10.1038/s41597-024-03647-9	39033188	A chromosome-level genome assembly of Prosopocoilus inquinatus Westwood, 1848 (Coleoptera: Lucanidae).	high	bioproject_text
GCA_958336345.1	Dorcus parallelipipedus	WELLCOME SANGER INSTITUTE	PRJEB64318	10.12688/wellcomeopenres.21262.1	39184130	The genome sequence of the lesser stag beetle, Dorcus parallelipipedus (Linnaeus, 1758).	high	assembly_name
GCA_033060865.1	Dorcus hopei	Anhui University	PRJNA978836	10.1038/s41597-024-03251-x	38637640	The first chromosome-level genome of the stag beetle Dorcus hopei Saunders, 1854 (Coleoptera: Lucanidae).	medium	organism_title
GCA_049462965.1	Odontolabis cuvera	Xinyang Normal University	PRJNA1201744	10.1038/s41597-025-05613-5	40675990	A chromosomal-level genome assembly of Odontolabis cuvera Hope, 1842 (Coleoptera: Lucanidae).	medium	organism_title
GCA_039766575.1	Serrognathus titanus	Nanjing Agricultural University	PRJNA1100426	10.1038/s41597-024-03727-w	39147807	A chromosomal-level genome assembly of Serrognathus titanus Boisduval, 1835 (Coleoptera: Lucanidae).	medium	organism_title
GCA_964211865.1	Aphodius fimetarius	WELLCOME SANGER INSTITUTE	PRJEB78531	10.12688/wellcomeopenres.24863.1	41140639	The genome sequence of the common dung beetle, Aphodius fimetarius (Linnaeus, 1758) (Coleoptera: Scarabaeidae).	high	assembly_name
GCA_963971325.1	Aphodius granarius	WELLCOME SANGER INSTITUTE	PRJEB73495	10.12688/wellcomeopenres.24306.2	41103341	The genome sequence of a dung beetle, Aphodius ( Calamosternus) granarius Linnaeus, 1767.	high	assembly_name
GCA_963966075.1	Aphodius sticticus	WELLCOME SANGER INSTITUTE	PRJEB72519	10.12688/wellcomeopenres.23692.1	40495928	The genome sequence of a small dung beetle, Volinus sticticus (Panzer, 1798), formerly known as Aphodius sticticus.	high	assembly_name
GCA_964023965.1	Melinopterus prodromus	WELLCOME SANGER INSTITUTE	PRJEB74734	10.12688/wellcomeopenres.23799.1		The genome sequence of a dung beetle, Melinopterus prodromus (Brahm, 1790)	medium	organism_title
GCA_051362485.1	Catharsius molossus	Ningxia University	PRJNA1265283	10.1038/s41597-025-05765-4	41120344	Chromosome-level genome assembly of the dung beetle Catharsius molossus (Coleoptera: Scarabaeidae).	medium	organism_title
GCA_023509865.1	Trypoxylus dichotomus	Zhejiang A&F University	PRJNA688811	10.1093/gigascience/giac059	35764601	A chromosome-level genome assembly and intestinal transcriptome of Trypoxylus dichotomus (Coleoptera: Scarabaeidae) to understand its lignocellulose digestion ability.	high	bioproject_text
GCA_949128085.1	Cetonia aurata	WELLCOME SANGER INSTITUTE	PRJEB59502	10.12688/wellcomeopenres.20412.2	42116854	The genome sequence of the Rose Chafer, Cetonia aurata (Linnaeus, 1758).	high	assembly_name
GCA_051903415.1	Protaetia brevitarsis	Yantai university	PRJNA1286165	10.1002/ps.70557	41555556	Genomic and phenotypic analysis of Bacillus strains from Protaetia brevitarsis frass reveals plant growth promoting potential and biocontrol activity against Fusarium wheat crown rot.	medium	organism_title
GCA_963170755.1	Amphimallon solstitiale	WELLCOME SANGER INSTITUTE	PRJEB64917	10.12688/wellcomeopenres.21100.1	38784435	The genome sequence of the Summer Chafer, Amphimallon solstitiale (Linnaeus, 1758).	high	assembly_name
GCA_935421215.2	Melolontha melolontha	WELLCOME SANGER INSTITUTE	PRJEB51927	10.12688/wellcomeopenres.19434.1	38618196	The genome sequence of a cockchafer, Melolontha melolontha (Linnaeus, 1758).	high	assembly_name
GCA_043790905.1	Kibakoganea sinica	Nanjing Agricultural University	PRJNA1120644	10.1038/s41597-025-05347-4	40527895	A chromosomal-level genome assembly of Kibakoganea sinica, Bouchard, 2005 (Coleoptera: Scarabaeidae).	medium	organism_title
GCA_046237675.1	Kibakoganea tamdaoensis	Chinese Academy of Sciences	PRJNA1188715	10.1038/s41597-025-05657-7	40751049	Chromosome-level genome of the shining chafers Kibakoganea tamdaoensis (Coleoptera: Scarabaeidae: Rutelinae).	medium	organism_title
GCA_947652605.1	Elmis aenea	WELLCOME SANGER INSTITUTE	PRJEB58378	10.12688/wellcomeopenres.19778.1	37990650	The genome sequence of a riffle beetle, Elmis aenea (Müller, 1806).	high	assembly_name
GCA_949768715.1	Dascillus cervinus	WELLCOME SANGER INSTITUTE	PRJEB60919	10.12688/wellcomeopenres.21161.1		The genome sequence of the Orchid Beetle, Dascillus cervinus (Linnaeus, 1758)	medium	organism_title
GCA_947389935.1	Agrilus cyanescens	WELLCOME SANGER INSTITUTE	PRJEB57759	10.12688/wellcomeopenres.20877.2	38779150	The genome sequence of a metallic wood-boring beetle, Agrilus cyanescens (Ratzeburg, 1837).	high	assembly_name
GCA_963921985.1	Agrilus biguttatus	WELLCOME SANGER INSTITUTE	PRJEB71839	10.12688/wellcomeopenres.22762.1	39411460	The genome sequence of a jewel beetle, Agrilus biguttatus (Fabricius, 1776).	high	assembly_name
GCA_047651835.1	Sambus kanssuensis	China West Normal University	PRJNA1213008	10.1038/s41597-025-05271-7	40436974	Chromosome-level genome assembly of Sambus kanssuensis (Coleoptera: Buprestidae).	high	bioproject_text
GCA_964234815.1	Ampedus sanguinolentus	WELLCOME SANGER INSTITUTE	PRJEB79085	10.12688/wellcomeopenres.23712.1	40134828	The genome sequence of the click beetle, Ampedus sanguinolentus sanguinolentus (Schrank, 1776).	high	assembly_name
GCA_965112895.1	Dalopius marginatus	WELLCOME SANGER INSTITUTE	PRJEB84404	10.12688/wellcomeopenres.25219.1		The genome sequence of a click beetle, Dalopius marginatus (Linnaeus, 1758) (Coleoptera: Elateridae)	medium	organism_title
GCA_929113105.1	Agrypnus murinus	WELLCOME SANGER INSTITUTE	PRJEB50666	10.12688/wellcomeopenres.19847.1	39139762	The genome sequence of a click beetle, Agrypnus murinus (Linnaeus, 1758).	high	assembly_name
GCA_963082805.1	Hemicrepidius hirtus	WELLCOME SANGER INSTITUTE	PRJEB64845	10.12688/wellcomeopenres.24924.1	41488259	The genome sequence of the click beetle, Hemicrepidius hirtus (Herbst, 1784) (Coleoptera: Elateridae).	high	assembly_name
GCA_964205235.1	Denticollis linearis	WELLCOME SANGER INSTITUTE	PRJEB78455	10.12688/wellcomeopenres.26564.1		The genome sequence of the click beetle, Denticollis linearis (Linnaeus, 1758) (Coleoptera: Elateridae)	medium	organism_title
GCA_965119585.1	Limonius poneli	WELLCOME SANGER INSTITUTE	PRJEB85521	10.12688/wellcomeopenres.26311.1	42369858	The genome sequence of a click beetle, Limonius poneli Leseigneur & Mertlik, 2007 (Coleoptera: Elateridae).	medium	organism_title
GCA_965119595.1	Limonius poneli	WELLCOME SANGER INSTITUTE	PRJEB85520	10.12688/wellcomeopenres.26311.1	42369858	The genome sequence of a click beetle, Limonius poneli Leseigneur & Mertlik, 2007 (Coleoptera: Elateridae).	medium	organism_title
GCA_963082815.1	Melanotus villosus	WELLCOME SANGER INSTITUTE	PRJEB64848	10.12688/wellcomeopenres.21087.1	39193398	The genome sequence of a click beetle, Melanotus villosus (Geoffroy in Fourcroy, 1785).	high	assembly_name
GCA_958336395.1	Ctenicera cuprea	WELLCOME SANGER INSTITUTE	PRJEB64316	10.12688/wellcomeopenres.22885.1		The genome sequence of an elaterid beetle, Ctenicera cuprea (Fabricius, 1775)	medium	organism_title
GCA_964234755.1	Actenicerus siaelandicus	WELLCOME SANGER INSTITUTE	PRJEB79055	10.12688/wellcomeopenres.23719.1	40046091	The genome sequence of the Marsh Click-beetle, Actenicerus siaelandicus (Müller, O.F., 1764).	high	assembly_name
GCA_932274525.1	Podabrus alpinus	WELLCOME SANGER INSTITUTE	PRJEB51187	10.12688/wellcomeopenres.18890.1	37346818	The genome sequence of a soldier beetle, Podabrus alpinus (Paykull, 1798).	high	assembly_name
GCA_958510845.1	Cantharis nigra	WELLCOME SANGER INSTITUTE	PRJEB64391	10.12688/wellcomeopenres.20382.1		The genome sequence of a solider beetle, Cantharis nigra (DeGeer, 1774)	medium	organism_title
GCA_911387805.1	Cantharis rustica	WELLCOME SANGER INSTITUTE	PRJEB46423	10.12688/wellcomeopenres.17363.1	36873717	The genome sequence of a soldier beetle, Cantharis rustica Fallén 1807.	high	assembly_name
GCA_947369205.1	Cantharis rufa	WELLCOME SANGER INSTITUTE	PRJEB57708	10.12688/wellcomeopenres.19986.1	38549709	The genome sequence of a soldier beetle, Cantharis rufa (Linnaeus, 1758).	high	assembly_name
GCA_949152465.1	Cantharis flavilabris	WELLCOME SANGER INSTITUTE	PRJEB59846	10.12688/wellcomeopenres.22422.2	39280726	The genome sequence of a soldier beetle, Cantharis flavilabris Fallén, 1807.	high	assembly_name
GCA_965642435.1	Cantharis decipiens	WELLCOME SANGER INSTITUTE	PRJEB93841	10.12688/wellcomeopenres.22422.2	39280726	The genome sequence of a soldier beetle, Cantharis flavilabris Fallén, 1807.	low	organism_genus_title
GCA_963170105.1	Cantharis lateralis	WELLCOME SANGER INSTITUTE	PRJEB64909	10.12688/wellcomeopenres.24002.1		The genome sequence of a solider beetle, Cantharis lateralis Linnaeus, 1758	medium	organism_title
GCA_958510855.1	Rhagonycha lutea	WELLCOME SANGER INSTITUTE	PRJEB64396	10.12688/wellcomeopenres.23467.1	41623502	The genome sequence of a soldier beetle, Rhagonycha lutea (Müller, 1764).	high	assembly_name
GCA_965212295.1	Rhagonycha lignosa	WELLCOME SANGER INSTITUTE	PRJEB87035	10.12688/wellcomeopenres.23467.1	41623502	The genome sequence of a soldier beetle, Rhagonycha lutea (Müller, 1764).	low	organism_genus_title
GCA_905340355.1	Rhagonycha fulva	WELLCOME SANGER INSTITUTE	PRJEB43726	10.12688/wellcomeopenres.17198.1	36003953	The genome sequence of the common red soldier beetle, Rhagonycha fulva (Scopoli, 1763).	high	assembly_name
GCA_963924605.1	Malthinus seriepunctatus	WELLCOME SANGER INSTITUTE	PRJEB72083	10.12688/wellcomeopenres.23716.1	40162185	The genome sequence of a soldier beetle, Malthinus seriepunctatus Kiesenwetter, 1851.	high	assembly_name
GCA_950108345.1	Malthinus flaveolus	WELLCOME SANGER INSTITUTE	PRJEB61706	10.12688/wellcomeopenres.21086.1	39301443	The genome sequence of a soldier beetle, Malthinus flaveolus (Herbst, 1786).	high	assembly_name
GCA_965119235.1	Malthodes marginatus	WELLCOME SANGER INSTITUTE	PRJEB85282	10.12688/wellcomeopenres.25210.1		The genome sequence of a soldier beetle, Malthodes marginatus (Latreille, 1806) (Coleoptera: Cantharidae)	medium	organism_title
GCA_964263285.1	Malthodes minimus	WELLCOME SANGER INSTITUTE	PRJEB79898	10.12688/wellcomeopenres.25397.1	41769330	The genome sequence of the soldier beetle, Malthodes minimus (Linnaeus, 1758) (Coleoptera: Cantharidae).	high	assembly_name
GCA_958510875.1	Endomychus coccineus	WELLCOME SANGER INSTITUTE	PRJEB64394	10.12688/wellcomeopenres.23097.1		The genome sequence of the False Ladybird, Endomychus coccineus (Linnaeus, 1758)	medium	organism_title
GCA_963920755.1	Cartodere bifasciata	WELLCOME SANGER INSTITUTE	PRJEB71555	10.12688/wellcomeopenres.23743.1		The genome sequence of the two-banded mould beetle, Cartodere (Aridius) bifasciata (Reitter, 1877)	low	organism_genus_title
GCA_040543525.2	Serangium japonicum	South China Agricultural University	PRJNA957052	10.1038/s41597-024-04197-w	39715742	A chromosome-level genome assembly of Serangium japonicum Chapin, 1940 (Coleoptera: Coccinellidae).	medium	organism_title
GCA_965642415.1	Harmonia quadripunctata	WELLCOME SANGER INSTITUTE	PRJEB93843	10.12688/wellcomeopenres.17349.3		The genome sequence of the harlequin ladybird, Harmonia axyridis (Pallas, 1773)	low	organism_genus_title
GCA_964188095.1	Anisosticta novemdecimpunctata	WELLCOME SANGER INSTITUTE	PRJEB76704	10.12688/wellcomeopenres.25050.1		The genome sequence of the water ladybird, Anisosticta novemdecimpunctata (Linnaeus, 1758) (Coleoptera: Coccinellidae)	medium	organism_title
GCA_965644565.1	Coccinella magnifica	WELLCOME SANGER INSTITUTE	PRJEB94210	10.1038/s41597-025-06407-5	41402362	Chromosome-level genome assembly of predatory ladybug Coccinella transversoguttata.	low	organism_genus_title
GCA_964059645.1	Calvia quattuordecimguttata	WELLCOME SANGER INSTITUTE	PRJEB76103	10.12688/wellcomeopenres.24294.1		The genome sequence of the Cream-spot Ladybird, Calvia quattuordecimguttata (Linnaeus, 1758)	medium	organism_title
GCA_034642435.1	Megalocaria dilatata	Jiangsu University of Science and Technology	PRJNA1029341	10.1038/s41597-024-02990-1	38267446	Chromosome-level genome assembly of the giant ladybug Megalocaria dilatata.	high	bioproject_text
GCA_963966015.1	Aphidecta obliterata	WELLCOME SANGER INSTITUTE	PRJEB72512	10.12688/wellcomeopenres.25090.1	41573518	The genome sequence of the larch ladybird beetle, Aphidecta obliterata (Linnaeus, 1758) (Coleoptera: Coccinellidae).	high	assembly_name
GCA_958510865.1	Myrrha octodecimguttata	WELLCOME SANGER INSTITUTE	PRJEB64393	10.12688/wellcomeopenres.23455.1	41019576	The genome sequence of 18-spot Ladybird, Myrrha octodecimguttata (Linnaeus, 1758).	high	assembly_name
GCA_046424425.1	Hippodamia variegata	Jiangsu University of Science and Technology	PRJNA1172969	10.1038/s41597-025-04882-4	40169630	Chromosome-level genome assembly of the Adonis ladybird Hippodamia variegata.	high	bioproject_text
GCA_951802165.1	Adalia decempunctata	WELLCOME SANGER INSTITUTE	PRJEB62627	10.12688/wellcomeopenres.21008.1	38966305	The genome sequence of the ten-spot ladybird, Adalia decempunctata (Linnaeus, 1758).	high	assembly_name
GCA_910592335.1	Adalia bipunctata	WELLCOME SANGER INSTITUTE	PRJEB45686	10.12688/wellcomeopenres.18610.1	37767014	The genome sequence of the two-spot ladybird, Adalia bipunctata (Linnaeus, 1758).	high	assembly_name
GCA_937662695.2	Halyzia sedecimguttata	WELLCOME SANGER INSTITUTE	PRJEB52234	10.12688/wellcomeopenres.19369.1	37476650	The genome sequence of the orange ladybird, Halyzia sedecimguttata (Linnaeus, 1758).	high	assembly_name
GCA_965783985.1	Subcoccinella vigintiquattuorpunctata	WELLCOME SANGER INSTITUTE	PRJEB95123	10.12688/wellcomeopenres.25409.1	41695296	The genome sequence of the 24-spot ladybird, Subcoccinella vigintiquattuorpunctata (Linnaeus, 1758) (Coleoptera: Coccinellidae).	high	assembly_name
GCA_964338635.1	Opilo mollis	WELLCOME SANGER INSTITUTE	PRJEB82306	10.12688/wellcomeopenres.25211.1		The genome sequence of a chequered beetle, Opilo mollis (Linnaeus, 1758) (Coleoptera: Cleridae)	medium	organism_title
GCA_964006375.1	Tillus elongatus	WELLCOME SANGER INSTITUTE	PRJEB74021	10.12688/wellcomeopenres.24678.1	41287799	The genome sequence of a Chequered Beetle, Tillus elongatus (Linnaeus, 1758) (Coleoptera: Cleridae).	high	assembly_name
GCA_910589415.1	Malachius bipustulatus	WELLCOME SANGER INSTITUTE	PRJEB45315	10.12688/wellcomeopenres.17381.1	36911104	The genome sequence of the common malachite beetle, Malachius bipustulatus (Linnaeus, 1758).	high	assembly_name
GCA_964258815.1	Anthocomus fasciatus	WELLCOME SANGER INSTITUTE	PRJEB79481	10.12688/wellcomeopenres.24976.1		The genome sequence of a soft-winged flower beetle, Anthocomus fasciatus (Linnaeus, 1758) (Coleoptera: Melyridae)	medium	organism_title
GCA_965194465.1	Biphyllus lunatus	WELLCOME SANGER INSTITUTE	PRJEB86443	10.12688/wellcomeopenres.25065.1		The genome sequence of the false skin beetle, Biphyllus lunatus (Fabricius, 1787) (Coleoptera: Biphyllidae)	medium	organism_title
GCA_965194665.1	Biphyllus lunatus	WELLCOME SANGER INSTITUTE	PRJEB86442	10.12688/wellcomeopenres.25065.1		The genome sequence of the false skin beetle, Biphyllus lunatus (Fabricius, 1787) (Coleoptera: Biphyllidae)	medium	organism_title
GCA_046866795.1	Librodor japonicus	Guangxi University	PRJNA1202356	10.1038/s41597-025-04774-7	40301379	Chromosome-level genome assembly of the sap beetle Glischrochilus (Librodor) japonius (Coleoptera: Nitidulidae).	low	organism_genus_title
GCA_963930825.1	Silvanus unidentatus	WELLCOME SANGER INSTITUTE	PRJEB72183	10.12688/wellcomeopenres.23771.1	40206407	The genome sequence of a bark-dwelling beetle, Silvanus unidentatus (Olivier, 1790).	high	assembly_name
GCA_965112455.1	Uleiota planata	WELLCOME SANGER INSTITUTE	PRJEB84218	10.12688/wellcomeopenres.25262.1		The genome sequence of a flat bark beetle, Uleiota planata (Linnaeus, 1760) (Coleoptera: Silvanidae)	medium	organism_title
GCA_963556235.1	Cryptophagus acutangulus	WELLCOME SANGER INSTITUTE	PRJEB67290	10.12688/wellcomeopenres.23688.1	40880728	The genome sequence of the acute-angled fungus beetle, Cryptophagus acutangulus Gyllenhal, 1827.	high	assembly_name
GCA_958510825.1	Brachypterus glaber	WELLCOME SANGER INSTITUTE	PRJEB64398	10.12688/wellcomeopenres.23459.1	39944230	The genome sequence of a beetle, Brachypterus glaber (Newman, 1834).	high	assembly_name
GCA_963942485.1	Pediacus dermestoides	WELLCOME SANGER INSTITUTE	PRJEB72467	10.12688/wellcomeopenres.24345.1		The genome sequence of the flat bark beetle, Pediacus dermestoides (Fabricius, 1792)	medium	organism_title
GCA_965279825.1	Nacerdes melanura	WELLCOME SANGER INSTITUTE	PRJEB89413	10.12688/wellcomeopenres.26952.1		The genome sequence of the wharf borer, Nacerdes melanura (Linnaeus, 1758) (Coleoptera: Oedemeridae)	medium	organism_title
GCA_965642255.1	Mycetophagus piceus	WELLCOME SANGER INSTITUTE	PRJEB93769	10.12688/wellcomeopenres.26516.1		The genome sequence of a hairy fungus beetle, Mycetophagus piceus (Fabricius, 1777) (Coleoptera: Mycetophagidae)	medium	organism_title
GCA_964277315.1	Tarphius canariensis	WELLCOME SANGER INSTITUTE	PRJEB81330	10.12688/openreseurope.20864.1		ERGA-BGE genome of the ironclad beetle Tarphius canariensis Wollaston, 1862	medium	organism_title
GCA_964656825.1	Bitoma crenata	WELLCOME SANGER INSTITUTE		10.12688/wellcomeopenres.26562.1		The genome sequence of a cylindrical bark beetle, Bitoma crenata (Fabricius, 1775) (Coleoptera: Zopheridae)	medium	organism_title
GCA_964656385.1	Colydium elongatum	WELLCOME SANGER INSTITUTE	PRJEB83423	10.12688/wellcomeopenres.25078.1	41502544	The genome sequence of the cylindrical bark beetle, Colydium elongatum (Fabricius, 1787) (Coleoptera: Zopheridae).	high	assembly_name
GCA_963924575.1	Pycnomerus fuliginosus	WELLCOME SANGER INSTITUTE	PRJEB72072	10.12688/wellcomeopenres.23770.1	40256616	The genome sequence of a beetle, Pycnomerus fuliginosus Erichson, 1842.	high	assembly_name
GCA_949128115.1	Anaspis maculata	WELLCOME SANGER INSTITUTE	PRJEB59498	10.12688/wellcomeopenres.21283.1	39022324	The genome sequence of a false flower beetle, Anaspis maculata (Geoffroy in Fourcroy, 1785).	high	assembly_name
GCA_964204715.1	Anaspis regimbarti	WELLCOME SANGER INSTITUTE	PRJEB78394	10.12688/wellcomeopenres.23737.1	40162189	The genome sequence of the false flower beetle, Anaspis regimbarti Schilsky, 1895.	high	assembly_name
GCA_964243895.1	Anaspis frontalis	WELLCOME SANGER INSTITUTE	PRJEB79335	10.12688/wellcomeopenres.23726.1	40093595	The genome sequence of the false flower beetle, Anaspis frontalis (Linnaeus, 1758).	high	assembly_name
GCA_949788335.1	Salpingus planirostris	WELLCOME SANGER INSTITUTE	PRJEB61168	10.12688/wellcomeopenres.22985.1		The genome sequence of the narrow-waisted bark beetle, Salpingus planirostris (Fabricius, 1787)	medium	organism_title
GCA_051167335.1	Hycleus marcipoli	Shaanxi Normal University	PRJNA1225931	10.1038/s41597-025-05728-9	40783560	Chromosome-level genome assembly of Marco Polo Blister Beetle (Hycleus marcipoli).	high	bioproject_text
GCA_039776855.1	Mylabris sibirica	Nanjing Agricultural University	PRJNA1100439	10.1038/s41597-025-04532-9	39952995	A chromosome-level genome assembly of Mylabris sibirica Fischer von Waldheim, 1823 (Coleoptera, Meloidae).	medium	organism_title
GCA_905333025.2	Pyrochroa serraticornis	WELLCOME SANGER INSTITUTE	PRJEB43484	10.12688/wellcomeopenres.17362.1	38783914	The genome sequence of the red-headed cardinal beetle, Pyrochroa serraticornis (Scopoli, 1763).	high	assembly_name
GCA_951805265.1	Schizotus pectinicornis	WELLCOME SANGER INSTITUTE	PRJEB62789	10.12688/wellcomeopenres.22888.1	39640369	The genome sequence of the Scarce Cardinal Beetle, Schizotus pectinicornis (Linnaeus, 1758).	high	assembly_name
GCA_965183915.1	Dailognatha quadricollis	Genoscope CEA	PRJEB77130	10.12688/openreseurope.20840.2	42273645	ERGA-BGE genome of Dailognatha quadricollis, an East Mediterranean darkling beetle.	high	assembly_name
GCA_964023215.2	Eledona agricola	WELLCOME SANGER INSTITUTE	PRJEB74607	10.12688/wellcomeopenres.24809.1	41377109	The genome sequence of Eledona agricola (Herbst, 1783) (Coleoptera: Tenebrionidae).	high	assembly_name
GCA_030157265.1	Latheticus oryzae	United States Department of Agriculture	PRJNA767393	10.1002/ece3.72717	41394210	The Complete Mitochondrial Genome of the Pest Beetle Latheticus oryzae: Assembly, Annotation, and Phylogenetic Analysis.	low	organism_title
GCA_022388445.1	Zophobas atratus	Kansas State University	PRJNA764250	10.1093/g3journal/jkad079	37002914	Whole genome assemblies of Zophobas morio and Tenebrio molitor.	low	organism_genus_title
GCA_947359425.1	Lagria hirta	WELLCOME SANGER INSTITUTE	PRJEB57606	10.12688/wellcomeopenres.20232.1	38434741	The genome sequence of a darkling beetle, Lagria hirta (Linnaeus, 1758).	high	assembly_name
GCA_040954815.1	Ulomoides dermestoides	China Jiliang University	PRJNA1135335	10.1038/s41597-024-04000-w	39424617	A chromosome-scale genome assembly of the peanut beetle, Ulomoides dermestoides (Coleptera: Tenebrionidae).	high	bioproject_text
GCA_963583935.1	Diaperis boleti	WELLCOME SANGER INSTITUTE	PRJEB68176	10.12688/wellcomeopenres.23071.1		The genome sequence of a darkling beetle, Diaperis boleti (Linnaeus, 1758)	medium	organism_title
GCA_041430155.1	Tribolium castaneum	National Centre for Biological Sciences	PRJNA1077124	10.1101/2024.05.20.594914		Genome assembly and annotation of the red flour beetle ( Tribolium castaneum) from India	high	bioproject_text
GCA_019155225.1	Tribolium confusum	UC Berkeley	PRJNA715483	10.1371/journal.pgen.1011477	39585913	Sex and neo-sex chromosome evolution in beetles.	medium	bioproject_text
GCA_022388455.1	Tribolium freemani	Kansas State University	PRJNA764226	10.3390/ijms23115869	35682551	Reference-Guided De Novo Genome Assembly of the Flour Beetle Tribolium freemani.	low	organism_title
GCA_939628115.1	Tribolium freemani	rudjer boskovic institute	PRJEB52307	10.3390/ijms23115869	35682551	Reference-Guided De Novo Genome Assembly of the Flour Beetle Tribolium freemani.	high	assembly_name
GCA_965601595.1	Pseudocistela ceramboides	WELLCOME SANGER INSTITUTE	PRJEB90520	10.12688/wellcomeopenres.26513.1		The genome sequence of the comb-clawed beetle, Pseudocistela ceramboides (Linnaeus, 1758) (Coleoptera: Tenebrionidae)	medium	organism_title
GCA_965112505.1	Prionychus ater	WELLCOME SANGER INSTITUTE	PRJEB84216	10.12688/wellcomeopenres.24801.1	41112848	The genome sequence of the comb-clawed beetle, Prionychus ater (Fabricius, 1775) (Coleoptera: Tenebrionidae).	high	assembly_name
GCA_965152765.1	Dendarus foraminosus	Genoscope CEA	PRJEB77266	10.12688/openreseurope.20489.3	41488404	ERGA-BGE genome of Dendarus foraminosus: an IUCN Least Concern darkling beetle endemic to Crete (Greece).	high	assembly_name
GCA_040580785.1	Brontispa longissima	Agricultural Genomics Institute at Shenzhen, Chinese Academy of Agricultural Sciences	PRJNA1085852	10.1038/s41597-024-03846-4	39277624	A chromosome-level genome assembly of the Brontispa longissima.	high	bioproject_text
GCA_034190945.1	Octodonta nipae	China Jiliang University	PRJNA1016083	10.1038/s41597-024-03417-7	38816381	A chromosome-scale genome assembly of the nipa palm hispid beetle Octodonta nipae.	medium	organism_title
GCA_963576515.1	Cryptocephalus primarius	WELLCOME SANGER INSTITUTE	PRJEB68110	10.12688/wellcomeopenres.23703.1	40225903	The genome sequence of the Rock-rose Pot Beetle, Cryptocephalus primarius Harold, 1872.	high	assembly_name
GCA_946251905.1	Cryptocephalus moraei	WELLCOME SANGER INSTITUTE	PRJEB55436	10.12688/wellcomeopenres.19522.1	38680651	The genome sequence of a leaf beetle, Cryptocephalus moraei (Linnaeus, 1758).	high	assembly_name
GCA_965663585.1	Cryptocephalus pusillus	WELLCOME SANGER INSTITUTE	PRJEB94975	10.12688/wellcomeopenres.23703.1	40225903	The genome sequence of the Rock-rose Pot Beetle, Cryptocephalus primarius Harold, 1872.	low	organism_genus_title
GCA_965641405.1	Gastrophysa viridula	WELLCOME SANGER INSTITUTE	PRJEB91873	10.12688/wellcomeopenres.23293.1	39640370	The genome sequence of knotweed leaf beetle, Gastrophysa polygoni (Linnaeus, 1758).	low	organism_genus_title
GCA_963576655.1	Gastrophysa polygoni	WELLCOME SANGER INSTITUTE	PRJEB68118	10.12688/wellcomeopenres.23293.1	39640370	The genome sequence of knotweed leaf beetle, Gastrophysa polygoni (Linnaeus, 1758).	high	assembly_name
GCA_035321685.1	Plagiodera versicolora	Hubei University	PRJNA1045844	10.12688/wellcomeopenres.23461.1		The genome sequence of the leaf beetle, Plagiodera versicolora (Laicharting, 1781)	low	organism_title
GCA_037013635.1	Plagiodera versicolora	Hubei University	PRJNA1045849	10.1073/pnas.2415717122	39793087	Metabolic enhancement contributed by horizontal gene transfer is essential for dietary specialization in leaf beetles.	medium	bioproject_text
GCA_047716315.1	Plagiodera versicolora	Chinese Academy of Agricultural Sciences	PRJNA1194376	10.12688/wellcomeopenres.23461.1		The genome sequence of the leaf beetle, Plagiodera versicolora (Laicharting, 1781)	low	organism_title
GCA_963584125.1	Plagiodera versicolora	WELLCOME SANGER INSTITUTE	PRJEB68210	10.12688/wellcomeopenres.23461.1		The genome sequence of the leaf beetle, Plagiodera versicolora (Laicharting, 1781)	low	organism_title
GCA_964197785.1	Chrysolina graminis	WELLCOME SANGER INSTITUTE	PRJEB77184	10.12688/wellcomeopenres.24287.1	41341112	The genome sequence of the Tansy Beetle, Chrysolina graminis (Linnaeus, 1758).	high	assembly_name
GCA_944452925.2	Chrysolina oricalcia	WELLCOME SANGER INSTITUTE	PRJEB53643	10.12688/wellcomeopenres.19985.2	39193091	The genome sequence of the Cow Parsley Leaf Beetle, Chrysolina oricalcia (O.F. Müller, 1776).	high	assembly_name
GCA_958502065.1	Chrysolina americana	WELLCOME SANGER INSTITUTE	PRJEB64387	10.12688/wellcomeopenres.23458.1		The genome sequence of the Rosemary Beetle, Chrysolina americana (Linnaeus, 1758)	medium	organism_title
GCA_958298965.1	Chrysolina haemoptera	WELLCOME SANGER INSTITUTE	PRJEB64038	10.12688/wellcomeopenres.22887.1	39669693	The genome sequence of a leaf beetle, Chrysolina haemoptera (Linnaeus, 1758).	high	assembly_name
GCA_027562985.1	Chrysomela aeneicollis	UC Berkeley	PRJNA693623	10.1093/g3journal/jkad106	37178174	A chromosome-scale genome assembly and evaluation of mtDNA variation in the willow leaf beetle Chrysomela aeneicollis.	high	bioproject_text
GCA_965642295.1	Chrysomela populi	WELLCOME SANGER INSTITUTE	PRJEB93767	10.12688/wellcomeopenres.25214.1	41660133	The genome sequence of a leaf beetle, Chrysomela saliceti (Weise, 1884) (Coleoptera: Chrysomelidae).	low	organism_genus_title
GCA_965121785.1	Chrysomela saliceti	WELLCOME SANGER INSTITUTE	PRJEB85414	10.12688/wellcomeopenres.25214.1	41660133	The genome sequence of a leaf beetle, Chrysomela saliceti (Weise, 1884) (Coleoptera: Chrysomelidae).	high	assembly_name
GCA_024712935.1	Leptinotarsa decemlineata	Zhejiang University	PRJNA854273	10.1038/s41597-023-01950-5	36653371	Chromosome-level genome assembly of the Colorado potato beetle, Leptinotarsa decemlineata.	high	bioproject_text
GCA_964028335.1	Altica lythri	WELLCOME SANGER INSTITUTE	PRJEB74861	10.12688/wellcomeopenres.24269.1	40931741	The genome sequence of a flea beetle, Altica lythri Aubé, 1843.	high	assembly_name
GCA_965615805.1	Crepidodera fulvicornis	WELLCOME SANGER INSTITUTE	PRJEB90966	10.12688/wellcomeopenres.26138.1		The genome sequence of a leaf beetle, Crepidodera fulvicornis (Fabricius, 1792) (Coleoptera: Chrysomelidae)	medium	organism_title
GCA_965645225.1	Crepidodera aurata	WELLCOME SANGER INSTITUTE	PRJEB94310	10.12688/wellcomeopenres.22454.1	39323607	The genome sequence of the flea beetle, Crepidodera aurea (Geoffrey, 1785).	low	organism_genus_title
GCA_949320105.2	Crepidodera aurea	WELLCOME SANGER INSTITUTE	PRJEB60253	10.12688/wellcomeopenres.22454.1	39323607	The genome sequence of the flea beetle, Crepidodera aurea (Geoffrey, 1785).	high	assembly_name
GCA_951812935.1	Hermaeophaga mercurialis	WELLCOME SANGER INSTITUTE	PRJEB63008	10.12688/wellcomeopenres.22896.1	39429629	The genome sequence of the Dogs-Mercury Flea Beetle, Hermaeophaga mercurialis (Fabricius, 1792).	high	assembly_name
GCA_965178105.1	Longitarsus dorsalis	WELLCOME SANGER INSTITUTE	PRJEB86221	10.12688/wellcomeopenres.25209.1		The genome sequence of a flea beetle, Longitarsus flavicornis (Stephens, 1831) (Coleoptera: Chrysomelidae)	low	organism_genus_title
GCA_964258785.1	Longitarsus flavicornis	WELLCOME SANGER INSTITUTE	PRJEB79478	10.12688/wellcomeopenres.25209.1		The genome sequence of a flea beetle, Longitarsus flavicornis (Stephens, 1831) (Coleoptera: Chrysomelidae)	medium	organism_title
GCA_963243735.1	Neocrepidodera transversa	WELLCOME SANGER INSTITUTE	PRJEB65059	10.12688/wellcomeopenres.23697.1	40078959	The genome sequence of a flea beetle, Neocrepidodera transversa (Marsham, 1802).	high	assembly_name
GCA_950111635.2	Agelastica alni	WELLCOME SANGER INSTITUTE	PRJEB61673	10.12688/wellcomeopenres.24286.1	41200467	The genome sequence of the Alder leaf beetle, Agelastica alni (Linnaeus, 1758).	high	assembly_name
GCA_051251045.1	Aulacophora lewisii	Xinyang Normal University	PRJNA1195038	10.1038/s41597-025-06355-0	41350275	A chromosomal-level genome assembly of Aulacophora lewisii Baly, 1886 (Coleoptera: Chrysomelidae).	high	bioproject_text
GCA_045514875.1	Monolepta hieroglyphica	BAAFS	PRJNA1171132	10.1038/s41597-024-04360-3	39747111	Chromosome-level genome assembly of Monolepta hieroglyphica, two-spotted leaf beetle (Coleoptera: Chrysomelidae).	medium	organism_title
GCA_035357415.1	Ophraella communa	Chinese Academy of Agricultural Sciences	PRJNA899605	10.1038/s41597-024-03486-8	38971852	Chromosome-level genome assembly of an oligophagous leaf beetle Ophraella communa (Coleoptera: Chrysomelidae).	high	bioproject_text
GCA_963978555.1	Galerucella nymphaeae	WELLCOME SANGER INSTITUTE	PRJEB73618	10.12688/wellcomeopenres.23676.1	40046089	The genome sequence of a leaf beetle, Galerucella nymphaeae (Linnaeus, 1758).	high	assembly_name
GCA_963921935.1	Galeruca laticollis	WELLCOME SANGER INSTITUTE	PRJEB71836	10.12688/wellcomeopenres.23195.1	39575234	The genome sequence of a leaf beetle, Galeruca laticollis Sahlberg, C.R., 1838.	high	assembly_name
GCA_947563755.1	Lochmaea crataegi	WELLCOME SANGER INSTITUTE	PRJEB58179	10.12688/wellcomeopenres.20911.1	39246515	The genome sequence of the hawthorn leaf beetle, Lochmaea crataegi (Forster, 1771).	high	assembly_name
GCA_949126875.1	Lochmaea capreae	WELLCOME SANGER INSTITUTE	PRJEB59460	10.12688/wellcomeopenres.22424.2	39464373	The genome sequence of the willow leaf beetle, Lochmaea capreae Linnaeus, 1758.	high	assembly_name
GCA_958507055.1	Crioceris asparagi	WELLCOME SANGER INSTITUTE	PRJEB64385	10.12688/wellcomeopenres.23460.1	40528997	The genome sequence of the Asparagus Beetle, Crioceris asparagi (Linnaeus, 1758).	high	assembly_name
GCA_949316355.1	Bruchidius siliquastri	WELLCOME SANGER INSTITUTE	PRJEB60137	10.12688/wellcomeopenres.21109.1	39132672	The genome sequence of the Judas Tree Seed Beetle, Bruchidius siliquastri Delobel, 2007.	high	assembly_name
GCA_964204745.1	Bruchidius varius	WELLCOME SANGER INSTITUTE	PRJEB78407	10.12688/wellcomeopenres.25064.1		The genome sequence of the leaf beetle, Bruchidius varius (Olivier, 1795) (Coleoptera: Chrysomelidae)	medium	organism_title
GCA_965643515.1	Bruchidius villosus	WELLCOME SANGER INSTITUTE	PRJEB93937	10.12688/wellcomeopenres.21109.1	39132672	The genome sequence of the Judas Tree Seed Beetle, Bruchidius siliquastri Delobel, 2007.	low	organism_genus_title
GCA_040182625.1	Callosobruchus maculatus	Institute of Zoology Chinese Academy of Sciences	PRJNA1048654	10.1038/s41597-024-03638-w	39025902	High-quality reference genome of cowpea beetle Callosobruchus maculatus.	high	bioproject_text
GCA_964058775.1	Tetropium fuscum	WELLCOME SANGER INSTITUTE	PRJEB75844	10.12688/wellcomeopenres.24296.1		The genome sequence of the brown spruce longhorn beetle Tetropium fuscum (Fabricius, 1787)	medium	organism_title
GCA_045514315.1	Arhopalus unicolor	Fujian Agriculture and Forestry University	PRJNA1112115	10.1038/s41597-025-04460-8	39833239	Chromosome-level genome assembly of the pine wood nematode carrier Arhopalus unicolor.	high	bioproject_text
GCA_046563155.1	Arhopalus rusticus	Beijing Forestry University	PRJNA953210	10.1038/s41597-025-05523-6	40634339	Chromosome-level genome assembly of the longhorn beetle Arhopalus rusticus (Coleoptera: Cerambycidae).	high	bioproject_text
GCA_964213965.1	Arhopalus rusticus	WELLCOME SANGER INSTITUTE		10.1038/s41597-025-05523-6	40634339	Chromosome-level genome assembly of the longhorn beetle Arhopalus rusticus (Coleoptera: Cerambycidae).	low	organism_title
GCA_963680705.1	Rhagium mordax	WELLCOME SANGER INSTITUTE	PRJEB70411	10.12688/wellcomeopenres.23668.1	40093593	The genome sequence of a longhorn beetle, Rhagium mordax (Degeer, 1775).	high	assembly_name
GCA_936432065.2	Rutpela maculata	WELLCOME SANGER INSTITUTE	PRJEB52068	10.12688/wellcomeopenres.20500.2	42038203	The genome sequence of a longhorn beetle, Rutpela maculata (Poda, 1769).	high	assembly_name
GCA_963583905.1	Stenurella melanura	WELLCOME SANGER INSTITUTE	PRJEB68169	10.12688/wellcomeopenres.22580.1		The genome sequence of a longhorn beetle, Stenurella melanura (Linnaeus, 1758)	medium	organism_title
GCA_964332215.1	Grammoptera ruficornis	WELLCOME SANGER INSTITUTE	PRJEB82218	10.12688/wellcomeopenres.26515.1		The genome sequence of the longhorn beetle, Grammoptera ruficornis (Fabricius, 1781) (Coleoptera: Cerambycidae)	medium	organism_title
GCA_963675555.1	Leptura quadrifasciata	WELLCOME SANGER INSTITUTE	PRJEB69336	10.12688/wellcomeopenres.22611.1		The genome sequence of the four-banded longhorn beetle, Leptura quadrifasciata Linnaeus, 1758	medium	organism_title
GCA_964212005.1	Stictoleptura scutellata	WELLCOME SANGER INSTITUTE	PRJEB78590	10.12688/wellcomeopenres.25051.1	41502540	The genome sequence of a longhorn beetle, Stictoleptura scutellata (Fabricius, 1781) (Coleoptera: Cerambycidae).	high	assembly_name
GCA_051225655.1	Nadezhdiella cantori	Xinyang Normal University	PRJNA1274636	10.1038/s41597-026-07420-y	42120432	A chromosomal-level genome assembly of Nadezhdiella cantori (Hope, 1843) (Coleoptera: Cerambycidae).	medium	organism_title
GCA_965642075.1	Aromia moschata	WELLCOME SANGER INSTITUTE	PRJEB92391	10.12688/wellcomeopenres.26949.1		The genome sequence of the musk beetle, Aromia moschata (Linnaeus, 1758) (Coleoptera: Cerambycidae)	medium	organism_title
GCA_035320865.1	Monochamus alternatus	Beijing Forestry University	PRJNA819115	10.1038/s41597-024-03048-y	38351308	Chromosome-level genome assembly of the Japanese sawyer beetle Monochamus alternatus.	high	bioproject_text
GCA_037114965.1	Monochamus alternatus	Hebei University	PRJNA1084890	10.1038/s41597-024-03150-1	38531927	A near-complete genome assembly of Monochamus alternatus a major vector beetle of pinewood nematode.	high	bioproject_text
GCA_963924545.1	Pogonocherus hispidulus	WELLCOME SANGER INSTITUTE	PRJEB72078	10.12688/wellcomeopenres.22455.1		The genome sequence of the greater thorn-tipped longhorn beetle, Pogonocherus hispidulus (Piller & Mitterpacher, 1783)	medium	organism_title
GCA_964106875.1	Platystomos albinus	WELLCOME SANGER INSTITUTE	PRJEB76113	10.12688/wellcomeopenres.24290.1	41306858	The genome sequence of a fungus weevil, Platystomos albinus (C.Linnaeus, 1758).	high	assembly_name
GCA_963920635.1	Pseudeuparius sepicola	WELLCOME SANGER INSTITUTE	PRJEB71547	10.12688/wellcomeopenres.23209.1	39568558	The genome sequence of a fungus weevil, Pseudeuparius sepicola (Fabricius, 1792).	high	assembly_name
GCA_963576565.1	Aspidapion aeneum	WELLCOME SANGER INSTITUTE	PRJEB68111	10.12688/wellcomeopenres.23613.1	40104437	The genome sequence of a seed weevil, Aspidapion aeneum (Fabricius, 1775).	high	assembly_name
GCA_963921995.1	Oxystoma pomonae	WELLCOME SANGER INSTITUTE	PRJEB71841	10.12688/wellcomeopenres.25092.1	41488257	The genome sequence of a seed weevil, Oxystoma pomonae (Fabricius, 1798) (Coleoptera: Apionidae).	high	assembly_name
GCA_911728435.2	Apoderus coryli	WELLCOME SANGER INSTITUTE	PRJEB46626	10.12688/wellcomeopenres.17380.1		The genome sequence of the hazel leaf-roller, Apoderus coryli (Linnaeus, 1758)	medium	organism_title
GCA_964656865.1	Grypus equiseti	WELLCOME SANGER INSTITUTE	PRJEB83600	10.12688/wellcomeopenres.26331.1		The genome sequence of the Horsetail Weevil, Grypus equiseti (Fabricius, 1775) (Coleoptera: Erirhinidae)	medium	organism_title
GCA_949748235.1	Platypus cylindrus	WELLCOME SANGER INSTITUTE	PRJEB60808	10.12688/wellcomeopenres.22425.2	39301439	The genome sequence of the oak pinhole borer, Platypus cylindrus (Fabricius, 1792).	high	bioproject_text
GCA_965178145.1	Ceutorhynchus obstrictus	WELLCOME SANGER INSTITUTE	PRJEB86217	10.12688/wellcomeopenres.26136.1	42109707	The genome sequence of the cabbage seedpod weevil, Ceutorhynchus obstrictus (Marsham, 1802) (Coleoptera: Curculionidae).	high	assembly_name
GCA_964211925.1	Kyklioacalles roboris	WELLCOME SANGER INSTITUTE	PRJEB78586	10.12688/wellcomeopenres.25416.1	41696497	The genome sequence of the cryptorhynchine weevil, Kyklioacalles roboris (Stüben, 2003) (Coleoptera: Curculionidae).	high	assembly_name
GCA_047936755.1	Sitophilus zeamais	Henan University of Technology	PRJNA1208214	10.1038/s41597-025-05341-w	40490451	Chromosome-level genome assembly and annotation of the maize weevil (Sitophilus zeamais Motschulsky).	high	bioproject_text
GCA_964263205.1	Sitona lineatus	WELLCOME SANGER INSTITUTE	PRJEB79950	10.12688/wellcomeopenres.25280.1		The genome sequence of a weevil, Sitona lineatus (Linnaeus, 1758) (Coleoptera: Curculionidae)	medium	organism_title
GCA_019049505.1	Pachyrhynchus sulphureomaculatus	California Academy of Sciences	PRJNA731935	10.1371/journal.pgen.1009745	34460814	The Easter Egg Weevil (Pachyrhynchus) genome reveals syntenic patterns in Coleoptera across 200 million years of evolution.	high	bioproject_text
GCA_963991005.1	Barypeithes pellucidus	WELLCOME SANGER INSTITUTE	PRJEB73828	10.12688/wellcomeopenres.23067.1		The genome sequence of the hairy spider weevil, Barypeithes pellucidus (Boheman, 1834)	medium	organism_title
GCA_963576705.1	Polydrusus tereticollis	WELLCOME SANGER INSTITUTE	PRJEB68123	10.12688/wellcomeopenres.26565.1		The genome sequence of a weevil, Polydrusus tereticollis (DeGeer, 1775) (Coleoptera: Curculionidae)	medium	organism_title
GCA_963920685.1	Polydrusus tereticollis	WELLCOME SANGER INSTITUTE	PRJEB71550	10.12688/wellcomeopenres.26565.1		The genome sequence of a weevil, Polydrusus tereticollis (DeGeer, 1775) (Coleoptera: Curculionidae)	medium	organism_title
GCA_935413205.1	Polydrusus cervinus	WELLCOME SANGER INSTITUTE	PRJEB51933	10.12688/wellcomeopenres.20414.1	38846515	The genome sequence of a weevil, Polydrusus cervinus (Linnaeus, 1758).	high	assembly_name
GCA_963969555.1	Polydrusus pterygomalis	WELLCOME SANGER INSTITUTE	PRJEB73302	10.12688/wellcomeopenres.23048.1	39439931	The genome sequence of an Entiminae weevil, Polydrusus pterygomalis Boheman, 1840.	high	assembly_name
GCA_965118235.1	Pachyrhinus lethierryi	WELLCOME SANGER INSTITUTE	PRJEB85256	10.12688/wellcomeopenres.25212.1	41695298	The genome sequence of the weevil, Pachyrhinus lethierryi (Desbrochers des Loges, 1875) (Coleoptera: Curculionidae).	high	assembly_name
GCA_963971165.1	Philopedon plagiatum	WELLCOME SANGER INSTITUTE	PRJEB73466	10.12688/wellcomeopenres.23784.1		The genome sequence of a weevil, Philopedon plagiatum (Schaller, 1783)	medium	organism_title
GCA_030068095.1	Anthonomus grandis thurberiae	United States Department of Agriculture	PRJNA807464	10.1093/g3journal/jkac309	36454104	Insight into weevil biology from a reference quality genome of the boll weevil, Anthonomus grandis grandis Boheman (Coleoptera: Curculionidae).	medium	organism_title
GCA_051047995.1	Curculio caryae	United States Department of Agriculture	PRJNA813156	10.1038/s41597-026-07030-8	41851120	A chromosome level reference genome for the pecan weevil, Curculio caryae.	high	bioproject_text
GCA_965648435.1	Curculio glandium	WELLCOME SANGER INSTITUTE	PRJEB94373	10.12688/wellcomeopenres.26157.1	42021765	The genome sequence of the Acorn Weevil, Curculio glandium (T.Marsham, 1802) (Coleoptera: Curculionidae).	high	assembly_name
GCA_958502075.1	Orchestes rusci	WELLCOME SANGER INSTITUTE	PRJEB64389	10.12688/wellcomeopenres.22745.1	39290368	The genome sequence of the jumping weevil, Orchestes rusci (Herbst, 1795).	high	assembly_name
GCA_951812265.1	Taphrorychus bicolor	WELLCOME SANGER INSTITUTE	PRJEB62903	10.12688/wellcomeopenres.21265.1	39355659	The genome sequence of the beech bark beetle, Taphrorychus bicolor (Herbst, 1793).	high	assembly_name
GCA_039881215.1	Euwallacea similis	CSIRO	PRJNA1086994	10.1093/gbe/evae226	39431789	Chromosome Structural Rearrangements in Invasive Haplodiploid Ambrosia Beetles Revealed by the Genomes of Euwallacea fornicatus (Eichhoff) and Euwallacea similis (Ferrari) (Coleoptera, Curculionidae, Scolytinae).	high	bioproject_text
GCA_040115655.1	Euwallacea fornicatus	CSIRO	PRJNA1086994	10.1093/gbe/evae226	39431789	Chromosome Structural Rearrangements in Invasive Haplodiploid Ambrosia Beetles Revealed by the Genomes of Euwallacea fornicatus (Eichhoff) and Euwallacea similis (Ferrari) (Coleoptera, Curculionidae, Scolytinae).	high	bioproject_text
GCA_018691245.2	Ips nitidus	Chinese Academy of Forestry	PRJNA722788	10.1016/j.isci.2023.107793	37731610	Genome and transcriptome of Ips nitidus provide insights into high-altitude hypoxia adaptation and symbiosis.	medium	organism_title
GCA_040113315.1	Dendroctonus frontalis	Texas A&M University	PRJNA1100959	10.1098/rsos.240755	39665097	Genome assembly of the southern pine beetle (Dendroctonus frontalis Zimmerman) reveals the origins of gene content reduction in Dendroctonus.	high	bioproject_text
GCA_963966045.2	Xestobium rufovillosum	WELLCOME SANGER INSTITUTE	PRJEB72516	10.12688/wellcomeopenres.23210.1	41069414	The genome sequence of the Deathwatch beetle, Xestobium rufovillosum (De Geer, 1774).	high	assembly_name
GCA_028476595.1	Obolodiplosis robiniae	Academy of forestry chinese	PRJNA883195	10.1038/s41597-024-04037-x	39543130	The chromosome-level genome assembly and annotation of an invasive forest pest Obolodiplosis robiniae.	medium	organism_title
GCA_021018905.1	Sitodiplosis mosellana	Henan Academy of Agricultural Sciences	PRJNA720212	10.1093/g3journal/jkac161	35751604	A chromosome-level genome assembly of the orange wheat blossom midge, Sitodiplosis mosellana Géhin (Diptera: Cecidomyiidae) provides insights into the evolution of a detoxification system.	high	bioproject_text
GCA_030463065.1	Aphidoletes aphidimyza	Guizhou University	PRJNA634691	10.1038/s41597-024-03614-4	39019956	The chromosome-level genome assembly of Aphidoletes aphidimyza Rondani (Diptera: Cecidomyiidae).	medium	organism_title
GCA_014529535.3	Bradysia coprophila	Brown University	PRJNA291918	10.1101/2022.11.03.515061		Chromosome-scale scaffolding of the fungus gnat genome (Diptera: Bradysia coprophila )	low	organism_title
GCA_965233685.1	Bradysia coprophila	WELLCOME SANGER INSTITUTE	PRJEB87816	10.1101/2024.12.30.630734		Does non-Mendelian chromosome transmission and unusual sex determination affect male mate choice in the fly Bradysia coprophila ?	low	organism_title
GCA_910594885.2	Bibio marci	WELLCOME SANGER INSTITUTE	PRJEB45913	10.12688/wellcomeopenres.17265.1	35572470	The genome sequence of the St Mark's fly, Bibio marci (Linnaeus, 1758).	high	assembly_name
GCA_958336335.1	Dilophus febrilis	WELLCOME SANGER INSTITUTE	PRJEB64321	10.1093/gbe/evae205	39331700	A Chromosome-Scale and Annotated Reference Genome Assembly of Plecia longiforceps Duda, 1934 (Diptera: Bibionidae).	high	accession
GCA_015501955.1	Anopheles atroparvus	Virginia Tech	PRJNA660041	10.1038/s41467-022-29599-5	35413948	Anopheles mosquitoes reveal new principles of 3D genome organization in insects.	high	bioproject_text
GCA_965234755.1	Anopheles pretoriensis	WELLCOME SANGER INSTITUTE	PRJEB88035	10.1038/s41598-025-01713-9	40461484	Chromosome-scale genome assembly and annotation of two geographically distinct strains of malaria vector Anopheles albimanus.	low	organism_genus_title
GCA_965234765.1	Anopheles pauliani	WELLCOME SANGER INSTITUTE	PRJEB88034	10.1038/s41598-025-01713-9	40461484	Chromosome-scale genome assembly and annotation of two geographically distinct strains of malaria vector Anopheles albimanus.	low	organism_genus_title
GCA_965231785.1	Anopheles pharoensis	WELLCOME SANGER INSTITUTE		10.1038/s41598-025-01713-9	40461484	Chromosome-scale genome assembly and annotation of two geographically distinct strains of malaria vector Anopheles albimanus.	low	organism_genus_title
GCA_965266975.1	Anopheles mascarensis	WELLCOME SANGER INSTITUTE	PRJEB88952	10.1038/s41598-025-01713-9	40461484	Chromosome-scale genome assembly and annotation of two geographically distinct strains of malaria vector Anopheles albimanus.	low	organism_genus_title
GCA_003448955.2	Anopheles stephensi	Institute of Bioinformatics and Applied Biotechnology	PRJNA473393	10.3389/fgene.2020.565626	33312190	A Near-Chromosome Level Genome Assembly of Anopheles stephensi.	high	bioproject_text
GCA_003448975.2	Anopheles stephensi	Institute of Bioinformatics and Applied Biotechnology	PRJNA473393	10.3389/fgene.2020.565626	33312190	A Near-Chromosome Level Genome Assembly of Anopheles stephensi.	high	bioproject_text
GCA_017562265.1	Anopheles stephensi	Virginia Tech	PRJNA660041	10.1038/s41467-022-29599-5	35413948	Anopheles mosquitoes reveal new principles of 3D genome organization in insects.	high	bioproject_text
GCA_020882675.1	Anopheles stephensi	IBAB	PRJNA746765	10.1038/s41598-022-07462-3	35246568	The genome trilogy of Anopheles stephensi, an urban malaria vector, reveals structure of a locus associated with adaptation to environmental heterogeneity.	high	bioproject_text
GCA_023078585.1	Anopheles stephensi	IBAB	PRJNA757559	10.1038/s41598-022-23780-y	36351999	Identification of a TNF-TNFR-like system in malaria vectors (Anopheles stephensi) likely to influence Plasmodium resistance.	medium	bioproject_text
GCA_016097095.1	Anopheles coluzzii	Institut de Biologia Evolutiva	PRJNA676011	10.1101/gr.275761.121	34965939	Transposable element variants and their potential adaptive impact in urban populations of the malaria vector Anopheles coluzzii.	high	bioproject_text
GCA_016097175.1	Anopheles coluzzii	Institut de Biologia Evolutiva	PRJNA676011	10.1101/gr.275761.121	34965939	Transposable element variants and their potential adaptive impact in urban populations of the malaria vector Anopheles coluzzii.	high	bioproject_text
GCA_016097185.1	Anopheles coluzzii	Institut de Biologia Evolutiva	PRJNA676011	10.1101/gr.275761.121	34965939	Transposable element variants and their potential adaptive impact in urban populations of the malaria vector Anopheles coluzzii.	high	bioproject_text
GCA_016097195.1	Anopheles coluzzii	Institut de Biologia Evolutiva	PRJNA676011	10.1101/gr.275761.121	34965939	Transposable element variants and their potential adaptive impact in urban populations of the malaria vector Anopheles coluzzii.	high	bioproject_text
GCA_016097205.1	Anopheles coluzzii	Institut de Biologia Evolutiva	PRJNA676011	10.1101/gr.275761.121	34965939	Transposable element variants and their potential adaptive impact in urban populations of the malaria vector Anopheles coluzzii.	high	bioproject_text
GCA_016097225.1	Anopheles coluzzii	Institut de Biologia Evolutiva	PRJNA676011	10.1101/gr.275761.121	34965939	Transposable element variants and their potential adaptive impact in urban populations of the malaria vector Anopheles coluzzii.	high	bioproject_text
GCA_016508615.1	Anopheles coluzzii	Virginia Tech	PRJNA660041	10.1038/s41467-022-29599-5	35413948	Anopheles mosquitoes reveal new principles of 3D genome organization in insects.	high	bioproject_text
GCA_963924065.2	Anopheles arabiensis	WELLCOME SANGER INSTITUTE	PRJEB71908	10.1186/s12864-025-11788-3	40597647	Genomic surveillance reveals geographical heterogeneity and differences in known and novel insecticide resistance mechanisms in Anopheles arabiensis across Kenya.	low	organism_title
GCA_003951495.1	Anopheles funestus	University of Notre Dame	PRJNA494870	10.1093/gigascience/giz063	31157884	A chromosome-scale assembly of the major African malaria vector Anopheles funestus.	high	assembly_name
GCA_964033645.1	Anopheles funestus	WELLCOME SANGER INSTITUTE	PRJEB71905	10.1093/molbev/msaf251	41133746	Genomic Drivers of Pyrethroid Resistance Escalation in the Malaria Vector Anopheles funestus Across Africa.	low	organism_title
GCA_965234655.1	Anopheles squamosus	WELLCOME SANGER INSTITUTE		10.1038/s41598-025-01713-9	40461484	Chromosome-scale genome assembly and annotation of two geographically distinct strains of malaria vector Anopheles albimanus.	low	organism_genus_title
GCA_015501965.1	Anopheles albimanus	Virginia Tech	PRJNA660041	10.1038/s41467-022-29599-5	35413948	Anopheles mosquitoes reveal new principles of 3D genome organization in insects.	high	bioproject_text
GCA_943734665.2	Anopheles aquasalis	WELLCOME SANGER INSTITUTE	PRJEB53270	10.1038/s41598-023-47830-1	37993652	Unravelling the genome of the brackish water malaria vector Anopheles aquasalis.	medium	organism_title
GCA_038994775.1	Anopheles darlingi	Broad Institute	PRJNA830873	10.12688/wellcomeopenres.23989.1	41040652	Two chromosomal reference genome sequences for the malaria mosquito, Anopheles ( Nyssorhynchus) darlingi, Root, 1926 from French Guiana and Peru.	high	bioproject_text
GCA_964417245.1	Anopheles oryzalimnetes	WELLCOME SANGER INSTITUTE	PRJEB83069	10.1038/s41598-025-01713-9	40461484	Chromosome-scale genome assembly and annotation of two geographically distinct strains of malaria vector Anopheles albimanus.	low	organism_genus_title
GCA_964417195.1	Anopheles bellator	WELLCOME SANGER INSTITUTE	PRJEB83063	10.1038/s41598-025-01713-9	40461484	Chromosome-scale genome assembly and annotation of two geographically distinct strains of malaria vector Anopheles albimanus.	low	organism_genus_title
GCA_040801935.1	Aedes notoscriptus	CSIRO Applied Genomics Initiative	PRJNA1131912	10.64898/2026.04.09.717544		Living by the sea: chromosome-scale genome assembly and salt gland transcriptomes provide insights into ion regulatory mechanisms in the saline-tolerant mosquito Aedes togoi	low	organism_genus_title
GCA_964187845.1	Culex laticinctus	WELLCOME SANGER INSTITUTE	PRJEB76637	10.1111/1755-0998.13712	36075571	Chromosome-level assembly of Culex pipiens molestus and improved reference genome of Culex pipiens pallens (Culicidae, Diptera).	low	organism_genus_title
GCA_963924435.1	Culex pipiens	WELLCOME SANGER INSTITUTE	PRJEB67967	10.12688/wellcomeopenres.23767.1	40115327	A chromosomal reference genome sequence for the northern house mosquito, Culex pipiens form pipiens, Linnaeus, 1758.	high	bioproject_text
GCA_024516115.1	Culex pipiens molestus	Shandong First Medical University	PRJNA717887	10.1111/1755-0998.13712	36075571	Chromosome-level assembly of Culex pipiens molestus and improved reference genome of Culex pipiens pallens (Culicidae, Diptera).	medium	organism_title
GCA_964243045.1	Culex perexiguus	WELLCOME SANGER INSTITUTE	PRJEB79334	10.1111/1755-0998.13712	36075571	Chromosome-level assembly of Culex pipiens molestus and improved reference genome of Culex pipiens pallens (Culicidae, Diptera).	low	organism_genus_title
GCA_033064975.1	Smittia sp. YW1114-2	Huanggang Normal University	PRJNA809421	10.1038/s41597-024-03010-y	38310146	Two chromosome-level genomes of Smittia aterrima and Smittia pratorum (Diptera, Chironomidae).	high	bioproject_text
GCA_033063855.1	Smittia aterrima	Huanggang Normal University	PRJNA809421	10.1038/s41597-024-03010-y	38310146	Two chromosome-level genomes of Smittia aterrima and Smittia pratorum (Diptera, Chironomidae).	high	bioproject_text
GCA_026123125.1	Chironomus striatipennis	Shanghai Ocean University	PRJNA852386	10.22541/au.165709988.84463352/v1		Chromosome-level genome assembly of Chironomus striatipennis Kieffer provides insights into benthic adaptation and metamorphosis mechanism	medium	organism_title
GCA_963573255.1	Chironomus tentans	WELLCOME SANGER INSTITUTE	PRJEB67690	10.12688/wellcomeopenres.23907.1	40302898	The genome sequence of a chironomid fly, Chironomus tentans Fabricius, 1805.	high	assembly_name
GCA_963854165.1	Sylvicola cinctus	WELLCOME SANGER INSTITUTE	PRJEB71086	10.12688/wellcomeopenres.23762.1	41084622	The genome sequence of the wood gnat, Sylvicola cinctus (Fabricius, 1787).	high	assembly_name
GCA_963942525.1	Ptychoptera contaminata	WELLCOME SANGER INSTITUTE	PRJEB72460	10.12688/wellcomeopenres.24276.1	40823656	The genome sequence of a phantom cranefly, Ptychoptera contaminata (Linnaeus, 1758).	high	assembly_name
GCA_961205885.1	Ptychoptera albimana	WELLCOME SANGER INSTITUTE	PRJEB64609	10.12688/wellcomeopenres.23208.1		The genome sequence of a fold-wing cranefly, Ptychoptera albimana (Fabricius, 1787)	medium	organism_title
GCA_965151645.1	Tipula fascipennis	WELLCOME SANGER INSTITUTE	PRJEB85810	10.12688/wellcomeopenres.23899.1	41040648	The genome sequence of a cranefly, Tipula lateralis Meigen, 1804.	low	organism_genus_title
GCA_958295665.1	Tipula vernalis	WELLCOME SANGER INSTITUTE	PRJEB63711	10.12688/wellcomeopenres.23203.1	39925659	The genome sequence of a cranefly Tipula ( Lunatipula) vernalis Meigen, 1804.	high	assembly_name
GCA_963556165.1	Tipula helvola	WELLCOME SANGER INSTITUTE	PRJEB67194	10.12688/wellcomeopenres.23207.1	40909113	The genome sequence of a cranefly, Tipula ( Lunatipula) helvola Loew, 1873.	high	assembly_name
GCA_963556175.1	Tipula confusa	WELLCOME SANGER INSTITUTE	PRJEB66984	10.12688/wellcomeopenres.22470.1	39429631	The genome sequence of a cranefly, Tipula ( Savtshenkia) confusa van der Wulp, 1883.	high	assembly_name
GCA_965197065.1	Tipula scripta	WELLCOME SANGER INSTITUTE	PRJEB86658	10.12688/wellcomeopenres.26869.1		The genome sequence of the cranefly, Tipula scripta Meigen, 1830 (Diptera: Tipulidae)	medium	organism_title
GCA_965197115.1	Tipula scripta	WELLCOME SANGER INSTITUTE	PRJEB86657	10.12688/wellcomeopenres.26869.1		The genome sequence of the cranefly, Tipula scripta Meigen, 1830 (Diptera: Tipulidae)	medium	organism_title
GCA_951394425.1	Tipula unca	WELLCOME SANGER INSTITUTE	PRJEB62077	10.12688/wellcomeopenres.20298.1	39440226	The genome sequence of a cranefly, Tipula unca (Wiedemann, 1817).	high	assembly_name
GCA_963932295.1	Tipula lateralis	WELLCOME SANGER INSTITUTE	PRJEB72323	10.12688/wellcomeopenres.23899.1	41040648	The genome sequence of a cranefly, Tipula lateralis Meigen, 1804.	high	assembly_name
GCA_932526605.1	Nephrotoma flavescens	WELLCOME SANGER INSTITUTE	PRJEB51389	10.12688/wellcomeopenres.19203.1	37275324	The genome sequence of a Tiger Cranefly, Nephrotoma flavescens (Linnaeus, 1758).	high	assembly_name
GCA_947310385.1	Nephrotoma appendiculata	WELLCOME SANGER INSTITUTE	PRJEB57378	10.12688/wellcomeopenres.20886.1	38779147	The genome sequence of the spotted cranefly, Nephrotoma appendiculata (Pierre, 1919).	high	assembly_name
GCA_963691935.1	Nephrotoma guestfalica	WELLCOME SANGER INSTITUTE	PRJEB70591	10.12688/wellcomeopenres.23321.1		The genome sequence of a cranefly, Nephrotoma guestfalica (Westhoff, 1879)	medium	organism_title
GCA_963693315.1	Diogma glabrata	WELLCOME SANGER INSTITUTE	PRJEB70789	10.12688/wellcomeopenres.23462.1	40027408	The genome sequence of a cranefly, Diogma glabrata (Meigen, 1818).	high	assembly_name
GCA_051362075.1	Lonchoptera multiseta	China Agricultural University	PRJNA1224838	10.12688/wellcomeopenres.26933.1		The genome sequence of a spear-winged fly, Lonchoptera lutea Meigen, 1809 (Diptera: Lonchopteridae)	low	organism_genus_title
GCA_965234885.1	Lonchoptera lutea	WELLCOME SANGER INSTITUTE	PRJEB88093	10.12688/wellcomeopenres.26933.1		The genome sequence of a spear-winged fly, Lonchoptera lutea Meigen, 1809 (Diptera: Lonchopteridae)	medium	organism_title
GCA_947623515.1	Neoascia interrupta	WELLCOME SANGER INSTITUTE	PRJEB58320	10.12688/wellcomeopenres.20353.1	38764967	The genome sequence of the bulrush Neoascia, Neoascia interrupta (Meigen, 1822).	high	assembly_name
GCA_963082735.1	Pocota personata	WELLCOME SANGER INSTITUTE	PRJEB64817	10.12688/wellcomeopenres.20501.1	39036351	The genome sequence of a hoverfly, Pocota personata (Harris, 1780).	high	assembly_name
GCA_963555765.1	Orthonevra nobilis	WELLCOME SANGER INSTITUTE	PRJEB66631	10.12688/wellcomeopenres.22459.1		The genome sequence of a hoverfly, Orthonevra nobilis (Fallén 1817)	medium	organism_title
GCA_965283055.1	Orthonevra brevicornis	WELLCOME SANGER INSTITUTE	PRJEB89536	10.12688/wellcomeopenres.25055.1	41458306	The genome sequence of the hoverfly, Orthonevra brevicornis (Loew, 1843) (Diptera: Syrphidae).	high	assembly_name
GCA_949775065.1	Brachyopa scutellaris	WELLCOME SANGER INSTITUTE	PRJEB60997	10.12688/wellcomeopenres.20635.1		The genome sequence of a hoverfly, Brachyopa scutellaris Robineau-Desvoidy, 1843	medium	organism_title
GCA_955652365.1	Eristalinus aeneus	WELLCOME SANGER INSTITUTE	PRJEB63370	10.12688/wellcomeopenres.20636.2	38813464	The genome sequence of a hoverfly Eristalinus aeneus (Scopoli, 1763).	high	assembly_name
GCA_944738645.1	Eristalinus sepulchralis	WELLCOME SANGER INSTITUTE	PRJEB53869	10.12688/wellcomeopenres.19587.1		The genome sequence of the small spotty-eyed dronefly, Eristalinus sepulchralis (Linnaeus, 1758)	medium	organism_title
GCA_916610145.1	Eristalis arbustorum	WELLCOME SANGER INSTITUTE	PRJEB47734	10.12688/wellcomeopenres.17580.1	38779419	The genome sequence of the plain-faced dronefly, Eristalis arbustorum (Linnaeus, 1758).	high	assembly_name
GCA_907269125.1	Eristalis pertinax	WELLCOME SANGER INSTITUTE	PRJEB44948	10.12688/wellcomeopenres.17267.2	36873714	The genome sequence of the tapered dronefly, Eristalis pertinax (Scopoli, 1763).	high	assembly_name
GCA_905231855.2	Eristalis tenax	WELLCOME SANGER INSTITUTE	PRJEB43008	10.12688/wellcomeopenres.17267.2	36873714	The genome sequence of the tapered dronefly, Eristalis pertinax (Scopoli, 1763).	high	bioproject_text
GCA_930367185.1	Myathropa florea	WELLCOME SANGER INSTITUTE	PRJEB50850	10.12688/wellcomeopenres.20139.1		The genome sequence of the Batman Hoverfly, Myathropa florea (Linnaeus, 1758)	medium	organism_title
GCA_949129095.1	Volucella bombylans	WELLCOME SANGER INSTITUTE	PRJEB59521	10.12688/wellcomeopenres.22843.1		The genome sequence of the bumblebee hoverfly, Volucella bombylans (Linnaeus, 1758)	medium	organism_title
GCA_928272305.1	Volucella inflata	WELLCOME SANGER INSTITUTE	PRJEB50444	10.12688/wellcomeopenres.19845.1		The genome sequence of the Cossus hoverfly, Volucella inflata (Fabricius 1794)	medium	organism_title
GCA_965234375.1	Volucella pellucens	WELLCOME SANGER INSTITUTE	PRJEB88040	10.12688/wellcomeopenres.24946.1		The genome sequence of the hoverfly, Volucella pellucens (Linnaeus, 1758) (Diptera: Syrphidae)	medium	organism_title
GCA_965234465.1	Volucella pellucens	WELLCOME SANGER INSTITUTE	PRJEB88039	10.12688/wellcomeopenres.24946.1		The genome sequence of the hoverfly, Volucella pellucens (Linnaeus, 1758) (Diptera: Syrphidae)	medium	organism_title
GCA_907269105.1	Volucella inanis	WELLCOME SANGER INSTITUTE	PRJEB44951	10.12688/wellcomeopenres.18897.1	37928210	The genome sequence of the Lesser Hornet Hoverfly, Volucella inanis (Linnaeus, 1758).	high	assembly_name
GCA_963966105.1	Volucella zonaria	WELLCOME SANGER INSTITUTE	PRJEB72551	10.12688/wellcomeopenres.23738.1	40470060	The genome sequence of Hornet Plumehorn hoverfly, Volucella zonaria (Poda, 1761).	high	assembly_name
GCA_951905685.1	Eumerus sabulonum	WELLCOME SANGER INSTITUTE	PRJEB63163	10.12688/wellcomeopenres.23127.1		The genome sequence of a hoverfly, Eumerus sabulonum (Fallén, 1817)	medium	organism_title
GCA_958301585.1	Merodon equestris	WELLCOME SANGER INSTITUTE	PRJEB64158	10.12688/wellcomeopenres.20654.1	38911901	The genome sequence of a hoverfly, Merodon equestris (Fabricius, 1794).	high	assembly_name
GCA_946477585.1	Cheilosia urbana	WELLCOME SANGER INSTITUTE	PRJEB55556	10.12688/wellcomeopenres.19569.2	39071792	The genome sequence of the hawkweed Cheilosia, Cheilosia urbana (Meigen, 1822).	high	assembly_name
GCA_966185155.1	Cheilosia illustrata	WELLCOME SANGER INSTITUTE	PRJEB95846	10.12688/wellcomeopenres.26171.1		The genome sequence of a hoverfly, Cheilosia illustrata (Harris, 1780) (Diptera: Syrphidae)	medium	organism_title
GCA_936431705.1	Cheilosia pagana	WELLCOME SANGER INSTITUTE	PRJEB52065	10.12688/wellcomeopenres.20627.1	38813465	The genome sequence of the parsley Cheilosia, Cheilosia pagana (Meigen, 1822).	high	assembly_name
GCA_916610125.1	Cheilosia vulpina	WELLCOME SANGER INSTITUTE	PRJEB47738	10.12688/wellcomeopenres.17491.1	36415321	The genome sequence of the large burdock Cheilosia, Cheilosia vulpina (Meigen, 1822).	high	assembly_name
GCA_955612985.1	Cheilosia scutellata	WELLCOME SANGER INSTITUTE	PRJEB63341	10.12688/wellcomeopenres.20838.1		The genome sequence of a hoverfly, Cheilosia scutellata (Fallén, 1817)	medium	organism_title
GCA_948293265.1	Cheilosia impressa	WELLCOME SANGER INSTITUTE	PRJEB58971	10.12688/wellcomeopenres.20624.1	39027808	The genome sequence of a hoverfly, Cheilosia impressa (Loew, 1840).	high	assembly_name
GCA_963082955.1	Cheilosia grossa	WELLCOME SANGER INSTITUTE	PRJEB64828	10.12688/wellcomeopenres.23189.1	39563953	The genome sequence of a hoverfly, Cheilosia grossa (Fallén, 1817).	high	assembly_name
GCA_951230905.1	Cheilosia variabilis	WELLCOME SANGER INSTITUTE	PRJEB61902	10.12688/wellcomeopenres.19851.1	37981983	The genome sequence of the Figwort Cheilosia, Cheilosia variabilis (Panzer, 1798).	high	assembly_name
GCA_948107745.1	Cheilosia soror	WELLCOME SANGER INSTITUTE	PRJEB58803	10.12688/wellcomeopenres.20002.1		The genome sequence of the Truffle Blacklet, Cheilosia soror (Zetterstedt, 1843)	medium	organism_title
GCA_949372485.1	Cheilosia soror	WELLCOME SANGER INSTITUTE	PRJEB60416	10.12688/wellcomeopenres.20002.1		The genome sequence of the Truffle Blacklet, Cheilosia soror (Zetterstedt, 1843)	medium	organism_title
GCA_949126925.1	Cheilosia vernalis	WELLCOME SANGER INSTITUTE	PRJEB59453	10.12688/wellcomeopenres.21219.1		The genome sequence of the yarrow Cheilosia, Cheilosia vernalis (Fallén, 1817)	medium	organism_title
GCA_932526625.1	Rhingia campestris	WELLCOME SANGER INSTITUTE	PRJEB51379	10.12688/wellcomeopenres.19036.1		The genome sequence of the Common Snout Hoverfly, Rhingia campestris (Meigen, 1822)	medium	organism_title
GCA_949824845.1	Rhingia rostrata	WELLCOME SANGER INSTITUTE	PRJEB61389	10.12688/wellcomeopenres.19939.1		The genome sequence of the Grey-backed Snout-hoverfly, Rhingia rostrata (Linnaeus, 1758)	medium	organism_title
GCA_963576555.1	Ferdinandea cuprea	WELLCOME SANGER INSTITUTE	PRJEB68108	10.12688/wellcomeopenres.23365.1		The genome sequence of bronze sap hoverfly, Ferdinandea cuprea (Scopoli, 1763)	medium	organism_title
GCA_949715645.1	Portevinia maculata	WELLCOME SANGER INSTITUTE	PRJEB60765	10.12688/wellcomeopenres.20649.1	39267988	The genome sequence of Ramsons hoverfly, Portevinia maculata (Fallén, 1817).	high	assembly_name
GCA_949716465.1	Chalcosyrphus nemorum	WELLCOME SANGER INSTITUTE	PRJEB60763	10.12688/wellcomeopenres.20892.1		The genome sequence of the small forest hoverfly, Chalcosyrphus nemorum (Fabricius, 1805)	medium	organism_title
GCA_965362245.1	Brachypalpoides lentus	WELLCOME SANGER INSTITUTE	PRJEB90165	10.12688/wellcomeopenres.24852.1	41103342	The genome sequence of the hoverfly, Brachypalpoides lentus Meigen, 1822 (Diptera: Syrphidae).	high	assembly_name
GCA_951813785.1	Criorhina ranunculi	WELLCOME SANGER INSTITUTE	PRJEB62936	10.12688/wellcomeopenres.20149.1	37997584	The genome sequence of the Large Brook Dun, Ecdyonurus torrentis (Kimmins, 1942).	high	assembly_name
GCA_963583995.1	Xylota segnis	WELLCOME SANGER INSTITUTE	PRJEB68168	10.12688/wellcomeopenres.22582.1		The genome sequence of a hoverfly, Xylota segnis (Linnaeus, 1758)	medium	organism_title
GCA_905220385.1	Xylota sylvarum	WELLCOME SANGER INSTITUTE	PRJEB42874	10.12688/wellcomeopenres.19241.1	38707492	The genome sequence of the Golden-tailed Leafwalker, Xylota sylvarum (Linnaeus, 1758).	high	assembly_name
GCA_946965025.1	Blera fallax	WELLCOME SANGER INSTITUTE	PRJEB56200	10.12688/wellcomeopenres.19034.2	40444016	The genome sequence of the pine hoverfly, Blera fallax (Linnaeus, 1758).	high	assembly_name
GCA_905187475.1	Syritta pipiens	Wellcome Sanger Institute	PRJEB41892	10.12688/wellcomeopenres.19848.1	39114817	The genome sequence of the Thick-legged Hoverfly, Syritta pipiens (Linnaeus, 1758).	high	assembly_name
GCA_945910035.1	Brachypalpus laphriformis	WELLCOME SANGER INSTITUTE	PRJEB54950	10.12688/wellcomeopenres.20885.1		The genome sequence of the forest hoverfly, Brachypalpus laphriformis (Fallén, 1816)	medium	organism_title
GCA_964264485.1	Sericomyia silentis	WELLCOME SANGER INSTITUTE	PRJEB80174	10.12688/wellcomeopenres.26875.1		The genome sequence of the hoverfly, Sericomyia silentis (Harris, 1776) (Diptera: Syrphidae)	medium	organism_title
GCA_963931805.1	Microdon myrmicae	WELLCOME SANGER INSTITUTE	PRJEB72227	10.12688/wellcomeopenres.23903.1	41040650	The genome sequence of the Bog Ant Fly, Microdon myrmicae Schönrogge et al., 2002.	high	assembly_name
GCA_965637335.1	Chrysotoxum verralli	WELLCOME SANGER INSTITUTE	PRJEB91497	10.12688/wellcomeopenres.22773.2	39664867	The genome sequence of the hook-banded wasp hoverfly, Chrysotoxum festivum (Linnaeus, 1758).	low	organism_genus_title
GCA_911387755.1	Chrysotoxum bicinctum	WELLCOME SANGER INSTITUTE	PRJEB46425	10.12688/wellcomeopenres.17382.1	36866282	The genome sequence of the two-banded wasp hoverfly, Chrysotoxum bicinctum (Linnaeus, 1758).	high	assembly_name
GCA_963931855.1	Philhelius festivus	WELLCOME SANGER INSTITUTE	PRJEB72240	10.12688/wellcomeopenres.22773.2	39664867	The genome sequence of the hook-banded wasp hoverfly, Chrysotoxum festivum (Linnaeus, 1758).	high	assembly_name
GCA_905146935.1	Scaeva pyrastri	SC	PRJEB41880	10.12688/wellcomeopenres.18892.1		The genome sequence of the pied hoverfly, Scaeva pyrastri (Linnaeus, 1758)	medium	organism_title
GCA_958431115.1	Syrphus vitripennis	WELLCOME SANGER INSTITUTE	PRJEB64314	10.12688/wellcomeopenres.20837.1	38894705	The genome sequence of a hoverfly, Syrphus vitripennis (Meigen, 1822).	high	assembly_name
GCA_943590905.1	Sphaerophoria taeniata	WELLCOME SANGER INSTITUTE	PRJEB53171	10.12688/wellcomeopenres.19921.1	38434738	The genome sequence of a hoverfly, Sphaerophoria taeniata (Meigen, 1822).	high	assembly_name
GCA_040182855.1	Episyrphus balteatus	Chinese Academy of Agricultural Sciences Cotton Research Institute	PRJNA1112083	10.1038/s41597-024-03666-6	39097648	Chromosome-level genome assembly of marmalade hoverfly Episyrphus balteatus (Diptera: Syrphidae).	low	organism_title
GCA_920104205.1	Eupeodes latifasciatus	WELLCOME SANGER INSTITUTE	PRJEB48880	10.12688/wellcomeopenres.18113.1	36938120	The genome sequence of the meadow field syrph, Eupeodes latifasciatus (Macquart, 1829).	high	assembly_name
GCA_951509635.1	Eupeodes luniger	WELLCOME SANGER INSTITUTE	PRJEB62115	10.12688/wellcomeopenres.20144.1	38798994	The genome sequence of the Common Spotted Hoverfly, Eupeodes luniger (Meigen, 1822).	high	assembly_name
GCA_932273885.2	Leucozona laternaria	WELLCOME SANGER INSTITUTE	PRJEB51193	10.12688/wellcomeopenres.18661.1		The genome sequence of the dark-saddled leucozona, Leucozona laternaria (Muller, 1776)	medium	organism_title
GCA_963921185.1	Dasysyrphus tricinctus	WELLCOME SANGER INSTITUTE	PRJEB71663	10.12688/wellcomeopenres.22892.1	39450190	The genome sequence of the yellow-girdled Dasysyrphus, Dasysyrphus tricinctus (Fallén, 1817).	high	assembly_name
GCA_946251815.1	Dasysyrphus albostriatus	WELLCOME SANGER INSTITUTE	PRJEB55426	10.12688/wellcomeopenres.20887.1	39132671	The genome sequence of the Stripe-backed Dasysyrphus, Dasysyrphus albostriatus (Fallén, 1817).	high	assembly_name
GCA_951394125.1	Epistrophe eligans	WELLCOME SANGER INSTITUTE	PRJEB62007	10.12688/wellcomeopenres.20336.1	39219860	The genome sequence of a hoverfly, Epistrophe eligans (Harris, 1780).	high	assembly_name
GCA_929447395.1	Epistrophe grossulariae	WELLCOME SANGER INSTITUTE	PRJEB50705	10.12688/wellcomeopenres.19665.1		The genome sequence of the broad-banded Epistrophe, Epistrophe grossulariae (Meigen, 1822)	medium	organism_title
GCA_947049315.1	Epistrophella euchroma	WELLCOME SANGER INSTITUTE	PRJEB56551	10.12688/wellcomeopenres.19622.1	38938786	The genome sequence of the hoverfly, Epistrophella euchroma (Kowarz, 1885).	high	assembly_name
GCA_965663475.1	Melangyna compositarum	WELLCOME SANGER INSTITUTE	PRJEB94981	10.12688/wellcomeopenres.26158.1	41971599	The genome sequence of a hoverfly , Melangyna compositarum (Verrall, 1873) (Diptera: Syrphidae).	high	assembly_name
GCA_949320155.1	Melangyna quadrimaculata	WELLCOME SANGER INSTITUTE	PRJEB60249	10.12688/wellcomeopenres.22798.1		The genome sequence of a hoverfly, Melangyna quadrimaculata (Verrall, 1873)	medium	organism_title
GCA_965212275.1	Meliscaeva cinctella	WELLCOME SANGER INSTITUTE	PRJEB87038	10.12688/wellcomeopenres.26776.1		The genome sequence of the Banded Thintail fly, Meliscaeva cinctella (Zetterstedt, 1843) (Diptera: Syrphidae)	medium	organism_title
GCA_948107695.1	Meliscaeva auricollis	WELLCOME SANGER INSTITUTE	PRJEB58784	10.12688/wellcomeopenres.20843.1	39132673	The genome sequence of the spotted Meliscaeva, Meliscaeva auricollis (Meigen, 1822).	high	assembly_name
GCA_910595825.1	Philhelius pedissequus	WELLCOME SANGER INSTITUTE	PRJEB45689	10.12688/wellcomeopenres.17559.1	35224214	The genome sequence of a hoverfly, Xanthogramma pedissequum (Harris, 1776).	high	assembly_name
GCA_965637125.1	Paragus haemorrhous	WELLCOME SANGER INSTITUTE	PRJEB91504	10.12688/wellcomeopenres.25085.1		The genome sequence of the hoverfly, Paragus haemorrhous Meigen, 1822 (Diptera: Syrphidae)	medium	organism_title
GCA_914767635.1	Melanostoma mellinum	WELLCOME SANGER INSTITUTE	PRJEB47341	10.12688/wellcomeopenres.17615.1	36874577	The genome sequence of the dumpy grass hoverfly, Melanostoma mellinum (Linnaeus, 1758).	high	assembly_name
GCA_949752695.1	Melanostoma scalare	WELLCOME SANGER INSTITUTE	PRJEB60861	10.12688/wellcomeopenres.20171.1	38798992	The genome sequence of the slender grass hoverfly, Melanostoma scalare (Fabricius, 1794).	high	assembly_name
GCA_963971375.1	Platycheirus rosarum	WELLCOME SANGER INSTITUTE	PRJEB73523	10.12688/wellcomeopenres.23046.1		The genome sequence of a hoverfly, Platycheirus rosarum (Fabricius, 1787)	medium	organism_title
GCA_916050605.2	Platycheirus albimanus	WELLCOME SANGER INSTITUTE	PRJEB47514	10.12688/wellcomeopenres.20494.1	38836070	The genome sequence of the white-footed hoverfly, Platycheirus albimanus (Fabricius, 1781).	high	assembly_name
GCA_951217065.2	Baccha elongata	WELLCOME SANGER INSTITUTE	PRJEB61720	10.12688/wellcomeopenres.24610.1		The genome sequence of the gossamer hoverfly, Baccha elongata (Fabricius, 1775) (Diptera: Syrphidae)	medium	organism_title
GCA_947095585.1	Nephrocerus scutellatus	WELLCOME SANGER INSTITUTE	PRJEB56849	10.12688/wellcomeopenres.20677.1	39022323	The genome sequence of a pipunculid fly, Nephrocerus scutellatus (Macquart, 1834).	high	assembly_name
GCA_020466095.1	Chlorops oryzae	Hunan Agricultural University	PRJNA712980	10.1038/s42003-022-03850-7	36028584	A chromosome-level genome assembly provides insights into the environmental adaptability and outbreaks of Chlorops oryzae.	medium	organism_title
GCA_963966595.1	Physocephala rufipes	WELLCOME SANGER INSTITUTE	PRJEB72758	10.12688/wellcomeopenres.24347.1		The genome sequence of a conopid fly, Physocephala rufipes (Fabricius, 1781)	medium	organism_title
GCA_949752815.1	Conops quadrifasciatus	WELLCOME SANGER INSTITUTE	PRJEB60888	10.12688/wellcomeopenres.21106.1	38784436	The genome sequence of the Four-banded Bee-grabber, Conops quadrifasciatus De Geer, 1776.	high	assembly_name
GCA_922984085.1	Sicus ferrugineus	WELLCOME SANGER INSTITUTE		10.12688/wellcomeopenres.17748.1	37351369	The genome sequence of the ferruginous bee-grabber, Sicus ferrugineus (Linnaeus, 1761).	high	assembly_name
GCA_943737955.2	Myopa tessellatipennis	WELLCOME SANGER INSTITUTE	PRJEB53295	10.12688/wellcomeopenres.19108.1	37663791	The genome sequence of the thick-headed fly, Myopa tessellatipennis (Motschulsky, 1859).	high	assembly_name
GCA_965637325.1	Myopa buccata	WELLCOME SANGER INSTITUTE	PRJEB91502	10.12688/wellcomeopenres.20647.1	38689759	The genome sequence of a conopid fly, Myopa testacea (Linnaeus, 1767).	low	organism_genus_title
GCA_949629155.1	Myopa testacea	WELLCOME SANGER INSTITUTE	PRJEB60551	10.12688/wellcomeopenres.20647.1	38689759	The genome sequence of a conopid fly, Myopa testacea (Linnaeus, 1767).	high	assembly_name
GCA_937620795.1	Thecophora atra	WELLCOME SANGER INSTITUTE	PRJEB52232	10.12688/wellcomeopenres.19902.1	39139761	The genome sequence of a conopid fly, Thecophora atra (Fabricius, 1775).	high	assembly_name
GCA_002237135.5	Teleopsis dalmanni	University of Maryland	PRJNA391339	10.1186/s12864-022-08436-5	35279098	A near-chromosome level genome assembly of the European hoverfly, Sphaerophoria rueppellii (Diptera: Syrphidae), provides comparative insights into insecticide resistance-related gene family evolution.	medium	bioproject_text
GCA_963854835.1	Megamerina dolium	WELLCOME SANGER INSTITUTE	PRJEB70836	10.12688/wellcomeopenres.22703.1		The genome sequence of the Bearded Fool fly, Megamerina dolium (Fabricus, 1805)	medium	organism_title
GCA_949987675.1	Chymomyza fuscimana	WELLCOME SANGER INSTITUTE	PRJEB61578	10.12688/wellcomeopenres.20122.1	39099645	The genome sequence of a drosophilid fruit fly, Chymomyza fuscimana (Drosophilidae) (Zetterstedt, 1838).	high	assembly_name
GCA_958295475.1	Drosophila funebris	WELLCOME SANGER INSTITUTE	PRJEB63667	10.12688/wellcomeopenres.20035.1	38798998	The genome sequence of a drosophilid fruit fly, Drosophila funebris (Fabricius, 1789).	high	assembly_name
GCA_958299025.2	Drosophila histrio	WELLCOME SANGER INSTITUTE	PRJEB64030	10.12688/wellcomeopenres.20631.1	39015613	The genome sequence of a drosophilid fruit fly, Drosophila histrio (Meigen, 1830).	high	assembly_name
GCA_963583835.1	Drosophila immigrans	WELLCOME SANGER INSTITUTE	PRJEB68150	10.1038/s41597-025-05890-0	41028018	Chromosomal-level genome assembly of Drosophila suzukii Matsumura (Diptera: Drosophilidae).	low	organism_genus_title
GCA_963584065.1	Drosophila immigrans	WELLCOME SANGER INSTITUTE	PRJEB68175	10.1038/s41597-025-05890-0	41028018	Chromosomal-level genome assembly of Drosophila suzukii Matsumura (Diptera: Drosophilidae).	low	organism_genus_title
GCA_963924055.1	Drosophila limbata	WELLCOME SANGER INSTITUTE	PRJEB71907	10.12688/wellcomeopenres.22584.1	39229001	The genome sequence of a drosophilid fruit fly, Drosophila limbata von Roser 1840.	high	assembly_name
GCA_951394115.2	Drosophila phalerata	WELLCOME SANGER INSTITUTE	PRJEB62015	10.12688/wellcomeopenres.20634.1	38800521	The genome sequence of the drosophilid fruit fly, Drosophila phalerata (Meigen, 1830).	high	assembly_name
GCA_030788265.1	Drosophila americana	Cornell University	PRJNA982537	10.1093/gbe/evad238	38159044	High-Quality Genome Assemblies Reveal Evolutionary Dynamics of Repetitive DNA and Structural Rearrangements in the Drosophila virilis Subgroup.	high	bioproject_text
GCA_047116735.1	Drosophila americana	University of Cambridge	PRJNA1119277	10.1186/s13059-025-03527-4	40102968	Analysis of 30 chromosome-level Drosophila genome assemblies reveals dynamic evolution of centromeric satellite repeats.	high	bioproject_text
GCA_030788195.1	Drosophila novamexicana	Cornell University	PRJNA982537	10.1093/gbe/evad238	38159044	High-Quality Genome Assemblies Reveal Evolutionary Dynamics of Repetitive DNA and Structural Rearrangements in the Drosophila virilis Subgroup.	high	bioproject_text
GCA_047116335.1	Drosophila littoralis	University of Cambridge	PRJNA1119277	10.1186/s13059-025-03527-4	40102968	Analysis of 30 chromosome-level Drosophila genome assemblies reveals dynamic evolution of centromeric satellite repeats.	high	bioproject_text
GCA_007989325.2	Drosophila virilis	University of Kansas	PRJNA553533	10.1186/s13100-020-0205-0	32082426	Hybrid dysgenesis in Drosophila virilis results in clusters of mitotic recombination and loss-of-heterozygosity but leaves meiotic recombination unaltered.	high	bioproject_text
GCA_047115595.1	Drosophila virilis	University of Cambridge	PRJNA1119277	10.1186/s13059-025-03527-4	40102968	Analysis of 30 chromosome-level Drosophila genome assemblies reveals dynamic evolution of centromeric satellite repeats.	high	bioproject_text
GCA_047116105.1	Drosophila parabipectinata	University of Cambridge	PRJNA1119277	10.1186/s13059-025-03527-4	40102968	Analysis of 30 chromosome-level Drosophila genome assemblies reveals dynamic evolution of centromeric satellite repeats.	high	bioproject_text
GCA_047116305.1	Drosophila malerkotliana malerkotliana	University of Cambridge	PRJNA1119277	10.1186/s13059-025-03527-4	40102968	Analysis of 30 chromosome-level Drosophila genome assemblies reveals dynamic evolution of centromeric satellite repeats.	high	bioproject_text
GCA_047116355.1	Drosophila malerkotliana pallens	University of Cambridge	PRJNA1119277	10.1186/s13059-025-03527-4	40102968	Analysis of 30 chromosome-level Drosophila genome assemblies reveals dynamic evolution of centromeric satellite repeats.	high	bioproject_text
GCA_047116715.1	Drosophila bipectinata	University of Cambridge	PRJNA1119277	10.1186/s13059-025-03527-4	40102968	Analysis of 30 chromosome-level Drosophila genome assemblies reveals dynamic evolution of centromeric satellite repeats.	high	bioproject_text
GCA_047116095.1	Drosophila pseudoananassae pseudoananassae	University of Cambridge	PRJNA1119277	10.1186/s13059-025-03527-4	40102968	Analysis of 30 chromosome-level Drosophila genome assemblies reveals dynamic evolution of centromeric satellite repeats.	high	bioproject_text
GCA_030555595.1	Drosophila ananassae	Rutgers University	PRJNA967347	10.1093/g3journal/jkad191	37611223	Long-read genome assemblies for the study of chromosome expansion: Drosophila kikkawai, Drosophila takahashii, Drosophila bipectinata, and Drosophila ananassae.	high	bioproject_text
GCA_047116655.1	Drosophila ananassae	University of Cambridge	PRJNA1119277	10.1186/s13059-025-03527-4	40102968	Analysis of 30 chromosome-level Drosophila genome assemblies reveals dynamic evolution of centromeric satellite repeats.	high	bioproject_text
GCA_011057505.1	Drosophila elegans	University of Michigan	PRJNA590036	10.1038/s41597-025-05890-0	41028018	Chromosomal-level genome assembly of Drosophila suzukii Matsumura (Diptera: Drosophilidae).	low	organism_genus_title
GCA_047116545.1	Drosophila erecta	University of Cambridge	PRJNA1119277	10.1186/s13059-025-03527-4	40102968	Analysis of 30 chromosome-level Drosophila genome assemblies reveals dynamic evolution of centromeric satellite repeats.	high	bioproject_text
GCA_047116325.1	Drosophila mauritiana	University of Cambridge	PRJNA1119277	10.1186/s13059-025-03527-4	40102968	Analysis of 30 chromosome-level Drosophila genome assemblies reveals dynamic evolution of centromeric satellite repeats.	high	bioproject_text
GCA_003397115.2	Drosophila melanogaster	University of California - Irvine	PRJNA418342	10.1093/gbe/evab248	34788814	Glue Genes Are Subjected to Diverse Selective Forces during Drosophila Development.	medium	bioproject_text
GCA_003401685.1	Drosophila melanogaster	University of California - Irvine	PRJNA418342	10.1093/gbe/evab248	34788814	Glue Genes Are Subjected to Diverse Selective Forces during Drosophila Development.	medium	bioproject_text
GCA_003401735.1	Drosophila melanogaster	University of California - Irvine	PRJNA418342	10.1093/gbe/evab248	34788814	Glue Genes Are Subjected to Diverse Selective Forces during Drosophila Development.	medium	bioproject_text
GCA_003401745.1	Drosophila melanogaster	University of California - Irvine	PRJNA418342	10.1093/gbe/evab248	34788814	Glue Genes Are Subjected to Diverse Selective Forces during Drosophila Development.	medium	bioproject_text
GCA_003401795.1	Drosophila melanogaster	University of California - Irvine	PRJNA418342	10.1093/gbe/evab248	34788814	Glue Genes Are Subjected to Diverse Selective Forces during Drosophila Development.	medium	bioproject_text
GCA_003401805.1	Drosophila melanogaster	University of California - Irvine	PRJNA418342	10.1093/gbe/evab248	34788814	Glue Genes Are Subjected to Diverse Selective Forces during Drosophila Development.	medium	bioproject_text
GCA_003401855.1	Drosophila melanogaster	University of California - Irvine	PRJNA418342	10.1093/gbe/evab248	34788814	Glue Genes Are Subjected to Diverse Selective Forces during Drosophila Development.	medium	bioproject_text
GCA_003401885.1	Drosophila melanogaster	University of California - Irvine	PRJNA418342	10.1093/gbe/evab248	34788814	Glue Genes Are Subjected to Diverse Selective Forces during Drosophila Development.	medium	bioproject_text
GCA_003401915.1	Drosophila melanogaster	University of California - Irvine	PRJNA418342	10.1093/gbe/evab248	34788814	Glue Genes Are Subjected to Diverse Selective Forces during Drosophila Development.	medium	bioproject_text
GCA_003401925.1	Drosophila melanogaster	University of California - Irvine	PRJNA418342	10.1093/gbe/evab248	34788814	Glue Genes Are Subjected to Diverse Selective Forces during Drosophila Development.	medium	bioproject_text
GCA_003401975.1	Drosophila melanogaster	University of California - Irvine	PRJNA418342	10.1093/gbe/evab248	34788814	Glue Genes Are Subjected to Diverse Selective Forces during Drosophila Development.	medium	bioproject_text
GCA_003402005.1	Drosophila melanogaster	University of California - Irvine	PRJNA418342	10.1093/gbe/evab248	34788814	Glue Genes Are Subjected to Diverse Selective Forces during Drosophila Development.	medium	bioproject_text
GCA_003402015.1	Drosophila melanogaster	University of California - Irvine	PRJNA418342	10.1093/gbe/evab248	34788814	Glue Genes Are Subjected to Diverse Selective Forces during Drosophila Development.	medium	bioproject_text
GCA_003402055.1	Drosophila melanogaster	University of California - Irvine	PRJNA418342	10.1093/gbe/evab248	34788814	Glue Genes Are Subjected to Diverse Selective Forces during Drosophila Development.	medium	bioproject_text
GCA_015832445.1	Drosophila melanogaster	VetMedUni Vienna	PRJNA618654	10.7554/elife.75795	34989337	Unique structure and positive selection promote the rapid divergence of Drosophila Y chromosomes.	high	bioproject_text
GCA_015852585.1	Drosophila melanogaster	VetMedUni Vienna	PRJNA618654	10.7554/elife.75795	34989337	Unique structure and positive selection promote the rapid divergence of Drosophila Y chromosomes.	high	bioproject_text
GCA_020141485.1	Drosophila melanogaster	Institut de Biologia Evolutiva (CSIC-UPF)	PRJNA559813	10.1186/s12915-022-01479-w	36482348	The genomic basis of copper tolerance in Drosophila is shaped by a complex interplay of regulatory and environmental factors.	medium	bioproject_text
GCA_020141495.1	Drosophila melanogaster	Institut de Biologia Evolutiva (CSIC-UPF)	PRJNA559813	10.1186/s12915-022-01479-w	36482348	The genomic basis of copper tolerance in Drosophila is shaped by a complex interplay of regulatory and environmental factors.	medium	bioproject_text
GCA_020141505.1	Drosophila melanogaster	Institut de Biologia Evolutiva (CSIC-UPF)	PRJNA559813	10.1186/s12915-022-01479-w	36482348	The genomic basis of copper tolerance in Drosophila is shaped by a complex interplay of regulatory and environmental factors.	medium	bioproject_text
GCA_020141515.1	Drosophila melanogaster	Institut de Biologia Evolutiva (CSIC-UPF)	PRJNA559813	10.1186/s12915-022-01479-w	36482348	The genomic basis of copper tolerance in Drosophila is shaped by a complex interplay of regulatory and environmental factors.	medium	bioproject_text
GCA_020141575.1	Drosophila melanogaster	Institut de Biologia Evolutiva (CSIC-UPF)	PRJNA559813	10.1186/s12915-022-01479-w	36482348	The genomic basis of copper tolerance in Drosophila is shaped by a complex interplay of regulatory and environmental factors.	medium	bioproject_text
GCA_020141585.1	Drosophila melanogaster	Institut de Biologia Evolutiva (CSIC-UPF)	PRJNA559813	10.1186/s12915-022-01479-w	36482348	The genomic basis of copper tolerance in Drosophila is shaped by a complex interplay of regulatory and environmental factors.	medium	bioproject_text
GCA_020141595.1	Drosophila melanogaster	Institut de Biologia Evolutiva (CSIC-UPF)	PRJNA559813	10.1186/s12915-022-01479-w	36482348	The genomic basis of copper tolerance in Drosophila is shaped by a complex interplay of regulatory and environmental factors.	medium	bioproject_text
GCA_020141625.1	Drosophila melanogaster	Institut de Biologia Evolutiva (CSIC-UPF)	PRJNA559813	10.1186/s12915-022-01479-w	36482348	The genomic basis of copper tolerance in Drosophila is shaped by a complex interplay of regulatory and environmental factors.	medium	bioproject_text
GCA_020141655.1	Drosophila melanogaster	Institut de Biologia Evolutiva (CSIC-UPF)	PRJNA559813	10.1186/s12915-022-01479-w	36482348	The genomic basis of copper tolerance in Drosophila is shaped by a complex interplay of regulatory and environmental factors.	medium	bioproject_text
GCA_020141665.1	Drosophila melanogaster	Institut de Biologia Evolutiva (CSIC-UPF)	PRJNA559813	10.1186/s12915-022-01479-w	36482348	The genomic basis of copper tolerance in Drosophila is shaped by a complex interplay of regulatory and environmental factors.	medium	bioproject_text
GCA_020141675.1	Drosophila melanogaster	Institut de Biologia Evolutiva (CSIC-UPF)	PRJNA559813	10.1186/s12915-022-01479-w	36482348	The genomic basis of copper tolerance in Drosophila is shaped by a complex interplay of regulatory and environmental factors.	medium	bioproject_text
GCA_020141705.1	Drosophila melanogaster	Institut de Biologia Evolutiva (CSIC-UPF)	PRJNA559813	10.1186/s12915-022-01479-w	36482348	The genomic basis of copper tolerance in Drosophila is shaped by a complex interplay of regulatory and environmental factors.	medium	bioproject_text
GCA_020141735.1	Drosophila melanogaster	Institut de Biologia Evolutiva (CSIC-UPF)	PRJNA559813	10.1186/s12915-022-01479-w	36482348	The genomic basis of copper tolerance in Drosophila is shaped by a complex interplay of regulatory and environmental factors.	medium	bioproject_text
GCA_020141745.1	Drosophila melanogaster	Institut de Biologia Evolutiva (CSIC-UPF)	PRJNA559813	10.1186/s12915-022-01479-w	36482348	The genomic basis of copper tolerance in Drosophila is shaped by a complex interplay of regulatory and environmental factors.	medium	bioproject_text
GCA_020141765.1	Drosophila melanogaster	Institut de Biologia Evolutiva (CSIC-UPF)	PRJNA559813	10.1186/s12915-022-01479-w	36482348	The genomic basis of copper tolerance in Drosophila is shaped by a complex interplay of regulatory and environmental factors.	medium	bioproject_text
GCA_020141795.1	Drosophila melanogaster	Institut de Biologia Evolutiva (CSIC-UPF)	PRJNA559813	10.1186/s12915-022-01479-w	36482348	The genomic basis of copper tolerance in Drosophila is shaped by a complex interplay of regulatory and environmental factors.	medium	bioproject_text
GCA_020141815.1	Drosophila melanogaster	Institut de Biologia Evolutiva (CSIC-UPF)	PRJNA559813	10.1186/s12915-022-01479-w	36482348	The genomic basis of copper tolerance in Drosophila is shaped by a complex interplay of regulatory and environmental factors.	medium	bioproject_text
GCA_020141835.1	Drosophila melanogaster	Institut de Biologia Evolutiva (CSIC-UPF)	PRJNA559813	10.1186/s12915-022-01479-w	36482348	The genomic basis of copper tolerance in Drosophila is shaped by a complex interplay of regulatory and environmental factors.	medium	bioproject_text
GCA_020141845.1	Drosophila melanogaster	Institut de Biologia Evolutiva (CSIC-UPF)	PRJNA559813	10.1186/s12915-022-01479-w	36482348	The genomic basis of copper tolerance in Drosophila is shaped by a complex interplay of regulatory and environmental factors.	medium	bioproject_text
GCA_020141855.1	Drosophila melanogaster	Institut de Biologia Evolutiva (CSIC-UPF)	PRJNA559813	10.1186/s12915-022-01479-w	36482348	The genomic basis of copper tolerance in Drosophila is shaped by a complex interplay of regulatory and environmental factors.	medium	bioproject_text
GCA_020141875.1	Drosophila melanogaster	Institut de Biologia Evolutiva (CSIC-UPF)	PRJNA559813	10.1186/s12915-022-01479-w	36482348	The genomic basis of copper tolerance in Drosophila is shaped by a complex interplay of regulatory and environmental factors.	medium	bioproject_text
GCA_020141925.1	Drosophila melanogaster	Institut de Biologia Evolutiva (CSIC-UPF)	PRJNA559813	10.1186/s12915-022-01479-w	36482348	The genomic basis of copper tolerance in Drosophila is shaped by a complex interplay of regulatory and environmental factors.	medium	bioproject_text
GCA_020141935.1	Drosophila melanogaster	Institut de Biologia Evolutiva (CSIC-UPF)	PRJNA559813	10.1186/s12915-022-01479-w	36482348	The genomic basis of copper tolerance in Drosophila is shaped by a complex interplay of regulatory and environmental factors.	medium	bioproject_text
GCA_020141955.1	Drosophila melanogaster	Institut de Biologia Evolutiva (CSIC-UPF)	PRJNA559813	10.1186/s12915-022-01479-w	36482348	The genomic basis of copper tolerance in Drosophila is shaped by a complex interplay of regulatory and environmental factors.	medium	bioproject_text
GCA_020141985.1	Drosophila melanogaster	Institut de Biologia Evolutiva (CSIC-UPF)	PRJNA559813	10.1186/s12915-022-01479-w	36482348	The genomic basis of copper tolerance in Drosophila is shaped by a complex interplay of regulatory and environmental factors.	medium	bioproject_text
GCA_020142005.1	Drosophila melanogaster	Institut de Biologia Evolutiva (CSIC-UPF)	PRJNA559813	10.1186/s12915-022-01479-w	36482348	The genomic basis of copper tolerance in Drosophila is shaped by a complex interplay of regulatory and environmental factors.	medium	bioproject_text
GCA_020142025.1	Drosophila melanogaster	Institut de Biologia Evolutiva (CSIC-UPF)	PRJNA559813	10.1186/s12915-022-01479-w	36482348	The genomic basis of copper tolerance in Drosophila is shaped by a complex interplay of regulatory and environmental factors.	medium	bioproject_text
GCA_020142045.1	Drosophila melanogaster	Institut de Biologia Evolutiva (CSIC-UPF)	PRJNA559813	10.1186/s12915-022-01479-w	36482348	The genomic basis of copper tolerance in Drosophila is shaped by a complex interplay of regulatory and environmental factors.	medium	bioproject_text
GCA_020142055.1	Drosophila melanogaster	Institut de Biologia Evolutiva (CSIC-UPF)	PRJNA559813	10.1186/s12915-022-01479-w	36482348	The genomic basis of copper tolerance in Drosophila is shaped by a complex interplay of regulatory and environmental factors.	medium	bioproject_text
GCA_020142085.1	Drosophila melanogaster	Institut de Biologia Evolutiva (CSIC-UPF)	PRJNA559813	10.1186/s12915-022-01479-w	36482348	The genomic basis of copper tolerance in Drosophila is shaped by a complex interplay of regulatory and environmental factors.	medium	bioproject_text
GCA_020142105.1	Drosophila melanogaster	Institut de Biologia Evolutiva (CSIC-UPF)	PRJNA559813	10.1186/s12915-022-01479-w	36482348	The genomic basis of copper tolerance in Drosophila is shaped by a complex interplay of regulatory and environmental factors.	medium	bioproject_text
GCA_020169495.1	Drosophila melanogaster	Institut de Biologia Evolutiva (CSIC-UPF)	PRJNA559813	10.1186/s12915-022-01479-w	36482348	The genomic basis of copper tolerance in Drosophila is shaped by a complex interplay of regulatory and environmental factors.	medium	bioproject_text
GCA_024500395.1	Drosophila melanogaster	University of California-Irvine	PRJNA855235	10.7554/elife.81567	35997258	Species-specific chromatin landscape determines how transposable elements shape genome evolution.	medium	bioproject_text
GCA_034768405.1	Drosophila melanogaster	Rutgers University	PRJNA1008196	10.1371/journal.pgen.1011724	40591731	The length and strength of compartmental interactions are modulated by condensin II activity.	medium	bioproject_text
GCA_038396815.1	Drosophila melanogaster	Dow University of Health Sciences	PRJNA1017144	10.1016/j.dib.2025.112417	41551735	Mitochondrial genome dataset of Drosophila melanogaster Meigen, 1830 (fruit fly) from Pakistan.	medium	bioproject_text
GCA_047116165.1	Drosophila melanogaster	University of Cambridge	PRJNA1119277	10.1186/s13059-025-03527-4	40102968	Analysis of 30 chromosome-level Drosophila genome assemblies reveals dynamic evolution of centromeric satellite repeats.	high	bioproject_text
GCA_048772135.1	Drosophila melanogaster	Yunnan University	PRJNA1237537	10.1093/genetics/iyag113	42085563	Comparative genomic analysis and epigenetic profiling of the Drosophila melanogaster B chromosome.	low	organism_title
GCA_047115935.1	Drosophila sechellia	University of Cambridge	PRJNA1119277	10.1186/s13059-025-03527-4	40102968	Analysis of 30 chromosome-level Drosophila genome assemblies reveals dynamic evolution of centromeric satellite repeats.	high	bioproject_text
GCA_004382185.1	Drosophila simulans	University of California, Irvine	PRJNA383250	10.1093/molbev/msaa308	33247725	Tirant Stealthily Invaded Natural Drosophila melanogaster Populations during the Last Century.	medium	bioproject_text
GCA_047115815.1	Drosophila simulans	University of Cambridge	PRJNA1119277	10.1186/s13059-025-03527-4	40102968	Analysis of 30 chromosome-level Drosophila genome assemblies reveals dynamic evolution of centromeric satellite repeats.	high	bioproject_text
GCA_047115575.1	Drosophila teissieri	University of Cambridge	PRJNA1119277	10.1186/s13059-025-03527-4	40102968	Analysis of 30 chromosome-level Drosophila genome assemblies reveals dynamic evolution of centromeric satellite repeats.	high	bioproject_text
GCA_016746335.2	Drosophila yakuba	Princeton University	PRJNA310215	10.1371/journal.pgen.1010087	35320272	Meiotic, genomic and evolutionary properties of crossover distribution in Drosophila yakuba.	low	organism_title
GCA_047112585.1	Drosophila yakuba	University of Cambridge	PRJNA1119277	10.1186/s13059-025-03527-4	40102968	Analysis of 30 chromosome-level Drosophila genome assemblies reveals dynamic evolution of centromeric satellite repeats.	high	bioproject_text
GCA_047116535.1	Drosophila jambulina	University of Cambridge	PRJNA1119277	10.1186/s13059-025-03527-4	40102968	Analysis of 30 chromosome-level Drosophila genome assemblies reveals dynamic evolution of centromeric satellite repeats.	high	bioproject_text
GCA_047116395.1	Drosophila kikkawai	University of Cambridge	PRJNA1119277	10.1186/s13059-025-03527-4	40102968	Analysis of 30 chromosome-level Drosophila genome assemblies reveals dynamic evolution of centromeric satellite repeats.	high	bioproject_text
GCA_047115885.1	Drosophila rufa	University of Cambridge	PRJNA1119277	10.1186/s13059-025-03527-4	40102968	Analysis of 30 chromosome-level Drosophila genome assemblies reveals dynamic evolution of centromeric satellite repeats.	high	bioproject_text
GCA_014170255.2	Drosophila triauraria	Rutgers University	PRJNA627893	10.1371/journal.pgen.1009229	33284803	3D genome evolution and reorganization in the Drosophila melanogaster species group.	high	bioproject_text
GCA_047115555.1	Drosophila triauraria	University of Cambridge	PRJNA1119277	10.1186/s13059-025-03527-4	40102968	Analysis of 30 chromosome-level Drosophila genome assemblies reveals dynamic evolution of centromeric satellite repeats.	high	bioproject_text
GCA_047116555.1	Drosophila bocqueti	University of Cambridge	PRJNA1119277	10.1186/s13059-025-03527-4	40102968	Analysis of 30 chromosome-level Drosophila genome assemblies reveals dynamic evolution of centromeric satellite repeats.	high	bioproject_text
GCA_050084665.1	Drosophila suzukii	Shandong Academy of Agricultural Science	PRJNA1202505	10.1038/s41597-025-05890-0	41028018	Chromosomal-level genome assembly of Drosophila suzukii Matsumura (Diptera: Drosophilidae).	low	organism_title
GCA_047115775.1	Drosophila takahashii	University of Cambridge	PRJNA1119277	10.1186/s13059-025-03527-4	40102968	Analysis of 30 chromosome-level Drosophila genome assemblies reveals dynamic evolution of centromeric satellite repeats.	high	bioproject_text
GCA_008121215.1	Drosophila athabasca	UC Berkeley	PRJNA545704	10.7554/elife.49002	31524597	Dynamic turnover of centromeres drives karyotype evolution in Drosophila.	high	bioproject_text
GCA_008121225.1	Drosophila athabasca	UC Berkeley	PRJNA545704	10.7554/elife.49002	31524597	Dynamic turnover of centromeres drives karyotype evolution in Drosophila.	high	bioproject_text
GCA_009664405.1	Drosophila bifasciata	University of California - Berkeley	PRJNA565796	10.1534/g3.119.400922	31969429	Chromosome-Level Assembly of Drosophila bifasciata Reveals Important Karyotypic Transition of the X Chromosome.	high	bioproject_text
GCA_047115845.1	Drosophila subobscura	University of Cambridge	PRJNA1119277	10.1186/s13059-025-03527-4	40102968	Analysis of 30 chromosome-level Drosophila genome assemblies reveals dynamic evolution of centromeric satellite repeats.	high	bioproject_text
GCA_963583985.1	Drosophila subobscura	WELLCOME SANGER INSTITUTE	PRJEB68174	10.3390/insects16060586	40559016	Chromosomal Inversions in Chromosome U of Drosophila subobscura: A Story from Population Studies to Molecular Level.	low	organism_title
GCA_963584095.1	Drosophila subobscura	WELLCOME SANGER INSTITUTE	PRJEB68183	10.3390/insects16060586	40559016	Chromosomal Inversions in Chromosome U of Drosophila subobscura: A Story from Population Studies to Molecular Level.	low	organism_title
GCA_020698555.2	Drosophila persimilis	University of Maryland	PRJNA753501	10.1093/gbe/evae047	38482945	The Complex Landscape of Structural Divergence Between the Drosophila pseudoobscura and D. persimilis Genomes.	high	bioproject_text
GCA_047116115.1	Drosophila persimilis	University of Cambridge	PRJNA1119277	10.1186/s13059-025-03527-4	40102968	Analysis of 30 chromosome-level Drosophila genome assemblies reveals dynamic evolution of centromeric satellite repeats.	high	bioproject_text
GCA_004329205.1	Drosophila pseudoobscura	UC Berkeley	PRJNA545704	10.7554/elife.49002	31524597	Dynamic turnover of centromeres drives karyotype evolution in Drosophila.	high	bioproject_text
GCA_047115875.1	Drosophila pseudoobscura	University of Cambridge	PRJNA1119277	10.1186/s13059-025-03527-4	40102968	Analysis of 30 chromosome-level Drosophila genome assemblies reveals dynamic evolution of centromeric satellite repeats.	high	bioproject_text
GCA_020698565.1	Drosophila pseudoobscura pseudoobscura	University of Maryland	PRJNA753500	10.1093/gbe/evae047	38482945	The Complex Landscape of Structural Divergence Between the Drosophila pseudoobscura and D. persimilis Genomes.	high	bioproject_text
GCA_008121275.1	Drosophila lowei	UC Berkeley	PRJNA545704	10.7554/elife.49002	31524597	Dynamic turnover of centromeres drives karyotype evolution in Drosophila.	high	bioproject_text
GCA_963969585.1	Drosophila helvetica	WELLCOME SANGER INSTITUTE	PRJEB73295	10.12688/wellcomeopenres.22764.1		The genome sequence of a drosophilid fruit fly, Drosophila helvetica Burla 1948	medium	organism_title
GCA_047116475.1	Drosophila equinoxialis	University of Cambridge	PRJNA1119277	10.1186/s13059-025-03527-4	40102968	Analysis of 30 chromosome-level Drosophila genome assemblies reveals dynamic evolution of centromeric satellite repeats.	high	bioproject_text
GCA_047116485.1	Drosophila insularis	University of Cambridge	PRJNA1119277	10.1186/s13059-025-03527-4	40102968	Analysis of 30 chromosome-level Drosophila genome assemblies reveals dynamic evolution of centromeric satellite repeats.	high	bioproject_text
GCA_047116125.1	Drosophila paulistorum	University of Cambridge	PRJNA1119277	10.1186/s13059-025-03527-4	40102968	Analysis of 30 chromosome-level Drosophila genome assemblies reveals dynamic evolution of centromeric satellite repeats.	high	bioproject_text
GCA_047115605.1	Drosophila tropicalis	University of Cambridge	PRJNA1119277	10.1186/s13059-025-03527-4	40102968	Analysis of 30 chromosome-level Drosophila genome assemblies reveals dynamic evolution of centromeric satellite repeats.	high	bioproject_text
GCA_047115615.1	Drosophila willistoni	University of Cambridge	PRJNA1119277	10.1186/s13059-025-03527-4	40102968	Analysis of 30 chromosome-level Drosophila genome assemblies reveals dynamic evolution of centromeric satellite repeats.	high	bioproject_text
GCA_949708635.1	Hirtodrosophila cameraria	WELLCOME SANGER INSTITUTE	PRJEB60601	10.12688/wellcomeopenres.19850.1	38868628	The genome sequence of a drosophilid fruit fly, Hirtodrosophila cameraria (Haliday, 1833).	medium	organism_title
GCA_034638295.1	Phortica okadai	Zunyi Medical University	PRJNA1026737	10.1038/s41597-024-04239-3	39695142	Chromosome-level genome assembly of Phortica okadai, a vector of Thelazia callipaeda.	high	bioproject_text
GCA_951812925.1	Calliopum simillimum	WELLCOME SANGER INSTITUTE	PRJEB62996	10.12688/wellcomeopenres.23253.1		The genome sequence of a lauxaniid fly, Calliopum simillimum (Collin, 1933)	medium	organism_title
GCA_963680825.1	Meiosimyza decipiens	WELLCOME SANGER INSTITUTE	PRJEB70449	10.12688/wellcomeopenres.23785.1	40666601	The genome sequence of a lauxanid fly, Meiosimyza decipiens (Loew, 1847).	high	assembly_name
GCA_963662105.1	Meiosimyza platycephala	WELLCOME SANGER INSTITUTE	PRJEB68341	10.12688/wellcomeopenres.26792.1		The genome sequence of a lauxaniid fly, Meiosimyza platycephala (Loew, 1847) (Diptera: Lauxaniidae)	medium	organism_title
GCA_949775025.1	Tricholauxania praeusta	WELLCOME SANGER INSTITUTE	PRJEB60988	10.12688/wellcomeopenres.23099.1	39563950	The genome sequence of a lauxaniid fly, Tricholauxania praeusta (Fallén, 1820).	high	assembly_name
GCA_963457695.1	Neria commutata	WELLCOME SANGER INSTITUTE	PRJEB66154	10.12688/wellcomeopenres.24328.1		The genome sequence of a stilt-legged fly, Neria commutata (Czerny, 1930)	medium	organism_title
GCA_051363215.1	Liriomyza sativae	Guizhou University	PRJNA1232231	10.1038/s41597-025-05747-6	40781254	Chromosome-level genome assembly of the vegetable leafminer Liriomyza sativae (Diptera: Agromyzidae).	high	bioproject_text
GCA_043165165.1	Liriomyza trifolii	Yangzhou university	PRJNA1116806	10.1038/s41597-024-04208-w	39639021	Chromosome-level genome assembly of the invasive leafminer fly, Liriomyza trifolii (Diptera: Agromyzidae).	medium	organism_title
GCA_920105625.2	Clusia tigrina	WELLCOME SANGER INSTITUTE	PRJEB48877	10.12688/wellcomeopenres.20109.1	38449716	The genome sequence of a druid fly, Clusia tigrina (Fallén, 1820).	high	assembly_name
GCA_965234165.1	Geomyza tripunctata	WELLCOME SANGER INSTITUTE	PRJEB87981	10.12688/wellcomeopenres.27071.1		The genome sequence of an opomyzid fly, Geomyza tripunctata Fallen, 1823 (Diptera: Opomyzidae)	medium	organism_title
GCA_964263875.1	Anthomyza gracilis	WELLCOME SANGER INSTITUTE	PRJEB80004	10.12688/wellcomeopenres.25281.1	41488254	The genome sequence of the anthomyzid fly, Anthomyza gracilis Fallén, 1823 (Diptera: Anthomyzidae).	high	assembly_name
GCA_964194425.1	Nemopoda nitidula	WELLCOME SANGER INSTITUTE	PRJEB76970	10.12688/wellcomeopenres.23664.1	40520150	The genome sequence of the black scavenger fly, Nemopoda nitidula (Fallén, 1820).	high	assembly_name
GCA_017309665.1	Coelopa frigida	Universite Laval	PRJNA688905	10.1093/molbev/msab143	33963409	Locally Adaptive Inversions Modulate Genetic Variation at Different Geographic Scales in a Seaweed Fly.	low	bioproject_text
GCA_947389925.1	Coelopa pilipes	WELLCOME SANGER INSTITUTE	PRJEB57757	10.12688/wellcomeopenres.21222.1	39114490	The genome sequence of a kelp fly, Coelopa pilipes Haliday, 1838.	high	assembly_name
GCA_951804985.1	Dryomyza anilis	WELLCOME SANGER INSTITUTE	PRJEB62770	10.12688/wellcomeopenres.22884.1	39403309	The genome sequence of the acalyptrate fly Dryomyza anilis Fallén, 1820.	high	assembly_name
GCA_963920525.1	Dichetophora obliterata	WELLCOME SANGER INSTITUTE	PRJEB71451	10.12688/wellcomeopenres.23993.1	40433623	The genome sequence of a snail-killing fly, Dichetophora obliterata (Fabricius, 1805).	high	assembly_name
GCA_965234915.1	Ilione lineata	WELLCOME SANGER INSTITUTE	PRJEB88091	10.12688/wellcomeopenres.25390.1		The genome sequence of the snail-killing fly, Ilione lineata (Fallén, 1820) (Diptera: Sciomyzidae)	medium	organism_title
GCA_965234975.1	Ilione lineata	WELLCOME SANGER INSTITUTE	PRJEB88092	10.12688/wellcomeopenres.25390.1		The genome sequence of the snail-killing fly, Ilione lineata (Fallén, 1820) (Diptera: Sciomyzidae)	medium	organism_title
GCA_943735915.1	Pherbina coryleti	WELLCOME SANGER INSTITUTE	PRJEB53297	10.12688/wellcomeopenres.18790.1	37915954	The genome sequence of a snail-killing fly, Pherbina coryleti (Scopoli, 1763).	high	assembly_name
GCA_914767935.1	Coremacera marginata	WELLCOME SANGER INSTITUTE	PRJEB47370	10.12688/wellcomeopenres.17482.1	36415322	The genome sequence of a snail-killing fly, Coremacera marginata (Fabricius, 1775).	high	assembly_name
GCA_958299015.1	Tetanocera ferruginea	WELLCOME SANGER INSTITUTE	PRJEB64037	10.12688/wellcomeopenres.20366.1	38434740	The genome sequence of the common buff snailkiller, Tetanocera ferruginea (Fallén, 1820).	high	assembly_name
GCA_949127995.1	Suillia variegata	WELLCOME SANGER INSTITUTE	PRJEB59486	10.12688/wellcomeopenres.19630.1	39139764	The genome sequence of a heleomyzid fly, Suillia variegata (Loew, 1862).	high	assembly_name
GCA_951394025.1	Heteromyza rotundicornis	WELLCOME SANGER INSTITUTE	PRJEB62020	10.12688/wellcomeopenres.22872.1		The genome sequence of the heleomyzid fly, Heteromyza rotundicornis (Zetterstedt, 1846)	medium	organism_title
GCA_958295655.1	Palloptera scutellata	WELLCOME SANGER INSTITUTE	PRJEB63749	10.12688/wellcomeopenres.20381.1	38798990	The genome sequence of the flutter-wing fly, Palloptera scutellata (Macquart, 1835).	high	assembly_name
GCA_963691655.1	Toxonevra muliebris	WELLCOME SANGER INSTITUTE	PRJEB70584	10.12688/wellcomeopenres.23670.1	40046090	The genome sequence of a pallopterid fly, Toxonevra muliebris (Harris, 1780).	high	assembly_name
GCA_963971225.1	Melieria omissa	WELLCOME SANGER INSTITUTE	PRJEB73493	10.12688/wellcomeopenres.24956.1	41312304	The genome sequence of a picture-winged fly , Melieria omissa (Meigen, 1826) (Diptera: Ulidiidae).	high	assembly_name
GCA_963668005.1	Melieria crassipennis	WELLCOME SANGER INSTITUTE	PRJEB69165	10.12688/wellcomeopenres.23224.1	39554247	The genome sequence of a picture-winged fly, Melieria crassipennis (Fabricius, 1794).	high	assembly_name
GCA_964056695.1	Melieria picta	WELLCOME SANGER INSTITUTE	PRJEB75755	10.12688/wellcomeopenres.24887.1	41146895	The genome sequence of a picture-winged fly, Melieria picta (Meigen, 1826) (Diptera: Ulidiidae).	high	assembly_name
GCA_050613955.1	Tetanops myopaeformis	USDA-ARS Ag100Pest	PRJNA862269	10.1016/j.dib.2024.110710	39081493	The annotation of genomic dataset sequences of the sugar beet root maggot Tetanops myopaeformis, TmSBRM_v1.0.	medium	organism_title
GCA_027475135.1	Bactrocera correcta	China Agricultural University	PRJNA895175	10.1016/j.ygeno.2023.110736	39491176	Chromosome-level genome assembly of Bactrocera correcta provides insights into its adaptation and invasion mechanisms.	medium	organism_title
GCA_030710565.1	Bactrocera dorsalis	China Agricultural University	PRJNA707371	10.1038/s41467-025-65870-1	41339345	Telomere-to-telomere genome assembly of the Dipteran Bactrocera dorsalis from a single individual.	low	organism_title
GCA_051013405.1	Bactrocera oleae	USDA-ARS Ag100Pest	PRJNA1275571	10.1093/g3journal/jkaf235	41066542	Genome report: chromosome-scale genome assembly of the olive fly Bactrocera oleae (Diptera: Tephritidae).	high	bioproject_text
GCA_046562955.1	Bactrocera tsuneonis	China Agricultural University	PRJNA1182520	10.1093/gigascience/giaf143	41263491	A high-quality chromosome-level genome assembly of the oligophagous fruit fly Bactrocera tsuneonis (Diptera: Tephritidae) and insights into its host specificity.	high	bioproject_text
GCA_031772095.1	Zeugodacus tau	Chinese Academy of Agricultural Sciences	PRJNA843881	10.1038/s41597-023-02765-0	38040744	Chromosome-level genome assembly of an agricultural pest Zeugodacus tau (Diptera: Tephritidae).	high	bioproject_text
GCA_051201265.1	Zeugodacus scutellatus	China Jiliang University	PRJNA1225418	10.1038/s41597-026-06828-w	41673002	A chromosome-scale genome assembly of the striped fruit fly Zeugodacus scutellatus (Diptera: Tephritidae).	high	bioproject_text
GCA_965200055.1	Xyphosia miliaria	WELLCOME SANGER INSTITUTE	PRJEB86868	10.12688/wellcomeopenres.25047.1	41477627	The genome sequence of a tephritid fruit fly, Xyphosia miliaria (Schrank, 1781) (Diptera: Tephritidae).	high	assembly_name
GCA_965200985.1	Xyphosia miliaria	WELLCOME SANGER INSTITUTE	PRJEB86869	10.12688/wellcomeopenres.25047.1	41477627	The genome sequence of a tephritid fruit fly, Xyphosia miliaria (Schrank, 1781) (Diptera: Tephritidae).	high	assembly_name
GCA_949987695.1	Merzomyia westermanni	WELLCOME SANGER INSTITUTE	PRJEB61566	10.12688/wellcomeopenres.22873.1	39386962	The genome sequence of a tephritid fruit fly, Merzomyia westermanni Meigen 1826.	high	assembly_name
GCA_960531455.1	Urophora cardui	WELLCOME SANGER INSTITUTE	PRJEB64530	10.12688/wellcomeopenres.22919.1	39345341	The genome sequence of the thistle gall fly, Urophora cardui (Linnaeus 1758).	high	assembly_name
GCA_964058745.1	Campiglossa producta	WELLCOME SANGER INSTITUTE	PRJEB75822	10.12688/wellcomeopenres.24327.1		The genome sequence of the tephritid fly, Campiglossa producta (Loew, 1844)	medium	organism_title
GCA_951509765.1	Sphenella marginata	WELLCOME SANGER INSTITUTE	PRJEB62116	10.12688/wellcomeopenres.19841.1	39183740	The genome sequence of the Ragwort Fly, Sphenella marginata (Fallén, 1814).	high	assembly_name
GCA_963971545.1	Philophylla caesio	WELLCOME SANGER INSTITUTE	PRJEB73545	10.12688/wellcomeopenres.24331.1	41488263	The genome sequence of a tephritid fly, Philophylla caesio (Harris, 1780).	high	assembly_name
GCA_951828415.1	Anomoia purmunda	WELLCOME SANGER INSTITUTE	PRJEB63031	10.12688/wellcomeopenres.22849.1	39364081	The genome sequence of the Hawthorn Fruit Fly, Anomoia purmunda (Harris, 1780).	high	assembly_name
GCA_965250645.1	Ornithomya avicularia	WELLCOME SANGER INSTITUTE	PRJEB88715	10.12688/wellcomeopenres.24877.1		The genome sequence of the Bird Louse Fly, Ornithomya avicularia (Linnaeus, 1758) (Diptera: Hippoboscidae)	medium	organism_title
GCA_963978525.1	Ornithomya fringillina	WELLCOME SANGER INSTITUTE	PRJEB73620	10.12688/wellcomeopenres.23963.1		The genome sequence of the Finch Louse Fly, Ornithomya fringillina (Curtis, 1836)	medium	organism_title
GCA_963971445.1	Ornithomya chloropus	WELLCOME SANGER INSTITUTE	PRJEB73536	10.12688/wellcomeopenres.23962.1	40703329	The genome sequence of the Grouse Louse Fly, Ornithomya chloropus (Bergroth, 1901).	high	assembly_name
GCA_949710015.1	Crataerina pallida	WELLCOME SANGER INSTITUTE	PRJEB60738	10.12688/wellcomeopenres.20097.1	37920844	The genome sequence of the Swift Louse Fly Crataerina pallida (Latreille, 1812).	high	assembly_name
GCA_949748255.1	Eustalomyia histrio	WELLCOME SANGER INSTITUTE	PRJEB60811	10.12688/wellcomeopenres.21264.1	39502861	The genome sequence of an anthomyiid fly, Eustalomyia histrio (Zetterstedt, 1838).	high	assembly_name
GCA_949987735.1	Leucophora obtusa	WELLCOME SANGER INSTITUTE	PRJEB61595	10.12688/wellcomeopenres.19920.1	38283326	The genome sequence of a satellite fly, Leucophora obtusa (Zetterstedt, 1837).	high	assembly_name
GCA_021234595.1	Delia radicum	German Centre for Integrative Biodiversity Research (iDiv) Halle-Jena-Leipzig	PRJNA655405	10.3389/fphys.2022.874527	35574438	Mechanisms of Isothiocyanate Detoxification in Larvae of Two Belowground Herbivores, Delia radicum and D. floralis (Diptera: Anthomyiidae).	high	assembly_name
GCA_963921195.1	Pegoplata infirma	WELLCOME SANGER INSTITUTE	PRJEB71661	10.12688/wellcomeopenres.22463.1	40144701	The genome sequence of an anthomyiid fly, Pegoplata infirma (Meigen, 1826) (Diptera, Anthomyiidae).	high	assembly_name
GCA_963682025.1	Cordilura impudica	WELLCOME SANGER INSTITUTE	PRJEB70526	10.12688/wellcomeopenres.24869.1		The genome sequence of a scathophagid fly, Cordilura impudica Rondani, 1866 (Diptera: Scathophagidae)	medium	organism_title
GCA_040938175.1	Scathophaga stercoraria	China Agricultural University	PRJNA1125925	10.1016/j.ijbiomac.2024.136424	39393738	Chromosome-level genome assembly of Scathophaga stercoraria provides new insights into the evolutionary adaptations of dung flies.	medium	organism_title
GCA_964034835.1	Muscina levida	WELLCOME SANGER INSTITUTE	PRJEB75308	10.12688/wellcomeopenres.23044.1		The genome sequence of a muscid fly, Muscina levida (Harris, 1780)	medium	organism_title
GCA_965643655.1	Hydrotaea similis	WELLCOME SANGER INSTITUTE	PRJEB93946	10.12688/wellcomeopenres.26885.2		The genome sequence of the muscid fly, Hydrotaea similis Meade, 1887 (Diptera: Muscidae)	medium	organism_title
GCA_965614475.1	Hydrotaea militaris	WELLCOME SANGER INSTITUTE	PRJEB90879	10.12688/wellcomeopenres.20638.1	38725453	The genome sequence of a muscid fly, Hydrotaea cyrtoneurina (Zetterstedt, 1845).	low	organism_genus_title
GCA_963513945.1	Hydrotaea diabolus	WELLCOME SANGER INSTITUTE	PRJEB66371	10.12688/wellcomeopenres.21211.1		The genome sequence of a muscid fly, Hydrotaea diabolus (Harris, [1780])	medium	organism_title
GCA_958296145.1	Hydrotaea cyrtoneurina	WELLCOME SANGER INSTITUTE	PRJEB63884	10.12688/wellcomeopenres.20638.1	38725453	The genome sequence of a muscid fly, Hydrotaea cyrtoneurina (Zetterstedt, 1845).	high	assembly_name
GCA_964235425.1	Azelia nebulosa	WELLCOME SANGER INSTITUTE	PRJEB79083	10.12688/wellcomeopenres.25265.1		The genome sequence of a muscid house fly, Azelia nebulosa Robineau-Desvoidy, 1830 (Diptera: Muscidae	medium	organism_title
GCA_963930755.1	Eudasyphora cyanicolor	WELLCOME SANGER INSTITUTE	PRJEB72170	10.12688/wellcomeopenres.23675.1	40027407	The genome sequence of the muscid fly Eudasyphora cyanicolor (Zetterstedt, 1845).	high	assembly_name
GCA_947397865.1	Polietes domitor	WELLCOME SANGER INSTITUTE	PRJEB57810	10.12688/wellcomeopenres.20648.1	39301441	The genome sequence of a muscid fly, Polietes domitor (Harris, 1780).	high	assembly_name
GCA_965226705.1	Polietes lardarius	WELLCOME SANGER INSTITUTE		10.12688/wellcomeopenres.26997.1		The genome sequence of a muscid fly, Polietes lardarius (Fabricius, 1781) (Diptera: Muscidae)	medium	organism_title
GCA_965111845.1	Phaonia angelicae	WELLCOME SANGER INSTITUTE	PRJEB84006	10.12688/wellcomeopenres.26330.1	42255360	The genome sequence of a muscid fly, Phaonia angelicae (Scopoli, 1763) (Diptera: Muscidae).	high	assembly_name
GCA_963931995.1	Phaonia tiefii	WELLCOME SANGER INSTITUTE	PRJEB72266	10.12688/wellcomeopenres.24323.1		The genome sequence of a muscid fly, Phaonia tiefii (Schnabl, 1888)	medium	organism_title
GCA_965644445.1	Lispocephala verna	WELLCOME SANGER INSTITUTE	PRJEB94216	10.12688/wellcomeopenres.26934.1		The genome sequence of a muscid fly, Lispocephala verna (Fabricius, 1794) (Diptera: Muscidae)	medium	organism_title
GCA_933228675.1	Stomorhina lunata	WELLCOME SANGER INSTITUTE	PRJEB51582	10.12688/wellcomeopenres.19532.1	38779051	The genome sequence of the Locust Fly, Stomorhina lunata (Fabricius, 1805).	high	assembly_name
GCA_914767995.1	Thecocarcelia acutangulata	WELLCOME SANGER INSTITUTE	PRJEB47351	10.12688/wellcomeopenres.18994.1		The genome sequence of a tachinid fly, Thecocarcelia acutangulata (Macquart, 1850)	medium	organism_title
GCA_932526305.1	Epicampocera succincta	WELLCOME SANGER INSTITUTE	PRJEB51388	10.12688/wellcomeopenres.19586.1	39417202	The genome sequence of the tachinid fly, Epicampocera succincta (Meigen, 1824).	high	assembly_name
GCA_963662145.1	Sturmia bella	WELLCOME SANGER INSTITUTE	PRJEB68352	10.12688/wellcomeopenres.24253.1		The genome sequence of a tachinid fly, Sturmia bella (Meigen, 1824)	medium	organism_title
GCA_916610165.2	Gymnosoma rotundatum	WELLCOME SANGER INSTITUTE	PRJEB47732	10.12688/wellcomeopenres.17782.1	35419492	The genome sequence of Gymnosoma rotundatum (Linnaeus, 1758), a parasitoid ladybird fly.	high	assembly_name
GCA_949628195.1	Phasia obesa	WELLCOME SANGER INSTITUTE	PRJEB60536	10.12688/wellcomeopenres.21577.1		The genome sequence of a tachinid fly, Phasia obesa (Fabricius, 1798)	medium	organism_title
GCA_937654795.1	Cistogaster globosa	WELLCOME SANGER INSTITUTE	PRJEB52244	10.12688/wellcomeopenres.19924.1	39092424	The genome sequence of a tachinid fly, Cistogaster globosa (Fabricius, 1775).	high	assembly_name
GCA_963932375.1	Phania funesta	WELLCOME SANGER INSTITUTE	PRJEB72343	10.12688/wellcomeopenres.23440.1		The genome sequence of a tachinid fly, Phania funesta (Meigen, 1824)	medium	organism_title
GCA_947397855.1	Thelaira solivaga	WELLCOME SANGER INSTITUTE	PRJEB57809	10.12688/wellcomeopenres.19639.1	38764971	The genome sequence of a tachinid fly, Thelaira solivaga (Harris, 1780).	high	assembly_name
GCA_949987645.1	Tachina grossa	WELLCOME SANGER INSTITUTE	PRJEB61594	10.12688/wellcomeopenres.23102.1	39611123	The genome sequence of the giant tachinid fly, Tachina grossa (Linnaeus, 1758).	high	assembly_name
GCA_905220375.1	Tachina fera	WELLCOME SANGER INSTITUTE	PRJEB42872	10.12688/wellcomeopenres.17760.2	41799541	The genome sequence of Tachina fera (Linnaeus, 1761), a tachinid fly.	high	assembly_name
GCA_944452675.1	Tachina lurida	WELLCOME SANGER INSTITUTE	PRJEB53642	10.12688/wellcomeopenres.19635.1	37635753	The genome sequence of a tachinid fly, Tachina lurida (Fabricius, 1781).	high	assembly_name
GCA_936439885.1	Nowickia ferox	WELLCOME SANGER INSTITUTE	PRJEB52074	10.12688/wellcomeopenres.19575.1	38919871	The genome sequence of a tachinid fly, Nowickia ferox (Panzer, 1809).	high	assembly_name
GCA_963924685.1	Dexiosoma caninum	WELLCOME SANGER INSTITUTE	PRJEB72094	10.12688/wellcomeopenres.23193.1	40584569	The genome sequence of a tachinid fly, Dexiosoma caninum (Fabricius, 1781).	high	assembly_name
GCA_956483635.1	Panzeria rudis	WELLCOME SANGER INSTITUTE	PRJEB63518	10.12688/wellcomeopenres.20145.1		The genome sequence of a tachinid fly, Panzeria rudis (Fallén, 1810)	medium	organism_title
GCA_956483585.1	Gymnocheta viridis	WELLCOME SANGER INSTITUTE	PRJEB63516	10.12688/wellcomeopenres.23435.1	39931113	The genome sequence of a tachinid fly, Gymnocheta viridis (Fallén, 1810).	high	assembly_name
GCA_951800035.1	Linnaemya tessellans	WELLCOME SANGER INSTITUTE	PRJEB62589	10.12688/wellcomeopenres.21499.1	39132670	The genome sequence of a tachinid fly, Linnaemya tessellans (Robineau-Desvoidy, 1830).	high	assembly_name
GCA_963675445.1	Linnaemya vulpina	WELLCOME SANGER INSTITUTE	PRJEB69585	10.12688/wellcomeopenres.23296.1	39801511	The genome sequence of a tachinid fly, Linnaemya vulpina (Fallén, 1810).	high	assembly_name
GCA_963681545.1	Germaria angustata	WELLCOME SANGER INSTITUTE	PRJEB70487	10.12688/wellcomeopenres.23197.1		The genome sequence of a tachinid fly, Germaria angustata (Zetterstedt, 1844)	medium	organism_title
GCA_947311025.1	Lypha dubia	WELLCOME SANGER INSTITUTE	PRJEB57374	10.12688/wellcomeopenres.21295.1		The genome sequence of a tachinid fly, Lypha dubia Fallén, 1810	medium	organism_title
GCA_941918925.1	Phyto melanocephala	WELLCOME SANGER INSTITUTE	PRJEB52668	10.12688/wellcomeopenres.19563.1		The genome sequence of a woodlouse fly, Phyto melanocephala (Meigen, 1824)	medium	organism_title
GCA_963583895.1	Melanophora roralis	WELLCOME SANGER INSTITUTE	PRJEB68163	10.12688/wellcomeopenres.23295.1	39659996	The genome sequence of a woodlouse fly, Melanophora roralis (Linnaeus, 1758).	high	assembly_name
GCA_930367215.1	Pollenia angustigena	WELLCOME SANGER INSTITUTE	PRJEB50842	10.12688/wellcomeopenres.19576.1	39346929	The genome sequence of the narrow-cheeked clusterfly, Pollenia angustigena (Wainwright, 1940).	high	assembly_name
GCA_949318255.1	Pollenia labialis	WELLCOME SANGER INSTITUTE	PRJEB60221	10.12688/wellcomeopenres.21079.1		The genome sequence of the dark-based cluster fly, Pollenia labialis Robineau-Desvoidy, 1863	medium	organism_title
GCA_964300415.1	Pollenia pediculata	WELLCOME SANGER INSTITUTE	PRJEB81725	10.12688/wellcomeopenres.23961.1	40454264	The genome sequence of a cluster fly, Pollenia pediculata Macquart, 1834.	high	assembly_name
GCA_963931875.1	Pollenia griseotomentosa	WELLCOME SANGER INSTITUTE	PRJEB72236	10.12688/wellcomeopenres.23625.1	40697422	The genome sequence of a cluster fly, Pollenia griseotomentosa (Jacentkovský, 1944).	high	assembly_name
GCA_943735925.1	Pollenia amentaria	WELLCOME SANGER INSTITUTE	PRJEB53307	10.12688/wellcomeopenres.19740.1		The genome sequence of the black-bellied cluster fly, Pollenia amentaria (Scopoli, 1763)	medium	organism_title
GCA_965605835.1	Melanomya nana	WELLCOME SANGER INSTITUTE	PRJEB90562	10.12688/wellcomeopenres.26844.1		The genome sequence of a blow fly, Melanomya nana (Meigen, 1826) (Diptera: Calliphoridae)	medium	organism_title
GCA_916048285.2	Bellardia pandia	WELLCOME SANGER INSTITUTE	PRJEB47511	10.12688/wellcomeopenres.17492.1		The genome sequence of the bisetose emerald-bottle, Bellardia pandia (Walker, 1849)	medium	organism_title
GCA_950370525.1	Bellardia bayeri	WELLCOME SANGER INSTITUTE	PRJEB61765	10.12688/wellcomeopenres.22911.1		The genome sequence of the Bayer’s emerald-bottle fly, Bellardia bayeri (Jacentkovsky 1937)	medium	organism_title
GCA_942486065.2	Calliphora vomitoria	WELLCOME SANGER INSTITUTE	PRJEB52695	10.12688/wellcomeopenres.18891.1	38173563	The genome sequence of a bluebottle, Calliphora vomitoria (Linnaeus, 1758).	high	assembly_name
GCA_049350715.1	Chrysomya megacephala	Institute of Zoology,Chinese Academy of Sciences	PRJNA1121482	10.3390/biology14080913	40906109	A High-Quality Chromosome-Level Genome Assembly and Comparative Analyses Provide Insights into the Adaptation of Chrysomya megacephala (Fabricius, 1794) (Diptera: Calliphoridae).	high	bioproject_text
GCA_051942615.1	Chrysomya megacephala	Central South University	PRJNA1247249	10.1186/s12864-025-11645-3	40319241	Chromosome-level genome assembly of the synanthropic fly Chrysomya megacephala: insights into oviposition location.	high	bioproject_text
GCA_051144935.1	Cochliomyia hominivorax	USDA-Agricultural Research Service, USA	PRJNA1276070	10.1093/g3journal/jkag053	41761668	Haplotype-resolved genome assemblies for the New World screwworm, Cochliomyia hominivorax (Diptera: Calliphoridae), using the trio binning approach.	medium	organism_title
GCA_051144965.1	Cochliomyia hominivorax	USDA-Agricultural Research Service, USA	PRJNA1237801	10.1093/g3journal/jkag053	41761668	Haplotype-resolved genome assemblies for the New World screwworm, Cochliomyia hominivorax (Diptera: Calliphoridae), using the trio binning approach.	high	bioproject_text
GCA_932274085.1	Protocalliphora azurea	WELLCOME SANGER INSTITUTE	PRJEB51197	10.12688/wellcomeopenres.18872.1	37766849	The genome sequence of a bird blowfly, Protocalliphora azurea (Fallén,1817).	high	assembly_name
GCA_951394005.1	Protophormia terraenovae	WELLCOME SANGER INSTITUTE	PRJEB62014	10.12688/wellcomeopenres.21578.1		The genome sequence of the northern blowfly, Protophormia terraenovae (Robineau-Desvoidy, 1830)	medium	organism_title
GCA_965655125.1	Lucilia caesar	WELLCOME SANGER INSTITUTE	PRJEB94916	10.12688/wellcomeopenres.26152.1	42064354	The genome sequence of a greenbottle fly, Lucilia caesar (Linnaeus, 1758) (Diptera: Calliphoridae).	high	assembly_name
GCA_958299815.1	Sarcophaga carnaria	WELLCOME SANGER INSTITUTE	PRJEB64116	10.12688/wellcomeopenres.22921.1		The genome sequence of the common flesh fly, Sarcophaga carnaria (Linnaeus, 1758)	medium	organism_title
GCA_936449025.2	Sarcophaga subvicina	WELLCOME SANGER INSTITUTE	PRJEB52073	10.12688/wellcomeopenres.18717.2	37600583	The genome sequence of the lesser worm flesh fly, Sarcophaga ( Sarcophaga) subvicina Rohdendorf, 1937.	high	assembly_name
GCA_932273835.1	Sarcophaga variegata	WELLCOME SANGER INSTITUTE	PRJEB51182	10.12688/wellcomeopenres.19483.1	38510269	The genome sequence of the variegated flesh fly, Sarcophaga variegata (Scopoli, 1763).	high	assembly_name
GCA_930367235.1	Sarcophaga rosellei	WELLCOME SANGER INSTITUTE	PRJEB50845	10.12688/wellcomeopenres.18874.1	37766848	The genome of Roselle's flesh fly Sarcophaga ( Helicophagella) rosellei (Böttcher, 1912).	high	assembly_name
GCA_927399465.1	Sarcophaga caerulescens	WELLCOME SANGER INSTITUTE	PRJEB50004	10.12688/wellcomeopenres.18718.1	37363063	The genome sequence of the bluish flesh fly, Sarcophaga ( Robineauella) caerulescens (Zetterstedt, 1838).	high	assembly_name
GCA_049996135.1	Sarcophaga princeps	Soochow University	PRJNA1084263	10.1038/s41597-025-05785-0	40817100	A chromosome-level genome assembly of Sarcophaga princeps Wiedemann, 1830 (Diptera: Sarcophagidae).	medium	organism_title
GCA_963576795.1	Metopia argyrocephala	WELLCOME SANGER INSTITUTE	PRJEB68068	10.12688/wellcomeopenres.22622.1		The genome sequence of the silver-fronted satellite fly, Metopia argyrocephala (Meigen, 1824)	medium	organism_title
GCA_964007475.1	Hybos culiciformis	WELLCOME SANGER INSTITUTE	PRJEB74018	10.12688/wellcomeopenres.25056.1	41467107	The genome sequence of the hybotid fly, Hybos culiciformis (Fabricius, 1775) (Diptera: Hybotidae).	high	assembly_name
GCA_965663495.1	Hybos femoratus	WELLCOME SANGER INSTITUTE	PRJEB94980	10.12688/wellcomeopenres.25056.1	41467107	The genome sequence of the hybotid fly, Hybos culiciformis (Fabricius, 1775) (Diptera: Hybotidae).	low	organism_genus_title
GCA_963932195.1	Empis livida	WELLCOME SANGER INSTITUTE	PRJEB72342	10.12688/wellcomeopenres.22866.1		The genome sequence of a dance fly, Empis livida Linnaeus, 1758	medium	organism_title
GCA_949752835.1	Empis stercorea	WELLCOME SANGER INSTITUTE	PRJEB60898	10.12688/wellcomeopenres.22820.1		The genome sequence of a dance fly, Empis stercorea Linnaeus, 1760	medium	organism_title
GCA_965283295.1	Empis opaca	WELLCOME SANGER INSTITUTE	PRJEB89565	10.12688/wellcomeopenres.22866.1		The genome sequence of a dance fly, Empis livida Linnaeus, 1758	low	organism_genus_title
GCA_963920725.1	Rhamphomyia laevipes	WELLCOME SANGER INSTITUTE	PRJEB71557	10.12688/wellcomeopenres.22845.1		The genome sequence of a dance fly, Rhamphomyia laevipes (Fallén, 1816)	medium	organism_title
GCA_963942445.1	Argyra leucocephala	WELLCOME SANGER INSTITUTE	PRJEB72462	10.12688/wellcomeopenres.24307.1	40823658	The genome sequence of a long-legged fly, Argyra leucocephala (Meigen, 1824).	high	assembly_name
GCA_965140195.1	Dolichopus virgultorum	WELLCOME SANGER INSTITUTE	PRJEB85710	10.12688/wellcomeopenres.23382.1	39990996	The genome sequence of Dolichopus griseipennis Stannius, 1831.	low	organism_genus_title
GCA_963082915.1	Dolichopus griseipennis	WELLCOME SANGER INSTITUTE	PRJEB64821	10.12688/wellcomeopenres.23382.1	39990996	The genome sequence of Dolichopus griseipennis Stannius, 1831.	high	assembly_name
GCA_947095535.1	Poecilobothrus nobilitatus	WELLCOME SANGER INSTITUTE	PRJEB56847	10.12688/wellcomeopenres.20947.1		The genome sequence of the semaphore fly, Poecilobothrus nobilitatus (Linnaeus, 1767)	medium	organism_title
GCA_964204855.1	Scellus notatus	WELLCOME SANGER INSTITUTE	PRJEB78403	10.12688/wellcomeopenres.23764.1	40104438	The genome sequence of a long-legged fly, Scellus notatus (Fabricius, 1781).	high	assembly_name
GCA_964251855.1	Neurigona quadrifasciata	WELLCOME SANGER INSTITUTE	PRJEB79323	10.12688/wellcomeopenres.24974.1	41584090	The genome sequence of a long-legged fly, Neurigona quadrifasciata (Fabricius, 1781) (Diptera: Dolichopodidae).	high	assembly_name
GCA_964204755.1	Sciapus platypterus	WELLCOME SANGER INSTITUTE	PRJEB78392	10.12688/wellcomeopenres.26202.1		The genome sequence of the long-legged fly, Sciapus platypterus (Fabricius, 1805) (Diptera: Dolichopodidae)	medium	organism_title
GCA_947359355.1	Acrocera orbiculus	WELLCOME SANGER INSTITUTE	PRJEB57603	10.12688/wellcomeopenres.20891.1	40809293	The genome sequence of the Top-horned Hunchback fly, Acrocera orbiculus (Fabricius, 1787).	high	assembly_name
GCA_963930735.1	Dioctria linearis	WELLCOME SANGER INSTITUTE	PRJEB72174	10.12688/wellcomeopenres.22880.1		The genome sequence of the small yellow-legged robberfly, Dioctria linearis (Fabricius, 1787)	medium	organism_title
GCA_965653115.1	Dioctria baumhaueri	WELLCOME SANGER INSTITUTE	PRJEB94559	10.12688/wellcomeopenres.23072.1		The genome sequence of the Red-legged Robberfly, Dioctria rufipes (Scopoli, 1763)	low	organism_genus_title
GCA_965653125.1	Dioctria baumhaueri	WELLCOME SANGER INSTITUTE	PRJEB94558	10.12688/wellcomeopenres.23072.1		The genome sequence of the Red-legged Robberfly, Dioctria rufipes (Scopoli, 1763)	low	organism_genus_title
GCA_963924295.1	Dioctria rufipes	WELLCOME SANGER INSTITUTE	PRJEB71986	10.12688/wellcomeopenres.23072.1		The genome sequence of the Red-legged Robberfly, Dioctria rufipes (Scopoli, 1763)	medium	organism_title
GCA_964036015.1	Leptarthrus brevirostris	WELLCOME SANGER INSTITUTE	PRJEB75538	10.12688/wellcomeopenres.24277.1	40656864	The genome sequence of the Slender-footed Robberfly, Leptarthrus brevirostris (Meigen, 1804).	high	assembly_name
GCA_963920795.1	Eutolmus rufibarbis	WELLCOME SANGER INSTITUTE	PRJEB71562	10.12688/wellcomeopenres.23162.1	39611124	The genome sequence of the Golden-tabbed robberfly, Eutolmus rufibarbis (Meigen, 1820).	high	assembly_name
GCA_963969385.1	Philonicus albiceps	WELLCOME SANGER INSTITUTE	PRJEB72896	10.12688/wellcomeopenres.24346.1	41488261	The genome sequence of the Dune Robberfly, Philonicus albiceps (Meigen, 1820).	high	assembly_name
GCA_951509405.1	Machimus rusticus	WELLCOME SANGER INSTITUTE	PRJEB62112	10.12688/wellcomeopenres.22800.1		The genome sequence of the Downland Robberfly, Machimus rusticus (Meigen, 1820)	medium	organism_title
GCA_933228815.1	Machimus atricapillus	WELLCOME SANGER INSTITUTE	PRJEB51579	10.12688/wellcomeopenres.19080.1	37928207	The genome sequence of the Kite-tailed Robberfly, Machimus atricapillus (Fallén, 1814).	high	assembly_name
GCA_949715965.1	Dysmachus trigonus	WELLCOME SANGER INSTITUTE	PRJEB60759	10.12688/wellcomeopenres.22846.1		The genome sequence of a robberfly, Dysmachus trigonus (Meigen, 1804)	medium	organism_title
GCA_947538895.1	Neoitamus cyanurus	WELLCOME SANGER INSTITUTE	PRJEB58065	10.12688/wellcomeopenres.22253.2	39439929	The genome sequence of the common awl robberfly, Neoitamus cyanurus (Loew, 1849).	high	assembly_name
GCA_959613345.1	Tolmerus cingulatus	WELLCOME SANGER INSTITUTE	PRJEB64508	10.12688/wellcomeopenres.23416.1	39925657	The genome sequence of the Brown Heath Robberfly, Tolmerus cingulatus (Fabricius, 1781).	high	assembly_name
GCA_963082835.1	Leptogaster cylindrica	WELLCOME SANGER INSTITUTE	PRJEB64809	10.12688/wellcomeopenres.22761.1	39415782	The genome sequence of a robberfly Leptogaster cylindrica (De Geer, 1776).	high	assembly_name
GCA_932526495.1	Bombylius major	WELLCOME SANGER INSTITUTE	PRJEB51377	10.12688/wellcomeopenres.19804.1	38533437	The genome sequence of the dark-edged bee fly, Bombylius major (Linnaeus, 1758).	high	assembly_name
GCA_939192795.1	Bombylius discolor	WELLCOME SANGER INSTITUTE	PRJEB52241	10.12688/wellcomeopenres.18614.1	37124844	The genome sequence of the dotted bee-fly, Bombylius discolor (Mikan, 1796).	high	assembly_name
GCA_048857165.1	Anastoechus asiaticus	China Agricultural University	PRJNA1184359	10.1038/s41597-025-06324-7	41339657	Chromosome-level genome assembly of Anastoechus asiaticus (Diptera: Bombyliidae).	high	bioproject_text
GCA_963971155.1	Anthrax anthrax	WELLCOME SANGER INSTITUTE	PRJEB73461	10.12688/wellcomeopenres.24305.2	41050511	The genome sequence of the Anthracite Bee-fly, Anthrax anthrax (Schrank, 1781).	high	assembly_name
GCA_951394055.1	Villa cingulata	WELLCOME SANGER INSTITUTE	PRJEB62012	10.12688/wellcomeopenres.20123.1	39108663	The genome sequence of the Downland Villa bee-fly, Villa cingulata (Meigen, 1804).	high	assembly_name
GCA_966184235.1	Villa modesta	WELLCOME SANGER INSTITUTE	PRJEB95848	10.12688/wellcomeopenres.26146.1		The genome sequence of the Dune Villa, Villa modesta (Meigen, 1820) (Diptera: Bombyliidae)	medium	organism_title
GCA_965641765.1	Scenopinus jerei	WELLCOME SANGER INSTITUTE	PRJEB92043	10.12688/wellcomeopenres.26115.1	41953045	The genome sequence of a window fly, Scenopinus jerei Pohjoismäki & Haarto, 2021 (Diptera: Scenopinidae).	high	assembly_name
GCA_963855945.1	Thereva nobilitata	WELLCOME SANGER INSTITUTE	PRJEB71125	10.12688/wellcomeopenres.23970.1	41040653	The genome sequence of the common stiletto fly, Thereva nobilitata (Fabricius, 1775).	high	assembly_name
GCA_949987705.1	Thereva unica	WELLCOME SANGER INSTITUTE	PRJEB61570	10.12688/wellcomeopenres.20828.1	38764483	The genome sequence of a stiletto fly, Thereva unica (Harris, 1780).	high	assembly_name
GCA_965211965.1	Oxycera pygmaea	WELLCOME SANGER INSTITUTE	PRJEB86966	10.12688/wellcomeopenres.26873.1		The genome sequence of the Pygmy Soldierfly, Oxycera pygmaea (Fallén, 1817) (Diptera: Stratiomyidae)	medium	organism_title
GCA_963942545.1	Oxycera nigricornis	WELLCOME SANGER INSTITUTE	PRJEB72457	10.12688/wellcomeopenres.24325.1		The genome sequence of the Delicate Soldier fly, Oxycera nigricornis Olivier, 1811	medium	organism_title
GCA_954870665.1	Stratiomys singularior	WELLCOME SANGER INSTITUTE	PRJEB63238	10.12688/wellcomeopenres.23294.1	39606619	The genome sequence of a soliderfly, Stratiomys singularior (Harris, 1776).	high	assembly_name
GCA_965615855.1	Odontomyia argentata	WELLCOME SANGER INSTITUTE	PRJEB91159	10.12688/wellcomeopenres.26887.1		The genome sequence of the Silver Colonel, Odontomyia argentata (Fabricius, 1794) (Diptera: Stratiomyidae)	medium	organism_title
GCA_963969285.1	Odontomyia ornata	WELLCOME SANGER INSTITUTE	PRJEB72866	10.12688/wellcomeopenres.24273.1	41458309	The genome sequence of the Ornate Brigadier fly, Odontomyia ornata (Meigen, 1822).	high	assembly_name
GCA_963978885.1	Nemotelus pantherinus	WELLCOME SANGER INSTITUTE	PRJEB73703	10.12688/wellcomeopenres.24309.1	40548330	The genome sequence of a soldier fly, Nemotelus pantherinus (Linnaeus, 1758).	high	assembly_name
GCA_947369275.1	Nemotelus nigrinus	WELLCOME SANGER INSTITUTE	PRJEB57710	10.12688/wellcomeopenres.19534.1	38798995	The genome sequence of a soldierfly, Nemotelus nigrinus (Fallén, 1817).	high	assembly_name
GCA_964017055.1	Chloromyia formosa	WELLCOME SANGER INSTITUTE	PRJEB74128	10.12688/wellcomeopenres.24255.1	40556666	The genome sequence of the Broad Centurion soldierfly, Chloromyia formosa (Scopoli, 1763).	high	assembly_name
GCA_949715475.1	Microchrysa polita	WELLCOME SANGER INSTITUTE	PRJEB60767	10.12688/wellcomeopenres.23075.1		The genome sequence of the Black-horned Gem soldier fly, Microchrysa polita (Linnaeus, 1758)	medium	organism_title
GCA_963669355.1	Chorisops tibialis	WELLCOME SANGER INSTITUTE	PRJEB69247	10.12688/wellcomeopenres.23454.1		The genome sequence of a soldierfly, Chorisops tibialis (Meigen, 1820)	medium	organism_title
GCA_949128065.1	Beris chalybata	WELLCOME SANGER INSTITUTE	PRJEB59506	10.12688/wellcomeopenres.21159.2	39267993	The genome sequence of the yellow-legged black legionnaire, Beris chalybata (Forster, 1771).	high	assembly_name
GCA_951812415.1	Beris morrisii	WELLCOME SANGER INSTITUTE	PRJEB62895	10.12688/wellcomeopenres.20352.1	38803349	The genome sequence of the yellow-legged black legionnaire, Beris morrisii (Dale, 1841).	high	assembly_name
GCA_963971475.1	Chrysops caecutiens	WELLCOME SANGER INSTITUTE	PRJEB73533	10.12688/wellcomeopenres.24297.1		The genome sequence of the Splayed Deerfly, Chrysops caecutiens (Linnaeus, 1758)	medium	organism_title
GCA_964274935.1	Chrysops viduatus	WELLCOME SANGER INSTITUTE	PRJEB80881	10.12688/wellcomeopenres.25193.1	41584092	The genome sequence of the Square-spot Deerfly, Chrysops viduatus (Fabricius, 1794) (Diptera: Tabanidae).	high	assembly_name
GCA_964034945.1	Chrysopilus asiliformis	WELLCOME SANGER INSTITUTE	PRJEB75311	10.12688/wellcomeopenres.24326.1	40861389	The genome sequence of the Little Snipefly, Chrysopilus asiliformis (Preyssler, 1791).	high	assembly_name
GCA_964211845.1	Rhagio lineola	WELLCOME SANGER INSTITUTE	PRJEB78490	10.12688/wellcomeopenres.23901.1	41063758	The genome sequence of a snipefly, Rhagio lineola Fabricius, 1794.	high	assembly_name
GCA_958298945.2	Atherix ibis	WELLCOME SANGER INSTITUTE	PRJEB64032	10.12688/wellcomeopenres.23045.1		The genome sequence of the Yellow-legged Water-snipefly, Atherix ibis Fabricius, 1798	medium	organism_title
GCA_963971525.1	Cephus spinipes	WELLCOME SANGER INSTITUTE	PRJEB73538	10.12688/wellcomeopenres.23068.1	39439928	The genome sequence of the cephid sawfly, Cephus spinipes (Panzer, 1800).	high	assembly_name
GCA_963678675.1	Xiphydria camelus	WELLCOME SANGER INSTITUTE	PRJEB70250	10.12688/wellcomeopenres.24295.1		The genome sequence of the Alder Wood-wasp, Xiphydria camelus (Linnaeus, 1758)	medium	organism_title
GCA_030407085.1	Trichopria drosophilae	Zhejiang University	PRJNA922326	10.7554/elife.94748	38904661	Coordinated molecular and ecological adaptations underlie a highly successful parasitoid.	medium	bioproject_text
GCA_032872505.1	Leptopilina syphax	Zhejiang University	PRJNA1006516	10.1016/j.xgen.2025.100920	40541180	A rare, evolutionarily conserved venom protein benefits endoparasitism across parasitoids.	low	bioproject_text
GCA_032873175.1	Leptopilina drosophilae	Zhejiang University	PRJNA1006516	10.1038/s41597-025-04577-w	39922808	Chromosome-level genome sequencing and assembly of the parasitoid wasp Leptopilina myrica.	low	organism_genus_title
GCA_032872475.1	Leptopilina myrica (nomen nudum)	Zhejiang University	PRJNA1006516	10.1038/s41597-025-04577-w	39922808	Chromosome-level genome sequencing and assembly of the parasitoid wasp Leptopilina myrica.	medium	organism_title
GCA_032872485.1	Leptopilina boulardi	Zhejiang University	PRJNA1006516	10.1016/j.xgen.2025.100920	40541180	A rare, evolutionarily conserved venom protein benefits endoparasitism across parasitoids.	low	bioproject_text
GCA_032872495.1	Leptopilina heterotoma	Zhejiang University	PRJNA1006516	10.1016/j.xgen.2025.100920	40541180	A rare, evolutionarily conserved venom protein benefits endoparasitism across parasitoids.	low	bioproject_text
GCA_038277395.1	Dryocosmus kuriphilus	Central South University of Forestry and Technology	PRJNA1092378	10.1038/s41597-024-03827-7	39232034	Chromosome-level genome assembly of Oriental chestnut gall wasp (Dryocosmus kuriphilus).	high	bioproject_text
GCA_040869075.1	Baryscapus dioryctriae	Northeast Normal University	PRJNA1099397	10.1186/s12915-024-01998-8	39256805	An expanded odorant-binding protein mediates host cue detection in the parasitic wasp Baryscapus dioryctriae basis of the chromosome-level genome assembly analysis.	high	bioproject_text
GCA_041053325.1	Encarsia sophia	Chinese Academy of Agricultural Sciences	PRJNA1131600	10.1038/s41597-024-04040-2	39562567	A chromosome-level genome assembly of the heteronomous hyperparasitoid wasp Encarsia sophia.	high	bioproject_text
GCA_038277355.1	Encarsia formosa	Shenyang Agricultural University	PRJNA952326	10.1038/s41597-024-04040-2	39562567	A chromosome-level genome assembly of the heteronomous hyperparasitoid wasp Encarsia sophia.	low	organism_genus_title
GCA_047562435.1	Aenasius arizonensis	Zhejiang Academy of Agricultural Sciences	PRJNA1178347	10.1038/s41597-025-05020-w	40382346	Chromosome-level genome assembly of the parasitoid wasp Aenasius arizonensis.	high	bioproject_text
GCA_036365515.1	Torymus aiolomorphi	institute of insect sciences	PRJNA1036143	10.1038/s41597-024-03779-y	39209912	A chromosome-level genome assembly of the gall maker pest inquiline, Diomorus aiolomorphi Kamijo (Hymenoptera: Torymidae).	high	bioproject_text
GCA_949152435.1	Gastracanthus pulcherrimus	WELLCOME SANGER INSTITUTE	PRJEB59843	10.12688/wellcomeopenres.19764.1	39290573	The genome sequence of a chalcid wasp, Gastracanthus pulcherrimus (Westwood, 1833).	high	assembly_name
GCA_049308575.1	Trichogramma dendrolimi	Shenyang Agricultural University	PRJNA1188219	10.1038/s41597-025-04997-8	40258851	Chromosomal-level genome assembly of Trichogramma dendrolimi (Trichogrammatidae: Hymenoptera).	medium	organism_title
GCA_051619815.1	Trichogramma japonicum	Jilin agricultural university	PRJNA1270443	10.1038/s41597-025-05910-z	40897753	Chromosomal-level genome assembly of Trichogramma japonicum (Hymenoptera: Trichogrammatidae).	medium	organism_title
GCA_045269175.1	Trichogramma chilonis	Institute of Plant Protection, Shandong Academy of Agricultural Sciences	PRJNA1184307	10.1038/s41597-025-04792-5	40108203	A chromosomal-level genome assembly of Trichogramma chilonis Ishii, 1941 (Hymenoptera: Trichogrammatidae).	medium	organism_title
GCA_949987625.1	Chalcis sispes	WELLCOME SANGER INSTITUTE	PRJEB61588	10.12688/wellcomeopenres.22693.1	39355655	The genome sequence of the chalcid wasp, Chalcis sispes Linnaeus, 1761.	high	assembly_name
GCA_020615435.1	Telenomus remus	Zhejiang University	PRJNA723667	10.1093/molbev/msab273	34515790	Comparative Genomics Sheds Light on the Convergent Evolution of Miniaturized Wasps.	medium	bioproject_text
GCA_949825005.1	Gasteruption jaculator	WELLCOME SANGER INSTITUTE	PRJEB61396	10.12688/wellcomeopenres.21007.1		The genome sequence of a parasitoid wasp, Gasteruption jaculator (Linnaeus, 1758)	medium	organism_title
GCA_958496275.1	Zele albiditarsus	WELLCOME SANGER INSTITUTE	PRJEB64372	10.12688/wellcomeopenres.23328.1		The genome sequence of a braconid wasp, Zele albiditarsus Curtis, 1832	medium	organism_title
GCA_045786645.1	Macrocentrus cingulum	Sun Yat-sen University	PRJNA1191621	10.1038/s41597-025-05019-3	40263462	A chromosome-level genome assembly of the polyembryonic endoparasitoid Macrocentrus cingulum.	high	bioproject_text
GCA_963920625.1	Dinocampus coccinellae	WELLCOME SANGER INSTITUTE	PRJEB71524	10.12688/wellcomeopenres.22862.1	39391068	The genome sequence of a braconid wasp, Dinocampus coccinellae (Schrank, 1802).	high	assembly_name
GCA_041937225.1	Meteorus pulchricornis	Institute of Insect Sciences	PRJNA1147319	10.1038/s41597-025-04475-1	39837862	A chromosome-level genome assembly of Meteorus pulchricornis Wesmael (Hymenoptera: Braconidae).	high	bioproject_text
GCA_048537615.1	Cotesia ruficrus	Zhejiang University	PRJNA1226391	10.1038/s41597-025-04837-9	40140407	Chromosome-level genome assembly of an endoparasitoid Cotesia ruficrus.	medium	organism_title
GCA_029641195.1	Microplitis manilae	Zhejiang University	PRJNA872950	10.1038/s41597-023-02190-3	37164995	Chromosome-level genome assembly of Microplitis manilae Ashmead, 1904 (Hymenoptera: Braconidae).	high	bioproject_text
GCA_030273425.1	Microplitis manilae	Guizhou University	PRJNA809492	10.1038/s41597-023-02190-3	37164995	Chromosome-level genome assembly of Microplitis manilae Ashmead, 1904 (Hymenoptera: Braconidae).	low	organism_title
GCA_964016945.1	Microplitis deprimator	WELLCOME SANGER INSTITUTE	PRJEB74119	10.12688/wellcomeopenres.23322.1	39925656	The genome sequence of a braconid wasp, Microplitis deprimator (Fabricius, 1798).	high	assembly_name
GCA_049862395.1	Asobara japonica	Zhejiang University	PRJNA1241485	10.1002/advs.202512654	41194447	A Set of Novel Venom Proteins Enables Parasitoid Wasps to Exploit Older Hosts and Coexist with Competitors.	medium	bioproject_text
GCA_963921955.1	Aleiodes alternator	WELLCOME SANGER INSTITUTE	PRJEB71843	10.12688/wellcomeopenres.22768.1		The genome sequence of a braconid wasp, Aleiodes alternator (Nees, 1834)	medium	organism_title
GCA_965249695.1	Aleiodes similis	WELLCOME SANGER INSTITUTE	PRJEB88587	10.12688/wellcomeopenres.26127.1	41938269	The genome sequence of the Common Mummy Wasp, Aleiodes similis (Curtis, 1834) (Hymenoptera: Braconidae).	high	assembly_name
GCA_963942555.1	Aleiodes leptofemur	WELLCOME SANGER INSTITUTE	PRJEB72464	10.12688/wellcomeopenres.22769.1	39309226	The genome sequence of a braconid wasp, Aleiodes leptofemur van Achterberg & Shaw, 2016.	high	assembly_name
GCA_963565655.1	Aleiodes testaceus	WELLCOME SANGER INSTITUTE	PRJEB67674	10.12688/wellcomeopenres.22738.1	39360220	The genome sequence of a braconid wasp, Aleiodes testaceus (Telenga, 1941).	high	assembly_name
GCA_963942595.1	Cylloceria caligata	WELLCOME SANGER INSTITUTE	PRJEB72473	10.12688/wellcomeopenres.22776.1	39429634	The genome sequence of an ichneumonid wasp, Cylloceria caligata (Gravenhorst, 1829).	high	assembly_name
GCA_958009045.1	Oxytorus armatus	WELLCOME SANGER INSTITUTE	PRJEB63573	10.12688/wellcomeopenres.21215.1	39246521	The genome sequence of an ichneumonid wasp, Oxytorus armatus Thomson, 1883.	high	assembly_name
GCA_964059375.1	Gelis areator	WELLCOME SANGER INSTITUTE	PRJEB76080	10.12688/wellcomeopenres.23342.1	40771345	The genome sequence of an ichneumonid wasp, Gelis areator (Panzer, 1804).	high	assembly_name
GCA_963210295.1	Ophion ellenae	WELLCOME SANGER INSTITUTE	PRJEB65020	10.12688/wellcomeopenres.21583.1		The genome sequence of an ichneumonid wasp, Ophion ellenae Johansson, 2019	medium	organism_title
GCA_944452715.1	Ophion slaviceki	WELLCOME SANGER INSTITUTE	PRJEB53636	10.12688/wellcomeopenres.19996.1	38975568	The genome sequence of an ichneumon wasp, Ophion slaviceki (Kriechbaumer, 1892).	high	assembly_name
GCA_965637035.1	Ophion wuestneii	WELLCOME SANGER INSTITUTE	PRJEB91529	10.12688/wellcomeopenres.22894.1		The genome sequence of an ichneumonid wasp, Ophion obscuratus Fabricius, 1798	low	organism_genus_title
GCA_951751655.1	Ophion costatus	WELLCOME SANGER INSTITUTE	PRJEB62464	10.12688/wellcomeopenres.21216.1	39568557	The genome sequence of an ichneumonid wasp, Ophion costatus Ratzeburg, 1848.	high	assembly_name
GCA_963932345.1	Ophion ventricosus	WELLCOME SANGER INSTITUTE	PRJEB72345	10.12688/wellcomeopenres.22874.1	39526194	The genome sequence of an ichneumonid wasp, Ophion ventricosus Gravenhorst, 1829.	high	assembly_name
GCA_964007375.1	Ophion obscuratus	WELLCOME SANGER INSTITUTE	PRJEB74011	10.12688/wellcomeopenres.22894.1		The genome sequence of an ichneumonid wasp, Ophion obscuratus Fabricius, 1798	medium	organism_title
GCA_963989365.1	Rhimphoctona megacephalus	WELLCOME SANGER INSTITUTE	PRJEB73771	10.12688/wellcomeopenres.22865.1	39411462	The genome sequence of an ichneumonid wasp, Rhimphoctona ( Xylophylax) megacephalus (Gravenhorst, 1829).	high	assembly_name
GCA_963921915.1	Hyposoter dolosus	WELLCOME SANGER INSTITUTE	PRJEB71840	10.12688/wellcomeopenres.22895.1	39355654	The genome sequence of an ichneumonid wasp, Hyposoter dolosus (Gravenhorst, 1829).	high	assembly_name
GCA_948107755.1	Campoletis raptor	WELLCOME SANGER INSTITUTE	PRJEB58800	10.12688/wellcomeopenres.19738.1	38818412	The genome sequence of an ichneumonid wasp, Campoletis raptor (Zetterstedt, 1838).	high	assembly_name
GCA_964261885.1	Venturia canescens	WELLCOME SANGER INSTITUTE	PRJEB79835	10.12688/wellcomeopenres.26322.1		The genome sequence of an ichneumonid wasp, Venturia canescens (Gravenhorst, 1829) (Hymenoptera: Ichneumonidae)	low	organism_title
GCA_959613375.1	Heteropelma amictum	WELLCOME SANGER INSTITUTE	PRJEB64506	10.12688/wellcomeopenres.20364.1	38434733	The genome sequence of an ichneumonid wasp, Heteropelma amictum (Fabricius, 1775).	high	assembly_name
GCA_963564615.1	Rhorus exstirpatorius	WELLCOME SANGER INSTITUTE	PRJEB67663	10.12688/wellcomeopenres.22877.1	39494193	The genome sequence of an ichneumonid wasp, Rhorus exstirpatorius (Gravenhorst, 1829).	high	assembly_name
GCA_946863875.1	Alloplasta piceator	WELLCOME SANGER INSTITUTE	PRJEB55792	10.12688/wellcomeopenres.19206.1		The genome sequence of an ichneumon wasp, Alloplasta piceator (Thunberg, 1822)	medium	organism_title
GCA_963669185.1	Dyspetes luteomarginatus	WELLCOME SANGER INSTITUTE	PRJEB69228	10.12688/wellcomeopenres.22893.1		The genome sequence of an ichneumonid wasp, Dyspetes luteomarginatus Habermehl, 1925	medium	organism_title
GCA_964017225.1	Netelia inedita	WELLCOME SANGER INSTITUTE	PRJEB74185	10.12688/wellcomeopenres.26144.1	41938268	The genome sequence of a parasitoid wasp, Netelia inedita (Kokujev, 1899) (Hymenoptera: Ichneumonidae).	high	assembly_name
GCA_951802705.1	Netelia virgata	WELLCOME SANGER INSTITUTE	PRJEB62669	10.12688/wellcomeopenres.21218.1		The genome sequence of an ichneumonid wasp, Netelia virgata (Geoffroy, 1785)	medium	organism_title
GCA_946811545.1	Netelia fuscicornis	WELLCOME SANGER INSTITUTE	PRJEB55770	10.12688/wellcomeopenres.22578.1	39421652	The genome sequence of an ichneumonid wasp, Netelia fuscicornis (Holmgren, 1860).	high	assembly_name
GCA_964007305.1	Netelia melanura	WELLCOME SANGER INSTITUTE	PRJEB74014	10.12688/wellcomeopenres.24927.1	41169806	The genome sequence of an ichneumonid wasp, Netelia melanura (Thomson, 1888) (Hymenoptera: Ichneumonidae).	high	assembly_name
GCA_933228735.2	Amblyteles armatorius	WELLCOME SANGER INSTITUTE	PRJEB51578	10.12688/wellcomeopenres.18920.1	38037558	The genome sequence of an ichneumonid wasp, Amblyteles armatorius (Forster, 1771).	high	assembly_name
GCA_964017025.1	Stenichneumon culpator	WELLCOME SANGER INSTITUTE	PRJEB74126	10.12688/wellcomeopenres.26145.1		The genome sequence of the ichneumonid wasp Stenichneumon culpator (Schrank, 1802) (Hymenoptera: Ichneumonidae)	medium	organism_title
GCA_917499995.1	Ichneumon xanthorius	WELLCOME SANGER INSTITUTE	PRJEB48052	10.12688/wellcomeopenres.17683.1	35419493	The genome sequence of a parasitoid wasp, Ichneumon xanthorius Forster, 1771.	high	assembly_name
GCA_958510785.1	Exephanes ischioxanthus	WELLCOME SANGER INSTITUTE	PRJEB64400	10.12688/wellcomeopenres.20498.1	39233900	The genome sequence of an ichneumonid wasp, Exephanes ischioxanthus (Gravenhorst, 1829).	high	assembly_name
GCA_963978505.1	Listrodromus nycthemerus	WELLCOME SANGER INSTITUTE	PRJEB73616	10.12688/wellcomeopenres.26676.1		The genome sequence of the Holly Blue Darwin wasp, Listrodromus nycthemerus (Gravenhorst, 1820) (Hymenoptera: Ichneumonidae)	medium	organism_title
GCA_963922035.1	Amblyjoppa proteus	WELLCOME SANGER INSTITUTE	PRJEB71853	10.12688/wellcomeopenres.24267.1	40792116	The genome sequence of an ichneumonid wasp, Amblyjoppa proteus (Christ, 1791).	high	assembly_name
GCA_963575735.1	Amblyjoppa fuscipennis	WELLCOME SANGER INSTITUTE	PRJEB67901	10.12688/wellcomeopenres.21585.1		The genome sequence of an ichneumonid wasp, Amblyjoppa fuscipennis (Wesmael, 1844)	medium	organism_title
GCA_965197045.1	Apaeleticus inimicus	WELLCOME SANGER INSTITUTE	PRJEB86661	10.12688/wellcomeopenres.24945.1	41287798	The genome sequence of an ichneumonid wasp, Apaeleticus inimicus (Gravenhorst, 1820) (Hymenoptera: Ichneumonidae).	high	assembly_name
GCA_963924025.1	Ischnus inquisitorius	WELLCOME SANGER INSTITUTE	PRJEB71903	10.12688/wellcomeopenres.24737.1	41488262	The genome sequence of the ichneunomid wasp, Ischnus inquisitorius (Muller, 1776) (Hymenoptera: Ichneumonidae).	high	assembly_name
GCA_934046635.1	Buathra laborator	WELLCOME SANGER INSTITUTE	PRJEB51796	10.12688/wellcomeopenres.18674.1	37234744	The genome sequence of the ichneumon wasp Buathra laborator (Thunberg, 1822).	high	assembly_name
GCA_964006125.1	Cryptus viduatorius	WELLCOME SANGER INSTITUTE	PRJEB74012	10.12688/wellcomeopenres.24679.1		The genome sequence of the cryptine ichneumon wasp, Cryptus viduatorius Fabricius, 1804 (Hymenoptera: Ichneumonidae)	medium	organism_title
GCA_963971235.1	Cryptus armator	WELLCOME SANGER INSTITUTE	PRJEB73496	10.12688/wellcomeopenres.24298.2		The genome sequence of an ichneumonid wasp, Cryptus armator Fabricius, 1804	medium	organism_title
GCA_964261855.1	Polytribax perspicillator	WELLCOME SANGER INSTITUTE	PRJEB79833	10.12688/wellcomeopenres.23769.1	40271159	The genome sequence of an ichneumonid wasp, Polytribax perspicillator (Gravenhorst, 1807).	high	assembly_name
GCA_965283325.1	Promethes sulcator	WELLCOME SANGER INSTITUTE	PRJEB89570	10.12688/wellcomeopenres.26938.1		The genome sequence of an ichneumonid wasp, Promethes sulcator (Gravenhorst, 1829) (Hymenoptera: Ichneumonidae)	medium	organism_title
GCA_963971145.1	Sussaba pulchella	WELLCOME SANGER INSTITUTE	PRJEB73471	10.12688/wellcomeopenres.24968.1	41267739	The genome sequence of the ichneumonid wasp, Sussaba pulchella (Holmgren, 1858) (Hymenoptera: Ichneumonidae).	high	assembly_name
GCA_963662125.1	Diplazon laetatorius	WELLCOME SANGER INSTITUTE	PRJEB68347	10.12688/wellcomeopenres.21626.1	41084632	The genome sequence of an ichneumonid wasp, Diplazon laetatorius (Fabricius, 1781).	high	assembly_name
GCA_964237415.1	Paraperithous gnathaulax	WELLCOME SANGER INSTITUTE	PRJEB79214	10.12688/wellcomeopenres.23798.1		The genome sequence of an ichneumonid wasp, Paraperithous gnathaulax (Thomson, 1877)	medium	organism_title
GCA_964273575.1	Dolichomitus mesocentrus	WELLCOME SANGER INSTITUTE	PRJEB80756	10.12688/wellcomeopenres.26881.1		The genome sequence of an ichneumonid wasp, Dolichomitus mesocentrus (Gravenhorst, 1829) (Hymenoptera: Ichneumonidae)	medium	organism_title
GCA_963970395.1	Ephialtes manifestator	WELLCOME SANGER INSTITUTE	PRJEB73375	10.12688/wellcomeopenres.22775.1	41018520	The genome sequence of an ichneumonid wasp, Ephialtes manifestator (Linnaeus, 1758).	high	assembly_name
GCA_949699805.1	Tromatobia lineatoria	WELLCOME SANGER INSTITUTE	PRJEB60676	10.12688/wellcomeopenres.19830.1	39071794	The genome sequence of an ichneumonid wasp, Tromatobia lineatoria (Villers, 1789).	high	assembly_name
GCA_947507545.1	Clistopyga incitator	WELLCOME SANGER INSTITUTE	PRJEB57962	10.12688/wellcomeopenres.19302.1	38911280	The genome sequence of an ichneumon wasp, Clistopyga incitator (Fabricius, 1793).	high	assembly_name
GCA_964034905.1	Itoplectis maculator	WELLCOME SANGER INSTITUTE	PRJEB75302	10.12688/wellcomeopenres.26133.1		The genome sequence of the ichneumonid wasp, Itoplectis maculator (Fabricius, 1775) (Hymenoptera: Ichneumonidae)	medium	organism_title
GCA_964197675.1	Pimpla contemplator	WELLCOME SANGER INSTITUTE	PRJEB77066	10.12688/wellcomeopenres.23303.1	39659995	The genome sequence of an ichneumonid wasp, Pimpla contemplator (Muller, 1776).	high	assembly_name
GCA_963932165.1	Pimpla rufipes	WELLCOME SANGER INSTITUTE	PRJEB72329	10.12688/wellcomeopenres.23760.1		The genome sequence of an ichneumonid wasp, Pimpla rufipes (Miller, 1759)	medium	organism_title
GCA_964016905.1	Perithous albicinctus	WELLCOME SANGER INSTITUTE	PRJEB74113	10.12688/wellcomeopenres.24928.1	41312303	The genome sequence of an ichneumonid wasp, Perithous albicinctus (Gravenhorst, 1829) (Hymenoptera: Ichneumonidae).	high	assembly_name
GCA_963942575.1	Priocnemis perturbator	WELLCOME SANGER INSTITUTE	PRJEB72469	10.12688/wellcomeopenres.25074.1	41502545	The genome sequence of the spider-hunting wasp, Priocnemis perturbator (Harris, 1780) (Hymenoptera: Pompilidae).	high	assembly_name
GCA_914767735.1	Anoplius nigerrimus	WELLCOME SANGER INSTITUTE	PRJEB47348	10.12688/wellcomeopenres.17814.1		The genome sequence of Anoplius nigerrimus (Scopoli, 1763), a spider wasp	medium	organism_title
GCA_048181725.1	Acromyrmex lobicornis	GAGA	PRJNA1172379	10.1093/gbe/evaf047	40066805	A Haplotype-resolved Chromosome-scale Genome Assembly and Annotation for the Leafcutter Ant, Acromyrmex octospinosus.	low	organism_genus_title
GCA_046605635.1	Myrmica angulata	College of Life Science, Guangxi Normal University	PRJNA781069	10.1038/s41597-025-05913-w	41136415	A chromosome-level genome assembly of Myrmica angulata (Hymenoptera: Formicidae).	high	bioproject_text
GCA_018691235.1	Solenopsis invicta	Queen Mary University of London	PRJNA609320	10.3390/ijms24076624	37047591	Genome-Wide Analysis of the Odorant Receptor Gene Family in Solenopsis invicta, Ooceraea biroi, and Monomorium pharaonis (Hymenoptera: Formicidae).	low	organism_title
GCA_928718305.1	Tetramorium bicarinatum	INU Champollion	PRJEB47619	10.1186/s12864-024-10012-y	38245722	The genome of the ant Tetramorium bicarinatum reveals a tandem organization of venom peptides genes allowing the prediction of their regulatory and evolutionary profiles.	high	bioproject_text
GCA_048181885.1	Tetramorium atratulum	Global Ant Genomics Alliance	PRJNA1172379	10.1186/s12864-024-10012-y	38245722	The genome of the ant Tetramorium bicarinatum reveals a tandem organization of venom peptides genes allowing the prediction of their regulatory and evolutionary profiles.	low	organism_genus_title
GCA_021464445.1	Cataglyphis hispanica	Universite Libre de Bruxelles	PRJNA792957	10.1101/2022.01.07.475286		Chromosome-level genome assembly and annotation of two lineages of the ant Cataglyphis hispanica : stepping stones towards genomic studies of hybridogenesis and thermal adaptation in desert ants	medium	organism_title
GCA_964276525.1	Formica rufa	WELLCOME SANGER INSTITUTE		10.1093/molbev/msag063	41810521	Genomic incompatibilities are persistent barriers when speciation happens with gene flow in Formica ants.	high	assembly_name
GCA_024268025.1	Nylanderia fulva	USDA	PRJNA796544	10.1016/j.dib.2022.108833	36591376	Complete chromosome-level genome assembly data from the tawny crazy ant, Nylanderia fulva (Mayr) (Hymenoptera: Formicidae).	high	bioproject_text
GCA_964261615.1	Lasius brunneus	WELLCOME SANGER INSTITUTE	PRJEB79735	10.12688/wellcomeopenres.26818.1		The genome sequence of the brown tree ant, Lasius brunneus (Latreille, 1798) (Hymenoptera: Formicidae)	medium	organism_title
GCA_963971435.1	Lasius platythorax	WELLCOME SANGER INSTITUTE	PRJEB73541	10.1101/2023.07.18.549505		Reference genome of the ant Lasius platythorax	low	organism_title
GCA_048181785.1	Lasius flavus	GAGA	PRJNA1172379	10.12688/wellcomeopenres.27332.1		The genome sequence of the Yellow Meadow Ant, Lasius flavus (Fabricius, 1782) (Hymenoptera: Formicidae)	low	organism_title
GCA_965645255.1	Lasius flavus	WELLCOME SANGER INSTITUTE	PRJEB94312	10.12688/wellcomeopenres.27332.1		The genome sequence of the Yellow Meadow Ant, Lasius flavus (Fabricius, 1782) (Hymenoptera: Formicidae)	low	organism_title
GCA_965645265.1	Lasius flavus	WELLCOME SANGER INSTITUTE	PRJEB94311	10.12688/wellcomeopenres.27332.1		The genome sequence of the Yellow Meadow Ant, Lasius flavus (Fabricius, 1782) (Hymenoptera: Formicidae)	low	organism_title
GCA_949152495.1	Lasius fuliginosus	WELLCOME SANGER INSTITUTE	PRJEB59855	10.12688/wellcomeopenres.23347.1	39931112	The genome sequence of the jet ant, Lasius fuliginosus (Latreille, 1798).	high	assembly_name
GCA_048181845.1	Camponotus fellah	Global Ant Genomics Alliance	PRJNA1172379	10.1093/jhered/esad055	37751380	Reference genome of the bicolored carpenter ant, Camponotus vicinus.	low	organism_genus_title
GCA_944319695.1	Tiphia femorata	WELLCOME SANGER INSTITUTE	PRJEB53574	10.12688/wellcomeopenres.18893.1	38037557	The genome sequence of a beetle-killing wasp, Tiphia femorata (Fabricius, 1775).	high	assembly_name
GCA_965620125.1	Symmorphus gracilis	WELLCOME SANGER INSTITUTE	PRJEB91078	10.12688/wellcomeopenres.26161.1	42109708	The genome sequence of the Figwort Mason Wasp, Symmorphus gracilis (Brulle, 1832) (Hymenoptera: Vespidae).	high	assembly_name
GCA_916049575.1	Ancistrocerus nigricornis	WELLCOME SANGER INSTITUTE	PRJEB47507	10.12688/wellcomeopenres.20134.1		The genome sequence of the Early Mason-wasp, Ancistrocerus nigricornis (Curtis, 1826)	medium	organism_title
GCA_911387935.1	Dolichovespula saxonica	WELLCOME SANGER INSTITUTE	PRJEB46444	10.12688/wellcomeopenres.20180.1	38371738	The genome sequence of the Saxon Wasp, Dolichovespula saxonica (Fabricius, 1793).	high	assembly_name
GCA_918808275.2	Dolichovespula sylvestris	WELLCOME SANGER INSTITUTE	PRJEB48682	10.12688/wellcomeopenres.17783.1	36451628	The genome sequence of the tree wasp, Dolichovespula sylvestris Scopoli, 1763.	high	assembly_name
GCA_911387685.1	Dolichovespula media	WELLCOME SANGER INSTITUTE	PRJEB46435	10.12688/wellcomeopenres.20179.1		The genome sequence of the Median Wasp, Dolichovespula media (Retzius, 1783)	medium	organism_title
GCA_050613455.1	Vespa mandarinia	Institute of Highland Forest Science, Chinese Academy of For	PRJNA1165714	10.1038/s41597-025-05749-4	40790306	Chromosome-level genome assembly of the wasp Vespa mandarinia (Hymenoptera: Vespidae).	high	bioproject_text
GCA_905340365.1	Vespula germanica	WELLCOME SANGER INSTITUTE	PRJEB43724	10.12688/wellcomeopenres.17703.1	36128012	The genome sequence of the German wasp, Vespula germanica (Fabricius, 1793).	high	assembly_name
GCA_910591515.1	Cerceris rybyensis	WELLCOME SANGER INSTITUTE	PRJEB45455	10.12688/wellcomeopenres.17483.1	35425864	The genome sequence of the ornate tailed digger wasp, Cerceris rybyensis (Linnaeus, 1771).	high	assembly_name
GCA_963989415.1	Cerceris ruficornis	WELLCOME SANGER INSTITUTE	PRJEB73777	10.12688/wellcomeopenres.24270.1	40917437	The genome sequence of the solitary wasp, Cerceris ruficornis (Fabricius, 1793).	high	assembly_name
GCA_965213405.1	Philanthus triangulum	WELLCOME SANGER INSTITUTE	PRJEB87235	10.12688/wellcomeopenres.24951.1	41216362	The genome sequence of the Bee Wolf, Philanthus triangulum (Fabricius, 1775) (Hymenoptera: Crabronidae).	high	assembly_name
GCA_963675795.1	Crossocerus cetratus	WELLCOME SANGER INSTITUTE	PRJEB69359	10.12688/wellcomeopenres.26724.1		The genome sequence of the solitary wasp, Crossocerus cetratus (Shuckard, 1837) (Hymenoptera: Crabronidae)	medium	organism_title
GCA_910591665.1	Ectemnius continuus	WELLCOME SANGER INSTITUTE	PRJEB45456	10.12688/wellcomeopenres.20138.1	38533438	The genome sequence of a digger wasp, Ectemnius continuus (Fabricius, 1804).	high	assembly_name
GCA_964023945.1	Ectemnius cavifrons	WELLCOME SANGER INSTITUTE	PRJEB74731	10.12688/wellcomeopenres.20337.1	39188773	The genome sequence of a digger wasp, Ectemnius lituratus (Panzer,1805).	low	organism_genus_title
GCA_910593735.2	Ectemnius lituratus	WELLCOME SANGER INSTITUTE	PRJEB45835	10.12688/wellcomeopenres.20337.1	39188773	The genome sequence of a digger wasp, Ectemnius lituratus (Panzer,1805).	high	assembly_name
GCA_965263705.1	Trypoxylon clavicerum	WELLCOME SANGER INSTITUTE	PRJEB88908	10.12688/wellcomeopenres.26358.1	42255363	The genome sequence of the Club-Horned Wood Borer Wasp, Trypoxylon clavicerum Lepeletier de Saint Fargeau & Audinet-Serville, 1828 (Hymenoptera: Crabronidae).	high	assembly_name
GCA_963989405.1	Trypoxylon attenuatum	WELLCOME SANGER INSTITUTE	PRJEB73774	10.12688/wellcomeopenres.26361.1		The genome sequence of the Slender Wood Borer Wasp, Trypoxylon attenuatum Smith, 1851 (Hymenoptera: Crabronidae)	medium	organism_title
GCA_933228935.1	Pemphredon lugubris	WELLCOME SANGER INSTITUTE	PRJEB51589	10.12688/wellcomeopenres.20948.1	39221445	The genome sequence of the Mournful Wasp, Pemphredon lugubris (Fabricius, 1793).	high	assembly_name
GCA_917499265.3	Mimumesa dahlbomi	WELLCOME SANGER INSTITUTE	PRJEB48054	10.12688/wellcomeopenres.19989.1		The genome sequence of a solitary wasp, Mimumesa dahlbomi (Hymenoptera; Crabronidae; Pemphredoninae) (Wesmael, 1852)	medium	organism_title
GCA_964264825.1	Lestiphorus bicinctus	WELLCOME SANGER INSTITUTE	PRJEB80277	10.12688/wellcomeopenres.26199.1		The genome sequence of the solitary wasp, Lestiphorus bicinctus (Rossi, 1794) (Hymenoptera: Crabronidae)	medium	organism_title
GCA_910591585.2	Nysson spinosus	WELLCOME SANGER INSTITUTE	PRJEB45459	10.12688/wellcomeopenres.20949.1		The genome sequence of the Large-spurred Digger Wasp, Nysson spinosus (Forster, 1771)	medium	organism_title
GCA_046254535.1	Megachile sculpturalis	Institute of Zoology, Chinese Academy of Sciences	PRJNA1197181	10.1038/s41597-025-04385-2	39794368	Chromosome-level genome assembly of Megachile sculpturalis Smith (Hymenoptera, Apoidea, Megachilidae).	medium	organism_title
GCA_963576845.1	Megachile leachella	WELLCOME SANGER INSTITUTE	PRJEB68062	10.12688/wellcomeopenres.22619.1	39563951	The genome sequence of the silvery leafcutter bee, Megachile leachella Curtis, 1828.	high	assembly_name
GCA_945859555.1	Megachile ligniseca	WELLCOME SANGER INSTITUTE	PRJEB54843	10.12688/wellcomeopenres.21002.1	38903870	The genome sequence of the wood-carving leafcutter bee, Megachile ligniseca (Kirby, 1802).	high	assembly_name
GCA_036983795.1	Megachile lagopoda	Institute of Zoology,Chinese Academy of Sciences	PRJNA977040	10.1038/s41597-024-04028-y	39472626	Chromosome-level genome assembly of Megachile lagopoda (Linnaeus, 1761) (Hymenoptera: Megachilidae).	high	bioproject_text
GCA_945859595.2	Megachile willughbiella	WELLCOME SANGER INSTITUTE	PRJEB54833	10.12688/wellcomeopenres.21026.1		The genome sequence of Willughby’s leafcutter bee, Megachile willughbiella (Kirby, 1802)	medium	organism_title
GCA_947623535.1	Coelioxys conoideus	WELLCOME SANGER INSTITUTE	PRJEB58327	10.12688/wellcomeopenres.19507.1	38938787	The genome sequence of the Large Sharp-tail Bee, Coelioxys conoideus (Illiger,1806).	high	assembly_name
GCA_047301615.1	Osmia excavata	Shandong Academy of Agricultural Science	PRJNA1197396	10.1038/s41597-025-05080-y	40442156	Chromosomal-level genome assembly of solitary bee pollinator Osmia excavata Alfken (Hymenoptera: Megachilidae).	medium	organism_title
GCA_943735885.1	Stelis phaeoptera	WELLCOME SANGER INSTITUTE	PRJEB53299	10.12688/wellcomeopenres.18876.1	37346821	The genome sequence of the plain dark bee, Stelis phaeoptera (Kirby, 1802).	high	assembly_name
GCA_051014445.1	Colletes latitarsis	United States Department of Agriculture	PRJNA1159858	10.1002/advs.202400969	38774947	A Naturally Active Spy Transposon Discovered from the Insect Genome of Colletes gigas as a Promising Novel Gene Transfer Tool.	low	organism_genus_title
GCA_966197075.1	Hylaeus dilatatus	WELLCOME SANGER INSTITUTE	PRJEB95909	10.12688/wellcomeopenres.25424.1	41657665	The genome sequence of the Chalk Yellow-face Bee, Hylaeus dilatatus (Kirby, 1802) (Hymenoptera: Colletidae).	high	assembly_name
GCA_966197085.1	Hylaeus dilatatus	WELLCOME SANGER INSTITUTE	PRJEB95910	10.12688/wellcomeopenres.25424.1	41657665	The genome sequence of the Chalk Yellow-face Bee, Hylaeus dilatatus (Kirby, 1802) (Hymenoptera: Colletidae).	high	assembly_name
GCA_916610135.2	Macropis europaea	WELLCOME SANGER INSTITUTE	PRJEB47740	10.12688/wellcomeopenres.17787.1		The genome sequence of the yellow loosestrife bee, Macropis europaea Warncke, 1973	medium	organism_title
GCA_944738655.2	Andrena hattorfiana	WELLCOME SANGER INSTITUTE	PRJEB53871	10.12688/wellcomeopenres.19438.1	37744731	The genome sequence of the Large Scabious Mining Bee, Andrena hattorfiana (Fabricius, 1775).	high	assembly_name
GCA_964214045.1	Andrena nitida	WELLCOME SANGER INSTITUTE	PRJEB78973	10.12688/wellcomeopenres.24864.1		The genome sequence of the Grey-patched Mining Bee, Andrena nitida (Müller, 1776) (Hymenoptera: Andrenidae)	medium	organism_title
GCA_965620515.1	Andrena clarkella	WELLCOME SANGER INSTITUTE	PRJEB91278	10.12688/wellcomeopenres.26130.1	41960580	The genome sequence of the chocolate mining bee, Andrena scotica Perkins, 1916 (Hymenoptera: Andrenidae).	low	organism_genus_title
GCA_965620555.1	Andrena clarkella	WELLCOME SANGER INSTITUTE	PRJEB91279	10.12688/wellcomeopenres.26130.1	41960580	The genome sequence of the chocolate mining bee, Andrena scotica Perkins, 1916 (Hymenoptera: Andrenidae).	low	organism_genus_title
GCA_964234935.1	Andrena helvola	WELLCOME SANGER INSTITUTE	PRJEB79070	10.12688/wellcomeopenres.23746.1	40078958	The genome sequence of the Coppice Mining Bee, Andrena helvola (Linnaeus, 1758).	high	assembly_name
GCA_929113495.1	Andrena minutula	WELLCOME SANGER INSTITUTE	PRJEB50664	10.12688/wellcomeopenres.18611.1		The genome sequence of the common mini-mining bee Andrena minutula (Kirby, 1802)	medium	organism_title
GCA_963932275.1	Andrena praecox	WELLCOME SANGER INSTITUTE	PRJEB72337	10.12688/wellcomeopenres.24301.1	40808700	The genome sequence of the Small Sallow Mining Bee, Andrena praecox (Scopoli, 1763).	high	assembly_name
GCA_029168295.1	Andrena camellia	Jiangxi Agricultural University	PRJNA921724	10.1016/j.isci.2024.109847	38840840	The mechanism of Andrena camellia in digesting toxic sugars.	high	bioproject_text
GCA_029448645.1	Andrena camellia	Chongqing Normal University	PRJNA839515	10.1093/gbe/evad080	37170910	A Chromosome-level Genome Assembly and Evolution Analysis of Andrena camellia (Hymenoptera: Andrenidae).	high	bioproject_text
GCA_965204585.1	Andrena barbilabris	WELLCOME SANGER INSTITUTE	PRJEB86919	10.12688/wellcomeopenres.26130.1	41960580	The genome sequence of the chocolate mining bee, Andrena scotica Perkins, 1916 (Hymenoptera: Andrenidae).	low	organism_genus_title
GCA_946251845.1	Andrena fulva	WELLCOME SANGER INSTITUTE	PRJEB55429	10.12688/wellcomeopenres.19510.1	39417201	The genome sequence of the Tawny Mining Bee, Andrena fulva (Müller, 1766).	high	assembly_name
GCA_910592295.1	Andrena haemorrhoa	WELLCOME SANGER INSTITUTE	PRJEB45692	10.12688/wellcomeopenres.19982.1	38813552	The genome sequence of the Orange-tailed Mining Bee, Andrena haemorrhoa (Fabricius, 1781).	high	assembly_name
GCA_929108735.1	Andrena dorsata	WELLCOME SANGER INSTITUTE	PRJEB50659	10.12688/wellcomeopenres.19756.1	39114811	The genome sequence of the short-fringed mining bee, Andrena dorsata (Kirby, 1802).	high	assembly_name
GCA_050908995.1	Andrena cerasifolii	United States Department of Agriculture	PRJNA1159359	10.12688/wellcomeopenres.26130.1	41960580	The genome sequence of the chocolate mining bee, Andrena scotica Perkins, 1916 (Hymenoptera: Andrenidae).	low	organism_genus_title
GCA_960531205.1	Andrena bicolor	WELLCOME SANGER INSTITUTE	PRJEB64529	10.12688/wellcomeopenres.21104.1	38846929	The genome sequence of Gwynne's mining bee, Andrena bicolor Fabricius, 1775.	high	assembly_name
GCA_951215215.1	Andrena trimmerana	WELLCOME SANGER INSTITUTE	PRJEB61831	10.12688/wellcomeopenres.23370.1	41216137	The genome sequence of Trimmer's Mining Bee, Andrena trimmerana (Kirby, 1802).	high	assembly_name
GCA_952773225.1	Andrena scotica	WELLCOME SANGER INSTITUTE	PRJEB61392	10.12688/wellcomeopenres.26130.1	41960580	The genome sequence of the chocolate mining bee, Andrena scotica Perkins, 1916 (Hymenoptera: Andrenidae).	high	assembly_name
GCA_947577245.1	Andrena bucephala	WELLCOME SANGER INSTITUTE	PRJEB58269	10.12688/wellcomeopenres.21003.1	39144162	The genome sequence of the big-headed mining bee, Andrena bucephala (Stephens, 1846).	high	assembly_name
GCA_963855975.1	Andrena chrysosceles	WELLCOME SANGER INSTITUTE	PRJEB71130	10.12688/wellcomeopenres.23745.1		The genome sequence of the Hawthorn Mining Bee, Andrena chrysosceles (Kirby, 1802)	medium	organism_title
GCA_963932335.1	Andrena marginata	WELLCOME SANGER INSTITUTE	PRJEB72334	10.12688/wellcomeopenres.22772.1	39450192	The genome sequence of the Small Scabious Mining Bee, Andrena marginata Fabricius, 1776.	high	assembly_name
GCA_963971345.1	Andrena flavipes	WELLCOME SANGER INSTITUTE	PRJEB73525	10.12688/wellcomeopenres.22771.1		The genome sequence of the Yellow-legged Mining Bee, Andrena flavipes Panzer, 1799	medium	organism_title
GCA_051167325.1	Bombus pauloensis	Universidad de los Andes	PRJNA1242843	10.1093/g3journal/jkaf305	41436027	First genome assemblies of Neotropical Thoracobombus bumblebees Bombus pauloensis and Bombus pullatus.	high	bioproject_text
GCA_034509555.1	Bombus opulentus	none	PRJNA929555	10.1093/g3journal/jkaf181	40795878	New reference genome assembly for the declining American Bumble Bee, Bombus pensylvanicus.	low	organism_genus_title
GCA_040668555.2	Bombus flavifrons	United States Department of Agriculture	PRJNA1078337	10.1093/g3journal/jkag041	41701107	Reference genome assemblies for the North American bumble bees Bombus flavifrons and Bombus fervidus, two phenotypically polymorphic species from distinct phylogenetic lineages.	high	bioproject_text
GCA_965178685.1	Bombus monticola	WELLCOME SANGER INSTITUTE	PRJEB86336	10.12688/wellcomeopenres.24577.1	40917439	The genome sequence of the Mountain Bumble Bee, Bombus monticola Smith, 1849 (Hymenoptera: Apidae).	high	assembly_name
GCA_043295415.1	Bombus impatiens	University College London	PRJNA1124924	10.1186/s12864-024-11040-4	39563229	New genomic resources inform transcriptomic responses to heavy metal toxins in the common Eastern bumble bee Bombus impatiens.	high	bioproject_text
GCA_911387925.2	Bombus hypnorum	WELLCOME SANGER INSTITUTE	PRJEB46442	10.1093/g3journal/jkae160	39028118	Chromosome-scale genome assembly of the hunt bumble bee, Bombus huntii Greene, 1860, a species of agricultural interest.	high	assembly_name
GCA_930367275.1	Bombus pratorum	WELLCOME SANGER INSTITUTE	PRJEB50848	10.12688/wellcomeopenres.19250.1	37954924	The genome sequence of the Early Bumblebee, Bombus pratorum (Linnaeus, 1761).	high	assembly_name
GCA_050437405.1	Bombus bimaculatus	United States Department of Agriculture	PRJNA1083617	10.1093/g3journal/jkaf181	40795878	New reference genome assembly for the declining American Bumble Bee, Bombus pensylvanicus.	low	organism_genus_title
GCA_964197665.1	Bombus jonellus	WELLCOME SANGER INSTITUTE	PRJEB77065	10.12688/wellcomeopenres.24256.1	40520151	The genome sequence of the Heath Bumblebee, Bombus jonellus (Kirby, 1802).	high	assembly_name
GCA_905332935.1	Bombus hortorum	WELLCOME SANGER INSTITUTE	PRJEB43479	10.12688/wellcomeopenres.17187.1	34778570	The genome sequence of the garden bumblebee, Bombus hortorum (Linnaeus, 1761).	high	assembly_name
GCA_963971185.1	Bombus muscorum	WELLCOME SANGER INSTITUTE	PRJEB73467	10.12688/wellcomeopenres.22739.1	39421651	The genome sequence of the moss carder bee, Bombus muscorum (Linnaeus, 1758).	high	assembly_name
GCA_965261305.1	Bombus lucorum	WELLCOME SANGER INSTITUTE	PRJEB88850	10.12688/wellcomeopenres.26560.1		The genome sequence of the White-tailed Bumble Bee, Bombus lucorum (Linnaeus, 1761) (Hymenoptera: Apidae)	medium	organism_title
GCA_051853225.1	Bombus pensylvanicus	United States Department of Agriculture	PRJNA1083979	10.1093/g3journal/jkaf181	40795878	New reference genome assembly for the declining American Bumble Bee, Bombus pensylvanicus.	high	bioproject_text
GCA_037178635.1	Bombus dahlbomii	CONICET	PRJNA1035009	10.1093/gbe/evae146	38973368	Chromosome-Level Assembly and Annotation of the Genome of the Endangered Giant Patagonian Bumble Bee Bombus dahlbomii.	high	assembly_name
GCA_051167345.1	Bombus pullatus	Universidad de los Andes	PRJNA1242843	10.1093/g3journal/jkaf305	41436027	First genome assemblies of Neotropical Thoracobombus bumblebees Bombus pauloensis and Bombus pullatus.	high	bioproject_text
GCA_964186655.1	Bombus lapidarius	WELLCOME SANGER INSTITUTE	PRJEB76392	10.12688/wellcomeopenres.23624.1	40191528	The genome sequence of the Large Red Tailed Bumble Bee, Bombus lapidarius (Linnaeus, 1758).	high	assembly_name
GCA_040285845.1	Bombus rufofasciatus	Nanjing Agricultural University	PRJNA638733	10.1093/g3journal/jkaf181	40795878	New reference genome assembly for the declining American Bumble Bee, Bombus pensylvanicus.	low	organism_genus_title
GCA_050437465.1	Bombus griseocollis	United States Department of Agriculture	PRJNA1083985	10.1093/g3journal/jkaf181	40795878	New reference genome assembly for the declining American Bumble Bee, Bombus pensylvanicus.	low	organism_genus_title
GCA_905333015.3	Bombus campestris	WELLCOME SANGER INSTITUTE	PRJEB43478	10.12688/wellcomeopenres.18985.1	37969482	The genome sequence of the Field Cuckoo-bee, Bombus campestris (Panzer, 1801).	high	assembly_name
GCA_911622165.2	Bombus sylvestris	WELLCOME SANGER INSTITUTE	PRJEB46443	10.12688/wellcomeopenres.18986.1	37881254	The genome sequence of the Forest Cuckoo Bee, Bombus sylvestris (Lepeletier, 1832).	high	assembly_name
GCA_963556215.1	Bombus vestalis	WELLCOME SANGER INSTITUTE	PRJEB67288	10.12688/wellcomeopenres.24004.1	40416837	The genome sequence of the Vestal Cuckoo Bee, Bombus vestalis (Geoffroy, 1785).	high	assembly_name
GCA_003314205.2	Apis mellifera mellifera	INRA	PRJNA450801	10.1093/g3journal/jkab223	34544128	Improved Apis mellifera reference genome based on the alternative long-read-based assemblies.	high	bioproject_text
GCA_019321825.1	Apis mellifera ligustica	Zhejiang Academy of Agricultural Sciences	PRJNA689474	10.1038/s41597-021-01091-7	34824304	Chromosome-scale genome assembly of the high royal jelly-producing honeybees.	medium	bioproject_text
GCA_020141525.2	Apis cerana	Chongqing Normal University	PRJNA738447	10.3390/insects12100891	34680661	De Novo Genome Assembly of Chinese Plateau Honeybee Unravels Intraspecies Genetic Diversity in the Eastern Honeybee, Apis cerana.	high	bioproject_text
GCA_029531695.1	Apis cerana	Chinese Academy of Agricultural Sciences	PRJNA806528	10.1038/s41598-025-12338-3	40707707	Chromosome level de Novo hybrid assembly of Asian honeybee, Apis cerana Koreana.	low	organism_title
GCA_039655025.1	Apis cerana	China Agricultural University	PRJNA806759	10.1038/s41598-025-12338-3	40707707	Chromosome level de Novo hybrid assembly of Asian honeybee, Apis cerana Koreana.	low	organism_title
GCA_011100585.1	Apis cerana cerana	Jiangxi agricultural university	PRJNA579740	10.3389/fgene.2020.00279	32292419	A Chromosome-Scale Assembly of the Asian Honeybee Apis cerana Genome.	high	bioproject_text
GCA_948146005.1	Nomada fucata	WELLCOME SANGER INSTITUTE	PRJEB58841	10.12688/wellcomeopenres.19927.1	38385126	The genome sequence of the painted nomad bee, Nomada fucata (Panzer, 1798).	high	assembly_name
GCA_963969485.1	Nomada goodeniana	WELLCOME SANGER INSTITUTE	PRJEB73289	10.12688/wellcomeopenres.24970.1		The genome sequence of Gooden’s Nomad Bee, Nomada goodeniana (Kirby, 1802) (Hymenoptera: Apidae)	medium	organism_title
GCA_051820275.1	Nomada cressonii	United States Department of Agriculture	PRJNA1111099	10.12688/wellcomeopenres.24013.1	40539036	The genome sequence of Lathbury's Nomad Bee, Nomada lathburiana (Kirby, 1802).	low	organism_genus_title
GCA_907165295.1	Nomada fabriciana	WELLCOME SANGER INSTITUTE	PRJEB44636	10.12688/wellcomeopenres.20184.1	38558924	The genome sequence of Fabricius' Nomad Bee, Nomada fabriciana (Linne, 1767).	high	assembly_name
GCA_963583965.1	Nomada ferruginata	WELLCOME SANGER INSTITUTE	PRJEB68185	10.12688/wellcomeopenres.23997.1		The genome sequence of the Yellow-shouldered Nomad Bee, Nomada ferruginata (Linnaeus, 1767)	medium	organism_title
GCA_951802745.1	Nomada flava	WELLCOME SANGER INSTITUTE	PRJEB62675	10.12688/wellcomeopenres.19926.1		The genome sequence of the flavous nomad bee, Nomada flava (Panzer, 1798)	medium	organism_title
GCA_951802735.1	Nomada hirtipes	WELLCOME SANGER INSTITUTE	PRJEB62674	10.12688/wellcomeopenres.23163.1	39931109	The genome sequence of the long-horned nomad bee, Nomada hirtipes Pérez, 1884.	high	assembly_name
GCA_963667235.1	Nomada lathburiana	WELLCOME SANGER INSTITUTE	PRJEB69027	10.12688/wellcomeopenres.24013.1	40539036	The genome sequence of Lathbury's Nomad Bee, Nomada lathburiana (Kirby, 1802).	high	assembly_name
GCA_951802685.1	Nomada panzeri	WELLCOME SANGER INSTITUTE	PRJEB62668	10.12688/wellcomeopenres.23309.1		The genome sequence of Panzer’s nomad bee, Nomada panzeri Lepeletier, 1841	medium	organism_title
GCA_951802695.1	Nomada ruficornis	WELLCOME SANGER INSTITUTE	PRJEB62670	10.12688/wellcomeopenres.19928.1	38058536	The genome sequence of the fork-jawed nomad bee, Nomada ruficornis (Linnaeus, 1758).	high	assembly_name
GCA_050948175.1	Xylocopa sonorina	United States Department of Agriculture	PRJNA1144461	10.1038/s41437-024-00720-2	39278996	The genome sequence of the Violet Carpenter Bee, Xylocopa violacea (Linnaeus, 1785): a hymenopteran species undergoing range expansion.	low	organism_genus_title
GCA_049004755.1	Xylocopa dejeanii	Institute of Zoology,Chinese Academy of Sciences	PRJNA977042	10.1038/s41597-025-05641-1	40702009	Chromosome-level genome assembly of the large carpenter bee Xylocopa dejeanii Lepeletier, 1841 (Hymenoptera: Apidae).	high	bioproject_text
GCA_913789915.3	Sphecodes monilicornis	WELLCOME SANGER INSTITUTE	PRJEB47131	10.12688/wellcomeopenres.17786.1	36969718	The genome sequence of the box-headed blood bee, Sphecodes monilicornis (Kirby, 1802).	high	assembly_name
GCA_913789895.3	Seladonia tumulorum	WELLCOME SANGER INSTITUTE	PRJEB47128	10.12688/wellcomeopenres.17784.2	41078462	The genome sequence of the bronze furrow bee, Seladonia tumulorum (Linnaeus, 1758).	high	assembly_name
GCA_916610255.1	Lasioglossum lativentre	WELLCOME SANGER INSTITUTE	PRJEB47729	10.12688/wellcomeopenres.17706.1	36865377	The genome sequence of the furry-claspered furrow bee, Lasioglossum lativentre (Schenck, 1853).	high	assembly_name
GCA_965262445.1	Lasioglossum leucozonium	WELLCOME SANGER INSTITUTE	PRJEB88851	10.12688/wellcomeopenres.24870.1	41480573	The genome sequence of the Shaggy Mining Bee, Lasioglossum villosulum (Kirby, 1802) (Hymenoptera: Halictidae).	low	organism_genus_title
GCA_963971365.1	Lasioglossum villosulum	WELLCOME SANGER INSTITUTE	PRJEB73520	10.12688/wellcomeopenres.24870.1	41480573	The genome sequence of the Shaggy Mining Bee, Lasioglossum villosulum (Kirby, 1802) (Hymenoptera: Halictidae).	high	assembly_name
GCA_963966675.1	Lasioglossum calceatum	WELLCOME SANGER INSTITUTE	PRJEB72769	10.12688/wellcomeopenres.26631.1		The genome sequence of the Common Furrow Bee, Lasioglossum calceatum (Scopoli, 1763) (Hymenoptera: Halictidae)	low	organism_title
GCA_963971175.1	Lasioglossum calceatum	WELLCOME SANGER INSTITUTE	PRJEB73470	10.12688/wellcomeopenres.26631.1		The genome sequence of the Common Furrow Bee, Lasioglossum calceatum (Scopoli, 1763) (Hymenoptera: Halictidae)	low	organism_title
GCA_933228785.1	Lasioglossum pauxillum	WELLCOME SANGER INSTITUTE	PRJEB51575	10.12688/wellcomeopenres.20950.1	39176035	The genome sequence of the Lobe-spurred Furrow Bee, Lasioglossum pauxillum (Schenck, 1853).	high	assembly_name
GCA_916610235.2	Lasioglossum morio	WELLCOME SANGER INSTITUTE	PRJEB47731	10.12688/wellcomeopenres.18715.2	38699201	The genome sequence of the common green furrow bee, Lasioglossum morio (Fabricius, 1793).	high	assembly_name
GCA_049354905.1	Ampulex clypecomplana	Yunnan agricultural University	PRJNA1101218	10.1038/s41597-025-05676-4	40739294	Chromosome-level genome assembly of Ampulex clypecomplana Chen & Li (Hymenoptera: Ampulicidae).	high	bioproject_text
GCA_037305995.1	Sclerodermus sp. 'alternatusi'	Zhejiang University	PRJNA1086263	10.1038/s41597-024-03278-0	38698068	Chromosome-level genome assembly of the bethylid ectoparasitoid wasp Sclerodermus sp. 'alternatusi'.	medium	organism_title
GCA_963989215.1	Hedychridium roseum	WELLCOME SANGER INSTITUTE	PRJEB73739	10.12688/wellcomeopenres.22881.1	39391065	The genome sequence of a cuckoo wasp, Hedychridium roseum (Rossi, 1790).	high	assembly_name
GCA_965654355.1	Selandria serva	WELLCOME SANGER INSTITUTE	PRJEB94843	10.12688/wellcomeopenres.25418.1		The genome sequence of a sawfly, Selandria serva (Fabricius, 1793) (Hymenoptera: Tenthredinidae)	medium	organism_title
GCA_947538915.1	Tenthredo distinguenda	WELLCOME SANGER INSTITUTE	PRJEB58066	10.12688/wellcomeopenres.19523.1	38779059	The genome sequence of the small wasp-sawfly, Tenthredo distinguenda (R. Stein, 1885).	high	assembly_name
GCA_943736025.1	Tenthredo mesomela	WELLCOME SANGER INSTITUTE	PRJEB53304	10.12688/wellcomeopenres.18992.2	39483416	The genome sequence of the common green Tenthredo, Tenthredo mesomela Linnaeus, 1758.	high	assembly_name
GCA_914767705.2	Tenthredo notha	WELLCOME SANGER INSTITUTE	PRJEB47355	10.12688/wellcomeopenres.17811.2	38586560	The genome sequence of Tenthredo notha Klug, 1814, a sawfly.	high	assembly_name
GCA_963992785.1	Tenthredo livida	WELLCOME SANGER INSTITUTE	PRJEB73864	10.12688/wellcomeopenres.23299.1		The genome sequence of Tenthredo livida Linnaeus, 1758	medium	organism_title
GCA_963978835.1	Tenthredo scrophulariae	WELLCOME SANGER INSTITUTE	PRJEB73702	10.12688/wellcomeopenres.23304.1	39575232	The genome sequence of the Figwort Sawfly Tenthredo scrophulariae Linnaeus, 1758.	high	assembly_name
GCA_963966615.1	Tenthredo amoena	WELLCOME SANGER INSTITUTE	PRJEB72760	10.12688/wellcomeopenres.23298.1	39664870	The genome sequence of Tenthredo amoena Gravenhorst, 1807.	high	assembly_name
GCA_944452935.1	Rhogogaster chlorosoma	WELLCOME SANGER INSTITUTE	PRJEB53646	10.12688/wellcomeopenres.18924.1	37781447	The genome sequence of the pale Rhogogaster, Rhogogaster chlorosoma (Benson, 1943).	high	assembly_name
GCA_949628255.1	Macrophya alboannulata	WELLCOME SANGER INSTITUTE	PRJEB60541	10.12688/wellcomeopenres.20897.1	39211806	The genome sequence of a sawfly, Macrophya alboannulata (Costa, 1859).	high	assembly_name
GCA_963924015.1	Macrophya annulata	WELLCOME SANGER INSTITUTE	PRJEB71902	10.12688/wellcomeopenres.22612.1	39290365	The genome sequence of a sawfly Macrophya annulata (Geoffroy, 1785).	high	assembly_name
GCA_964662225.1	Eutomostethus luteiventris	WELLCOME SANGER INSTITUTE		10.12688/wellcomeopenres.24855.1	41488256	The genome sequence of the Tenthredid wasp, Eutomostethus luteiventris (Klug, 1816) (Hymenoptera: Tenthredinidae).	high	assembly_name
GCA_963170745.1	Phymatocera aterrima	WELLCOME SANGER INSTITUTE	PRJEB64918	10.12688/wellcomeopenres.23083.1		The genome sequence of the Solomon’s-seal sawfly, Phymatocera aterrima (Klug, 1816)	medium	organism_title
GCA_963989295.1	Ametastegia equiseti	WELLCOME SANGER INSTITUTE	PRJEB73766	10.12688/wellcomeopenres.23065.1		The genome sequence of a slender sawfly, Ametastegia equiseti (Fallén, 1808)	medium	organism_title
GCA_963932425.1	Athalia cordata	WELLCOME SANGER INSTITUTE	PRJEB72321	10.12688/wellcomeopenres.23456.1	39990998	The genome sequence of a sawfly, Athalia cordata Serville, 1823.	high	assembly_name
GCA_963978495.1	Athalia circularis	WELLCOME SANGER INSTITUTE	PRJEB73622	10.12688/wellcomeopenres.23450.1		The genome sequence of a sawfly, Athalia circularis (Klug, 1815)	medium	organism_title
GCA_001263575.2	Neodiprion lecontei	University of Kentucky	PRJNA280451	10.1534/genetics.118.300793	29496749	Genetic Basis of Body Color and Spotting Pattern in Redheaded Pine Sawfly Larvae (Neodiprion lecontei).	high	bioproject_text
GCA_965113185.1	Arge ochropus	WELLCOME SANGER INSTITUTE	PRJEB84942	10.12688/wellcomeopenres.24254.1		The genome sequence of the rose sawfly Arge ochropus (Gmelin, 1790)	medium	organism_title
GCA_963969455.1	Arge pagana	WELLCOME SANGER INSTITUTE	PRJEB73291	10.12688/wellcomeopenres.23289.1		The genome sequence of the rose sawfly Arge pagana Linnaeus, 1758	medium	organism_title
GCA_964212075.1	Abia candens	WELLCOME SANGER INSTITUTE	PRJEB78602	10.12688/wellcomeopenres.23449.1	39912117	The genome sequence of a sawfly, Abia candens Konow, 1887.	high	assembly_name
GCA_024721215.1	Cheumatopsyche charites	Nanjing Agricultural University	PRJNA666341	10.1093/gbe/evac136	36073551	The First Chromosome-level Genome Assembly of Cheumatopsyche charites Malicky and Chantaramongkol, 1997 (Trichoptera: Hydropsychidae) Reveals How It Responds to Pollution.	medium	organism_title
GCA_051167455.1	Stenopsyche angustata	Institute of Sericulture	PRJNA1213317	10.1038/s41597-025-05602-8	40887518	Chromosome-level genome assembly of the caddisfly Stenopsyche angustata (Insecta: Trichoptera).	medium	organism_title
GCA_949825065.1	Odontocerum albicorne	WELLCOME SANGER INSTITUTE	PRJEB61394	10.12688/wellcomeopenres.20124.2	38784714	The genome sequence of the Grey Sedge caddis fly, Odontocerum albicorne (Scopoli, 1769).	high	assembly_name
GCA_963576475.1	Molanna angustata	WELLCOME SANGER INSTITUTE	PRJEB68105	10.12688/wellcomeopenres.22271.1	39464372	The genome sequence of a cased caddisfly, Molanna angustata Curtis, 1834.	high	assembly_name
GCA_963576895.1	Ceraclea dissimilis	WELLCOME SANGER INSTITUTE	PRJEB68066	10.12688/wellcomeopenres.22268.2	41278532	The genome sequence of a cased caddisfly, Ceraclea dissimilis (Stephens, 1836).	high	assembly_name
GCA_947579605.1	Athripsodes cinereus	WELLCOME SANGER INSTITUTE	PRJEB58279	10.12688/wellcomeopenres.19765.1	39525703	The genome sequence of the Brown Silverhorn, Athripsodes cinereus (Curtis, 1834).	high	assembly_name
GCA_965644405.1	Mystacides azureus	WELLCOME SANGER INSTITUTE	PRJEB94217	10.12688/wellcomeopenres.22272.1	39246518	The genome sequence of a cased caddisfly, Mystacides longicornis (Linnaeus, 1758).	low	organism_genus_title
GCA_963576905.1	Mystacides longicornis	WELLCOME SANGER INSTITUTE	PRJEB68069	10.12688/wellcomeopenres.22272.1	39246518	The genome sequence of a cased caddisfly, Mystacides longicornis (Linnaeus, 1758).	high	assembly_name
GCA_964276685.1	Triaenodes bicolor	WELLCOME SANGER INSTITUTE	PRJEB81256	10.12688/wellcomeopenres.25183.2	41852352	The genome sequence of the Bicolour Sedge, Triaenodes bicolor (Curtis, 1834) (Trichoptera: Leptoceridae).	high	assembly_name
GCA_031772225.1	Eubasilissa splendida	Nanjing Agricultural University	PRJNA749861	10.1038/s41597-024-03097-3	38443432	Chromosome-scale genome assemblies of Himalopsyche anomala and Eubasilissa splendida (Insecta: Trichoptera).	high	bioproject_text
GCA_936435175.1	Glyphotaelius pellucidus	WELLCOME SANGER INSTITUTE	PRJEB52067	10.12688/wellcomeopenres.19076.1		The genome sequence of the Mottled Sedge, Glyphotaelius pellucidus (Retzius, 1783)	medium	organism_title
GCA_917563855.2	Limnephilus lunatus	WELLCOME SANGER INSTITUTE	PRJEB48032	10.12688/wellcomeopenres.18752.1	37408608	The genome sequence of a caddisfly, Limnephilus lunatus (Curtis, 1834).	high	assembly_name
GCA_951813805.1	Limnephilus auricula	WELLCOME SANGER INSTITUTE	PRJEB62921	10.12688/wellcomeopenres.20383.1	38779042	The genome sequence of a caddisfly, Limnephilus auricula (Curtis, 1834).	high	assembly_name
GCA_917880885.1	Limnephilus marmoratus	WELLCOME SANGER INSTITUTE	PRJEB48179	10.12688/wellcomeopenres.18753.1	37736014	The genome sequence of the cinnamon sedge caddisfly, Limnephilus marmoratus (Curtis, 1834).	high	assembly_name
GCA_929108145.2	Limnephilus rhombicus	WELLCOME SANGER INSTITUTE	PRJEB50657	10.12688/wellcomeopenres.19331.1		The genome sequence of a caddisfly, Limnephilus rhombicus (Linnaeus, 1758)	medium	organism_title
GCA_951799405.1	Agapetus fuscipes	WELLCOME SANGER INSTITUTE	PRJEB62530	10.12688/wellcomeopenres.19838.1		The genome sequence of the micro grey sedge, Agapetus fuscipes (Curtis, 1834)	medium	organism_title
GCA_031772345.1	Himalopsyche anomala	Nanjing Agricultural University	PRJNA749930	10.1038/s41597-024-03097-3	38443432	Chromosome-scale genome assemblies of Himalopsyche anomala and Eubasilissa splendida (Insecta: Trichoptera).	high	bioproject_text
GCA_944548615.1	Micropterix aruncella	WELLCOME SANGER INSTITUTE	PRJEB53845	10.12688/wellcomeopenres.18714.1	37363062	The genome sequence of the White-barred Gold, Micropterix aruncella (Scopoli, 1763).	high	assembly_name
GCA_045547075.1	Eriocrania semipurpurella alpina	Capital Normal University	PRJNA1039478	10.1038/s41597-024-04353-2	39747242	Chromosome-level genome assembly of a destructive leaf-mining moth Eriocrania semipurpurella alpina.	medium	organism_title
GCA_042246355.1	Hepialus xiaojinensis	Guangdong Academy of Sciences	PRJNA1006505	10.1093/gigascience/giae044	39028585	A ghost moth olfactory prototype of the lepidopteran sex communication.	medium	bioproject_text
GCA_907165235.1	Zeuzera pyrina	WELLCOME SANGER INSTITUTE	PRJEB44632	10.12688/wellcomeopenres.19064.1	37965283	The genome sequence of the Leopard Moth, Zeuzera pyrina (Linnaeus, 1761).	high	assembly_name
GCA_964277475.1	Phragmataecia castaneae	WELLCOME SANGER INSTITUTE	PRJEB81404	10.12688/wellcomeopenres.25089.1	41523159	The genome sequence of the Reed Leopard moth, Phragmataecia castaneae Hübner, 1790 (Lepidoptera: Cossidae).	high	assembly_name
GCA_943735995.1	Sesia bembeciformis	WELLCOME SANGER INSTITUTE	PRJEB53303	10.12688/wellcomeopenres.19111.1	37840882	The genome sequence of the Lunar Hornet, Sesia bembeciformis (Hübner 1806).	high	assembly_name
GCA_914767545.1	Sesia apiformis	WELLCOME SANGER INSTITUTE	PRJEB47347	10.12688/wellcomeopenres.20236.1	38385125	The genome sequence of the Hornet Moth, Sesia apiformis (Clerck, 1759).	high	assembly_name
GCA_936446665.2	Synanthedon andrenaeformis	WELLCOME SANGER INSTITUTE	PRJEB52078	10.12688/wellcomeopenres.21110.1	39092001	The genome sequence of the Orange-tailed Clearwing, Synanthedon andrenaeformis (Laspeyres, 1801).	high	assembly_name
GCA_944738685.1	Synanthedon myopaeformis	WELLCOME SANGER INSTITUTE	PRJEB53873	10.12688/wellcomeopenres.21111.1		The genome sequence of the Red-belted Clearwing, Synanthedon myopaeformis (Borkhausen, 1789)	medium	organism_title
GCA_918317495.1	Synanthedon vespiformis	WELLCOME SANGER INSTITUTE	PRJEB48303	10.12688/wellcomeopenres.18109.1	36895518	The genome sequence of the yellow-legged clearwing, Synanthedon vespiformis (Linnaeus, 1761).	high	assembly_name
GCA_964332195.1	Synanthedon spheciformis	WELLCOME SANGER INSTITUTE	PRJEB82227	10.12688/wellcomeopenres.24613.1	40978457	The genome sequence of the White-barred Clearwing, Synanthedon spheciformis (Denis & Schiffermüller), 1775 (Lepidoptera: Sesiidae).	high	assembly_name
GCA_945859745.1	Synanthedon formicaeformis	WELLCOME SANGER INSTITUTE	PRJEB54854	10.12688/wellcomeopenres.19487.2	41913784	The genome sequence of the Red-tipped Clearwing, Synanthedon formicaeformis (Esper, 1783).	high	assembly_name
GCA_947623395.1	Synanthedon tipuliformis	WELLCOME SANGER INSTITUTE	PRJEB58317	10.12688/wellcomeopenres.19647.2	39449983	The genome sequence of the Currant Clearwing moth, Synanthedon tipuliformis (Clerck, 1759).	high	assembly_name
GCA_910589475.2	Bembecia ichneumoniformis	WELLCOME SANGER INSTITUTE	PRJEB45319	10.12688/wellcomeopenres.20279.1	38813550	The genome sequence of the Six-belted Clearwing, Bembecia ichneumoniformis (Denis & Schiffermüller, 1775).	high	assembly_name
GCA_949316135.1	Choreutis nemorana	WELLCOME SANGER INSTITUTE	PRJEB60117	10.12688/wellcomeopenres.21624.1	39290366	The genome sequence of the Fig-leaf Skeletoniser, Choreutis nemorana (Hübner, [1799]).	high	assembly_name
GCA_946406115.1	Apoda limacodes	WELLCOME SANGER INSTITUTE	PRJEB55486	10.12688/wellcomeopenres.18747.1	37251660	The genome sequence of the Festoon, Apoda limacodes (Hufnagel, 1766).	high	assembly_name
GCA_964275185.1	Adscita geryon	WELLCOME SANGER INSTITUTE	PRJEB81122	10.12688/wellcomeopenres.24954.1	41306859	The genome sequence of the Cistus Forester, Adscita geryon (Hübner, [1813]) (Lepidoptera: Zygaenidae).	high	assembly_name
GCA_964270825.1	Rhagades pruni	WELLCOME SANGER INSTITUTE	PRJEB80621	10.12688/wellcomeopenres.24652.1		The genome sequence of the Blackthorn Aurora Moth, Rhagades pruni (Denis & Schiffermüller), 1775 (Lepidoptera: Zygaenidae)	medium	organism_title
GCA_041274885.1	Achelura yunnanensis	SUN YAT-SEN UNIVERSITY	PRJNA1115809	10.1038/s41597-024-03849-1	39266566	Chromosome-level genome assembly of the forest pest Achelura yunnanensis (Lepidoptera: Zygaenidae).	high	bioproject_text
GCA_964261665.1	Zygaena carniolica	WELLCOME SANGER INSTITUTE	PRJEB79740	10.12688/wellcomeopenres.24616.1	41267741	The genome sequence of the Crepuscular Burnet, Zygaena carniolica (Scopoli, 1763) (Lepidoptera: Zygaenidae).	high	assembly_name
GCA_964505435.1	Zygaena fausta	WELLCOME SANGER INSTITUTE	PRJEB83198	10.12688/wellcomeopenres.24616.1	41267741	The genome sequence of the Crepuscular Burnet, Zygaena carniolica (Scopoli, 1763) (Lepidoptera: Zygaenidae).	low	organism_genus_title
GCA_964270835.1	Zygaena purpuralis	WELLCOME SANGER INSTITUTE	PRJEB80624	10.12688/wellcomeopenres.25719.1		The genome sequence of the Transparent Burnet, Zygaena purpuralis (Brünnich, 1763) (Lepidoptera: Zygaenidae)	medium	organism_title
GCA_964338965.1	Zygaena sarpedon	WELLCOME SANGER INSTITUTE	PRJEB82342	10.12688/wellcomeopenres.24616.1	41267741	The genome sequence of the Crepuscular Burnet, Zygaena carniolica (Scopoli, 1763) (Lepidoptera: Zygaenidae).	low	organism_genus_title
GCA_964275295.1	Zygaena dorycnii	WELLCOME SANGER INSTITUTE	PRJEB81134	10.12688/wellcomeopenres.24616.1	41267741	The genome sequence of the Crepuscular Burnet, Zygaena carniolica (Scopoli, 1763) (Lepidoptera: Zygaenidae).	low	organism_genus_title
GCA_964261585.1	Zygaena exulans	WELLCOME SANGER INSTITUTE	PRJEB79739	10.12688/wellcomeopenres.25720.2		The genome sequence of the Mountain Burnet, Zygaena exulans (Hohenwarth, 1792) (Lepidoptera: Zygaenidae)	medium	organism_title
GCA_907165275.2	Zygaena filipendulae	WELLCOME SANGER INSTITUTE	PRJEB44634	10.12688/wellcomeopenres.17924.2	39323974	The genome sequence of the 6-spot burnet, Zygaena filipendulae (Linnaeus, 1758).	high	assembly_name
GCA_964264925.1	Zygaena armena	WELLCOME SANGER INSTITUTE	PRJEB80297	10.12688/wellcomeopenres.24616.1	41267741	The genome sequence of the Crepuscular Burnet, Zygaena carniolica (Scopoli, 1763) (Lepidoptera: Zygaenidae).	low	organism_genus_title
GCA_964271875.1	Zygaena filipendulae	WELLCOME SANGER INSTITUTE	PRJEB80723	10.12688/wellcomeopenres.17924.2		The genome sequence of the 6-spot burnet, Zygaena filipendulae (Linnaeus, 1758)	medium	organism_title
GCA_947859335.1	Tortricodes alternella	WELLCOME SANGER INSTITUTE	PRJEB58747	10.12688/wellcomeopenres.21494.1	38903871	The genome sequence of the Winter Shade, Tortricodes alternella [Denis & Schiffermüller], 1775.	high	assembly_name
GCA_963241965.1	Tortrix viridana	WELLCOME SANGER INSTITUTE	PRJEB65245	10.12688/wellcomeopenres.21568.1	39398937	The genome sequence of the Green Oak Leaf Roller, Tortrix viridana (Linnaeus, 1758).	high	assembly_name
GCA_946894065.1	Acleris literana	WELLCOME SANGER INSTITUTE	PRJEB56016	10.12688/wellcomeopenres.19481.1	38249958	The genome sequence of the Lichen Button, Acleris literana (Linnaeus, 1758).	high	assembly_name
GCA_965194575.1	Acleris hyemana	WELLCOME SANGER INSTITUTE	PRJEB86444	10.12688/wellcomeopenres.25184.1		The genome sequence of the Heath Button moth, Acleris hyemana (Haworth, 1811) (Lepidoptera: Tortricidae)	medium	organism_title
GCA_966208735.1	Acleris effractana	WELLCOME SANGER INSTITUTE	PRJEB95040	10.12688/wellcomeopenres.25184.1		The genome sequence of the Heath Button moth, Acleris hyemana (Haworth, 1811) (Lepidoptera: Tortricidae)	low	organism_genus_title
GCA_949316455.1	Acleris holmiana	WELLCOME SANGER INSTITUTE	PRJEB60125	10.12688/wellcomeopenres.20839.1		The genome sequence of the White-triangle Button, Acleris holmiana (Linnaeus, 1758)	medium	organism_title
GCA_965276475.1	Acleris abietana	WELLCOME SANGER INSTITUTE	PRJEB89053	10.12688/wellcomeopenres.25184.1		The genome sequence of the Heath Button moth, Acleris hyemana (Haworth, 1811) (Lepidoptera: Tortricidae)	low	organism_genus_title
GCA_965276485.1	Acleris abietana	WELLCOME SANGER INSTITUTE	PRJEB89054	10.12688/wellcomeopenres.25184.1		The genome sequence of the Heath Button moth, Acleris hyemana (Haworth, 1811) (Lepidoptera: Tortricidae)	low	organism_genus_title
GCA_948252455.1	Acleris cristana	WELLCOME SANGER INSTITUTE	PRJEB58976	10.12688/wellcomeopenres.19508.1		The genome sequence of the Tufted Button, Acleris cristana (Denis & Schiffermüller, 1775)	medium	organism_title
GCA_927399475.2	Acleris emargana	WELLCOME SANGER INSTITUTE	PRJEB49998	10.12688/wellcomeopenres.19843.1	38873190	The genome sequence of the Notch-wing Button, Acleris emargana (Fabricius, 1775).	high	assembly_name
GCA_964656575.1	Acleris ferrugana	WELLCOME SANGER INSTITUTE	PRJEB83557	10.12688/wellcomeopenres.24876.1	41234513	The genome sequence of the Tawny Oak Tortrix, Acleris ferrugana (Denis & Schiffermüller), 1775 (Lepidoptera: Tortricidae).	high	assembly_name
GCA_963966035.1	Acleris laterana	WELLCOME SANGER INSTITUTE	PRJEB72510	10.12688/wellcomeopenres.24003.1	40978456	The genome sequence of the Dark-triangle Button moth, Acleris laterana (Fabricius, 1794).	high	assembly_name
GCA_964340485.1	Acleris logiana	WELLCOME SANGER INSTITUTE	PRJEB82519	10.12688/wellcomeopenres.24960.1		The genome sequence of the Pale Birch Tortrix, Acleris logiana (Clerck, 1759) (Lepidoptera: Tortricidae)	medium	organism_title
GCA_923062465.1	Acleris sparsana	WELLCOME SANGER INSTITUTE	PRJEB49397	10.12688/wellcomeopenres.19533.1	38434745	The genome sequence of the Ashy Button, Acleris sparsana (Denis & Schiffermüller, 1775).	high	assembly_name
GCA_964330255.1	Acleris umbrana	WELLCOME SANGER INSTITUTE	PRJEB82112	10.12688/wellcomeopenres.25192.1		The genome sequence of the Dark-streaked Tortrix, Acleris umbrana (Hübner, 1799) (Lepidoptera: Tortricidae)	medium	organism_title
GCA_964235035.1	Aleimma loeflingiana	WELLCOME SANGER INSTITUTE	PRJEB79063	10.12688/wellcomeopenres.25190.1		The genome sequence of the Yellow Oak Tortrix, Aleimma loeflingiana (Linnaeus, 1758) (Lepidoptera: Tortricidae)	medium	organism_title
GCA_964656585.1	Neocochylis molliculana	WELLCOME SANGER INSTITUTE	PRJEB83559	10.12688/wellcomeopenres.24868.1		The genome sequence of the Ox-tongue Conch, Neocochylis molliculana (Zeller, 1847) (Lepidoptera: Tortricidae)	medium	organism_title
GCA_965285805.1	Aethes smeathmanniana	WELLCOME SANGER INSTITUTE	PRJEB89760	10.12688/wellcomeopenres.24252.1	40574742	The genome sequence of the Thistle Conch moth, Aethes cnicana (Westwood, 1854).	low	organism_genus_title
GCA_965285855.1	Aethes smeathmanniana	WELLCOME SANGER INSTITUTE	PRJEB89761	10.12688/wellcomeopenres.24252.1	40574742	The genome sequence of the Thistle Conch moth, Aethes cnicana (Westwood, 1854).	low	organism_genus_title
GCA_964270645.1	Aethes tesserana	WELLCOME SANGER INSTITUTE	PRJEB80601	10.12688/wellcomeopenres.26512.1	42403949	The genome sequence of the Downland Conch, Aethes tesserana (Denis & Schiffermüller) , 1775 (Lepidoptera: Tortricidae).	medium	organism_title
GCA_963971205.1	Aethes cnicana	WELLCOME SANGER INSTITUTE	PRJEB73489	10.12688/wellcomeopenres.24252.1	40574742	The genome sequence of the Thistle Conch moth, Aethes cnicana (Westwood, 1854).	high	assembly_name
GCA_965178135.1	Agapeta hamana	WELLCOME SANGER INSTITUTE	PRJEB86223	10.12688/wellcomeopenres.24889.1		The genome sequence of the Bright Straw moth, Agapeta zoegana (Linnaeus, 1767) (Lepidoptera: Tortricidae)	low	organism_genus_title
GCA_965178395.1	Agapeta hamana	WELLCOME SANGER INSTITUTE	PRJEB86224	10.12688/wellcomeopenres.24889.1		The genome sequence of the Bright Straw moth, Agapeta zoegana (Linnaeus, 1767) (Lepidoptera: Tortricidae)	low	organism_genus_title
GCA_964188265.1	Agapeta zoegana	WELLCOME SANGER INSTITUTE	PRJEB76709	10.12688/wellcomeopenres.24889.1		The genome sequence of the Bright Straw moth, Agapeta zoegana (Linnaeus, 1767) (Lepidoptera: Tortricidae)	medium	organism_title
GCA_964341535.1	Commophila aeneana	WELLCOME SANGER INSTITUTE	PRJEB82857	10.12688/wellcomeopenres.24865.1	41063756	The genome sequence of the Orange Beauty, Commophila aeneana (Hübner, 1799-1800) (Lepidoptera: Tortricidae).	high	assembly_name
GCA_964341585.1	Commophila aeneana	WELLCOME SANGER INSTITUTE	PRJEB82858	10.12688/wellcomeopenres.24865.1	41063756	The genome sequence of the Orange Beauty, Commophila aeneana (Hübner, 1799-1800) (Lepidoptera: Tortricidae).	high	assembly_name
GCA_963691745.1	Ditula angustiorana	WELLCOME SANGER INSTITUTE	PRJEB70573	10.12688/wellcomeopenres.23994.1	41502546	The genome sequence of the Red-barred Tortrix moth, Ditula angustiorana (Haworth, 1811).	high	assembly_name
GCA_964276465.1	Cnephasia stephensiana	WELLCOME SANGER INSTITUTE	PRJEB81209	10.12688/wellcomeopenres.24977.1	41509581	The genome sequence of the Grey Tortrix moth, Cnephasia stephensiana (Doubleday, 1850) (Lepidoptera: Tortricidae).	high	assembly_name
GCA_965637065.1	Cnephasia asseclana	WELLCOME SANGER INSTITUTE	PRJEB91511	10.12688/wellcomeopenres.24977.1	41509581	The genome sequence of the Grey Tortrix moth, Cnephasia stephensiana (Doubleday, 1850) (Lepidoptera: Tortricidae).	low	organism_genus_title
GCA_964662145.1	Eana incanana	WELLCOME SANGER INSTITUTE	PRJEB83780	10.12688/wellcomeopenres.26549.1		The genome sequence of the Bluebell moth, Eana incanana (Stephens, 1852) (Lepidoptera: Tortricidae)	medium	organism_title
GCA_965637025.1	Archips oporana	WELLCOME SANGER INSTITUTE	PRJEB91510	10.12688/wellcomeopenres.20413.1	38560613	The genome sequence of the Brown Oak Tortrix, Archips crataeganus (Hübner, 1796).	low	organism_genus_title
GCA_965637185.1	Archips oporana	WELLCOME SANGER INSTITUTE	PRJEB91509	10.12688/wellcomeopenres.20413.1	38560613	The genome sequence of the Brown Oak Tortrix, Archips crataeganus (Hübner, 1796).	low	organism_genus_title
GCA_947563465.1	Archips xylosteana	WELLCOME SANGER INSTITUTE	PRJEB58169	10.12688/wellcomeopenres.20362.1	38344693	The genome sequence of the Variegated Golden Tortrix, Archips xylosteana (Linnaeus, 1758).	high	assembly_name
GCA_947859365.1	Archips crataeganus	WELLCOME SANGER INSTITUTE	PRJEB58745	10.12688/wellcomeopenres.20413.1	38560613	The genome sequence of the Brown Oak Tortrix, Archips crataeganus (Hübner, 1796).	high	assembly_name
GCA_964237515.1	Archips podanus	WELLCOME SANGER INSTITUTE	PRJEB79212	10.12688/wellcomeopenres.23921.1	40838167	The genome sequence of the Tortix moth, Archips podanus (Scopoli, 1763).	high	assembly_name
GCA_965362255.1	Clepsis consimilana	WELLCOME SANGER INSTITUTE	PRJEB82941	10.12688/wellcomeopenres.23905.1	41040655	The genome sequence of the Banded Ivy Tortrix moth, Clepsis dumicolana (Zeller, 1847).	low	organism_genus_title
GCA_965362275.1	Clepsis consimilana	WELLCOME SANGER INSTITUTE	PRJEB82940	10.12688/wellcomeopenres.23905.1	41040655	The genome sequence of the Banded Ivy Tortrix moth, Clepsis dumicolana (Zeller, 1847).	low	organism_genus_title
GCA_965111835.1	Clepsis rurinana	WELLCOME SANGER INSTITUTE	PRJEB84010	10.12688/wellcomeopenres.23905.1	41040655	The genome sequence of the Banded Ivy Tortrix moth, Clepsis dumicolana (Zeller, 1847).	low	organism_genus_title
GCA_963691665.1	Clepsis dumicolana	WELLCOME SANGER INSTITUTE	PRJEB70581	10.12688/wellcomeopenres.23905.1	41040655	The genome sequence of the Banded Ivy Tortrix moth, Clepsis dumicolana (Zeller, 1847).	high	assembly_name
GCA_949127965.1	Pandemis corylana	WELLCOME SANGER INSTITUTE	PRJEB59483	10.12688/wellcomeopenres.20572.1	38405013	The genome sequence of the Chequered Fruit-tree Tortrix, Pandemis corylana (Fabricius, 1794).	high	assembly_name
GCA_963854515.1	Pandemis heparana	WELLCOME SANGER INSTITUTE	PRJEB70827	10.12688/wellcomeopenres.23775.1		The genome sequence of the Dark Fruit-tree Tortrix moth Pandemis heparana (Denis & Schiffermüller), 1775	medium	organism_title
GCA_932294345.1	Pandemis cinnamomeana	WELLCOME SANGER INSTITUTE	PRJEB51280	10.12688/wellcomeopenres.19544.1		The genome sequence of the White-faced Tortrix, Pandemis cinnamomeana (Treitschke, 1830)	medium	organism_title
GCA_964271255.1	Cacoecimorpha pronubana	WELLCOME SANGER INSTITUTE	PRJEB80607	10.12688/wellcomeopenres.25189.1		The genome sequence of the Carnation Tortrix, Cacoecimorpha pronubana (Hübner, 1799) (Lepidoptera: Tortricidae)	medium	organism_title
GCA_964214005.1	Ancylis achatana	WELLCOME SANGER INSTITUTE	PRJEB78880	10.12688/wellcomeopenres.23897.1	41040651	The genome sequence of the Triangle-marked Roller, Ancylis achatana (Denis & Schiffermüller), 1775.	high	assembly_name
GCA_963556455.1	Epiblema foenella	WELLCOME SANGER INSTITUTE	PRJEB67388	10.12688/wellcomeopenres.23364.1	39925655	The genome sequence of White-foot Bell moth, Epiblema foenella (Linnaeus, 1758).	high	assembly_name
GCA_964662165.1	Epiblema scutulana	WELLCOME SANGER INSTITUTE	PRJEB83782	10.12688/wellcomeopenres.23364.1	39925655	The genome sequence of White-foot Bell moth, Epiblema foenella (Linnaeus, 1758).	low	organism_genus_title
GCA_964346515.1	Epiblema cirsiana	WELLCOME SANGER INSTITUTE	PRJEB82910	10.12688/wellcomeopenres.23364.1	39925655	The genome sequence of White-foot Bell moth, Epiblema foenella (Linnaeus, 1758).	low	organism_genus_title
GCA_964291015.1	Epiblema costipunctana	WELLCOME SANGER INSTITUTE	PRJEB81489	10.12688/wellcomeopenres.23364.1	39925655	The genome sequence of White-foot Bell moth, Epiblema foenella (Linnaeus, 1758).	low	organism_genus_title
GCA_965654305.1	Epinotia tedella	WELLCOME SANGER INSTITUTE	PRJEB94835	10.12688/wellcomeopenres.23749.1	40171521	The genome sequence of the Large Birch Bell moth, Large Birch Roller, Epinotia brunnichana (Linnaeus, 1767).	low	organism_genus_title
GCA_965654325.1	Epinotia tedella	WELLCOME SANGER INSTITUTE	PRJEB94834	10.12688/wellcomeopenres.23749.1	40171521	The genome sequence of the Large Birch Bell moth, Large Birch Roller, Epinotia brunnichana (Linnaeus, 1767).	low	organism_genus_title
GCA_947049275.1	Epinotia bilunana	WELLCOME SANGER INSTITUTE	PRJEB56555	10.12688/wellcomeopenres.19334.1	38680650	The genome sequence of the Crescent Bell, Epinotia bilunana (Haworth, 1811).	high	assembly_name
GCA_945867215.1	Epinotia demarniana	WELLCOME SANGER INSTITUTE	PRJEB54911	10.12688/wellcomeopenres.19574.1		The genome sequence of the Birch Bell, Epinotia demarniana (Fischer von Röslerstamm, 1839)	medium	organism_title
GCA_947578815.1	Epinotia ramella	WELLCOME SANGER INSTITUTE	PRJEB58281	10.12688/wellcomeopenres.20150.1		The genome sequence of the Small Birch Bell, Epinotia ramella (Linnaeus, 1758)	medium	organism_title
GCA_966185115.1	Epinotia pygmaeana	WELLCOME SANGER INSTITUTE	PRJEB95856	10.12688/wellcomeopenres.23749.1	40171521	The genome sequence of the Large Birch Bell moth, Large Birch Roller, Epinotia brunnichana (Linnaeus, 1767).	low	organism_genus_title
GCA_966185135.1	Epinotia pygmaeana	WELLCOME SANGER INSTITUTE	PRJEB95855	10.12688/wellcomeopenres.23749.1	40171521	The genome sequence of the Large Birch Bell moth, Large Birch Roller, Epinotia brunnichana (Linnaeus, 1767).	low	organism_genus_title
GCA_965225655.1	Epinotia tenerana	WELLCOME SANGER INSTITUTE	PRJEB87572	10.12688/wellcomeopenres.23749.1	40171521	The genome sequence of the Large Birch Bell moth, Large Birch Roller, Epinotia brunnichana (Linnaeus, 1767).	low	organism_genus_title
GCA_963854355.1	Epinotia brunnichana	WELLCOME SANGER INSTITUTE	PRJEB70820	10.12688/wellcomeopenres.23749.1	40171521	The genome sequence of the Large Birch Bell moth, Large Birch Roller, Epinotia brunnichana (Linnaeus, 1767).	high	assembly_name
GCA_966183675.1	Epinotia nanana	WELLCOME SANGER INSTITUTE	PRJEB95854	10.12688/wellcomeopenres.23749.1	40171521	The genome sequence of the Large Birch Bell moth, Large Birch Roller, Epinotia brunnichana (Linnaeus, 1767).	low	organism_genus_title
GCA_932294315.1	Epinotia nisella	WELLCOME SANGER INSTITUTE	PRJEB51285	10.12688/wellcomeopenres.19621.1	38779050	The genome sequence of the Grey Poplar Bell, Epinotia nisella (Clerck, 1759).	high	assembly_name
GCA_965378785.1	Epinotia trigonella	WELLCOME SANGER INSTITUTE	PRJEB90320	10.12688/wellcomeopenres.23749.1	40171521	The genome sequence of the Large Birch Bell moth, Large Birch Roller, Epinotia brunnichana (Linnaeus, 1767).	low	organism_genus_title
GCA_965378795.1	Epinotia trigonella	WELLCOME SANGER INSTITUTE	PRJEB90321	10.12688/wellcomeopenres.23749.1	40171521	The genome sequence of the Large Birch Bell moth, Large Birch Roller, Epinotia brunnichana (Linnaeus, 1767).	low	organism_genus_title
GCA_964656095.1	Rhopobota ustomaculana	WELLCOME SANGER INSTITUTE	PRJEB83376	10.12688/wellcomeopenres.26882.1		The genome sequence of the Holly Tortrix, Rhopobota naevana (Hubner, 1817) (Lepidoptera: Tortricidae)	low	organism_genus_title
GCA_964656135.1	Rhopobota ustomaculana	WELLCOME SANGER INSTITUTE	PRJEB83375	10.12688/wellcomeopenres.26882.1		The genome sequence of the Holly Tortrix, Rhopobota naevana (Hubner, 1817) (Lepidoptera: Tortricidae)	low	organism_genus_title
GCA_965641425.1	Rhopobota naevana	WELLCOME SANGER INSTITUTE	PRJEB91879	10.12688/wellcomeopenres.26882.1		The genome sequence of the Holly Tortrix, Rhopobota naevana (Hubner, 1817) (Lepidoptera: Tortricidae)	medium	organism_title
GCA_905163555.1	Notocelia uddmanniana	Wellcome Sanger Institute	PRJEB42037	10.12688/wellcomeopenres.17488.1	39175988	The genome sequence of the bramble shoot moth, Notocelia uddmanniana (Linnaeus, 1758).	high	assembly_name
GCA_964374345.1	Rhyacionia pinicolana	WELLCOME SANGER INSTITUTE	PRJEB82988	10.12688/wellcomeopenres.26550.1		The genome sequence of the Smooth Pine Shoot Moth, Rhyacionia pinicolana (Doubleday, 1850) (Lepidoptera: Tortricidae)	medium	organism_title
GCA_965636995.1	Rhyacionia pinivorana	WELLCOME SANGER INSTITUTE	PRJEB91523	10.12688/wellcomeopenres.26550.1		The genome sequence of the Smooth Pine Shoot Moth, Rhyacionia pinicolana (Doubleday, 1850) (Lepidoptera: Tortricidae)	low	organism_genus_title
GCA_965637205.1	Rhyacionia pinivorana	WELLCOME SANGER INSTITUTE	PRJEB91524	10.12688/wellcomeopenres.26550.1		The genome sequence of the Smooth Pine Shoot Moth, Rhyacionia pinicolana (Doubleday, 1850) (Lepidoptera: Tortricidae)	low	organism_genus_title
GCA_966184475.1	Rhyacionia logaea	WELLCOME SANGER INSTITUTE	PRJEB95865	10.12688/wellcomeopenres.26550.1		The genome sequence of the Smooth Pine Shoot Moth, Rhyacionia pinicolana (Doubleday, 1850) (Lepidoptera: Tortricidae)	low	organism_genus_title
GCA_949128165.1	Lathronympha strigana	WELLCOME SANGER INSTITUTE	PRJEB59495	10.12688/wellcomeopenres.19833.1		The genome sequence of a tortricid moth, Lathronympha strigana (Fabricius, 1775)	medium	organism_title
GCA_965278205.1	Pammene argyrana	WELLCOME SANGER INSTITUTE	PRJEB89211	10.12688/wellcomeopenres.26362.1	42311787	The genome sequence of the Regal Piercer, Pammene regiana (Zeller, 1849) (Lepidoptera: Tortricidae).	low	organism_genus_title
GCA_965278295.1	Pammene argyrana	WELLCOME SANGER INSTITUTE	PRJEB89212	10.12688/wellcomeopenres.26362.1	42311787	The genome sequence of the Regal Piercer, Pammene regiana (Zeller, 1849) (Lepidoptera: Tortricidae).	low	organism_genus_title
GCA_911728535.1	Pammene fasciana	WELLCOME SANGER INSTITUTE	PRJEB46632	10.12688/wellcomeopenres.18114.2	39464235	The genome sequence of the acorn piercer, Pammene fasciana (Linnaeus, 1761).	high	assembly_name
GCA_965276555.1	Pammene giganteana	WELLCOME SANGER INSTITUTE	PRJEB89058	10.12688/wellcomeopenres.26362.1	42311787	The genome sequence of the Regal Piercer, Pammene regiana (Zeller, 1849) (Lepidoptera: Tortricidae).	low	organism_genus_title
GCA_965641965.1	Pammene regiana	WELLCOME SANGER INSTITUTE	PRJEB92166	10.12688/wellcomeopenres.26362.1	42311787	The genome sequence of the Regal Piercer, Pammene regiana (Zeller, 1849) (Lepidoptera: Tortricidae).	high	assembly_name
GCA_964504545.2	Pammene suspectana	WELLCOME SANGER INSTITUTE	PRJEB83195	10.12688/wellcomeopenres.26362.1	42311787	The genome sequence of the Regal Piercer, Pammene regiana (Zeller, 1849) (Lepidoptera: Tortricidae).	low	organism_genus_title
GCA_964505205.1	Pammene suspectana	WELLCOME SANGER INSTITUTE		10.12688/wellcomeopenres.26362.1	42311787	The genome sequence of the Regal Piercer, Pammene regiana (Zeller, 1849) (Lepidoptera: Tortricidae).	low	organism_genus_title
GCA_947086415.1	Pammene aurita	WELLCOME SANGER INSTITUTE	PRJEB56792	10.12688/wellcomeopenres.19243.1	38764974	The genome sequence of the Sycamore Piercer, Pammene aurita (Razowski, 1991).	high	assembly_name
GCA_965620085.1	Pammene rhediella	WELLCOME SANGER INSTITUTE	PRJEB91075	10.12688/wellcomeopenres.26362.1	42311787	The genome sequence of the Regal Piercer, Pammene regiana (Zeller, 1849) (Lepidoptera: Tortricidae).	low	organism_genus_title
GCA_038396475.1	Cydia pomonella	Beijing Academy of Agriculture and Forestry Sciences	PRJNA1032306	10.1128/mra.00207-25	40488503	Near-complete genome sequence of Cydia pomonella granulovirus BZR GV 10, a potential biocontrol agent against apple codling moth.	low	organism_title
GCA_965655145.1	Apotomis sauciana	WELLCOME SANGER INSTITUTE	PRJEB94918	10.12688/wellcomeopenres.20875.1		The genome sequence of the Sallow Marble, Apotomis capreana (Hübner, 1817)	low	organism_genus_title
GCA_965663535.1	Apotomis sororculana	WELLCOME SANGER INSTITUTE	PRJEB94984	10.12688/wellcomeopenres.20875.1		The genome sequence of the Sallow Marble, Apotomis capreana (Hübner, 1817)	low	organism_genus_title
GCA_932273695.1	Apotomis betuletana	WELLCOME SANGER INSTITUTE	PRJEB51195	10.12688/wellcomeopenres.18984.1	37082718	The genome sequence of the Birch Marble, Apotomis betuletana (Haworth, 1811).	high	assembly_name
GCA_905147355.2	Apotomis turbidana	Wellcome Sanger Institute	PRJEB41899	10.12688/wellcomeopenres.19242.1	37614677	The genome sequence of the White-shouldered Marble, Apotomis turbidana (Hübner, 1825).	high	assembly_name
GCA_947623375.1	Apotomis capreana	WELLCOME SANGER INSTITUTE	PRJEB58315	10.12688/wellcomeopenres.20875.1		The genome sequence of the Sallow Marble, Apotomis capreana (Hübner, 1817)	medium	organism_title
GCA_964197955.1	Hedya pruniana	WELLCOME SANGER INSTITUTE	PRJEB77362	10.12688/wellcomeopenres.26698.1		The genome sequence of the Plum Tortrix, Hedya pruniana (Hubner, 1799) (Lepidoptera: Tortricidae)	medium	organism_title
GCA_905404275.2	Hedya salicella	WELLCOME SANGER INSTITUTE	PRJEB43994	10.12688/wellcomeopenres.19436.1	38903245	The genome sequence of the White-backed Marble, Hedya salicella (Linnaeus, 1758).	high	assembly_name
GCA_965642925.1	Celypha striana	WELLCOME SANGER INSTITUTE	PRJEB93848	10.12688/wellcomeopenres.24736.1	41036235	The genome sequence of the Common Marble, Celypha lacunana (Denis & Schiffermüller, 1775) (Lepidoptera: Tortricidae).	low	organism_genus_title
GCA_964237635.1	Celypha lacunana	WELLCOME SANGER INSTITUTE	PRJEB79207	10.12688/wellcomeopenres.24736.1	41036235	The genome sequence of the Common Marble, Celypha lacunana (Denis & Schiffermüller, 1775) (Lepidoptera: Tortricidae).	high	assembly_name
GCA_947034925.1	Eudemis profundana	WELLCOME SANGER INSTITUTE	PRJEB56479	10.12688/wellcomeopenres.19370.1	38434748	The genome sequence of the Diamond-back Marble, Eudemis profundana (Denis & Schiffermüller, 1775).	high	assembly_name
GCA_964468075.1	Orthotaenia undulana	WELLCOME SANGER INSTITUTE	PRJEB83121	10.12688/wellcomeopenres.27389.1		The genome sequence of the Woodland Marble, Orthotaenia undulana (Denis & Schiffermüller, 1775) (Lepidoptera: Tortricidae)	medium	organism_title
GCA_964345945.1	Drepana curvatula	WELLCOME SANGER INSTITUTE	PRJEB82907	10.12688/wellcomeopenres.19213.1	38764970	The genome sequence of the Pebble Hook-tip, Drepana falcataria (Linnaeus, 1758).	low	organism_genus_title
GCA_945859725.1	Drepana falcataria	WELLCOME SANGER INSTITUTE	PRJEB54849	10.12688/wellcomeopenres.19213.1	38764970	The genome sequence of the Pebble Hook-tip, Drepana falcataria (Linnaeus, 1758).	high	assembly_name
GCA_951449985.1	Falcaria lacertinaria	WELLCOME SANGER INSTITUTE	PRJEB62107	10.12688/wellcomeopenres.23258.1	39649622	The genome sequence of the Scalloped Hook-tip moth, Falcaria lacertinaria (Linnaeus, 1758).	high	assembly_name
GCA_964059465.1	Sabra harpagula	WELLCOME SANGER INSTITUTE	PRJEB76069	10.12688/wellcomeopenres.26632.1	42255361	The genome sequence of the Scarce Hook-tip, Sabra harpagula (Esper, 1786) (Lepidoptera: Drepanidae).	high	assembly_name
GCA_929442735.1	Watsonalla binaria	WELLCOME SANGER INSTITUTE	PRJEB50701	10.12688/wellcomeopenres.19634.1	37885811	The genome sequence of the Oak Hook-tip, Watsonalla binaria (Hufnagel, 1767).	high	assembly_name
GCA_964035505.1	Watsonalla cultraria	WELLCOME SANGER INSTITUTE	PRJEB75345	10.12688/wellcomeopenres.25058.1	41502542	The genome sequence of the Barred Hook-tip, Watsonalla cultraria (Fabricius, 1775) (Lepidoptera: Drepanidae).	high	assembly_name
GCA_907165245.1	Habrosyne pyritoides	WELLCOME SANGER INSTITUTE	PRJEB44631	10.12688/wellcomeopenres.20151.2	42109270	The genome sequence of the Buff Arches, Habrosyne pyritoides (Hufnagel, 1766).	high	assembly_name
GCA_951361185.1	Ochropacha duplaris	WELLCOME SANGER INSTITUTE	PRJEB61975	10.12688/wellcomeopenres.23262.1		The genome sequence of the Common Lutestring moth, Ochropacha duplaris Linnaeus, 1761	medium	organism_title
GCA_963555595.1	Tethea ocularis	WELLCOME SANGER INSTITUTE	PRJEB66467	10.12688/wellcomeopenres.21493.1	39309222	The genome sequence of the Figure of Eighty moth Tethea ocularis Linnaeus, 1767.	high	assembly_name
GCA_905147785.2	Thyatira batis	Wellcome Sanger Institute	PRJEB41953	10.12688/wellcomeopenres.17268.1	35252591	The genome sequence of the peach blossom moth, Thyatira batis (Linnaeus, 1758).	medium	bioproject_text
GCA_951216915.1	Tetheella fluctuosa	WELLCOME SANGER INSTITUTE	PRJEB61836	10.12688/wellcomeopenres.23076.1	39534536	The genome sequence of the Satin Lutestring moth, Tetheella fluctuosa (Hübner, 1803).	high	assembly_name
GCA_947623365.1	Achlya flavicornis	WELLCOME SANGER INSTITUTE	PRJEB58322	10.12688/wellcomeopenres.19846.2	40008385	The genome sequence of the Yellow Horned moth, Achlya flavicornis (Linnaeus, 1758).	high	assembly_name
GCA_951394255.1	Polyploca ridens	WELLCOME SANGER INSTITUTE	PRJEB62064	10.12688/wellcomeopenres.23043.1	42210915	The genome sequence of the Frosted Green moth, Polyploca ridens (Fabricius, 1787).	high	assembly_name
GCA_964235415.1	Epermenia chaerophyllella	WELLCOME SANGER INSTITUTE	PRJEB79067	10.12688/wellcomeopenres.24947.1	41179919	The genome sequence of the Common Ridge-back moth, Epermenia chaerophyllella (Goeze, 1783) (Lepidoptera: Epermeniidae).	high	assembly_name
GCA_964059475.1	Alucita hexadactyla	WELLCOME SANGER INSTITUTE	PRJEB76083	10.12688/wellcomeopenres.23736.1	40046088	The genome sequence of the Twenty-plume Moth, Alucita hexadactyla Linnaeus, 1758.	high	assembly_name
GCA_923062675.1	Marasmarcha lunaedactyla	WELLCOME SANGER INSTITUTE	PRJEB49393	10.12688/wellcomeopenres.20107.1	39359327	The genome sequence of the Crescent Plume, Marasmarcha lunaedactyla (Haworth, 1811).	high	assembly_name
GCA_916618145.1	Emmelina monodactyla	WELLCOME SANGER INSTITUTE	PRJEB47749	10.12688/wellcomeopenres.19035.1		The genome sequence of the Common Plume moth, Emmelina monodactyla (Linnaeus, 1758)	medium	organism_title
GCA_944452665.1	Stenoptilia bipunctidactyla	WELLCOME SANGER INSTITUTE	PRJEB53637	10.12688/wellcomeopenres.19081.1	37799508	The genome sequence of the Twin-spot Plume, Stenoptilia bipunctidactyla (Scopoli, 1763).	high	assembly_name
GCA_026075555.1	Bombyx mori	national agriculture and food research organization	PRJDB13411	10.1093/g3journal/jkad044	36814357	Highly accurate genome assembly of an improved high-yielding silkworm strain, Nichi01.	high	bioproject_text
GCA_027497115.1	Bombyx mori	Southwest University	PRJNA912164	10.3390/ijms24010649	36614092	Comparison of Long-Read Methods for Sequencing and Assembly of Lepidopteran Pest Genomes.	medium	bioproject_text
GCA_027497135.1	Bombyx mori	Southwest University	PRJNA912165	10.3390/ijms24010649	36614092	Comparison of Long-Read Methods for Sequencing and Assembly of Lepidopteran Pest Genomes.	medium	bioproject_text
GCA_964601785.1	Bombyx mori	Lyukang	PRJEB83112	10.1038/s41597-025-04860-w	40133370	Telomere-to-telomere genome assemblies of three silkworm strains with long-term pupal characteristics.	medium	accession
GCA_964602615.1	Bombyx mori	Lyukang	PRJEB83112	10.1038/s41597-025-04860-w	40133370	Telomere-to-telomere genome assemblies of three silkworm strains with long-term pupal characteristics.	medium	accession
GCA_964603135.1	Bombyx mori	Lyukang	PRJEB83112	10.1038/s41597-025-04860-w	40133370	Telomere-to-telomere genome assemblies of three silkworm strains with long-term pupal characteristics.	medium	accession
GCA_030267445.2	Bombyx mandarina	Shimada-lab Faculty of Science Department of Life Science, Gakushuin University	PRJDB13954	10.1038/s41597-025-04395-0	39773996	A chromosome-level genome assembly of wild silkmoth, Bombyx mandarina.	high	bioproject_text
GCA_045862255.1	Trilocha varians	Shimada-lab, Faculty of Science, Department of Life Science, Gakushuin University	PRJDB9419	10.1038/s41597-025-04411-3	39837902	Comprehensive genome annotation of Trilocha varians, a new model species of Lepidopteran insects.	high	bioproject_text
GCA_050084765.1	Trabala vishnou	Henan University	PRJNA1229088	10.1038/s41597-025-05456-0	40617853	The first chromosome-level genome of the lappet moth Trabala vishnou (Lepidoptera: Lasiocampidae).	high	bioproject_text
GCA_949752895.1	Dendrolimus pini	WELLCOME SANGER INSTITUTE	PRJEB60896	10.12688/wellcomeopenres.23053.1		The genome sequence of the Pine-tree Lappet moth, Dendrolimus pini (Linnaeus, 1767)	medium	organism_title
GCA_012273795.1	Dendrolimus punctatus	Chinese Academy of Forestry	PRJNA578599	10.1111/1755-0998.13169	32306534	Chromosome-level genome assembly of an important pine defoliator, Dendrolimus punctatus (Lepidoptera; Lasiocampidae).	medium	organism_title
GCA_042997425.1	Dendrolimus tabulaeformis	Northeast Forestry University	PRJNA1155857	10.12688/wellcomeopenres.23053.1		The genome sequence of the Pine-tree Lappet moth, Dendrolimus pini (Linnaeus, 1767)	low	organism_genus_title
GCA_046627935.1	Dendrolimus sibiricus	THE INSTITUTE OF CYTOLOGY AND GENETICS	PRJNA1204066	10.1093/molbev/msag055	41779147	From Adam's rib: the Siberian moth's female W chromosome is derived from its Z counterpart.	medium	bioproject_text
GCA_964263865.1	Lasiocampa quercus	WELLCOME SANGER INSTITUTE	PRJEB80020	10.12688/wellcomeopenres.24733.1		The genome sequence of the Oak Eggar, Lasiocampa quercus Linnaeus, 1758 (Lepidoptera: Lasiocampidae)	medium	organism_title
GCA_965178115.1	Euthrix potatoria	WELLCOME SANGER INSTITUTE	PRJEB86233	10.12688/wellcomeopenres.24922.1	41502538	The genome sequence of the Drinker, Euthrix potatoria (Linnaeus, 1758) (Lepidoptera: Lasiocampidae).	high	assembly_name
GCA_964270795.1	Malacosoma alpicolum	WELLCOME SANGER INSTITUTE	PRJEB80619	10.12688/wellcomeopenres.24677.1	40873553	The genome sequence of Malacosoma alpicola Staudinger, 1871 (Lepidoptera: Lasiocampidae).	high	assembly_name
GCA_963693495.1	Malacosoma neustria	WELLCOME SANGER INSTITUTE	PRJEB70837	10.12688/wellcomeopenres.23468.1		The genome sequence of the Lackey moth, Malacosoma neustria (Linnaeus, 1758)	medium	organism_title
GCA_964416535.1	Trichiura crataegi	WELLCOME SANGER INSTITUTE	PRJEB83023	10.12688/wellcomeopenres.26998.1		The genome sequence of the Pale Eggar, Trichiura crataegi (Linnaeus, 1758) (Lepidoptera: Lasiocampidae)	medium	organism_title
GCA_046523875.1	Hylesia metabus	INRAE	PRJNA1132489	10.1093/jhered/esae069	39556100	Transposable element accumulation drives genome size increase in Hylesia metabus (Lepidoptera: Saturniidae), an urticating moth species from South America.	high	bioproject_text
GCA_964265105.1	Actias isabellae	Centro Nacional de Análisis Genómico	PRJEB77894	10.12688/openreseurope.20658.2	41000589	ERGA-BGE genome of the Spanish moon moth Actias isabellae Graells, 1849: a nocturnal lepidopteran protected by the Habitats Directive.	high	assembly_name
GCA_947532125.1	Saturnia pavonia	WELLCOME SANGER INSTITUTE	PRJEB58028	10.12688/wellcomeopenres.20652.1	38764484	The genome sequence of the Emperor moth, Saturnia pavonia (Linnaeus, 1758).	high	assembly_name
GCA_014132275.2	Samia ricini	Gakushuin University	PRJDB9376	10.3389/finsc.2023.1169596	38469493	Midgut serine proteinases participate in dietary adaptations of the castor (Eri) silkworm Samia ricini Anderson transferred from Ricinus communis to an ancestral host, Ailanthus excelsa Roxb.	high	bioproject_text
GCA_048571015.1	Samia ricini	Shimada-lab Faculty of Science Department of Life Science, Gakushuin University	PRJDB18798	10.1101/2025.01.09.632291		A major update of the genome assembly of Eri silkmoth, Samia ricini .	low	organism_title
GCA_905220505.1	Laothoe populi	WELLCOME SANGER INSTITUTE	PRJEB42885	10.12688/wellcomeopenres.17191.2	40144399	The genome sequence of the poplar hawk-moth, Laothoe populi (Linnaeus, 1758).	high	assembly_name
GCA_905332985.1	Mimas tiliae	WELLCOME SANGER INSTITUTE	PRJEB43491	10.12688/wellcomeopenres.17485.1	35224212	The genome sequence of the lime hawk-moth, Mimas tiliae (Linnaeus, 1758).	high	assembly_name
GCA_949126905.1	Amorpha juglandis	WELLCOME SANGER INSTITUTE	PRJEB59463	10.1080/23802359.2022.2029605	35111938	The complete chloroplast genome of the threatened Napa False Indigo Amorpha californica var. napensis Jeps. 1925 (Fabaceae) from Northern California, USA.	low	organism_genus_title
GCA_964340655.1	Agrius convolvuli	WELLCOME SANGER INSTITUTE	PRJEB82574	10.12688/wellcomeopenres.25779.1		The genome sequence of the Convolvulus Hawk-moth, Agrius convolvuli (Linnaeus, 1758) (Lepidoptera: Sphingidae)	medium	organism_title
GCA_947568825.1	Sphinx pinastri	WELLCOME SANGER INSTITUTE	PRJEB58213	10.12688/wellcomeopenres.19731.1	38173562	The genome sequence of the Pine Hawkmoth, Sphinx pinastri (Linneaus 1758).	high	assembly_name
GCA_023078785.2	Hyles euphorbiae	Max Planck Institute of Molecular Cell Biology and Genetics	PRJNA794104	10.1093/g3journal/jkad090	37119801	A high-quality, long-read genome assembly of the whitelined sphinx moth (Lepidoptera: Sphingidae: Hyles lineata) shows highly conserved melanin synthesis pathway genes.	high	assembly_name
GCA_949752805.1	Deilephila elpenor	WELLCOME SANGER INSTITUTE	PRJEB60891	10.12688/wellcomeopenres.21012.1	39239169	The genome sequence of the Elephant Hawk-moth, Deilephila elpenor (Linnaeus, 1758).	high	assembly_name
GCA_905220455.2	Deilephila porcellus	WELLCOME SANGER INSTITUTE	PRJEB42881	10.12688/wellcomeopenres.17740.1	35505773	The genome sequence of the small elephant hawk moth, Deilephila porcellus (Linnaeus, 1758).	high	assembly_name
GCA_033459515.1	Theretra japonica	ANHUI NORMAL UNIVERSITY	PRJNA905706	10.1038/s41597-024-03500-z	38997281	Chromosome-level Genome Assembly of Theretra japonica (Lepidoptera: Sphingidae).	medium	organism_title
GCA_947037095.2	Nycteola revayana	WELLCOME SANGER INSTITUTE	PRJEB56389	10.12688/wellcomeopenres.21567.1	39267994	The genome sequence of the Oak Nycteoline moth, Nycteola revayana (Scopoli, 1772).	high	assembly_name
GCA_951640165.1	Pseudoips prasinana	WELLCOME SANGER INSTITUTE	PRJEB62203	10.12688/wellcomeopenres.21014.1	39233902	The genome sequence of the Green Silver-lines, Pseudoips prasinana (Linnaeus, 1758).	high	assembly_name
GCA_964265065.1	Nola aerugula	WELLCOME SANGER INSTITUTE	PRJEB80348	10.12688/wellcomeopenres.24684.1		The genome sequence of the Scarce Black Arches, Nola aerugula (Hübner) (Lepidoptera: Nolidae)	medium	organism_title
GCA_936450015.1	Meganola albula	WELLCOME SANGER INSTITUTE	PRJEB52085	10.12688/wellcomeopenres.18672.1	37346773	The genome sequence of the Kent black arches, Meganola albula (Denis & Schiffermüller, 1775).	high	assembly_name
GCA_965194795.1	Spatalia argentina	WELLCOME SANGER INSTITUTE	PRJEB86462	10.12688/wellcomeopenres.25736.1		The genome sequence of the Argentine, Spatalia argentina (Denis & Schiffermüller), 1776 (Lepidoptera: Notodontidae)	medium	organism_title
GCA_905475355.2	Clostera curtula	WELLCOME SANGER INSTITUTE	PRJEB43986	10.12688/wellcomeopenres.19984.1		The genome sequence of the Chocolate-tip, Clostera curtula (Linnaeus, 1758)	medium	organism_title
GCA_905147325.1	Notodonta dromedarius	Wellcome Sanger Institute	PRJEB41926	10.12688/wellcomeopenres.17489.1	38912275	The genome sequence of the iron prominent, Notodonta dromedarius (Linnaeus, 1767).	high	assembly_name
GCA_918843915.1	Notodonta ziczac	WELLCOME SANGER INSTITUTE	PRJEB48684	10.12688/wellcomeopenres.17789.1	35694197	The genome sequence of the pebble prominent, Notodonta ziczac (Linnaeus, 1758).	high	assembly_name
GCA_905404115.1	Pheosia gnoma	WELLCOME SANGER INSTITUTE	PRJEB44003	10.12688/wellcomeopenres.19411.1	37351546	The genome sequence of the Lesser Swallow Prominent, Pheosia gnoma (Fabricius, 1777).	high	assembly_name
GCA_905333125.1	Pheosia tremula	WELLCOME SANGER INSTITUTE	PRJEB43493	10.12688/wellcomeopenres.17484.1	36873713	The genome sequence of the swallow prominent, Pheosia tremula (Clerck, 1759).	high	assembly_name
GCA_964276795.1	Cerura vinula	WELLCOME SANGER INSTITUTE	PRJEB81293	10.12688/wellcomeopenres.24919.1	41523162	The genome sequence of the Puss Moth, Cerura vinula (Linnaeus, 1758) (Lepidoptera: Notodontidae).	high	assembly_name
GCA_965178025.1	Drymonia dodonaea	WELLCOME SANGER INSTITUTE	PRJEB86230	10.12688/wellcomeopenres.24797.1	41112846	The genome sequence of the Marbled Brown, Drymonia dodonaea (Denis & Schiffermüller), 1775 (Lepidoptera: Notodontidae).	high	assembly_name
GCA_965437455.1	Drymonia obliterata	WELLCOME SANGER INSTITUTE	PRJEB90364	10.12688/wellcomeopenres.21225.1	39411464	The genome sequence of the Lunar Marbled Brown, Drymonia ruficornis (Hufnagel, 1766).	low	organism_genus_title
GCA_965437465.1	Drymonia obliterata	WELLCOME SANGER INSTITUTE	PRJEB90365	10.12688/wellcomeopenres.21225.1	39411464	The genome sequence of the Lunar Marbled Brown, Drymonia ruficornis (Hufnagel, 1766).	low	organism_genus_title
GCA_947859195.1	Drymonia ruficornis	WELLCOME SANGER INSTITUTE	PRJEB58742	10.12688/wellcomeopenres.21225.1	39411464	The genome sequence of the Lunar Marbled Brown, Drymonia ruficornis (Hufnagel, 1766).	high	assembly_name
GCA_911728495.1	Furcula furcula	WELLCOME SANGER INSTITUTE	PRJEB46630	10.12688/wellcomeopenres.18112.1	36879919	The genome sequence of the sallow kitten, Furcula furcula (Clerck, 1759).	high	assembly_name
GCA_914767695.1	Ptilodon capucinus	WELLCOME SANGER INSTITUTE	PRJEB47357	10.12688/wellcomeopenres.19539.1	38779054	The genome sequence of the Coxcomb Prominent, Ptilodon capucinus (Linnaeus, 1758).	high	assembly_name
GCA_964605925.1	Ptilodon cucullina	WELLCOME SANGER INSTITUTE	PRJEB83265	10.12688/wellcomeopenres.26628.1		The genome sequence of the Maple Prominent, Ptilodon cucullina (Denis & Schiffermüller, 1775) (Lepidoptera: Notodontidae)	medium	organism_title
GCA_964304645.1	Ptilophora plumigera	WELLCOME SANGER INSTITUTE	PRJEB82084	10.12688/wellcomeopenres.24978.1		The genome sequence of the Plumed Prominent, Ptilophora plumigera (Denis & Schiffermüller), 1775 (Lepidoptera: Notodontidae)	medium	organism_title
GCA_905147815.2	Phalera bucephala	Wellcome Sanger Institute	PRJEB41948	10.12688/wellcomeopenres.17539.1		The genome sequence of the buff-tip, Phalera bucephala (Linnaeus, 1758)	medium	organism_title
GCA_944739405.2	Euclidia mi	WELLCOME SANGER INSTITUTE	PRJEB53874	10.12688/wellcomeopenres.19098.1	37346819	The genome sequence of the Mother Shipton moth , Euclidia mi (Clerck, 1759).	high	assembly_name
GCA_965154605.1	Catocala promissa	WELLCOME SANGER INSTITUTE	PRJEB86087	10.12688/wellcomeopenres.26538.1		The genome sequence of the Light Crimson Underwing, Catocala promissa (Denis & Schiffermüller) , 1775 (Lepidoptera: Erebidae)	medium	organism_title
GCA_963675205.1	Catocala nupta	WELLCOME SANGER INSTITUTE	PRJEB69553	10.12688/wellcomeopenres.23621.1	40007687	The genome sequence of Red Underwing, Catocala nupta Linnaeus, 1767.	high	assembly_name
GCA_930367265.1	Catocala fraxini	WELLCOME SANGER INSTITUTE	PRJEB50839	10.12688/wellcomeopenres.17818.1		The genome sequence of the Clifden nonpareil, Catocala fraxini (Linnaeus, 1758)	medium	organism_title
GCA_963564715.1	Catocala sponsa	WELLCOME SANGER INSTITUTE	PRJEB67666	10.12688/wellcomeopenres.22759.1	39315356	The genome sequence of the Dark Crimson Underwing moth, Catocala sponsa Linnaeus, 1767.	high	assembly_name
GCA_965239635.1	Zethes insularis	WELLCOME SANGER INSTITUTE	PRJEB88335	10.12688/wellcomeopenres.25723.1	41798705	The genome sequence of Zethes insularis Rambur, 1833 (Lepidoptera: Erebidae).	high	assembly_name
GCA_965239655.1	Zethes insularis	WELLCOME SANGER INSTITUTE	PRJEB88336	10.12688/wellcomeopenres.25723.1	41798705	The genome sequence of Zethes insularis Rambur, 1833 (Lepidoptera: Erebidae).	high	assembly_name
GCA_905147015.1	Laspeyria flexula	Wellcome Sanger Institute	PRJEB41886	10.12688/wellcomeopenres.20351.1	39309423	The genome sequence of the Beautiful Hook-tip, Laspeyria flexula (Denis & Schiffermüller, 1775).	high	assembly_name
GCA_032191425.1	Lymantria dispar	Northeast Forestry University	PRJNA1014187	10.1038/s41597-023-02823-7	38092795	Chromosome-level genome assembly of the Asian spongy moths Lymantria dispar asiatica.	low	organism_title
GCA_963576585.1	Lymantria dispar	WELLCOME SANGER INSTITUTE	PRJEB68129	10.12688/wellcomeopenres.23626.1	41321364	The genome sequence of the Gypsy Moth, Lymantria dispar Linnaeus, 1758.	high	assembly_name
GCA_051943045.1	Lymantria xylina	Beijing Forestry University	PRJNA1287304	10.1038/s41597-026-06724-3	41639105	Chromosome-level genome assembly of the casuarina moth, Lymantria xylina Swinhoe (1903).	medium	organism_title
GCA_965178235.1	Euproctis chrysorrhoea	WELLCOME SANGER INSTITUTE	PRJEB86232	10.1038/s41597-025-06275-z	41381616	Chromosome level genome assembly of tea tussock moth, Euproctis pseudoconspersa.	low	organism_genus_title
GCA_905147225.2	Euproctis similis	Wellcome Sanger Institute	PRJEB41916	10.12688/wellcomeopenres.17188.2	34632092	The genome sequence of the yellow-tail moth, Euproctis similis (Fuessly, 1775).	high	assembly_name
GCA_965115965.1	Orgyia recens	WELLCOME SANGER INSTITUTE	PRJEB85103	10.12688/wellcomeopenres.25063.1	41589122	The genome sequence of the Scarce Vapourer, Orgyia recens (Hübner, 1819) (Lepidoptera: Erebidae).	high	assembly_name
GCA_916999025.1	Orgyia antiqua	WELLCOME SANGER INSTITUTE	PRJEB47958	10.12688/wellcomeopenres.19480.2	39464503	The genome sequence of the Vapourer moth, Orgyia antiqua (Linnaeus, 1758).	high	assembly_name
GCA_948253155.1	Leucoma salicis	WELLCOME SANGER INSTITUTE	PRJEB58973	10.12688/wellcomeopenres.19649.1	39268176	The genome sequence of the White Satin, Leucoma salicis (Linnaeus, 1758).	high	assembly_name
GCA_965615895.1	Calliteara pudibunda	WELLCOME SANGER INSTITUTE	PRJEB90970	10.12688/wellcomeopenres.25048.1	41797871	The genome sequence of the Pale Tussock moth, Calliteara pudibunda (Linnaeus, 1758) (Lepidoptera: Erebidae).	high	assembly_name
GCA_914767945.1	Eilema depressum	WELLCOME SANGER INSTITUTE	PRJEB47360	10.12688/wellcomeopenres.19808.1	39145283	The genome sequence of the Buff Footman, Eilema depressum (Esper, 1787).	high	assembly_name
GCA_963662185.1	Eilema griseolum	WELLCOME SANGER INSTITUTE	PRJEB68343	10.12688/wellcomeopenres.23966.1		The genome sequence of the Dingy Footman moth, Eilema griseolum (Hübner, 1803)	medium	organism_title
GCA_914829495.1	Eilema sororculum	WELLCOME SANGER INSTITUTE	PRJEB47353	10.12688/wellcomeopenres.19626.1	38434736	The genome sequence of the Orange Footman, Eilema sororcula (Hufnagel, 1766).	high	assembly_name
GCA_949126895.1	Eilema caniola	WELLCOME SANGER INSTITUTE	PRJEB59458	10.12688/wellcomeopenres.20574.1	38779146	The genome sequence of the Hoary Footman, Eilema caniola (Hübner, 1808).	high	assembly_name
GCA_965117225.1	Atolmis rubricollis	WELLCOME SANGER INSTITUTE	PRJEB85142	10.12688/wellcomeopenres.26265.1	42148442	The genome sequence of the Red-necked Footman, Atolmis rubricollis (Linnaeus, 1758) (Lepidoptera: Erebidae).	high	assembly_name
GCA_963576445.1	Lithosia quadra	WELLCOME SANGER INSTITUTE	PRJEB68101	10.12688/wellcomeopenres.23788.1	40302899	The genome sequence of the Four-spotted Footman moth, Lithosia quadra (Linnaeus, 1758).	high	assembly_name
GCA_948477245.1	Thumatha senex	WELLCOME SANGER INSTITUTE	PRJEB59342	10.12688/wellcomeopenres.19648.1	37663792	The genome sequence of the Round-winged Muslin, Thumatha senex (Hübner, 1804).	high	assembly_name
GCA_933228765.1	Miltochrista miniata	WELLCOME SANGER INSTITUTE	PRJEB51586	10.12688/wellcomeopenres.20505.1		The genome sequence of the Rosy Footman, Miltochrista miniata (Forster, 1771)	medium	organism_title
GCA_963556515.1	Nudaria mundana	WELLCOME SANGER INSTITUTE	PRJEB67491	10.12688/wellcomeopenres.22252.1	39411458	The genome sequence of the Muslin Footman moth, Nudaria mundana (Linnaeus, 1761).	high	assembly_name
GCA_965201015.1	Pelosia obtusa	WELLCOME SANGER INSTITUTE	PRJEB86874	10.12688/wellcomeopenres.26309.1		The genome sequence of the Small Dotted Footman, Pelosia obtusa (Herrich-Schäffer, 1847) (Lepidoptera: Erebidae)	medium	organism_title
GCA_963691645.1	Pelosia muscerda	WELLCOME SANGER INSTITUTE	PRJEB70583	10.12688/wellcomeopenres.23766.1	40078957	The genome sequence of the Dotted Footman moth, Pelosia muscerda (Hufnagel, 1767).	high	assembly_name
GCA_964277105.1	Setina aurita	WELLCOME SANGER INSTITUTE	PRJEB81349	10.12688/wellcomeopenres.25735.1		The genome sequence of Setina aurita (Esper, 1787) (Lepidoptera: Erebidae)	medium	organism_title
GCA_946251805.1	Cybosia mesomella	WELLCOME SANGER INSTITUTE	PRJEB55432	10.12688/wellcomeopenres.18745.1	37346820	The genome sequence of the Four-dotted Footman, Cybosia mesomella (Linnaeus, 1758).	high	assembly_name
GCA_964264495.1	Arctia caja	WELLCOME SANGER INSTITUTE	PRJEB80188	10.12688/wellcomeopenres.24634.1	41140634	The genome sequence of the Garden Tiger, Arctia caja (Linnaeus, 1758) (Lepidoptera: Erebidae).	high	assembly_name
GCA_965282705.1	Diacrisia sannio	WELLCOME SANGER INSTITUTE	PRJEB89485	10.12688/wellcomeopenres.25823.1	42148439	The genome sequence of the Clouded Buff, Diacrisia sannio (Linnaeus, 1758) (Lepidoptera: Erebidae).	high	assembly_name
GCA_932526445.1	Phragmatobia fuliginosa	WELLCOME SANGER INSTITUTE	PRJEB51385	10.12688/wellcomeopenres.19204.1	39219859	The genome sequence of the Ruby Tiger, Phragmatobia fuliginosa (Linnaeus, 1758).	high	assembly_name
GCA_905220595.1	Spilosoma lubricipeda	WELLCOME SANGER INSTITUTE	PRJEB42894	10.12688/wellcomeopenres.17190.1	34805552	The genome sequence of the white ermine, Spilosoma lubricipeda Linnaeus 1758.	high	assembly_name
GCA_964188045.1	Spilosoma urticae	WELLCOME SANGER INSTITUTE	PRJEB76723	10.12688/wellcomeopenres.26697.1		The genome sequence of the Water Ermine, Spilosoma urticae (Esper, 1789) (Lepidoptera: Erebidae)	medium	organism_title
GCA_949125395.1	Diaphora mendica	WELLCOME SANGER INSTITUTE	PRJEB59428	10.12688/wellcomeopenres.19540.1	38268612	The genome sequence of the Muslin moth, Diaphora mendica (Clerck, 1759).	high	assembly_name
GCA_916048165.1	Spilarctia lutea	WELLCOME SANGER INSTITUTE	PRJEB47509	10.12688/wellcomeopenres.19065.1	37621575	The genome sequence of the Buff Ermine, Spilarctia lutea (Hufnagel, 1766).	high	assembly_name
GCA_947561695.1	Tyria jacobaeae	WELLCOME SANGER INSTITUTE	PRJEB58132	10.12688/wellcomeopenres.19545.1		The genome sequence of the Cinnabar Moth, Tyria jacobaeae (Linnaeus, 1758)	medium	organism_title
GCA_949752705.1	Callimorpha dominula	WELLCOME SANGER INSTITUTE	PRJEB60859	10.12688/wellcomeopenres.20833.1	39233899	The genome sequence of the Scarlet Tiger moth, Callimorpha dominula (Linnaeus, 1758).	high	assembly_name
GCA_963859945.1	Euplagia quadripunctaria	WELLCOME SANGER INSTITUTE	PRJEB71318	10.12688/wellcomeopenres.23666.1	40027410	The genome sequence of the Jersey Tiger moth, Euplagia quadripunctaria (Poda, 1761).	high	assembly_name
GCA_964277295.1	Cymbalophora pudica	WELLCOME SANGER INSTITUTE	PRJEB81334	10.12688/wellcomeopenres.25822.1		The genome sequence of the Discrete Chaperon, Cymbalophora pudica (Esper, 1784) (Lepidoptera: Erebidae)	medium	organism_title
GCA_905475405.1	Schrankia costaestrigalis	WELLCOME SANGER INSTITUTE	PRJEB44055	10.12688/wellcomeopenres.19402.1	38779056	The genome sequence of the Pinion-streaked Snout, Schrankia costaestrigalis (Stephens, 1834).	high	assembly_name
GCA_963082885.1	Parascotia fuliginaria	WELLCOME SANGER INSTITUTE	PRJEB64838	10.12688/wellcomeopenres.23654.1		The genome sequence of the Waved Black moth, Parascotia fuliginaria (Linnaeus, 1761)	medium	organism_title
GCA_905147285.1	Hypena proboscidalis	Wellcome Sanger Institute	PRJEB41920	10.12688/wellcomeopenres.17189.1	36866281	The genome sequence of the snout, Hypena proboscidalis (Linnaeus, 1758).	high	assembly_name
GCA_964656525.1	Polypogon plumigeralis	WELLCOME SANGER INSTITUTE	PRJEB83430	10.12688/wellcomeopenres.25062.1	41458308	The genome sequence of the Plumed Fan-foot, Polypogon plumigeralis (Hübner, 1825) (Lepidoptera: Erebidae).	high	assembly_name
GCA_945859575.2	Herminia tarsipennalis	WELLCOME SANGER INSTITUTE	PRJEB54838	10.12688/wellcomeopenres.19543.1		The genome sequence of the Fan-foot, Herminia tarsipennalis (Treitschke, 1835)	medium	organism_title
GCA_905163495.3	Cosmia trapezina	Wellcome Sanger Institute	PRJEB42026	10.12688/wellcomeopenres.17925.1	37745777	The genome sequence of the dun-bar pinion, Cosmia trapezina (Linnaeus, 1758).	high	assembly_name
GCA_946251885.1	Cosmia pyralina	WELLCOME SANGER INSTITUTE	PRJEB55433	10.12688/wellcomeopenres.20148.1	39295890	The genome sequence of the Lunar-spotted Pinion, Cosmia pyralina (Denis & Schiffermüller, 1775).	high	assembly_name
GCA_914767815.1	Eupsilia transversa	WELLCOME SANGER INSTITUTE	PRJEB47366	10.12688/wellcomeopenres.18105.1	39131099	The genome sequence of the satellite, Eupsilia transversa (Hufnagel, 1766).	high	assembly_name
GCA_936450705.2	Protodeltote pygarga	WELLCOME SANGER INSTITUTE	PRJEB52081	10.12688/wellcomeopenres.20571.1	38867756	The genome sequence of the Marbled White Spot, Protodeltote pygarga (Hufnagel, 1766).	high	assembly_name
GCA_947459985.1	Diloba caeruleocephala	WELLCOME SANGER INSTITUTE	PRJEB57902	10.12688/wellcomeopenres.20497.1	39071793	The genome sequence of the Figure of Eight, Diloba caeruleocephala (Linnaeus, 1758).	high	assembly_name
GCA_916610205.1	Griposia aprilina	WELLCOME SANGER INSTITUTE	PRJEB47741	10.12688/wellcomeopenres.18122.1	36865376	The genome sequence of the merveille du jour, Griposia aprilina (Linnaeus, 1758).	high	assembly_name
GCA_948252095.1	Dicycla oo	WELLCOME SANGER INSTITUTE	PRJEB58968	10.12688/wellcomeopenres.19535.1	39092425	The genome sequence of the Heart Moth, Dicycla oo (Linnaeus 1758).	high	assembly_name
GCA_949629135.1	Eremobia ochroleuca	WELLCOME SANGER INSTITUTE	PRJEB60547	10.12688/wellcomeopenres.21226.1		The genome sequence of the Dusky Sallow, Eremobia ochroleuca (Denis & Schiffermüller) 1775	medium	organism_title
GCA_947523025.1	Dryobota labecula	WELLCOME SANGER INSTITUTE	PRJEB58008	10.12688/wellcomeopenres.19541.1	39569392	The genome sequence of the Oak Rustic, Dryobota labecula (Esper, 1788).	high	assembly_name
GCA_916610215.1	Omphaloscelis lunosa	WELLCOME SANGER INSTITUTE	PRJEB47743	10.12688/wellcomeopenres.20188.1		The genome sequence of the Lunar Underwing, Omphaloscelis lunosa (Haworth, 1809)	medium	organism_title
GCA_914767755.1	Agrochola circellaris	WELLCOME SANGER INSTITUTE	PRJEB47364	10.12688/wellcomeopenres.18894.1	41041439	The genome sequence of the Brick, Agrochola circellaris (Hufnagel, 1766).	high	assembly_name
GCA_949152395.1	Agrochola litura	WELLCOME SANGER INSTITUTE	PRJEB59853	10.12688/wellcomeopenres.20347.1	38798996	The genome sequence of the Brown-spot Pinion, Agrochola litura (Linnaeus, 1761).	high	assembly_name
GCA_947364205.1	Agrochola lota	WELLCOME SANGER INSTITUTE	PRJEB57643	10.12688/wellcomeopenres.19285.1		The genome sequence of the Red-line Quaker, Agrochola lota (Clerck, 1759)	medium	organism_title
GCA_963680765.1	Agrochola lychnidis	WELLCOME SANGER INSTITUTE	PRJEB70405	10.12688/wellcomeopenres.22465.1		The genome sequence of the Beaded Chestnut moth, Agrochola lychnidis (Denis & Schiffermüller) 1775	medium	organism_title
GCA_916701695.1	Agrochola macilenta	WELLCOME SANGER INSTITUTE	PRJEB47751	10.12688/wellcomeopenres.18912.1		The genome sequence of the Yellow-line Quaker, Agrochola macilenta (Hubner, 1809)	medium	organism_title
GCA_949128155.2	Xanthia icteritia	WELLCOME SANGER INSTITUTE	PRJEB59504	10.12688/wellcomeopenres.21623.1	41220592	The genome sequence of the Sallow moth, Xanthia icteritia (Hufnagel, 1766).	high	assembly_name
GCA_963853775.1	Xanthia togata	WELLCOME SANGER INSTITUTE	PRJEB70994	10.12688/wellcomeopenres.22456.1		The genome sequence of the Pink-barred Sallow moth, Xanthia togata Esper	medium	organism_title
GCA_964340415.1	Actinotia polyodon	WELLCOME SANGER INSTITUTE	PRJEB82491	10.12688/wellcomeopenres.25772.1	41696496	The genome sequence of the Purple Cloud, Actinotia polyodon (Clerck, 1759) (Lepidoptera: Noctuidae).	high	assembly_name
GCA_949774945.1	Hoplodrina ambigua	WELLCOME SANGER INSTITUTE	PRJEB60989	10.12688/wellcomeopenres.20905.1		The genome sequence of Vine’s Rustic moth, Hoplodrina ambigua (Denis & Schiffermüller, 1775)	medium	organism_title
GCA_964261375.1	Hoplodrina octogenaria	WELLCOME SANGER INSTITUTE	PRJEB79657	10.12688/wellcomeopenres.23983.1	40585004	The genome sequence of the Uncertain moth, Hoplodrina octogenaria (Goeze, 1781).	high	assembly_name
GCA_949316365.1	Hoplodrina blanda	WELLCOME SANGER INSTITUTE	PRJEB60120	10.12688/wellcomeopenres.22588.1		The genome sequence of the Smooth Rustic moth, Hoplodrina blanda ([Denis & Schiffermüller], 1775)	medium	organism_title
GCA_948465475.1	Thalpophila matura	WELLCOME SANGER INSTITUTE	PRJEB59125	10.12688/wellcomeopenres.20640.1		The genome sequence of the Straw Underwing, Thalpophila matura (Hufnagel, 1766)	medium	organism_title
GCA_947568875.1	Fissipunctia ypsillon	WELLCOME SANGER INSTITUTE	PRJEB58210	10.12688/wellcomeopenres.19524.1		The genome sequence of the Dingy Shears, Fissipunctia ypsillon (Denis & Schiffermüller, 1775)	medium	organism_title
GCA_947361185.1	Charanyca ferruginea	WELLCOME SANGER INSTITUTE	PRJEB57640	10.12688/wellcomeopenres.20137.1	39129912	The genome sequence of the Brown Rustic, Charanyca ferruginea (Esper, 1785).	high	assembly_name
GCA_965151675.1	Charanyca trigrammica	WELLCOME SANGER INSTITUTE	PRJEB85812	10.12688/wellcomeopenres.24867.1	41063755	The genome sequence of the Treble Lines, Charanyca trigrammica (Hufnagel, 1766) (Lepidoptera: Noctuidae).	high	assembly_name
GCA_947359405.1	Antitype chi	WELLCOME SANGER INSTITUTE	PRJEB57611	10.12688/wellcomeopenres.19288.1	37674877	The genome sequence of the Grey Chi, Antitype chi (Linnaeus, 1761).	high	assembly_name
GCA_932294355.1	Aporophyla lueneburgensis	WELLCOME SANGER INSTITUTE	PRJEB51288	10.12688/wellcomeopenres.19296.1	37396199	The genome sequence of the Northern Deep-brown Dart, Aporophyla lueneburgensis (Freyer, 1848).	high	assembly_name
GCA_947507805.1	Aporophyla nigra	WELLCOME SANGER INSTITUTE	PRJEB57863	10.12688/wellcomeopenres.19339.1	41025001	The genome sequence of the Black Rustic, Aporophyla nigra (Haworth, 1809).	high	assembly_name
GCA_905333075.3	Atethmia centrago	WELLCOME SANGER INSTITUTE	PRJEB43486	10.12688/wellcomeopenres.20651.1		The genome sequence of the Centre-barred Sallow, Atethmia centrago (Haworth, 1809)	medium	organism_title
GCA_937001585.2	Brachylomia viminalis	WELLCOME SANGER INSTITUTE	PRJEB52133	10.12688/wellcomeopenres.19538.1	38434742	The genome sequence of the Minor Shoulder-knot, Brachylomia viminalis (Fabricius, 1777).	high	assembly_name
GCA_917490735.1	Dryobotodes eremita	WELLCOME SANGER INSTITUTE	PRJEB48057	10.12688/wellcomeopenres.19300.2	41836070	The genome sequence of the Brindled Green, Dryobotodes eremita (Fabricius, 1775).	high	assembly_name
GCA_963669345.1	Gortyna flavago	WELLCOME SANGER INSTITUTE	PRJEB69250	10.12688/wellcomeopenres.24271.1		The genome sequence of the Frosted Orange moth, Gortyna flavago (Denis & Schiffermüller, 1775	medium	organism_title
GCA_965196665.1	Mormo maura	WELLCOME SANGER INSTITUTE	PRJEB86580	10.56179/001c.162581	42266644	The complete genome sequence of Apodemia mormo langei, Lange's Metalmark Butterfly.	low	organism_genus_title
GCA_964277095.1	Parastichtis suspecta	WELLCOME SANGER INSTITUTE	PRJEB81345	10.12688/wellcomeopenres.26587.1	42327690	The genome sequence of the Suspected, Parastichtis suspecta (Hübner, 1809) (Lepidoptera: Noctuidae).	high	assembly_name
GCA_949987655.1	Polymixis flavicincta	WELLCOME SANGER INSTITUTE	PRJEB61563	10.12688/wellcomeopenres.22918.1		The genome sequence of the Large Ranunculus moth, Polymixis flavicincta ([Denis & Schiffermüller], 1775)	medium	organism_title
GCA_949091785.1	Polymixis lichenea	WELLCOME SANGER INSTITUTE	PRJEB59339	10.12688/wellcomeopenres.20007.1	39114812	The genome sequence of the Feathered Ranunculus, Polymixis lichenea (Hübner, 1813).	high	assembly_name
GCA_948098905.1	Tiliacea aurago	WELLCOME SANGER INSTITUTE	PRJEB58770	10.12688/wellcomeopenres.21576.1		The genome sequence of the Barred Sallow moth, Tiliacea aurago ([Denis & Schiffermüller], 1775)	medium	organism_title
GCA_963921375.1	Tiliacea citrago	WELLCOME SANGER INSTITUTE	PRJEB71724	10.12688/wellcomeopenres.24261.1	41488260	The genome sequence of the Orange Sallow moth, Tiliacea citrago Linnaeus, 1758.	high	assembly_name
GCA_916614155.1	Mesoligia furuncula	WELLCOME SANGER INSTITUTE	PRJEB47754	10.12688/wellcomeopenres.19537.1	38855721	The genome sequence of the Cloaked Minor, Mesoligia furuncula (Denis & Schiffermüller, 1775).	high	assembly_name
GCA_965115895.1	Panemeria tenebrata	WELLCOME SANGER INSTITUTE		10.12688/wellcomeopenres.25826.1		The genome sequence of the Small Yellow Underwing, Panemeria tenebrata (Scopoli, 1763) (Lepidoptera: Noctuidae)	medium	organism_title
GCA_965115935.1	Panemeria tenebrata	WELLCOME SANGER INSTITUTE		10.12688/wellcomeopenres.25826.1		The genome sequence of the Small Yellow Underwing, Panemeria tenebrata (Scopoli, 1763) (Lepidoptera: Noctuidae)	medium	organism_title
GCA_958496365.1	Subacronicta megacephala	WELLCOME SANGER INSTITUTE		10.12688/wellcomeopenres.23371.1	39822595	The genome sequence of the Poplar Grey moth, Subacronicta megacephala (Denis & Schiffermüller, 1775).	high	assembly_name
GCA_965234005.1	Acronicta rumicis	WELLCOME SANGER INSTITUTE	PRJEB87982	10.12688/wellcomeopenres.24843.1		The genome sequence of the Knot Grass moth, Acronicta rumicis Linnaeus, 1758 (Lepidoptera: Noctuidae)	medium	organism_title
GCA_910591435.1	Acronicta aceris	WELLCOME SANGER INSTITUTE	PRJEB45450	10.12688/wellcomeopenres.17354.1	35028427	The genome sequence of the sycamore, Acronicta aceris (Linnaeus, 1758).	high	assembly_name
GCA_964056405.1	Acronicta alni	WELLCOME SANGER INSTITUTE	PRJEB75681	10.12688/wellcomeopenres.23704.1	40062319	The genome sequence of the Alder Moth, Acronicta alni (Linnaeus, 1767).	high	assembly_name
GCA_947256265.1	Acronicta leporina	WELLCOME SANGER INSTITUTE	PRJEB57243	10.12688/wellcomeopenres.18889.1	37954922	The genome sequence of the Miller, Acronicta leporina (Linnaeus, 1758).	high	assembly_name
GCA_946251955.1	Acronicta psi	WELLCOME SANGER INSTITUTE	PRJEB55458	10.12688/wellcomeopenres.18711.1	37363060	The genome sequence of the Grey Dagger, Acronicta psi (Linnaeus, 1758).	high	assembly_name
GCA_905163465.1	Craniophora ligustri	SC	PRJEB42029	10.12688/wellcomeopenres.18987.1		The genome sequence of the Coronet, Craniophora ligustri (Denis and Schiffermüller, 1775)	medium	organism_title
GCA_963891755.1	Pyrrhia umbra	WELLCOME SANGER INSTITUTE	PRJEB71342	10.12688/wellcomeopenres.24001.1	40917440	The genome sequence of the Bordered Sallow moth, Pyrrhia umbra (Hufnagel, 1766).	high	assembly_name
GCA_958496145.1	Heliothis peltigera	WELLCOME SANGER INSTITUTE	PRJEB64365	10.12688/wellcomeopenres.21221.1	39135756	The genome sequence of the Bordered Straw, Heliothis peltigera (Denis & Schiffermüller) 1775.	high	assembly_name
GCA_026262555.1	Helicoverpa armigera	Kangwon National University	PRJNA845102	10.12688/wellcomeopenres.22882.1	39386961	The genome sequence of the Cotton Bollworm moth, Helicoverpa armigera (Hübner, 1808).	low	organism_title
GCA_963930815.1	Helicoverpa armigera	WELLCOME SANGER INSTITUTE	PRJEB72184	10.12688/wellcomeopenres.22882.1	39386961	The genome sequence of the Cotton Bollworm moth, Helicoverpa armigera (Hübner, 1808).	high	assembly_name
GCA_040954515.1	Helicoverpa armigera conferta	Australian National University	PRJNA1074112	10.12688/wellcomeopenres.22882.1	39386961	The genome sequence of the Cotton Bollworm moth, Helicoverpa armigera (Hübner, 1808).	medium	organism_title
GCA_029618815.1	Helicoverpa assulta	Kangwon National University	PRJNA824551	10.1038/s41597-024-03264-6	38710675	A chromosome-level haplotype-resolved genome assembly of oriental tobacco budworm (Helicoverpa assulta).	low	organism_title
GCA_050947285.1	Helicoverpa assulta	Chinese Academy of Agricultural Sciences	PRJNA1215566	10.1038/s41597-024-03264-6	38710675	A chromosome-level haplotype-resolved genome assembly of oriental tobacco budworm (Helicoverpa assulta).	low	organism_title
GCA_050084585.1	Hermonassa cecilia	Chinese Academy of Agricultural Sciences	PRJNA1198691	10.1038/s41597-025-05340-x	40527919	A chromosome-level genome assembly of the Hermonassa cecilia (Lepidoptera: Noctuidae).	high	bioproject_text
GCA_949316385.1	Globia sparganii	WELLCOME SANGER INSTITUTE	PRJEB60138	10.12688/wellcomeopenres.20181.1	39417200	The genome sequence of the Webb's Wainscot, Globia sparganii (Esper, 1790).	high	assembly_name
GCA_914767645.1	Hydraecia micacea	WELLCOME SANGER INSTITUTE	PRJEB47367	10.12688/wellcomeopenres.17832.1	37953928	The genome sequence of the rosy rustic, Hydraecia micacea (Esper, 1789).	high	assembly_name
GCA_963082905.1	Oligia fasciuncula	WELLCOME SANGER INSTITUTE	PRJEB64834	10.12688/wellcomeopenres.22744.1	41079756	The genome sequence of the Middle-barred Minor moth, Oligia fasciuncula (Haworth, 1809).	high	assembly_name
GCA_948474745.1	Oligia latruncula	WELLCOME SANGER INSTITUTE	PRJEB59256	10.12688/wellcomeopenres.19640.1		The genome sequence of the Tawny Marbled Minor, Oligia latruncula (Denis & Schiffermüller, 1775)	medium	organism_title
GCA_951800025.1	Oligia strigilis	WELLCOME SANGER INSTITUTE	PRJEB62582	10.12688/wellcomeopenres.21679.1	39345345	The genome sequence of the Marbled Minor moth, Oligia strigilis (Linnaeus, 1758).	high	assembly_name
GCA_947508005.1	Amphipoea lucens	WELLCOME SANGER INSTITUTE	PRJEB57904	10.12688/wellcomeopenres.19287.1	37469855	The genome sequence of the Large Ear, Amphipoea lucens (Freyer, 1845).	high	assembly_name
GCA_945859645.1	Amphipoea oculea	WELLCOME SANGER INSTITUTE	PRJEB54834	10.12688/wellcomeopenres.19512.1		The genome sequence of the Ear Moth, Amphipoea oculea (Linnaeus, 1761)	medium	organism_title
GCA_963855955.1	Luperina nickerlii	WELLCOME SANGER INSTITUTE	PRJEB71120	10.12688/wellcomeopenres.22623.1	39450193	The genome sequence of the Sandhill Rustic moth Luperina nickerlii (Freyer, 1845) subspecies leechi Goater, 1976.	high	assembly_name
GCA_927399505.1	Luperina testacea	WELLCOME SANGER INSTITUTE	PRJEB49992	10.12688/wellcomeopenres.17816.1	39220242	The genome sequence of the flounced rustic, Luperina testacea (Denis & Schiffermüller, 1775).	high	assembly_name
GCA_945859715.1	Apamea sordens	WELLCOME SANGER INSTITUTE	PRJEB54844	10.12688/wellcomeopenres.18712.1	37736012	The genome sequence of the Rustic Shoulder-knot, Apamea sordens (Hufnagel, 1766).	high	assembly_name
GCA_949629185.1	Apamea crenata	WELLCOME SANGER INSTITUTE	PRJEB60549	10.12688/wellcomeopenres.20173.1		The genome sequence of the Clouded-bordered Brindle, Apamea crenata (Hufnagel, 1766)	medium	organism_title
GCA_911387795.2	Apamea monoglypha	WELLCOME SANGER INSTITUTE	PRJEB46430	10.12688/wellcomeopenres.18947.1	39129913	The genome sequence of the Dark Arches Apamea monoglypha (Hufnagel, 1766).	high	assembly_name
GCA_947507525.1	Apamea epomidion	WELLCOME SANGER INSTITUTE	PRJEB57958	10.12688/wellcomeopenres.22744.1	41079756	The genome sequence of the Middle-barred Minor moth, Oligia fasciuncula (Haworth, 1809).	high	assembly_name
GCA_965234015.1	Apamea lithoxylaea	WELLCOME SANGER INSTITUTE	PRJEB87985	10.12688/wellcomeopenres.24878.1	41523158	The genome sequence of the Light Arches, Apamea lithoxylaea (Denis & Schiffermüller), 1775 (Lepidoptera: Noctuidae).	high	assembly_name
GCA_964263905.1	Apamea sublustris	WELLCOME SANGER INSTITUTE	PRJEB80009	10.12688/wellcomeopenres.24882.1		The genome sequence of the Reddish Light Arches, Apamea sublustris (Esper) (Lepidoptera: Noctuidae)	medium	organism_title
GCA_951799955.1	Apamea anceps	WELLCOME SANGER INSTITUTE	PRJEB62593	10.12688/wellcomeopenres.20681.1	41064472	The genome sequence of the Large Nutmeg, Apamea anceps (Denis & Schiffermüller, 1775).	high	assembly_name
GCA_964662195.1	Photedes minima	WELLCOME SANGER INSTITUTE	PRJEB83790	10.12688/wellcomeopenres.24264.1	40703330	The genome sequence of the Small Dotted Buff moth, Photedes minima Haworth, 1809.	high	assembly_name
GCA_964194435.1	Anaplectoides prasina	WELLCOME SANGER INSTITUTE	PRJEB76968	10.12688/wellcomeopenres.24875.1		The genome sequence of the Green Arches, Anaplectoides prasina (Denis & Schiffermüller), 1775 (Lepidoptera: Noctuidae)	medium	organism_title
GCA_905220335.1	Noctua pronuba	Wellcome Sanger Institute	PRJEB42860	10.12688/wellcomeopenres.17747.1	36874564	The genome sequence of the large yellow underwing, Noctua pronuba (Linnaeus, 1758).	high	assembly_name
GCA_905163415.1	Noctua fimbriata	Wellcome Sanger Institute	PRJEB42035	10.12688/wellcomeopenres.17490.1		The genome sequence of the broad-bordered yellow underwing, Noctua fimbriata (Schreber, 1759)	medium	organism_title
GCA_963082995.1	Noctua comes	WELLCOME SANGER INSTITUTE	PRJEB64830	10.12688/wellcomeopenres.21223.1	39193399	The genome sequence of the Lesser Yellow Underwing, Noctua comes Hübner, 1813.	high	assembly_name
GCA_910589295.1	Noctua janthe	WELLCOME SANGER INSTITUTE	PRJEB45329	10.12688/wellcomeopenres.19412.1	37840885	The genome sequence of the Lesser Broad-bordered Yellow Underwing, Noctua janthe (Borkhausen, 1792).	high	assembly_name
GCA_963576755.1	Noctua janthina	WELLCOME SANGER INSTITUTE	PRJEB68122	10.12688/wellcomeopenres.23192.1	39554246	The genome sequence of Langmaid's Yellow Underwing moth, Noctua janthina (Denis & Schiffermüller) 1775.	high	assembly_name
GCA_958449745.1	Ochropleura leucogaster	WELLCOME SANGER INSTITUTE	PRJEB64181	10.12688/wellcomeopenres.23434.1	39866326	The genome sequence of Radford's Flame Shoulder, Ochropleura leucogaster (Freyer, 1831).	high	assembly_name
GCA_905475445.1	Ochropleura plecta	WELLCOME SANGER INSTITUTE	PRJEB44051	10.12688/wellcomeopenres.20187.1	38404636	The genome sequence of the Flame Shoulder, Ochropleura plecta (Linnaeus, 1761).	high	assembly_name
GCA_916618015.1	Xestia c-nigrum	WELLCOME SANGER INSTITUTE	PRJEB47753	10.12688/wellcomeopenres.18608.1	36865367	The genome sequence of the setaceous Hebrew character, Xestia c-nigrum, (Linnaeus, 1758).	high	assembly_name
GCA_963853795.1	Xestia rhomboidea	WELLCOME SANGER INSTITUTE	PRJEB70996	10.12688/wellcomeopenres.20499.1		The genome sequence of Ashworth’s Rustic, Xestia ashworthii (Doubleday, 1855)	low	organism_genus_title
GCA_950022955.1	Xestia ashworthii	WELLCOME SANGER INSTITUTE	PRJEB61562	10.12688/wellcomeopenres.20499.1	39157737	The genome sequence of Ashworth's Rustic, Xestia ashworthii (Doubleday, 1855).	high	assembly_name
GCA_964341255.1	Xestia baja	WELLCOME SANGER INSTITUTE	PRJEB82769	10.12688/wellcomeopenres.26827.1		The genome sequence of the Dotted Clay, Xestia baja (Schiffermuller, 1775) (Lepidoptera: Noctuidae)	medium	organism_title
GCA_964341265.1	Xestia baja	WELLCOME SANGER INSTITUTE	PRJEB82768	10.12688/wellcomeopenres.26827.1		The genome sequence of the Dotted Clay, Xestia baja (Schiffermuller, 1775) (Lepidoptera: Noctuidae)	medium	organism_title
GCA_965113115.1	Xestia castanea	WELLCOME SANGER INSTITUTE	PRJEB84940	10.12688/wellcomeopenres.26316.1	42148443	The genome sequence of the Neglected Rustic moth, Xestia castanea (Esper, 1798) (Lepidoptera: Noctuidae).	high	assembly_name
GCA_965113175.1	Xestia castanea	WELLCOME SANGER INSTITUTE	PRJEB84941	10.12688/wellcomeopenres.26316.1	42148443	The genome sequence of the Neglected Rustic moth, Xestia castanea (Esper, 1798) (Lepidoptera: Noctuidae).	high	assembly_name
GCA_905147715.2	Xestia xanthographa	Wellcome Sanger Institute	PRJEB41957	10.12688/wellcomeopenres.17538.1	36447758	The genome sequence of the square-spot rustic, Xestia xanthographa (Schiffermuller, 1775).	high	assembly_name
GCA_941918905.2	Xestia sexstrigata	WELLCOME SANGER INSTITUTE	PRJEB52671	10.12688/wellcomeopenres.19988.1	38779048	The genome sequence of the Six-striped Rustic, Xestia sexstrigata (Haworth, 1809).	high	assembly_name
GCA_949775195.1	Diarsia dahlii	WELLCOME SANGER INSTITUTE	PRJEB61023	10.12688/wellcomeopenres.22587.1	39290367	The genome sequence of the Barred Chestnut moth, Diarsia dahlii (Hübner, 1813).	high	assembly_name
GCA_949774965.1	Diarsia brunnea	WELLCOME SANGER INSTITUTE	PRJEB60986	10.12688/wellcomeopenres.22868.1	39309223	The genome sequence of the Purple Clay moth, Diarsia brunnea (Denis & Schiffermüller) 1775.	high	assembly_name
GCA_949316265.1	Diarsia mendica	WELLCOME SANGER INSTITUTE	PRJEB60132	10.12688/wellcomeopenres.20106.1	38333733	The genome sequence of the Ingrailed Clay, Diarsia mendica (Fabricius, 1775).	high	assembly_name
GCA_932274075.1	Diarsia rubi	WELLCOME SANGER INSTITUTE	PRJEB51191	10.12688/wellcomeopenres.19299.1	39211527	The genome sequence of the Small Square-spot, Diarsia rubi (Vieweg, 1790).	high	assembly_name
GCA_943136025.2	Agrotis puta	WELLCOME SANGER INSTITUTE	PRJEB52905	10.12688/wellcomeopenres.18934.1	38385124	The genome sequence of the Shuttle-shaped Dart, Agrotis puta (Hübner, 1803).	high	assembly_name
GCA_950005045.1	Agrotis exclamationis	WELLCOME SANGER INSTITUTE	PRJEB61585	10.12688/wellcomeopenres.23042.1	39444547	The genome sequence of the Heart and Dart moth, Agrotis exclamationis (Linnaeus, 1758).	high	assembly_name
GCA_954870645.1	Agrotis clavis	WELLCOME SANGER INSTITUTE	PRJEB63248	10.12688/wellcomeopenres.20125.1	39430044	The genome sequence of the Heart and Club moth, Agrotis clavis (Hufnagel, 1766).	high	assembly_name
GCA_950022335.1	Eurois occulta	WELLCOME SANGER INSTITUTE	PRJEB61551	10.12688/wellcomeopenres.23082.1		The genome sequence of the Great Brocade moth, Eurois occulta Linnaeus, 1758	medium	organism_title
GCA_965637095.1	Graphiphora augur	WELLCOME SANGER INSTITUTE	PRJEB91517	10.12688/wellcomeopenres.25068.1		The genome sequence of the Double Dart moth, Graphiphora augur (Fabricius, 1775) (Lepidoptera: Noctuidae)	medium	organism_title
GCA_950005105.1	Lycophotia porphyrea	WELLCOME SANGER INSTITUTE	PRJEB61622	10.12688/wellcomeopenres.22897.2	40115046	The genome sequence of the True Lover's Knot moth, Lycophotia porphyrea (Denis & Schiffermüller), 1775.	high	assembly_name
GCA_949152445.1	Cerastis rubricosa	WELLCOME SANGER INSTITUTE	PRJEB59852	10.12688/wellcomeopenres.20834.1	39290364	The genome sequence of the Red Chestnut moth, Cerastis rubricosa (Schiffermüller, 1775).	high	assembly_name
GCA_963082945.1	Cerastis leucographa	WELLCOME SANGER INSTITUTE	PRJEB64840	10.12688/wellcomeopenres.23103.1		The genome sequence of the White-marked moth, Cerastis leucographa (Denis & Schiffermüller) 1775	medium	organism_title
GCA_965112495.1	Egira conspicillaris	WELLCOME SANGER INSTITUTE	PRJEB84225	10.12688/wellcomeopenres.27283.1		The genome sequence of the Silver Cloud, Egira conspicillaris (Linnaeus, 1758) (Lepidoptera: Noctuidae)	medium	organism_title
GCA_949775005.1	Orthosia gothica	WELLCOME SANGER INSTITUTE	PRJEB60992	10.12688/wellcomeopenres.20904.1	39429633	The genome sequence of the Hebrew Character, Orthosia gothica (Linnaeus, 1758).	high	assembly_name
GCA_965111875.1	Orthosia cerasi	WELLCOME SANGER INSTITUTE	PRJEB84012	10.12688/wellcomeopenres.26626.1		The genome sequence of the Common Quaker, Orthosia cerasi (Fabricius, 1775) (Lepidoptera: Noctuidae)	medium	organism_title
GCA_964057195.1	Orthosia cruda	WELLCOME SANGER INSTITUTE	PRJEB75801	10.12688/wellcomeopenres.25395.1		The genome sequence of the Small Quaker, Orthosia cruda (Denis & Schiffermüller), 1775 (Lepidoptera: Noctuidae)	medium	organism_title
GCA_964057205.1	Orthosia cruda	WELLCOME SANGER INSTITUTE	PRJEB75800	10.12688/wellcomeopenres.25395.1		The genome sequence of the Small Quaker, Orthosia cruda (Denis & Schiffermüller), 1775 (Lepidoptera: Noctuidae)	medium	organism_title
GCA_948252205.1	Orthosia incerta	WELLCOME SANGER INSTITUTE	PRJEB58970	10.12688/wellcomeopenres.23308.1		The genome sequence of the Clouded Drab moth, Orthosia incerta Hufnagel, 1766	medium	organism_title
GCA_947562075.1	Orthosia gracilis	WELLCOME SANGER INSTITUTE	PRJEB58162	10.12688/wellcomeopenres.19644.1	37635752	The genome sequence of the Powdered Quaker, Orthosia gracilis (Schiffermüller, 1775).	high	assembly_name
GCA_033675125.1	Athetis lepigone	Chinese Academy of Agricultural Sciences	PRJNA1027120	10.1038/s41597-024-03136-z	38580759	The chromosomal-scale genome sequencing and assembly of Athetis lepigone.	medium	organism_title
GCA_932526535.1	Caradrina clavipalpis	WELLCOME SANGER INSTITUTE	PRJEB51393	10.12688/wellcomeopenres.18103.1	36998243	The genome sequence of the pale mottled willow, Caradrina clavipalpis (Scopoli, 1763).	high	assembly_name
GCA_947462355.1	Caradrina kadenii	WELLCOME SANGER INSTITUTE	PRJEB57907	10.12688/wellcomeopenres.19286.1	37829675	The genome sequence of Clancy's Rustic, Caradrina kadenii (Freyer, 1836).	high	assembly_name
GCA_964503575.1	Mythimna riparia	WELLCOME SANGER INSTITUTE	PRJEB83189	10.1038/s41597-025-04855-7	40164652	A high-quality chromosome-level genome assembly for the agricultural pest Mythimna separata.	low	organism_genus_title
GCA_020882275.1	Mythimna separata	China Agricultural University	PRJNA770155	10.3390/insects13121172	36555082	Reference Genome Sequences of the Oriental Armyworm, Mythimna separata (Lepidoptera: Noctuidae).	low	organism_title
GCA_026898235.1	Mythimna separata	Chinese Academy of Agricultural Sciences	PRJNA852781	10.3390/insects13121172	36555082	Reference Genome Sequences of the Oriental Armyworm, Mythimna separata (Lepidoptera: Noctuidae).	low	organism_title
GCA_030763345.1	Mythimna separata	Chinese Academy of Agricultural Sciences ; Hua Zhong agricultural university	PRJNA956592	10.3390/insects13121172	36555082	Reference Genome Sequences of the Oriental Armyworm, Mythimna separata (Lepidoptera: Noctuidae).	low	organism_title
GCA_048418785.1	Mythimna separata	Chinese Academy of Agricultural Sciences	PRJNA1194333	10.1038/s41597-025-04855-7	40164652	A high-quality chromosome-level genome assembly for the agricultural pest Mythimna separata.	high	bioproject_text
GCA_949319445.1	Mythimna lalbum	WELLCOME SANGER INSTITUTE	PRJEB60254	10.1038/s41597-023-02506-3	37684242	Chromosome level genome assembly of oriental armyworm Mythimna separata.	low	organism_genus_title
GCA_929112965.1	Mythimna albipuncta	WELLCOME SANGER INSTITUTE	PRJEB50661	10.12688/wellcomeopenres.20682.1	38911902	The genome sequence of the White-point, Mythimna albipuncta (Denis & Schiffermüller, 1775).	high	assembly_name
GCA_964503365.1	Mythimna conigera	WELLCOME SANGER INSTITUTE	PRJEB83186	10.12688/wellcomeopenres.26890.1		The genome sequence of the Brown-line Bright Eye, Mythimna conigera (Denis & Schiffermüller, 1775) (Lepidoptera: Noctuidae)	medium	organism_title
GCA_905147345.3	Mythimna impura	Wellcome Sanger Institute	PRJEB41924	10.12688/wellcomeopenres.18104.1		The genome sequence of the smoky wainscot, Mythimna impura (Hubner, 1808)	medium	organism_title
GCA_961205895.1	Mythimna pallens	WELLCOME SANGER INSTITUTE	PRJEB64611	10.12688/wellcomeopenres.23320.1	39649620	The genome sequence of the Common Wainscot moth, Mythimna pallens Linnaeus, 1758.	high	assembly_name
GCA_949316375.1	Mythimna vitellina	WELLCOME SANGER INSTITUTE	PRJEB60126	10.12688/wellcomeopenres.22620.1	39606614	The Genome Sequence of the Delicate moth, Mythimna vitellina (Hübner, [1808]).	high	assembly_name
GCA_910589285.2	Mythimna ferrago	WELLCOME SANGER INSTITUTE	PRJEB45327	10.12688/wellcomeopenres.17923.1	36051895	The genome sequence of the clay, Mythimna ferrago (Fabricius, 1787).	high	assembly_name
GCA_958295575.1	Leucania comma	WELLCOME SANGER INSTITUTE	PRJEB63663	10.12688/wellcomeopenres.23326.1	39664866	The genome sequence of the Shoulder-striped Wainscot moth, Leucania comma Linnaeus, 1761.	high	assembly_name
GCA_965615905.1	Leucania obsoleta	WELLCOME SANGER INSTITUTE	PRJEB90974	10.12688/wellcomeopenres.23326.1	39664866	The genome sequence of the Shoulder-striped Wainscot moth, Leucania comma Linnaeus, 1761.	low	organism_genus_title
GCA_951799385.1	Hyppa rectilinea	WELLCOME SANGER INSTITUTE	PRJEB62532	10.12688/wellcomeopenres.22883.1		The genome sequence of the Saxon moth, Hyppa rectilinea (Esper, 1788)	medium	organism_title
GCA_947386135.1	Melanchra persicariae	WELLCOME SANGER INSTITUTE	PRJEB57741	10.12688/wellcomeopenres.19410.1	41262554	The genome sequence of the Dot Moth, Melanchra persicariae (Linnaeus, 1761).	high	assembly_name
GCA_964291845.1	Polia bombycina	WELLCOME SANGER INSTITUTE		10.12688/wellcomeopenres.25812.1		The genome sequence of the Pale Shining Brown, Polia bombycina (Hufnagel, 1766) (Lepidoptera: Noctuidae)	medium	organism_title
GCA_951329385.1	Polia nebulosa	WELLCOME SANGER INSTITUTE	PRJEB61950	10.12688/wellcomeopenres.23608.1	40191529	The genome sequence of the Grey Arches moth, Polia nebulosa Hufnagel, 1766.	high	assembly_name
GCA_965194605.1	Saragossa porosa	WELLCOME SANGER INSTITUTE	PRJEB86456	10.12688/wellcomeopenres.25859.1		The genome sequence of the noctuid moth, Saragossa porosa (Eversmann, 1854) (Lepidoptera: Noctuidae)	medium	organism_title
GCA_921972225.1	Euplexia lucipara	WELLCOME SANGER INSTITUTE	PRJEB49080	10.12688/wellcomeopenres.20242.1	39193090	The genome sequence of the Small Angle Shades, Euplexia lucipara (Linnaeus, 1758).	high	assembly_name
GCA_905147745.2	Phlogophora meticulosa	Wellcome Sanger Institute	PRJEB41949	10.12688/wellcomeopenres.17757.1	36324701	The genome sequence of the angle shades moth, Phlogophora meticulosa (Linnaeus, 1758).	high	bioproject_text
GCA_905163435.1	Mamestra brassicae	Wellcome Sanger Institute	PRJEB42032	10.12688/wellcomeopenres.20165.1		The genome sequence of the Cabbage Moth, Mamestra brassicae (Linnaeus, 1758)	medium	organism_title
GCA_965260845.1	Lacanobia blenna	WELLCOME SANGER INSTITUTE	PRJEB88799	10.12688/wellcomeopenres.22912.1		The genome sequence of the Bright-line Brown-eye moth, Lacanobia oleracea Linnaeus, 1758	low	organism_genus_title
GCA_965277955.1	Lacanobia praedita	WELLCOME SANGER INSTITUTE	PRJEB89157	10.12688/wellcomeopenres.22912.1		The genome sequence of the Bright-line Brown-eye moth, Lacanobia oleracea Linnaeus, 1758	low	organism_genus_title
GCA_965278005.1	Lacanobia praedita	WELLCOME SANGER INSTITUTE	PRJEB89156	10.12688/wellcomeopenres.22912.1		The genome sequence of the Bright-line Brown-eye moth, Lacanobia oleracea Linnaeus, 1758	low	organism_genus_title
GCA_950371165.1	Lacanobia oleracea	WELLCOME SANGER INSTITUTE	PRJEB61762	10.12688/wellcomeopenres.22912.1		The genome sequence of the Bright-line Brown-eye moth, Lacanobia oleracea Linnaeus, 1758	medium	organism_title
GCA_947578705.1	Lacanobia wlatinum	WELLCOME SANGER INSTITUTE	PRJEB58275	10.12688/wellcomeopenres.19653.1	37663789	The genome sequence of the Light Brocade, Lacanobia w-latinum (Hufnagel, 1766).	high	assembly_name
GCA_943138885.2	Tholera decimalis	WELLCOME SANGER INSTITUTE	PRJEB52907	10.12688/wellcomeopenres.19395.1	37674876	The genome sequence of the Feathered Gothic, Tholera decimalis (Poda, 1761).	high	assembly_name
GCA_945859665.1	Anorthoa munda	WELLCOME SANGER INSTITUTE	PRJEB54840	10.12688/wellcomeopenres.19625.1		The genome sequence of the Twin-spotted Quaker, Anorthoa munda (Denis & Schiffermüller, 1775)	medium	organism_title
GCA_963859965.1	Ceramica pisi	WELLCOME SANGER INSTITUTE	PRJEB71319	10.12688/wellcomeopenres.23050.1	39554249	The genome sequence of the Broom moth, Ceramica pisi Linnaeus, 1758.	high	assembly_name
GCA_905332915.2	Hecatera dysodea	WELLCOME SANGER INSTITUTE	PRJEB43487	10.12688/wellcomeopenres.19067.1	38046193	The genome sequence of the Small Ranunculus, Hecatera dysodea (Denis & Schiffermüller, 1775).	high	assembly_name
GCA_964261395.1	Panolis flammea	WELLCOME SANGER INSTITUTE	PRJEB79668	10.12688/wellcomeopenres.24674.1	40969198	The genome sequence of the Pine Beauty, Panolis flammea (Denis & Schiffermüller), 1775 (Lepidoptera: Noctuidae).	high	assembly_name
GCA_947578425.1	Eugnorisma glareosa	WELLCOME SANGER INSTITUTE	PRJEB58272	10.12688/wellcomeopenres.19987.1	38779049	The genome sequence of the Autumnal Rustic, Eugnorisma glareosa (Esper, 1788).	high	assembly_name
GCA_964057025.1	Standfussiana lucernea	WELLCOME SANGER INSTITUTE	PRJEB75787	10.12688/wellcomeopenres.27388.1		The genome sequence of the Northern Rustic, Standfussiana lucernea (Linnaeus, 1758) (Lepidoptera: Noctuidae)	medium	organism_title
GCA_035079275.1	Sesamia inferens	Chinese Academy of Agricultural Sciences	PRJNA1052298	10.1038/s41597-024-02937-6	38272921	A chromosome-level genome assembly of Sesamia inferens.	low	organism_title
GCA_935421205.1	Xylocampa areola	WELLCOME SANGER INSTITUTE	PRJEB51929	10.12688/wellcomeopenres.18663.1	38037645	The genome sequence of the early grey, Xylocampa areola (Esper, 1789).	high	assembly_name
GCA_905220435.1	Amphipyra tragopoginis	WELLCOME SANGER INSTITUTE	PRJEB42877	10.12688/wellcomeopenres.18946.1	37363059	The genome sequence of the Mouse Moth, Amphipyra tragopoginis (Clerck 1759).	high	assembly_name
GCA_910594945.2	Amphipyra berbera	WELLCOME SANGER INSTITUTE	PRJEB45915	10.12688/wellcomeopenres.17350.1	39449730	The genome sequence of Svensson's copper underwing, Amphipyra berbera Rungs, 1949.	high	assembly_name
GCA_022315195.1	Spodoptera exigua	Qingdao Agricultural University	PRJNA723689	10.3390/ijms241713330	37686136	Investigating the Regulatory Mechanism of the Sesquiterpenol Nerolidol from a Plant on Juvenile Hormone-Related Genes in the Insect Spodoptera exigua.	high	bioproject_text
GCA_932294325.1	Allophyes oxyacanthae	WELLCOME SANGER INSTITUTE	PRJEB51276	10.12688/wellcomeopenres.18935.1	39148947	The genome sequence of the Green-brindled Crescent, Allophyes oxyacanthae (Linnaeus, 1758).	high	assembly_name
GCA_949699075.1	Asteroscopus sphinx	WELLCOME SANGER INSTITUTE	PRJEB60678	10.12688/wellcomeopenres.22920.2	39600925	The genome sequence of the Sprawler moth, Asteroscopus sphinx Hufnagel, 1766.	high	assembly_name
GCA_964276815.1	Polychrysia moneta	WELLCOME SANGER INSTITUTE	PRJEB81296	10.12688/wellcomeopenres.25811.1	41938267	The genome sequence of the Golden Plusia, Polychrysia moneta (Fabricius, 1787) (Lepidoptera: Noctuidae).	high	assembly_name
GCA_932294365.1	Diachrysia chrysitis	WELLCOME SANGER INSTITUTE	PRJEB51278	10.12688/wellcomeopenres.18990.1	37484482	The genome sequence of the Burnished Brass, Diachrysia chrysitis (Linnaeus, 1758).	high	assembly_name
GCA_905146925.1	Autographa gamma	Wellcome Sanger Institute	PRJEB41840	10.12688/wellcomeopenres.17758.1	38799510	The genome sequence of the silver Y moth, Autographa gamma (Linnaeus, 1758).	high	assembly_name
GCA_964264225.1	Autographa bractea	WELLCOME SANGER INSTITUTE	PRJEB80133	10.12688/wellcomeopenres.25784.1	41710118	The genome sequence of the Gold Spangle, Autographa bractea (Denis & Schiffermüller), 1775 (Lepidoptera: Noctuidae).	high	assembly_name
GCA_905475315.1	Autographa pulchrina	WELLCOME SANGER INSTITUTE	PRJEB44048	10.12688/wellcomeopenres.19840.1	39830091	The genome sequence of the Beautiful Golden Y, Autographa pulchrina (Haworth, 1809).	high	assembly_name
GCA_946251915.1	Abrostola triplasia	WELLCOME SANGER INSTITUTE	PRJEB55438	10.12688/wellcomeopenres.19624.1	37766851	The genome sequence of the Dark Spectacle, Abrostola triplasia (Linnaeus, 1758).	high	assembly_name
GCA_905340225.1	Abrostola tripartita	WELLCOME SANGER INSTITUTE	PRJEB43728	10.12688/wellcomeopenres.17355.1	35071799	The genome sequence of the spectacle, Abrostola tripartita Hufnagel, 1766.	high	assembly_name
GCA_041146325.1	Ctenoplusia agnata	Kangwon National University	PRJNA1132722	10.1002/ps.8949	40474494	Chromosome-level genome assembly of Ctenoplusia agnata and its potential application in Plusiinae pest management.	medium	organism_title
GCA_965154515.1	Macdunnoughia confusa	WELLCOME SANGER INSTITUTE	PRJEB86088	10.12688/wellcomeopenres.26094.1		The genome sequence of Dewick’s Plusia, Macdunnoughia confusa (Stephens, 1850) (Lepidoptera: Noctuidae)	medium	organism_title
GCA_950381575.1	Plusia festucae	WELLCOME SANGER INSTITUTE	PRJEB61766	10.12688/wellcomeopenres.23409.1	39925654	The genome sequence of the Gold Spot moth, Plusia festucae (Linnaeus, 1758).	high	assembly_name
GCA_965282385.1	Plusia putnami	WELLCOME SANGER INSTITUTE	PRJEB89451	10.12688/wellcomeopenres.23409.1	39925654	The genome sequence of the Gold Spot moth, Plusia festucae (Linnaeus, 1758).	low	organism_genus_title
GCA_965282475.1	Plusia putnami	WELLCOME SANGER INSTITUTE	PRJEB89452	10.12688/wellcomeopenres.23409.1	39925654	The genome sequence of the Gold Spot moth, Plusia festucae (Linnaeus, 1758).	low	organism_genus_title
GCA_941860345.1	Chrysodeixis includens	ROTHAMSTED RESEARCH	PRJEB38103	10.3390/toxins14090629	36136567	Towards Understanding the Function of Aegerolysins.	medium	bioproject_text
GCA_964260715.1	Euchalcia variabilis	WELLCOME SANGER INSTITUTE	PRJEB79395	10.12688/wellcomeopenres.24694.1		The genome sequence of the Purple-shaded Gem, Euchalcia variabilis (Piller & Mitterpacher, 1783) (Lepidoptera: Noctuidae)	medium	organism_title
GCA_965275965.1	Xylena vetusta	WELLCOME SANGER INSTITUTE	PRJEB89061	10.12688/wellcomeopenres.27382.1		The genome sequence of the Red Sword-grass moth, Xylena vetusta (Hubner, 1813) (Lepidoptera: Noctuidae)	medium	organism_title
GCA_948150665.1	Conistra vaccinii	WELLCOME SANGER INSTITUTE	PRJEB58875	10.12688/wellcomeopenres.20346.1	38634068	The genome sequence of the Chestnut, Conistra vaccinii (Linnaeus, 1761).	high	assembly_name
GCA_949152455.1	Lithophane leautieri	WELLCOME SANGER INSTITUTE	PRJEB59850	10.12688/wellcomeopenres.22610.1	39381070	The genome sequence of Blair's Shoulder-knot, Lithophane leautieri (Boisduval, 1829).	high	assembly_name
GCA_948473465.1	Lithophane ornitopus	WELLCOME SANGER INSTITUTE	PRJEB59314	10.12688/wellcomeopenres.21280.1	39664868	The genome sequence of the Grey Shoulder-knot, Lithophane ornitopus (Hufnagel, 1766).	high	assembly_name
GCA_947363905.1	Lithophane semibrunnea	WELLCOME SANGER INSTITUTE	PRJEB57646	10.12688/wellcomeopenres.23772.1		The genome sequence of the Tawny Pinion moth, Lithophane semibrunnea Haworth, 1809	medium	organism_title
GCA_947522985.1	Lithophane socia	WELLCOME SANGER INSTITUTE	PRJEB58010	10.12688/wellcomeopenres.20645.1		The genome sequence of the Pale Pinion, Lithophane socia (Hufnagel, 1766)	medium	organism_title
GCA_963555695.1	Dasypolia templi	WELLCOME SANGER INSTITUTE	PRJEB66511	10.12688/wellcomeopenres.23054.1	39484641	The genome sequence of the Brindled Ochre moth, Dasypolia templi (Thunberg, 1792).	high	assembly_name
GCA_964277625.1	Shargacucullia prenanthis	WELLCOME SANGER INSTITUTE	PRJEB81416	10.12688/wellcomeopenres.25732.1		The genome sequence of the False Water Betony, Shargacucullia prenanthis (Boisduval, 1840) (Lepidoptera: Noctuidae)	medium	organism_title
GCA_964273835.1	Shargacucullia scrophulariae	WELLCOME SANGER INSTITUTE	PRJEB80793	10.12688/wellcomeopenres.25730.1		The genome sequence of the Water Betony, Shargacucullia scrophulariae (Denis & Schiffermüller), 1775 (Lepidoptera: Noctuidae)	medium	organism_title
GCA_947562105.1	Shargacucullia verbasci	WELLCOME SANGER INSTITUTE	PRJEB58167	10.12688/wellcomeopenres.19757.1	39165692	The genome sequence of the Mullein moth, Shargacucullia verbasci (Linnaeus, 1758).	high	assembly_name
GCA_965285835.1	Colocasia coryli	WELLCOME SANGER INSTITUTE	PRJEB89764	10.12688/wellcomeopenres.25394.1	41623504	The genome sequence of the Nut-tree Tussock moth, Colocasia coryli (Linnaeus, 1758) (Lepidoptera: Noctuidae).	high	assembly_name
GCA_947095525.1	Trisateles emortualis	WELLCOME SANGER INSTITUTE	PRJEB56843	10.12688/wellcomeopenres.20836.1	40012989	The genome sequence of the Olive Crescent, Trisateles emortualis (Denis & Schiffermüller, 1775).	high	assembly_name
GCA_964291695.1	Emmelia trabealis	WELLCOME SANGER INSTITUTE	PRJEB81532	10.12688/wellcomeopenres.25825.1	42238845	The genome sequence of the Spotted Sulphur, Emmelia trabealis (Scopoli, 1763) (Lepidoptera: Noctuidae).	high	assembly_name
GCA_965194355.1	Lycaena thersamon	WELLCOME SANGER INSTITUTE	PRJEB86450	10.12688/wellcomeopenres.25978.1		The genome sequence of the Lesser Fiery Copper, Lycaena thersamon (Esper, 1784) (Lepidoptera: Lycaenidae)	medium	organism_title
GCA_964273875.1	Lycaena alciphron	WELLCOME SANGER INSTITUTE	PRJEB80787	10.12688/wellcomeopenres.24617.1	41179917	The genome sequence of the Purple-shot Copper, Lycaena alciphron (von Rottemburg, 1775) (Lepidoptera: Lycaenidae).	high	assembly_name
GCA_905333005.2	Lycaena phlaeas	WELLCOME SANGER INSTITUTE	PRJEB43473	10.12688/wellcomeopenres.17289.1		The genome sequence of the small copper, Lycaena phlaeas (Linnaeus, 1760)	medium	organism_title
GCA_964263885.1	Lycaena virgaureae	WELLCOME SANGER INSTITUTE	PRJEB80015	10.12688/wellcomeopenres.24748.1	40949820	The genome sequence of the Scarce Copper, Lycaena virgaureae (Linnaeus, 1758) (Lepidoptera: Lycaenidae).	high	assembly_name
GCA_964264015.1	Lycaena hippothoe	WELLCOME SANGER INSTITUTE	PRJEB80018	10.12688/wellcomeopenres.24747.1	41140632	The genome sequence of the Purple-edged Copper, Lycaena hippothoe (Lepidoptera: Lycaenidae).	high	assembly_name
GCA_964264505.1	Helleia helle	WELLCOME SANGER INSTITUTE	PRJEB80182	10.12688/wellcomeopenres.24699.1	40949817	The genome sequence of the Violet Copper, Helleia helle (Denis & Schiffermüller), 1776 (Lepidoptera: Lycaenidae).	high	assembly_name
GCA_964273475.1	Agriades optilete	WELLCOME SANGER INSTITUTE	PRJEB80770	10.12688/wellcomeopenres.25777.1		The genome sequence of the Cranberry Blue, Agriades optilete (Knoch, 1781) (Lepidoptera: Lycaenidae)	medium	organism_title
GCA_964264435.1	Kretania trappi	WELLCOME SANGER INSTITUTE	PRJEB80179	10.12688/wellcomeopenres.24703.1	41019572	The genome sequence of the Alpine Zephyr Blue, Kretania trappi (Verity, 1927) (Lepidoptera: Lycaenidae).	high	assembly_name
GCA_905333045.1	Lysandra bellargus	WELLCOME SANGER INSTITUTE	PRJEB43476	10.12688/wellcomeopenres.18330.1	37065725	The genome sequence of the Adonis blue, Lysandra bellargus (Rottemburg, 1775).	high	assembly_name
GCA_905220515.1	Lysandra coridon	WELLCOME SANGER INSTITUTE	PRJEB42886	10.12688/wellcomeopenres.19253.1	38770266	The genome sequence of the Chalkhill Blue, Lysandra coridon (Poda, 1761).	high	assembly_name
GCA_905187585.1	Cyaniris semiargus	Wellcome Sanger Institute	PRJEB41908	10.12688/wellcomeopenres.19362.1	38779052	The genome sequence of the Mazarine Blue, Cyaniris semiargus (Rottemburg, 1775).	high	assembly_name
GCA_965178665.1	Glaucopsyche melanops	WELLCOME SANGER INSTITUTE	PRJEB86330	10.56179/001c.162804	42358660	The complete Genome Sequence of Glaucopsyche lygdamus palosverdesensis, Palos Verdes Blue Butterfly.	low	organism_genus_title
GCA_905404095.1	Glaucopsyche alexis	WELLCOME SANGER INSTITUTE	PRJEB43992	10.12688/wellcomeopenres.17264.1	37457428	The genome sequence of the green-underside blue, Glaucopsyche alexis (Poda, 1761).	high	assembly_name
GCA_905404155.3	Plebejus argus	WELLCOME SANGER INSTITUTE	PRJEB44005	10.12688/wellcomeopenres.18607.1	36874580	The genome sequence of the silver-studded blue, Plebejus argus (Linnaeus, 1758).	high	assembly_name
GCA_964271655.1	Polyommatus szabokyi	WELLCOME SANGER INSTITUTE	PRJEB80718	10.12688/wellcomeopenres.18772.1	39949385	The genome sequence of the Common Blue, Polyommatus icarus (Rottemburg, 1775).	low	organism_genus_title
GCA_937595015.1	Polyommatus icarus	WELLCOME SANGER INSTITUTE	PRJEB52237	10.12688/wellcomeopenres.18772.1	39949385	The genome sequence of the Common Blue, Polyommatus icarus (Rottemburg, 1775).	high	assembly_name
GCA_963422495.1	Polyommatus iphigenia	WELLCOME SANGER INSTITUTE	PRJEB65834	10.12688/wellcomeopenres.18772.1	39949385	The genome sequence of the Common Blue, Polyommatus icarus (Rottemburg, 1775).	low	organism_genus_title
GCA_965230855.1	Polyommatus atlantica	WELLCOME SANGER INSTITUTE	PRJEB86334	10.1101/2025.03.14.642909		The 229 chromosomes of the Atlas blue butterfly reveal rules constraining chromosome evolution in Lepidoptera	medium	assembly_name
GCA_964396525.1	Eumedonia eumedon	WELLCOME SANGER INSTITUTE	PRJEB83015	10.12688/wellcomeopenres.25878.1		The genome sequence of the Geranium argus, Eumedonia eumedon (Esper, 1780) (Lepidoptera: Lycaenidae)	medium	organism_title
GCA_964258695.1	Albulina orbitula	WELLCOME SANGER INSTITUTE	PRJEB79476	10.12688/wellcomeopenres.24607.1	41140636	The genome sequence of the Alpine Blue, Agriades orbitulus (de Prunner, 1798) (Lepidoptera: Lycaenidae).	high	assembly_name
GCA_965112865.1	Leptotes pirithous	WELLCOME SANGER INSTITUTE	PRJEB84410	10.12688/wellcomeopenres.25846.1		The genome sequence of the Common Zebra Blue butterfly, Leptotes pirithous (Linnaeus, 1767) (Lepidoptera: Lycaenidae)	medium	organism_title
GCA_965112425.1	Cupido osiris	WELLCOME SANGER INSTITUTE	PRJEB84220	10.12688/wellcomeopenres.25821.1	41798706	The genome sequence of the Osiris Blue, Cupido osiris (Meigen, 1830) (Lepidoptera: Lycaenidae).	high	assembly_name
GCA_965195375.1	Cupido minimus	WELLCOME SANGER INSTITUTE	PRJEB86500	10.12688/wellcomeopenres.25791.1	41769332	The genome sequence of the Provençal Short-tailed Blue, Cupido alcetas (Hoffmannsegg, 1804) (Lepidoptera: Lycaenidae).	low	organism_genus_title
GCA_964277285.1	Cupido argiades	WELLCOME SANGER INSTITUTE	PRJEB81331	10.12688/wellcomeopenres.25796.1	41815329	The genome sequence of the Short-tailed Blue, Cupido argiades (Pallas, 1771) (Lepidoptera: Lycaenidae).	high	assembly_name
GCA_964656375.1	Cupido alcetas	WELLCOME SANGER INSTITUTE	PRJEB83425	10.12688/wellcomeopenres.25791.1	41769332	The genome sequence of the Provençal Short-tailed Blue, Cupido alcetas (Hoffmannsegg, 1804) (Lepidoptera: Lycaenidae).	high	assembly_name
GCA_963565745.1	Phengaris arion	WELLCOME SANGER INSTITUTE	PRJEB67669	10.12688/wellcomeopenres.22984.1		The genome sequence of the Large Blue butterfly, Phengaris (Maculinea) arion (Linnaeus, 1758)	low	organism_genus_title
GCA_964345685.1	Scolitantides orion	WELLCOME SANGER INSTITUTE	PRJEB82914	10.12688/wellcomeopenres.25806.1		The genome sequence of the Chequered Blue, Scolitantides orion (Pallas, 1771) (Lepidoptera: Lycaenidae)	medium	organism_title
GCA_905187575.2	Celastrina argiolus	Wellcome Sanger Institute	PRJEB41907	10.12688/wellcomeopenres.17478.1	35028429	The genome sequence of the holly blue, Celastrina argiolus (Linnaeus, 1758).	medium	bioproject_text
GCA_964338945.1	Aricia morronensis	WELLCOME SANGER INSTITUTE	PRJEB82340	10.12688/wellcomeopenres.24618.1		The genome sequence of the Spanish Argus, Aricia morronensis (Ribbe, 1910) (Lepidoptera: Lycaenidae)	medium	organism_title
GCA_964341205.1	Aricia cramera	WELLCOME SANGER INSTITUTE	PRJEB82712	10.12688/wellcomeopenres.19784.1	38404635	The genome sequence of the Brown Argus, Aricia agestis (Denis & Schiffermüller, 1775).	low	organism_genus_title
GCA_964270965.2	Aricia nicias	WELLCOME SANGER INSTITUTE	PRJEB80603	10.12688/wellcomeopenres.25737.1		The genome sequence of the Silvery Argus, Aricia nicias (Meigen, 1830) (Lepidoptera: Lycaenidae)	medium	organism_title
GCA_964271005.2	Aricia nicias	WELLCOME SANGER INSTITUTE	PRJEB80602	10.12688/wellcomeopenres.25737.1		The genome sequence of the Silvery Argus, Aricia nicias (Meigen, 1830) (Lepidoptera: Lycaenidae)	medium	organism_title
GCA_937612035.1	Aricia artaxerxes	WELLCOME SANGER INSTITUTE	PRJEB52239	10.12688/wellcomeopenres.18664.1	37389324	The genome sequence of the northern brown argus, Aricia artaxerxes (Fabricius, 1793).	high	assembly_name
GCA_944452695.1	Aricia agestis	WELLCOME SANGER INSTITUTE	PRJEB53640	10.12688/wellcomeopenres.19784.1	38404635	The genome sequence of the Brown Argus, Aricia agestis (Denis & Schiffermüller, 1775).	high	assembly_name
GCA_965178345.1	Satyrium ilicis	WELLCOME SANGER INSTITUTE	PRJEB86238	10.12688/wellcomeopenres.24619.1	40931742	The genome sequence of the Black Hairstreak, Satyrium pruni (Linnaeus, 1758) (Lepidoptera: Lycaenidae).	low	organism_genus_title
GCA_964274205.1	Satyrium pruni	WELLCOME SANGER INSTITUTE	PRJEB80846	10.12688/wellcomeopenres.24619.1	40931742	The genome sequence of the Black Hairstreak, Satyrium pruni (Linnaeus, 1758) (Lepidoptera: Lycaenidae).	high	assembly_name
GCA_965153325.1	Tomares ballus	WELLCOME SANGER INSTITUTE	PRJEB85965	10.12688/wellcomeopenres.25725.1	41710119	The genome sequence of the Provence Hairstreak, Tomares ballus (Fabricius, 1787) (Lepidoptera: Lycaenidae).	high	assembly_name
GCA_964271765.1	Limenitis reducta	WELLCOME SANGER INSTITUTE	PRJEB80716	10.12688/wellcomeopenres.25845.1	42078575	The genome sequence of the Southern White Admiral, Limenitis reducta (Staudinger, 1901) (Lepidoptera: Nymphalidae).	high	assembly_name
GCA_964341245.1	Limenitis populi	WELLCOME SANGER INSTITUTE	PRJEB82767	10.12688/wellcomeopenres.24725.2	41728381	The genome sequence of the Poplar Admiral, Limenitis populi (Linnaeus, 1758) (Lepidoptera: Nymphalidae).	high	assembly_name
GCA_905147385.1	Limenitis camilla	Wellcome Sanger Institute	PRJEB41923	10.12688/wellcomeopenres.18594.1	37781634	The genome sequence of the white admiral, Limenitis camilla (Linnaeus, 1764).	high	assembly_name
GCA_918358695.1	Melinaea menophilus n. ssp. AW-2005	WELLCOME SANGER INSTITUTE		10.1111/1755-0998.13749	36533297	First chromosome scale genomes of ithomiine butterflies (Nymphalidae: Ithomiini): Comparative models for mimicry genetic studies.	high	assembly_name
GCA_959347415.1	Mechanitis messenoides	WELLCOME SANGER INSTITUTE	PRJEB64460	10.1101/2025.06.26.661542		Genetic parallelism underpins convergent mimicry coloration across Lepidoptera	medium	assembly_name
GCA_964270775.1	Boloria aquilonaris	WELLCOME SANGER INSTITUTE	PRJEB80604	10.12688/wellcomeopenres.24620.1	40786598	The genome sequence of the Cranberry Fritillary, Boloria aquilonaris (Stichel, 1908) (Lepidoptera: Nymphalidae).	high	assembly_name
GCA_966096485.1	Boloria eunomia	WELLCOME SANGER INSTITUTE	PRJEB95789	10.12688/wellcomeopenres.24620.1		The genome sequence of the Cranberry Fritillary, Boloria aquilonaris (Stichel, 1908) (Lepidoptera: Nymphalidae)	low	organism_genus_title
GCA_951802675.2	Boloria euphrosyne	WELLCOME SANGER INSTITUTE	PRJEB62666	10.12688/wellcomeopenres.21586.1	39386964	The genome sequence of the Pearl-bordered Fritillary, Boloria euphrosyne (Linnaeus, 1758).	high	assembly_name
GCA_964275235.1	Boloria pales	WELLCOME SANGER INSTITUTE	PRJEB81124	10.12688/wellcomeopenres.24642.1		The genome sequence of the Shepherd’s Fritillary, Boloria pales (Denis & Schiffermüller), 1775 (Lepidoptera: Nymphalidae)	medium	organism_title
GCA_905231865.2	Boloria selene	WELLCOME SANGER INSTITUTE	PRJEB43009	10.12688/wellcomeopenres.17734.1	36507315	The genome sequence of the small pearl-bordered fritillary butterfly, Boloria selene (Schiffermüller, 1775).	high	assembly_name
GCA_964264805.1	Boloria dia	WELLCOME SANGER INSTITUTE	PRJEB80294	10.12688/wellcomeopenres.24636.1		The genome sequence of the Violet Fritillary, Boloria dia (Linnaeus, 1767) (Lepidoptera: Nymphalidae)	medium	organism_title
GCA_964273495.1	Boloria freija	WELLCOME SANGER INSTITUTE	PRJEB80772	10.12688/wellcomeopenres.24620.1		The genome sequence of the Cranberry Fritillary, Boloria aquilonaris (Stichel, 1908) (Lepidoptera: Nymphalidae)	low	organism_genus_title
GCA_964273715.1	Boloria frigga	WELLCOME SANGER INSTITUTE	PRJEB80783	10.12688/wellcomeopenres.24620.1		The genome sequence of the Cranberry Fritillary, Boloria aquilonaris (Stichel, 1908) (Lepidoptera: Nymphalidae)	low	organism_genus_title
GCA_964270595.1	Boloria titania	WELLCOME SANGER INSTITUTE	PRJEB80611	10.12688/wellcomeopenres.24643.1	41146894	The genome sequence of the Titania's Fritillary, Boloria titania (Esper, 1793) (Lepidoptera: Nymphalidae).	high	assembly_name
GCA_964338675.1	Boloria thore	WELLCOME SANGER INSTITUTE	PRJEB82308	10.12688/wellcomeopenres.24638.1	41458311	The genome sequence of the Thor's Fritillary, Boloria thore (Hübner, 1803) (Lepidoptera: Nymphalidae).	high	assembly_name
GCA_964332085.1	Boloria caucasica	WELLCOME SANGER INSTITUTE	PRJEB82220	10.12688/wellcomeopenres.24620.1		The genome sequence of the Cranberry Fritillary, Boloria aquilonaris (Stichel, 1908) (Lepidoptera: Nymphalidae)	low	organism_genus_title
GCA_964270575.1	Issoria lathonia	WELLCOME SANGER INSTITUTE	PRJEB80617	10.12688/wellcomeopenres.24702.1	41000327	The genome sequence of the Queen of Spain Fritillary, Issoria lathonia (Linnaeus, 1758) (Lepidoptera: Nymphalidae).	high	assembly_name
GCA_964264515.1	Argynnis paphia	WELLCOME SANGER INSTITUTE	PRJEB80185	10.12688/wellcomeopenres.24635.1	40949819	The genome sequence of the Silver-washed Fritillary, Argynnis paphia (Linnaeus, 1758) (Lepidoptera: Nymphalidae).	high	assembly_name
GCA_964340695.1	Argynnis pandora	WELLCOME SANGER INSTITUTE	PRJEB82576	10.12688/wellcomeopenres.25722.1		The genome sequence of the Cardinal, Argynnis pandora (Denis & Schiffermüller, 1775) (Lepidoptera: Nymphalidae)	medium	organism_title
GCA_947093115.1	Brenthis daphne	UNIVERSITY OF EDINBURGH	PRJEB56310	10.1093/g3journal/jkac069	35348678	The genome sequence of the lesser marbled fritillary, Brenthis ino, and evidence for a segregating neo-Z chromosome.	low	organism_genus_title
GCA_951806755.1	Brenthis hecate	UNIVERSITY OF EDINBURGH	PRJEB62818	10.1093/g3journal/jkac069	35348678	The genome sequence of the lesser marbled fritillary, Brenthis ino, and evidence for a segregating neo-Z chromosome.	low	organism_genus_title
GCA_905404265.1	Fabriciana adippe	WELLCOME SANGER INSTITUTE	PRJEB43990	10.12688/wellcomeopenres.18569.1	37224319	The genome sequence of the high brown fritillary, Fabriciana adippe (Dennis & Schiffermüller, 1775).	high	assembly_name
GCA_964144555.1	Heliconius congener	WELLCOME SANGER INSTITUTE	PRJEB76201	10.1093/gbe/evag171	42433034	de novo Assembly of five Highly Contiguous Heliconius Butterfly Genomes With Long-Read Sequencing Alone.	low	organism_genus_title
GCA_964146825.1	Heliconius congener	WELLCOME SANGER INSTITUTE	PRJEB76202	10.1093/gbe/evag171	42433034	de novo Assembly of five Highly Contiguous Heliconius Butterfly Genomes With Long-Read Sequencing Alone.	low	organism_genus_title
GCA_964147245.1	Heliconius sapho	WELLCOME SANGER INSTITUTE	PRJEB76212	10.1093/gbe/evag171	42433034	de novo Assembly of five Highly Contiguous Heliconius Butterfly Genomes With Long-Read Sequencing Alone.	low	organism_genus_title
GCA_964194475.1	Heliconius sapho	WELLCOME SANGER INSTITUTE	PRJEB76211	10.1093/gbe/evag171	42433034	de novo Assembly of five Highly Contiguous Heliconius Butterfly Genomes With Long-Read Sequencing Alone.	low	organism_genus_title
GCA_964145975.1	Heliconius antiochus	WELLCOME SANGER INSTITUTE	PRJEB76204	10.1093/gbe/evag171	42433034	de novo Assembly of five Highly Contiguous Heliconius Butterfly Genomes With Long-Read Sequencing Alone.	low	organism_genus_title
GCA_964258735.1	Araschnia levana	WELLCOME SANGER INSTITUTE	PRJEB79474	10.12688/wellcomeopenres.24633.1	40904417	The genome sequence of the Map, Araschnia levana (Linnaeus, 1758) (Lepidoptera: Nymphalidae).	high	assembly_name
GCA_905220365.2	Vanessa cardui	WELLCOME SANGER INSTITUTE	PRJEB42869	10.12688/wellcomeopenres.17358.1	37008186	The genome sequence of the painted lady, Vanessa cardui Linnaeus 1758.	high	assembly_name
GCA_037043175.1	Vanessa tameamea	United States Department of Agriculture	PRJNA1029239	10.22541/au.173470779.97962199/v1		Genomic analysis of Vanessa tameamea, the threatened Hawaiian endemic butterfly, reveals population genetic structure relevant to conservation efforts	medium	organism_title
GCA_905147175.2	Nymphalis urticae	Wellcome Sanger Institute	PRJEB41896	10.12688/wellcomeopenres.17196.1	35528734	The genome sequence of the large tortoiseshell, Nymphalis polychloros (Linnaeus, 1758).	low	organism_genus_title
GCA_963151315.1	Nymphalis c-album	WELLCOME SANGER INSTITUTE	PRJEB64888	10.12688/wellcomeopenres.24676.1	41019575	The genome sequence of the Camberwell Beauty, Nymphalis antiopa (Linnaeus, 1758) (Lepidoptera: Nymphalidae).	low	organism_genus_title
GCA_905220585.2	Nymphalis polychloros	WELLCOME SANGER INSTITUTE	PRJEB42893	10.12688/wellcomeopenres.17196.1	35528734	The genome sequence of the large tortoiseshell, Nymphalis polychloros (Linnaeus, 1758).	high	assembly_name
GCA_964258955.1	Nymphalis antiopa	WELLCOME SANGER INSTITUTE	PRJEB79510	10.12688/wellcomeopenres.24676.1	41019575	The genome sequence of the Camberwell Beauty, Nymphalis antiopa (Linnaeus, 1758) (Lepidoptera: Nymphalidae).	high	assembly_name
GCA_965226145.1	Euphydryas aurinia	WELLCOME SANGER INSTITUTE	PRJEB83070	10.12688/wellcomeopenres.24696.1	41312299	The genome sequence of Cynthia's Fritillary, Euphydryas cynthia (Dennis & Schiffermüller), 1775 (Lepidoptera: Nymphalidae).	low	organism_genus_title
GCA_964274225.1	Euphydryas cynthia	WELLCOME SANGER INSTITUTE	PRJEB80847	10.12688/wellcomeopenres.24696.1	41312299	The genome sequence of Cynthia's Fritillary, Euphydryas cynthia (Dennis & Schiffermüller), 1775 (Lepidoptera: Nymphalidae).	high	assembly_name
GCA_964277145.1	Euphydryas desfontainii	WELLCOME SANGER INSTITUTE	PRJEB81341	10.12688/wellcomeopenres.25888.1	41835093	The genome sequence of the Spanish Fritillary, Euphydryas desfontainii (Godart, 1819) (Lepidoptera: Nymphalidae).	high	assembly_name
GCA_965194455.1	Melitaea didyma	WELLCOME SANGER INSTITUTE	PRJEB86453	10.12688/wellcomeopenres.24749.1	41050512	The genome sequence of the Nickerl's Fritillary, Melitaea aurelia Nickerl, 1850 (Lepidoptera: Nymphalidae).	low	organism_genus_title
GCA_964264535.1	Melitaea diamina	WELLCOME SANGER INSTITUTE	PRJEB80177	10.12688/wellcomeopenres.24719.1	41103340	The genome sequence of the False Heath Fritillary, Melitaea diamina (Lang, 1789) (Lepidoptera: Nymphalidae).	high	assembly_name
GCA_964274925.1	Melitaea phoebe	WELLCOME SANGER INSTITUTE	PRJEB80883	10.12688/wellcomeopenres.24749.1	41050512	The genome sequence of the Nickerl's Fritillary, Melitaea aurelia Nickerl, 1850 (Lepidoptera: Nymphalidae).	low	organism_genus_title
GCA_964306785.1	Melitaea trivia	WELLCOME SANGER INSTITUTE	PRJEB81964	10.12688/wellcomeopenres.24749.1	41050512	The genome sequence of the Nickerl's Fritillary, Melitaea aurelia Nickerl, 1850 (Lepidoptera: Nymphalidae).	low	organism_genus_title
GCA_964288815.1	Melitaea interrupta	WELLCOME SANGER INSTITUTE	PRJEB81444	10.12688/wellcomeopenres.24749.1	41050512	The genome sequence of the Nickerl's Fritillary, Melitaea aurelia Nickerl, 1850 (Lepidoptera: Nymphalidae).	low	organism_genus_title
GCA_964306245.1	Melitaea nevadensis	WELLCOME SANGER INSTITUTE	PRJEB81961	10.12688/wellcomeopenres.24749.1	41050512	The genome sequence of the Nickerl's Fritillary, Melitaea aurelia Nickerl, 1850 (Lepidoptera: Nymphalidae).	low	organism_genus_title
GCA_964305695.1	Melitaea pseudornata	WELLCOME SANGER INSTITUTE	PRJEB81962	10.12688/wellcomeopenres.24749.1	41050512	The genome sequence of the Nickerl's Fritillary, Melitaea aurelia Nickerl, 1850 (Lepidoptera: Nymphalidae).	low	organism_genus_title
GCA_905220545.2	Melitaea athalia	WELLCOME SANGER INSTITUTE	PRJEB42889	10.12688/wellcomeopenres.17280.1	35136843	The genome sequence of the heath fritillary, Melitaea athalia (Rottemburg, 1775).	high	assembly_name
GCA_964304785.1	Melitaea deione	WELLCOME SANGER INSTITUTE	PRJEB81883	10.12688/wellcomeopenres.24749.1	41050512	The genome sequence of the Nickerl's Fritillary, Melitaea aurelia Nickerl, 1850 (Lepidoptera: Nymphalidae).	low	organism_genus_title
GCA_964261285.1	Melitaea parthenoides	WELLCOME SANGER INSTITUTE	PRJEB79644	10.12688/wellcomeopenres.24718.1	41179918	The genome sequence of the Meadow Fritillary, Melitaea parthenoides Keferstein, 1851 (Lepidoptera: Nymphalidae).	high	assembly_name
GCA_964261405.1	Melitaea varia	WELLCOME SANGER INSTITUTE	PRJEB79670	10.12688/wellcomeopenres.24686.1		The genome sequence of the Grisons Fritillary, Melitaea varia Herrich-Schaeffer, 1851 (Lepidoptera: Nymphalidae)	medium	organism_title
GCA_964265045.1	Melitaea aurelia	WELLCOME SANGER INSTITUTE	PRJEB80351	10.12688/wellcomeopenres.24749.1	41050512	The genome sequence of the Nickerl's Fritillary, Melitaea aurelia Nickerl, 1850 (Lepidoptera: Nymphalidae).	high	assembly_name
GCA_965212305.1	Charaxes jasius	WELLCOME SANGER INSTITUTE	PRJEB87039	10.12688/wellcomeopenres.25789.1	41868653	The genome sequence of the Two-tailed Pasha, Charaxes jasius (Linnaeus, 1767) (Lepidoptera: Nymphalidae).	high	assembly_name
GCA_036785405.1	Coenonympha arcania	INRAE	PRJNA1022034	10.1093/gbe/evae055	38491969	Chromosome-Level Assembly and Annotation of the Pearly Heath Coenonympha arcania Butterfly Genome.	high	bioproject_text
GCA_964275175.1	Coenonympha arcania	WELLCOME SANGER INSTITUTE	PRJEB81126	10.12688/wellcomeopenres.24624.1	41019577	The genome sequence of the Pearly Heath, Coenonympha arcania Linnaeus, 1761 (Lepidoptera: Nymphalidae).	high	assembly_name
GCA_964275305.1	Coenonympha dorus	WELLCOME SANGER INSTITUTE		10.12688/wellcomeopenres.25790.1		The genome sequence of the Dusky Heath, Coenonympha dorus Esper, 1782 (Lepidoptera: Nymphalidae)	medium	organism_title
GCA_963855885.1	Coenonympha glycerion	Centro Nacional de Análisis Genómico	PRJEB71111	10.1093/gbe/evae055	38491969	Chromosome-Level Assembly and Annotation of the Pearly Heath Coenonympha arcania Butterfly Genome.	high	bioproject_text
GCA_964270855.1	Coenonympha darwiniana	WELLCOME SANGER INSTITUTE	PRJEB80613	10.12688/wellcomeopenres.24644.1		The genome sequence of the Darwin’s Heath, Coenonympha darwiniana Staudinger, 1871 (Lepidoptera: Nymphalidae)	medium	organism_title
GCA_964258855.1	Coenonympha gardetta	WELLCOME SANGER INSTITUTE	PRJEB79472	10.12688/wellcomeopenres.24645.1		The genome sequence of the Alpine Heath, Coenonympha gardetta Hübner, 1819 (Lepidoptera: Nymphalidae)	medium	organism_title
GCA_964304575.1	Coenonympha oedippus	Centro Nacional de Análisis Genómico	PRJEB77777	10.3897/arphapreprints.e155925		ERGA-BGE genome of Coenonympha oedippus: an IUCN endangered European butterfly species occurring in two ecotypes	medium	organism_title
GCA_965213455.1	Cercyonis lupina	WELLCOME SANGER INSTITUTE	PRJEB87234	10.12688/wellcomeopenres.25788.1	41924386	The genome sequence of the Oriental Meadow Brown, Cercyonis lupina (Lepidoptera: Nymphalidae).	high	assembly_name
GCA_964270755.1	Cercyonis lycaon	WELLCOME SANGER INSTITUTE	PRJEB80609	10.12688/wellcomeopenres.24656.1	40917438	The genome sequence of the Dusky Meadow Brown, Cercyonis lycaon (Lepidoptera: Nymphalidae).	high	assembly_name
GCA_920104075.1	Melanargia galathea	WELLCOME SANGER INSTITUTE	PRJEB48881	10.12688/wellcomeopenres.17807.1	36874572	The genome sequence of the marbled white butterfly, Melanargia galathea (Linnaeus, 1758).	high	assembly_name
GCA_964338655.1	Melanargia lachesis	WELLCOME SANGER INSTITUTE	PRJEB82310	10.12688/wellcomeopenres.25831.1		The genome sequence of the Esper’s Marbled White, Melanargia russiae Esper, 1783 (Lepidoptera: Nymphalidae)	low	organism_genus_title
GCA_964273825.1	Melanargia russiae	WELLCOME SANGER INSTITUTE	PRJEB80791	10.12688/wellcomeopenres.25831.1		The genome sequence of the Esper’s Marbled White, Melanargia russiae Esper, 1783 (Lepidoptera: Nymphalidae)	medium	organism_title
GCA_964186415.1	Melanargia ines	UNIVERSITY OF EDINBURGH	PRJEB71083	10.1093/molbev/msae124	38950035	Rewinding the Ratchet: Rare Recombination Locally Rescues Neo-W Degeneration and Generates Plateaus of Sex-Chromosome Divergence.	medium	bioproject_text
GCA_964276505.1	Oeneis jutta	WELLCOME SANGER INSTITUTE	PRJEB81211	10.12688/wellcomeopenres.25738.1		The genome sequence of the Baltic Grayling, Oeneis jutta (Hübner, 1806) (Lepidoptera: Nymphalidae)	medium	organism_title
GCA_964290925.1	Brintesia circe	WELLCOME SANGER INSTITUTE	PRJEB81487	10.12688/wellcomeopenres.25785.1		The genome sequence of the Great Banded Grayling, Brintesia circe (Denis & Schiffermüller), 1776 (Lepidoptera: Nymphalidae)	medium	organism_title
GCA_964396745.1	Hipparchia fagi	WELLCOME SANGER INSTITUTE	PRJEB83020	10.12688/wellcomeopenres.25873.1	42078576	The genome sequence of the Woodland Grayling, Hipparchia fagi (Scopoli, 1763) (Lepidoptera: Nymphalidae).	high	assembly_name
GCA_933228805.2	Hipparchia semele	WELLCOME SANGER INSTITUTE	PRJEB51574	10.12688/wellcomeopenres.20183.1	38292065	The genome sequence of the Rock Grayling, Hipparchia semele (Linnaeus, 1758).	high	assembly_name
GCA_964264285.1	Hipparchia genava	WELLCOME SANGER INSTITUTE	PRJEB80027	10.12688/wellcomeopenres.25877.1		The genome sequence of the Valais Rock Grayling, Hipparchia genava Fruhstorfer, 1908 (Lepidoptera: Nymphalidae)	medium	organism_title
GCA_038048805.1	Hipparchia sbordonii	Endemixit: Population Genomics of Italian Endemics	PRJNA1089943	10.1093/gbe/evae136	39023104	Chromosome-Level Reference Genome of the Ponza Grayling (Hipparchia sbordonii), an Italian Endemic and Endangered Butterfly.	high	bioproject_text
GCA_966190265.1	Hipparchia maderensis	Centro Nacional de Análisis Genómico	PRJEB89983	10.12688/wellcomeopenres.25873.1	42078576	The genome sequence of the Woodland Grayling, Hipparchia fagi (Scopoli, 1763) (Lepidoptera: Nymphalidae).	low	organism_genus_title
GCA_965112445.1	Hipparchia syriaca	WELLCOME SANGER INSTITUTE	PRJEB84227	10.12688/wellcomeopenres.25847.1	41913757	The genome sequence of the Eastern Rock Grayling, Hipparchia syriaca (Staudinger, 1871) (Lepidoptera: Nymphalidae).	high	assembly_name
GCA_965194555.1	Satyrus actaea	WELLCOME SANGER INSTITUTE	PRJEB86461	10.12688/wellcomeopenres.25807.1		The genome sequence of the Great Sooty Satyr, Satyrus ferula (Fabricius, 1793) (Lepidoptera: Nymphalidae)	low	organism_genus_title
GCA_964290905.1	Satyrus ferula	WELLCOME SANGER INSTITUTE	PRJEB81496	10.12688/wellcomeopenres.25807.1		The genome sequence of the Great Sooty Satyr, Satyrus ferula (Fabricius, 1793) (Lepidoptera: Nymphalidae)	medium	organism_title
GCA_046119125.1	Minois aurata	sichuan university	PRJNA1104407	10.1186/s12864-024-11058-8	39580397	Genome assembly of an endemic butterfly (Minois Aurata) shed light on the genetic mechanisms underlying ecological adaptation to arid valley habitat.	high	bioproject_text
GCA_034621355.1	Mycalesis mineus	National University ofSingapore	PRJNA1037280	10.1093/gbe/evae051	38505885	Genome Assembly and Annotation of the Dark-Branded Bushbrown Butterfly Mycalesis mineus (Nymphalidae: Satyrinae).	high	bioproject_text
GCA_964264045.1	Lasiommata maera	WELLCOME SANGER INSTITUTE	PRJEB80022	10.12688/wellcomeopenres.24746.1	41069647	The genome sequence of the Large Wall Brown, Lasiommata maera (Linnaeus, 1758) (Lepidoptera: Nymphalidae).	high	assembly_name
GCA_928268935.1	Lasiommata megera	WELLCOME SANGER INSTITUTE	PRJEB50440	10.12688/wellcomeopenres.18106.1	36865373	The genome sequence of the wall brown, Lasiommata megera (Linnaeus, 1767).	high	assembly_name
GCA_964261845.1	Lasiommata petropolitana	WELLCOME SANGER INSTITUTE	PRJEB79839	10.12688/wellcomeopenres.24734.1	41477625	The genome sequence of the Northern Wall Brown, Lasiommata petropolitana (Fabricius, 1787) (Lepidoptera: Nymphalidae).	high	assembly_name
GCA_964656145.1	Lasiommata paramegaera	WELLCOME SANGER INSTITUTE	PRJEB83365	10.12688/wellcomeopenres.24734.1	41477625	The genome sequence of the Northern Wall Brown, Lasiommata petropolitana (Fabricius, 1787) (Lepidoptera: Nymphalidae).	low	organism_genus_title
GCA_964330365.1	Pararge xiphia	WELLCOME SANGER INSTITUTE	PRJEB82113	10.12688/wellcomeopenres.25814.1	41908930	The genome sequence of the Madeiran Speckled Wood, Pararge xiphia Hübner, 1819 (Lepidoptera: Nymphalidae).	high	assembly_name
GCA_917051295.2	Erebia ligea	WELLCOME SANGER INSTITUTE	PRJEB47965	10.12688/wellcomeopenres.18115.1	37346774	The genome sequence of the Arran brown, Erebia ligea (Linnaeus, 1758).	high	assembly_name
GCA_964271795.1	Erebia meolans	WELLCOME SANGER INSTITUTE	PRJEB80714	10.12688/wellcomeopenres.24665.1	41019573	The genome sequence of the Piedmont Ringlet, Erebia meolans von Prunner, 1798 (Lepidoptera: Nymphalidae).	high	assembly_name
GCA_964260675.1	Erebia montana	WELLCOME SANGER INSTITUTE	PRJEB79556	10.12688/wellcomeopenres.24675.1	41312298	The genome sequence of Erebia montana Berg-Mohrenfalter (Lepidoptera: Nymphalidae).	high	assembly_name
GCA_965112705.1	Erebia pharte	WELLCOME SANGER INSTITUTE	PRJEB84368	10.12688/wellcomeopenres.24693.2		The genome sequence of the de Prunner’s Ringlet, Erebia triaria von Prunner, 1798 (Lepidoptera: Nymphalidae)	low	organism_genus_title
GCA_964260725.1	Erebia eriphyle	WELLCOME SANGER INSTITUTE	PRJEB79397	10.12688/wellcomeopenres.25856.1		The genome sequence of the Eriphyle Ringlet, Erebia eriphyle (Freyer, 1836) (Lepidoptera: Nymphalidae)	medium	organism_title
GCA_964261625.1	Erebia melampus	WELLCOME SANGER INSTITUTE	PRJEB79742	10.12688/wellcomeopenres.24659.1	40994706	The genome sequence of the Lesser Mountain Ringlet, Erebia melampus Füssly, 1775 (Lepidoptera: Nymphalidae).	high	assembly_name
GCA_964271725.1	Erebia disa	WELLCOME SANGER INSTITUTE	PRJEB80711	10.12688/wellcomeopenres.24693.2		The genome sequence of the de Prunner’s Ringlet, Erebia triaria von Prunner, 1798 (Lepidoptera: Nymphalidae)	low	organism_genus_title
GCA_964304705.1	Erebia melancholica	WELLCOME SANGER INSTITUTE	PRJEB82078	10.12688/wellcomeopenres.24693.2		The genome sequence of the de Prunner’s Ringlet, Erebia triaria von Prunner, 1798 (Lepidoptera: Nymphalidae)	low	organism_genus_title
GCA_964035005.2	Erebia palarica	Centro Nacional de Análisis Genómico		10.1101/2025.01.08.631636		ERGA-BGE genome of Erebia palarica Chapman, 1905: a montane butterfly endemic to North-West Iberia	medium	organism_title
GCA_964264545.1	Erebia christi	WELLCOME SANGER INSTITUTE	PRJEB80183	10.12688/wellcomeopenres.25827.1		The genome sequence of the Rätzer’s Ringlet, Erebia christi Rätzer, 1890 (Lepidoptera: Nymphalidae)	medium	organism_title
GCA_964271835.1	Erebia embla	WELLCOME SANGER INSTITUTE	PRJEB80712	10.12688/wellcomeopenres.24693.2		The genome sequence of the de Prunner’s Ringlet, Erebia triaria von Prunner, 1798 (Lepidoptera: Nymphalidae)	low	organism_genus_title
GCA_964264005.1	Erebia stirius	WELLCOME SANGER INSTITUTE	PRJEB80025	10.12688/wellcomeopenres.24683.1		The genome sequence of the Styrian Ringlet, Erebia stirius Godart, 1823 (Lepidoptera: Nymphalidae)	medium	organism_title
GCA_964166005.1	Erebia triaria	WELLCOME SANGER INSTITUTE	PRJEB76213	10.12688/wellcomeopenres.24693.1	40949818	The genome sequence of the de Prunner's Ringlet, Erebia triaria von Prunner, 1798 (Lepidoptera: Nymphalidae).	high	assembly_name
GCA_963932025.1	Erebia epiphron	WELLCOME SANGER INSTITUTE	PRJEB72292	10.12688/wellcomeopenres.24693.2		The genome sequence of the de Prunner’s Ringlet, Erebia triaria von Prunner, 1798 (Lepidoptera: Nymphalidae)	low	organism_genus_title
GCA_964277275.1	Erebia oeme	WELLCOME SANGER INSTITUTE	PRJEB81338	10.12688/wellcomeopenres.25887.1		The genome sequence of the Bright-eyed Ringlet, Erebia oeme (Hübner, 1804) (Lepidoptera: Nymphalidae)	medium	organism_title
GCA_964277325.1	Erebia oeme	WELLCOME SANGER INSTITUTE	PRJEB81337	10.12688/wellcomeopenres.25887.1		The genome sequence of the Bright-eyed Ringlet, Erebia oeme (Hübner, 1804) (Lepidoptera: Nymphalidae)	medium	organism_title
GCA_964277375.1	Erebia gorge	WELLCOME SANGER INSTITUTE	PRJEB81401	10.12688/wellcomeopenres.25886.1		The genome sequence of the Silky Ringlet, Erebia gorge Esper, 1800 (Lepidoptera: Nymphalidae)	medium	organism_title
GCA_964277455.1	Erebia gorge	WELLCOME SANGER INSTITUTE	PRJEB81400	10.12688/wellcomeopenres.25886.1		The genome sequence of the Silky Ringlet, Erebia gorge Esper, 1800 (Lepidoptera: Nymphalidae)	medium	organism_title
GCA_964270845.1	Erebia bubastis	WELLCOME SANGER INSTITUTE	PRJEB80595	10.12688/wellcomeopenres.24658.1		The genome sequence of the White-banded Ringlet, Erebia bubastis Eisner, 1946 (Lepidoptera: Nymphalidae)	medium	organism_title
GCA_964188065.1	Erebia albergana	WELLCOME SANGER INSTITUTE	PRJEB76715	10.12688/wellcomeopenres.24647.1		The genome sequence of the Almond-eyed Ringlet, Erebia albergana von Prunner, 1798 (Lepidoptera: Nymphalidae)	medium	organism_title
GCA_923060345.2	Erebia aethiops	WELLCOME SANGER INSTITUTE	PRJEB49394	10.12688/wellcomeopenres.17927.1	36105557	The genome sequence of the scotch argus butterfly, Erebia aethiops (Esper, 1777).	high	assembly_name
GCA_964187935.1	Erebia medusa	WELLCOME SANGER INSTITUTE	PRJEB76717	10.12688/wellcomeopenres.25828.1		The genome sequence of the Woodland Ringlet, Erebia medusa (Denis & Schiffermüller), 1775 (Lepidoptera: Nymphalidae)	medium	organism_title
GCA_964260655.1	Erebia mnestra	WELLCOME SANGER INSTITUTE	PRJEB79554	10.12688/wellcomeopenres.24670.1		The genome sequence of the Mnestra’s Ringlet, Erebia mnestra Hübner, 1802 (Lepidoptera: Nymphalidae)	medium	organism_title
GCA_964332105.1	Erebia rondoui	WELLCOME SANGER INSTITUTE	PRJEB82223	10.12688/wellcomeopenres.24693.2		The genome sequence of the de Prunner’s Ringlet, Erebia triaria von Prunner, 1798 (Lepidoptera: Nymphalidae)	low	organism_genus_title
GCA_965113275.1	Erebia pronoe	WELLCOME SANGER INSTITUTE	PRJEB84972	10.12688/wellcomeopenres.24693.2		The genome sequence of the de Prunner’s Ringlet, Erebia triaria von Prunner, 1798 (Lepidoptera: Nymphalidae)	low	organism_genus_title
GCA_965637005.1	Erebia sudetica	WELLCOME SANGER INSTITUTE	PRJEB91515	10.12688/wellcomeopenres.25830.1		The genome sequence of the Sudeten Ringlet, Erebia sudetica Dalman, 1816 (Lepidoptera: Nymphalidae)	medium	organism_title
GCA_965637145.1	Erebia sudetica	WELLCOME SANGER INSTITUTE	PRJEB91516	10.12688/wellcomeopenres.25830.1		The genome sequence of the Sudeten Ringlet, Erebia sudetica Dalman, 1816 (Lepidoptera: Nymphalidae)	medium	organism_title
GCA_023373885.1	Hestina assimilis	Shaanxi Normal University	PRJNA793373	10.3390/ijms24032087	36768416	The Chromosome-Level Genome of Hestina assimilis (Lepidoptera: Nymphalidae) Reveals the Evolution of Saprophagy-Related Genes in Brush-Footed Butterflies.	high	bioproject_text
GCA_905404315.1	Leptidea sinapis	WELLCOME SANGER INSTITUTE	PRJEB43998	10.12688/wellcomeopenres.18118.1	37025368	The genome sequence of the wood white butterfly, Leptidea sinapis (Linnaeus, 1758).	high	assembly_name
GCA_912999735.1	Aporia crataegi	WELLCOME SANGER INSTITUTE	PRJEB47020	10.12688/wellcomeopenres.17709.2	40027397	The genome sequence of the Black-veined White butterfly, Aporia crataegi (Linnaeus, 1758).	high	assembly_name
GCA_905231885.1	Pieris napi	WELLCOME SANGER INSTITUTE	PRJEB43012	10.12688/wellcomeopenres.17277.1	35846179	The genome sequences of the male and female green-veined white, Pieris napi (Linnaeus, 1758).	high	assembly_name
GCA_028984075.1	Pieris mannii	University of Basel	PRJNA885610	10.1093/gbe/evad111	37335929	Chromosome-Level Assemblies of the Pieris mannii Butterfly Genome Suggest Z-Origin and Rapid Evolution of the W Chromosome.	high	bioproject_text
GCA_029001895.1	Pieris mannii	University of Basel	PRJNA885610	10.1093/gbe/evad111	37335929	Chromosome-Level Assemblies of the Pieris mannii Butterfly Genome Suggest Z-Origin and Rapid Evolution of the W Chromosome.	high	bioproject_text
GCA_905404175.1	Anthocharis cardamines	WELLCOME SANGER INSTITUTE	PRJEB43982	10.12688/wellcomeopenres.18117.1	36408293	The genome sequence of the orange-tip butterfly, Anthocharis cardamines (Linnaeus, 1758).	high	assembly_name
GCA_964277245.1	Euchloe tagis	WELLCOME SANGER INSTITUTE		10.12688/wellcomeopenres.25883.1	42028159	The genome sequence of the Portuguese Dappled White, Euchloe tagis (Hübner, 1804) (Lepidoptera: Pieridae).	high	assembly_name
GCA_964340465.1	Euchloe belemia	WELLCOME SANGER INSTITUTE	PRJEB82524	10.12688/wellcomeopenres.24695.1	41200469	The genome sequence of the Mountain Dappled White, Euchloe simplonia (Boisduval, 1828) (Lepidoptera: Pieridae).	low	organism_genus_title
GCA_964340475.1	Euchloe belemia	WELLCOME SANGER INSTITUTE	PRJEB82523	10.12688/wellcomeopenres.24695.1	41200469	The genome sequence of the Mountain Dappled White, Euchloe simplonia (Boisduval, 1828) (Lepidoptera: Pieridae).	low	organism_genus_title
GCA_964605045.1	Euchloe insularis	WELLCOME SANGER INSTITUTE	PRJEB83263	10.12688/wellcomeopenres.24695.1	41200469	The genome sequence of the Mountain Dappled White, Euchloe simplonia (Boisduval, 1828) (Lepidoptera: Pieridae).	low	organism_genus_title
GCA_964265075.1	Euchloe simplonia	WELLCOME SANGER INSTITUTE	PRJEB80346	10.12688/wellcomeopenres.24695.1	41200469	The genome sequence of the Mountain Dappled White, Euchloe simplonia (Boisduval, 1828) (Lepidoptera: Pieridae).	high	assembly_name
GCA_964275215.1	Colias thisoa	WELLCOME SANGER INSTITUTE	PRJEB81129	10.12688/wellcomeopenres.25793.1	41716938	The genome sequence of Menetries' Clouded Yellow, Colias thisoa Ménétriès, 1832 (Lepidoptera: Pieridae).	high	assembly_name
GCA_965153205.1	Colias erate	WELLCOME SANGER INSTITUTE	PRJEB85958	10.12688/wellcomeopenres.25891.1	41960581	The genome sequence of the Eastern Pale Clouded Yellow, Colias erate (Esper, 1805) (Lepidoptera: Pieridae).	high	assembly_name
GCA_964258725.1	Colias hyale	WELLCOME SANGER INSTITUTE	PRJEB79469	10.12688/wellcomeopenres.24657.1		The genome sequence of the Pale Clouded Yellow, Colias hyale (Linnaeus, 1758) (Lepidoptera: Pieridae)	medium	organism_title
GCA_964258765.1	Colias palaeno	WELLCOME SANGER INSTITUTE	PRJEB79467	10.12688/wellcomeopenres.24646.1		The genome sequence of the Moorland Clouded Yellow, Colias palaeno (Linnaeus, 1761) (Lepidoptera: Pieridae)	medium	organism_title
GCA_964270545.1	Colias phicomone	WELLCOME SANGER INSTITUTE	PRJEB80596	10.12688/wellcomeopenres.24625.1	40989963	The genome sequence of the Mountain Clouded Yellow, Colias phicomone (Esper, 1780) (Lepidoptera: Pieridae).	high	assembly_name
GCA_964374355.1	Colias sareptensis	WELLCOME SANGER INSTITUTE	PRJEB82983	10.12688/wellcomeopenres.25793.1	41716938	The genome sequence of Menetries' Clouded Yellow, Colias thisoa Ménétriès, 1832 (Lepidoptera: Pieridae).	low	organism_genus_title
GCA_965240345.1	Eurema daira	WELLCOME SANGER INSTITUTE	PRJEB88419	10.1099/mgen.0.001578	41313632	Single-cell genome analysis of a feminizing Wolbachia in Eurema butterflies reveals a shared origin with male-killing Wolbachia.	low	organism_genus_title
GCA_040363725.1	Graphium eurypylus	Northwestern Polytechnical University	PRJNA1009405	10.1038/s41467-024-50529-0	39060230	Evolutionary patterns and functional effects of 3D chromatin structures in butterflies with extensive genome rearrangements.	medium	bioproject_text
GCA_040363735.1	Graphium cloanthus	Northwestern Polytechnical University	PRJNA1009405	10.1038/s41467-024-50529-0	39060230	Evolutionary patterns and functional effects of 3D chromatin structures in butterflies with extensive genome rearrangements.	medium	bioproject_text
GCA_040363715.1	Graphium sarpedon	Northwestern Polytechnical University	PRJNA1009405	10.1038/s41467-024-50529-0	39060230	Evolutionary patterns and functional effects of 3D chromatin structures in butterflies with extensive genome rearrangements.	medium	bioproject_text
GCA_040363705.1	Papilio bianor	Northwestern Polytechnical University	PRJNA1009405	10.1038/s41467-024-50529-0	39060230	Evolutionary patterns and functional effects of 3D chromatin structures in butterflies with extensive genome rearrangements.	medium	bioproject_text
GCA_965178335.1	Zerynthia rumina	WELLCOME SANGER INSTITUTE	PRJEB86241	10.12688/wellcomeopenres.25724.1	41769331	The genome sequence of the Spanish Festoon, Zerynthia rumina (Linnaeus, 1758) (Lepidoptera: Papilionidae).	high	assembly_name
GCA_963931975.1	Cataclysta lemnata	WELLCOME SANGER INSTITUTE	PRJEB72264	10.12688/wellcomeopenres.25182.1	41623506	The genome sequence of the Small China-mark, Cataclysta lemnata (Linnaeus, 1758) (Lepidoptera: Crambidae).	high	assembly_name
GCA_943193645.1	Acentria ephemerella	WELLCOME SANGER INSTITUTE	PRJEB53002	10.12688/wellcomeopenres.21099.1	38779149	The genome sequence of the Water Veneer, Acentria ephemerella (Denis & Schiffermüller, 1775).	high	assembly_name
GCA_910589355.1	Parapoynx stratiotata	WELLCOME SANGER INSTITUTE	PRJEB45330	10.12688/wellcomeopenres.17808.1		The genome sequence of the ringed china-mark, Parapoynx stratiotata (Linnaeus, 1758)	medium	organism_title
GCA_955850985.1	Elophila nymphaeata	WELLCOME SANGER INSTITUTE	PRJEB63345	10.12688/wellcomeopenres.21118.1	40980745	The genome sequence of the Brown China-mark moth, Elophila nymphaeata (Linnaeus, 1758).	high	assembly_name
GCA_947347705.1	Nymphula nitidulata	WELLCOME SANGER INSTITUTE	PRJEB57578	10.12688/wellcomeopenres.21102.1	39109333	The genome sequence of the Beautiful China-mark moth Nymphula nitidulata (Hufnagel, 1767).	high	assembly_name
GCA_949126915.1	Musotima nitidalis	WELLCOME SANGER INSTITUTE	PRJEB59461	10.12688/wellcomeopenres.21108.1		The genome sequence of the Golden-brown Fern moth, Musotima nitidalis (Walker, [1866])	medium	organism_title
GCA_964655575.1	Eudonia delunella	WELLCOME SANGER INSTITUTE	PRJEB83300	10.12688/wellcomeopenres.20680.1	38800520	The genome sequence of the Peppered Grey, Eudonia truncicolella (Stainton, 1849).	low	organism_genus_title
GCA_947562085.1	Eudonia lacustrata	WELLCOME SANGER INSTITUTE	PRJEB58170	10.12688/wellcomeopenres.19646.1	39026606	The genome sequence of the Little Grey, Eudonia lacustrata (Panzer, 1804).	high	assembly_name
GCA_963082485.2	Eudonia mercurella	WELLCOME SANGER INSTITUTE	PRJEB64784	10.12688/wellcomeopenres.23699.1		The genome sequence of the Small Grey moth, Eudonia mercurella Linnaeus, 1758	medium	organism_title
GCA_964502725.1	Eudonia angustea	WELLCOME SANGER INSTITUTE	PRJEB83180	10.12688/wellcomeopenres.20680.1	38800520	The genome sequence of the Peppered Grey, Eudonia truncicolella (Stainton, 1849).	low	organism_genus_title
GCA_964468265.1	Eudonia murana	WELLCOME SANGER INSTITUTE	PRJEB83118	10.12688/wellcomeopenres.25207.1	41766794	The genome sequence of the Moorland Grey, Eudonia murana (Curtis, 1827) (Lepidoptera: Crambidae).	high	assembly_name
GCA_964468325.1	Eudonia murana	WELLCOME SANGER INSTITUTE	PRJEB83119	10.12688/wellcomeopenres.25207.1	41766794	The genome sequence of the Moorland Grey, Eudonia murana (Curtis, 1827) (Lepidoptera: Crambidae).	high	assembly_name
GCA_964340885.1	Eudonia pallida	WELLCOME SANGER INSTITUTE	PRJEB82646	10.12688/wellcomeopenres.20680.1	38800520	The genome sequence of the Peppered Grey, Eudonia truncicolella (Stainton, 1849).	low	organism_genus_title
GCA_964340915.1	Eudonia pallida	WELLCOME SANGER INSTITUTE	PRJEB82645	10.12688/wellcomeopenres.20680.1	38800520	The genome sequence of the Peppered Grey, Eudonia truncicolella (Stainton, 1849).	low	organism_genus_title
GCA_949315975.1	Eudonia truncicolella	WELLCOME SANGER INSTITUTE	PRJEB60108	10.12688/wellcomeopenres.20680.1	38800520	The genome sequence of the Peppered Grey, Eudonia truncicolella (Stainton, 1849).	high	assembly_name
GCA_963921215.1	Scoparia ambigualis	WELLCOME SANGER INSTITUTE	PRJEB71666	10.12688/wellcomeopenres.23998.1	40718592	The genome sequence of the Common Grey moth, Scoparia ambigualis Treitschke, 1829.	high	assembly_name
GCA_965234025.1	Scoparia pyralella	WELLCOME SANGER INSTITUTE	PRJEB87989	10.12688/wellcomeopenres.23998.1	40718592	The genome sequence of the Common Grey moth, Scoparia ambigualis Treitschke, 1829.	low	organism_genus_title
GCA_041684095.1	Ostrinia nubilalis	Xinjiang Academy of Agricultural Sciences	PRJNA1111073	10.12688/wellcomeopenres.23504.1	40007688	The genome sequence of the European Corn Borer, Ostrinia nubilalis Hübner, 1796.	low	organism_title
GCA_043791035.1	Ostrinia nubilalis	USDA-ARS Ag100Pest	PRJNA1129552	10.12688/wellcomeopenres.23504.1	40007688	The genome sequence of the European Corn Borer, Ostrinia nubilalis Hübner, 1796.	low	organism_title
GCA_043791265.1	Ostrinia nubilalis	USDA-ARS Ag100Pest	PRJNA1129553	10.12688/wellcomeopenres.23504.1	40007688	The genome sequence of the European Corn Borer, Ostrinia nubilalis Hübner, 1796.	low	organism_title
GCA_043791335.1	Ostrinia nubilalis	USDA-ARS Ag100Pest	PRJNA1129554	10.12688/wellcomeopenres.23504.1	40007688	The genome sequence of the European Corn Borer, Ostrinia nubilalis Hübner, 1796.	low	organism_title
GCA_038426615.1	Ostrinia furnacalis	China agricultureal university	PRJNA1099563	10.1038/s41597-025-05252-w	40425535	Chromosome-level genome of a multivoltine biotype Ostrinia furnacalis strain.	low	organism_title
GCA_041937195.1	Ostrinia furnacalis	Sun Yat-sen University	PRJNA1152643	10.1038/s41597-025-05252-w	40425535	Chromosome-level genome of a multivoltine biotype Ostrinia furnacalis strain.	low	organism_title
GCA_047663685.1	Ostrinia furnacalis	Chinese Academy of Agricultural Sciences	PRJNA706034	10.1038/s41597-025-05252-w	40425535	Chromosome-level genome of a multivoltine biotype Ostrinia furnacalis strain.	low	organism_title
GCA_014851415.1	Cnaphalocrocis medinalis	Zhejiang University	PRJNA629879	10.1111/1755-0998.13274	33051980	A chromosome-level genome assembly of rice leaffolder, Cnaphalocrocis medinalis.	medium	organism_title
GCA_965233915.1	Loxostege sticticalis	WELLCOME SANGER INSTITUTE	PRJEB87855	10.1038/s41597-025-04371-8	40419506	A chromosome-level genome assembly of beet webworm, Loxostege sticticalis Linnaeus (Lepidoptera: Pyralidae).	low	organism_title
GCA_965233925.1	Loxostege sticticalis	WELLCOME SANGER INSTITUTE	PRJEB87856	10.1038/s41597-025-04371-8	40419506	A chromosome-level genome assembly of beet webworm, Loxostege sticticalis Linnaeus (Lepidoptera: Pyralidae).	low	organism_title
GCA_949315895.1	Anania crocealis	WELLCOME SANGER INSTITUTE	PRJEB60110	10.12688/wellcomeopenres.20573.1	38911283	The genome sequence of the Ochreous Pearl, Anania crocealis (Hübner, 1796).	high	assembly_name
GCA_950371115.1	Anania fuscalis	WELLCOME SANGER INSTITUTE	PRJEB61760	10.12688/wellcomeopenres.23241.1		The genome sequence of the Cinerous Pearl moth, Anania fuscalis (Denis & Schiffermüller) 1775	medium	organism_title
GCA_965111815.1	Anania coronata	WELLCOME SANGER INSTITUTE	PRJEB84009	10.12688/wellcomeopenres.23241.1		The genome sequence of the Cinerous Pearl moth, Anania fuscalis (Denis & Schiffermüller) 1775	low	organism_genus_title
GCA_963576865.1	Anania hortulata	WELLCOME SANGER INSTITUTE	PRJEB68064	10.12688/wellcomeopenres.22462.1		The genome sequence of the Small Magpie moth, Anania hortulata (Linnaeus, 1758)	medium	organism_title
GCA_966184285.1	Anania terrealis	WELLCOME SANGER INSTITUTE	PRJEB95851	10.12688/wellcomeopenres.23241.1		The genome sequence of the Cinerous Pearl moth, Anania fuscalis (Denis & Schiffermüller) 1775	low	organism_genus_title
GCA_048418795.1	Eumorphobotys obscuralis	China Jiliang University	PRJNA1207245	10.1038/s41597-025-05411-z	40550796	A chromosome-scale genome assembly of the leaf roller, Eumorphobotys obscuralis (Lepidoptera: Pyralidae).	high	bioproject_text
GCA_964340875.1	Paratalanta hyalinalis	WELLCOME SANGER INSTITUTE	PRJEB82649	10.12688/wellcomeopenres.24962.1	41267738	The genome sequence of the Knapweed Pearl, Paratalanta hyalinalis (Hübner, 1796) (Lepidoptera: Crambidae).	high	assembly_name
GCA_964340925.1	Paratalanta hyalinalis	WELLCOME SANGER INSTITUTE	PRJEB82650	10.12688/wellcomeopenres.24962.1	41267738	The genome sequence of the Knapweed Pearl, Paratalanta hyalinalis (Hübner, 1796) (Lepidoptera: Crambidae).	high	assembly_name
GCA_964340805.1	Pyrausta cingulata	WELLCOME SANGER INSTITUTE	PRJEB82627	10.12688/wellcomeopenres.24655.1		The genome sequence of the Silver-barred Sable, Pyrausta cingulata Linnaeus, 1758 (Lepidoptera: Crambidae)	medium	organism_title
GCA_963924145.1	Pyrausta purpuralis	WELLCOME SANGER INSTITUTE	PRJEB71933	10.12688/wellcomeopenres.24884.2	41890269	The genome sequence of the Common Purple & Gold, Pyrausta purpuralis Linnaeus, 1758 (Lepidoptera: Crambidae).	high	assembly_name
GCA_963921415.1	Pyrausta despicata	WELLCOME SANGER INSTITUTE	PRJEB71729	10.12688/wellcomeopenres.23902.1	40443799	The genome sequence of the Straw-barred Pearl moth, Pyrausta despicata Scopoli, 1763.	high	assembly_name
GCA_963584085.1	Pyrausta aurata	WELLCOME SANGER INSTITUTE	PRJEB68171	10.12688/wellcomeopenres.23923.1		The genome sequence of the Mint Moth, Pyrausta aurata Scopoli	medium	organism_title
GCA_949316185.1	Pyrausta nigrata	WELLCOME SANGER INSTITUTE	PRJEB60128	10.12688/wellcomeopenres.21663.1		The genome sequence of the Wavy-barred Sable moth, Pyrausta nigrata (Scopoli, 1763)	medium	organism_title
GCA_927399485.1	Calamotropha paludella	WELLCOME SANGER INSTITUTE	PRJEB49993	10.12688/wellcomeopenres.19297.1		The genome sequence of the Bulrush Veneer, Calamotropha paludella (Hübner, 1824)	medium	organism_title
GCA_964059425.1	Agriphila inquinatella	WELLCOME SANGER INSTITUTE	PRJEB76071	10.12688/wellcomeopenres.24015.1		The genome sequence of the Barred Grass-veneer moth, Agriphila inquinatella (Denis & Schiffermüller), 1775	medium	organism_title
GCA_928269145.1	Agriphila tristella	WELLCOME SANGER INSTITUTE	PRJEB50442	10.12688/wellcomeopenres.18568.1	38799509	The genome sequence of the common grass-veneer, Agriphila tristella (Denis & Schiffermüller, 1775).	high	assembly_name
GCA_943789525.1	Agriphila geniculea	WELLCOME SANGER INSTITUTE	PRJEB53410	10.12688/wellcomeopenres.18910.1	37265476	The genome sequence of the Elbow-stripe Grass-veneer, Agriphila geniculea (Haworth, 1811).	high	assembly_name
GCA_950108535.1	Agriphila straminella	WELLCOME SANGER INSTITUTE	PRJEB61676	10.12688/wellcomeopenres.22844.1	39618809	The genome sequence of the Straw Grass-veneer moth, Agriphila straminella (Denis & Schiffermüller), 1775.	high	assembly_name
GCA_963556745.1	Catoptria pinella	WELLCOME SANGER INSTITUTE	PRJEB67654	10.12688/wellcomeopenres.23292.1		The genome sequence of Pearl Grass-veneer, Catoptria pinella Linnaeus, 1758	medium	organism_title
GCA_966095715.1	Catoptria furcatella	WELLCOME SANGER INSTITUTE	PRJEB95791	10.12688/wellcomeopenres.23292.1		The genome sequence of Pearl Grass-veneer, Catoptria pinella Linnaeus, 1758	low	organism_genus_title
GCA_966096585.1	Catoptria furcatella	WELLCOME SANGER INSTITUTE	PRJEB95792	10.12688/wellcomeopenres.23292.1		The genome sequence of Pearl Grass-veneer, Catoptria pinella Linnaeus, 1758	low	organism_genus_title
GCA_910589605.1	Chrysoteuchia culmella	WELLCOME SANGER INSTITUTE	PRJEB45323	10.12688/wellcomeopenres.18107.1	36926380	The genome sequence of the garden grass-veneer, Chrysoteuchia culmella (Linnaeus, 1758).	high	assembly_name
GCA_949710035.1	Crambus lathoniellus	WELLCOME SANGER INSTITUTE	PRJEB60731	10.12688/wellcomeopenres.22864.1		The genome sequence of the Hook-streak Grass-veneer moth, Crambus lathoniellus (Zincken, 1817)	medium	organism_title
GCA_965614505.1	Crambus alienellus	WELLCOME SANGER INSTITUTE	PRJEB90835	10.12688/wellcomeopenres.22864.1		The genome sequence of the Hook-streak Grass-veneer moth, Crambus lathoniellus (Zincken, 1817)	low	organism_genus_title
GCA_965614525.1	Crambus alienellus	WELLCOME SANGER INSTITUTE	PRJEB90834	10.12688/wellcomeopenres.22864.1		The genome sequence of the Hook-streak Grass-veneer moth, Crambus lathoniellus (Zincken, 1817)	low	organism_genus_title
GCA_965267255.1	Crambus pratella	WELLCOME SANGER INSTITUTE	PRJEB88986	10.12688/wellcomeopenres.22864.1		The genome sequence of the Hook-streak Grass-veneer moth, Crambus lathoniellus (Zincken, 1817)	low	organism_genus_title
GCA_965267545.1	Crambus pratella	WELLCOME SANGER INSTITUTE	PRJEB88987	10.12688/wellcomeopenres.22864.1		The genome sequence of the Hook-streak Grass-veneer moth, Crambus lathoniellus (Zincken, 1817)	low	organism_genus_title
GCA_964341515.1	Crambus pascuella	WELLCOME SANGER INSTITUTE	PRJEB82860	10.12688/wellcomeopenres.22864.1		The genome sequence of the Hook-streak Grass-veneer moth, Crambus lathoniellus (Zincken, 1817)	low	organism_genus_title
GCA_964341525.1	Crambus pascuella	WELLCOME SANGER INSTITUTE	PRJEB82859	10.12688/wellcomeopenres.22864.1		The genome sequence of the Hook-streak Grass-veneer moth, Crambus lathoniellus (Zincken, 1817)	low	organism_genus_title
GCA_031163375.1	Conogethes punctiferalis	Chinese Academy Of Agricultural Sciences	PRJNA998557	10.1038/s41597-023-02730-x	37973925	Chromosome genome assembly and whole genome sequencing of 110 individuals of Conogethes punctiferalis (Guenée).	medium	organism_title
GCA_045371335.1	Glyphodes perspectalis	INRAE	PRJNA1140410	10.1101/2024.12.02.626401		Draft genome and transcriptomic sequence data of three invasive insect species	high	bioproject_text
GCA_965642495.1	Udea decrepitalis	WELLCOME SANGER INSTITUTE	PRJEB93851	10.12688/wellcomeopenres.21571.1	39372843	The genome sequence of the Rusty-dot Pearl moth, Udea ferrugalis (Hübner, 1796).	low	organism_genus_title
GCA_950022985.1	Udea ferrugalis	WELLCOME SANGER INSTITUTE	PRJEB61559	10.12688/wellcomeopenres.21571.1	39372843	The genome sequence of the Rusty-dot Pearl moth, Udea ferrugalis (Hübner, 1796).	high	assembly_name
GCA_966184525.1	Udea hamalis	WELLCOME SANGER INSTITUTE	PRJEB95868	10.12688/wellcomeopenres.21571.1	39372843	The genome sequence of the Rusty-dot Pearl moth, Udea ferrugalis (Hübner, 1796).	low	organism_genus_title
GCA_965607565.1	Udea inquinatalis	WELLCOME SANGER INSTITUTE	PRJEB90641	10.12688/wellcomeopenres.21571.1	39372843	The genome sequence of the Rusty-dot Pearl moth, Udea ferrugalis (Hübner, 1796).	low	organism_genus_title
GCA_966183945.1	Udea lutealis	WELLCOME SANGER INSTITUTE	PRJEB95869	10.12688/wellcomeopenres.21571.1	39372843	The genome sequence of the Rusty-dot Pearl moth, Udea ferrugalis (Hübner, 1796).	low	organism_genus_title
GCA_966184595.1	Udea lutealis	WELLCOME SANGER INSTITUTE	PRJEB95870	10.12688/wellcomeopenres.21571.1	39372843	The genome sequence of the Rusty-dot Pearl moth, Udea ferrugalis (Hübner, 1796).	low	organism_genus_title
GCA_964340995.1	Udea numeralis	WELLCOME SANGER INSTITUTE	PRJEB82683	10.12688/wellcomeopenres.19373.1	39430045	The genome sequence of the Olive Pearl, Udea olivalis (Denis & Schiffermüller, 1775).	low	organism_genus_title
GCA_947369235.1	Udea olivalis	WELLCOME SANGER INSTITUTE	PRJEB57713	10.12688/wellcomeopenres.19373.1	39430045	The genome sequence of the Olive Pearl, Udea olivalis (Denis & Schiffermüller, 1775).	high	assembly_name
GCA_964374225.1	Agrotera nemoralis	WELLCOME SANGER INSTITUTE	PRJEB82939	10.12688/wellcomeopenres.25780.1		The genome sequence of the Beautiful Pearl, Agrotera nemoralis (Scopoli, 1763) (Lepidoptera: Crambidae)	medium	organism_title
GCA_964277135.1	Duponchelia fovealis	WELLCOME SANGER INSTITUTE	PRJEB81336	10.12688/wellcomeopenres.25824.1	41929846	The genome sequence of the European Pepper moth, Duponchelia fovealis (Zeller, 1847) (Lepidoptera: Crambidae).	high	assembly_name
GCA_949319885.1	Mecyna flavalis	WELLCOME SANGER INSTITUTE	PRJEB60244	10.12688/wellcomeopenres.21083.1		The genome sequence of the Chalk Hill Pearl moth Mecyna flavalis (Denis & Schiffermüller, 1775)	medium	organism_title
GCA_958496325.1	Nomophila noctuella	WELLCOME SANGER INSTITUTE	PRJEB64377	10.12688/wellcomeopenres.23779.1		The genome sequence of the Rush Veneer moth, Nomophila noctuella (Denis & Schiffermüller) 1775	medium	organism_title
GCA_050947735.1	Omiodes indicata	Guizhou University	PRJNA1193224	10.1038/s41597-025-05644-y	40883341	A chromosomal-level genome assembly of Omiodes indicata Fabricius (Lepidoptera: Crambidae).	high	bioproject_text
GCA_047302205.1	Parotis chlorochroalis	Institute of Zoology, Chinese Academy of Sciences	PRJNA1108866	10.1038/s41597-025-05053-1	40328770	Chromosome-level genome assembly of Parotis chlorochroalis (Lepidoptera: Crambidae: Spilomelinae).	medium	organism_title
GCA_036419045.1	Scirpophaga incertulas	Jiangsu academy of agricultural sciences	PRJNA1049343	10.1038/s41597-024-03108-3	38459048	A chromosome-level genome assembly of yellow stem borer (Scirpophaga incertulas).	medium	organism_title
GCA_905163395.2	Endotricha flammealis	Wellcome Sanger Institute	PRJEB42005	10.12688/wellcomeopenres.19923.1	39086664	The genome sequence of the Rose-flounced Tabby, Endotricha flammealis (Denis & Schiffermüller, 1775).	high	assembly_name
GCA_937001555.2	Hypsopygia costalis	WELLCOME SANGER INSTITUTE	PRJEB52130	10.12688/wellcomeopenres.18746.1	38037560	The genome sequence of the Gold Triangle, Hypsopygia costalis (Fabricius, 1775).	high	assembly_name
GCA_947507595.1	Pyralis farinalis	WELLCOME SANGER INSTITUTE	PRJEB57966	10.12688/wellcomeopenres.19641.1		The genome sequence of the Meal Moth, Pyralis farinalis (Linnaeus, 1758)	medium	organism_title
GCA_040436485.1	Corcyra cephalonica	Nanjing Agricultural University	PRJNA895571	10.1038/s41597-024-03967-w	39394231	A chromosomal-level genome assembly of Corcyra cephalonica Stainton (Lepidoptera: Pyralidae).	medium	organism_title
GCA_965363045.1	Aphomia sociella	WELLCOME SANGER INSTITUTE	PRJEB90255	10.1093/g3journal/jkaf281	41308072	Whole-genome assembly and annotation of the bumblebee wax moth, Aphomia sociella.	medium	organism_title
GCA_958496185.1	Galleria mellonella	WELLCOME SANGER INSTITUTE	PRJEB64378	10.12688/wellcomeopenres.21089.2	41235393	The genome sequence of the Greater Wax Moth, Galleria mellonella (Linnaeus, 1758).	high	assembly_name
GCA_947363495.1	Euzophera pinguis	WELLCOME SANGER INSTITUTE	PRJEB57685	10.12688/wellcomeopenres.19393.1		The genome sequence of the Ash-bark Knot-horn, Euzophera pinguis (Haworth, 1811)	medium	organism_title
GCA_964059365.1	Phycita roborella	WELLCOME SANGER INSTITUTE	PRJEB76075	10.12688/wellcomeopenres.23206.1	39925653	The genome sequence of the Dotted Oak Knot-horn moth, Phycita roborella (Denis & Schiffermüller) 1775.	high	assembly_name
GCA_947532085.1	Elegia similella	WELLCOME SANGER INSTITUTE	PRJEB58026	10.12688/wellcomeopenres.21213.1	39494198	The genome sequence of the White-barred Knot-horn, Elegia similella (Zincken, 1818).	high	assembly_name
GCA_964291865.1	Anerastia lotella	WELLCOME SANGER INSTITUTE	PRJEB81573	10.12688/wellcomeopenres.23898.1	41040646	The genome sequence of the Sandhill Knot-horn moth, Anerastia lotella Hübner, 1813.	high	assembly_name
GCA_963082605.1	Rhodophaea formosa	WELLCOME SANGER INSTITUTE	PRJEB64827	10.12688/wellcomeopenres.21492.1		The genome sequence of the Beautiful Knot-horn moth, Rhodophaea formosa Haworth, 1811	medium	organism_title
GCA_963555685.1	Acrobasis consociella	WELLCOME SANGER INSTITUTE	PRJEB66506	10.12688/wellcomeopenres.21553.1	39649625	The genome sequence of the Broad-barred Knot-horn, Acrobasis consociella (Hübner, 1813).	high	assembly_name
GCA_963576875.1	Acrobasis repandana	WELLCOME SANGER INSTITUTE	PRJEB68060	10.12688/wellcomeopenres.23665.1	40248649	The genome sequence of the Warted Knot-Horn moth, Acrobasis repandana Fabricius, 1798.	high	assembly_name
GCA_943193695.1	Acrobasis suavella	WELLCOME SANGER INSTITUTE	PRJEB53008	10.12688/wellcomeopenres.19506.1	39114813	The genome sequence of the Thicket Knot-horn, Acrobasis suavella (Zincken, 1818).	high	assembly_name
GCA_947044815.1	Apomyelois bistriatella	WELLCOME SANGER INSTITUTE	PRJEB56516	10.12688/wellcomeopenres.19306.1	38434735	The genome sequence of the Heath Knot-horn, Apomyelois bistriatella (Hulst, 1887).	high	assembly_name
GCA_949699795.1	Spicauda simplicius	WELLCOME SANGER INSTITUTE	PRJEB60671	10.12688/wellcomeopenres.22457.1	39246520	The genome sequence of the Plain Longtail butterfly, Spicauda simplicius (Stoll, 1807).	high	assembly_name
GCA_944567765.1	Carterocephalus palaemon	WELLCOME SANGER INSTITUTE	PRJEB53508	10.12688/wellcomeopenres.19573.1	39114815	The genome sequence of the Arctic Skipper, Carterocephalus palaemon (Pallas, 1771).	high	assembly_name
GCA_964340745.1	Carterocephalus silvicola	WELLCOME SANGER INSTITUTE	PRJEB82580	10.12688/wellcomeopenres.25787.1		The genome sequence of the Northern Chequered Skipper, Carterocephalus silvicola (Meigen, 1829) (Lepidoptera: Hesperiidae)	medium	organism_title
GCA_964291895.1	Gegenes nostrodamus	WELLCOME SANGER INSTITUTE	PRJEB81577	10.12688/wellcomeopenres.25889.1	41908929	The genome sequence of the Mediterranean Skipper, Gegenes nostrodamus (Fabricius, 1793) (Lepidoptera: Hesperiidae).	high	assembly_name
GCA_905404135.1	Hesperia comma	WELLCOME SANGER INSTITUTE	PRJEB43996	10.12688/wellcomeopenres.19762.1	41625303	The genome sequence of the Silver-spotted Skipper, Hesperia comma (Linnaeus, 1758).	high	assembly_name
GCA_905404295.2	Ochlodes sylvanus	WELLCOME SANGER INSTITUTE	PRJEB44002	10.12688/wellcomeopenres.18788.1	37600586	The genome sequence of the Large Skipper, Ochlodes sylvanus, (Esper, 1777).	high	assembly_name
GCA_963932265.1	Thymelicus lineola	WELLCOME SANGER INSTITUTE	PRJEB72335	10.12688/wellcomeopenres.22847.1	39415784	The genome sequence of the Essex Skipper butterfly, Thymelicus lineola (Ochsenheimer, 1808).	high	assembly_name
GCA_911387775.1	Thymelicus sylvestris	WELLCOME SANGER INSTITUTE	PRJEB46433	10.12688/wellcomeopenres.17577.2	41209393	The genome sequence of the Small Skipper, Thymelicus sylvestris (Poda, 1761).	high	assembly_name
GCA_951805285.1	Thymelicus acteon	WELLCOME SANGER INSTITUTE	PRJEB62802	10.12688/wellcomeopenres.21627.1	39257624	The genome sequence of the Lulworth Skipper, Thymelicus acteon (Rottemburg, 1775).	high	assembly_name
GCA_964264845.1	Pyrgus malvoides	WELLCOME SANGER INSTITUTE	PRJEB80296	10.12688/wellcomeopenres.24653.1	41523165	The genome sequence of the Southern Grizzled Skipper, Pyrgus malvoides (Elwes & Edwards, 1897) (Lepidoptera: Hesperiidae).	high	assembly_name
GCA_965433945.1	Pyrgus onopordi	WELLCOME SANGER INSTITUTE	PRJEB90369	10.56179/001c.162600	42273389	Complete Genome Sequence of Laguna Mountains Skipper (Pyrgus ruralis lagunae).	low	organism_genus_title
GCA_964397965.1	Pyrgus serratulae	WELLCOME SANGER INSTITUTE	PRJEB83021	10.12688/wellcomeopenres.25809.1		The genome sequence of the Olive Skipper, Pyrgus serratulae (Rambur, 1839) (Lepidoptera: Hesperiidae)	medium	organism_title
GCA_964416965.1	Pyrgus serratulae	WELLCOME SANGER INSTITUTE	PRJEB83022	10.12688/wellcomeopenres.25809.1		The genome sequence of the Olive Skipper, Pyrgus serratulae (Rambur, 1839) (Lepidoptera: Hesperiidae)	medium	organism_title
GCA_964275275.1	Pyrgus centaureae	WELLCOME SANGER INSTITUTE	PRJEB81131	10.12688/wellcomeopenres.26169.1	42038589	The genome sequence of the Northern Grizzled Skipper, Pyrgus centaureae (Rambur, 1839) (Lepidoptera: Hesperiidae).	high	assembly_name
GCA_911387765.1	Pyrgus malvae	WELLCOME SANGER INSTITUTE	PRJEB46432	10.12688/wellcomeopenres.17806.1	35673393	The genome sequence of the grizzled skipper, Pyrgus malvae (Linnaeus, 1758).	high	assembly_name
GCA_964276835.1	Pyrgus carlinae	WELLCOME SANGER INSTITUTE	PRJEB81297	10.12688/wellcomeopenres.25810.1	41841042	The genome sequence of the Carline Skipper, Pyrgus carlinae (Rambur, 1839) (Lepidoptera: Hesperiidae).	high	assembly_name
GCA_964263985.1	Pyrgus alveus	WELLCOME SANGER INSTITUTE	PRJEB80013	10.12688/wellcomeopenres.24654.1		The genome sequence of the Large Grizzled Skipper, Pyrgus alveus (Hübner, 1802) (Lepidoptera: Hesperiidae)	medium	organism_title
GCA_964261425.1	Pyrgus cacaliae	WELLCOME SANGER INSTITUTE	PRJEB79667	10.12688/wellcomeopenres.24672.1	41000328	The genome sequence of the Dusky Grizzled Skipper, Pyrgus cacaliae (Rambur, 1839) (Lepidoptera: Hesperiidae).	high	assembly_name
GCA_965111795.1	Pyrgus carthami	WELLCOME SANGER INSTITUTE	PRJEB84014	10.56179/001c.162600	42273389	Complete Genome Sequence of Laguna Mountains Skipper (Pyrgus ruralis lagunae).	low	organism_genus_title
GCA_964340865.1	Pyrgus sidae	WELLCOME SANGER INSTITUTE	PRJEB82652	10.12688/wellcomeopenres.25808.1		The genome sequence of the Yellow-banded Skipper, Pyrgus sidae (Esper, 1784) (Lepidoptera: Hesperiidae)	medium	organism_title
GCA_964261735.1	Carcharodus alceae	WELLCOME SANGER INSTITUTE	PRJEB79750	10.12688/wellcomeopenres.24641.1		The genome sequence of the Mallow Skipper, Carcharodus alceae (Esper, 1780) (Lepidoptera: Hesperiidae)	medium	organism_title
GCA_964288835.1	Spialia rosae	WELLCOME SANGER INSTITUTE	PRJEB81446	10.12688/wellcomeopenres.25728.1		The genome sequence of the Iberian Red Underwing Skipper, Spialia rosae Hernández-Roldán, Dapporto, Dincă, Vicente & Vila, 2016 (Lepidoptera: Hesperiidae)	medium	organism_title
GCA_964258965.1	Spialia sertorius	WELLCOME SANGER INSTITUTE	PRJEB79508	10.12688/wellcomeopenres.24648.1	41140635	The genome sequence of the Red-underwing Skipper, Spialia sertorius (Hoffmannsegg, 1804) (Lepidoptera: Hesperiidae).	high	assembly_name
GCA_965433205.1	Spialia orbifer	WELLCOME SANGER INSTITUTE	PRJEB90371	10.12688/wellcomeopenres.24648.1	41140635	The genome sequence of the Red-underwing Skipper, Spialia sertorius (Hoffmannsegg, 1804) (Lepidoptera: Hesperiidae).	low	organism_genus_title
GCA_965434095.1	Spialia orbifer	WELLCOME SANGER INSTITUTE	PRJEB90370	10.12688/wellcomeopenres.24648.1	41140635	The genome sequence of the Red-underwing Skipper, Spialia sertorius (Hoffmannsegg, 1804) (Lepidoptera: Hesperiidae).	low	organism_genus_title
GCA_905147235.1	Erynnis tages	Wellcome Sanger Institute	PRJEB41912	10.12688/wellcomeopenres.19755.1		The genome sequence of the Dingy Skipper, Erynnis tages (Linnaeus, 1758)	medium	organism_title
GCA_964304755.1	Muschampia proto	WELLCOME SANGER INSTITUTE	PRJEB82081	10.12688/wellcomeopenres.25829.1	41938270	The genome sequence of the Sage Skipper, Muschampia proto (Ochsenheimer, 1808) (Lepidoptera: Hesperiidae).	high	assembly_name
GCA_965200415.1	Muschampia baetica	WELLCOME SANGER INSTITUTE	PRJEB86872	10.12688/wellcomeopenres.25829.1	41938270	The genome sequence of the Sage Skipper, Muschampia proto (Ochsenheimer, 1808) (Lepidoptera: Hesperiidae).	low	organism_genus_title
GCA_907269075.1	Idaea aversata	WELLCOME SANGER INSTITUTE	PRJEB44947	10.12688/wellcomeopenres.18899.1	37484483	The genome sequence of the Riband Wave, Idaea aversata (Linnaeus, 1758).	high	assembly_name
GCA_958496205.1	Idaea biselata	WELLCOME SANGER INSTITUTE	PRJEB64358	10.12688/wellcomeopenres.23706.1	41623505	The genome sequence of the Small Fan-footed Wave moth, Idaea biselata (Hufnagel, 1767).	high	assembly_name
GCA_951213275.1	Idaea straminata	WELLCOME SANGER INSTITUTE	PRJEB61828	10.12688/wellcomeopenres.23098.1		The genome sequence of the Plain Wave moth, Idaea straminata (Borkhausen, 1794)	medium	organism_title
GCA_965202865.1	Idaea rufaria	WELLCOME SANGER INSTITUTE	PRJEB86914	10.12688/wellcomeopenres.23098.1		The genome sequence of the Plain Wave moth, Idaea straminata (Borkhausen, 1794)	low	organism_genus_title
GCA_964659525.1	Idaea subsericeata	WELLCOME SANGER INSTITUTE	PRJEB83676	10.12688/wellcomeopenres.23098.1		The genome sequence of the Plain Wave moth, Idaea straminata (Borkhausen, 1794)	low	organism_genus_title
GCA_964276605.1	Idaea trigeminata	WELLCOME SANGER INSTITUTE	PRJEB81262	10.12688/wellcomeopenres.26878.1		The genome sequence of the Treble Brown Spot moth, Idaea trigeminata (Haworth, 1809) (Lepidoptera: Geometridae)	medium	organism_title
GCA_964341475.1	Idaea degeneraria	WELLCOME SANGER INSTITUTE	PRJEB82813	10.12688/wellcomeopenres.23098.1		The genome sequence of the Plain Wave moth, Idaea straminata (Borkhausen, 1794)	low	organism_genus_title
GCA_965250435.1	Idaea seriata	WELLCOME SANGER INSTITUTE	PRJEB88635	10.12688/wellcomeopenres.23098.1		The genome sequence of the Plain Wave moth, Idaea straminata (Borkhausen, 1794)	low	organism_genus_title
GCA_949358125.1	Idaea dimidiata	WELLCOME SANGER INSTITUTE	PRJEB60325	10.12688/wellcomeopenres.20185.1	41025002	The genome sequence of the Single-dotted Wave, Idaea dimidiata (Hufnagel, 1767).	high	assembly_name
GCA_951394245.1	Cyclophora punctaria	WELLCOME SANGER INSTITUTE	PRJEB62074	10.12688/wellcomeopenres.22763.1		The genome sequence of the Maiden’s Blush moth, Cyclophora punctaria (Linnaeus, 1758)	medium	organism_title
GCA_963082685.1	Cyclophora albipunctata	WELLCOME SANGER INSTITUTE	PRJEB64823	10.12688/wellcomeopenres.23257.1		The genome sequence of the Birch Mocha moth, Cyclophora albipunctata (Hufnagel, 1767)	medium	organism_title
GCA_965112375.1	Cyclophora linearia	WELLCOME SANGER INSTITUTE	PRJEB84222	10.12688/wellcomeopenres.25389.1	41797872	The genome sequence of the Clay Triple-lines, Cyclophora linearia (Hübner, 1799) (Lepidoptera: Geometridae).	high	assembly_name
GCA_958496195.1	Timandra comae	WELLCOME SANGER INSTITUTE	PRJEB64361	10.12688/wellcomeopenres.21088.1	39267990	The genome sequence of the Blood-vein moth, Timandra comae Schmidt, 1931.	high	assembly_name
GCA_932527175.1	Operophtera brumata	WELLCOME SANGER INSTITUTE	PRJEB51375	10.12688/wellcomeopenres.20361.1		The genome sequence of the Winter Moth, Operophtera brumata (Linnaeus, 1758)	medium	organism_title
GCA_932527185.1	Ecliptopera silaceata	WELLCOME SANGER INSTITUTE	PRJEB51395	10.12688/wellcomeopenres.19207.1	39502585	The genome sequence of the Small Phoenix, Ecliptopera silaceata (Denis & Schiffermüller, 1775).	high	assembly_name
GCA_912999785.1	Hydriomena furcata	WELLCOME SANGER INSTITUTE	PRJEB47024	10.12688/wellcomeopenres.20182.1	38813548	The genome sequence of the July Highflyer, Hydriomena furcata (Thunberg, 1784).	high	assembly_name
GCA_964270535.1	Hydriomena ruberata	WELLCOME SANGER INSTITUTE	PRJEB80614	10.12688/wellcomeopenres.26781.1		The genome sequence of the Ruddy Highflyer, Hydriomena ruberata (Freyer, 1831) (Lepidoptera: Geometridae)	medium	organism_title
GCA_951392215.1	Epirrita christyi	WELLCOME SANGER INSTITUTE	PRJEB61237	10.12688/wellcomeopenres.23060.1	39526196	The genome sequence of the Pale November moth, Epirrita christyi (Allen, 1906).	high	assembly_name
GCA_963691955.1	Chloroclystis v-ata	WELLCOME SANGER INSTITUTE	PRJEB70593	10.12688/wellcomeopenres.23965.1	40786600	The genome sequence of the V-Pug moth, Chloroclystis v-ata (Haworth, 1809).	high	assembly_name
GCA_963565295.1	Epirrhoe alternata	WELLCOME SANGER INSTITUTE	PRJEB67664	10.12688/wellcomeopenres.22257.1		The genome sequence of the Common Carpet moth, Epirrhoe alternata (Müller, 1764)	medium	organism_title
GCA_965614545.1	Epirrhoe alternata	WELLCOME SANGER INSTITUTE	PRJEB90836	10.12688/wellcomeopenres.22257.1		The genome sequence of the Common Carpet moth, Epirrhoe alternata (Müller, 1764)	medium	organism_title
GCA_965614555.1	Epirrhoe alternata	WELLCOME SANGER INSTITUTE	PRJEB90837	10.12688/wellcomeopenres.22257.1		The genome sequence of the Common Carpet moth, Epirrhoe alternata (Müller, 1764)	medium	organism_title
GCA_951394285.1	Epirrhoe tristata	WELLCOME SANGER INSTITUTE	PRJEB62068	10.12688/wellcomeopenres.23055.1	41041147	The genome sequence of the Small Argent and Sable moth, Epirrhoe tristata (Linnaeus, 1758).	high	assembly_name
GCA_965663695.1	Xanthorhoe annotinata	WELLCOME SANGER INSTITUTE	PRJEB94994	10.12688/wellcomeopenres.23757.2	41079488	The genome sequence of the Flame Carpet moth, Xanthorhoe designata (Hufnagel, 1767) (Lepidoptera: Geometridae).	low	organism_genus_title
GCA_965225905.1	Xanthorhoe ferrugata	WELLCOME SANGER INSTITUTE	PRJEB87581	10.12688/wellcomeopenres.23757.2	41079488	The genome sequence of the Flame Carpet moth, Xanthorhoe designata (Hufnagel, 1767) (Lepidoptera: Geometridae).	low	organism_genus_title
GCA_963582015.1	Xanthorhoe designata	WELLCOME SANGER INSTITUTE	PRJEB67919	10.12688/wellcomeopenres.23757.2	41079488	The genome sequence of the Flame Carpet moth, Xanthorhoe designata (Hufnagel, 1767) (Lepidoptera: Geometridae).	high	assembly_name
GCA_964187945.1	Xanthorhoe montanata	WELLCOME SANGER INSTITUTE	PRJEB76727	10.12688/wellcomeopenres.23757.2	41079488	The genome sequence of the Flame Carpet moth, Xanthorhoe designata (Hufnagel, 1767) (Lepidoptera: Geometridae).	low	organism_genus_title
GCA_947086425.1	Xanthorhoe spadicearia	WELLCOME SANGER INSTITUTE	PRJEB56789	10.12688/wellcomeopenres.20699.1		The genome sequence of the Red Twin-spot Carpet, Xanthorhoe spadicearia (Denis & Schiffermüller, 1775)	medium	organism_title
GCA_947507515.1	Eulithis testata	WELLCOME SANGER INSTITUTE	PRJEB57959	10.12688/wellcomeopenres.19433.1	38798991	The genome sequence of the Chevron, Eulithis testata (Linnaeus, 1761).	high	assembly_name
GCA_918843925.1	Eulithis prunata	WELLCOME SANGER INSTITUTE	PRJEB48685	10.12688/wellcomeopenres.19371.1	38404637	The genome sequence of the Phoenix, Eulithis prunata (Linnaeus, 1758).	high	assembly_name
GCA_964204885.1	Eupithecia phoeniceata	WELLCOME SANGER INSTITUTE	PRJEB78410	10.12688/wellcomeopenres.26700.1		The genome sequence of the Cypress Pug, Eupithecia phoeniceata (Rambur, 1834) (Lepidoptera: Geometridae)	medium	organism_title
GCA_963564075.1	Eupithecia subfuscata	WELLCOME SANGER INSTITUTE	PRJEB67672	10.12688/wellcomeopenres.23062.1		The genome sequence of the Grey Pug moth, Eupithecia subfuscata (Haworth, 1809)	medium	organism_title
GCA_964340575.1	Eupithecia linariata	WELLCOME SANGER INSTITUTE	PRJEB82586	10.12688/wellcomeopenres.26703.1		The genome sequence of the Toadflax Pug, Eupithecia linariata (Denis & Schiffermüller, 1775) (Lepidoptera: Geometridae)	medium	organism_title
GCA_943735965.1	Eupithecia abbreviata	WELLCOME SANGER INSTITUTE	PRJEB53309	10.12688/wellcomeopenres.19244.1		The genome sequence of the Brindled Pug, Eupithecia abbreviata (Stephens, 1831)	medium	organism_title
GCA_964503905.1	Eupithecia absinthiata	WELLCOME SANGER INSTITUTE	PRJEB83182	10.12688/wellcomeopenres.23796.1		The genome sequence of the Maple Pug moth, Eupithecia inturbata (Hübner, 1817)	low	organism_genus_title
GCA_964503985.1	Eupithecia absinthiata	WELLCOME SANGER INSTITUTE	PRJEB83183	10.12688/wellcomeopenres.23796.1		The genome sequence of the Maple Pug moth, Eupithecia inturbata (Hübner, 1817)	low	organism_genus_title
GCA_944547425.1	Eupithecia centaureata	WELLCOME SANGER INSTITUTE	PRJEB53846	10.12688/wellcomeopenres.19249.1		The genome sequence of the Lime-speck Pug, Eupithecia centaureata (Denis & Schiffermüller, 1775)	medium	organism_title
GCA_947044415.1	Eupithecia dodoneata	WELLCOME SANGER INSTITUTE	PRJEB56512	10.12688/wellcomeopenres.19245.1	37469857	The genome sequence of the Oak-tree Pug, Eupithecia dodoneata (Guenée, 1858).	high	assembly_name
GCA_947086465.1	Eupithecia exiguata	WELLCOME SANGER INSTITUTE	PRJEB56794	10.12688/wellcomeopenres.20637.1	39015615	The genome sequence of the Mottled Pug, Eupithecia exiguata (Hübner, 1813).	high	assembly_name
GCA_964291785.1	Eupithecia haworthiata	WELLCOME SANGER INSTITUTE	PRJEB81575	10.12688/wellcomeopenres.26936.1		The genome sequence of the Haworth’s Pug, Eupithecia haworthiata Doubleday, 1856 (Lepidoptera: Geometridae)	medium	organism_title
GCA_963662085.1	Eupithecia inturbata	WELLCOME SANGER INSTITUTE	PRJEB68345	10.12688/wellcomeopenres.23796.1	40225904	The genome sequence of the Maple Pug moth, Eupithecia inturbata (Hübner, 1817).	high	assembly_name
GCA_955876795.1	Eupithecia tripunctaria	WELLCOME SANGER INSTITUTE	PRJEB63343	10.12688/wellcomeopenres.23096.1		The genome sequence of the White-spotted Pug moth, Eupithecia tripunctaria Herrich-Schäffer, 1852	medium	organism_title
GCA_946478455.1	Eupithecia vulgata	WELLCOME SANGER INSTITUTE	PRJEB55558	10.12688/wellcomeopenres.19246.1	38274410	The genome sequence of the Common Pug, Eupithecia vulgata (Haworth, 1809).	high	assembly_name
GCA_947859395.1	Eupithecia insigniata	WELLCOME SANGER INSTITUTE	PRJEB58749	10.12688/wellcomeopenres.19652.1		The genome sequence of the Pinion-spotted Pug, Eupithecia insigniata (Hübner, 1790)	medium	organism_title
GCA_963931895.1	Eupithecia pulchellata	WELLCOME SANGER INSTITUTE	PRJEB72233	10.12688/wellcomeopenres.23422.1		The genome sequence of the Foxglove Pug moth, Eupithecia pulchellata Stephens, 1831	medium	organism_title
GCA_964277175.1	Eupithecia semigraphata	WELLCOME SANGER INSTITUTE	PRJEB81344	10.12688/wellcomeopenres.25874.1		The genome sequence of Eupithecia semigraphata Bruand, 1850 (Lepidoptera: Geometridae)	medium	organism_title
GCA_949316285.1	Eupithecia subumbrata	WELLCOME SANGER INSTITUTE	PRJEB60130	10.12688/wellcomeopenres.20829.1		The genome sequence of the Shaded Pug, Eupithecia subumbrata (Denis & Schiffermüller, 1775)	medium	organism_title
GCA_932526365.1	Lobophora halterata	WELLCOME SANGER INSTITUTE	PRJEB51383	10.12688/wellcomeopenres.18713.1	36874578	The genome sequence of the Seraphim, Lobophora halterata (Hufnagel, 1767).	high	assembly_name
GCA_932294275.1	Chloroclysta siterata	WELLCOME SANGER INSTITUTE	PRJEB51275	10.12688/wellcomeopenres.19301.1	38779046	The genome sequence of the Red-green Carpet, Chloroclysta siterata (Hufnagel, 1767).	high	assembly_name
GCA_964340725.1	Perizoma didymatum	WELLCOME SANGER INSTITUTE	PRJEB82589	10.12688/wellcomeopenres.21016.1	39345342	The genome sequence of the Rivulet moth, Perizoma affinitatum (Stephens, 1831).	low	organism_genus_title
GCA_961405105.1	Perizoma affinitatum	WELLCOME SANGER INSTITUTE	PRJEB64626	10.12688/wellcomeopenres.21016.1	39345342	The genome sequence of the Rivulet moth, Perizoma affinitatum (Stephens, 1831).	high	assembly_name
GCA_964188255.1	Perizoma blandiatum	WELLCOME SANGER INSTITUTE	PRJEB76721	10.12688/wellcomeopenres.21016.1	39345342	The genome sequence of the Rivulet moth, Perizoma affinitatum (Stephens, 1831).	low	organism_genus_title
GCA_958496245.1	Perizoma flavofasciatum	WELLCOME SANGER INSTITUTE	PRJEB64367	10.12688/wellcomeopenres.23612.1	40062320	The genome sequence of the Sandy Carpet moth, Perizoma flavofasciatum (Thunberg, 1792).	high	assembly_name
GCA_964638615.1	Euchoeca nebulata	WELLCOME SANGER INSTITUTE	PRJEB83298	10.12688/wellcomeopenres.25208.1		The genome sequence of the Dingy Shell, Euchoeca nebulata (Scopoli, 1763) (Lepidoptera: Geometridae)	medium	organism_title
GCA_964188155.1	Thera firmata	WELLCOME SANGER INSTITUTE	PRJEB76725	10.12688/wellcomeopenres.25046.1	41502541	The genome sequence of the Pine Carpet, Thera firmata Hübner, 1822 (Lepidoptera: Geometridae).	high	assembly_name
GCA_964194115.1	Thera juniperata	WELLCOME SANGER INSTITUTE	PRJEB76899	10.12688/wellcomeopenres.26625.1		The genome sequence of the Juniper Carpet, Thera juniperata (Linnaeus, 1758) (Lepidoptera: Geometridae)	medium	organism_title
GCA_947578465.1	Thera obeliscata	WELLCOME SANGER INSTITUTE	PRJEB58285	10.12688/wellcomeopenres.20005.1	38764975	The genome sequence of the Grey Pine Carpet, Thera obeliscata (Hübner, 1787).	high	assembly_name
GCA_939531255.2	Thera britannica	WELLCOME SANGER INSTITUTE	PRJEB52422	10.12688/wellcomeopenres.19107.1	37408609	The genome sequence of the Spruce Carpet Moth, Thera britannica (Turner, 1925).	high	assembly_name
GCA_964291035.1	Scotopteryx chenopodiata	WELLCOME SANGER INSTITUTE	PRJEB81497	10.12688/wellcomeopenres.24000.1		The genome sequence of the Shaded Broad-bar moth, Scotopteryx chenopodiata (Linnaeus, 1758)	medium	organism_title
GCA_949320045.1	Scotopteryx bipunctaria	WELLCOME SANGER INSTITUTE	PRJEB60251	10.12688/wellcomeopenres.22609.1		The genome sequence of the Chalk Carpet moth, Scotopteryx bipunctaria ([Denis & Schiffermüller], 1775)	medium	organism_title
GCA_963082625.1	Pasiphila rectangulata	WELLCOME SANGER INSTITUTE	PRJEB64810	10.12688/wellcomeopenres.21224.2	41170149	The genome sequence of the Green Pug moth, Pasiphila rectangulata (Linnaeus, 1758).	high	assembly_name
GCA_964235345.1	Rheumaptera undulata	WELLCOME SANGER INSTITUTE	PRJEB79079	10.12688/wellcomeopenres.25426.1		The genome sequence of the Scallop Shell Moth, Rheumaptera undulata (Linnaeus, 1758) (Lepidoptera: Geometridae)	medium	organism_title
GCA_964273775.1	Rheumaptera hastata	WELLCOME SANGER INSTITUTE	PRJEB80781	10.12688/wellcomeopenres.26808.1		The genome sequence of the Argent & Sable moth, Rheumaptera hastata (Linnaeus, 1758) (Lepidoptera: Geometridae)	medium	organism_title
GCA_951394065.1	Venusia cambrica	WELLCOME SANGER INSTITUTE	PRJEB62017	10.12688/wellcomeopenres.23395.1	39949507	The genome sequence of the Welsh wave moth, Venusia cambrica Curtis, 1839.	high	assembly_name
GCA_951804965.1	Horisme vitalbata	WELLCOME SANGER INSTITUTE	PRJEB62768	10.12688/wellcomeopenres.23694.1		The genome sequence of the Small Waved Umber moth, Horisme vitalbata (Denis & Schiffermüller), 1775	medium	organism_title
GCA_964341575.1	Horisme tersata	WELLCOME SANGER INSTITUTE	PRJEB82863	10.12688/wellcomeopenres.24980.1	41394793	The genome sequence of the Fern moth, Horisme tersata (Denis & Schiffermüller) , 1775 (Lepidoptera: Geometridae).	high	assembly_name
GCA_947579855.1	Anticlea derivata	WELLCOME SANGER INSTITUTE	PRJEB58274	10.12688/wellcomeopenres.19525.1		The genome sequence of the Streamer, Anticlea derivata (Denis & Schiffermüller, 1775)	medium	organism_title
GCA_965285885.1	Acasis viretata	WELLCOME SANGER INSTITUTE	PRJEB89756	10.12688/wellcomeopenres.24888.1	41098171	The genome sequence of the Yellow-barred Brindle, Acasis viretata (Hübner, 1799) (Lepidoptera: Geometridae).	high	assembly_name
GCA_963924445.1	Philereme transversata	WELLCOME SANGER INSTITUTE	PRJEB72041	10.12688/wellcomeopenres.24265.1	40697421	The genome sequence of the Dark Umber moth, Philereme transversata (Hufnagel, 1767).	high	assembly_name
GCA_918857605.2	Philereme vetulata	WELLCOME SANGER INSTITUTE	PRJEB48680	10.12688/wellcomeopenres.18948.1		The genome sequence of the Brown Scallop, Philereme vetulata (Denis and Schiffermüller, 1775)	medium	organism_title
GCA_958496255.1	Camptogramma bilineatum	WELLCOME SANGER INSTITUTE	PRJEB64370	10.12688/wellcomeopenres.21224.2	41170149	The genome sequence of the Green Pug moth, Pasiphila rectangulata (Linnaeus, 1758).	high	accession
GCA_921293045.1	Aplocera efformata	WELLCOME SANGER INSTITUTE	PRJEB49084	10.12688/wellcomeopenres.18595.1	37942213	The genome sequence of the lesser treble-bar moth, Aplocera efformata (Guenée, 1857).	high	assembly_name
GCA_965199025.1	Aplocera plagiata	WELLCOME SANGER INSTITUTE	PRJEB86824	10.12688/wellcomeopenres.25721.1	42359118	The genome sequence of the Purple Treble-bar, Aplocera praeformata (Hübner, 1826) (Lepidoptera: Geometridae).	low	organism_genus_title
GCA_964341365.1	Catarhoe cuculata	WELLCOME SANGER INSTITUTE	PRJEB82807	10.12688/wellcomeopenres.26829.1		The genome sequence of the Royal Mantle, Catarhoe cuculata (Hufnagel, 1767) (Lepidoptera: Geometridae)	medium	organism_title
GCA_947359385.1	Chesias legatella	WELLCOME SANGER INSTITUTE	PRJEB57609	10.12688/wellcomeopenres.19298.2	39247705	The genome sequence of the Streak, Chesias legatella (Denis & Schiffermüller, 1775).	high	assembly_name
GCA_965278185.1	Colostygia multistrigaria	WELLCOME SANGER INSTITUTE	PRJEB89206	10.12688/wellcomeopenres.25410.1	41541407	The genome sequence of the Mottled Grey, Colostygia multistrigaria (Haworth, 1809) (Lepidoptera: Geometridae).	high	assembly_name
GCA_951394395.1	Colostygia pectinataria	WELLCOME SANGER INSTITUTE	PRJEB62081	10.12688/wellcomeopenres.21013.1		The genome sequence of the Green Carpet moth, Colostygia pectinataria (Knoch, 1781)	medium	organism_title
GCA_963675405.1	Cosmorhoe ocellata	WELLCOME SANGER INSTITUTE	PRJEB69570	10.12688/wellcomeopenres.23348.1		The genome sequence of the Purple Bar moth, Cosmorhoe ocellata (Linnaeus, 1758)	medium	organism_title
GCA_947095575.1	Electrophaes corylata	WELLCOME SANGER INSTITUTE	PRJEB56845	10.12688/wellcomeopenres.19627.1	37766852	The genome sequence of the Broken-barred Carpet, Electrophaes corylata (Thunberg, 1792).	high	assembly_name
GCA_947859175.1	Gandaritis pyraliata	WELLCOME SANGER INSTITUTE	PRJEB58744	10.12688/wellcomeopenres.19526.2	41550274	The genome sequence of the Barred Straw, Gandaritis pyraliata (Denis & Schiffermüller, 1775).	high	assembly_name
GCA_929108375.1	Gymnoscelis rufifasciata	WELLCOME SANGER INSTITUTE	PRJEB50655	10.12688/wellcomeopenres.17790.1	37546168	The genome sequence of the double-striped pug, Gymnoscelis rufifasciata (Haworth, 1809).	high	assembly_name
GCA_948098915.1	Lampropteryx suffumata	WELLCOME SANGER INSTITUTE	PRJEB58771	10.12688/wellcomeopenres.19654.2	41994310	The genome sequence of the Water Carpet, Lampropteryx suffumata (Denis & Schiffermiiller, 1775).	high	assembly_name
GCA_963576535.1	Plemyria rubiginata	WELLCOME SANGER INSTITUTE	PRJEB68104	10.12688/wellcomeopenres.21665.1	39309224	The genome sequence of the Blue-bordered Carpet moth Plemyria rubiginata (Denis & Schiffermüller) 1775.	high	assembly_name
GCA_964204945.1	Pterapherapteryx sexalata	WELLCOME SANGER INSTITUTE	PRJEB78416	10.12688/wellcomeopenres.27368.1		The genome sequence of the Small Seraphim, Pterapherapteryx sexalata (Retzius, 1783) (Lepidoptera: Geometridae)	medium	organism_title
GCA_947507615.1	Hemithea aestivaria	WELLCOME SANGER INSTITUTE	PRJEB57860	10.12688/wellcomeopenres.19542.1	38764972	The genome sequence of the Common Emerald, Hemithea aestivaria (Hübner, 1789).	high	assembly_name
GCA_947063395.1	Hemistola chrysoprasaria	WELLCOME SANGER INSTITUTE	PRJEB56655	10.12688/wellcomeopenres.19999.1	39224879	The genome sequence of the Small Emerald, Hemistola chrysoprasaria (Esper, 1795).	high	assembly_name
GCA_946251855.1	Alsophila aescularia	WELLCOME SANGER INSTITUTE	PRJEB55428	10.12688/wellcomeopenres.20650.2	41210100	The genome sequence of the March moth, Alsophila aescularia (Denis & Schiffermüller).	high	assembly_name
GCA_964258875.1	Colotois pennaria	WELLCOME SANGER INSTITUTE	PRJEB79465	10.12688/wellcomeopenres.23992.1		The genome sequence of the Feathered Thorn moth, Colotois pennaria (Linnaeus, 1761)	medium	organism_title
GCA_905404285.2	Erannis defoliaria	WELLCOME SANGER INSTITUTE	PRJEB43988	10.12688/wellcomeopenres.17815.1		The genome sequence of the mottled umber, Erannis defoliaria (Clerk, 1759)	medium	organism_title
GCA_914767915.1	Agriopis aurantiaria	WELLCOME SANGER INSTITUTE	PRJEB47361	10.12688/wellcomeopenres.19922.1	38779060	The genome sequence of the Scarce Umber, Agriopis aurantiaria (Hübner, 1799).	high	assembly_name
GCA_932305915.1	Agriopis marginaria	WELLCOME SANGER INSTITUTE	PRJEB51287	10.12688/wellcomeopenres.19284.1	37600582	The genome sequence of the Dotted Border, Agriopis marginaria (Fabricius, 1776).	high	assembly_name
GCA_949125355.1	Agriopis leucophaearia	WELLCOME SANGER INSTITUTE	PRJEB59425	10.12688/wellcomeopenres.22861.1		The genome sequence of the Spring Usher moth, Agriopis leucophaearia (Denis & Schiffermüller), 1775	medium	organism_title
GCA_947563715.1	Lycia hirtaria	WELLCOME SANGER INSTITUTE	PRJEB58177	10.12688/wellcomeopenres.19650.1	39026607	The genome sequence of the Brindled Beauty, Lycia hirtaria (Clerck, 1759).	high	assembly_name
GCA_949125135.1	Alcis repandata	WELLCOME SANGER INSTITUTE	PRJEB59429	10.12688/wellcomeopenres.22886.1		The genome sequence of the Mottled Beauty moth, Alcis repandata (Linnaeus, 1758)	medium	organism_title
GCA_964304455.1	Perconia strigillaria	WELLCOME SANGER INSTITUTE	PRJEB81789	10.12688/wellcomeopenres.25813.1		The genome sequence of the Grass Wave, Perconia strigillaria (Hübner, 1787) (Lepidoptera: Geometridae)	medium	organism_title
GCA_911728515.1	Peribatodes rhomboidaria	WELLCOME SANGER INSTITUTE	PRJEB46633	10.12688/wellcomeopenres.19479.1	38249957	The genome sequence of the Willow Beauty, Peribatodes rhomboidaria (Denis & Schiffermüller, 1775).	high	assembly_name
GCA_964270865.1	Siona lineata	WELLCOME SANGER INSTITUTE	PRJEB80622	10.12688/wellcomeopenres.25729.1		The genome sequence of the Black-veined Moth, Siona lineata (Scopoli, 1763) (Lepidoptera: Geometridae)	medium	organism_title
GCA_964264065.1	Glacies alpinata	WELLCOME SANGER INSTITUTE	PRJEB80012	10.12688/wellcomeopenres.24664.1	40931743	The genome sequence of Glacies alpinata (Scopoli, 1763) (Lepidoptera: Geometridae).	high	assembly_name
GCA_905220475.3	Ennomos fuscantarius	WELLCOME SANGER INSTITUTE	PRJEB42882	10.12688/wellcomeopenres.20174.2	41768099	The genome sequence of the Dusky Thorn moth, Ennomos fuscantarius (Haworth, 1809).	high	assembly_name
GCA_910589525.2	Ennomos quercinarius	WELLCOME SANGER INSTITUTE	PRJEB45324	10.12688/wellcomeopenres.20175.1		The genome sequence of the August Thorn, Ennomos quercinarius (Hufnagel, 1767)	medium	organism_title
GCA_963580505.1	Ennomos erosarius	WELLCOME SANGER INSTITUTE	PRJEB67935	10.12688/wellcomeopenres.22254.1	41194777	The genome sequence of the September Thorn moth, Ennomos erosaria (Denis & Schiffermüller), 1775.	high	assembly_name
GCA_948107665.1	Lomographa bimaculata	WELLCOME SANGER INSTITUTE	PRJEB58782	10.12688/wellcomeopenres.20841.1	39257623	The genome sequence of the White-pinion Spotted, Lomographa bimaculata (Fabricius, 1775).	high	assembly_name
GCA_964199915.1	Lomographa temerata	WELLCOME SANGER INSTITUTE	PRJEB77678	10.12688/wellcomeopenres.26251.1		The genome sequence of the Clouded Silver, Lomographa temerata (Denis & Schiffermüller), 1775 (Lepidoptera: Geometridae)	medium	organism_title
GCA_964276425.1	Aethalura punctulata	WELLCOME SANGER INSTITUTE	PRJEB81177	10.12688/wellcomeopenres.25774.1		The genome sequence of the Grey Birch, Aethalura punctulata (Denis & Schiffermüller), 1775 (Lepidoptera: Geometridae)	medium	organism_title
GCA_017562165.1	Ectropis grisescens	CAS Center for Excellence in Molecular Plant Sciences / Institute of Plant Physiology and Ecology	PRJNA660825	10.1186/s12864-023-09446-7	37349677	Genome-wide identification and immune response analysis of mitogen-activated protein kinase cascades in tea geometrid, Ectropis grisescens Warren (Geometridae, Lepidoptera).	medium	bioproject_text
GCA_963693475.1	Ectropis crepuscularia	WELLCOME SANGER INSTITUTE	PRJEB70811	10.12688/wellcomeopenres.23995.1		The genome sequence of the Engrailed moth, Ectropis crepuscularia (Denis & Schiffermüller), 1775	medium	organism_title
GCA_947579745.1	Apocheima hispidaria	WELLCOME SANGER INSTITUTE	PRJEB58278	10.12688/wellcomeopenres.22423.1		The genome sequence of the Small Brindled Beauty moth, Apocheima hispidaria (Denis & Schiffermüller, 1775)	medium	organism_title
GCA_046203345.1	Phthonandria atrilineata	Hechi University	PRJNA1168486	10.1038/s41597-025-04509-8	39890890	A high-quality chromosome-level genome assembly of the mulberry looper, Phthonandria atrilineata.	medium	organism_title
GCA_964187985.1	Abraxas sylvata	WELLCOME SANGER INSTITUTE	PRJEB76706	10.12688/wellcomeopenres.27282.1		The genome sequence of the Clouded Magpie, Abraxas sylvata (Scopoli, 1763) (Lepidoptera: Geometridae)	medium	organism_title
GCA_954871355.1	Cabera pusaria	WELLCOME SANGER INSTITUTE	PRJEB63255	10.12688/wellcomeopenres.20135.1	38868627	The genome sequence of the Common White Wave, Cabera pusaria (Linnaeus, 1758).	medium	organism_title
GCA_964340555.1	Cabera exanthemata	WELLCOME SANGER INSTITUTE	PRJEB82578	10.12688/wellcomeopenres.20135.1	38868627	The genome sequence of the Common White Wave, Cabera pusaria (Linnaeus, 1758).	low	organism_genus_title
GCA_964197775.1	Macaria brunneata	WELLCOME SANGER INSTITUTE	PRJEB77182	10.12688/wellcomeopenres.26581.1		The genome sequence of the Tawny-barred Angle, Macaria liturata (Clerck, 1759) (Lepidoptera: Geometridae)	low	organism_genus_title
GCA_927399415.1	Macaria notata	WELLCOME SANGER INSTITUTE	PRJEB50000	10.12688/wellcomeopenres.18108.1	37767015	The genome sequence of the peacock moth, Macaria notata (Linnaeus, 1758).	high	assembly_name
GCA_964662155.1	Macaria alternata	WELLCOME SANGER INSTITUTE	PRJEB83789	10.12688/wellcomeopenres.26581.1		The genome sequence of the Tawny-barred Angle, Macaria liturata (Clerck, 1759) (Lepidoptera: Geometridae)	low	organism_genus_title
GCA_964662175.1	Macaria alternata	WELLCOME SANGER INSTITUTE	PRJEB83788	10.12688/wellcomeopenres.26581.1		The genome sequence of the Tawny-barred Angle, Macaria liturata (Clerck, 1759) (Lepidoptera: Geometridae)	low	organism_genus_title
GCA_964023185.2	Macaria liturata	WELLCOME SANGER INSTITUTE	PRJEB74569	10.12688/wellcomeopenres.26581.1		The genome sequence of the Tawny-barred Angle, Macaria liturata (Clerck, 1759) (Lepidoptera: Geometridae)	medium	organism_title
GCA_964007245.1	Hypomecis atomaria	WELLCOME SANGER INSTITUTE	PRJEB74016	10.12688/wellcomeopenres.25218.1	41623507	The genome sequence of the Common Heath moth, Hypomecis atomaria (Linnaeus, 1758) (Lepidoptera: Geometridae).	high	assembly_name
GCA_949316475.1	Hypomecis punctinalis	WELLCOME SANGER INSTITUTE	PRJEB60123	10.12688/wellcomeopenres.23061.1	41064473	The genome sequence of the Pale Oak Beauty, Hypomecis punctinalis (Scopoli, 1763).	high	assembly_name
GCA_917880725.1	Selenia dentaria	WELLCOME SANGER INSTITUTE	PRJEB48177	10.12688/wellcomeopenres.20140.1	38707490	The genome sequence of the Early Thorn, Selenia dentaria (Fabricius, 1775).	high	assembly_name
GCA_951640565.1	Petrophora chlorosata	WELLCOME SANGER INSTITUTE	PRJEB62197	10.12688/wellcomeopenres.22891.1		The genome sequence of the Brown Silver-line moth, Petrophora chlorosata (Scopoli, 1763)	medium	organism_title
GCA_965234205.1	Odontopera bidentata	WELLCOME SANGER INSTITUTE	PRJEB87986	10.12688/wellcomeopenres.25054.1		The genome sequence of the Scalloped Hazel moth, Odontopera bidentata (Clerck, 1759) (Lepidoptera: Geometridae)	medium	organism_title
GCA_947049295.1	Ligdia adustata	WELLCOME SANGER INSTITUTE	PRJEB56552	10.12688/wellcomeopenres.20611.1		The genome sequence of the Scorched Carpet, Ligdia adustata (Denis & Schiffermüller, 1775)	medium	organism_title
GCA_907269065.1	Crocallis elinguaria	WELLCOME SANGER INSTITUTE	PRJEB44955	10.12688/wellcomeopenres.20081.1	38644930	The genome sequence of the Scalloped Oak, Crocallis elinguaria (Linneas, 1758).	high	assembly_name
GCA_964204675.1	Epione repandaria	WELLCOME SANGER INSTITUTE	PRJEB78397	10.12688/wellcomeopenres.27370.1		The genome sequence of the Bordered Beauty, Epione repandaria (Hufnagel, 1767) (Lepidoptera: Geometridae)	medium	organism_title
GCA_931315375.2	Opisthograptis luteolata	WELLCOME SANGER INSTITUTE	PRJEB51048	10.12688/wellcomeopenres.18101.1	36226159	The genome sequence of the brimstone moth, Opisthograptis luteolata (Linnaeus, 1758).	high	assembly_name
GCA_964276655.1	Parectropis similaria	WELLCOME SANGER INSTITUTE	PRJEB81263	10.12688/wellcomeopenres.23984.1	41040654	The genome sequence of the Brindled White-spot moth, Parectropis similaria (Hufnagel, 1767).	high	assembly_name
GCA_964260665.1	Pseudopanthera macularia	WELLCOME SANGER INSTITUTE	PRJEB79559	10.12688/wellcomeopenres.24673.1	41195090	The genome sequence of the Speckled Yellow, Pseudopanthera macularia (Linnaeus, 1758) (Lepidoptera: Geometridae).	high	assembly_name
GCA_905147375.1	Hylaea fasciaria	Wellcome Sanger Institute	PRJEB41918	10.12688/wellcomeopenres.19925.1		The genome sequence of the Barred Red, Hylaea fasciaria (Linnaeus, 1758)	medium	organism_title
GCA_950106695.1	Biston stratarius	WELLCOME SANGER INSTITUTE	PRJEB61677	10.12688/wellcomeopenres.20835.1	39101049	The genome sequence of the Oak Beauty, Biston strataria (Hufnagel, 1767).	high	assembly_name
GCA_905404145.2	Biston betularia	WELLCOME SANGER INSTITUTE	PRJEB43984	10.12688/wellcomeopenres.17578.1	37008251	The genome sequence of the peppered moth, Biston betularia Linnaeus, 1758.	high	assembly_name
GCA_912999815.1	Campaea margaritaria	WELLCOME SANGER INSTITUTE	PRJEB47023	10.12688/wellcomeopenres.20136.1	38404638	The genome sequence of the Light Emerald, Campaea margaritaria (Linnaeus, 1761).	high	assembly_name
GCA_963890685.1	Plagodis pulveraria	WELLCOME SANGER INSTITUTE	PRJEB71345	10.12688/wellcomeopenres.23999.1		The genome sequence of the Barred Umber moth, Plagodis pulveraria (Linnaeus, 1758)	medium	organism_title
GCA_963854805.1	Plagodis dolabraria	WELLCOME SANGER INSTITUTE	PRJEB70823	10.12688/wellcomeopenres.23761.1	40125538	The genome sequence of the Scorched Wing moth, Plagodis dolabraria (Linnaeus, 1767).	high	assembly_name
GCA_934044485.1	Apeira syringaria	WELLCOME SANGER INSTITUTE	PRJEB51787	10.12688/wellcomeopenres.19208.1	38798993	The genome sequence of the Lilac Beauty, Apeira syringaria (Linnaeus, 1758).	high	assembly_name
GCA_947284805.1	Coleophora flavipennella	WELLCOME SANGER INSTITUTE	PRJEB57304	10.12688/wellcomeopenres.19917.1	38686023	The genome sequence of the Tipped Oak Case-bearer, Coleophora flavipennella (Duponchel 1843).	high	assembly_name
GCA_958295455.1	Coleophora deauratella	WELLCOME SANGER INSTITUTE	PRJEB63671	10.12688/wellcomeopenres.22581.1	39469292	The genome sequence of the Red-clover Case-bearer, Coleophora deauratella Zeller, 1846.	high	assembly_name
GCA_964656335.1	Batrachedra praeangusta	WELLCOME SANGER INSTITUTE	PRJEB83356	10.12688/wellcomeopenres.24308.1	40894107	The genome sequence of the Poplar Cosmet moth, Batrachedra praeangusta (Haworth, 1828).	high	assembly_name
GCA_965195335.1	Limnaecia phragmitella	WELLCOME SANGER INSTITUTE	PRJEB86501	10.12688/wellcomeopenres.24881.1	41140638	The genome sequence of the Shy Cosmet Moth, Limnaecia phragmitella Stainton, 1851 (Lepidoptera: Cosmopterigidae).	high	assembly_name
GCA_907269095.1	Blastobasis adustella	WELLCOME SANGER INSTITUTE	PRJEB44953	10.12688/wellcomeopenres.19900.1		The genome sequence of the Dingy Dowd, Blastobasis adustella (Walsingham, 1894)	medium	organism_title
GCA_905147135.1	Blastobasis lacticolella	Wellcome Sanger Institute	PRJEB41904	10.12688/wellcomeopenres.19839.1		The genome sequence of the London Dowd, Blastobasis lacticolella (Rebel, 1939)	medium	organism_title
GCA_964258865.1	Diurnea lipsiella	WELLCOME SANGER INSTITUTE	PRJEB79463	10.12688/wellcomeopenres.26577.1		The genome sequence of the Late Reveller, Diurnea lipsiella (Denis & Schiffermüller, 1775) (Lepidoptera: Lypusidae)	medium	organism_title
GCA_964059355.1	Diurnea fagella	WELLCOME SANGER INSTITUTE	PRJEB76074	10.12688/wellcomeopenres.26836.1		The genome sequence of the Early Reveller, Diurnea fagella (Denis & Schiffermüller, 1775) (Lepidoptera: Lypusidae)	medium	organism_title
GCA_963693445.1	Agonopterix heracliana	WELLCOME SANGER INSTITUTE	PRJEB70814	10.12688/wellcomeopenres.22461.1	39398940	The genome sequence of the Common Flat-body moth, Agonopterix heracliana Linnaeus, 1758.	high	assembly_name
GCA_927399405.1	Agonopterix arenella	WELLCOME SANGER INSTITUTE	PRJEB50001	10.12688/wellcomeopenres.19252.1	39262678	The genome sequence of the Brindled Flat-body, Agonopterix arenella (Denis & Schiffermüller, 1775).	high	assembly_name
GCA_922987775.1	Agonopterix subpropinquella	WELLCOME SANGER INSTITUTE	PRJEB49378	10.12688/wellcomeopenres.20170.1	38716048	The genome sequence of the Ruddy Flat-body, Agonopterix subpropinquella (Stainton, 1849).	high	assembly_name
GCA_965366125.1	Agonopterix yeatiana	WELLCOME SANGER INSTITUTE	PRJEB90317	10.12688/wellcomeopenres.22461.1	39398940	The genome sequence of the Common Flat-body moth, Agonopterix heracliana Linnaeus, 1758.	low	organism_genus_title
GCA_965366175.1	Agonopterix yeatiana	WELLCOME SANGER INSTITUTE	PRJEB90316	10.12688/wellcomeopenres.22461.1	39398940	The genome sequence of the Common Flat-body moth, Agonopterix heracliana Linnaeus, 1758.	low	organism_genus_title
GCA_963924505.1	Agonopterix alstromeriana	WELLCOME SANGER INSTITUTE	PRJEB72085	10.12688/wellcomeopenres.24012.1		The genome sequence of the Brown-spot Flat-body moth, Agonopterix alstromeriana (Clerck, 1759)	medium	organism_title
GCA_963855545.1	Ethmia dodecea	WELLCOME SANGER INSTITUTE	PRJEB70834	10.12688/wellcomeopenres.23750.1	40600126	The genome sequence of the Dotted Ermel moth, Ethmia dodecea (Haworth, 1828).	high	assembly_name
GCA_910589575.2	Carcina quercana	WELLCOME SANGER INSTITUTE	PRJEB45321	10.12688/wellcomeopenres.18596.1	37251658	The genome sequence of the long-horned flat-body, Carcina quercana (Fabricius, 1775).	high	assembly_name
GCA_964277305.1	Platyedra subcinerea	WELLCOME SANGER INSTITUTE	PRJEB81348	10.12688/wellcomeopenres.26937.1		The genome sequence of the Mallow Seed Moth, Platyedra subcinerea (Haworth, 1828) (Lepidoptera: Gelechiidae)	medium	organism_title
GCA_964059635.1	Bryotropha terrella	WELLCOME SANGER INSTITUTE	PRJEB76091	10.12688/wellcomeopenres.24324.1	40904416	The genome sequence of the Brown Moss-moth, Bryotropha terrella (Denis & Schiffermüller), 1775.	high	assembly_name
GCA_965641975.1	Bryotropha affinis	WELLCOME SANGER INSTITUTE	PRJEB92163	10.12688/wellcomeopenres.24324.1	40904416	The genome sequence of the Brown Moss-moth, Bryotropha terrella (Denis & Schiffermüller), 1775.	low	organism_genus_title
GCA_948473455.1	Teleiodes luculella	WELLCOME SANGER INSTITUTE	PRJEB59316	10.12688/wellcomeopenres.21090.1	39139615	The genome sequence of the Crescent Groundling, Teleiodes luculella (Hübner, 1813).	high	assembly_name
GCA_965178035.1	Teleiodes vulgella	WELLCOME SANGER INSTITUTE	PRJEB86240	10.12688/wellcomeopenres.21090.1	39139615	The genome sequence of the Crescent Groundling, Teleiodes luculella (Hübner, 1813).	low	organism_genus_title
GCA_947532105.1	Athrips mouffetella	WELLCOME SANGER INSTITUTE	PRJEB58023	10.12688/wellcomeopenres.20840.1	39015611	The genome sequence of the Dotted Grey Groundling, Athrips mouffetella (Linnaeus, 1758).	high	assembly_name
GCA_965195395.1	Mirificarma mulinella	WELLCOME SANGER INSTITUTE	PRJEB86504	10.12688/wellcomeopenres.26509.1		The genome sequence of the Gorse Streak, Mirificarma mulinella (Zeller, 1839) (Lepidoptera: Gelechiidae)	medium	organism_title
GCA_965204955.1	Parachronistis albiceps	WELLCOME SANGER INSTITUTE	PRJEB86915	10.12688/wellcomeopenres.26874.1		The genome sequence of the Wood Groundling, Parachronistis albiceps (Zeller, 1839) (Lepidoptera: Gelechiidae)	medium	organism_title
GCA_949820665.1	Scrobipalpa costella	WELLCOME SANGER INSTITUTE	PRJEB61373	10.12688/wellcomeopenres.22607.1		The genome sequence of the Bittersweet Moth, Scrobipalpa costella (Humphreys & Westwood, 1845)	medium	organism_title
GCA_965112585.1	Scrobipalpa ocellatella	WELLCOME SANGER INSTITUTE	PRJEB84232	10.12688/wellcomeopenres.22607.1		The genome sequence of the Bittersweet Moth, Scrobipalpa costella (Humphreys & Westwood, 1845)	low	organism_genus_title
GCA_951230895.1	Carpatolechia fugitivella	WELLCOME SANGER INSTITUTE	PRJEB61900	10.12688/wellcomeopenres.21267.1	39139614	The genome sequence of the Elm Groundling moth, Carpatolechia fugitivella (Zeller, 1839).	high	assembly_name
GCA_029230345.1	Tuta absoluta	China Agricultural University	PRJNA926790	10.1038/s41597-023-02299-5	37330594	A chromosome-level genome assembly of tomato pinworm, Tuta absoluta.	medium	organism_title
GCA_947563765.1	Anarsia innoxiella	WELLCOME SANGER INSTITUTE	PRJEB58175	10.12688/wellcomeopenres.19514.1	39139763	The genome sequence of the Acer Sober, Anarsia innoxiella (Gregersen & Karsholt, 2017).	high	assembly_name
GCA_949987775.1	Aproaerema taeniolella	WELLCOME SANGER INSTITUTE	PRJEB61576	10.12688/wellcomeopenres.22890.1	39568559	The genome sequence of the Silver-barred Sober moth, Aproaerema taeniolella (Zeller, 1839).	high	assembly_name
GCA_965199015.1	Brachmia blandella	WELLCOME SANGER INSTITUTE	PRJEB86826	10.12688/wellcomeopenres.24971.1	41797873	The genome sequence of the Gorse Wanderer, Brachmia blandella (Fabricius, 1798) (Lepidoptera: Gelechiidae).	high	assembly_name
GCA_051201365.1	Helcystogramma triannulella	Henan Institute of Science and Technology	PRJNA1215029	10.1038/s41597-025-05850-8	40887489	Chromosome-scale genome assembly of Helcystogramma triannulella (Lepidoptera: Gelechiidae).	high	bioproject_text
GCA_949316235.1	Oegoconia quadripuncta	WELLCOME SANGER INSTITUTE	PRJEB60143	10.12688/wellcomeopenres.19737.1	39228828	The genome sequence of the Four-dotted Obscure, Oegoconia quadripuncta (Haworth 1829).	high	assembly_name
GCA_947369225.1	Hofmannophila pseudospretella	WELLCOME SANGER INSTITUTE	PRJEB57707	10.12688/wellcomeopenres.19394.1	41000208	The genome sequence of the Brown House-moth, Hofmannophila pseudospretella (Stainton, 1849).	high	assembly_name
GCA_965279785.1	Stathmopoda pedella	WELLCOME SANGER INSTITUTE	PRJEB89417	10.12688/wellcomeopenres.27373.1		The genome sequence of the Alder Signal, Stathmopoda pedella (Linnaeus, 1761) (Lepidoptera: Oecophoridae)	medium	organism_title
GCA_965279865.1	Stathmopoda pedella	WELLCOME SANGER INSTITUTE	PRJEB89416	10.12688/wellcomeopenres.27373.1		The genome sequence of the Alder Signal, Stathmopoda pedella (Linnaeus, 1761) (Lepidoptera: Oecophoridae)	medium	organism_title
GCA_949699065.1	Metalampra italica	WELLCOME SANGER INSTITUTE	PRJEB60674	10.12688/wellcomeopenres.19829.1		The genome sequence of the Italian Tubic, Metalampra italica (Baldizzone, 1977)	medium	organism_title
GCA_947086405.1	Esperia sulphurella	WELLCOME SANGER INSTITUTE	PRJEB56788	10.12688/wellcomeopenres.19212.1	38046189	The genome sequence of the Sulphur Tubic, Esperia sulphurella (Fabricius, 1775).	high	assembly_name
GCA_963506565.1	Tachystola acroxantha	WELLCOME SANGER INSTITUTE	PRJEB66176	10.12688/wellcomeopenres.21584.1	40012988	The genome sequence of the Ruddy Streak moth, Tachystola acroxantha (Meyrick, 1885).	high	assembly_name
GCA_046579625.1	Atrijuglans aristata	capital normal university	PRJNA933378	10.1038/s41597-025-04754-x	40075062	Chromosome-level genome assembly of a specialist walnut pest Atrijuglans aristata.	high	bioproject_text
GCA_965234895.1	Pseudoswammerdamia combinella	WELLCOME SANGER INSTITUTE	PRJEB88102	10.12688/wellcomeopenres.27367.1		The genome sequence of the Copper-tipped Ermine, Pseudoswammerdamia combinella (Hübner, 1786) (Lepidoptera: Yponomeutidae)	medium	organism_title
GCA_947310845.1	Yponomeuta plumbellus	WELLCOME SANGER INSTITUTE	PRJEB57380	10.12688/wellcomeopenres.19368.1	38046192	The genome sequence of the Black-tipped Ermine, Yponomeuta plumbella (Denis & Schiffermüller, 1775).	high	assembly_name
GCA_947310995.1	Yponomeuta cagnagella	WELLCOME SANGER INSTITUTE	PRJEB57344	10.1038/s42003-022-04240-9	36418465	Genome sequence and silkomics of the spindle ermine moth, Yponomeuta cagnagella, representing the early diverging lineage of the ditrysian Lepidoptera.	medium	organism_title
GCA_947311075.1	Yponomeuta cagnagella	WELLCOME SANGER INSTITUTE	PRJEB57376	10.1038/s42003-022-04240-9	36418465	Genome sequence and silkomics of the spindle ermine moth, Yponomeuta cagnagella, representing the early diverging lineage of the ditrysian Lepidoptera.	medium	organism_title
GCA_963969515.1	Yponomeuta evonymella	WELLCOME SANGER INSTITUTE	PRJEB73305	10.12688/wellcomeopenres.23211.2	39931107	The genome sequence of the Bird-cherry Ermine moth, Yponomeuta evonymella (Linnaeus, 1758).	high	assembly_name
GCA_934045075.1	Yponomeuta sedellus	WELLCOME SANGER INSTITUTE	PRJEB51794	10.12688/wellcomeopenres.19368.1	38046192	The genome sequence of the Black-tipped Ermine, Yponomeuta plumbella (Denis & Schiffermüller, 1775).	high	assembly_name
GCA_947308005.1	Yponomeuta malinellus	WELLCOME SANGER INSTITUTE	PRJEB57345	10.12688/wellcomeopenres.19368.1	38046192	The genome sequence of the Black-tipped Ermine, Yponomeuta plumbella (Denis & Schiffermüller, 1775).	low	organism_genus_title
GCA_949319315.1	Zelleria hepariella	WELLCOME SANGER INSTITUTE	PRJEB60247	10.12688/wellcomeopenres.21495.1	39109332	The genome sequence of the Brown Ash Ermine moth, Zelleria hepariella Stainton, 1849.	high	assembly_name
GCA_965260815.1	Zelleria oleastrella	WELLCOME SANGER INSTITUTE	PRJEB88801	10.12688/wellcomeopenres.21495.1	39109332	The genome sequence of the Brown Ash Ermine moth, Zelleria hepariella Stainton, 1849.	low	organism_genus_title
GCA_966184305.1	Plutella hyperboreella	WELLCOME SANGER INSTITUTE	PRJEB95863	10.1128/mra.00330-24	39037312	Whole-genome sequence of Enterobacter hormaechei, isolate jjbc recovered from the gut of Plutella xylostella feeding on cabbage.	low	organism_genus_title
GCA_965226265.1	Lyonetia clerkella	WELLCOME SANGER INSTITUTE	PRJEB87577	10.12688/wellcomeopenres.24842.1		The genome sequence of the Apple Leafminer, Lyonetia clerkella (Linnaeus, 1758) (Lepidoptera: Lyonetiidae)	medium	organism_title
GCA_963457715.1	Argyresthia albistria	WELLCOME SANGER INSTITUTE	PRJEB66152	10.12688/wellcomeopenres.23693.1		The genome sequence of the Purple Argent moth, Argyresthia albistria Haworth, 1828	medium	organism_title
GCA_964341315.1	Argyresthia cupressella	WELLCOME SANGER INSTITUTE	PRJEB82806	10.12688/wellcomeopenres.26258.1		The genome sequence of the Cypress Tip Moth, Argyresthia cupressella Walsingham, 1890 (Lepidoptera: Argyresthiidae)	medium	organism_title
GCA_949825045.1	Argyresthia goedartella	WELLCOME SANGER INSTITUTE	PRJEB61398	10.12688/wellcomeopenres.21227.1		The genome sequence of the Golden Argent moth, Argyresthia goedartella (Linnaeus, 1758)	medium	organism_title
GCA_910592155.1	Ypsolopha scabrella	WELLCOME SANGER INSTITUTE	PRJEB45691	10.12688/wellcomeopenres.19837.1	39015757	The genome sequence of the Wainscot Smudge, Ypsolopha scabrella (Linnaeus, 1761).	high	assembly_name
GCA_934047225.1	Ypsolopha sequella	WELLCOME SANGER INSTITUTE	PRJEB51790	10.12688/wellcomeopenres.18768.1	37822564	The genome sequence of the Pied Smudge, Ypsolopha sequella (Clerck, 1759).	high	assembly_name
GCA_964188275.1	Glyphipterix thrasonella	WELLCOME SANGER INSTITUTE	PRJEB76719	10.12688/wellcomeopenres.25206.1		The genome sequence of the Woodrush Moth, Glyphipterix fuscoviridella (Haworth, 1812) (Lepidoptera: Glyphipterigidae)	low	organism_genus_title
GCA_964332205.1	Glyphipterix fuscoviridella	WELLCOME SANGER INSTITUTE	PRJEB82225	10.12688/wellcomeopenres.25206.1		The genome sequence of the Woodrush Moth, Glyphipterix fuscoviridella (Haworth, 1812) (Lepidoptera: Glyphipterigidae)	medium	organism_title
GCA_963576735.1	Bedellia somnulentella	WELLCOME SANGER INSTITUTE	PRJEB68127	10.12688/wellcomeopenres.23049.1		The genome sequence of the Bindweed Bent-wing moth, Bedellia somnulentella (Zeller, 1847)	medium	organism_title
GCA_910589645.1	Tinea semifulvella	WELLCOME SANGER INSTITUTE	PRJEB45332	10.12688/wellcomeopenres.19079.1	38707488	The genome sequence of the Fulvous Clothes Moth, Tinea semifulvella (Haworth, 1828).	high	assembly_name
GCA_905220615.1	Tinea trinotella	WELLCOME SANGER INSTITUTE	PRJEB42896	10.12688/wellcomeopenres.17826.1		The genome sequence of the bird’s nest moth, Tinea trinotella (Thunberg, 1794)	medium	organism_title
GCA_948150575.1	Tinea pellionella	WELLCOME SANGER INSTITUTE	PRJEB58870	10.12688/wellcomeopenres.21015.2	39494195	The genome sequence of the Case-bearing Clothes moth, Tinea pellionella (Linnaeus, 1758).	high	assembly_name
GCA_947359445.1	Monopis laevigella	WELLCOME SANGER INSTITUTE	PRJEB57608	10.12688/wellcomeopenres.19810.1		The genome sequence of the Skin Moth, Monopis laevigella (Denis & Schiffermüller, 1775)	medium	organism_title
GCA_947458855.1	Monopis laevigella	WELLCOME SANGER INSTITUTE	PRJEB57901	10.12688/wellcomeopenres.19810.1		The genome sequence of the Skin Moth, Monopis laevigella (Denis & Schiffermüller, 1775)	medium	organism_title
GCA_042254865.1	Tineola bisselliella	Boston University	PRJNA1102366	10.1093/gbe/evae266	39657592	De Novo Genome Assembly and Annotation for the Synanthropic Webbing Clothes Moth (Tineola bisselliella): A Globally Distributed, Economically Important Pest.	high	bioproject_text
GCA_964656535.1	Triaxomera parasitella	WELLCOME SANGER INSTITUTE	PRJEB83432	10.12688/wellcomeopenres.26940.1		The genome sequence of the Brindled Fungus Moth, Triaxomera parasitella (Hübner, 1796) (Lepidoptera: Tineidae)	medium	organism_title
GCA_965113025.1	Nemapogon ruricolella	WELLCOME SANGER INSTITUTE	PRJEB84465	10.12688/wellcomeopenres.24973.1		The genome sequence of the Rufous Fungus moth, Nemapogon ruricolella (Stainton, 1849) (Lepidoptera: Tineidae)	medium	organism_title
GCA_965113035.1	Nemapogon ruricolella	WELLCOME SANGER INSTITUTE	PRJEB84464	10.12688/wellcomeopenres.24973.1		The genome sequence of the Rufous Fungus moth, Nemapogon ruricolella (Stainton, 1849) (Lepidoptera: Tineidae)	medium	organism_title
GCA_963924495.1	Nemapogon koenigi	WELLCOME SANGER INSTITUTE	PRJEB72076	10.12688/wellcomeopenres.24972.1	41450983	The genome sequence of the White-speckled Fungus moth, Nemapogon koenigi Capuse, 1967 (Lepidoptera: Tineidae).	high	assembly_name
GCA_949709985.1	Luffia ferchaultella	WELLCOME SANGER INSTITUTE	PRJEB60734	10.12688/wellcomeopenres.23768.1	40894110	The genome sequence of the virgin bagworm, Luffia ferchaultella (Stephens, 1850).	high	assembly_name
GCA_964330275.1	Taleporia tubulosa	WELLCOME SANGER INSTITUTE	PRJEB82115	10.12688/wellcomeopenres.25052.1	41458305	The genome sequence of the Brown Bagworm, Taleporia tubulosa (Retzius, 1783) (Lepidoptera: Psychidae).	high	assembly_name
GCA_964188165.1	Aspilapteryx tringipennella	WELLCOME SANGER INSTITUTE	PRJEB76710	10.12688/wellcomeopenres.25049.1	41614055	The genome sequence of the Ribwort slender, Aspilapteryx tringipennella (Zeller, 1839) (Lepidoptera: Gracillariidae).	high	assembly_name
GCA_951802225.1	Euspilapteryx auroguttella	WELLCOME SANGER INSTITUTE	PRJEB62632	10.12688/wellcomeopenres.21284.1	39381069	The genome sequence of the Yellow-dotted Stilt, Euspilapteryx auroguttella Stephens, 1835.	high	assembly_name
GCA_964261965.1	Nemophora metallica	WELLCOME SANGER INSTITUTE	PRJEB79843	10.12688/wellcomeopenres.24685.1	41069646	The genome sequence of the Brassy Long-horn, Nemophora metallica (Poda, 1761) (Lepidoptera: Adelidae).	high	assembly_name
GCA_965226335.1	Cauchas fibulella	WELLCOME SANGER INSTITUTE	PRJEB87571	10.12688/wellcomeopenres.25061.1	41480572	The genome sequence of the Speedwell Longhorn, Cauchas fibulella ([Denis & Schiffermüller], 1775) (Lepidoptera: Adelidae).	high	assembly_name
GCA_965226765.1	Cauchas fibulella	WELLCOME SANGER INSTITUTE	PRJEB87570	10.12688/wellcomeopenres.25061.1	41480572	The genome sequence of the Speedwell Longhorn, Cauchas fibulella ([Denis & Schiffermüller], 1775) (Lepidoptera: Adelidae).	high	assembly_name
GCA_965201095.1	Cauchas rufimitrella	WELLCOME SANGER INSTITUTE	PRJEB86870	10.12688/wellcomeopenres.25061.1	41480572	The genome sequence of the Speedwell Longhorn, Cauchas fibulella ([Denis & Schiffermüller], 1775) (Lepidoptera: Adelidae).	low	organism_genus_title
GCA_946902875.1	Nematopogon swammerdamellus	WELLCOME SANGER INSTITUTE	PRJEB56097	10.12688/wellcomeopenres.20186.1	39233727	The genome sequence of the Large Longhorn, Nematopogon swammerdamella (Linnaeus, 1758).	high	assembly_name
GCA_946894095.1	Incurvaria masculella	WELLCOME SANGER INSTITUTE	PRJEB56019	10.12688/wellcomeopenres.19205.1	38026731	The genome sequence of the Feathered Bright, Incurvaria masculella (Denis & Schiffermüller, 1775).	high	assembly_name
GCA_965234195.1	Tischeria ekebladella	WELLCOME SANGER INSTITUTE	PRJEB87990	10.12688/wellcomeopenres.27383.1		The genome sequence of the Oak Blotch-miner, Tischeria ekebladella (Bjerkander, 1795) (Lepidoptera: Tischeriidae)	medium	organism_title
GCA_964235475.1	Ectoedemia decentella	WELLCOME SANGER INSTITUTE	PRJEB79065	10.12688/wellcomeopenres.23973.1	41040647	The genome sequence of the Sycamore-seed Pygmy moth, Ectoedemia decentella (Herrich-Schäffer, 1855) van Nieukerken, 1986.	high	assembly_name
GCA_039654895.1	Mongoloraphidia duomilia	University of Memphis	PRJNA1104565	10.1038/s41597-024-03439-1	38834590	Chromosome-level genome assembly of the snakefly Mongoloraphidia duomilia (Raphidioptera: Raphidiidae).	medium	organism_title
GCA_963575645.1	Xanthostigma xanthostigma	WELLCOME SANGER INSTITUTE	PRJEB67825	10.12688/wellcomeopenres.23674.1	40027406	The genome sequence of a snakefly, Xanthostigma xanthostigma (Schummel, 1832).	high	assembly_name
GCA_034766995.1	Acanthacorydalis orientalis	China agricultural university	PRJNA1021543	10.1038/s41597-024-03194-3	38589366	The chromosome-level genome assembly of the giant dobsonfly Acanthacorydalis orientalis (McLachlan, 1899).	medium	organism_title
GCA_961205875.1	Sialis fuliginosa	WELLCOME SANGER INSTITUTE	PRJEB64607	10.12688/wellcomeopenres.22460.1	39526197	The genome sequence of an alderfly, Sialis fuliginosa Pictet, 1836.	high	assembly_name
GCA_949319165.1	Sialis lutaria	WELLCOME SANGER INSTITUTE	PRJEB60236	10.12688/wellcomeopenres.22466.1	39386967	The genome sequence of the Common Alderfly, Sialis lutaria (Linnaeus, 1758).	high	assembly_name
GCA_958496175.1	Sisyra terminalis	WELLCOME SANGER INSTITUTE	PRJEB64375	10.12688/wellcomeopenres.20630.1		The genome sequence of a spongefly, Sisyra terminalis (Curtis, 1854)	medium	organism_title
GCA_958496155.1	Sisyra nigra	WELLCOME SANGER INSTITUTE	PRJEB64362	10.12688/wellcomeopenres.20295.1	38855724	The genome sequence of the Black Spongefly, Sisyra nigra (Retzius, 1783).	high	assembly_name
GCA_963920215.1	Nineta flava	WELLCOME SANGER INSTITUTE	PRJEB71418	10.12688/wellcomeopenres.22777.1	39502860	The genome sequence of a green lacewing, Nineta flava (Scopoli, 1763).	high	assembly_name
GCA_965240235.1	Nothochrysa capitata	WELLCOME SANGER INSTITUTE	PRJEB88338	10.12688/wellcomeopenres.25199.1	41551206	The genome sequence of a black lacewing, Nothochrysa capitata (Fabricius, 1793) (Neuroptera: Chrysopidae).	high	assembly_name
GCA_966189295.1	Scolopendra cretica	Genoscope CEA	PRJEB77222	10.1111/1749-4877.12871	39075924	Chromosome-level genome of Scolopendra mutilans provides insights into its evolution.	low	organism_genus_title
GCA_949358305.1	Strigamia acuminata	WELLCOME SANGER INSTITUTE	PRJEB60329	10.12688/wellcomeopenres.19941.1	37808388	The genome sequence of the centipede Strigamia acuminata (Leach, 1816).	high	assembly_name
GCA_965125955.1	Lithobius variegatus	WELLCOME SANGER INSTITUTE	PRJEB85686	10.12688/wellcomeopenres.24329.1	40852602	The genome sequence of the banded centipede, Lithobius variegatus Leach, 1814.	high	assembly_name
GCA_965153395.1	Nanogona polydesmoides	WELLCOME SANGER INSTITUTE	PRJEB85992	10.12688/wellcomeopenres.24341.1	40786599	The genome sequence of the eyed flat-backed millipede, Nanogona polydesmoides (Leach, 1814).	high	assembly_name
GCA_052040765.1	Agaricogonopus acrotrifoliolatus	CHUZHOU UNIVERSITY	PRJNA1294555	10.1038/s41597-025-06440-4	41402357	Chromosome-level genome assembly of Agaricogonopus acrotrifoliolatus (Diplopoda: Spirostreptida).	medium	organism_title
GCA_965125795.1	Cylindroiulus punctatus	WELLCOME SANGER INSTITUTE	PRJEB85687	10.12688/wellcomeopenres.24251.1	40548331	The genome sequence of the club-tailed millipede, Cylindroiulus punctatus (Leach, 1816).	high	assembly_name
GCA_965278725.1	Choneiulus palmatus	WELLCOME SANGER INSTITUTE	PRJEB89289	10.12688/wellcomeopenres.24885.1	41084621	The genome sequence of the millipede, Choneiulus palmatus (Nĕmec, 1895) (Julida: Blaniulidae).	high	assembly_name
GCA_964187665.1	Gluvia dorsalis	Centro Nacional de Análisis Genómico	PRJEB76505	10.1101/2024.12.02.626363		ERGA-BGE Reference Genome of Gluvia dorsalis : An Endemic Sun Spider from Iberian Arid Regions	high	assembly_name
GCA_963920705.1	Odiellus spinosus	WELLCOME SANGER INSTITUTE	PRJEB71546	10.12688/wellcomeopenres.22760.1	39464375	The genome sequence of the harvestman spider, Odiellus spinosus (Bosc, 1792).	high	assembly_name
GCA_965184155.1	Leiobunum subalpinum	Centro Nacional de Análisis Genómico	PRJEB86341	10.12688/openreseurope.21990.1		ERGA-BGE genome of Leiobunum subalpinum - a montane-subalpine harvestman species endemic to the eastern Alps	medium	organism_title
GCA_964417605.1	Macrothele cretica	Genoscope CEA		10.1016/j.ijbiomac.2024.131780	38657926	From genome to proteome: Comprehensive identification of venom toxins from the Chinese funnel-web spider (Macrothelidae: Macrothele yani).	low	organism_genus_title
GCA_965642455.1	Segestria senoculata	WELLCOME SANGER INSTITUTE	PRJEB93854	10.12688/wellcomeopenres.25404.1		The genome sequence of the snake-back spider, Segestria senoculata (Linnaeus, 1758) (Araneae: Segestriidae)	medium	organism_title
GCA_965642505.1	Segestria senoculata	WELLCOME SANGER INSTITUTE	PRJEB93855	10.12688/wellcomeopenres.25404.1		The genome sequence of the snake-back spider, Segestria senoculata (Linnaeus, 1758) (Araneae: Segestriidae)	medium	organism_title
GCA_051861875.1	Dysdera tilosensis	Universitat de Barcelona	PRJNA1270787	10.1093/molbev/msaf206	40829798	How Did Evolution Halve Genome Size During an Oceanic Island Colonization?	medium	bioproject_text
GCA_051861895.1	Dysdera catalonica	Universitat de Barcelona	PRJNA1270787	10.1093/molbev/msaf206	40829798	How Did Evolution Halve Genome Size During an Oceanic Island Colonization?	medium	bioproject_text
GCA_044658445.1	Stegodyphus sarasinorum	Aarhus University	PRJNA994315	10.1101/gr.279503.124	39978820	The genomic consequences and persistence of sociality in spiders.	medium	bioproject_text
GCA_044657705.1	Stegodyphus lineatus	Aarhus University	PRJNA994315	10.1101/gr.279503.124	39978820	The genomic consequences and persistence of sociality in spiders.	medium	bioproject_text
GCA_044658465.1	Stegodyphus tentoriicola	Aarhus University	PRJNA994315	10.1101/gr.279503.124	39978820	The genomic consequences and persistence of sociality in spiders.	medium	bioproject_text
GCA_044657685.1	Stegodyphus dumicola	Aarhus University	PRJNA994315	10.1101/gr.279503.124	39978820	The genomic consequences and persistence of sociality in spiders.	medium	bioproject_text
GCA_044657725.1	Stegodyphus bicolor	Aarhus University	PRJNA994315	10.1101/gr.279503.124	39978820	The genomic consequences and persistence of sociality in spiders.	medium	bioproject_text
GCA_044660205.1	Stegodyphus mimosarum	Aarhus University	PRJNA994315	10.1101/gr.279503.124	39978820	The genomic consequences and persistence of sociality in spiders.	medium	bioproject_text
GCA_038502835.1	Octonoba sinensis	INSTITUTE OF ZOOLOGY, CHINESE ACADEMY OF SCIENCES	PRJNA1018860	10.1093/gigascience/giae048	39101784	A trade-off in evolution: the adaptive landscape of spiders without venom glands.	medium	bioproject_text
GCA_051201355.1	Pimoa clavata	INSTITUTE OF ZOOLOGY, CHINESE ACADEMY OF SCIENCES	PRJNA1277451	10.1038/s41597-025-05703-4	40790046	An annotated chromosome-level genome of a troglophilic spider (Pimoa clavata).	high	bioproject_text
GCA_963680715.1	Tetragnatha montana	WELLCOME SANGER INSTITUTE	PRJEB70409	10.12688/wellcomeopenres.21782.1	40012987	The genome sequence of the silver stretch spider, Tetragnatha montana (Simon, 1874) (Araneae: Tetragnathidae).	high	assembly_name
GCA_947359465.1	Metellina segmentata	WELLCOME SANGER INSTITUTE	PRJEB57613	10.12688/wellcomeopenres.19435.1	39473876	The genome sequence of the Autumn Spider, Metellina segmentata (Clerck, 1757).	high	assembly_name
GCA_933210815.1	Meta bourneti	WELLCOME SANGER INSTITUTE	PRJEB51391	10.12688/wellcomeopenres.18638.1	36874575	The genome sequence of the cave orb-weaver, Meta bourneti (Simon, 1922).	high	assembly_name
GCA_949128135.1	Parasteatoda lunata	WELLCOME SANGER INSTITUTE	PRJEB59500	10.12688/wellcomeopenres.19585.1	37766855	The genome sequence of the spider, Parasteatoda lunata (Clerck, 1757).	high	assembly_name
GCA_965183905.1	Leviellus thorelli	Centro Nacional de Análisis Genómico	PRJEB77916	10.12688/openreseurope.21671.2	41624331	ERGA-BGE reference genome of Leviellus thorelli, a common orb-weaving spider representing the Zygiellidae family.	high	assembly_name
GCA_964059485.1	Gibbaranea gibbosa	WELLCOME SANGER INSTITUTE	PRJEB76081	10.12688/wellcomeopenres.23751.1	40162187	The genome sequence of an orbweaving spider, Gibbaranea gibbosa (Walckenaer, 1802).	high	assembly_name
GCA_964340895.1	Larinioides cornutus	WELLCOME SANGER INSTITUTE	PRJEB82654	10.12688/wellcomeopenres.24288.1	41200468	The genome sequence of the furrow orbweaver, Larinioides cornutus (Clerck, 1757).	high	assembly_name
GCA_965645275.1	Araneus angulatus	WELLCOME SANGER INSTITUTE	PRJEB94316	10.12688/wellcomeopenres.25196.1	41523164	The genome sequence of an orb-weaver spider, Araneus angulatus Clerck, 1757 (Araneae: Araneidae).	high	assembly_name
GCA_050042785.1	Araneus marmoreus	Schools of Life Science	PRJNA774480	10.1038/s41597-025-05215-1	40413234	A chromosomal-level genome assembly of Araneus marmoreus Schenkel, 1953 (Araneae: Araneidae).	high	bioproject_text
GCA_963978545.1	Linyphia triangularis	WELLCOME SANGER INSTITUTE	PRJEB73615	10.12688/wellcomeopenres.23754.1	40084296	The genome sequence of the Common Sheetweb Spider Linyphia triangularis (Clerck, 1757).	high	assembly_name
GCA_963932185.1	Troglohyphantes excavatus	WELLCOME SANGER INSTITUTE	PRJEB72331	10.12688/wellcomeopenres.23920.1	41040644	The genome sequence of a cave spider, Troglohyphantes excavatus Fage, 1919.	high	assembly_name
GCA_951213105.1	Amaurobius ferox	WELLCOME SANGER INSTITUTE	PRJEB61829	10.12688/wellcomeopenres.21080.1	39015616	The genome sequence of the Black Lace-weaver spider, Amaurobius ferox (Walckenaer, 1830).	high	assembly_name
GCA_965122215.1	Eratigena atrica	WELLCOME SANGER INSTITUTE	PRJEB85590	10.12688/wellcomeopenres.24856.1	41146897	The genome sequence of the house spider, Eratigena atrica (C.L.Koch, 1843) (Araneae: Agelenidae).	high	assembly_name
GCA_032207245.1	Pardosa pseudoannulata	Nanjing Agricultural University	PRJNA714792	10.1038/s41597-024-02966-1	38267470	Chromosome-level genome of spider Pardosa pseudoannulata and cuticle protein genes in environmental stresses.	medium	organism_title
GCA_965643835.1	Tibellus oblongus	WELLCOME SANGER INSTITUTE	PRJEB94042	10.12688/wellcomeopenres.25198.1	42039873	The genome sequence of a running crab spider, Tibellus oblongus (Walckenaer, 1802) (Araneae: Philodromidae).	high	assembly_name
GCA_965643845.1	Tibellus oblongus	WELLCOME SANGER INSTITUTE	PRJEB94041	10.12688/wellcomeopenres.25198.1	42039873	The genome sequence of a running crab spider, Tibellus oblongus (Walckenaer, 1802) (Araneae: Philodromidae).	high	assembly_name
GCA_965642565.1	Xysticus acerbus	WELLCOME SANGER INSTITUTE	PRJEB93857	10.12688/wellcomeopenres.25094.1		The genome sequence of a crab spider, Xysticus acerbus Thorell, 1872 (Araneae: Thomisidae)	medium	organism_title
GCA_037576195.1	Phytoseiulus persimilis	Chinese Academy of Agricultural Sciences, Beijing, China	PRJNA933772	10.1038/s41597-025-04631-7	39966399	Chromosome-level genome assembly of Phytoseiulus persimilis Athias-Henriot.	low	organism_title
GCA_047456425.1	Phytoseiulus persimilis	Chinese Academy of Agricultural Sciences	PRJNA1128535	10.1038/s41597-025-04631-7	39966399	Chromosome-level genome assembly of Phytoseiulus persimilis Athias-Henriot.	high	bioproject_text
GCA_048013815.1	Setoptus koraiensis	Nanjing Agricultural University	PRJNA1196018	10.1038/s41597-025-04814-2	40102470	A chromosome-level genome assembly of eriophyoid mite Setoptus koraiensis.	high	bioproject_text
GCA_036877765.1	Tetranychus urticae	Beijing Academy of Agriculture and Forestry Sciences	PRJNA788385	10.1038/s41597-024-03640-2	39025916	Chromosome-level genome assembly of the two-spotted spider mite Tetranychus urticae.	high	bioproject_text
GCA_039701765.1	Tetranychus urticae	Nanjing agricultural university	PRJNA914488	10.1038/s41597-024-03640-2	39025916	Chromosome-level genome assembly of the two-spotted spider mite Tetranychus urticae.	low	organism_title
GCA_965642085.1	Tetranychus urticae	WELLCOME SANGER INSTITUTE	PRJEB92395	10.1038/s41597-024-03640-2	39025916	Chromosome-level genome assembly of the two-spotted spider mite Tetranychus urticae.	low	organism_title
GCA_965642115.1	Tetranychus urticae	WELLCOME SANGER INSTITUTE	PRJEB92394	10.1038/s41597-024-03640-2	39025916	Chromosome-level genome assembly of the two-spotted spider mite Tetranychus urticae.	low	organism_title
GCA_049115135.1	Tetranychus cinnabarinus	Southwest University,chongqing	PRJNA1227279	10.1038/s42003-025-08726-0	40849604	The ROS-FOXO pathway mediates broad-spectrum detoxification of acaricides in Tetranychus cinnabarinus.	high	bioproject_text
GCA_036759885.1	Tetranychus piercei	Nanjing Agricultural University	PRJNA833563	10.1038/s41597-024-03189-0	38580722	A chromosome-level genome assembly of the spider mite Tetranychus piercei McGregor.	high	bioproject_text
GCA_050437165.1	Amphitetranychus viennensis	Shanxi Agricultural University	PRJNA1071308	10.1038/s41597-025-05683-5	40751046	Chromosome-level genome assembly of hawthorn spider mite, Amphitetranychus viennensis (Acari: Tetranychidae).	medium	organism_title
GCA_051106175.1	Carpoglyphus lactis	Guizhou University	PRJNA1260190	10.1038/s41597-025-06038-w	41198701	A chromosome-level genome assembly of the dried fruit mite Carpoglyphus lactis.	high	bioproject_text
GCA_964342135.1	Psoroptes ovis	Centro Nacional de Análisis Genómico		10.1128/mra.00039-26	42549872	An improved chromosome-level genome resource for the sheep scab mite, Psoroptes ovis.	medium	organism_title
GCA_964342145.1	Psoroptes ovis	Centro Nacional de Análisis Genómico	PRJEB82894	10.1128/mra.00039-26	42549872	An improved chromosome-level genome resource for the sheep scab mite, Psoroptes ovis.	medium	organism_title
GCA_914767715.1	Membranipora membranacea	WELLCOME SANGER INSTITUTE	PRJEB47372	10.12688/wellcomeopenres.18855.1	37363061	The genome sequence of the sea mat, Membranipora membranacea (Linnaeus, 1767).	high	assembly_name
GCA_964035545.1	Bugula neritina	WELLCOME SANGER INSTITUTE	PRJEB75343	10.12688/wellcomeopenres.23056.1	39415781	The genome sequence of the ruby bryozoan, Bugula neritina (Linnaeus, 1758).	high	assembly_name
GCA_935421135.1	Bugulina stolonifera	WELLCOME SANGER INSTITUTE	PRJEB51931	10.12688/wellcomeopenres.18775.1	37251659	The genome sequence of an erect bryozoan, Bugulina stolonifera (Ryland, 1960).	high	assembly_name
GCA_945261195.1	Cryptosula pallasiana	WELLCOME SANGER INSTITUTE	PRJEB54601	10.12688/wellcomeopenres.19100.1		The genome sequence of an encrusting bryozoan, Cryptosula pallasiana (Moll, 1803)	medium	organism_title
GCA_964213165.1	Opisthorchis viverrini	WELLCOME SANGER INSTITUTE	PRJEB78694	10.12688/wellcomeopenres.23535.1	39949572	The genome sequence of the liver fluke Opisthorchis viverrini (Poirier, 1886) Stiles & Hassall, 1896.	high	assembly_name
GCA_965152395.1	Lineus lacteus	Centro Nacional de Análisis Genómico	PRJEB77790	10.12688/openreseurope.21501.2	41568254	ERGA-BGE reference genome of the lineid heteronemertean Lineus lacteus (Pilidiophora, Nemertea).	high	assembly_name
GCA_947562095.1	Branchellion lobata	WELLCOME SANGER INSTITUTE	PRJEB58164	10.12688/wellcomeopenres.24186.1	40771652	The chromosomal genome sequence of the marine leech, Branchellion lobata Moore, 1952 and its associated microbial metagenome sequences.	high	assembly_name
GCA_943735955.1	Piscicola geometra	WELLCOME SANGER INSTITUTE	PRJEB53311	10.12688/wellcomeopenres.19488.1	38813549	The genome sequence of the fish leech, Piscicola geometra (Linnaeus, 1761).	high	assembly_name
GCA_963978895.1	Erpobdella octoculata	WELLCOME SANGER INSTITUTE	PRJEB73708	10.12688/wellcomeopenres.25215.1	41660135	The genome sequence of the freshwater leech, Erpobdella octoculata (Linnaeus, 1758) (Hirudinida: Erpobdellidae).	high	assembly_name
GCA_041222645.1	Sinospelaeobdella cavatuses	Shaanxi Normal University	PRJNA1108083	10.1038/s41597-024-04007-3	39537640	Chromosome-level genome assembly of the cave leech Sinospelaeobdella cavatuses (Hirudinea: Haemadipsidae).	high	bioproject_text
GCA_041381225.1	Whitmania acranulata	Jinggangshan University	PRJNA1072149	10.3389/fgene.2025.1548006	40078478	Comparative genomics of three non-hematophagous leeches (Whitmania spp.) with emphasis on antithrombotic biomolecules.	high	bioproject_text
GCA_041381185.1	Whitmania laevis	Jinggangshan University	PRJNA1072149	10.3389/fgene.2025.1548006	40078478	Comparative genomics of three non-hematophagous leeches (Whitmania spp.) with emphasis on antithrombotic biomolecules.	high	bioproject_text
GCA_965178065.1	Hirudo verbana	WELLCOME SANGER INSTITUTE	PRJEB86249	10.12688/openreseurope.21672.2	41573256	ERGA-BGE reference genome of Hirudo verbana, a once neglected freshwater haematophagous European medicinal leech.	high	assembly_name
GCA_049355025.1	Amynthas aspergillum	Guangxi Medical University	PRJNA1194776	10.1038/s41597-025-05058-w	40456754	The high-quality telomere-to-telomere genome assembly of the earthworm (Amynthas aspergillum).	medium	organism_title
GCA_965183755.1	Ailoscolex lacteospumosus	Centro Nacional de Análisis Genómico	PRJEB77799	10.12688/openreseurope.22136.1	41725947	ERGA-BGE Genome of Ailoscolex lacteospumosus Bouché, 1969 - the enigmatic milky worm endemic to the Pyrenees.	high	assembly_name
GCA_964330305.1	Bimastos rubidus	WELLCOME SANGER INSTITUTE	PRJEB82121	10.12688/wellcomeopenres.24961.1	41179921	The genome sequence of the Cockspur worm, Bimastos rubidus (Savigny, 1826) (Crassiclitellata: Lumbricidae).	high	assembly_name
GCA_959347315.1	Bimastos eiseni	WELLCOME SANGER INSTITUTE	PRJEB64443	10.12688/wellcomeopenres.21622.1	39296368	The genome sequence of the Brown Litter Worm, Bimastos eiseni (Levinsen, 1884).	high	assembly_name
GCA_949752735.1	Lumbricus terrestris	WELLCOME SANGER INSTITUTE	PRJEB60886	10.12688/wellcomeopenres.20178.1	38249959	The genome sequence of the common earthworm, Lumbricus terrestris (Linnaeus, 1758).	high	assembly_name
GCA_945859605.1	Lumbricus rubellus	WELLCOME SANGER INSTITUTE	PRJEB54837	10.12688/wellcomeopenres.19834.1	38618197	The genome sequence of the red compost earthworm, Lumbricus rubellus (Hoffmeister, 1843).	high	assembly_name
GCA_963556255.1	Allolobophora icterica	WELLCOME SANGER INSTITUTE	PRJEB67286	10.12688/wellcomeopenres.23066.1	39494197	The genome sequence of the mottled worm, Allolobophora icterica (formerly Aporrectodea icterica ) (Savigny, 1826).	high	assembly_name
GCA_964019135.1	Arenicola marina	WELLCOME SANGER INSTITUTE	PRJEB74224	10.64898/2026.08.21.746229		Chromosome-level genome assemblies and annotations of Amaranthus spinosus , Amaranthus acanthochiton , Amaranthus arenicola , and Amaranthus floridanus	low	organism_genus_title
GCA_963942565.1	Maea johnstoni	WELLCOME SANGER INSTITUTE	PRJEB72459	10.12688/wellcomeopenres.27132.1		The chromosomal genome sequence of a shovel-head worm, Maea johnstoni (Fiege, Licher & Mackie, 2000) (Spionida: Magelonidae) and its associated microbial metagenome sequences	medium	organism_title
GCA_964019155.1	Osedax fenrisi	WELLCOME SANGER INSTITUTE	PRJEB74226	10.12688/wellcomeopenres.26048.1		The chromosome-level genome sequence of a bone-eating worm, Osedax fenrisi Eilertsen, Dahlgren & Rapp, 2020 (Sabellida: Siboglinidae) and its associated microbial metagenome sequences	medium	organism_title
GCA_964035775.1	Osedax frankpressi	WELLCOME SANGER INSTITUTE	PRJEB75474	10.12688/wellcomeopenres.26048.1		The chromosome-level genome sequence of a bone-eating worm, Osedax fenrisi Eilertsen, Dahlgren & Rapp, 2020 (Sabellida: Siboglinidae) and its associated microbial metagenome sequences	low	organism_genus_title
GCA_963662155.1	Lamellibrachia columna	WELLCOME SANGER INSTITUTE	PRJEB68353	10.12688/wellcomeopenres.25860.1	41993727	The chromosomal genome sequence of the tubeworm, Lamellibrachia columna Southward, 1991 (Sabellida: Siboglinidae).	high	assembly_name
GCA_949752745.1	Protula sp. h YS-2021	WELLCOME SANGER INSTITUTE	PRJEB60892	10.12688/wellcomeopenres.24562.1		The chromosomal genome sequence of the fan worm Protula sp. (Serpulidae, Sabellida)	medium	organism_title
GCA_964017235.1	Sabellastarte sp. h YS-2021	WELLCOME SANGER INSTITUTE	PRJEB74187	10.12688/wellcomeopenres.26503.1	42255362	The chromosomal genome sequence of the feather duster worm, Sabellastarte sp. h YS-2021 (Sabellida: Sabellidae) and its associated microbial metagenome sequences.	high	assembly_name
GCA_949152475.1	Terebella lapidaria	WELLCOME SANGER INSTITUTE	PRJEB59848	10.12688/wellcomeopenres.22823.1	39221441	The genome sequence of a segmented worm, Terebella lapidaria Linnaeus, 1767.	high	assembly_name
GCA_942159475.1	Sthenelais limicola	WELLCOME SANGER INSTITUTE	PRJEB52697	10.12688/wellcomeopenres.18856.1	37469856	The genome sequence of the segmented worm, Sthenelais limicola (Ehlers, 1864).	high	assembly_name
GCA_932294295.1	Alitta virens	WELLCOME SANGER INSTITUTE	PRJEB51272	10.12688/wellcomeopenres.19642.1	37469858	The genome sequence of the King Ragworm, Alitta virens (Sars, 1835).	high	assembly_name
GCA_030323885.1	Branchipolynoe longqiensis	Ocean University of China	PRJNA961926	10.1093/gbe/evad125	37401460	Genomic Analysis of a Scale Worm Provides Insights into Its Adaptation to Deep-Sea Hydrothermal Vents.	medium	bioproject_text
GCA_936440205.1	Lepidonotus clava	WELLCOME SANGER INSTITUTE	PRJEB52083	10.12688/wellcomeopenres.18660.1	37362008	The genome sequence of the scale worm, Lepidonotus clava (Montagu, 1808).	high	assembly_name
GCA_950022655.1	Alentia gelatinosa	WELLCOME SANGER INSTITUTE	PRJEB61555	10.12688/wellcomeopenres.20176.1	38558923	The genome sequence of the Gelatinous Scale Worm, Alentia gelatinosa (Sars, 1835).	high	assembly_name
GCA_949317995.1	Acholoe squamosa	WELLCOME SANGER INSTITUTE	PRJEB60118	10.12688/wellcomeopenres.19835.2		The genome sequence of the star-devouring scaleworm, Acholoe squamosa (Delle Chiaje, 1825)	medium	organism_title
GCA_947462335.1	Harmothoe impar	WELLCOME SANGER INSTITUTE	PRJEB57909	10.12688/wellcomeopenres.19570.1	37786780	The genome sequence of a scale worm, Harmothoe impar (Johnston, 1839).	high	assembly_name
GCA_964020975.1	Hermodice carunculata	WELLCOME SANGER INSTITUTE	PRJEB74432	10.12688/wellcomeopenres.25425.1		The chromosomal genome sequence of the bearded fireworm, Hermodice carunculata (Pallas, 1766) (Eunicida: Amphinomidae)	medium	organism_title
GCA_034190875.2	Urechis unicinctus	minjiang university	PRJNA1012447	10.1038/s41597-023-02885-7	38238346	A chromosome-level genome assembly of the Echiura Urechis unicinctus.	medium	organism_title
GCA_026874595.2	Sipunculus nudus	Guangdong Ocean University	PRJNA901211	10.1038/s41597-023-02235-7	37231051	The first high-quality chromosome-level genome of the Sipuncula Sipunculus nudus using HiFi and Hi-C data.	high	bioproject_text
GCA_031216915.1	Pictodentalium vernedei	Institute of oceanology, Chinese academy of science	PRJNA903467	10.1073/pnas.2302361120	37738291	Scaphopoda is the sister taxon to Bivalvia: Evidence of ancient incomplete lineage sorting.	medium	bioproject_text
GCA_921293015.1	Phorcus lineatus	WELLCOME SANGER INSTITUTE	PRJEB49088	10.12688/wellcomeopenres.19485.1	37621576	Genome sequence for the thick topshell, Phorcus lineatus (da Costa, 1778).	high	assembly_name
GCA_965237135.1	Phorcus turbinatus	Centro Nacional de Análisis Genómico	PRJEB88156	10.12688/openreseurope.23162.1		ERGA-BGE reference genome of Phorcus turbinatus - a water quality biomarker and species distributed along the Mediterranean coast	medium	organism_title
GCA_936450465.1	Gibbula magus	WELLCOME SANGER INSTITUTE	PRJEB52070	10.12688/wellcomeopenres.18792.1	37538380	The genome sequence of the turban top shell, Gibbula magus (Linnaeus, 1758).	high	assembly_name
GCA_916613615.1	Steromphala cineraria	WELLCOME SANGER INSTITUTE	PRJEB47762	10.12688/wellcomeopenres.17677.3	38715953	The genome sequence of the grey top shell, Steromphala cineraria (Linnaeus, 1758).	high	assembly_name
GCA_048126395.1	Bullacta caurina	Yellow Sea Fisheries Research Institute, Chinese Academy of Fishery Sciences	PRJNA1197099	10.1038/s41597-025-05373-2	40523891	A chromosome-level genome assembly of the Bullacta exarata (Cephalaspidea: Haminoeidae).	low	organism_genus_title
GCA_051558385.1	Bullacta caurina	Liaoning Ocean and Fisheries Science Research Institute	PRJNA1181945	10.1038/s41597-026-06791-6	41663448	Chromosome-level genome assembly of mud snail Bullacta exarata.	high	bioproject_text
GCA_964266695.1	Phyllidia flava	Centro Nacional de Análisis Genómico	PRJEB77891	10.1101/2025.01.14.632929		ERGA-BGE Reference Genome of Phyllidia flava (Nudibranchia: Phyllidiidae), a Relict Species Endemic to the Mediterranean Sea	medium	organism_title
GCA_963931925.1	Onchidella celtica	WELLCOME SANGER INSTITUTE	PRJEB72237	10.12688/wellcomeopenres.25000.1	41467105	The genome sequence of the Celtic sea slug, Onchidella celtica (Audouin & Milne-Edwards, 1832) (Systellommatophora: Onchidiidae).	high	assembly_name
GCA_964271275.2	Albinaria teres	Genoscope CEA	PRJEB77225	10.12688/openreseurope.22093.1		ERGA-BGE genome of Albinaria teres (Olivier, 1801): a rock-dwelling land snail endemic to the island of Crete, Greece	medium	organism_title
GCA_964187895.1	Cornu aspersum	WELLCOME SANGER INSTITUTE	PRJEB76641	10.12688/wellcomeopenres.24859.1	41244036	The genome sequence of the Brown garden snail, Cornu aspersum (O.F.Müller, 1774) (Stylommatophora: Helicidae).	high	assembly_name
GCA_964147875.1	Cepaea nemoralis	WELLCOME SANGER INSTITUTE	PRJEB76210	10.12688/wellcomeopenres.25136.1		The genome sequence of the Grove snail, Cepaea nemoralis (Linnaeus, 1758) (Stylommatophora: Helicidae)	medium	organism_title
GCA_964166675.1	Cepaea nemoralis	WELLCOME SANGER INSTITUTE		10.12688/wellcomeopenres.25136.1		The genome sequence of the Grove snail, Cepaea nemoralis (Linnaeus, 1758) (Stylommatophora: Helicidae)	medium	organism_title
GCA_963921405.1	Cepaea hortensis	WELLCOME SANGER INSTITUTE	PRJEB71726	10.12688/wellcomeopenres.25181.2	41660134	The genome sequence of the white-lipped snail, Cepaea hortensis (Müller, 1774) (Stylommatophora: Helicidae).	high	assembly_name
GCA_051403575.1	Deroceras laeve	National Human Genome Research Institute	PRJNA1237345	10.1093/g3journal/jkaf164	40736079	The chromosome-level genome assembly of the slug Deroceras laeve facilitates its use as a comparative model of regeneration.	high	bioproject_text
GCA_964271515.3	Deroceras lasithionense	Genoscope CEA	PRJEB77228	10.1093/g3journal/jkaf164	40736079	The chromosome-level genome assembly of the slug Deroceras laeve facilitates its use as a comparative model of regeneration.	low	organism_genus_title
GCA_009760885.1	Achatina immaculata	Agricultural Genomics Institute at Shenzhen	PRJNA561271	10.1093/gigascience/giz124	31634388	A chromosomal-level genome assembly for the giant African snail Achatina fulica.	low	organism_genus_title
GCA_034231615.1	Meghimatium bilineatum	Zhejiang Ocean University	PRJNA1012509	10.1038/s41597-023-02893-7	38182611	Chromosomal-scale genome assembly and annotation of the land slug (Meghimatium bilineatum).	medium	organism_title
GCA_020796225.1	Arion vulgaris	SNSB - Zoologische Staatssammlung Munchen	PRJNA680311	10.1038/s41598-022-18099-7	35987814	Pulmonate slug evolution is reflected in the de novo genome of Arion vulgaris Moquin-Tandon, 1855.	high	bioproject_text
GCA_963854125.1	Elysia crispata	WELLCOME SANGER INSTITUTE	PRJEB71057	10.1093/g3journal/jkad234	37816307	A reference genome for the long-term kleptoplast-retaining sea slug Elysia crispata morphotype clarki.	medium	organism_title
GCA_964017045.1	Omphiscola glabra	WELLCOME SANGER INSTITUTE	PRJEB74131	10.12688/wellcomeopenres.24266.1	41146898	The genome sequence of the pond mud snail, Omphiscola glabra (O.F.Müller, 1774).	high	assembly_name
GCA_949126835.1	Anisus vortex	WELLCOME SANGER INSTITUTE	PRJEB59452	10.12688/wellcomeopenres.19836.1	37674878	The genome sequence of the Whirlpool Ramshorn snail, Anisus vortex (Linnaeus, 1758).	high	assembly_name
GCA_964264155.1	Anisus vorticulus	WELLCOME SANGER INSTITUTE	PRJEB80127	10.12688/openreseurope.20499.1		ERGA-BGE genome of Anisus vorticulus (Troschel, 1834): the Lesser Ramshorn Snail, an endangered freshwater snail protected under the EU's Habitats and Species Directive	medium	organism_title
GCA_964300365.1	Rhynchopelta concentrica	WELLCOME SANGER INSTITUTE	PRJEB81730	10.12688/wellcomeopenres.27361.1		The chromosomal genome sequence of a peltospirid gastropod, Rhynchopelta concentrica McLean, 1989 (Neomphalida: Peltospiridae) and its associated microbial metagenome sequences	medium	organism_title
GCA_036898135.1	Oncomelania hupensis	National Institute of Parasitic Diseases at China CDC(Chinese Center for Tropical Diseases Research)	PRJNA1033027	10.1186/s40249-024-01187-3	38414088	Chromosome-level genome assembly of Oncomelania hupensis: the intermediate snail host of Schistosoma japonicum.	high	bioproject_text
GCA_964330335.1	Littorina littorea	WELLCOME SANGER INSTITUTE	PRJEB82122	10.12688/wellcomeopenres.25091.1		The genome sequence of the common periwinkle, Littorina littorea (Linnaeus, 1758) (Littorinimorpha: Littorinidae)	medium	organism_title
GCA_965235085.1	Littorina obtusata	WELLCOME SANGER INSTITUTE	PRJEB85418	10.1093/gbe/evae076	38584387	Chromosome-scale Genome Assembly of the Rough Periwinkle Littorina saxatilis.	low	organism_genus_title
GCA_965250475.1	Littorina saxatilis	WELLCOME SANGER INSTITUTE	PRJEB88637	10.1093/gbe/evae076	38584387	Chromosome-scale Genome Assembly of the Rough Periwinkle Littorina saxatilis.	low	organism_title
GCA_017654935.2	Phymorhynchus buccinoides	BGI	PRJNA700822	10.1186/s12864-023-09760-0	37950158	Chromosome-level genome assembly of the deep-sea snail Phymorhynchus buccinoides provides insights into the adaptation to the cold seep habitat.	high	bioproject_text
GCA_018398815.2	Conus ventricosus	Museo Nacional de Ciencias Naturales (CSIC)	PRJNA678883	10.1093/gigascience/giab037	34037232	The genome of the venomous snail Lautoconus ventricosus sheds light on the origin of conotoxin diversity.	high	bioproject_text
GCA_028751875.1	Rapana venosa	Institute of oceanology	PRJNA855327	10.1016/j.csbj.2022.12.047	36659925	Integrated mRNA and miRNA transcriptomic analysis reveals the response of Rapana venosa to the metamorphic inducer (juvenile oysters).	high	bioproject_text
GCA_050437285.1	Cipangopaludina chinensis	Yancheng Teachers University	PRJNA1141092	10.3390/ani16020172	41594364	Genome-Wide Characterization of Four Gastropod Species Ionotropic Receptors Reveals Diet-Linked Evolutionary Patterns of Functional Divergence.	medium	bioproject_text
GCA_050626345.1	Pomacea maculata	Ocean University of China	PRJNA1210091	10.1093/dnares/dsaf010	40344091	Four chromosome-scale ampullariid genomes: high-quality resources for ecological, evolutionary, and invasion biology studies.	high	bioproject_text
GCA_036321745.1	Pomacea canaliculata	Fudan University	PRJNA951865	10.1093/gigascience/giae064	39311763	Whole-genome sequencing of the invasive golden apple snail Pomacea canaliculata from Asia reveals rapid expansion and adaptive evolution.	high	bioproject_text
GCA_050626375.1	Pomacea diffusa	Ocean University of China	PRJNA1210101	10.1093/dnares/dsaf010	40344091	Four chromosome-scale ampullariid genomes: high-quality resources for ecological, evolutionary, and invasion biology studies.	high	bioproject_text
GCA_050626395.1	Marisa cornuarietis	Ocean University of China	PRJNA1210073	10.1093/dnares/dsaf010	40344091	Four chromosome-scale ampullariid genomes: high-quality resources for ecological, evolutionary, and invasion biology studies.	high	bioproject_text
GCA_965642515.1	Alviniconcha hessleri	WELLCOME SANGER INSTITUTE	PRJEB93861	10.12688/wellcomeopenres.25894.1		The chromosomal genome sequence of Alviniconcha strummeri S.B.Johnson, Warén, Tunnicliffe, Van Dover, Wheat, T.F.Schultz & Vrijenhoek, 2014 (Provannidae) and its associated microbial metagenome sequences	low	organism_genus_title
GCA_963584105.1	Alviniconcha strummeri	WELLCOME SANGER INSTITUTE	PRJEB68212	10.12688/wellcomeopenres.25894.1		The chromosomal genome sequence of Alviniconcha strummeri S.B.Johnson, Warén, Tunnicliffe, Van Dover, Wheat, T.F.Schultz & Vrijenhoek, 2014 (Provannidae) and its associated microbial metagenome sequences	medium	organism_title
GCA_963678685.1	Patella ulyssiponensis	WELLCOME SANGER INSTITUTE	PRJEB70253	10.1093/gbe/evae070	38546725	The genome of the rayed Mediterranean limpet Patella caerulea (Linnaeus, 1758).	high	bioproject_text
GCA_964341155.2	Patella caerulea	Genoscope CEA	PRJEB82701	10.1093/gbe/evae070	38546725	The genome of the rayed Mediterranean limpet Patella caerulea (Linnaeus, 1758).	medium	organism_title
GCA_948474765.1	Patella depressa	WELLCOME SANGER INSTITUTE	PRJEB59259	10.12688/wellcomeopenres.20687.1	38779153	The genome sequence of the black-footed limpet, Patella depressa (Pennant, 1777).	high	assembly_name
GCA_965111895.1	Patella rustica	Centro Nacional de Análisis Genómico	PRJEB83998	10.12688/openreseurope.21608.2	41836184	ERGA-BGE Chromosome-Level Genome of Patella rustica Linnaeus, 1758: a Resource to Investigate Responses to Global Warming in the intertidal.	high	assembly_name
GCA_917208275.1	Patella pellucida	WELLCOME SANGER INSTITUTE	PRJEB47996	10.12688/wellcomeopenres.17825.1	36874573	The genome sequence of the blue-rayed limpet, Patella pellucida Linnaeus, 1758.	high	assembly_name
GCA_947623455.1	Mimachlamys varia	WELLCOME SANGER INSTITUTE	PRJEB58318	10.12688/wellcomeopenres.19643.1	39021514	The genome sequence of the variegated scallop, Mimachlamys varia (Linnaeus, 1758).	high	assembly_name
GCA_045489415.1	Atrina pectinata	Yellow Sea Fisheries Research Institute, Chinese Academy of Fishery Sciences	PRJNA1134073	10.1038/s41597-025-04978-x	40229273	The chromosomal-level genome assembly and annotation of pen shell Atrina pectinata.	medium	organism_title
GCA_050580605.1	Pinctada maxima	Ocean University of China	PRJNA1199952	10.1038/s41597-025-05607-3	40715147	The chromosome-level genome assembly and annotation of the silver-lipped pearl oyster, Pinctada maxima.	medium	organism_title
GCA_964261305.2	Pinctada radiata	Genoscope CEA	PRJEB77216	10.1101/2025.01.17.632165		ERGA-BGE genome of Pinctada radiata (Leach, 1814): one of the first Lessepsian migrants	high	assembly_name
GCA_002216045.1	Pinctada imbricata	Guangdong Ocean University	PRJNA283019	10.1093/gigascience/gix059	28873964	The pearl oyster Pinctada fucata martensii genome and multi-omic analyses provide insights into biomineralization.	medium	bioproject_text
GCA_965117275.1	Bathymodiolus heckerae	WELLCOME SANGER INSTITUTE	PRJEB85154	10.12688/wellcomeopenres.24799.1		The chromosomal genome sequence of the Seven Luminaries Vent Mussel, Bathymodiolus septemdierum Hashimoto & Okutani, 1994, and its associated microbial metagenome sequences	low	organism_genus_title
GCA_963680875.1	Bathymodiolus brooksi	WELLCOME SANGER INSTITUTE	PRJEB70452	10.12688/wellcomeopenres.24799.1		The chromosomal genome sequence of the Seven Luminaries Vent Mussel, Bathymodiolus septemdierum Hashimoto & Okutani, 1994, and its associated microbial metagenome sequences	low	organism_genus_title
GCA_963383655.1	Bathymodiolus septemdierum	WELLCOME SANGER INSTITUTE	PRJEB65342	10.12688/wellcomeopenres.24799.1		The chromosomal genome sequence of the Seven Luminaries Vent Mussel, Bathymodiolus septemdierum Hashimoto & Okutani, 1994, and its associated microbial metagenome sequences	medium	organism_title
GCA_963971305.1	Arcuatula senhousia	WELLCOME SANGER INSTITUTE	PRJEB73490	10.12688/wellcomeopenres.26852.1		The genome sequence of the Asian date mussel, Arcuatula senhousia (Benson, 1842) (Mytilida: Mytilidae)	medium	organism_title
GCA_944474755.1	Limnoperna fortunei	WELLCOME SANGER INSTITUTE	PRJEB53672	10.1093/gigascience/giad072	37776366	A chromosome-level assembly supports genome-wide investigation of the DMRT gene family in the golden mussel (Limnoperna fortunei).	high	assembly_name
GCA_037379345.1	Perna viridis	Central Marine Fisheries Research Institute	PRJNA964485	10.1038/s41597-024-03802-2	39198463	The chromosome level genome assembly of the Asian green mussel, Perna viridis.	high	bioproject_text
GCA_037788925.1	Mytilus galloprovincialis	Yantai University	PRJNA1019491	10.1093/g3journal/jkae138	38935082	A chromosome-scale Mytilus edulis genome assembly for aquaculture, marine ecology, and evolution.	high	assembly_name
GCA_048414535.1	Mytilus galloprovincialis	Zhejiang Ocean University	PRJNA922052	10.1038/s41597-024-03497-5	38886364	Chromosomal-scale genome assembly of the Mediterranean mussel Mytilus galloprovincialis.	low	organism_title
GCA_036588685.2	Mytilus trossulus	Pacific Northwest Research Institute	PRJNA1057985	10.3390/genes16070816	40725472	Tracing the Evolutionary Expansion of a Hyperdiverse Antimicrobial Peptide Gene Family in Mytilus spp.: The MyticalinDB Resource.	high	assembly_name
GCA_964261245.2	Arca noae	Genoscope CEA	PRJEB77124	10.3897/arphapreprints.e154439		ERGA-BGE genome of Noah`s Ark shell (Arca noae Linnaeus, 1758), a Mediterranean bivalve species	medium	organism_title
GCA_051557925.1	Hyotissa hyotis	Ocean University of China	PRJNA1256277	10.1038/s41597-025-05675-5	40739096	Chromosome-level haplotype-resolved genome assembly of the giant honeycomb oyster, Hyotissa hyotis.	medium	organism_title
GCA_051557945.1	Hyotissa hyotis	Ocean University of China	PRJNA1256278	10.1038/s41597-025-05675-5	40739096	Chromosome-level haplotype-resolved genome assembly of the giant honeycomb oyster, Hyotissa hyotis.	medium	organism_title
GCA_025765675.3	Magallana angulata	Institute of Oceanology, Chinese Academy of Sciences	PRJNA871953	10.1101/2025.11.20.688662		High-quality genome assembly and functional annotation of Hiroshima-derived Pacific oyster Magallana gigas	low	organism_genus_title
GCA_025765685.3	Magallana gigas	Institute of Oceanology, Chinese Academy of Sciences	PRJNA871953	10.1101/2025.11.20.688662		High-quality genome assembly and functional annotation of Hiroshima-derived Pacific oyster Magallana gigas	low	organism_title
GCA_902806645.1	Magallana gigas	THE ROSLIN INSTITUTE	PRJEB35351	10.3390/ijms22063222	33810107	Transient Receptor Potential (TRP) Channels in the Pacific Oyster (Crassostrea gigas): Genome-Wide Identification and Expression Profiling after Heat Stress between C. gigas and C. angulata.	medium	assembly_name
GCA_964656485.1	Magallana gigas	The French Research Institute for Exploitation of the Sea	PRJEB82928	10.1128/spectrum.02082-24	39846760	Evaluation of long-read sequencing for Ostreid herpesvirus type 1 genome characterization from Magallana gigas infected tissues.	high	bioproject_text
GCA_020567875.1	Magallana ariakensis	Institute of Oceanology, Chinese Academy of Sciences	PRJNA715058	10.1038/s42003-021-02823-6	34773106	Genome of the estuarine oyster provides insights into climate impact and adaptive plasticity.	medium	bioproject_text
GCA_040114485.1	Magallana ariakensis	Institute of Oceanology, Chinese Academy of Sciences	PRJNA1094604	10.1101/2025.11.20.688662		High-quality genome assembly and functional annotation of Hiroshima-derived Pacific oyster Magallana gigas	low	organism_genus_title
GCA_024362745.1	Ostrea edulis	Sorbonne University	PRJNA772088	10.1111/eva.13460	36426132	Chromosome-level reference genome for European flat oyster (Ostrea edulis L.).	high	bioproject_text
GCA_051201775.1	Magallana gigas x Magallana angulata	Institute of Oceanology, Chinese Academy of Sciences	PRJNA1224471	10.1101/2025.11.20.688662		High-quality genome assembly and functional annotation of Hiroshima-derived Pacific oyster Magallana gigas	medium	organism_title
GCA_028554795.2	Sinohyriopsis cumingii	Shanghai Ocean University	PRJNA909938	10.3390/ijms25063146	38542120	The First High-Quality Genome Assembly of Freshwater Pearl Mussel Sinohyriopsis cumingii: New Insights into Pearl Biomineralization.	high	bioproject_text
GCA_039955035.1	Sinosolenaia oleivora	Freshwater Fisheries Research Center, Chinese Academy of Fisheries Sciences	PRJNA1089345	10.1038/s41597-024-03451-5	38851789	Chromosome-level genome assembly of the freshwater mussel Sinosolenaia oleivora (Heude, 1877).	medium	organism_title
GCA_963989385.1	Ctena decussata	WELLCOME SANGER INSTITUTE	PRJEB73778	10.12688/wellcomeopenres.24738.1	41040656	The chromosomal genome sequence of the mollusc, Ctena decussata (O.G.Costa, 1829) and its bacterial endosymbiont Candidatus Thiodiazotropha sp. CDECU1 (Chromatiales).	low	assembly_name
GCA_964016985.1	Anodontia alba	WELLCOME SANGER INSTITUTE	PRJEB74124	10.12688/wellcomeopenres.25920.1	41913758	The chromosomal genome sequence of the buttercup lucine, Anodontia alba Link, 1807 (Lucinida: Lucinidae) and its associated microbial metagenome sequences.	high	assembly_name
GCA_964017185.1	Rugalucina vietnamica	WELLCOME SANGER INSTITUTE	PRJEB74183	10.1038/s41597-026-07569-6	42270664	A chromosome-level genome assembly of the chemosymbiotic species Rugalucina vietnamica (Lucinida: Lucinidae).	medium	organism_title
GCA_964019695.1	Loripinus fragilis	WELLCOME SANGER INSTITUTE	PRJEB74400	10.12688/wellcomeopenres.27183.1		The chromosomal genome sequence of Loripinus fragilis (R.A.Philippi, 1836) (Lucinida: Lucinidae) and its associated microbial metagenome sequences	medium	organism_title
GCA_046867355.1	Indoaustriella scarlatoi	Institute of Oceanology, Chinese Academy of Sciences	PRJNA1181275	10.1038/s41597-025-04606-8	39955267	Chromosome-level genome assembly of the intertidal lucinid clam Indoaustriella scarlatoi.	high	bioproject_text
GCA_029582155.1	Panopea generosa	Institute of Oceanology, Chinese Academy of Sciences	PRJNA859289	10.1093/gigascience/giad105	38116826	Chromosome-level genome assembly of the Pacific geoduck Panopea generosa reveals major inter- and intrachromosomal rearrangements and substantial expansion of the copine gene family.	high	bioproject_text
GCA_965225065.2	Xylophaga dorsalis	Centro Nacional de Análisis Genómico	PRJEB87516	10.12688/openreseurope.22692.2	42147826	ERGA-BGE reference genome of Xylophaga dorsalis - a common deep-sea wood-boring bivalve with Atlantic-Mediterranean distribution.	high	assembly_name
GCA_964300355.1	Americardia media	WELLCOME SANGER INSTITUTE	PRJEB81727	10.12688/wellcomeopenres.25082.1	41488255	The genome sequence of the Atlantic Strawberry Cockle, Americardia media (Linnaeus, 1758) (Cardiida: Cardiidae).	high	assembly_name
GCA_948146395.1	Fragum whitleyi	WELLCOME SANGER INSTITUTE	PRJEB58846	10.12688/wellcomeopenres.21135.1		The genome sequence of a heart cockle, Fragum whitleyi Iredale, 1929	medium	organism_title
GCA_963680895.1	Fragum sueziense	WELLCOME SANGER INSTITUTE	PRJEB70456	10.12688/wellcomeopenres.22585.1	39398938	The genome sequence of the heart cockle, Fragum sueziense (Issel, 1869).	high	assembly_name
GCA_946902895.1	Fragum fragum	WELLCOME SANGER INSTITUTE	PRJEB56099	10.12688/wellcomeopenres.21134.1	38989474	The genome sequence of a heart cockle, Fragum fragum (Linnaeus, 1758).	high	assembly_name
GCA_947846245.1	Cerastoderma edule	cimus	PRJEB58149	10.1007/s00438-024-02148-z	38789628	Unravelling epigenetic mechanisms in Cerastoderma edule genome: a comparison of healthy and neoplastic cockles.	high	bioproject_text
GCA_963989375.1	Cerastoderma edule	WELLCOME SANGER INSTITUTE	PRJEB73772	10.1007/s00438-024-02148-z	38789628	Unravelling epigenetic mechanisms in Cerastoderma edule genome: a comparison of healthy and neoplastic cockles.	low	organism_title
GCA_964341395.1	Cerastoderma glaucum	WELLCOME SANGER INSTITUTE	PRJEB82821	10.12688/wellcomeopenres.25015.1		The genome sequence of the Lagoon Cockle, Cerastoderma glaucum (Bruguière, 1789) (Cardiida: Cardiidae)	medium	organism_title
GCA_945859785.2	Tridacna gigas	WELLCOME SANGER INSTITUTE	PRJEB54852	10.12688/wellcomeopenres.21136.1	38800516	The genome sequence of the giant clam, Tridacna gigas (Linnaeus, 1758).	high	assembly_name
GCA_963210305.1	Tridacna derasa	WELLCOME SANGER INSTITUTE	PRJEB65026	10.12688/wellcomeopenres.22618.1	39429632	The genome sequence of the smooth giant clam, Tridacna derasa Röding, 1798.	high	assembly_name
GCA_045685785.1	Tridacna maxima	University of Colorado Boulder	PRJNA1077608	10.1038/s41597-024-03014-8	38341475	Chromosome-level genome assembly and annotation of rare and endangered tropical bivalve, Tridacna crocea.	low	organism_genus_title
GCA_032873355.1	Tridacna crocea	Biozeron Shenzhen Inc.	PRJNA784730	10.1038/s41597-024-03014-8	38341475	Chromosome-level genome assembly and annotation of rare and endangered tropical bivalve, Tridacna crocea.	low	organism_title
GCA_943736015.1	Tridacna crocea	WELLCOME SANGER INSTITUTE	PRJEB53300	10.1038/s41597-024-03014-8	38341475	Chromosome-level genome assembly and annotation of rare and endangered tropical bivalve, Tridacna crocea.	low	organism_title
GCA_965239675.1	Hippopus hippopus	WELLCOME SANGER INSTITUTE	PRJEB88340	10.12688/wellcomeopenres.21137.1		The genome sequence of the horse’s hoof clam, Hippopus hippopus (Linnaeus, 1758)	medium	organism_title
GCA_963576725.1	Azorinus chamasolen	WELLCOME SANGER INSTITUTE	PRJEB68125	10.12688/wellcomeopenres.23457.1	41079485	The genome sequence of a mollusc, Azorinus chamasolen (da Costa, 1778).	high	assembly_name
GCA_007844125.1	Sinonovacula constricta	Novogene Bioinformatics Technology Corporation	PRJNA508451	10.3389/fgene.2020.00664	32733535	The Chromosome-Level Genome Assembly and Comprehensive Transcriptomes of the Razor Clam (Sinonovacula constricta).	low	organism_title
GCA_009762815.1	Sinonovacula constricta	Zhejing Wanli University	PRJNA559038	10.3389/fgene.2020.00664	32733535	The Chromosome-Level Genome Assembly and Comprehensive Transcriptomes of the Razor Clam (Sinonovacula constricta).	low	organism_title
GCA_964468855.2	Donax variegatus	Genoscope CEA	PRJEB82772	10.21203/rs.3.rs-3831980/v1		Chromosome-scale Genome Assembly of the Alloenneaploid Arundo donax	low	organism_genus_title
GCA_965239255.1	Donax semistriatus	Genoscope	PRJEB86701	10.21203/rs.3.rs-3831980/v1		Chromosome-scale Genome Assembly of the Alloenneaploid Arundo donax	low	organism_genus_title
GCA_922989275.2	Gari tellinella	WELLCOME SANGER INSTITUTE	PRJEB49376	10.12688/wellcomeopenres.17805.1	38031537	The genome sequence of Gari tellinella (Lamarck, 1818), a sunset clam.	high	assembly_name
GCA_025267735.1	Mactra quadrangularis	Liaoning Ocean and Fisheries Science Research Institute	PRJNA836699	10.1093/g3journal/jkac229	36165708	A high-quality chromosome-level genome assembly of the bivalve mollusk Mactra veneriformis.	high	bioproject_text
GCA_049640265.1	Mactra antiquata	Liaoning Ocean and Fisheries Science Research Institute	PRJNA1182534	10.3390/ani14091376	38731380	Sequencing of the Complete Mitochondrial Genome of the Big Brown Mactra Clam, Mactra grandis (Venerida: Mactridae).	low	organism_genus_title
GCA_947247005.1	Spisula solida	WELLCOME SANGER INSTITUTE	PRJEB57180	10.12688/wellcomeopenres.19486.1	38764973	The genome sequence of the surf clam, Spisula solida (Linnaeus, 1758).	high	assembly_name
GCA_963678985.1	Spisula subtruncata	WELLCOME SANGER INSTITUTE	PRJEB70274	10.12688/wellcomeopenres.22286.1	39015612	The genome sequence of the cut surfclam, Spisula subtruncata (da Costa, 1778).	high	assembly_name
GCA_965230695.1	Sphaerium corneum	WELLCOME SANGER INSTITUTE	PRJEB87588	10.12688/wellcomeopenres.26701.1		The genome sequence of the European fingernail clam, Sphaerium corneum Linnaeus, 1758 (Venerida: Sphaeriidae)	medium	organism_title
GCA_052148955.1	Ruditapes philippinarum	DALIAN OCEAN UNIVERSITY	PRJNA1224490	10.1016/j.cbd.2024.101244	38749209	Genome-wide identification and expression analysis of Sox gene family in the Manila clam (Ruditapes philippinarum).	low	organism_title
GCA_964294305.1	Ruditapes philippinarum	Genoscope CEA	PRJEB81438	10.1016/j.cbd.2024.101244	38749209	Genome-wide identification and expression analysis of Sox gene family in the Manila clam (Ruditapes philippinarum).	low	organism_title
GCA_022818135.2	Saxidomus purpurata	Genome Research Foundation	PRJNA706842	10.1093/gbe/evac106	35881514	Chromosome-Level Genome Assembly of the Butter Clam Saxidomus purpuratus.	medium	bioproject_text
GCA_964200665.2	Venus verrucosa	Genoscope CEA	PRJEB77694	10.1111/mec.17504	39166453	Chromosome-level genome assembly of a deep-sea Venus flytrap sea anemone sheds light upon adaptations to an extremely oligotrophic environment.	low	organism_genus_title
GCA_048126915.1	Verpa penis	Senckenberg	PRJNA1120794	10.1186/s12864-025-11622-w	40346497	Genome of the enigmatic watering-pot shell and morphological adaptations for anchoring in sediment.	high	bioproject_text
GCA_964276865.1	Stigmatoteuthis arcturi	Centro Nacional de Análisis Genómico		10.12688/openreseurope.20439.1	41019977	ERGA-BGE genome of Stigmatoteuthis arcturi Robson, 1948: the jewelled squid.	high	assembly_name
GCA_964059275.1	Eumandya parva	WELLCOME SANGER INSTITUTE		10.12688/wellcomeopenres.27083.1		The chromosomal genome sequence of the spotty bobtail squid, Eumandya parva (Sasaki, 1914) (Sepiida: Sepiolidae)	medium	organism_title
GCA_963932145.1	Acanthosepion lycidas	WELLCOME SANGER INSTITUTE	PRJEB72312	10.12688/wellcomeopenres.27096.1		The chromosomal genome sequence of the kisslip cuttlefish, Acanthosepion lycidas (Gray, 1849) (Sepiida: Sepiidae)	medium	organism_title
GCA_964036315.1	Acanthosepion esculentum	WELLCOME SANGER INSTITUTE	PRJEB75607	10.1016/j.cub.2025.01.005	39904337	Cephalopod sex determination and its ancient evolutionary origin.	medium	bioproject_text
GCA_050097725.1	Sepia officinalis	Max-Planck Institute for Brain Research	PRJNA1091451	10.7554/elife.107393	42206967	Chromosome-scale genome assembly of the European common cuttlefish Sepia officinalis.	high	bioproject_text
GCA_964300435.1	Sepia officinalis	WELLCOME SANGER INSTITUTE	PRJEB81729	10.7554/elife.107393	42206967	Chromosome-scale genome assembly of the European common cuttlefish Sepia officinalis.	high	assembly_name
GCA_963585895.1	Sepioteuthis lessoniana	WELLCOME SANGER INSTITUTE	PRJEB68207	10.12688/wellcomeopenres.24553.1	41523161	The chromosomal genome sequence of the bigfin reef squid, Sepioteuthis lessoniana d'Orbigny, 1826 and its associated microbial metagenome sequences.	high	assembly_name
GCA_964016885.1	Eledone cirrhosa	WELLCOME SANGER INSTITUTE	PRJEB74118	10.1016/j.cub.2025.01.005	39904337	Cephalopod sex determination and its ancient evolutionary origin.	medium	bioproject_text
GCA_046866305.1	Octopus bimaculoides	University of Oregon	PRJNA1076263	10.1016/j.cub.2025.01.005	39904337	Cephalopod sex determination and its ancient evolutionary origin.	medium	bioproject_text
GCA_045838535.1	Deshayesiella sirenkoi	Ocean University of China	PRJNA1114373	10.7554/elife.102542	40244654	Still waters run deep in large-scale genome rearrangements of morphologically conservative Polyplacophora.	medium	bioproject_text
GCA_047826735.1	Callochiton septemvalvis	Ocean University of China	PRJNA1114372	10.7554/elife.102542	40244654	Still waters run deep in large-scale genome rearrangements of morphologically conservative Polyplacophora.	medium	bioproject_text
GCA_964264625.4	Chiton olivaceus	Genoscope CEA	PRJEB80161	10.3390/ani14213161	39518884	A Chromosome-Level Genome Assembly of Chiton Acanthochiton rubrolineatus (Chitonida, Polyplacophora, Mollusca).	low	organism_genus_title
GCA_048544545.1	Acanthochitona discrepans	Senckenberg	PRJNA1114954	10.7554/elife.102542	40244654	Still waters run deep in large-scale genome rearrangements of morphologically conservative Polyplacophora.	medium	bioproject_text
GCA_045838495.1	Acanthochitona rubrolineata	Ocean University of China	PRJNA1114370	10.7554/elife.102542	40244654	Still waters run deep in large-scale genome rearrangements of morphologically conservative Polyplacophora.	medium	bioproject_text
GCA_051362555.1	Lingula anatina	Academia Sinica	PRJNA1068743	10.1038/s41467-026-70403-5	41820373	Brachiopod genome unveils the evolution of BMP signalling in bilaterian body patterning.	medium	bioproject_text
GCA_965153355.1	Flaccisagitta enflata	university of cologne	PRJEB83807	10.1101/2025.03.14.643333		Chromosome-level genome assembly and annotation of the chaetognath Flaccisagitta enflata	medium	organism_title
GCA_051294375.1	Paraspadella gotoi	University College London	PRJNA1169515	10.1038/s41586-025-09403-2	40804517	The genomic origin of the unique chaetognath body plan.	medium	bioproject_text
GCA_963402885.1	Antedon bifida	WELLCOME SANGER INSTITUTE	PRJEB65435	10.12688/wellcomeopenres.20504.1		The genome sequence of the Rosy Feather Star, Antedon bifida (Pennant, 1777)	medium	organism_title
GCA_051362135.1	Cenometra bella	Institute of Oceanology	PRJNA1264790	10.21203/rs.3.rs-9024236/v1		The near-T2T genome of the feather star Cenometra bella reveals evolutionary innovations and coral reef habitat tolerance	medium	organism_title
GCA_021014325.1	Plazaster borealis	eGnome Inc.	PRJNA776097	10.1093/gigascience/giac063	35809048	Chromosome-level genome assembly of Plazaster borealis sheds light on the morphogenesis of multiarmed starfish and its regenerative capacity.	high	bioproject_text
GCA_029582265.1	Zoroaster sp. YZ-2022	Institute of Deep-Sea Science and Engineering,Chinese Academy of Sciences	PRJNA891479	10.1038/s41597-023-02397-4	37528102	A chromosome-level genome assembly of a deep-sea starfish (Zoroaster cf. ophiactis).	high	bioproject_text
GCA_911728455.2	Marthasterias glacialis	WELLCOME SANGER INSTITUTE	PRJEB46624	10.12688/wellcomeopenres.17344.1	36936045	The genome sequence of the spiny starfish, Marthasterias glacialis (Linnaeus, 1758).	high	assembly_name
GCA_965124015.1	Anseropoda placenta	WELLCOME SANGER INSTITUTE	PRJEB85581	10.12688/wellcomeopenres.25057.1	41797874	The genome sequence of the Goose Foot Starfish, Anseropoda placenta (Pennant, 1777) (Valvatida: Asterinidae).	high	assembly_name
GCA_029964075.1	Patiria pectinifera	national institute of biological resources	PRJNA882565	10.1093/jhered/esad054	37738158	A reference genome for ecological restoration of the sunflower sea star, Pycnopodia helianthoides.	high	bioproject_text
GCA_963971285.1	Astropecten irregularis	WELLCOME SANGER INSTITUTE	PRJEB73498	10.12688/wellcomeopenres.22821.1	39415778	The genome sequence of the sand star, Astropecten irregularis (Pennant, 1777).	high	assembly_name
GCA_949987565.1	Luidia sarsii	WELLCOME SANGER INSTITUTE	PRJEB61567	10.1093/jhered/esad054	37738158	A reference genome for ecological restoration of the sunflower sea star, Pycnopodia helianthoides.	high	bioproject_text
GCA_035610835.1	Ophiura sarsii	First institute of oceanography	PRJNA1057532	10.1038/s41597-024-03412-y	38816401	Chromosome-level genome assembly and annotation of the cold-water species Ophiura sarsii.	medium	organism_title
GCA_043643665.1	Ophiura sarsii vadicola	First Institute of Oceanography, Ministry of Natural Resources	PRJNA732836	10.1186/s13059-025-03542-5	40165295	Chromosome-level genome assembly and single-cell analysis unveil molecular mechanisms of arm regeneration in the ophiuroid Ophiura sarsii vadicola.	high	bioproject_text
GCA_964275005.2	Diadema setosum	Genoscope CEA	PRJEB77219	10.12688/openreseurope.20681.1	42299376	ERGA-BGE reference genome of Diadema setosum: the Black Longspine Urchin invading the Mediterranean sea.	high	assembly_name
GCA_029962745.1	Echinometra lucunter	Indiana University	PRJNA914403	10.1093/gbe/evad093	37280750	Near-Chromosomal-Level Genome Assembly of the Sea Urchin Echinometra lucunter, a Model for Speciation in the Sea.	high	bioproject_text
GCA_040801975.1	Heliocidaris crassispina	Chinese Academy of Fishery Sciences	PRJNA1128425	10.1038/s41597-024-03733-y	39127825	The first high-quality genome assembly and annotation of Anthocidaris crassispina.	high	bioproject_text
GCA_025617745.1	Heliocidaris erythrogramma	Duke University	PRJNA827916	10.1093/molbev/msac172	35946348	Evolutionary Changes in the Chromatin Landscape Contribute to Reorganization of a Developmental Gene Network During Rapid Life History Evolution in Sea Urchins.	medium	bioproject_text
GCA_025618425.1	Heliocidaris tuberculata	Duke University	PRJNA827769	10.1093/molbev/msac172	35946348	Evolutionary Changes in the Chromatin Landscape Contribute to Reorganization of a Developmental Gene Network During Rapid Life History Evolution in Sea Urchins.	medium	bioproject_text
GCA_963669155.1	Arbacia lixula	universitat de barcelona	PRJEB60287	10.1093/dnares/dsae020	38908014	Chromosome-level genome assembly and annotation of the black sea urchin Arbacia lixula (Linnaeus, 1758).	high	bioproject_text
GCA_050947865.1	Holothuria fuscocinerea	Chinese Academy of Sciences	PRJNA1250249	10.1038/s41597-026-06609-5	41580434	Chromosome-level genome assembly and annotation of the tropical sea cucumber Holothuria fuscocinerea.	high	bioproject_text
GCA_037179385.1	Holothuria scabra	Guangxi University of Chinese Medicine	PRJNA1047316	10.1038/s41597-024-03340-x	38724539	Chromosomal-level genome assembly and annotation of the tropical sea cucumber Holothuria scabra.	high	bioproject_text
GCA_964304565.2	Holothuria sanctori	Genoscope CEA	PRJEB77252	10.12688/openreseurope.20841.3	41479678	ERGA-BGE reference genome of Holothuria (Platyperona) sanctori: a sea cucumber from the Mediterranean Sea.	high	assembly_name
GCA_050613385.1	Holothuria ocellata	Chinese Academy of Sciences	PRJNA1264779	10.1038/s41597-026-06609-5	41580434	Chromosome-level genome assembly and annotation of the tropical sea cucumber Holothuria fuscocinerea.	low	organism_genus_title
GCA_051397855.1	Isostichopus fuscus	Galapagos Marine Genomics Project	PRJNA1284402	10.1038/s41597-025-06422-6	41407724	A chromosome-level genome assembly for the brown sea cucumber from the Galápagos Islands, Isostichopus fuscus.	high	bioproject_text
GCA_048453155.1	Apostichopus japonicus	Yellow Sea Fisheries Research Institute	PRJNA901209	10.1016/j.isci.2024.110852	39381746	Population genomic analysis reveals a polygenic sex determination system in Apostichopus japonicus.	low	organism_title
GCA_047655345.1	Stichopus fusiformiossa	Universiti Sains Malaysia	PRJNA1215035	10.1038/s41597-025-05317-w	40494853	A chromosomal-level genome assembly of the tropical sea cucumber Stichopus fusiformiossa.	medium	organism_title
GCA_964006365.1	Trididemnum miniatum	WELLCOME SANGER INSTITUTE	PRJEB74009	10.12688/wellcomeopenres.27331.1		The chromosomal genome sequence of a photosymbiotic ascidian, Trididemnum miniatum Kott, 1977 (Aplousobranchia: Didemnidae) and its associated microbial metagenome sequences	medium	organism_title
GCA_963675345.1	Trididemnum clinides	WELLCOME SANGER INSTITUTE		10.12688/wellcomeopenres.24563.2	40949821	The chromosomal genome sequence of the photosymbiotic ascidian, Trididemnum clinides Kott, 1977 and its associated microbial metagenome sequences.	high	assembly_name
GCA_963965965.1	Trididemnum nubilum	WELLCOME SANGER INSTITUTE	PRJEB72508	10.12688/wellcomeopenres.25911.1		The genome sequence of the photosymbiotic ascidian, Trididemnum nubilum Kott, 1980 and its cyanobacterial symbionts	medium	organism_title
GCA_918807975.1	Aplidium turbinatum	WELLCOME SANGER INSTITUTE	PRJEB48675	10.12688/wellcomeopenres.17785.1	35694195	The genome sequence of Aplidium turbinatum (Savigny 1816), a colonial sea squirt.	high	assembly_name
GCA_963924565.1	Ascidiella aspersa	WELLCOME SANGER INSTITUTE		10.1101/2025.11.06.686920		Genomic resources of Ascidiella aspersa and comparative analysis across tunicates reveal class-level features and evolutionary diversification	medium	organism_title
GCA_947561715.1	Ascidia mentula	WELLCOME SANGER INSTITUTE	PRJEB58134	10.12688/wellcomeopenres.20415.1	38779044	The genome sequence of a solitary sea squirt, Ascidia mentula (Müller, 1776).	high	assembly_name
GCA_963082875.1	Corella eumyota	WELLCOME SANGER INSTITUTE	PRJEB64846	10.12688/wellcomeopenres.21141.2	39439930	The genome sequence of the Orange-tipped sea squirt, Corella eumyota Traustedt, 1882.	high	assembly_name
GCA_965278745.1	Polycarpa mamillaris	WELLCOME SANGER INSTITUTE	PRJEB89282	10.1038/s41597-026-06554-3	41765919	The chromosome-scale genome assembly, annotation of Bischofia polycarpa (H. Lév.) Airy Shaw, Phyllanthaceae.	low	organism_genus_title
GCA_965278815.1	Polycarpa mamillaris	WELLCOME SANGER INSTITUTE	PRJEB89281	10.1038/s41597-026-06554-3	41765919	The chromosome-scale genome assembly, annotation of Bischofia polycarpa (H. Lév.) Airy Shaw, Phyllanthaceae.	low	organism_genus_title
GCA_051294905.1	Botryllus schlosseri	CNRS - Sorbonne University	PRJNA1272845	10.1093/gigascience/giaf097	40971594	First chromosome-level genome assembly of the colonial chordate model Botryllus schlosseri (Tunicata).	low	organism_title
GCA_963675895.2	Styela plicata	universitat de barcelona	PRJEB67507	10.1038/s41598-025-24574-8	41254123	De novo genome assembly, inversion detection, and worldwide adaptation on the invasive species Styela plicata.	high	bioproject_text
GCA_013266295.2	Branchiostoma floridae x Branchiostoma japonicum	University of Vienna	PRJNA602496	10.1002/ece3.6527	32788973	Whole-genome resequencing reveals the pleistocene temporal dynamics of Branchiostoma belcheri and Branchiostoma floridae populations.	medium	organism_title
GCA_015852565.1	Branchiostoma floridae x Branchiostoma japonicum	University of Vienna	PRJNA647830	10.1002/ece3.6527	32788973	Whole-genome resequencing reveals the pleistocene temporal dynamics of Branchiostoma belcheri and Branchiostoma floridae populations.	medium	organism_title
GCA_019207045.1	Branchiostoma floridae x Branchiostoma belcheri	University of Vienna	PRJNA706156	10.1002/ece3.6527	32788973	Whole-genome resequencing reveals the pleistocene temporal dynamics of Branchiostoma belcheri and Branchiostoma floridae populations.	low	organism_title
GCA_019207075.1	Branchiostoma floridae x Branchiostoma belcheri	University of Vienna	PRJNA706157	10.1002/ece3.6527	32788973	Whole-genome resequencing reveals the pleistocene temporal dynamics of Branchiostoma belcheri and Branchiostoma floridae populations.	low	organism_title
GCA_964187965.1	Branchiostoma lanceolatum	WELLCOME SANGER INSTITUTE	PRJEB76728	10.12688/wellcomeopenres.23671.1	40093594	The genome sequence of the amphioxus, Branchiostoma lanceolatum (Pallas, 1774).	high	assembly_name
GCA_964187855.1	Myxine glutinosa	WELLCOME SANGER INSTITUTE	PRJEB76628	10.12688/wellcomeopenres.24925.1	41394795	The genome sequence of the Hagfish, Myxine glutinosa Linnaeus, 1758 (Myxiniformes: Myxinidae).	high	assembly_name
GCA_035128595.1	Eptatretus atami	University College London	PRJNA953751	10.1038/s41586-024-07070-3	38262590	The hagfish genome and the evolution of vertebrates.	medium	bioproject_text
GCA_041222605.1	Eptatretus okinoseanus	Institute of Deep-Sea Science and Engineering, Chinese Academy of Science	PRJNA1019942	10.1186/s12864-024-10727-y	39192189	The somatic genome of Eptatretus okinoseanus reveals the adaptation to deep-sea oligotrophic environment.	high	bioproject_text
GCA_964198595.1	Lampetra fluviatilis	WELLCOME SANGER INSTITUTE	PRJEB77461	10.1093/jhered/esaf036	40506799	Comparison of whole-genome assemblies of European river lamprey (Lampetra fluviatilis) and brook lamprey (Lampetra planeri).	high	assembly_name
GCA_902713435.2	Acipenser ruthenus	Wellcome Sanger Institute	PRJEB35913	10.1101/2023.04.14.536701		Identification of multiple transcription factor genes potentially involved in the development of electrosensory versus mechanosensory lateral line organs	medium	assembly_name
GCA_043380575.1	Atractosteus spatula	Nanjing University of Chinese Medicine	PRJNA1161041	10.1038/s41597-024-04256-2	39695265	Chromosome-scale genome assembly and gene annotation of the Alligator Gar (Atractosteus spatula).	high	bioproject_text
GCA_022702415.1	Ilyophis sp. JC_2022_1	Chinese Academy of Sciences, China	PRJNA792465	10.1007/s11427-022-2251-8	36648612	Pseudo-chromosome-length genome assembly for a deep-sea eel Ilyophis brunneus sheds light on the deep-sea adaptation.	low	organism_genus_title
GCA_022702515.1	Ilyophis sp. 1 JC-2022	Chinese Academy of Sciences, China	PRJNA792465	10.1007/s11427-022-2251-8	36648612	Pseudo-chromosome-length genome assembly for a deep-sea eel Ilyophis brunneus sheds light on the deep-sea adaptation.	low	organism_genus_title
GCA_022702525.1	Ilyophis sp. 2 JC-2022	Chinese Academy of Sciences, China	PRJNA792465	10.1007/s11427-022-2251-8	36648612	Pseudo-chromosome-length genome assembly for a deep-sea eel Ilyophis brunneus sheds light on the deep-sea adaptation.	low	organism_genus_title
GCA_029721435.1	Gymnothorax reevesii	Zhongkai University of Agriculture and Engineering	PRJNA934055	10.1038/s41597-023-02394-7	37516767	A chromosome-level reference genome assembly of the Reeve's moray eel (Gymnothorax reevesii).	high	bioproject_text
GCA_037790555.1	Anguilla japonica	University of Chinese Academy of Sciences	PRJNA1060442	10.1016/j.isci.2024.110563	39165844	Genetic architecture of long-distance migration and population genomics of the endangered Japanese eel.	medium	bioproject_text
GCA_047653785.1	Conger myriaster	Yellow Sea Fisheries Research Institute	PRJNA1207079	10.1038/s41597-025-04947-4	40234431	High-quality chromosome-level genome assembly of the whitespotted conger (Conger myriaster).	medium	organism_title
GCA_047301455.1	Osteoglossum bicirrhosum	Pearl River Fisheries Research Institute, Chinese Academy of Fishery Sciences	PRJNA881487	10.1186/s12915-025-02139-5	39875888	Reference genome provide insights into sex determination of silver aworana (Osteoglossum bicirrhosum).	high	bioproject_text
GCA_047301515.1	Osteoglossum bicirrhosum	Pearl River Fisheries Research Institute, Chinese Academy of Fishery Sciences	PRJNA881492	10.1186/s12915-025-02139-5	39875888	Reference genome provide insights into sex determination of silver aworana (Osteoglossum bicirrhosum).	high	bioproject_text
GCA_023634345.2	Scleropages formosus	Shenzhen Key Lab of Marine Genomics	PRJNA810753	10.1093/gigascience/giac085	36106701	Identification of candidate sex-specific genomic regions in male and female Asian arowana genomes.	medium	bioproject_text
GCA_023634425.1	Scleropages formosus	Shenzhen Key Lab of Marine Genomics	PRJNA810746	10.1093/gigascience/giac085	36106701	Identification of candidate sex-specific genomic regions in male and female Asian arowana genomes.	medium	bioproject_text
GCA_039105355.1	Benthosema pterotum	Xiamen University	PRJNA1097602	10.1038/s41597-024-04039-9	39477948	Chromosome-level genome assembly and annotation of the skinnycheek lanternfish Benthosema ptertum.	high	bioproject_text
GCA_951216825.1	Electrona antarctica	WELLCOME SANGER INSTITUTE	PRJEB61834	10.12688/wellcomeopenres.23803.2	40070982	The genome sequence of the Antarctic lanternfish, Electrona antarctica (Günther, 1878).	high	assembly_name
GCA_051201485.1	Monocentris japonica	Research Center for Marine-Integrated Biochemical Technology	PRJNA1273814	10.1128/aem.01043-26	42474201	Unraveling the diversity and functional potential of cyanosphere microbiomes assembled from terrestrial cyanobacteria.	medium	assembly_name
GCA_040802735.1	Opsanus beta	University of Miami Rosenstiel School of Marine and Atmospheric Science	PRJNA944659	10.1186/s12864-024-10747-8	39289604	Long-read de novo genome assembly of Gulf toadfish (Opsanus beta).	high	bioproject_text
GCA_020466265.1	Siphamia tubifer	California Academy of Sciences	PRJNA736963	10.1093/gbe/evac044	35349687	Chromosome-Level Genome Assembly of the Bioluminescent Cardinalfish Siphamia tubifer: An Emerging Model for Symbiosis Research.	high	bioproject_text
GCA_040285405.1	Oxyeleotris marmorata	Perl River Fisheries Research Institute, Chinese Academy of Fishery Sciences	PRJNA1115919	10.1038/s41597-025-05878-w	41028726	Chromosome-level genome assembly of the marble goby (Oxyeleotris marmorata).	high	bioproject_text
GCA_019453435.1	Rhinogobius similis	Shou(SHANGHAI OCEAN UNIVERSITY)	PRJNA730052	10.1093/g3journal/jkab395	34792546	A high-resolution genome of an euryhaline and eurythermal rhinogoby (Rhinogobius similis Gill 1895).	high	bioproject_text
GCA_051624305.1	Rhinogobius duospilus	Shanghai Ocean University	PRJNA1273456	10.1093/g3journal/jkaf278	41248690	High-quality genome assembly and annotation of the white-cheeked goby, Rhinogobius duospilus (Herre, 1935) (Gobiiformes: Oxudercidae).	high	bioproject_text
GCA_951799975.1	Gobius niger	WELLCOME SANGER INSTITUTE	PRJEB62588	10.12688/wellcomeopenres.21138.1		The genome sequence of the Black Goby, Gobius niger Linnaeus, 1758	medium	organism_title
GCA_965278345.1	Gobius paganellus	Genoscope		10.1038/s41597-026-06659-9	41611730	Highly contiguous chromosome-level assembly of the rock goby (Gobius paganellus) genome.	medium	organism_title
GCA_032888595.1	Odontamblyopus lacepedii	Zhejiang Ocean University	PRJNA1001587	10.1038/s41597-024-02997-8	38307872	Chromosome-level genome assembly and annotation of eel goby (Odontamblyopus rebecca).	low	organism_genus_title
GCA_034769755.1	Odontamblyopus lacepedii	Zhejiang Ocean University	PRJNA1001292	10.1038/s41597-024-02997-8	38307872	Chromosome-level genome assembly and annotation of eel goby (Odontamblyopus rebecca).	low	organism_genus_title
GCA_030686955.1	Odontamblyopus rebecca	Northwestern Polytechnical University	PRJNA977196	10.1038/s41597-024-02997-8	38307872	Chromosome-level genome assembly and annotation of eel goby (Odontamblyopus rebecca).	high	bioproject_text
GCA_029959045.1	Taenioides sp. WSHXM2023	Zhejiang Ocean University	PRJNA955955	10.3390/ijms241612892	37629073	Genome Sequencing Provides Novel Insights into Mudflat Burrowing Adaptations in Eel Goby Taenioides sp. (Teleost: Amblyopinae).	high	bioproject_text
GCA_948146105.1	Syngnathus acus	WELLCOME SANGER INSTITUTE	PRJEB58844	10.12688/wellcomeopenres.19528.1	38868629	The genome sequence of the greater pipefish, Syngnathus acus (Linnaeus, 1758).	high	assembly_name
GCA_965643225.1	Syngnathus rostellatus	Genoscope	PRJEB89003	10.64898/2025.12.31.696303		Genome-wide Analysis Reveals High Genomic Diversity and Panmixia in Bay Pipefish ( Syngnathus leptorhynchus ) from Coos Bay, Oregon	low	organism_genus_title
GCA_018466805.1	Hippocampus abdominalis	Zhejiang University	PRJNA713516	10.1111/1755-0998.13541	34698429	Genome and gene evolution of seahorse species revealed by the chromosome-level genome of Hippocampus abdominalis.	high	bioproject_text
GCA_965263715.1	Hippocampus hippocampus	Genoscope	PRJEB88653	10.1038/s41597-024-04349-y	39799130	Chromosome-scale genome assembly of three-spotted seahorse (Hippocampus trimaculatus) with a unique karyotype.	low	organism_genus_title
GCA_043880055.1	Hippocampus trimaculatus	BGI	PRJNA1153333	10.1038/s41597-024-04349-y	39799130	Chromosome-scale genome assembly of three-spotted seahorse (Hippocampus trimaculatus) with a unique karyotype.	high	bioproject_text
GCA_026261805.1	Hippocampus zosterae	South China Sea Institute of Oceanology, Chinese Academy of Sciences	PRJNA797939	10.1038/s41467-022-35338-7	36494371	Immunogenetic losses co-occurred with seahorse male pregnancy and mutation in tlx1 accompanied functional asplenia.	medium	bioproject_text
GCA_046529025.1	Fistularia commersonii	University of Chinese Academy of Sciences	PRJNA1110784	10.1038/s41597-025-04472-4	39833176	Chromosome-level genome assembly of Fistularia commersonii (Syngnathiformes, Fistulariidae).	high	bioproject_text
GCA_042823925.3	Parupeneus biaculeatus	Guangdong Ocean University	PRJNA1153748	10.1038/s41597-025-05226-y	40541970	The first high-quality chromosome-level genome of Parupeneus biaculeatus using HiFi and Hi-C data.	medium	organism_title
GCA_046254865.1	Trichiurus japonicus	Shanghai Ocean University	PRJNA1179659	10.1038/s41597-025-06112-3	41271797	Chromosome-Level Genome Assembly and Annotation of the Japanese Cutlassfish (Trichiurus japonicus): A High-Quality Genomic Resource Featuring Nuclear and Mitochondrial Completeness for Future Studies.	low	organism_title
GCA_050140585.1	Trichiurus japonicus	Institute of Information Science	PRJNA1117630	10.1038/s41597-025-06112-3	41271797	Chromosome-Level Genome Assembly and Annotation of the Japanese Cutlassfish (Trichiurus japonicus): A High-Quality Genomic Resource Featuring Nuclear and Mitochondrial Completeness for Future Studies.	low	organism_title
GCA_041053085.1	Katsuwonus pelamis	Sun Yat-sen University	PRJNA1137481	10.1038/s41597-024-04280-2	39702362	A chromosome-level genome assembly of skipjack tuna, Katsuwonus pelamis (Perciformes: Scombridae).	medium	organism_title
GCA_914725855.2	Thunnus albacares	WELLCOME SANGER INSTITUTE		10.1007/s11033-023-09117-6	38281308	Genomic resources for the Yellowfin tuna Thunnus albacares.	medium	organism_title
GCA_043381625.1	Thunnus thynnus	Stanford University	PRJNA1108907	10.12688/wellcomeopenres.23971.1	40556665	The genome sequence of Atlantic Bluefin Tuna, Thunnus thynnus (Linnaeus, 1758).	low	organism_title
GCA_043381665.1	Thunnus thynnus	Stanford University	PRJNA1108906	10.12688/wellcomeopenres.23971.1	40556665	The genome sequence of Atlantic Bluefin Tuna, Thunnus thynnus (Linnaeus, 1758).	low	organism_title
GCA_036321115.1	Pampus argenteus	Istitute of Oceanography, Chinese Academy of sciences	PRJNA1053599	10.1038/s41597-024-03070-0	38395996	Chromosome-level genome assembly of the silver pomfret Pampus argenteus.	high	accession
GCA_036937825.1	Pampus argenteus	Ningbo University	PRJNA1066130	10.3390/biology14091265	41007409	Integrated miRNA-mRNA Atlas Reveals Temperature-Graded Brain Neuroendocrine Adaptation to Cold Stress in Silvery Pomfret (Pampus argenteus).	high	bioproject_text
GCA_036937835.1	Pampus argenteus	Ningbo University	PRJNA1066130	10.3390/biology14091265	41007409	Integrated miRNA-mRNA Atlas Reveals Temperature-Graded Brain Neuroendocrine Adaptation to Cold Stress in Silvery Pomfret (Pampus argenteus).	high	bioproject_text
GCA_030770545.1	Macropodus opercularis	National Human Genome Research Institute	PRJNA824432	10.1038/s41597-024-03277-1	38796485	The reference genome of Macropodus opercularis (the paradise fish).	high	bioproject_text
GCA_024678985.1	Betta splendens	Nanchang University	PRJNA629633	10.1126/sciadv.abm4955	36129976	The genetic architecture of phenotypic diversity in the Betta fish (Betta splendens).	high	bioproject_text
GCA_020496755.1	Channa maculata	Chinese Academy of Sciences	PRJNA730430	10.1093/gigascience/giab070	34673930	Chromosome-level genome assemblies of Channa argusandChanna maculata and comparative analysis of their temperature adaptability.	low	organism_title
GCA_051622835.1	Channa maculata	Perl River Fisheries Research Institute, Chinese Academy of Fishery Sciences	PRJNA1275570	10.1016/j.aquaculture.2024.741895		Potential of genome-wide association studies to improve genomic selection for growth traits in blotched snakehead (Channa maculata)	low	organism_title
GCA_040939885.1	Channa asiatica	Wuhan Onemore-tech Co	PRJNA1090655	10.1038/s41597-025-05479-7	40628769	A chromosome-level reference genome assembly of the Small snakehead (Channa asiatica).	low	organism_title
GCA_041146785.1	Channa asiatica	Perl River Fisheries Research Institute, Chinese Academy of Fishery Sciences	PRJNA1139011	10.1038/s41597-025-05479-7	40628769	A chromosome-level reference genome assembly of the Small snakehead (Channa asiatica).	high	bioproject_text
GCA_018997905.1	Channa argus	Chinese Academy of Sciences	PRJNA731586	10.1093/gigascience/giab070	34673930	Chromosome-level genome assemblies of Channa argusandChanna maculata and comparative analysis of their temperature adaptability.	high	bioproject_text
GCA_027943205.2	Channa argus	Ocean University of China	PRJNA788723	10.1038/s41597-024-04314-9	39730366	Chromosome-level genome assembly of the northern snakehead (Channa argus) using PacBio and Hi-C technologies.	low	organism_title
GCA_041222515.1	Channa argus	Southwest University	PRJNA1051804	10.1038/s41597-024-04314-9	39730366	Chromosome-level genome assembly of the northern snakehead (Channa argus) using PacBio and Hi-C technologies.	low	organism_title
GCA_016801885.1	Toxotes chatareus	Center for Ecological and Environmental Sciences	PRJNA592745	10.1038/s41588-021-00836-9	33875864	Large-scale sequencing of flatfish genomes provides insights into the polyphyletic origin of their specialized body plan.	low	bioproject_text
GCA_046255195.1	Eleutheronema tetradactylum	GuangDong Ocean University	PRJNA1171574	10.1016/j.ijbiomac.2023.125299	37315663	Chromosome-level genome and population genomics provide novel insights into adaptive divergence in allopatric Eleutheronema tetradactylum.	medium	organism_title
GCA_016801845.1	Polydactylus sextarius	Center for Ecological and Environmental Sciences	PRJNA592744	10.1038/s41588-021-00836-9	33875864	Large-scale sequencing of flatfish genomes provides insights into the polyphyletic origin of their specialized body plan.	medium	bioproject_text
GCA_031770045.1	Echeneis naucrates	Ocean University of China	PRJNA1011389	10.1038/s41597-024-03309-w	38704456	An improved chromosome-level genome assembly and annotation of Echeneis naucrates.	low	organism_title
GCA_900963305.2	Echeneis naucrates	Wellcome Sanger Institute	PRJEB31992	10.1038/s41597-024-03309-w	38704456	An improved chromosome-level genome assembly and annotation of Echeneis naucrates.	high	assembly_name
GCA_034769265.1	Remorina albescens	Ocean University of China	PRJNA1036795	10.1038/s41597-024-03363-4	38778061	The first chromosomal-level genome assembly and annotation of white suckerfish Remora albescens.	high	bioproject_text
GCA_038496645.1	Rachycentron canadum	BGI-Shenzhen	PRJNA864890	10.1093/gigascience/giae034	38995143	Exploring the cobia (Rachycentron canadum) genome: unveiling putative male heterogametic regions and identification of sex-specific markers.	high	bioproject_text
GCA_038496675.1	Rachycentron canadum	BGI-Shenzhen	PRJNA864890	10.1093/gigascience/giae034	38995143	Exploring the cobia (Rachycentron canadum) genome: unveiling putative male heterogametic regions and identification of sex-specific markers.	high	bioproject_text
GCA_036281595.1	Trachinotus ovatus	Guangxi Institute of Fishery Sciences	PRJNA574895	10.1016/j.jare.2023.11.030	38043610	The male and female genomes of golden pompano (Trachinotus ovatus) provide insights into the sex chromosome evolution and rapid growth.	medium	bioproject_text
GCA_037074605.1	Trachinotus ovatus	Guangxi Institute of Fishery Sciences	PRJNA574895	10.1016/j.jare.2023.11.030	38043610	The male and female genomes of golden pompano (Trachinotus ovatus) provide insights into the sex chromosome evolution and rapid growth.	medium	bioproject_text
GCA_905171665.2	Trachurus trachurus	Wellcome Sanger Institute	PRJEB42172	10.12688/wellcomeopenres.17813.1	36874570	The genome sequence of the Atlantic horse mackerel, Trachurus trachurus (Linnaeus 1758).	high	assembly_name
GCA_045865225.1	Trachurus japonicus	Japan Fisheries Research and Education Agency	PRJDB17445	10.1038/s41597-026-07551-2	42270666	A highly contiguous chromosome-level genome assembly of the Chilean jack mackerel Trachurus murphyi.	low	organism_genus_title
GCA_030347415.2	Decapterus maruadsi	Xiamen University	PRJNA902850	10.1038/s41597-024-02912-1	38218740	Chromosome-level assembly and gene annotation of Decapterus maruadsi genome using Nanopore and Hi-C technologies.	low	organism_title
GCA_041682515.1	Seriola dumerili	Southern Marine Science and Engineering Guangdong Laboratory (Zhuhai)	PRJNA1111775	10.1038/s41597-025-06240-w	41372224	High-quality Chromosome-level genome assembly of male and female greater amberjack (Seriola dumerili).	medium	organism_title
GCA_041430065.1	Paralichthys olivaceus	Chungnam National University	PRJNA1103712	10.1016/j.fsi.2026.111605	42480675	Genome-wide identification of the cystatin gene family in Japanese flounder (Paralichthys olivaceus) and functional characterization of PoCystatin B and PoCystatin C.	low	organism_title
GCA_041430075.1	Paralichthys olivaceus	Chungnam National University	PRJNA1103713	10.1016/j.fsi.2026.111605	42480675	Genome-wide identification of the cystatin gene family in Japanese flounder (Paralichthys olivaceus) and functional characterization of PoCystatin B and PoCystatin C.	low	organism_title
GCA_041430085.1	Paralichthys olivaceus	Chungnam National University	PRJNA1103711	10.1016/j.fsi.2026.111605	42480675	Genome-wide identification of the cystatin gene family in Japanese flounder (Paralichthys olivaceus) and functional characterization of PoCystatin B and PoCystatin C.	low	organism_title
GCA_041430095.1	Paralichthys olivaceus	Chungnam National University	PRJNA1103714	10.1016/j.fsi.2026.111605	42480675	Genome-wide identification of the cystatin gene family in Japanese flounder (Paralichthys olivaceus) and functional characterization of PoCystatin B and PoCystatin C.	low	organism_title
GCA_963457635.1	Microchirus variegatus	WELLCOME SANGER INSTITUTE	PRJEB66144	10.12688/wellcomeopenres.21139.1	38938521	The genome sequence of the thickback sole, Microchirus variegatus (Donovan, 1808).	high	assembly_name
GCA_963854745.1	Scophthalmus maximus	WELLCOME SANGER INSTITUTE	PRJEB70830	10.12688/wellcomeopenres.25070.1	41509583	The genome sequence of the turbot, Scophthalmus maximus (Linnaeus, 1758) (Pleuronectiformes: Scophthalmidae).	high	assembly_name
GCA_006182925.3	Reinhardtius hippoglossoides	McGill University	PRJNA499109	10.1093/g3journal/jkab376	34791178	Chromosome-level assembly reveals a putative Y-autosomal fusion in the sex determination system of the Greenland Halibut (Reinhardtius hippoglossoides).	high	assembly_name
GCA_012393435.1	Verasper variegatus	BGI-Qingdao	PRJNA599060	10.1016/j.ygeno.2021.01.024	33535123	Genome assembly and annotation at the chromosomal level of first Pleuronectidae: Verasper variegatus provides a basis for phylogenetic study of Pleuronectiformes.	low	organism_title
GCA_013332515.1	Verasper variegatus	Yellow Sea fisheries Research Institution	PRJNA634516	10.1016/j.ygeno.2021.01.024	33535123	Genome assembly and annotation at the chromosomal level of first Pleuronectidae: Verasper variegatus provides a basis for phylogenetic study of Pleuronectiformes.	low	organism_title
GCA_026259375.1	Verasper variegatus	Yellow Sea fisheries Research Institution	PRJNA634516	10.1016/j.ygeno.2021.01.024	33535123	Genome assembly and annotation at the chromosomal level of first Pleuronectidae: Verasper variegatus provides a basis for phylogenetic study of Pleuronectiformes.	low	organism_title
GCA_016801935.1	Platichthys stellatus	Center for Ecological and Environmental Sciences	PRJNA592732	10.24272/j.issn.2095-8137.2024.078	39572017	Investigation of sex determination in starry flounder ( Platichthys stellatus) reveals sex chromosome evolution in Pleuronectiformes and identifies a sex-specific marker.	low	organism_title
GCA_047651785.1	Platichthys stellatus	Yellow Sea Fisheries Research Institute	PRJNA1215529	10.1038/s41597-025-05525-4	40659658	Chromosome-level genome assembly of starry flounder (Platichthys stellatus).	low	organism_title
GCA_964266715.1	Microstomus kitt	WELLCOME SANGER INSTITUTE	PRJEB80479	10.46471/gigabyte.156	40469543	Chromosome-level genome assembly of the lemon sole, Microstomus kitt (Pleuronectiformes: Pleuronectidae).	medium	organism_title
GCA_024666655.1	Dascyllus trimaculatus	University of California Santa Cruz	PRJNA828170	10.1093/g3journal/jkac339	36905099	Chromosome-level genome of the three-spot damselfish, Dascyllus trimaculatus.	high	bioproject_text
GCA_003047355.2	Amphiprion percula	King Abdullah University of Science and Technology	PRJNA436093	10.1111/1755-0998.12939	30203521	Finding Nemo's Genes: A chromosome-scale reference assembly of the genome of the orange clownfish Amphiprion percula.	high	bioproject_text
GCA_027123335.1	Amphiprion clarkii	Okinawa Institute of Science and Technology	PRJNA813357	10.1093/g3journal/jkad002	36626199	The chromosome-scale genome assembly of the yellowtail clownfish Amphiprion clarkii provides insights into the melanic pigmentation of anemonefish.	high	bioproject_text
GCA_047652445.1	Symphysodon aequifasciata	Shanghai Ocean University	PRJNA863920	10.1016/j.fsi.2023.109291	38104702	Genome-wide identification and expression analysis of C-type lectins in discus fish (Symphysodon aequifasciatus) during parental care.	low	organism_genus_title
GCA_036321365.1	Pelmatolapia mariae	University of Maryland	PRJNA1031194	10.1093/gbe/evaf191	41063647	Before the East African Radiation: Sex Chromosome Systems in Basal Haplotilapiine Cichlids.	medium	bioproject_text
GCA_043643405.1	Oreochromis aureus	Shanghai Ocean University	PRJNA868915	10.3390/ijms26104910	40430048	Genetic Structure, Selective Signatures, and Single Nucleotide Polymorphism Fingerprints of Blue Tilapia (Oreochromis aureus), Nile Tilapia Oreochromis niloticus), and Red Tilapia (Oreochromis spp.), as Determined by Whole-Genome Resequencing.	low	organism_title
GCA_043643375.1	Oreochromis niloticus	Shanghai Ocean University	PRJNA868915	10.1111/jfd.70147	41705370	Isolation and Comprehensive Characterisation of Edwardsiella anguillarum From Diseased Tilapia (Oreochromis niloticus) Cultured in Mexico: Biochemical, Genetic and Genomic Insights and Dose-Dependent Pathogenicity.	low	organism_title
GCA_047715935.1	Maylandia zebra	University of Maryland	PRJNA1181016	10.1111/mec.17821	40491275	A Chromosome Inversion Creates a Supergene for Sex and Colour in Lake Malawi Cichlids.	medium	bioproject_text
GCA_964273455.2	Rhamphochromis sp. 'chilingali'	WELLCOME SANGER INSTITUTE	PRJEB80761	10.1101/gr.279674.124	40210437	Lake Malawi cichlid pangenome graph reveals extensive structural variation driven by transposable elements.	medium	bioproject_text
GCA_047663975.1	Labeotropheus trewavasae	University of Maryland	PRJNA1181016	10.1111/mec.17821	40491275	A Chromosome Inversion Creates a Supergene for Sex and Colour in Lake Malawi Cichlids.	medium	bioproject_text
GCA_964274065.2	Tropheops sp. 'mauve'	WELLCOME SANGER INSTITUTE	PRJEB80840	10.1101/gr.279674.124	40210437	Lake Malawi cichlid pangenome graph reveals extensive structural variation driven by transposable elements.	medium	bioproject_text
GCA_051989935.1	Astatotilapia latifasciata	UNESP	PRJNA1268020	10.1038/s41437-026-00847-4	42098286	Genome assembly of Astatotilapia latifasciata uncovers B chromosome-linked chromatin reorganization.	medium	organism_title
GCA_900246225.5	Astatotilapia calliptera	Wellcome Sanger Institute		10.1186/s12864-021-07651-w	33980143	Differential expression of miRNAs in the presence of B chromosome in the cichlid fish Astatotilapia latifasciata.	low	organism_genus_title
GCA_964374335.1	Astatotilapia calliptera	WELLCOME SANGER INSTITUTE	PRJEB82982	10.1038/s41437-026-00847-4	42098286	Genome assembly of Astatotilapia latifasciata uncovers B chromosome-linked chromatin reorganization.	low	organism_genus_title
GCA_051167405.1	Perissodus microlepis	University of Konstanz	PRJNA1273515	10.1126/sciadv.adw4406	40737413	Insights into the genetic basis of bilateral head asymmetry in a scale-eating cichlid fish.	medium	bioproject_text
GCA_051167445.1	Perissodus microlepis	University of Konstanz	PRJNA1273516	10.1126/sciadv.adw4406	40737413	Insights into the genetic basis of bilateral head asymmetry in a scale-eating cichlid fish.	medium	bioproject_text
GCA_963576455.2	Neolamprologus multifasciatus	WELLCOME SANGER INSTITUTE	PRJEB65740	10.1093/genetics/iyaf150	40744628	Hi-reComb: constructing recombination maps from bulk gamete Hi-C sequencing.	medium	assembly_name
GCA_040805835.1	Chromidotilapia guntheri	University of Maryland	PRJNA1100981	10.3389/fgene.2024.1447628	39221227	Genome assemblies for Chromidotilapia guntheri (Teleostei: Cichlidae) identify a novel candidate gene for vertebrate sex determination, RIN3.	high	bioproject_text
GCA_040805855.1	Chromidotilapia guntheri	University of Maryland	PRJNA1100981	10.3389/fgene.2024.1447628	39221227	Genome assemblies for Chromidotilapia guntheri (Teleostei: Cichlidae) identify a novel candidate gene for vertebrate sex determination, RIN3.	high	bioproject_text
GCA_007896545.1	Kryptolebias hermaphroditus	Sungkyunkwan University	PRJNA545021	10.1016/j.cbd.2020.100684	32464543	The reference genome of the selfing fish Kryptolebias hermaphroditus: Identification of phases I and II detoxification genes.	medium	organism_title
GCA_963556495.2	Valencia hispanica	Centro Nacional de Análisis Genómico	PRJEB67461	10.1101/2024.07.31.604920		ERGA-BGE genome of Valencia hispanica (Valenciennes, 1826): a critically endangered Iberian toothcarp	medium	organism_title
GCA_965282415.1	Gambusia holbrooki	WELLCOME SANGER INSTITUTE	PRJEB89444	10.12688/openreseurope.22693.2	42359335	ERGA-BGE reference genome of Gambusia holbrooki, a globally invasive freshwater fish.	medium	organism_title
GCA_052054765.1	Micropoecilia bifurca	University of British Columbia	PRJNA1259976	10.1093/g3journal/jkaf188	40828878	Genome report: Genome of the Amazon guppy (Poecilia bifurca) reveals conservation of sex chromosomes and dosage compensation.	high	bioproject_text
GCA_033032245.1	Poecilia picta	University of British Columbia	PRJNA862953	10.1093/gbe/evad030	36802329	Evolutionary History of the Poecilia picta Sex Chromosomes.	medium	bioproject_text
GCA_046042705.1	Poecilia reticulata	Texas State University	PRJNA1111885	10.1101/gr.279582.124	40044220	Identification of the male-specific region on the guppy Y Chromosome from a haplotype-resolved assembly.	medium	bioproject_text
GCA_046042745.1	Poecilia reticulata	Texas State University	PRJNA1111886	10.1101/gr.279582.124	40044220	Identification of the male-specific region on the guppy Y Chromosome from a haplotype-resolved assembly.	medium	bioproject_text
GCA_904066995.1	Poecilia reticulata	UNIVERSITY OF EXETER		10.1093/gbe/evaa187	32853348	Improved Reference Genome Uncovers Novel Sex-Linked Regions in the Guppy (Poecilia reticulata).	high	accession
GCA_036418095.1	Xiphophorus birchmanni	Stanford University	PRJNA1043674	10.1016/j.cub.2024.08.053	39326413	Structural genomic variation and behavioral interactions underpin a balanced sexual mimicry polymorphism.	medium	bioproject_text
GCA_041429825.1	Xiphophorus malinche	Stanford University	PRJNA1043674	10.1016/j.cub.2024.08.053	39326413	Structural genomic variation and behavioral interactions underpin a balanced sexual mimicry polymorphism.	medium	bioproject_text
GCA_050306515.1	Hyporhamphus intermedius	Institute of Oceanology, Chinese Academy of Sciences	PRJNA1171142	10.1093/molbev/msaf151	40554634	Extensive Recombination Suppression and Genetic Degeneration of a Young ZW Sex Chromosome System in Halfbeak Fish.	medium	bioproject_text
GCA_050306495.1	Hyporhamphus sajori	Institute of Oceanology, Chinese Academy of Sciences	PRJNA1171142	10.1093/molbev/msaf151	40554634	Extensive Recombination Suppression and Genetic Degeneration of a Young ZW Sex Chromosome System in Halfbeak Fish.	medium	bioproject_text
GCA_050306535.1	Hyporhamphus sajori	Institute of Oceanology, Chinese Academy of Sciences	PRJNA1171142	10.1093/molbev/msaf151	40554634	Extensive Recombination Suppression and Genetic Degeneration of a Young ZW Sex Chromosome System in Halfbeak Fish.	medium	bioproject_text
GCA_014839995.1	Xenentodon cancila	Vertebrate Genomes Project	PRJNA561973	10.3389/fendo.2021.792644	35185783	The Evolution of Oxytocin and Vasotocin Receptor Genes in Jawed Vertebrates: A Clear Case for Gene Duplications Through Ancestral Whole-Genome Duplications.	medium	assembly_name
GCA_023969325.1	Oryzias curvinotus	Guangdong Ocean University	PRJNA821560	10.1002/ece3.11565	38895576	Genome sequencing, comparative analysis, and gene expression responses of cytochrome P450 genes in Oryzias curvinotus provide insights into environmental adaptation.	medium	bioproject_text
GCA_037389245.1	Oryzias sinensis	Guangdong ocean university	PRJNA895195	10.1038/s41597-024-03173-8	38548787	A high-quality chromosome-level genome assembly of the Chinese medaka Oryzias sinensis.	high	bioproject_text
GCA_004347445.1	Oryzias latipes	The University of Tokyo	PRJNA325079	10.1093/gbe/evab230	34623422	Clustering of Sex-Biased Genes and Transposable Elements in the Genome of the Medaka Fish Oryzias latipes.	low	organism_title
GCA_004348095.1	Oryzias latipes	The University of Tokyo	PRJNA325194	10.1093/gbe/evab230	34623422	Clustering of Sex-Biased Genes and Transposable Elements in the Genome of the Medaka Fish Oryzias latipes.	low	organism_title
GCA_004348135.1	Oryzias latipes	The University of Tokyo	PRJNA325193	10.1093/gbe/evab230	34623422	Clustering of Sex-Biased Genes and Transposable Elements in the Genome of the Medaka Fish Oryzias latipes.	low	organism_title
GCA_933228915.1	Telmatherina bonti	WELLCOME SANGER INSTITUTE	PRJEB51590	10.1111/mec.70414	42270437	Ancient and Recent Riverine Gene Flow Contributed to the Adaptive Radiation of Sailfin Silversides in Wallace's Dreampond.	low	bioproject_text
GCA_965154125.1	Menidia menidia	University of British Columbia	PRJEB43421	10.1093/gbe/evab098	33964136	Chromosome-Level Assembly of the Atlantic Silverside Genome Reveals Extreme Levels of Sequence Diversity and Structural Genetic Variation.	low	bioproject_text
GCA_963514085.1	Chelon labrosus	WELLCOME SANGER INSTITUTE	PRJEB66430	10.12688/wellcomeopenres.26546.1		The genome sequence of the Thicklip grey mullet, Chelon labrosus (Risso, 1827) (Mugiliformes: Mugilidae)	medium	organism_title
GCA_043647535.1	Salaria pavo	Institute of Science and Environment, University of Saint Joseph	PRJNA1151695	10.1038/s41597-024-04242-8	39715741	Chromosome-level genome assembly of the highly-polymorphic peacock blenny (Salaria pavo).	high	bioproject_text
GCA_963422515.1	Blennius ocellaris	WELLCOME SANGER INSTITUTE	PRJEB65837	10.12688/wellcomeopenres.23748.1	40051962	The genome sequence of the butterfly blenny, Blennius ocellaris Linnaeus, 1758.	high	assembly_name
GCA_042310395.1	Pennahia pawak	Zhejiang Ocean University	PRJNA1146884	10.1038/s41597-025-04745-y	40064941	Chromosome-level genome assembly and annotation of pawak croaker (Pennahia pawak).	medium	organism_title
GCA_946959425.1	Argyrosomus regius	Hellenic Centre for Marine Research, Institute for Marine Biology, Biotechnology and Aquaculture, Heraklion, Crete, Greece	PRJEB56176	10.3389/fgene.2022.1081760	36704347	Chromosome genome assembly for the meagre, Argyrosomus regius, reveals species adaptations and sciaenid sex-related locus evolution.	high	bioproject_text
GCA_040802145.1	Argyrosomus japonicus	JiMei University	PRJNA1119992	10.3390/genes15121493	39766761	Genome Insights and Identification of Sex Determination Region and Sex Markers in Argyrosomus japonicus.	medium	organism_title
GCA_004352675.2	Larimichthys crocea	Jimei University	PRJNA480121	10.1038/s41597-019-0194-3	31575853	The sequencing and de novo assembly of the Larimichthys crocea genome using PacBio and Hi-C technologies.	high	bioproject_text
GCA_040182605.1	Larimichthys crocea	Xiamen University	PRJNA1119419	10.1038/s41597-024-04126-x	39695114	Chromosome-level genome assembly for three geographical stocks of large yellow croaker (Larimichthys crocea).	low	organism_title
GCA_040182675.1	Larimichthys crocea	Xiamen University	PRJNA1119419	10.1038/s41597-024-04126-x	39695114	Chromosome-level genome assembly for three geographical stocks of large yellow croaker (Larimichthys crocea).	low	organism_title
GCA_040182835.1	Larimichthys crocea	Xiamen University	PRJNA1119419	10.1038/s41597-024-04126-x	39695114	Chromosome-level genome assembly for three geographical stocks of large yellow croaker (Larimichthys crocea).	low	organism_title
GCA_044706065.1	Larimichthys crocea	Guangdong Ocean University	PRJNA1169539	10.1038/s41597-024-04126-x	39695114	Chromosome-level genome assembly for three geographical stocks of large yellow croaker (Larimichthys crocea).	low	organism_title
GCA_900246015.1	Larimichthys crocea	JIMEI UNIVERSITY	PRJEB24300	10.1038/s41597-024-04126-x	39695114	Chromosome-level genome assembly for three geographical stocks of large yellow croaker (Larimichthys crocea).	low	organism_title
GCA_040670005.1	Larimichthys polyactis	Zhejiang Academy of Agricultural Sciences	PRJNA1086220	10.1111/1755-0998.13731	36330680	Whole-genome assembly and annotation for the little yellow croaker (Larimichthys polyactis) provide insights into the evolution of hermaphroditism and gonochorism.	medium	organism_title
GCA_902410095.1	Nibea albiflora	JIMEI UNIVERSITY	PRJEB33909	10.1038/s41597-021-01045-z	34654820	Chromosome-scale assembly and high-density genetic map of the yellow drum, Nibea albiflora.	low	organism_title
GCA_023373845.1	Nibea coibor	JiMei University	PRJNA827677	10.1038/s41597-022-01804-6	36329044	Chromosome-level genome assembly of Nibea coibor using PacBio HiFi reads and Hi-C technologies.	medium	organism_title
GCA_036365135.1	Miichthys miiuy	Shanghai Ocean University	PRJNA610938	10.1016/j.dci.2023.104659	36764421	Genomic organization, evolution and functional characterization of embryonic lethal abnormal vision like protein 1 (ELAVL1) in miiuy croaker (Miichthys miiuy).	medium	organism_title
GCA_014183145.1	Sciaenops ocellatus	Shanghai Ocean University	PRJNA578506	10.1016/j.dib.2019.01.011	30766908	De novo assembly and transcriptome dataset of liver, testis and head kidney from red drum (Sciaenops ocellatus).	low	organism_title
GCA_041146955.1	Siganus canaliculatus	Southern Marine Science and Engineering Guangdong Laboratory (Zhuhai)	PRJNA1116809	10.1038/s41597-025-04844-w	40122978	Chromosome-level genome assembly and annotation of the White-spotted spinefoot Siganus canaliculatus.	low	organism_title
GCA_048569235.1	Siganus canaliculatus	South China Normal University	PRJNA1223615	10.1038/s41597-025-04844-w	40122978	Chromosome-level genome assembly and annotation of the White-spotted spinefoot Siganus canaliculatus.	low	organism_title
GCA_949357725.1	Hyperoplus immaculatus	WELLCOME SANGER INSTITUTE	PRJEB60328	10.12688/wellcomeopenres.25072.1	41472701	The genome sequence of the Greater sandeel, Hyperoplus immaculatus (Corbin, 1950) (Uranoscopiformes: Ammodytidae).	high	assembly_name
GCA_026122265.1	Ammodytes dubius	University of Connecticut	PRJNA834854	10.12688/wellcomeopenres.23679.2	41502543	The genome sequence of the lesser sand-eel, Ammodytes marinus Raitt, 1934.	low	organism_genus_title
GCA_949987685.1	Ammodytes marinus	WELLCOME SANGER INSTITUTE	PRJEB61584	10.12688/wellcomeopenres.23679.2	41502543	The genome sequence of the lesser sand-eel, Ammodytes marinus Raitt, 1934.	high	assembly_name
GCA_947650265.1	Symphodus melops	WELLCOME SANGER INSTITUTE	PRJEB58352	10.12688/wellcomeopenres.19398.1		The genome sequence of the corkwing wrasse, Symphodus melops (Linnaeus, 1758)	medium	organism_title
GCA_050084645.1	Cheilinus chlorourus	Yantai university	PRJNA1193815	10.1038/s41597-025-05288-y	40603854	Chromosome-level genome assembly of Cheilinus chlorourus (Bloch, 1791) (Perciformes: Labridae).	medium	organism_title
GCA_030710495.1	Labroides dimidiatus	The University of Hong Kong	PRJNA937036	10.1186/s12915-023-01682-3	37612643	Gene losses, parallel evolution and heightened expression confer adaptations to dedicated cleaning behaviour.	medium	bioproject_text
GCA_051912175.1	Scarus rivulatus	South China Sea Fisheries Research Institute	PRJNA1290037	10.1038/s41597-025-06195-y	41350526	A chromosome-level reference genome of the surf parrotfish (Scarus rivulatus).	medium	organism_title
GCA_047301625.1	Choerodon schoenleinii	Guangdong Ocean University	PRJNA1204159	10.1038/s41597-025-04893-1	40164629	Near telomere-to-telomere genome assembly of the blackspot tuskfish (Choerodon schoenleinii).	high	bioproject_text
GCA_045362485.1	Lethrinus nebulosus		PRJNA1090815	10.1038/s41597-025-04690-w	40082478	Chromosome-level genome assembly of the spangled emperor, Lethrinus nebulosus (Forsskål 1775).	medium	organism_title
GCA_045362495.1	Lethrinus nebulosus		PRJNA1090814	10.1038/s41597-025-04690-w	40082478	Chromosome-level genome assembly of the spangled emperor, Lethrinus nebulosus (Forsskål 1775).	medium	organism_title
GCA_963678695.2	Diplodus puntazzo	universitat de barcelona	PRJEB49350	10.1038/s41597-025-04902-3	40185799	Chromosome-level genome assembly and annotation of the sharpsnout seabream (Diplodus puntazzo).	high	bioproject_text
GCA_039737535.1	Lagodon rhomboides	Auburn University	PRJNA1039866	10.1093/g3journal/jkae096	38739549	The chromosome-scale reference genome for the pinfish (Lagodon rhomboides) provides insights into their evolutionary and demographic history.	high	bioproject_text
GCA_900880675.2	Sparus aurata	Wellcome Sanger Institute	PRJEB31901	10.3390/genes14040839	37107597	Whole Genome Sequencing Provides Information on the Genomic Architecture and Diversity of Cultivated Gilthead Seabream (Sparus aurata) Broodstock Nuclei.	high	assembly_name
GCA_013436515.1	Acanthopagrus latus	South China Sea Fisheries Research Institute	PRJNA566022	10.1007/s10126-022-10119-x	35394576	Chromosome-level Genome Assembly of Acanthopagrus latus Provides Insights into Salinity Stress Adaptation of Sparidae.	low	organism_title
GCA_020080195.1	Acanthopagrus latus	Sun Yat-sen University	PRJNA647536	10.1007/s10126-022-10119-x	35394576	Chromosome-level Genome Assembly of Acanthopagrus latus Provides Insights into Salinity Stress Adaptation of Sparidae.	low	organism_title
GCA_011952085.1	Siniperca chuatsi	IGB Leibniz-Institute of Freshwater Ecology and Inland Fisheries	PRJNA513951	10.3389/fgene.2022.1088081	36712873	Whole-genome resequencing and bisulfite sequencing provide new insights into the feeding habit domestication in mandarin fish (Siniperca chuatsi).	high	assembly_name
GCA_011952075.1	Siniperca knerii	IGB Leibniz-Institute of Freshwater Ecology and Inland Fisheries	PRJNA513951	10.1534/g3.119.400930	31953307	High-Quality Genome Assembly and Annotation of the Big-Eye Mandarin Fish (Siniperca knerii).	medium	organism_title
GCA_011952095.1	Siniperca scherzeri	IGB Leibniz-Institute of Freshwater Ecology and Inland Fisheries	PRJNA513951	10.24272/j.issn.2095-8137.2022.462	36785896	Long-read genome assemblies reveal a cis-regulatory landscape associated with phenotypic divergence in two sister Siniperca fish species.	medium	assembly_name
GCA_049996615.1	Siniperca obscura	Perl River Fisheries Research Institute, Chinese Academy of Fishery Sciences	PRJNA1245649	10.1038/s41597-026-06678-6	41629327	Chromosome-level genome assembly of the Siniperca obscura.	high	bioproject_text
GCA_047228765.1	Siniperca roulei	Freshwater Fisheries Research Center, Chinese Academy of Fishery Sciences	PRJNA1165969	10.1093/gigascience/giaf068	40665466	The telomere-to-telomere gap-free reference genome and taxonomic reassessment of Siniperca roulei.	high	bioproject_text
GCA_011952105.1	Coreoperca whiteheadi	IGB Leibniz-Institute of Freshwater Ecology and Inland Fisheries	PRJNA513951	10.1093/gigascience/giaa034	32449778	CSA: A high-throughput chromosome-scale assembly pipeline for vertebrate genomes.	medium	bioproject_text
GCA_019677235.1	Micropterus salmoides	Henan Normal University, Pearl River Fisheries Research Institute, CAFS	PRJNA656383	10.1186/s12863-025-01318-1	40234748	Draft genome assembly of the largemouth bass (Micropterus salmoides).	high	bioproject_text
GCA_036785525.1	Micropterus salmoides	BGI	PRJNA1012887	10.1186/s12864-025-12468-y	41437328	Gap-Free T2T assemblies of Micropterus salmoides identify a Y-Linked SV hotspot underlying sexual dimorphism.	high	assembly_name
GCA_050575295.2	Cheilodactylus zonatus	Qingdao University	PRJNA1254388	10.1038/s41597-025-06029-x	41188244	Chromosome-level genome assembly and annotation of the spottedtail morwong (Cheilodactylus zonatus).	medium	organism_title
GCA_051362095.1	Lutjanus fulviflamma	Yantai University	PRJNA1231260	10.1007/s13258-026-01790-8	42484780	Characterization of a draft chromosome-scale genome assembly for the mutton snapper, Lutjanus analis.	low	organism_genus_title
GCA_050947775.1	Lutjanus griseus	The University of Southern Mississippi	PRJNA950059	10.1007/s11033-024-10195-3	39751992	A chromosome-anchored reference assembly for the gray snapper, Lutjanus griseus.	medium	organism_title
GCA_041380415.1	Rhomboplites aurorubens	Smithsonian Institution	PRJNA1090878	10.1038/s41597-025-05573-w	40701987	Chromosome-level genome assembly of the Vermilion Snapper (Rhomboplites aurorubens).	high	bioproject_text
GCA_048129025.1	Caesio teres	Minderoo OceanOmics Centre at University of the Western Australia	PRJNA1121329	10.12688/wellcomeopenres.24331.1	41488263	The genome sequence of a tephritid fly, Philophylla caesio (Harris, 1780).	low	organism_genus_title
GCA_048129055.1	Caesio teres		PRJNA1121328	10.12688/wellcomeopenres.24331.1	41488263	The genome sequence of a tephritid fly, Philophylla caesio (Harris, 1780).	low	organism_genus_title
GCA_004028665.1	Lateolabrax maculatus	Shenzhen research institute	PRJNA407434	10.3389/fgene.2019.01126	31803231	Characterization of Full-Length Transcriptome Sequences and Splice Variants of Lateolabrax maculatus by Single-Molecule Long-Read Sequencing and Their Involvement in Salinity Regulation.	medium	bioproject_text
GCA_031216445.1	Lateolabrax maculatus	Yellow Sea Fisheries Research Institute, Chinese Academy of Fishery Sciences	PRJNA998622	10.1038/s41597-024-02988-9	38326339	Telomere-to-telomere gapless genome assembly of the Chinese sea bass (Lateolabrax maculatus).	high	assembly_name
GCA_009823395.1	Thamnaconus septentrionalis	Yellow Sea Fisheries Research Institute	PRJNA565600	10.1111/1755-0998.13183	32390337	Chromosome-level genome assembly of the greenfin horse-faced filefish (Thamnaconus septentrionalis) using Oxford Nanopore PromethION sequencing and Hi-C technology.	medium	organism_title
GCA_015343265.1	Pao palembangensis	BGI	PRJNA597275	10.46471/gigabyte.17	36824331	Chromosome-level genome assembly of the humpback puffer, Tetraodon palembangensis.	medium	bioproject_text
GCA_901000725.3	Takifugu rubripes	Wellcome Sanger Institute	PRJEB31988	10.1186/s12864-022-08787-z	35922761	Transcriptome analysis revealed gene expression feminization of testis after exogenous tetrodotoxin administration in pufferfish Takifugu flavidus.	high	bioproject_text
GCA_037577475.1	Chaunax sp. Z400	Institute of Oceanology, Chinese Academy of Sciences	PRJNA1068823	10.1038/s41597-024-04245-5	39702345	Chromosome-level genome assembly and annotation of a sea toad (Chaunax sp.).	high	bioproject_text
GCA_013358685.1	Antennarius maculatus	Vertebrate Genomes Project		10.1038/s41597-024-03514-7	38906880	A chromosome-level genome of the striated frogfish (Antennarius striatus).	low	organism_genus_title
GCA_011397275.1	Plectropomus leopardus	Sun Yat-Sen University	PRJDB9154	10.24272/j.issn.2095-8137.2020.038	32212431	Whole-genome sequencing of leopard coral grouper ( Plectropomus leopardus) and exploration of regulation mechanism of skin color and adaptive evolution.	high	bioproject_text
GCA_013133815.1	Cromileptes altivelis	Sun Yat-sen University	PRJNA623050	10.3390/genes12121873	34946822	Chromosome Genome Assembly of Cromileptes altivelis Reveals Loss of Genome Fragment in Cromileptes Compared with Epinephelus Species.	low	organism_title
GCA_019925165.1	Cromileptes altivelis	Ocean University of China	PRJNA719261	10.3390/genes12121873	34946822	Chromosome Genome Assembly of Cromileptes altivelis Reveals Loss of Genome Fragment in Cromileptes Compared with Epinephelus Species.	low	organism_title
GCA_035609425.1	Epinephelus awoara	Sun Yat-sen University	PRJNA1054557	10.1038/s41597-024-02989-8	38296995	Chromosome-level genome assembly and annotation of the yellow grouper, Epinephelus awoara.	medium	organism_title
GCA_041411175.1	Epinephelus polyphekadion	Sanya Oceanographic Institution	PRJNA1132787	10.1038/s41597-024-04212-0	39695304	Chromosome-level genome assembly and annotation of the camouflage grouper (Epinephelus polyphekadion).	low	organism_title
GCA_046464035.1	Epinephelus polyphekadion	Sun Yat-Sen University	PRJNA1070792	10.1038/s41597-024-04212-0	39695304	Chromosome-level genome assembly and annotation of the camouflage grouper (Epinephelus polyphekadion).	low	organism_title
GCA_047716675.1	Epinephelus fuscoguttatus x Epinephelus polyphekadion	Ocean University of china	PRJNA1210092	10.3390/ijms26115036	40507846	Chromosome-Level Genome Assembly and Genomic Analysis of the Hybrid Grouper ShanHu (Epinephelus fuscoguttatus ♀ × Epinephelus polyphekadion ♂).	high	bioproject_text
GCA_048129065.1	Epinephelus rankini	Minderoo OceanOmics Centre at University of the Western Australia	PRJNA1121338	10.1038/s41597-024-04212-0	39695304	Chromosome-level genome assembly and annotation of the camouflage grouper (Epinephelus polyphekadion).	low	organism_genus_title
GCA_048129235.1	Epinephelus rankini	Minderoo OceanOmics Centre at University of the Western Australia	PRJNA1121337	10.1038/s41597-024-04212-0	39695304	Chromosome-level genome assembly and annotation of the camouflage grouper (Epinephelus polyphekadion).	low	organism_genus_title
GCA_026686955.1	Epinephelus cyanopodus	Xiamen University	PRJNA844481	10.3390/biology11121810	36552321	Chromosome-Level Genome Assembly of the Speckled Blue Grouper (Epinephelus cyanopodus) Provides Insight into Its Adaptive Evolution.	high	bioproject_text
GCA_017165655.1	Epinephelus lanceolatus	Sun Yat-sen University	PRJNA686844	10.1038/s41597-024-04219-7	39695150	Telomere-to-telomere gapless genome assembly of the giant grouper (Epinephelus lanceolatus).	high	assembly_name
GCA_041903045.1	Epinephelus lanceolatus	Yellow Sea Fisheries Research Institute	PRJNA1122338	10.1038/s41597-024-04219-7	39695150	Telomere-to-telomere gapless genome assembly of the giant grouper (Epinephelus lanceolatus).	low	organism_title
GCA_050947925.1	Epinephelus lanceolatus	Institute of Information Science	PRJNA1107020	10.1038/s41597-024-04219-7	39695150	Telomere-to-telomere gapless genome assembly of the giant grouper (Epinephelus lanceolatus).	low	organism_title
GCA_021130775.1	Epinephelus tukula	Yellow Sea Fisheries Research Institute	PRJNA745015	10.1016/j.ygeno.2022.110473	36049667	A chromosome-level genome assembly of the potato grouper (Epinephelus tukula).	medium	organism_title
GCA_965644535.1	Chelidonichthys lucerna	WELLCOME SANGER INSTITUTE	PRJEB94208	10.12688/wellcomeopenres.25417.2	41625984	The genome sequence of the tub gurnard, Chelidonichthys lucerna (Linnaeus, 1758) (Perciformes: Triglidae).	high	assembly_name
GCA_029853015.1	Chelidonichthys spinosus	Institute of Oceanology, Chinese Academy of Sciences	PRJNA945566	10.1038/s41597-023-02357-y	37438353	Chromosome genome assembly and annotation of the spiny red gurnard (Chelidonichthys spinosus).	medium	organism_title
GCA_963514095.1	Eutrigla gurnardus	WELLCOME SANGER INSTITUTE	PRJEB66429	10.12688/wellcomeopenres.22453.1	39246517	The genome sequence of the grey gurnard, Eutrigla gurnardus (Linnaeus, 1758).	high	assembly_name
GCA_048569185.1	Apeltes quadracus	University of Bern	PRJNA1164644	10.1371/journal.pgen.1011465	40344089	The fourspine stickleback (Apeltes quadracus) has an XY sex chromosome system with polymorphic inversions on both X and Y chromosomes.	high	bioproject_text
GCA_014132575.2	Gasterosteus nipponicus	the University of Tokyo	PRJDB9841	10.1093/nargab/lqac026	35372836	Construction of a chromosome-level Japanese stickleback species genome using ultra-dense linkage analysis with single-cell sperm sequencing.	high	bioproject_text
GCA_017751045.1	Gasterosteus aculeatus	University of Georgia	PRJNA591630	10.3390/v16111663	39599778	Genomic Sequence of the Threespine Stickleback Iridovirus (TSIV) from Wild Gasterosteus aculeatus in Stormy Lake, Alaska.	low	organism_title
GCA_046562415.1	Gasterosteus aculeatus	Duke University	PRJNA1198983	10.1093/g3journal/jkaf114	40408318	Genome sequence of a marine threespine stickleback (Gasterosteus aculeatus) from Rabbit Slough in the Cook Inlet.	high	bioproject_text
GCA_964276395.1	Gasterosteus aculeatus	WELLCOME SANGER INSTITUTE	PRJEB81174	10.1093/g3journal/jkaf114	40408318	Genome sequence of a marine threespine stickleback (Gasterosteus aculeatus) from Rabbit Slough in the Cook Inlet.	low	organism_title
GCA_050084785.1	Liparis tanakae	Chinese Academy of Fishery Sciences	PRJNA1231580	10.1038/s41597-025-05285-1	40490471	An improved chromosomal-scale genome assembly of the Tanaka's snailfish (Liparis tanakae).	high	bioproject_text
GCA_910589615.1	Taurulus bubalis	WELLCOME SANGER INSTITUTE	PRJEB45317	10.12688/wellcomeopenres.17356.1	36312458	The genome sequence of the long-spined sea scorpion, Taurulus bubalis (Euphrasén, 1786).	high	assembly_name
GCA_963457625.1	Cyclopterus lumpus	WELLCOME SANGER INSTITUTE	PRJEB66140	10.1128/mra.01249-21	35289652	Draft Genome Sequences of 23 Tenacibaculum Isolates from Farmed Norwegian Lumpfish, Cyclopterus lumpus.	low	organism_title
GCA_043790635.1	Hexagrammos otakii	Marine Science Research institute of Shandong Province	PRJNA1065620	10.1038/s41597-025-04368-3	39814736	A Chromosomal-level genome assembly and annotation of fat greenling (Hexagrammos otakii).	medium	organism_title
GCA_046127435.1	Anisarchus medius	Fujian Agriculture and Forestry University	PRJNA1176308	10.1038/s41597-025-04419-9	39809797	Chromosome-level reference genome and annotation of the Arctic fish Anisarchus medius.	high	bioproject_text
GCA_910591455.2	Pholis gunnellus	WELLCOME SANGER INSTITUTE	PRJEB45449	10.3897/zookeys.1129.91543	36761850	﻿Genome-wide survey reveals the phylogenomic relationships of Chirolophisjaponicus Herzenstein, 1890 (Stichaeidae, Perciformes).	medium	bioproject_text
GCA_049309625.1	Lycodes pallidus	Third Institute of Oceanography, Ministry of Natural Resources	PRJNA1231400	10.1038/s41597-025-05385-y	40640179	Chromosome-level genome assembly of an Arctic fish species pale eelpout (Lycodes pallidus).	high	bioproject_text
GCA_949748355.1	Melanostigma gelatinosum	WELLCOME SANGER INSTITUTE	PRJEB60807	10.12688/wellcomeopenres.21268.1		The genome sequence of the limp eelpout, Melanostigma gelatinosum Günther, 1881	medium	organism_title
GCA_014673565.1	Sebastes schlegelii	Qingdao Agricultural University	PRJNA516036	10.3390/biology10101015	34681113	Identification of Antimicrobial Peptide Genes in Black Rockfish Sebastes schlegelii and Their Responsive Mechanisms to Edwardsiella tarda Infection.	medium	bioproject_text
GCA_029721515.1	Synanceia verrucosa	BGI-SZ	PRJNA930159	10.1093/molbev/msad215	37770059	A Chromosome-Level Genome Assembly of the Reef Stonefish (Synanceia verrucosa) Provides Novel Insights into Stonustoxin (sntx) Genes.	high	bioproject_text
GCA_963691815.1	Echiichthys vipera	WELLCOME SANGER INSTITUTE	PRJEB70560	10.12688/wellcomeopenres.26380.1		The genome sequence of the Lesser weever, Echiichthys vipera (Cuvier, 1829) (Perciformes: Trachinidae)	medium	organism_title
GCA_025617405.1	Perca schrenkii	IGB Leibniz-Institute of Freshwater Ecology and Inland Fisheries	PRJNA637487	10.1186/s12915-024-01935-9	38926709	Multi-genome comparisons reveal gain-and-loss evolution of anti-Mullerian hormone receptor type 2 as a candidate master sex-determining gene in Percidae.	medium	bioproject_text
GCA_023718385.1	Sander lucioperca	The Max Planck Institute of Molecular Cell Biology and Genetics	PRJNA817089	10.3389/fgene.2021.786934	35111201	Analysis of Autozygosity Using Whole-Genome Sequence Data of Full-Sib Families in Pikeperch (Sander lucioperca).	low	organism_title
GCA_031162955.1	Sander vitreus	IGB Leibniz-Institute of Freshwater Ecology and Inland Fisheries	PRJNA808842	10.1186/s12915-024-01935-9	38926709	Multi-genome comparisons reveal gain-and-loss evolution of anti-Mullerian hormone receptor type 2 as a candidate master sex-determining gene in Percidae.	medium	bioproject_text
GCA_026937815.1	Etheostoma perlongum	University at Buffalo	PRJNA682188	10.1111/1755-0998.13275	33058399	Rapture-ready darters: Choice of reference genome and genotyping method (whole-genome or sequence capture) influence population genomic inference in Etheostoma.	low	organism_genus_title
GCA_949606895.1	Notothenia rossii	WELLCOME SANGER INSTITUTE	PRJEB60487	10.12688/wellcomeopenres.21270.1	39221438	The genome sequence of the marbled rockcod, Notothenia rossii Richardson, 1844.	high	assembly_name
GCA_960531495.1	Zeus faber	WELLCOME SANGER INSTITUTE	PRJEB64533	10.12688/wellcomeopenres.21140.2	38881949	The genome sequence of the John Dory, Zeus faber Linnaeus, 1758.	high	assembly_name
GCA_010882105.1	Gadus morhua	CIGENE	PRJNA601905	10.1534/g3.120.401423	32641450	A Nanopore Based Chromosome-Level Assembly Representing Atlantic Cod from the Celtic Sea.	high	assembly_name
GCA_031193875.1	Gadus macrocephalus	NOAA Fisheries	PRJNA943285	10.1042/bsr20221037	35788826	Whole-genome survey and phylogenetic analysis of Gadus macrocephalus.	medium	organism_title
GCA_949987615.1	Pollachius pollachius	WELLCOME SANGER INSTITUTE	PRJEB61573	10.12688/wellcomeopenres.22778.1		The genome sequence of the pollack, Pollachius pollachius (Linnaeus, 1758)	medium	organism_title
GCA_964660975.1	Merluccius merluccius	Centro Nacional de Análisis Genómico	PRJEB83726	10.1093/g3journal/jkaf127	40488516	Screening a new European hake (Merluccius merluccius) chromosome-level genome assembly suggests an XX/XY sex-determining system driven by the SRY-box transcription factor 3 (sox3).	high	bioproject_text
GCA_965279225.1	Bathysaurus mollis	WELLCOME SANGER INSTITUTE	PRJEB89372	10.12688/wellcomeopenres.25077.1	41287795	The genome sequence of the highfin lizardfish, Bathysaurus mollis Günther, 1878 (Aulopiformes: Bathysauridae).	high	assembly_name
GCA_051107095.1	Salangichthys microdon	Institute of Oceanology, Chinese Academy of Sciences	PRJNA1076684	10.1186/s12864-024-11047-x	39567903	Characterization of the sex determining region and development of a molecular sex identification method in a Salangid fish.	medium	bioproject_text
GCA_044705665.1	Neosalanx brevirostris	Institute of Oceanology, Chinese Academy of Sciences	PRJNA1076684	10.1038/s41597-023-02677-z	37925542	Gap-free genome assembly of Salangid icefish Neosalanx taihuensis.	low	organism_genus_title
GCA_030340665.1	Neosalanx taihuensis	Freshwater Fisheries Research Center, Chinese Academy of Fishery Sciences	PRJNA915819	10.1038/s41597-023-02677-z	37925542	Gap-free genome assembly of Salangid icefish Neosalanx taihuensis.	high	bioproject_text
GCA_051107145.1	Neosalanx jordani	Institute of Oceanology, Chinese Academy of Sciences	PRJNA1076684	10.1186/s12864-024-11047-x	39567903	Characterization of the sex determining region and development of a molecular sex identification method in a Salangid fish.	medium	bioproject_text
GCA_051107185.1	Neosalanx anderssoni	Institute of Oceanology, Chinese Academy of Sciences	PRJNA1076684	10.1186/s12864-024-11047-x	39567903	Characterization of the sex determining region and development of a molecular sex identification method in a Salangid fish.	medium	bioproject_text
GCA_051107165.1	Neosalanx argentea	Institute of Oceanology, Chinese Academy of Sciences	PRJNA1076684	10.1186/s12864-024-11047-x	39567903	Characterization of the sex determining region and development of a molecular sex identification method in a Salangid fish.	medium	bioproject_text
GCA_030340685.1	Protosalanx chinensis	Huazhong Agricultural University	PRJNA915822	10.3390/biology12091266	37759664	Chromosome-Level Genome Assembly of Protosalanx chinensis and Response to Air Exposure Stress.	high	bioproject_text
GCA_044905845.1	Protosalanx hyalocranius	Institute of Oceanology, Chinese Academy of Sciences	PRJNA1076684	10.1186/s12864-024-11047-x	39567903	Characterization of the sex determining region and development of a molecular sex identification method in a Salangid fish.	medium	bioproject_text
GCA_051107105.1	Salanx ariakensis	Institute of Oceanology, Chinese Academy of Sciences	PRJNA1076684	10.1186/s12864-024-11047-x	39567903	Characterization of the sex determining region and development of a molecular sex identification method in a Salangid fish.	medium	bioproject_text
GCA_044705685.1	Salanx cuvieri	Institute of Oceanology, Chinese Academy of Sciences	PRJNA1076684	10.1186/s12864-024-11047-x	39567903	Characterization of the sex determining region and development of a molecular sex identification method in a Salangid fish.	medium	bioproject_text
GCA_051107215.1	Salanx chinensis	Institute of Oceanology, Chinese Academy of Sciences	PRJNA1076684	10.1186/s12864-024-11047-x	39567903	Characterization of the sex determining region and development of a molecular sex identification method in a Salangid fish.	medium	bioproject_text
GCA_045786985.1	Hemisalanx brachyrostralis	Institute of Oceanology, Chinese Academy of Sciences	PRJNA1076684	10.1186/s12864-024-11047-x	39567903	Characterization of the sex determining region and development of a molecular sex identification method in a Salangid fish.	medium	bioproject_text
GCA_051110555.1	Neosalangichthys ishikawae	Institute of Oceanology, Chinese Academy of Sciences	PRJNA1076684	10.1186/s12864-024-11047-x	39567903	Characterization of the sex determining region and development of a molecular sex identification method in a Salangid fish.	medium	bioproject_text
GCA_021870715.1	Hypomesus transpacificus	Genomic Variation Lab at University of California Davis	PRJNA762373	10.1093/g3journal/jkab147	33944944	Draft genome of the Korean smelt Hypomesus nipponensis and its transcriptomic responses to heat stress in the liver and muscle.	low	organism_genus_title
GCA_949987555.1	Borostomias antarcticus	WELLCOME SANGER INSTITUTE	PRJEB61589	10.12688/wellcomeopenres.24750.1		The genome sequence of the Snaggletooth, Borostomias antarcticus (Lönnberg, 1905) (Stomiiformes: Stomiidae)	medium	organism_title
GCA_951799395.1	Argentina silus	WELLCOME SANGER INSTITUTE	PRJEB62529	10.12688/wellcomeopenres.23691.1	40574744	The genome sequence of the greater argentine, Argentina silus (Ascanius, 1775).	high	assembly_name
GCA_031479575.1	Coregonus ussuriensis	Heilongjiang River Fisheries Research Institute	PRJNA1000111	10.1038/s41597-024-03642-0	39025879	A chromosome-level genome assembly and evolutionary analysis of Coregonus ussuriensis Berg.	high	bioproject_text
GCA_964263955.1	Coregonus lavaretus	WELLCOME SANGER INSTITUTE	PRJEB80005	10.1186/s12863-025-01313-6	40128681	The genome assembly of the farmed European whitefish Coregonus lavaretus L. from the Finnish selective breeding programme.	medium	organism_title
GCA_031305455.1	Brachymystax lenok tsinlingensis	Northwest Agriculture & Forestry University	PRJNA941488	10.3389/fgene.2024.1293477	38482383	Population genomic analysis reveals genetic divergence and adaptation in Brachymystax lenok.	low	organism_title
GCA_002831465.1	Oncorhynchus tshawytscha	Mathomics and Columbia River Inter-Tribal Fish Commission (CRITFC)	PRJNA402052	10.1098/rspb.2018.0935	30051839	Genomic variation underlying complex life-history traits revealed by genome sequencing in Chinook salmon.	medium	bioproject_text
GCA_025558465.1	Oncorhynchus mykiss	USDA/ARS	PRJNA840902	10.1038/s41597-025-04693-7	40011488	Chromosome level genome assembly and annotation of the Swanson rainbow trout homozygous line.	high	bioproject_text
GCA_029834435.1	Oncorhynchus mykiss	USDA/ARS	PRJNA928430	10.1093/g3journal/jkaf064	40105693	The genome assembly of the westslope cutthroat trout, Oncorhynchus lewisi, reveals interspecific chromosomal rearrangements with the rainbow trout, Oncorhynchus mykiss.	low	organism_title
GCA_034753235.1	Oncorhynchus mykiss gairdneri	US Department of Agriculture	PRJNA1027447	10.1093/g3journal/jkaf064	40105693	The genome assembly of the westslope cutthroat trout, Oncorhynchus lewisi, reveals interspecific chromosomal rearrangements with the rainbow trout, Oncorhynchus mykiss.	medium	organism_title
GCA_021399835.1	Salmo salar	USDA/ARS	PRJNA759632	10.1186/s12864-024-11131-2	39695999	Candidate genes associated with fatty acid compositions in north American Atlantic salmon (Salmo salar).	high	assembly_name
GCA_923944775.2	Salmo salar	NORWEGIAN UNIVERSITY OF LIFE SCIENCES	PRJEB49548	10.1111/eva.70148	41019293	Genomic Basis and Climate Change Vulnerability of Migration Timing in Atlantic Salmon (Salmo salar).	low	organism_title
GCA_931346935.2	Salmo salar	NORWEGIAN UNIVERSITY OF LIFE SCIENCES	PRJEB50986	10.1111/eva.70148	41019293	Genomic Basis and Climate Change Vulnerability of Migration Timing in Atlantic Salmon (Salmo salar).	low	organism_title
GCA_965601325.1	Salmo salar	ELIXIR Norway	PRJEB90427	10.1111/eva.70148	41019293	Genomic Basis and Climate Change Vulnerability of Migration Timing in Atlantic Salmon (Salmo salar).	low	organism_title
GCA_043791845.1	Salmo trutta	Yellow Sea Fisheries Research Institute	PRJNA1170013	10.1038/s41597-025-04418-w	39814780	Near complete genome assembly of Yadong trout (Salmo trutta).	high	bioproject_text
GCA_901001165.2	Salmo trutta	Wellcome Sanger Institute	PRJEB32115	10.1002/ece3.7664	34188891	Alternative migratory tactics in brown trout (Salmo trutta) are underpinned by divergent regulation of metabolic but not neurological genes.	high	accession
GCA_046056365.1	Hucho bleekeri	Northwest Agriculture & Forestry University	PRJNA1116973	10.1186/s12864-025-12057-z	41013207	Chromosome-level genome assembly for Sichuan taimen (Hucho bleekeri) reveals the extraordinary tandem repeat proportions and its persistent population shrinkage.	high	bioproject_text
GCA_051943175.1	Esox reichertii	Heilongjiang River Fisheries Research Institute, Chinese Academy of Fishery Sciences	PRJNA1297397	10.1038/s41597-025-05819-7	40835863	Chromosome-level genome assembly and annotation of Amur Pike (Esox reichertii).	medium	organism_title
GCA_043882065.1	Ilisha elongata	Shanghai Ocean University	PRJNA1147427	10.1038/s41597-025-04790-7	40258812	Chromosome-level genome assembly and annotation of Chinese herring (Ilisha elongata).	medium	organism_title
GCA_007927625.1	Coilia nasus	BGI	PRJNA421870	10.1093/gigascience/giz157	31895412	Genome and population sequencing of a chromosome-level genome assembly of the Chinese tapertail anchovy (Coilia nasus) provides novel insights into migratory adaptation.	high	bioproject_text
GCA_027475355.1	Coilia nasus	Nanjing Agricultural University	PRJNA895906	10.1038/s41597-023-02278-w	37280262	Gap-free genome assembly of anadromous Coilia nasus.	low	organism_title
GCA_030347295.1	Setipinna tenuifilis	Zhejiang Ocean University	PRJNA671777	10.1111/mec.17067	37434292	Chromosome-level genome assembly and population genomic analysis reveal evolution and local adaptation in common hairfin anchovy (Setipinna tenuifilis).	medium	organism_title
GCA_040112795.1	Engraulis japonicus	Yellow Sea Fisheries Research Institute, Chinese Academy of Fishery Sciences	PRJNA1082877	10.1038/s41597-025-04423-z	39843454	Chromosome-level genome assembly and annotation of Japanese anchovy (Engraulis japonicus).	high	bioproject_text
GCA_019202745.1	Alosa sapidissima	OE Biotech.co.Ltd	PRJNA732845	10.1186/s12863-022-01043-z	35346024	First report of de novo assembly and annotation from brain and blood transcriptome of an anadromous shad, Alosa sapidissima.	low	organism_title
GCA_963457725.1	Sprattus sprattus	WELLCOME SANGER INSTITUTE	PRJEB66150	10.12688/wellcomeopenres.25097.1		The genome sequence of the European sprat, Sprattus sprattus (Linnaeus, 1758) (Clupeiformes: Clupeidae)	medium	organism_title
GCA_040183275.2	Clupea harengus	Uppsala University	PRJNA1112117	10.1073/pnas.2601861123	42113979	Sperm, egg, and embryo proteins critical for genetic adaptation of herring to low salinity in the Baltic Sea.	medium	assembly_name
GCA_051167395.1	Gyrinocheilus aymonieri	Institute of Hydrobiology, Chinese Academy of Sciences	PRJNA1269254	10.1038/s41597-025-06070-w	41253877	Chromosome-level genome assembly of the Chinese algae eater Gyrinocheilus aymonieri.	high	bioproject_text
GCA_039881065.1	Leptobotia elongata	marine	PRJNA1082057	10.1038/s41597-024-03789-w	39181886	Chromosome-level genome assemblies of vulnerable male and female elongate loach (Leptobotia elongata).	high	bioproject_text
GCA_039881075.1	Leptobotia elongata	marine	PRJNA1082057	10.1038/s41597-024-03789-w	39181886	Chromosome-level genome assemblies of vulnerable male and female elongate loach (Leptobotia elongata).	high	bioproject_text
GCA_037178815.1	Barbatula barbatula	University of Debrecen	PRJNA1049631	10.1038/s41597-025-04469-z	39843539	An updated reference genome of Barbatula barbatula (Linnaeus, 1758).	high	bioproject_text
GCA_947034865.1	Barbatula barbatula	WELLCOME SANGER INSTITUTE	PRJEB56420	10.12688/wellcomeopenres.20293.1		The genome sequence of the stone loach, Barbatula barbatula (Linnaeus, 1758)	low	organism_title
GCA_052426585.1	Oreonectes daqikongensis	Chinese Academy of Sciences	PRJNA1284592	10.1038/s41597-025-06184-1	41350295	Chromosome-level genome assembly of the obligate cave loach Troglonectes daqikongensis.	high	bioproject_text
GCA_045838175.1	Oreonectes platycephalus	The University of Hong Kong	PRJNA1151255	10.1038/s41597-024-04301-0	39774106	Chromosome-level haplotype-resolved genome of the tropical loach (Oreonectes platycephalus).	medium	organism_title
GCA_045838225.1	Oreonectes platycephalus	The University of Hong Kong	PRJNA1151257	10.1038/s41597-024-04301-0	39774106	Chromosome-level haplotype-resolved genome of the tropical loach (Oreonectes platycephalus).	medium	organism_title
GCA_049739055.1	Triplophysa scleroptera	Chinese academy of science	PRJNA1219334	10.1038/s41597-025-05122-5	40595745	Chromosome-level genome assembly of Triplophysa scleroptera.	high	bioproject_text
GCA_029783895.1	Triplophysa bombifrons	Tarim University	PRJNA903227	10.1038/s41597-024-04340-7	39741138	Chromosome-level genome assembly of Triplophysa bombifrons using PacBio HiFi sequencing and Hi-C technologies.	high	bioproject_text
GCA_033220385.1	Triplophysa yarkandensis	Huazhong Agricultural University	PRJNA995909	10.1038/s41597-023-02900-x	38182618	Chromosome-level assembly of Triplophysa yarkandensis genome based on the single molecule real-time sequencing.	high	bioproject_text
GCA_041430785.1	Triplophysa lixianensis	marine	PRJNA1119268	10.1038/s41597-024-04268-y	39702774	A chromosome-scale reference genome assembly for Triplophysa lixianensis.	high	bioproject_text
GCA_051294615.1	Triplophysa pappenheimi	Qinghai University	PRJNA1248722	10.1038/s41597-025-06111-4	41271782	Chromosome-level genome assembly and annotation of the Triplophysa pappenheimi.	high	bioproject_text
GCA_041755345.1	Misgurnus anguillicaudatus	Huazhong Agricultural University	PRJNA1131746	10.1186/s12915-023-01517-1	36726103	The chromosome-level genome and key genes associated with mud-dwelling behavior and adaptations of hypoxia and noxious environments in loach (Misgurnus anguillicaudatus).	low	organism_title
GCA_041755355.1	Misgurnus anguillicaudatus	Huazhong Agricultural University	PRJNA1131747	10.1186/s12915-023-01517-1	36726103	The chromosome-level genome and key genes associated with mud-dwelling behavior and adaptations of hypoxia and noxious environments in loach (Misgurnus anguillicaudatus).	low	organism_title
GCA_041755365.1	Misgurnus anguillicaudatus	Huazhong Agricultural University	PRJNA1131748	10.1186/s12915-023-01517-1	36726103	The chromosome-level genome and key genes associated with mud-dwelling behavior and adaptations of hypoxia and noxious environments in loach (Misgurnus anguillicaudatus).	low	organism_title
GCA_041755415.1	Misgurnus anguillicaudatus	Huazhong Agricultural University	PRJNA1131750	10.1186/s12915-023-01517-1	36726103	The chromosome-level genome and key genes associated with mud-dwelling behavior and adaptations of hypoxia and noxious environments in loach (Misgurnus anguillicaudatus).	low	organism_title
GCA_048165095.1	Misgurnus anguillicaudatus	Huazhong Agriculture University	PRJNA1177185	10.1038/s41597-024-03891-z	39341798	Chromosome-scale and haplotype-resolved genome assembly of the autotetraploid Misgurnus anguillicaudatus.	low	organism_title
GCA_051168995.1	Lepturichthys fimbriata	Institute of Hydrobiology, Chinese Academy of Sciences	PRJNA1272245	10.1038/s41597-025-06159-2	41315445	Chromosome-level genome assembly of the Lepturichthys fimbriata.	high	bioproject_text
GCA_903798195.1	Danio kyathit	SC	PRJEB38580	10.12688/wellcomeopenres.25031.1		The genome sequence of the Orange-finned Danio, Danio kyathit Fang, 1998	low	organism_title
GCA_008692375.1	Danio rerio	Harvard University	PRJNA482893	10.12688/wellcomeopenres.25012.1	41488258	The chromosome-level genome sequences of Danio rerio strains AB, Nadia and Cooch Behar.	low	organism_title
GCA_018400075.1	Danio rerio	North Carolina State University	PRJNA482650	10.3389/ftox.2022.846221	35573279	Leveraging a High-Throughput Screening Method to Identify Mechanisms of Individual Susceptibility Differences in a Genetically Diverse Zebrafish Model.	medium	bioproject_text
GCA_020184715.1	Danio rerio	Institute of Hydrobiology, Chinese Academy of Sciences	PRJNA734711	10.12688/wellcomeopenres.25012.1	41488258	The chromosome-level genome sequences of Danio rerio strains AB, Nadia and Cooch Behar.	low	organism_title
GCA_903684855.2	Danio rerio	SC	PRJEB38588	10.12688/wellcomeopenres.25185.1	41783605	A trio-binned, haplotype-resolved genome sequence of the zebrafish, Danio rerio Hamilton 1822, SAT strain.	medium	assembly_name
GCA_903684865.1	Danio rerio	SC	PRJEB38589	10.12688/wellcomeopenres.25185.1	41783605	A trio-binned, haplotype-resolved genome sequence of the zebrafish, Danio rerio Hamilton 1822, SAT strain.	medium	assembly_name
GCA_903798165.1	Danio rerio	SC	PRJEB38573	10.12688/wellcomeopenres.25012.1	41488258	The chromosome-level genome sequences of Danio rerio strains AB, Nadia and Cooch Behar.	medium	assembly_name
GCA_903798175.1	Danio rerio	SC	PRJEB38577	10.12688/wellcomeopenres.25012.1	41488258	The chromosome-level genome sequences of Danio rerio strains AB, Nadia and Cooch Behar.	medium	assembly_name
GCA_903798185.1	Danio rerio	SC	PRJEB38575	10.12688/wellcomeopenres.25012.1	41488258	The chromosome-level genome sequences of Danio rerio strains AB, Nadia and Cooch Behar.	medium	assembly_name
GCA_944039275.1	Danio rerio	WELLCOME SANGER INSTITUTE	PRJEB53407	10.12688/wellcomeopenres.24569.2	40909362	The genome sequence of the zebra danio, Danio rerio (Hamilton, 1822) SAT strain (Cypriniformes: Danionidae).	high	assembly_name
GCA_021464655.1	Gobio gobio	The Max Planck Institute of Molecular Cell Biology and Genetics	PRJNA770886	10.12688/wellcomeopenres.22742.1		The genome sequence of the gudgeon, Gobio gobio (Linnaeus, 1758)	low	organism_title
GCA_949357685.1	Gobio gobio	WELLCOME SANGER INSTITUTE	PRJEB60324	10.12688/wellcomeopenres.22742.1		The genome sequence of the gudgeon, Gobio gobio (Linnaeus, 1758)	low	organism_title
GCA_018491645.1	Gobiocypris rarus	ihb	PRJNA715041	10.1126/sciadv.abl7253	35108042	Genomic deciphering of sex determination and unique immune system of a potential model species rare minnow (Gobiocypris rarus).	low	organism_title
GCA_039654625.1	Rhinogobio ventralis	Yangtze River Fisheries Research Institute, Chinese Academy of Fishery Sciences.	PRJNA1083632	10.1038/s41597-026-06949-2	41792158	Chromosome-level genome assembly and annotation of the Rhinogobio ventralis, an endangered endemic fish from the Yangtze River.	high	bioproject_text
GCA_048301585.1	Rhinogobio nasutus	Gansu Fisheries Research Institute	PRJNA1197364	10.1038/s41597-025-04793-4	40113806	Telomere-to-telomere reference genome of Rhinogobio nasutus, an endangered endemic fish from the Yellow River.	high	bioproject_text
GCA_018749465.1	Paracanthobrama guichenoti	Chinese Academy of Fishery Sciences	PRJNA686690	10.1038/s41588-021-00933-9	34594040	Parallel subgenome structure and divergent expression evolution of allo-tetraploid common carp and goldfish.	medium	bioproject_text
GCA_046055825.1	Pseudorasbora elongata	Freshwater Fisheries Research Center, Chinese Academy of Fishery Sciences	PRJNA1173790	10.1038/s41597-025-04890-4	40169578	A chromosome-level genome assembly and annotation of the Pseudorasbora elongata (Cypriniformes: Cyprinidae).	high	accession
GCA_052109935.1	Hemibarbus maculatus	Zhejiang Institute of Freshwater Fisheries	PRJNA1288122	10.1038/s41597-026-06856-6	41748651	A chromosome-level genome assembly of Hemibarbus maculatus.	medium	organism_title
GCA_051403015.1	Hemibarbus labeo	Ganzhou Animal Husbandry and Fisheries Research Institute	PRJNA1263916	10.1038/s41597-026-07825-9	42409839	Near-complete telomere-to-telomere genome assembly of a male barbel steed (Hemibarbus labeo).	medium	organism_title
GCA_039654105.1	Coreius guichenoti	Yangtze River Fisheries Research Institute, Chinese Academy of Fishery Sciences.	PRJNA1082040	10.1038/s41597-025-04416-y	39814798	Chromosome-level genome assembly and annotation of largemouth bronze gudgeon (Coreius guichenoti).	medium	organism_title
GCA_036326025.1	Chrosomus eos	University of Guelph	PRJNA1054594	10.1139/gen-2025-0098	42133989	The first chromosome-level annotated reference genome for Chrosomus eos, the Northern Redbelly Dace.	medium	organism_title
GCA_022829025.1	Squalius cephalus	The Max Planck Institute of Molecular Cell Biology and Genetics	PRJNA798236	10.12688/wellcomeopenres.22579.1	39364080	The genome sequence of the European chub, Squalius cephalus (Linnaeus, 1758).	low	organism_title
GCA_949319135.1	Squalius cephalus	WELLCOME SANGER INSTITUTE	PRJEB60239	10.12688/wellcomeopenres.22579.1	39364080	The genome sequence of the European chub, Squalius cephalus (Linnaeus, 1758).	high	assembly_name
GCA_022829085.1	Abramis brama	The Max Planck Institute of Molecular Cell Biology and Genetics	PRJNA798216	10.12688/wellcomeopenres.24606.1	40969197	The genome sequence of the bronze bream, Abramis brama (Linnaeus, 1758) (Cypriniformes: Leuciscidae).	low	organism_title
GCA_963993115.1	Abramis brama	WELLCOME SANGER INSTITUTE	PRJEB73975	10.12688/wellcomeopenres.24606.1	40969197	The genome sequence of the bronze bream, Abramis brama (Linnaeus, 1758) (Cypriniformes: Leuciscidae).	high	assembly_name
GCA_951802725.1	Rutilus rutilus	WELLCOME SANGER INSTITUTE	PRJEB62672	10.12688/wellcomeopenres.25081.1	41523160	The genome sequence of the roach, Rutilus rutilus (Linnaeus, 1758) (Cypriniformes: Leuciscidae).	high	assembly_name
GCA_024453875.1	Scardinius erythrophthalmus	The Max Planck Institute of Molecular Cell Biology and Genetics	PRJNA841808	10.12688/wellcomeopenres.24987.1		The genome sequence of the rudd, Scardinius erythrophthalmus (Linnaeus, 1758) (Cypriniformes: Leuciscidae)	low	organism_title
GCA_964197995.1	Scardinius erythrophthalmus	WELLCOME SANGER INSTITUTE	PRJEB77366	10.12688/wellcomeopenres.24987.1		The genome sequence of the rudd, Scardinius erythrophthalmus (Linnaeus, 1758) (Cypriniformes: Leuciscidae)	low	organism_title
GCA_965113295.1	Leuciscus leuciscus	WELLCOME SANGER INSTITUTE	PRJEB85072	10.12688/wellcomeopenres.25083.1		The genome sequence of the dace, Leuciscus leuciscus (Linnaeus, 1758) (Cypriniformes: Leuciscidae)	medium	organism_title
GCA_965113325.1	Leuciscus leuciscus	WELLCOME SANGER INSTITUTE	PRJEB85073	10.12688/wellcomeopenres.25083.1		The genome sequence of the dace, Leuciscus leuciscus (Linnaeus, 1758) (Cypriniformes: Leuciscidae)	medium	organism_title
GCA_949152265.1	Phoxinus phoxinus	WELLCOME SANGER INSTITUTE	PRJEB59820	10.12688/wellcomeopenres.22867.1	39606613	The genome sequence of the Eurasian minnow, Phoxinus phoxinus (Linnaeus, 1758).	high	assembly_name
GCA_046865715.1	Pseudaspius leptocephalus	Institute of Hydrobiology, Chinese Academy of Sciences	PRJNA1132913	10.1038/s41597-025-04661-1	39987315	Chromosome-level genome assembly of flathead asp (Pseudaspius leptocephalus).	high	bioproject_text
GCA_049462935.1	Rhynchocypris lagowskii	Huazhong Agricultural University	PRJNA1170542	10.1038/s41597-025-05779-y	40790047	Chromosome-level genome assembly of the Phoxinus lagowskii.	high	bioproject_text
GCA_050574305.1	Rhynchocypris lagowskii	Tianjin Fisheries Research Institute	PRJNA1229864	10.1038/s41597-025-05905-w	41125655	Chromosome-level genome assembly of Amur Minnow (Rhynchocypris lagowskii).	high	bioproject_text
GCA_050575185.1	Rhynchocypris lagowskii	Freshwater Fisheries Research Center (FFRC), Chinese Academy of Fishery Sciences (CAFS)	PRJNA1231581	10.1038/s41597-025-05367-0	40533492	Telomere-to-telomere genome assembly of Phoxinus lagowskii.	high	bioproject_text
GCA_037194245.1	Opsariichthys bidens	Zhejiang Academy of Agricultural Sciences	PRJNA1029376	10.1038/s41597-024-03899-5	39389956	Three genome assemblies of Opsariichthys bidens from Yangzte River, Pearl River and Qiantang River basins.	high	bioproject_text
GCA_037194315.1	Opsariichthys bidens	Zhejiang Academy of Agricultural Sciences	PRJNA1042689	10.1038/s41597-024-03899-5	39389956	Three genome assemblies of Opsariichthys bidens from Yangzte River, Pearl River and Qiantang River basins.	high	bioproject_text
GCA_037194365.1	Opsariichthys bidens	Zhejiang Academy of Agricultural Sciences	PRJNA1042903	10.1038/s41597-024-03899-5	39389956	Three genome assemblies of Opsariichthys bidens from Yangzte River, Pearl River and Qiantang River basins.	high	bioproject_text
GCA_051403865.1	Opsariichthys bidens	Wuhan Onemore-tech Co., Ltd.	PRJNA792918	10.1016/j.csbj.2024.05.048	38882676	Genome-wide analysis reveals the contributors to fast molecular evolution of the Chinese hook snout carp (Opsariichthys bidens).	high	bioproject_text
GCA_034642465.1	Zacco platypus	Zhejiang Academy of Agricultural Sciences	PRJNA1028840	10.1038/s41597-024-03163-w	38538602	A chromosome-level genome assembly of East Asia endemic minnow Zacco platypus.	high	bioproject_text
GCA_038088235.1	Zacco platypus	Incheon National University	PRJNA1088288	10.1016/j.dib.2024.110596	39022690	Chromosomal-level genome assembly data from the pale chub, Zacco platypus (Jordan & Evermann, 1902).	high	bioproject_text
GCA_041950425.1	Ochetobius elongatus	Sun Yat-sen University	PRJNA1161126	10.1038/s41597-024-04223-x	39702392	A chromosome-level genome assembly of critically endangered Ochetobius elongatus.	low	organism_title
GCA_047495795.1	Ochetobius elongatus	Jianghan University	PRJNA1195161	10.1038/s41597-024-04223-x	39702392	A chromosome-level genome assembly of critically endangered Ochetobius elongatus.	low	organism_title
GCA_040182825.1	Sinibrama wui	Nanchang University	PRJNA1090244	10.1101/2025.09.11.675668		Genome assembly and annotations of a Cyprinidae fish, Sinibrama wui	medium	organism_title
GCA_037101425.1	Elopichthys bambusa	Huazhong agricultural university	PRJNA1035000	10.1038/s41597-024-03262-8	38658574	Chromosome-level genome assembly of the yellow-cheek carp Elopichthys bambusa.	medium	organism_title
GCA_048182625.1	Xenocypris davidi	Xinyang Agriculture and Forestry University	PRJNA1224056	10.1038/s41597-025-04800-8	40102422	Chromosome-scale assembly of the Xenocypris davidi using PacBio HiFi reads and Hi-C technologies.	medium	organism_title
GCA_046562865.1	Xenocypris argentea	Yangtze River Fisheries Research Institute, Chinese Academy of Fishery Sciences	PRJNA1091375	10.1038/s41597-025-04916-x	40185803	Chromosome-scale genome assembly and annotation of Xenocypris argentea.	medium	organism_title
GCA_039654765.1	Mylopharyngodon piceus	City University of Hong Kong	PRJNA1102922	10.1038/s41597-025-04421-1	39863650	Chromosome-level genome assembly of black carp Mylopharyngodon piceus using Nanopore and Hi-C technologies.	high	bioproject_text
GCA_049864055.1	Mylopharyngodon piceus	Institute of Hydrobiology, Chinese Academy of Sciences	PRJNA889939	10.1038/s41597-025-04421-1	39863650	Chromosome-level genome assembly of black carp Mylopharyngodon piceus using Nanopore and Hi-C technologies.	low	organism_title
GCA_041684115.1	Parabramis pekinensis	marine	PRJNA1098362	10.1038/s41597-025-04821-3	40425610	Chromosome-level assemblies of the White bream Parabramis pekinensis.	medium	organism_title
GCA_040359625.1	Squaliobarbus curriculus	Qingdao Agricultural University	PRJNA973127	10.1038/s41597-024-04354-1	39741141	Chromosome-level genome assembly and annotation of Barbel chub Squaliobarbus curriculus.	low	organism_title
GCA_046118805.1	Squaliobarbus curriculus	South China Normal University	PRJNA1194739	10.1038/s41597-024-04354-1	39741141	Chromosome-level genome assembly and annotation of Barbel chub Squaliobarbus curriculus.	low	organism_title
GCA_022817975.1	Hypophthalmichthys molitrix	Chinese Academy of Science	PRJNA275180	10.1016/j.ygeno.2021.06.024	34153498	Chromosome-level assembly of the Hypophthalmichthys molitrix (Cypriniformes: Cyprinidae) genome provides insights into its ecological adaptation.	low	organism_title
GCA_037950675.1	Hypophthalmichthys molitrix	Institute of Hydrobiology, Chinese Academy of Sciences	PRJNA1090667	10.1093/database/baag035	42371860	Development of CypriSSR: a genome-wide, chromosome-level microsatellite database for multiple cyprinidae species.	high	assembly_name
GCA_041475455.1	Hypophthalmichthys molitrix	Yangtze River Fisheries Research Institute	PRJNA843190	10.3390/ani15192906	41096501	Population Genomic Survey of Hypophthalmichthys molitrix in the Yangtze River Basin: A RAD Sequencing Perspective.	low	organism_title
GCA_046563665.1	Hypophthalmichthys molitrix	Yangtze River Fisheries Research Institute	PRJNA843190	10.3390/ani15192906	41096501	Population Genomic Survey of Hypophthalmichthys molitrix in the Yangtze River Basin: A RAD Sequencing Perspective.	low	organism_title
GCA_019925145.1	Hypophthalmichthys nobilis	Chinese Academy of Sciences	PRJNA657698	10.3389/fgene.2021.728177	34552623	Updated Genome Assembly of Bighead Carp (Hypophthalmichthys nobilis) and Its Differences Between Male and Female on Genomic, Transcriptomic, and Methylation Level.	high	bioproject_text
GCA_037950665.1	Hypophthalmichthys nobilis	Institute of Hydrobiology, Chinese Academy of Sciences	PRJNA1090045	10.1093/database/baag035	42371860	Development of CypriSSR: a genome-wide, chromosome-level microsatellite database for multiple cyprinidae species.	high	assembly_name
GCA_040256225.1	Plagiognathops microlepis	Perl River Fisheries Research Institute Chinese Academy of Fishery Sciences	PRJNA1115916	10.1038/s41597-024-04105-2	39548126	Chromosome-level genome assembly of the smallscale yellowfin (Plagiognathops microlepis).	high	bioproject_text
GCA_024542945.1	allo-octoploid hybrid of Carassius auratus x Cyprinus carpio	Hunan Normal University	PRJNA764075	10.1186/s12915-022-01401-4	36100845	Symmetric subgenomes and balanced homoeolog expression stabilize the establishment of allopolyploidy in cyprinid fish.	medium	bioproject_text
GCA_049307565.1	Onychostoma macrolepis	Qingdao Agricultural University	PRJNA1212228	10.1038/s41597-025-05610-8	40804063	Achieving Chromosome-Level Genome Assembly of Onychostoma macrolepis with PacBio Sequencing and Hi-C Technologies.	high	bioproject_text
GCA_029620275.1	Acrossocheilus wenchowensis	Shanghai Ocean University	PRJNA786717	10.1038/s41597-026-06752-z	41688479	Near telomere-to-telomere diploid genome assembly of Acrossocheilus wenchowensis.	medium	organism_title
GCA_036784905.1	Acrossocheilus fasciatus	Shanghai Ocean University	PRJNA1045882	10.1038/s41597-024-03504-9	38906919	Chromosome-scale genome assemblies of sexually dimorphic male and female Acrossocheilus fasciatus.	high	bioproject_text
GCA_039880705.1	Acrossocheilus fasciatus	Shanghai Ocean University	PRJNA1049304	10.1038/s41597-024-03504-9	38906919	Chromosome-scale genome assemblies of sexually dimorphic male and female Acrossocheilus fasciatus.	high	bioproject_text
GCA_023376895.1	Aspiorhynchus laticeps	Institute of Oceanology, Chinese Academy of Sciences	PRJNA832538	10.1038/s41597-022-01671-1	36085327	Chromosomal-scale genome assembly of the near-extinction big-head schizothorcin (Aspiorhynchus laticeps).	medium	organism_title
GCA_049863035.1	Schizothorax curvilabiatus	Zhejiang Ocean University	PRJNA1240661	10.3390/genes16050491	40428313	The First Genome-Wide Survey Analysis of the Tibetan Plateau Tetraploid Schizothorax curvilabiatus Reveals Its Microsatellite Characteristics and Phylogenetic Relationships.	medium	organism_title
GCA_041051915.1	Schizothorax macropogon	Sun Yat-sen University	PRJNA1138304	10.1038/s41597-024-04266-0	39702420	A chromosome-level genome assembly of big-barbel schizothorcin, Schizothorax macropogon.	medium	organism_title
GCA_027422415.1	Schizothorax lantsangensis	Qinghai University	PRJNA893344	10.1038/s41597-026-06842-y	41702953	Genome sequencing and assembly of Neolissochilus pnar, the largest cavefish species of Mahseer.	low	bioproject_text
GCA_023566175.1	Barbus barbus	The Max Planck Institute of Molecular Cell Biology and Genetics	PRJNA798565	10.12688/wellcomeopenres.19332.1		The genome sequence of the barbel, Barbus barbus (Linnaeus, 1758)	low	organism_title
GCA_936440315.1	Barbus barbus	WELLCOME SANGER INSTITUTE	PRJEB52077	10.12688/wellcomeopenres.19332.1		The genome sequence of the barbel, Barbus barbus (Linnaeus, 1758)	low	organism_title
GCA_049638765.1	Procypris rabaudi	Southwest University	PRJNA1175827	10.1038/s41597-025-05066-w	40360522	The telomere-to-telomere genome assembly and annotation of the rock carp (Procypris rabaudi).	high	bioproject_text
GCA_023724075.1	Carassius gibelio	IGB Leibniz-Institute of Freshwater Ecology and Inland Fisheries	PRJNA779620	10.1007/s11427-020-1924-4	33948869	Genomic polymorphisms at the crhr2 locus improve feed conversion efficiency through alleviation of hypothalamus-pituitary-interrenal axis activity in gibel carp (Carassius gibelio).	low	organism_title
GCA_023724085.1	Carassius gibelio	IGB Leibniz-Institute of Freshwater Ecology and Inland Fisheries	PRJNA780759	10.1007/s11427-020-1924-4	33948869	Genomic polymorphisms at the crhr2 locus improve feed conversion efficiency through alleviation of hypothalamus-pituitary-interrenal axis activity in gibel carp (Carassius gibelio).	low	organism_title
GCA_043790415.1	Carassius gibelio	Anyang Institute of Technology	PRJNA1162167	10.64898/2026.05.30.728974		Achiasmatic meiosis underlies propagation of clonal genome and B chromosomes in hexaploid Carassius gibelio females but not males	low	organism_title
GCA_051308675.1	genome-reconstructed amphitriploid of Carassius gibelio, Carassius auratus, Carassius cuvieri	Institute of Hydrobiology, Chinese Academy of Sciences	PRJNA1189181	10.1002/advs.202506024	40641325	Manipulating Unisexual-Sexual Reproduction Transition to Engineer Genome-Reconstructed Polyploids.	low	organism_genus_title
GCA_049309305.1	Carassius cuvieri	Institute of Hydrobiology, Chinese Academy of Sciences	PRJNA1189180	10.1002/advs.202506024	40641325	Manipulating Unisexual-Sexual Reproduction Transition to Engineer Genome-Reconstructed Polyploids.	medium	bioproject_text
GCA_014332655.1	Carassius auratus	Fujian agriculture and forestry university	PRJNA561458	10.1073/pnas.2005545117	33139555	The evolutionary origin and domestication history of goldfish (Carassius auratus).	high	bioproject_text
GCA_027406505.1	Cyprinus carpio	The Max Planck Institute of Molecular Cell Biology and Genetics	PRJNA854351	10.1038/s41597-025-05927-4	41083452	A high-quality chromosome-level genome assembly of the common carp (Cyprinus carpio var. Xiangxi).	low	organism_title
GCA_051167465.1	Cyprinus carpio var. Xiangxi	Hunan Agricultural University	PRJNA1260663	10.1038/s41597-025-05927-4	41083452	A high-quality chromosome-level genome assembly of the common carp (Cyprinus carpio var. Xiangxi).	medium	organism_title
GCA_041296075.1	Ptychidio jordani	Pearl River Fisheries Research Institute, Chinese Academy of Fishery Sciences	PRJNA1137526	10.1038/s41597-024-04331-8	39725708	Chromosome-level genome assembly of the ratmouth barbel, Ptychidio jordani.	high	bioproject_text
GCA_040939985.1	Schizopygopsis younghusbandi	Wuhan Onemore-tech Co	PRJNA1080302	10.1111/1749-4877.12910	39350496	Chromosome-level genome assembly and population genomic analysis provide insights into the genetic diversity and adaption of Schizopygopsis younghusbandi on the Tibetan Plateau.	high	bioproject_text
GCA_027422435.1	Schizopygopsis pylzovi	Qinghai University	PRJNA893344	10.1038/s41597-026-06842-y	41702953	Genome sequencing and assembly of Neolissochilus pnar, the largest cavefish species of Mahseer.	low	bioproject_text
GCA_027474115.1	Schizopygopsis malacanthus	Qinghai University	PRJNA893344	10.1186/s12864-025-12065-z	41023589	Genomic-based revelation of genetic structure and adaptive characterization of Schizopygopsis malacanthus in the Jinsha River and Yalong River.	medium	organism_title
GCA_027422405.1	Ptychobarbus kaznakovi	Qinghai University	PRJNA893344	10.1038/s41597-026-06842-y	41702953	Genome sequencing and assembly of Neolissochilus pnar, the largest cavefish species of Mahseer.	low	bioproject_text
GCA_041504395.2	Diptychus maculatus	Institute of Oceanology, Chinese Academy of Sciences	PRJNA1127680	10.1038/s41597-026-07654-w	42323389	A chromosome-level genome assembly of the scaly osman Diptychus maculatus.	medium	organism_title
GCA_027564155.1	Gymnocypris eckloni scoliostomus	Institute of Hydrobiology, Chinese Academy of Sciences	PRJNA771798	10.1038/s41597-022-01595-w	35918339	Chromosome-level assembly of Gymnocypris eckloni genome.	medium	organism_title
GCA_049639465.1	Barbodes semifasciolatus	Chinese Academy of Fishery Science	PRJNA1202843	10.1038/s41597-025-05178-3	40442123	Haplotype resolved chromosome-level genome assembly of the gold barb (Barbodes semifasciolatus).	medium	organism_title
GCA_049639485.1	Barbodes semifasciolatus	Chinese Academy of Fishery Science	PRJNA1230084	10.1038/s41597-025-05178-3	40442123	Haplotype resolved chromosome-level genome assembly of the gold barb (Barbodes semifasciolatus).	medium	organism_title
GCA_039654775.1	Spinibarbus caldwelli	Xiamen University	PRJNA1098012	10.1038/s41597-024-03796-x	39198473	Chromosome-level genome assembly and annotation of the Spinibarbus caldwelli.	medium	organism_title
GCA_017165825.1	Hepsetus odoe	BGI	PRJNA625402	10.1101/2020.05.13.094987		Chromosome-level genome assembly of the African pike, Hepsetus odoe	medium	organism_title
GCA_023375835.1	Astyanax mexicanus	University of Missouri	PRJNA819394	10.1093/g3journal/jkae103	38771704	Astyanax mexicanus surface and cavefish chromosome-scale assemblies for trait variation discovery.	high	bioproject_text
GCA_023375845.1	Astyanax mexicanus	University of Missouri	PRJNA819399	10.1093/g3journal/jkae103	38771704	Astyanax mexicanus surface and cavefish chromosome-scale assemblies for trait variation discovery.	high	assembly_name
GCA_040208305.1	Piaractus mesopotamicus	UNR - CONICET	PRJNA754035	10.1007/s10499-024-01601-5		High-quality genome assembly and annotation of the pacu Piaractus mesopotamicus: an aquatic genetic resource of South American aquaculture	medium	organism_title
GCA_040893165.1	Apareiodon sp. CBSF_female_01	Universidade Federal do Parana	PRJNA1035550	10.1590/1678-4685-gmb-2024-0098	39392722	The long-read assembly of Apareiodon sp., a neotropical fish with a ZZ/ZW sex chromosome system.	medium	organism_title
GCA_050231285.1	Pterygoplichthys pardalis	xi'an medical university	PRJNA1165483	10.1038/s41597-025-05273-5	40595666	Chromosome-level genome assembly and annotation of Pterygoplichthys pardalis.	high	bioproject_text
GCA_946808225.1	Silurus aristotelis	WELLCOME SANGER INSTITUTE	PRJEB55686	10.12688/wellcomeopenres.24800.1		The genome sequence of Aristotle’s catfish, Silurus aristotelis Garman, 1890 (Siluriformes: Siluridae)	medium	organism_title
GCA_048932625.1	Chimarrichthys kishinouyei	Huazhong Agricultural University	PRJNA1196141	10.1038/s41597-025-05068-8	40335534	Telomere-to-telomere gap-free genome assembly of Euchiloglanis kishinouyei.	high	bioproject_text
GCA_024760905.1	Plotosus lineatus	Southwest University	PRJNA720277	10.24272/j.issn.2095-8137.2022.387	36849790	Genome of striped eel catfish ( Plotosus lineatus) provides insights into the adaptive evolution of amphidromous fish.	medium	organism_title
GCA_023630585.1	Cranoglanis bouderius	Southwest University	PRJNA720277	10.3389/fgene.2022.962406	36035162	A chromosome-level genome of the helmet catfish (Cranoglanis bouderius).	low	organism_title
GCA_026119655.1	Cranoglanis bouderius	Shou(SHANGHAI OCEAN UNIVERSITY)	PRJNA874211	10.3390/ijms232415840	36555482	Gonadal Transcriptome Analysis and Sequence Characterization of Sex-Related Genes in Cranoglanis bouderius.	high	bioproject_text
GCA_030522415.1	Channallabes apus	The Max Planck Institute of Molecular Cell Biology and Genetics	PRJNA834615	10.1186/s12915-023-01661-8	37525196	Expanded olfactory system in ray-finned fishes capable of terrestrial exploration.	low	bioproject_text
GCA_024256435.1	Clarias gariepinus	Leibniz Institute for Farm Animal Biology (FBN)	PRJNA820763	10.1038/s41597-024-03906-9	39375414	Haplotype-resolved and near-T2T genome assembly of the African catfish (Clarias gariepinus).	low	organism_title
GCA_024256465.1	Clarias gariepinus	Leibniz Institute for Farm Animal Biology (FBN)	PRJNA820764	10.1038/s41597-024-03906-9	39375414	Haplotype-resolved and near-T2T genome assembly of the African catfish (Clarias gariepinus).	low	organism_title
GCA_048129225.1	Clarias gariepinus	KASETSART UNIVERSITY, Faculty of Science, Department of Genetics, Animal Genomics and Bioresource	PRJNA1208534	10.1038/s41597-024-03906-9	39375414	Haplotype-resolved and near-T2T genome assembly of the African catfish (Clarias gariepinus).	low	organism_title
GCA_030347435.1	Clarias fuscus	Guangdong Ocean University	PRJNA822706	10.1186/s12864-023-09394-2	37254055	A chromosome-level genome assembly of Hong Kong catfish (Clarias fuscus) uncovers a sex-determining region.	medium	organism_title
GCA_046453815.1	Clarias fuscus	Guangdong Ocean University	PRJNA1153765	10.1038/s41597-025-04523-w	39893196	An improved chromosome-level genome assembly and annotation of Hong Kong catfish (Clarias fuscus).	medium	organism_title
GCA_041682065.1	Clarias dussumieri	ICAR-Consortium Research Platform on Genomics	PRJNA841781	10.1038/s41597-024-04272-2	39702573	Genome sequencing and assembly of near threatened Clarias dussumieri (Valenciennes, 1840), an endemic catfish of peninsular India.	medium	organism_title
GCA_041146805.1	Leiocassis longirostris	Perl River Fisheries Research Institute, Chinese Academy of Fishery Sciences	PRJNA1116620	10.1016/j.ygeno.2025.111157	41270877	Construction of a genome-wide linkage map and QTL mapping for growth and hypoxia tolerance traits in Chinese longsnout catfish (Leiocassis longirostris).	medium	organism_title
GCA_004006655.3	Ictalurus punctatus	Auburn University	PRJNA427343	10.1186/s12915-019-0627-7	30683095	The Y chromosome sequence of the channel catfish suggests novel sex determination mechanisms in teleost fish.	medium	bioproject_text
GCA_016801045.1	Pangasianodon hypophthalmus	BGI Marine	PRJNA669124	10.1016/j.ygeno.2021.07.026	34343676	A chromosome-level genome assembly of the striped catfish (Pangasianodon hypophthalmus).	low	organism_title
GCA_051225775.1	Pangasianodon hypophthalmus	Perl River Fisheries Research Institute, Chinese Academy of Fishery Sciences	PRJNA1240857	10.1038/s41597-025-06161-8	41315526	A telomere-to-telomere gap-free genome assembly of the striped catfish (Pangasianodon hypophthalmus).	low	organism_title
GCA_037577455.1	Pangasius macronema	GenoFish	PRJNA795327	10.1038/s41597-025-06445-z	41402319	A chromosome-level reference genome assembly of the giant pangasius (Pangasius sanitwongsei).	low	organism_genus_title
GCA_037577785.1	Pangasius conchophilus	GenoFish	PRJNA795327	10.1038/s41597-025-06445-z	41402319	A chromosome-level reference genome assembly of the giant pangasius (Pangasius sanitwongsei).	low	organism_genus_title
GCA_037577625.1	Pangasius bocourti	GenoFish	PRJNA795327	10.1038/s41597-025-06445-z	41402319	A chromosome-level reference genome assembly of the giant pangasius (Pangasius sanitwongsei).	low	organism_genus_title
GCA_037576815.1	Pangasius larnaudii	GenoFish	PRJNA795327	10.1038/s41597-025-06445-z	41402319	A chromosome-level reference genome assembly of the giant pangasius (Pangasius sanitwongsei).	low	organism_genus_title
GCA_037576675.1	Pangasius sanitwongsei	GenoFish	PRJNA795327	10.1038/s41597-025-06445-z	41402319	A chromosome-level reference genome assembly of the giant pangasius (Pangasius sanitwongsei).	low	organism_title
GCA_051225755.1	Pangasius sanitwongsei	Perl River Fisheries Research Institute, Chinese Academy of Fishery Sciences	PRJNA1240856	10.1038/s41597-025-06445-z	41402319	A chromosome-level reference genome assembly of the giant pangasius (Pangasius sanitwongsei).	low	organism_title
GCA_037576825.1	Pangasius krempfi	GenoFish	PRJNA795327	10.1038/s41597-025-06445-z	41402319	A chromosome-level reference genome assembly of the giant pangasius (Pangasius sanitwongsei).	low	organism_genus_title
GCA_036250545.1	Electrophorus electricus	Center for Ecological and Environmental Sciences	PRJNA592729	10.1093/gigascience/giaf024	40167991	Telomere-to-telomere genome assembly of Electrophorus electricus provides insights into the evolution of electric eels.	high	bioproject_text
GCA_041902795.1	Electrophorus electricus	Center for Ecological and Environmental Sciences	PRJNA1141219	10.1093/gigascience/giaf024	40167991	Telomere-to-telomere genome assembly of Electrophorus electricus provides insights into the evolution of electric eels.	high	bioproject_text
GCA_051122235.1	Dasyurus viverrinus	La Trobe University	PRJNA1209419	10.1038/s42003-024-06251-0	38796620	Genome of the endangered eastern quoll (Dasyurus viverrinus) reveals signatures of historical decline and pelage color evolution.	low	organism_title
GCA_051122245.1	Dasyurus viverrinus	La Trobe University	PRJNA1209418	10.1038/s42003-024-06251-0	38796620	Genome of the endangered eastern quoll (Dasyurus viverrinus) reveals signatures of historical decline and pelage color evolution.	low	organism_title
GCA_048593245.1	Dasyurus maculatus	University of Connecticut	PRJNA1235414	10.1038/s42003-024-06251-0	38796620	Genome of the endangered eastern quoll (Dasyurus viverrinus) reveals signatures of historical decline and pelage color evolution.	low	organism_genus_title
GCA_048593285.1	Dasyurus maculatus	University of Connecticut	PRJNA1235415	10.1038/s42003-024-06251-0	38796620	Genome of the endangered eastern quoll (Dasyurus viverrinus) reveals signatures of historical decline and pelage color evolution.	low	organism_genus_title
GCA_028749965.4	Puma concolor	UCLA	PRJNA887114	10.1093/jhered/esae063	39506490	A chromosome-level genome assembly of the mountain lion, Puma concolor.	medium	organism_title
GCA_028749985.4	Puma concolor	UCLA	PRJNA887115	10.1093/jhered/esae063	39506490	A chromosome-level genome assembly of the mountain lion, Puma concolor.	medium	organism_title
GCA_028564725.2	Otocolobus manul	University of Minnnesota	PRJNA885133	10.1093/nargab/lqad033	37025970	Chromosome-level, nanopore-only genome and allele-specific DNA methylation of Pallas's cat, Otocolobus manul.	high	bioproject_text
GCA_019924945.1	Felis chaus	Texas A&M University	PRJNA686007	10.1093/molbev/msab274	34519828	Rapid Macrosatellite Evolution Promotes X-Linked Hybrid Male Sterility in a Feline Interspecies Cross.	medium	bioproject_text
GCA_032458615.1	Felis nigripes	Shaanxi Normal University	PRJNA955150	10.1073/pnas.2310763120	38165928	The genome of the black-footed cat: Revealing a rich natural history and urgent conservation priorities for small felids.	high	bioproject_text
GCA_000003115.1	Felis catus	NHGRI/Genome Technology Branch	PRJNA32759	10.1073/pnas.1115346109	22308384	Ancestral capture of syncytin-Car1, a fusogenic endogenous retroviral envelope gene involved in placentation and conserved in Carnivora.	medium	assembly_name
GCA_013340865.2	Felis catus	NIG	PRJDB9879	10.1590/0074-02760210375	35544862	First report and genome sequencing of SARS-CoV-2 in a cat (Felis catus) in Colombia.	low	organism_title
GCA_030324275.1	Neofelis nebulosa	Shaanxi Normal University	PRJNA914225	10.1093/gbe/evaf060	40171701	Parameterizing Pantherinae: De Novo Mutation Rate Estimates from Panthera and Neofelis Pedigrees.	high	assembly_name
GCA_048603155.1	Panthera uncia	Institute of Zoology, Chinese Academy of Sciences	PRJNA1234234	10.1093/jhered/esaf046	40632105	A chromosome-level genome assembly of the snow leopard, Panthera uncia.	low	organism_title
GCA_051942995.1	Panthera uncia	University of Veterinary Sciences Brno	PRJNA1186083	10.1093/jhered/esaf046	40632105	A chromosome-level genome assembly of the snow leopard, Panthera uncia.	low	organism_title
GCA_008795835.1	Panthera leo	Stanford University	PRJNA556895	10.1186/s12915-019-0734-5	31915011	Long live the king: chromosome-level assembly of the lion (Panthera leo) using linked-read, Hi-C, and long-read data.	high	assembly_name
GCA_046562875.2	Panthera onca	Genomics of Brazilian Biodiversity	PRJNA1180586	10.1186/s12863-026-01455-1	42323592	Chromosome-level assembly and annotation of the Jaguar (Panthera onca) genome.	low	organism_title
GCA_046562885.2	Panthera onca	Genomics of Brazilian Biodiversity	PRJNA1180582	10.1186/s12863-026-01455-1	42323592	Chromosome-level assembly and annotation of the Jaguar (Panthera onca) genome.	low	organism_title
GCA_965177595.1	Panthera onca	Centro Nacional de Análisis Genómico		10.1186/s12863-026-01455-1	42323592	Chromosome-level assembly and annotation of the Jaguar (Panthera onca) genome.	low	organism_title
GCA_024034525.1	Panthera tigris	Stanford University	PRJNA770127	10.1093/g3journal/jkac277	36250809	Genome report: chromosome-level draft assemblies of the snow leopard, African leopard, and tiger (Panthera uncia, Panthera pardus pardus, and Panthera tigris).	high	bioproject_text
GCA_922984935.2	Meles meles	WELLCOME SANGER INSTITUTE	PRJEB49353	10.12688/wellcomeopenres.18230.1		The genome sequence of the European badger, Meles meles (Linnaeus, 1758)	medium	organism_title
GCA_964106205.1	Neogale vison	WELLCOME SANGER INSTITUTE	PRJEB76008	10.12688/wellcomeopenres.23780.2	41098172	The genome sequence of the American mink, Neogale vison (Schreber, 1777).	high	assembly_name
GCA_964106545.1	Neogale vison	WELLCOME SANGER INSTITUTE	PRJEB76007	10.12688/wellcomeopenres.23780.2	41098172	The genome sequence of the American mink, Neogale vison (Schreber, 1777).	high	assembly_name
GCA_964662115.1	Mustela nivalis	WELLCOME SANGER INSTITUTE	PRJEB83720	10.12688/wellcomeopenres.24862.1		The genome sequence of the least weasel, Mustela nivalis Linnaeus, 1766 (Carnivora: Mustelidae)	low	organism_title
GCA_964264385.1	Mustela lutreola	Genoscope CEA	PRJEB78554	10.3390/ijms241914816	37834264	Prioritizing Endangered Species in Genome Sequencing: Conservation Genomics in Action with the First Platinum-Standard Reference-Quality Genome of the Critically Endangered European Mink Mustela lutreola L., 1761.	low	organism_title
GCA_963455335.1	Martes martes	WELLCOME SANGER INSTITUTE	PRJEB65998	10.12688/wellcomeopenres.22458.1	39233901	The genome sequence of the European pine marten, Martes martes (Linnaeus, 1758).	high	assembly_name
GCA_029410595.1	Martes flavigula	Qufu Normal University	PRJNA876626	10.1038/s41597-023-02120-3	37069236	A chromosome-level genome assembly of the yellow-throated marten (Martes flavigula).	low	organism_title
GCA_964304585.1	Martes foina	Centro Nacional de Análisis Genómico	PRJEB77830	10.1093/jhered/esaf001	39879552	Chromosome-length genome assembly of the stone marten (Martes foina, Mustelidae): A new view on one of the cornerstones in carnivore cytogenetics.	low	organism_title
GCA_032313775.1	Urocyon cinereoargenteus	Washington State University	PRJNA1005958	10.1093/g3journal/jkae034	38366575	Chromosome-level assembly of the gray fox (Urocyon cinereoargenteus) confirms the basal loss of PRDM9 in Canidae.	high	bioproject_text
GCA_034620435.1	Canis lupus	Texas A&M University	PRJNA953635	10.1093/jhered/esae013	38416051	The value of hybrid genomes: Building two highly contiguous reference genome assemblies to advance Canis genomic studies.	high	bioproject_text
GCA_905319855.2	Canis lupus	WELLCOME SANGER INSTITUTE	PRJEB43200	10.12688/wellcomeopenres.17332.1	34926833	The genome sequence of the grey wolf, Canis lupus Linnaeus 1758.	high	bioproject_text
GCA_012295265.2	Canis lupus dingo	University of New South Wales	PRJNA613141	10.1093/jhered/esae013	38416051	The value of hybrid genomes: Building two highly contiguous reference genome assemblies to advance Canis genomic studies.	high	assembly_name
GCA_004886185.2	Canis lupus familiaris	University of Missouri	PRJNA512874	10.1186/s12864-021-07493-6	33726677	Chromosome-length genome assembly and structural variations of the primal Basenji dog (Canis lupus familiaris) genome.	low	organism_title
GCA_012044875.1	Canis lupus familiaris	JHU/APL	PRJNA610230	10.26508/lsa.202000902	33514656	A novel canis lupus familiaris reference genome improves variant resolution for use in breed-specific GWAS.	high	bioproject_text
GCA_012045015.1	Canis lupus familiaris	JHU/APL	PRJNA610232	10.26508/lsa.202000902	33514656	A novel canis lupus familiaris reference genome improves variant resolution for use in breed-specific GWAS.	high	bioproject_text
GCA_013276365.2	Canis lupus familiaris	University of New South Wales	PRJNA612738	10.1093/jhered/esae013	38416051	The value of hybrid genomes: Building two highly contiguous reference genome assemblies to advance Canis genomic studies.	high	assembly_name
GCA_031010295.1	Canis lupus familiaris	University of Michigan	PRJNA886700	10.1093/jhered/esae013	38416051	The value of hybrid genomes: Building two highly contiguous reference genome assemblies to advance Canis genomic studies.	high	assembly_name
GCA_031010635.1	Canis lupus familiaris	University of Michigan	PRJNA886700	10.1093/g3journal/jkad203	37681359	Genome-wide methylation patterns from canine nanopore assemblies.	medium	bioproject_text
GCA_031010765.1	Canis lupus familiaris	University of Michigan	PRJNA886700	10.1093/jhered/esae013	38416051	The value of hybrid genomes: Building two highly contiguous reference genome assemblies to advance Canis genomic studies.	high	assembly_name
GCA_031165255.1	Canis lupus familiaris	University of Michigan	PRJNA984662	10.1093/jhered/esae013	38416051	The value of hybrid genomes: Building two highly contiguous reference genome assemblies to advance Canis genomic studies.	high	assembly_name
GCA_044048985.1	Canis lupus familiaris	LyuKang	PRJNA1138270	10.1186/s12864-023-09655-0	37828501	CanISO: a database of genomic and transcriptomic variations in domestic dog (Canis lupus familiaris).	low	organism_title
GCA_964162815.1	Canis lupus familiaris	The Waltham Centre for Pet Nutrition, Leicestershire, England	PRJEB34360	10.1186/s12864-023-09655-0	37828501	CanISO: a database of genomic and transcriptomic variations in domestic dog (Canis lupus familiaris).	low	organism_title
GCA_964164975.1	Canis lupus familiaris	The Waltham Centre for Pet Nutrition, Leicestershire, England	PRJEB34360	10.1186/s12864-023-09655-0	37828501	CanISO: a database of genomic and transcriptomic variations in domestic dog (Canis lupus familiaris).	low	organism_title
GCA_034620425.1	Canis latrans	Texas A&M University	PRJNA953635	10.1093/jhered/esae013	38416051	The value of hybrid genomes: Building two highly contiguous reference genome assemblies to advance Canis genomic studies.	high	bioproject_text
GCA_964106825.2	Vulpes vulpes	WELLCOME SANGER INSTITUTE	PRJEB75990	10.12688/wellcomeopenres.23516.1	39990997	The genome sequence of the red fox, Vulpes vulpes (Linnaeus, 1758).	high	assembly_name
GCA_964106925.2	Vulpes vulpes	WELLCOME SANGER INSTITUTE	PRJEB75989	10.12688/wellcomeopenres.23516.1	39990997	The genome sequence of the red fox, Vulpes vulpes (Linnaeus, 1758).	high	assembly_name
GCA_050926205.1	Vulpes vulpes montana	Qufu Normal University	PRJNA1011442	10.1038/s42003-025-08450-9	40681668	The Vulpes vulpes montana genome provides insights into high-altitude adaptation mechanisms of the Vulpes species.	high	bioproject_text
GCA_023065765.1	Hexaprotodon liberiensis	northwestern polytechnology university	PRJNA780357	10.1038/s41421-022-00483-2	36539412	Progressive evolution of secondary aquatic adaptation in hippos and cetaceans.	medium	bioproject_text
GCA_023065835.1	Hippopotamus amphibius	northwestern polytechnology university	PRJNA780357	10.1038/s41421-022-00483-2	36539412	Progressive evolution of secondary aquatic adaptation in hippos and cetaceans.	medium	bioproject_text
GCA_964270905.1	Leucopleurus acutus	WELLCOME SANGER INSTITUTE	PRJEB80626	10.12688/wellcomeopenres.25421.1	42116831	The genome sequence of the Atlantic white-sided dolphin, Leucopleurus acutus (Gray, 1828) (Artiodactyla: Delphinidae).	high	assembly_name
GCA_964374135.1	Grampus griseus	WELLCOME SANGER INSTITUTE	PRJEB82944	10.12688/wellcomeopenres.24752.1	41024935	The genome sequence of Risso's dolphin, Grampus griseus (G.Cuvier, 1812) (Artiodactyla: Delphinidae).	high	assembly_name
GCA_030062865.2	Delphinus delphis	First Institute of Oceanography, Ministry of Natural Resources	PRJNA903213	10.1186/s12864-024-10268-4	38627659	Chromosome-level genome provides insights into environmental adaptability and innate immunity in the common dolphin (delphinus delphis).	high	bioproject_text
GCA_951394435.1	Stenella coeruleoalba	WELLCOME SANGER INSTITUTE	PRJEB62076	10.12688/wellcomeopenres.23374.1	39811706	The genome sequence of the striped dolphin, Stenella coeruleoalba (Meyen, 1833).	high	assembly_name
GCA_026225855.1	Neophocaena sunameri	Freshwater Fisheries Research Center, Chinese Academy of Fishery Sciences	PRJNA859258	10.1093/gigascience/giae067	39283687	Telomere-to-telomere gap-free genome assembly of the endangered Yangtze finless porpoise and East Asian finless porpoise.	high	bioproject_text
GCA_949752795.1	Hyperoodon ampullatus	WELLCOME SANGER INSTITUTE	PRJEB60895	10.12688/wellcomeopenres.22743.1	39649623	The genome sequence of the Northern Bottlenose Whale, Hyperoodon ampullatus (Forster, 1770).	high	assembly_name
GCA_964148845.1	Mesoplodon bidens	WELLCOME SANGER INSTITUTE	PRJEB76217	10.12688/wellcomeopenres.27270.1		The genome sequence of the Sowerby’s Beaked Whale, Mesoplodon bidens (Sowerby, 1804) (Artiodactyla: Ziphiidae)	medium	organism_title
GCA_964165515.1	Mesoplodon bidens	WELLCOME SANGER INSTITUTE	PRJEB76218	10.12688/wellcomeopenres.27270.1		The genome sequence of the Sowerby’s Beaked Whale, Mesoplodon bidens (Sowerby, 1804) (Artiodactyla: Ziphiidae)	medium	organism_title
GCA_964341445.1	Mesoplodon mirus	WELLCOME SANGER INSTITUTE	PRJEB82817	10.12688/wellcomeopenres.25413.1	41625987	The genome sequence of True's beaked whale, Mesoplodon mirus True, 1913 (Artiodactyla: Ziphiidae).	high	assembly_name
GCA_965194805.1	Balaenoptera borealis	WELLCOME SANGER INSTITUTE	PRJEB86465	10.12688/wellcomeopenres.25411.1		The genome sequence of the sei whale, Balaenoptera borealis (Lesson, 1828) (Artiodactyla: Balaenopteridae)	medium	organism_title
GCA_965194825.1	Balaenoptera physalus	WELLCOME SANGER INSTITUTE	PRJEB86467	10.12688/wellcomeopenres.25412.1	41657664	The genome sequence of the fin whale, Balaenoptera physalus (Linnaeus, 1758) (Artiodactyla: Balaenopteridae).	high	assembly_name
GCA_002844635.1	Sus scrofa	USDA ARS	PRJNA392765	10.1093/gigascience/giaa051	32543654	An improved pig reference genome sequence to enable pig genetics and genomics research.	medium	assembly_name
GCA_015776825.1	Sus scrofa	China Agricultural University	PRJNA645268	10.1038/s41597-025-05945-2	41115900	A high-quality chromosome-level genome assembly and annotation of Anqing Six-end-white pig (Sus scrofa).	low	organism_title
GCA_023065335.1	Sus scrofa	Jiangxi Agricultural University	PRJNA822359	10.1038/s41597-025-05945-2	41115900	A high-quality chromosome-level genome assembly and annotation of Anqing Six-end-white pig (Sus scrofa).	low	organism_title
GCA_023065355.1	Sus scrofa	Jiangxi Agricultural University	PRJNA822359	10.1038/s41597-025-05945-2	41115900	A high-quality chromosome-level genome assembly and annotation of Anqing Six-end-white pig (Sus scrofa).	low	organism_title
GCA_030704935.1	Sus scrofa	Northwest A&F University	PRJNA850464	10.1038/s41597-025-05945-2	41115900	A high-quality chromosome-level genome assembly and annotation of Anqing Six-end-white pig (Sus scrofa).	low	organism_title
GCA_031225015.1	Sus scrofa	The Pirbright Institute	PRJNA1009406	10.1101/2023.10.04.560872		A highly-contiguous genome assembly of the inbred Babraham pig ( Sus scrofa ) quantifies breed homozygosity and illuminates porcine immunogenetic variation	high	assembly_name
GCA_031306245.1	Sus scrofa	Konkuk University	PRJNA967127	10.1038/s41597-025-05945-2	41115900	A high-quality chromosome-level genome assembly and annotation of Anqing Six-end-white pig (Sus scrofa).	low	organism_title
GCA_037447515.1	Sus scrofa	Sichuan Agricultural University	PRJNA947797	10.1038/s41597-025-05945-2	41115900	A high-quality chromosome-level genome assembly and annotation of Anqing Six-end-white pig (Sus scrofa).	low	organism_title
GCA_039654815.1	Sus scrofa	Konkuk University	PRJNA1104148	10.1038/s41597-024-03680-8	39097649	A chromosome-level genome assembly of the Korean minipig (Sus scrofa).	high	bioproject_text
GCA_040869115.1	Sus scrofa	Northwest A&F University	PRJNA972530	10.1038/s41597-025-05945-2	41115900	A high-quality chromosome-level genome assembly and annotation of Anqing Six-end-white pig (Sus scrofa).	low	organism_title
GCA_041937265.1	Sus scrofa	Yunnan Agricultural University	PRJNA1147459	10.1038/s41597-025-05945-2	41115900	A high-quality chromosome-level genome assembly and annotation of Anqing Six-end-white pig (Sus scrofa).	low	organism_title
GCA_044906105.1	Sus scrofa	Northwest A&F University	PRJNA972837	10.1038/s41597-025-05945-2	41115900	A high-quality chromosome-level genome assembly and annotation of Anqing Six-end-white pig (Sus scrofa).	low	organism_title
GCA_044906185.1	Sus scrofa	Northwest A&F University College of Animal Science and Technology	PRJNA980441	10.1038/s41597-025-05945-2	41115900	A high-quality chromosome-level genome assembly and annotation of Anqing Six-end-white pig (Sus scrofa).	low	organism_title
GCA_046128825.1	Sus scrofa	ICAR National Research Centre on Pig	PRJNA1126026	10.1038/s41597-025-05945-2	41115900	A high-quality chromosome-level genome assembly and annotation of Anqing Six-end-white pig (Sus scrofa).	low	organism_title
GCA_049999145.1	Sus scrofa	Sichuan Agricultural University	PRJNA1081681	10.1038/s41597-025-05945-2	41115900	A high-quality chromosome-level genome assembly and annotation of Anqing Six-end-white pig (Sus scrofa).	low	organism_title
GCA_050231125.1	Sus scrofa	Anhui Academy of Agricultural	PRJNA1244269	10.1038/s41597-025-05945-2	41115900	A high-quality chromosome-level genome assembly and annotation of Anqing Six-end-white pig (Sus scrofa).	low	organism_title
GCA_900119615.2	Sus scrofa	SC	PRJEB2923	10.1038/s41597-025-05945-2	41115900	A high-quality chromosome-level genome assembly and annotation of Anqing Six-end-white pig (Sus scrofa).	low	organism_title
GCA_963921485.1	Sus scrofa	NORWEGIAN UNIVERSITY OF LIFE SCIENCES	PRJEB71670	10.1038/s41597-025-05945-2	41115900	A high-quality chromosome-level genome assembly and annotation of Anqing Six-end-white pig (Sus scrofa).	low	organism_title
GCA_006511355.2	Sus scrofa scrofa	University of Messina	PRJNA418771	10.1186/s12711-024-00930-6	39285356	A comprehensive atlas of nuclear sequences of mitochondrial origin (NUMT) inserted into the pig genome.	medium	assembly_name
GCA_041729645.1	Sus scrofa scrofa	China Agricultural University	PRJNA1147173	10.1038/s41597-025-05945-2	41115900	A high-quality chromosome-level genome assembly and annotation of Anqing Six-end-white pig (Sus scrofa).	low	organism_title
GCA_020567905.1	Sus scrofa domesticus	Hunan Agricultural university	PRJNA531381	10.3390/genes13050746	35627131	Spatiotemporal Regulation of Circular RNA Expression during Liver Development of Chinese Indigenous Ningxiang Pigs.	low	bioproject_text
GCA_036785785.1	Camelus bactrianus	Shanghai Jiao Tong University	PRJNA991267	10.3390/ijms25147836	39063078	Whole-Genome Resequencing Analysis of the Camelus bactrianus (Bactrian Camel) Genome Identifies Mutations and Genes Affecting Milk Production Traits.	low	organism_title
GCA_049115385.1	Moschus berezovskii	Northwest A & F University	PRJNA1229879	10.1186/s12864-025-12451-7	41430099	Genome-wide identification and expression analysis of Wnt gene family in the forest musk deer (Moschus berezovskii) under musk secretion stage.	medium	organism_title
GCA_020226075.1	Hydropotes inermis	Northwestern Polytechnical University	PRJNA640966	10.1038/s41467-021-27091-0	34824214	Molecular mechanisms and topological consequences of drastic chromosomal rearrangements of muntjac deer.	low	bioproject_text
GCA_020226055.1	Muntiacus crinifrons	Northwestern Polytechnical University	PRJNA640966	10.1038/s41467-021-27091-0	34824214	Molecular mechanisms and topological consequences of drastic chromosomal rearrangements of muntjac deer.	low	bioproject_text
GCA_020276665.1	Muntiacus crinifrons	Northwestern Polytechnical University	PRJNA640966	10.1038/s41467-021-27091-0	34824214	Molecular mechanisms and topological consequences of drastic chromosomal rearrangements of muntjac deer.	low	bioproject_text
GCA_020226045.1	Muntiacus reevesi	Northwestern Polytechnical University	PRJNA640966	10.12688/wellcomeopenres.22608.1	39345346	The genome sequence of Reeves' muntjac, Muntiacus reevesi (Ogilby, 1839).	low	organism_title
GCA_039877825.1	Muntiacus vaginalis	Hainan University	PRJNA1090610	10.1038/s41597-024-04167-2	39702366	A haplotype-resolved and chromosome-scale genome assembly of Hainan muntjac (Muntiacus nigripes).	high	bioproject_text
GCA_046563475.2	Cervus albirostris	Northwest Institute of Plateau Biology, Chinese Academy of Sciences	PRJNA1117347	10.1038/s41597-025-06122-1	41261104	High-quality chromosome-scale genome assembly and annotation of Taohongling Sika deer (Cervus nippon kopschi).	low	organism_genus_title
GCA_034195675.1	Cervus nippon	Northwestern Polytechnical University	PRJNA831044	10.1038/s41597-025-06122-1	41261104	High-quality chromosome-scale genome assembly and annotation of Taohongling Sika deer (Cervus nippon kopschi).	low	organism_title
GCA_038088365.1	Cervus nippon	northwestern polytechnology university	PRJNA1056557	10.1038/s41597-025-06122-1	41261104	High-quality chromosome-scale genome assembly and annotation of Taohongling Sika deer (Cervus nippon kopschi).	low	organism_title
GCA_040085125.1	Cervus nippon	Northeast Forestry University	PRJNA1049140	10.1038/s41597-025-06122-1	41261104	High-quality chromosome-scale genome assembly and annotation of Taohongling Sika deer (Cervus nippon kopschi).	low	organism_title
GCA_052324755.1	Cervus nippon kopschi	Jiangxi Agricultural University	PRJNA1303587	10.1038/s41597-025-06122-1	41261104	High-quality chromosome-scale genome assembly and annotation of Taohongling Sika deer (Cervus nippon kopschi).	medium	organism_title
GCA_020976825.1	Odocoileus hemionus	Brigham Young University	PRJNA752226	10.46471/gigabyte.34	36824347	De novo chromosome-length assembly of the mule deer (Odocoileus hemionus) genome.	medium	bioproject_text
GCA_018282365.1	Bos taurus x Bison bison	USDA ARS	PRJNA677946	10.1093/jhered/esab002	33438035	A Reference Genome Assembly of Simmental Cattle, Bos taurus taurus.	high	bioproject_text
GCA_018282465.1	Bos taurus x Bison bison	USDA ARS	PRJNA677947	10.1093/jhered/esab002	33438035	A Reference Genome Assembly of Simmental Cattle, Bos taurus taurus.	high	assembly_name
GCA_946052875.1	Bos gaurus x Bos taurus	ETH ZURICH	PRJEB48481	10.1038/s41467-022-30680-2	35641504	Structural variant-based pangenome construction has low sensitivity to variability of haplotype-resolved bovine assemblies.	medium	bioproject_text
GCA_003369685.2	Bos indicus x Bos taurus	University of Adelaide	PRJNA432857	10.1038/s41467-020-15848-y	32350247	Haplotype-resolved genomes provide insights into structural variation and gene content in Angus and Brahman cattle.	medium	assembly_name
GCA_009493645.1	Bos grunniens x Bos taurus	University of Nebraska - Lincoln	PRJNA551500	10.12688/f1000research.25803.2	33163159	Using triallelic SNPs for determining parentage in North American yak ( Bos grunniens) and estimating cattle ( B. taurus) introgression.	high	assembly_name
GCA_009493655.1	Bos grunniens x Bos taurus	University of Nebraska - Lincoln	PRJNA552915	10.12688/f1000research.25803.2	33163159	Using triallelic SNPs for determining parentage in North American yak ( Bos grunniens) and estimating cattle ( B. taurus) introgression.	medium	bioproject_text
GCA_002968435.1	Bos mutus	Institute of Bioinformatics and Applied Biotechnology	PRJNA435474	10.1186/s12864-020-6598-9	32131721	Insight into unique somitogenesis of yak (Bos grunniens) with one additional thoracic vertebra.	medium	bioproject_text
GCA_014182915.2	Bos gaurus	USDA, ARS, USMARC	PRJNA325061	10.12688/f1000research.25803.2	33163159	Using triallelic SNPs for determining parentage in North American yak ( Bos grunniens) and estimating cattle ( B. taurus) introgression.	medium	bioproject_text
GCA_021234555.1	Bos taurus	USDA ARS	PRJNA667556	10.1038/s41597-023-02453-z	37612339	Chromosome-level genome assembly of Korean native cattle and pangenome graph of 14 Bos taurus assemblies.	high	assembly_name
GCA_021347905.1	Bos taurus	USDA ARS	PRJNA668863	10.1038/s41597-023-02453-z	37612339	Chromosome-level genome assembly of Korean native cattle and pangenome graph of 14 Bos taurus assemblies.	high	assembly_name
GCA_030378505.1	Bos taurus	Bovine Pangenome Consortium	PRJNA391427	10.1038/s41597-026-07794-z	42608408	A High-Quality Haplotype-Resolved Reference Genome for Drakensberger Cattle (Bos taurus indicus/taurus) Achieved Through Trio-Binned Long-Read Sequencing.	low	organism_title
GCA_034097375.1	Bos taurus	Yunnan Agricultural University	PRJNA978937	10.1038/s41597-026-07794-z	42608408	A High-Quality Haplotype-Resolved Reference Genome for Drakensberger Cattle (Bos taurus indicus/taurus) Achieved Through Trio-Binned Long-Read Sequencing.	low	organism_title
GCA_039881175.1	Bos taurus	Northwest A&F University	PRJNA810300	10.1038/s41597-026-07794-z	42608408	A High-Quality Haplotype-Resolved Reference Genome for Drakensberger Cattle (Bos taurus indicus/taurus) Achieved Through Trio-Binned Long-Read Sequencing.	low	organism_title
GCA_040285425.1	Bos taurus	University of Adelaide	PRJNA1117662	10.1038/s41597-026-07794-z	42608408	A High-Quality Haplotype-Resolved Reference Genome for Drakensberger Cattle (Bos taurus indicus/taurus) Achieved Through Trio-Binned Long-Read Sequencing.	low	organism_title
GCA_040286185.1	Bos taurus	University of Adelaide	PRJNA1117663	10.1038/s41597-026-07794-z	42608408	A High-Quality Haplotype-Resolved Reference Genome for Drakensberger Cattle (Bos taurus indicus/taurus) Achieved Through Trio-Binned Long-Read Sequencing.	low	organism_title
GCA_043882115.1	Bos taurus	Shanghai Jiao Tong University	PRJNA1140538	10.1093/gigascience/giae099	39693631	Near telomere-to-telomere genome assembly of Mongolian cattle: implications for population genetic variation and beef quality.	high	bioproject_text
GCA_047652215.1	Bos taurus	Northwest A&F University	PRJNA842354	10.1038/s41597-026-07794-z	42608408	A High-Quality Haplotype-Resolved Reference Genome for Drakensberger Cattle (Bos taurus indicus/taurus) Achieved Through Trio-Binned Long-Read Sequencing.	low	organism_title
GCA_051106085.1	Bos taurus	Ningxia University	PRJNA1200197	10.1038/s41597-025-06120-3	41290682	Genome assembly and structural variations of Guyuan cattle.	high	bioproject_text
GCA_051122635.1	Bos taurus	Jilin Academy of Agricultural Sciences	PRJNA1273490	10.1038/s41597-025-05689-z	40789862	De novo genome assembly of Yanbian cattle using PacBio HiFi and Hi-C combined with RNA-seq data.	high	assembly_name
GCA_905123515.1	Bos taurus	THE ROSLIN INSTITUTE	PRJEB41519	10.1038/s41597-023-02453-z	37612339	Chromosome-level genome assembly of Korean native cattle and pangenome graph of 14 Bos taurus assemblies.	high	assembly_name
GCA_905123885.1	Bos taurus	THE ROSLIN INSTITUTE	PRJEB41564	10.1038/s41597-023-02453-z	37612339	Chromosome-level genome assembly of Korean native cattle and pangenome graph of 14 Bos taurus assemblies.	high	assembly_name
GCA_963921495.1	Bos taurus	NORWEGIAN UNIVERSITY OF LIFE SCIENCES	PRJEB71669	10.1038/s41597-026-07794-z	42608408	A High-Quality Haplotype-Resolved Reference Genome for Drakensberger Cattle (Bos taurus indicus/taurus) Achieved Through Trio-Binned Long-Read Sequencing.	low	organism_title
GCA_002933975.1	Bos indicus	Anand Agricultural University	PRJNA427256	10.1186/s12864-021-07412-9	33557747	Investigation of ancestral alleles in the Bovinae subfamily.	medium	bioproject_text
GCA_026262375.1	Bos indicus	Northwest A&F University	PRJNA789737	10.1016/j.cstres.2024.06.005	38936463	Genome-wide DNA methylation profiles regulate distinct heat stress response in zebu (Bos indicus) and crossbred (Bos indicus × Bos taurus) cattle.	low	organism_title
GCA_026262465.1	Bos indicus	Northwest A&F University	PRJNA789738	10.1016/j.cstres.2024.06.005	38936463	Genome-wide DNA methylation profiles regulate distinct heat stress response in zebu (Bos indicus) and crossbred (Bos indicus × Bos taurus) cattle.	low	organism_title
GCA_026262515.1	Bos indicus	Northwest A&F University	PRJNA789739	10.1016/j.cstres.2024.06.005	38936463	Genome-wide DNA methylation profiles regulate distinct heat stress response in zebu (Bos indicus) and crossbred (Bos indicus × Bos taurus) cattle.	low	organism_title
GCA_026262545.1	Bos indicus	Northwest A&F University	PRJNA789740	10.1016/j.cstres.2024.06.005	38936463	Genome-wide DNA methylation profiles regulate distinct heat stress response in zebu (Bos indicus) and crossbred (Bos indicus × Bos taurus) cattle.	low	organism_title
GCA_029378735.1	Bos indicus	USDA ARS, NIAB	PRJNA888136	10.1016/j.cstres.2024.06.005	38936463	Genome-wide DNA methylation profiles regulate distinct heat stress response in zebu (Bos indicus) and crossbred (Bos indicus × Bos taurus) cattle.	low	organism_title
GCA_030267345.1	Bos indicus	Northwest A&F University	PRJNA786777	10.1101/gr.277481.122	37714713	A Chinese indicine pangenome reveals a wealth of novel structural variants introgressed from other Bos species.	medium	bioproject_text
GCA_030267355.1	Bos indicus	Northwest A&F University	PRJNA786777	10.1101/gr.277481.122	37714713	A Chinese indicine pangenome reveals a wealth of novel structural variants introgressed from other Bos species.	medium	bioproject_text
GCA_030267375.1	Bos indicus	Northwest A&F University	PRJNA786777	10.1101/gr.277481.122	37714713	A Chinese indicine pangenome reveals a wealth of novel structural variants introgressed from other Bos species.	medium	bioproject_text
GCA_030269505.1	Bos indicus	Northwest A&F University	PRJNA786777	10.1101/gr.277481.122	37714713	A Chinese indicine pangenome reveals a wealth of novel structural variants introgressed from other Bos species.	medium	bioproject_text
GCA_030269815.1	Bos indicus	Northwest A&F University	PRJNA786777	10.1101/gr.277481.122	37714713	A Chinese indicine pangenome reveals a wealth of novel structural variants introgressed from other Bos species.	medium	bioproject_text
GCA_030270685.1	Bos indicus	Northwest A&F University	PRJNA789661	10.1016/j.cstres.2024.06.005	38936463	Genome-wide DNA methylation profiles regulate distinct heat stress response in zebu (Bos indicus) and crossbred (Bos indicus × Bos taurus) cattle.	low	organism_title
GCA_030270705.1	Bos indicus	Northwest A&F University	PRJNA789732	10.1016/j.cstres.2024.06.005	38936463	Genome-wide DNA methylation profiles regulate distinct heat stress response in zebu (Bos indicus) and crossbred (Bos indicus × Bos taurus) cattle.	low	organism_title
GCA_030270715.1	Bos indicus	Northwest A&F University	PRJNA789734	10.1016/j.cstres.2024.06.005	38936463	Genome-wide DNA methylation profiles regulate distinct heat stress response in zebu (Bos indicus) and crossbred (Bos indicus × Bos taurus) cattle.	low	organism_title
GCA_030270725.1	Bos indicus	Northwest A&F University	PRJNA789731	10.1016/j.cstres.2024.06.005	38936463	Genome-wide DNA methylation profiles regulate distinct heat stress response in zebu (Bos indicus) and crossbred (Bos indicus × Bos taurus) cattle.	low	organism_title
GCA_030270805.1	Bos indicus	Northwest A&F University	PRJNA789733	10.1016/j.cstres.2024.06.005	38936463	Genome-wide DNA methylation profiles regulate distinct heat stress response in zebu (Bos indicus) and crossbred (Bos indicus × Bos taurus) cattle.	low	organism_title
GCA_030270825.1	Bos indicus	Northwest A&F University	PRJNA789755	10.1016/j.cstres.2024.06.005	38936463	Genome-wide DNA methylation profiles regulate distinct heat stress response in zebu (Bos indicus) and crossbred (Bos indicus × Bos taurus) cattle.	low	organism_title
GCA_030270845.1	Bos indicus	Northwest A&F University	PRJNA789756	10.1016/j.cstres.2024.06.005	38936463	Genome-wide DNA methylation profiles regulate distinct heat stress response in zebu (Bos indicus) and crossbred (Bos indicus × Bos taurus) cattle.	low	organism_title
GCA_030270855.1	Bos indicus	Northwest A&F University	PRJNA789757	10.1016/j.cstres.2024.06.005	38936463	Genome-wide DNA methylation profiles regulate distinct heat stress response in zebu (Bos indicus) and crossbred (Bos indicus × Bos taurus) cattle.	low	organism_title
GCA_030270865.1	Bos indicus	Northwest A&F University	PRJNA789754	10.1016/j.cstres.2024.06.005	38936463	Genome-wide DNA methylation profiles regulate distinct heat stress response in zebu (Bos indicus) and crossbred (Bos indicus × Bos taurus) cattle.	low	organism_title
GCA_030270935.1	Bos indicus	Northwest A&F University	PRJNA789763	10.1016/j.cstres.2024.06.005	38936463	Genome-wide DNA methylation profiles regulate distinct heat stress response in zebu (Bos indicus) and crossbred (Bos indicus × Bos taurus) cattle.	low	organism_title
GCA_030270945.1	Bos indicus	Northwest A&F University	PRJNA789759	10.1016/j.cstres.2024.06.005	38936463	Genome-wide DNA methylation profiles regulate distinct heat stress response in zebu (Bos indicus) and crossbred (Bos indicus × Bos taurus) cattle.	low	organism_title
GCA_030270955.1	Bos indicus	Northwest A&F University	PRJNA789760	10.1016/j.cstres.2024.06.005	38936463	Genome-wide DNA methylation profiles regulate distinct heat stress response in zebu (Bos indicus) and crossbred (Bos indicus × Bos taurus) cattle.	low	organism_title
GCA_030270995.1	Bos indicus	Northwest A&F University	PRJNA789762	10.1016/j.cstres.2024.06.005	38936463	Genome-wide DNA methylation profiles regulate distinct heat stress response in zebu (Bos indicus) and crossbred (Bos indicus × Bos taurus) cattle.	low	organism_title
GCA_030271795.1	Bos indicus	Northwest A&F University	PRJNA786777	10.1101/gr.277481.122	37714713	A Chinese indicine pangenome reveals a wealth of novel structural variants introgressed from other Bos species.	medium	bioproject_text
GCA_030271805.1	Bos indicus	Northwest A&F University	PRJNA786777	10.1101/gr.277481.122	37714713	A Chinese indicine pangenome reveals a wealth of novel structural variants introgressed from other Bos species.	medium	bioproject_text
GCA_030272135.1	Bos indicus	Northwest A&F University	PRJNA786777	10.1101/gr.277481.122	37714713	A Chinese indicine pangenome reveals a wealth of novel structural variants introgressed from other Bos species.	medium	bioproject_text
GCA_030272235.1	Bos indicus	Northwest A&F University	PRJNA786777	10.1101/gr.277481.122	37714713	A Chinese indicine pangenome reveals a wealth of novel structural variants introgressed from other Bos species.	medium	bioproject_text
GCA_030272475.1	Bos indicus	Northwest A&F University	PRJNA789662	10.1016/j.cstres.2024.06.005	38936463	Genome-wide DNA methylation profiles regulate distinct heat stress response in zebu (Bos indicus) and crossbred (Bos indicus × Bos taurus) cattle.	low	organism_title
GCA_030272495.1	Bos indicus	Northwest A&F University	PRJNA789744	10.1016/j.cstres.2024.06.005	38936463	Genome-wide DNA methylation profiles regulate distinct heat stress response in zebu (Bos indicus) and crossbred (Bos indicus × Bos taurus) cattle.	low	organism_title
GCA_030272505.1	Bos indicus	Northwest A&F University	PRJNA789743	10.1016/j.cstres.2024.06.005	38936463	Genome-wide DNA methylation profiles regulate distinct heat stress response in zebu (Bos indicus) and crossbred (Bos indicus × Bos taurus) cattle.	low	organism_title
GCA_039881165.1	Bos indicus	Northwest A&F University	PRJNA810280	10.1186/s13059-023-03052-2	37723525	Structural variation and introgression from wild populations in East Asian cattle genomes confer adaptation to local environment.	medium	bioproject_text
GCA_051307275.1	Bubalus kerabau	Buffalo Research Institute, Chinese Academy of Agricultural Sciences	PRJNA598294	10.1093/gigascience/giaf099	40884803	A comprehensive water buffalo pangenome reveals extensive structural variation linked to population-specific signatures of selection.	medium	assembly_name
GCA_040438115.1	Tragelaphus eurycerus isaaci	George Mason University	PRJNA1081906	10.1093/g3journal/jkaf109	40373072	Chromosome-length genome assembly of the critically endangered Mountain bongo (Tragelaphus eurycerus isaaci): a resource for conservation and comparative genomics.	high	bioproject_text
GCA_040182635.1	Pantholops hodgsonii	Northwest Institute of Plateau Biology, Chinese Academy of Sciences	PRJNA1099927	10.1038/s41597-024-04089-z	39532915	A high-quality chromosome-level reference genome assembly of Tibetan antelope (Pantholops hodgsonii).	high	bioproject_text
GCA_963981305.1	Rupicapra rupicapra	Centro Nacional de Análisis Genómico	PRJEB67659	10.1101/2024.11.20.624344		ERGA-BGE Reference Genome of the Northern chamois ( Rupicapra rupicapra ): Europe’s most abundant mountain ungulate	medium	organism_title
GCA_000978405.1	Capra aegagrus	BGI	PRJNA261263	10.1186/s12864-015-1606-1	26044654	Reference genome of wild goat (capra aegagrus) and sequencing of goat breeds provide insight into genic basis of goat domestication.	medium	organism_title
GCA_004361675.1	Capra hircus	Bangladesh Goat Genome Consortium (BGGC)	PRJNA492932	10.1002/ece3.7611	34188851	The assembly of caprine Y chromosome sequence reveals a unique paternal phylogenetic pattern and improves our understanding of the origin of domestic goat.	medium	assembly_name
GCA_015443085.1	Capra hircus	Northwest A&F University	PRJNA613503	10.1186/s12711-021-00668-5	34507524	A near complete genome for goat genetic and genomic research.	medium	bioproject_text
GCA_040822015.1	Capra hircus	Inner Mongolia Agricultural University	PRJNA1104404	10.1038/s41597-026-06725-2	41620503	A high-quality chromosome level genome assembly of the South African indigenous Nguni goat (Capra hircus).	low	organism_title
GCA_040970035.1	Capra hircus	China Agricultural University	PRJNA1136440	10.1038/s41467-024-54188-z	39567477	Telomere-to-telomere genome assembly of a male goat reveals variants associated with cashmere traits.	high	assembly_name
GCA_041053135.1	Capra hircus	China Agricultural University	PRJNA1136438	10.1038/s41467-024-54188-z	39567477	Telomere-to-telomere genome assembly of a male goat reveals variants associated with cashmere traits.	high	assembly_name
GCA_045269445.1	Ovis ammon	Kunming Institute of Zoology, Chinese Academy of Sciences	PRJNA1178289	10.1038/s41597-025-04400-6	39799149	Chromosome-level genome assembly, annotation, and population genomic resource of argali (Ovis ammon).	medium	organism_title
GCA_001039535.1	Ovis canadensis canadensis	University of Alberta	PRJNA272435	10.1186/s12864-015-1618-x	25990117	Harnessing cross-species alignment to discover SNPs and generate a draft genome sequence of a bighorn sheep (Ovis canadensis).	medium	organism_title
GCA_014523465.1	Ovis orientalis	INSTITUTE OF ZOOLOGY, CHINESE ACADEMY OF SCIENCES	PRJNA529571	10.3389/fgene.2020.533611	33329689	Draft Genome of the European Mouflon (Ovis orientalis musimon).	medium	organism_title
GCA_000005525.1	Ovis aries	International Sheep Genomics Consortium	PRJNA33937	10.3389/fgene.2022.846449	35480318	Genetic Basis of Dorper Sheep (Ovis aries) Revealed by Long-Read De Novo Genome Assembly.	high	bioproject_text
GCA_018804185.1	Ovis aries	Academy of Gansu Yuansheng Zhongxin Dairy Sheep Industry	PRJNA721520	10.3389/fgene.2022.846449	35480318	Genetic Basis of Dorper Sheep (Ovis aries) Revealed by Long-Read De Novo Genome Assembly.	high	bioproject_text
GCA_019145175.1	Ovis aries	Lanzhou Institute of Husbandry and Pharmaceutical Sciences of Chinese Academy of Agricultural Sciences	PRJNA721526	10.3389/fgene.2022.846449	35480318	Genetic Basis of Dorper Sheep (Ovis aries) Revealed by Long-Read De Novo Genome Assembly.	high	bioproject_text
GCA_022244695.1	Ovis aries	University of Kentucky	PRJNA744239	10.1038/s41597-025-05805-z	41173846	Genome assembly and whole-genome resequencing study of Butuo Black sheep (Ovis aries).	low	organism_title
GCA_022244705.1	Ovis aries	University of Kentucky	PRJNA744240	10.1038/s41597-025-05805-z	41173846	Genome assembly and whole-genome resequencing study of Butuo Black sheep (Ovis aries).	low	organism_title
GCA_022416685.1	Ovis aries	Northwest A&F University	PRJNA784330	10.1038/s41597-025-05805-z	41173846	Genome assembly and whole-genome resequencing study of Butuo Black sheep (Ovis aries).	low	organism_title
GCA_022416695.1	Ovis aries	Northwest A&F University	PRJNA784371	10.1038/s41597-025-05805-z	41173846	Genome assembly and whole-genome resequencing study of Butuo Black sheep (Ovis aries).	low	organism_title
GCA_022416725.1	Ovis aries	Northwest A&F University	PRJNA784366	10.1038/s41597-025-05805-z	41173846	Genome assembly and whole-genome resequencing study of Butuo Black sheep (Ovis aries).	low	organism_title
GCA_022416745.1	Ovis aries	Northwest A&F University	PRJNA784396	10.1038/s41597-025-05805-z	41173846	Genome assembly and whole-genome resequencing study of Butuo Black sheep (Ovis aries).	low	organism_title
GCA_022416755.1	Ovis aries	Northwest A&F University	PRJNA784376	10.1038/s41597-025-05805-z	41173846	Genome assembly and whole-genome resequencing study of Butuo Black sheep (Ovis aries).	low	organism_title
GCA_022416775.1	Ovis aries	Northwest A&F University	PRJNA780104	10.1038/s41597-025-05805-z	41173846	Genome assembly and whole-genome resequencing study of Butuo Black sheep (Ovis aries).	low	organism_title
GCA_022416785.1	Ovis aries	Northwest A&F University	PRJNA784413	10.1038/s41597-025-05805-z	41173846	Genome assembly and whole-genome resequencing study of Butuo Black sheep (Ovis aries).	low	organism_title
GCA_022416915.1	Ovis aries	Northwest A&F University	PRJNA782680	10.1038/s41597-025-05805-z	41173846	Genome assembly and whole-genome resequencing study of Butuo Black sheep (Ovis aries).	low	organism_title
GCA_022432825.1	Ovis aries	Northwest A&F University	PRJNA783537	10.1038/s41597-025-05805-z	41173846	Genome assembly and whole-genome resequencing study of Butuo Black sheep (Ovis aries).	low	organism_title
GCA_022432835.1	Ovis aries	Northwest A&F University	PRJNA783516	10.1038/s41597-025-05805-z	41173846	Genome assembly and whole-genome resequencing study of Butuo Black sheep (Ovis aries).	low	organism_title
GCA_022432845.1	Ovis aries	Northwest A&F University	PRJNA783179	10.1038/s41597-025-05805-z	41173846	Genome assembly and whole-genome resequencing study of Butuo Black sheep (Ovis aries).	low	organism_title
GCA_022538005.1	Ovis aries	Northwest A&F University	PRJNA784357	10.3390/ani14030444	38338087	Whole-Genome Resequencing Reveals Genetic Diversity and Wool Trait-Related Genes in Liangshan Semi-Fine-Wool Sheep.	medium	bioproject_text
GCA_024222175.1	Ovis aries	Northwest A&F University	PRJNA829895	10.1038/s41597-025-05805-z	41173846	Genome assembly and whole-genome resequencing study of Butuo Black sheep (Ovis aries).	low	organism_title
GCA_024222265.1	Ovis aries	Northwest A&F University	PRJNA830299	10.1038/s41597-025-05805-z	41173846	Genome assembly and whole-genome resequencing study of Butuo Black sheep (Ovis aries).	low	organism_title
GCA_030512445.1	Ovis aries	Sheep Pangenome	PRJNA675594	10.1038/s41597-025-05805-z	41173846	Genome assembly and whole-genome resequencing study of Butuo Black sheep (Ovis aries).	low	organism_title
GCA_033439445.1	Ovis aries	Inner Mongolia University	PRJNA1012099	10.1038/s41597-025-05805-z	41173846	Genome assembly and whole-genome resequencing study of Butuo Black sheep (Ovis aries).	low	organism_title
GCA_040259355.1	Ovis aries	Lanzhou Institute of Husbandry and Pharmaceutical Sciences of Chinese Academy of Agricultural Scienc	PRJNA898852	10.1038/s41597-024-03564-x	38951548	Chromosome-level genome assembly of Guide Black-Fur sheep (Ovis aries).	high	bioproject_text
GCA_040543055.1	Ovis aries	Northwest A&F University	PRJNA1111662	10.1038/s41597-025-05805-z	41173846	Genome assembly and whole-genome resequencing study of Butuo Black sheep (Ovis aries).	low	organism_title
GCA_050916685.1	Ovis aries	Northwest A&F University	PRJNA1202217	10.1038/s41597-025-05805-z	41173846	Genome assembly and whole-genome resequencing study of Butuo Black sheep (Ovis aries).	low	organism_title
GCA_042919465.1	Scaptochirus moschatus	Qufu Normal University	PRJNA1127535	10.1038/s41597-025-04691-9	40032941	Chromosome-level genome assembly of the short-faced mole (Scaptochirus moschatus).	high	bioproject_text
GCA_964194135.1	Talpa europaea	WELLCOME SANGER INSTITUTE	PRJEB76907	10.12688/wellcomeopenres.23759.1	40093592	The genome sequence of the European mole, Talpa europaea Linnaeus, 1758.	high	assembly_name
GCA_033961575.1	Aselliscus stoliczkanus	East China Normal University	PRJNA1037002	10.1038/s41597-023-02838-0	38102156	Chromosome-level genome assembly of the Stoliczka's Asian trident bat (Aselliscus stoliczkanus).	medium	organism_title
GCA_041825415.1	Rhinolophus rex	East China Normal University	PRJNA1155404	10.1093/jhered/esae077	39679954	Chromosome-level genome assembly of the king horseshoe bat (Rhinolophus rex) provides insights into its conservation status and chromosomal evolution of Rhinolophus.	medium	organism_title
GCA_040057535.1	Rhinolophus affinis	Shaanxi Normal University	PRJNA993631	10.24272/j.issn.2095-8137.2024.027	39257377	Chromosome-level genome and population genomics of the intermediate horseshoe bat ( Rhinolophus affinis) reveal the molecular basis of virus tolerance in Rhinolophus and echolocation call frequency variation.	medium	bioproject_text
GCA_964194185.1	Rhinolophus hipposideros	WELLCOME SANGER INSTITUTE	PRJEB76910	10.12688/wellcomeopenres.26210.1	42004187	The genome sequence of the Lesser Horseshoe Bat, Rhinolophus hipposideros (Bechstein, 1800) (Chiroptera: Rhinolophidae).	high	assembly_name
GCA_964194215.2	Rhinolophus hipposideros	WELLCOME SANGER INSTITUTE	PRJEB76909	10.12688/wellcomeopenres.26210.1	42004187	The genome sequence of the Lesser Horseshoe Bat, Rhinolophus hipposideros (Bechstein, 1800) (Chiroptera: Rhinolophidae).	high	assembly_name
GCA_030015415.1	Cynopterus sphinx	Wuhan University	PRJNA812996	10.1126/sciadv.add0141	37146151	Comparative analyses of bat genomes identify distinct evolution of immunity in Old World fruit bats.	medium	bioproject_text
GCA_037038545.1	Rhynchonycteris naso	Bat1K Project	PRJNA1076651	10.12688/wellcomeopenres.19959.1	39239167	The genome sequence of Rhynchonycteris naso, Peters, 1867 (Chiroptera, Emballonuridae, Rhynchonycteris).	high	bioproject_text
GCA_037038555.1	Rhynchonycteris naso	Bat1K Project	PRJNA1076652	10.12688/wellcomeopenres.19959.1	39239167	The genome sequence of Rhynchonycteris naso, Peters, 1867 (Chiroptera, Emballonuridae, Rhynchonycteris).	high	bioproject_text
GCA_038363095.4	Artibeus lituratus	Bat1K Project	PRJNA1080658	10.12688/wellcomeopenres.23088.1	40808701	The genome sequence of Artibeus lituratus (Chiroptera, Phyllostomidae, Stenodermatinae; Olfers, 1818).	high	bioproject_text
GCA_038363145.1	Artibeus intermedius	Bat1K Project	PRJNA1080656	10.12688/wellcomeopenres.23865.1	41312306	The genome sequence of Artibeus intermedius (Chiroptera, Phyllostomidae, Stenodermatinae; J. A. Allen, 1897).	high	assembly_name
GCA_038363225.1	Artibeus intermedius	Bat1K Project	PRJNA1080655	10.12688/wellcomeopenres.23865.1	41312306	The genome sequence of Artibeus intermedius (Chiroptera, Phyllostomidae, Stenodermatinae; J. A. Allen, 1897).	high	assembly_name
GCA_964339955.1	Pipistrellus hanaki	Genoscope CEA		10.12688/openreseurope.20937.3	41280292	ERGA-BGE reference genome of the forest-restricted Cretan subspecies of Hanak's bat ( Pipistrellus hanaki creticus), an IUCN Vulnerable species.	medium	organism_title
GCA_964656225.2	Pipistrellus nathusii	WELLCOME SANGER INSTITUTE	PRJEB83377	10.12688/wellcomeopenres.26312.1	42311788	The genome sequence of Nathusius' pipistrelle, Pipistrellus nathusii (Keyserling & Blasius, 1839) (Chiroptera: Vespertilionidae).	high	assembly_name
GCA_903992545.1	Pipistrellus pipistrellus	SC	PRJEB39564	10.1007/s00705-020-04548-z	32056001	Genome sequence of an aichivirus detected in a common pipistrelle bat (Pipistrellus pipistrellus).	low	organism_title
GCA_963455305.1	Plecotus auritus	WELLCOME SANGER INSTITUTE	PRJEB65991	10.12688/wellcomeopenres.21501.1	39045151	The genome sequence of the Brown Long-eared bat, Plecotus auritus (Linnaeus 1758).	high	assembly_name
GCA_951640355.1	Cnephaeus nilssonii	WELLCOME SANGER INSTITUTE	PRJEB62200	10.12688/wellcomeopenres.19896.1	38774491	The genome sequence of the northern bat, Eptesicus nilssonii (Keyserling & Blasius, 1839).	high	assembly_name
GCA_964264875.2	Nyctalus leisleri	WELLCOME SANGER INSTITUTE	PRJEB80299	10.12688/wellcomeopenres.26704.1		The genome sequence of the Lesser noctule, Nyctalus leisleri (Kuhl, 1817) (Chiroptera: Vespertilionidae)	medium	organism_title
GCA_963924515.2	Vespertilio murinus	WELLCOME SANGER INSTITUTE	PRJEB72086	10.12688/wellcomeopenres.22606.1	39239168	The genome sequence of the particolored bat, Vespertilio murinus Linnaeus, 1758.	medium	organism_title
GCA_964094495.2	Myotis mystacinus	WELLCOME SANGER INSTITUTE		10.12688/wellcomeopenres.23345.1	39635244	The genome sequence of the whiskered bat, Myotis mystacinus (Kuhl, 1817).	high	assembly_name
GCA_964195625.1	Myotis mystacinus	WELLCOME SANGER INSTITUTE	PRJEB76003	10.12688/wellcomeopenres.23345.1	39635244	The genome sequence of the whiskered bat, Myotis mystacinus (Kuhl, 1817).	high	assembly_name
GCA_965115925.2	Myotis emarginatus	WELLCOME SANGER INSTITUTE	PRJEB85111	10.12688/wellcomeopenres.26492.1	42238844	The genome sequence of Geoffroy's Bat, Myotis emarginatus (Geoffroy, 1806) (Chiroptera: Vespertilionidae).	high	assembly_name
GCA_965115945.2	Myotis emarginatus	WELLCOME SANGER INSTITUTE	PRJEB85110	10.12688/wellcomeopenres.26492.1	42238844	The genome sequence of Geoffroy's Bat, Myotis emarginatus (Geoffroy, 1806) (Chiroptera: Vespertilionidae).	high	assembly_name
GCA_964212035.2	Myotis nattereri	WELLCOME SANGER INSTITUTE	PRJEB78592	10.12688/wellcomeopenres.27171.1		The genome sequence of Natterer’s Bat, Myotis nattereri (Kuhl, 1817) (Chiroptera: Vespertilionidae)	medium	organism_title
GCA_048340685.1	Myotis lucifugus carissima	University of California, Berkeley & California Department of Fish and Wildlife	PRJNA973719	10.1186/s12864-024-10722-3	39227786	Signals of positive selection in genomes of palearctic Myotis-bats coexisting with a fungal pathogen.	high	bioproject_text
GCA_963242275.2	Myotis daubentonii	WELLCOME SANGER INSTITUTE	PRJEB65247	10.12688/wellcomeopenres.21081.1	39022322	The genome sequence of Daubenton's bat, Myotis daubentonii (Kuhl, 1817).	medium	organism_title
GCA_963259705.2	Myotis daubentonii	WELLCOME SANGER INSTITUTE	PRJEB65246	10.12688/wellcomeopenres.21081.1	39022322	The genome sequence of Daubenton's bat, Myotis daubentonii (Kuhl, 1817).	medium	organism_title
GCA_964146895.2	Miniopterus schreibersii	WELLCOME SANGER INSTITUTE	PRJEB76208	10.12688/wellcomeopenres.26286.1	42180417	The genome sequence of Schreibers's Long-fingered Bat, Miniopterus schreibersii (Kuhl, 1817) (Chiroptera: Miniopteridae).	high	assembly_name
GCA_964023255.1	Equus caballus	Wageningen University & Research	PRJEB71736	10.1186/s12864-025-11985-0	40890628	High-quality, haplotype-resolved reference genomes of the Dutch warmblood horse and Friesian horse using trio binning.	high	bioproject_text
GCA_964023265.1	Equus caballus	Wageningen University & Research	PRJEB71736	10.1186/s12864-025-11985-0	40890628	High-quality, haplotype-resolved reference genomes of the Dutch warmblood horse and Friesian horse using trio binning.	high	bioproject_text
GCA_037783155.1	Equus przewalskii	University of Minnesota	PRJNA1063309	10.1093/g3journal/jkae113	38805182	The genome of Przewalski's horse (Equus ferus przewalskii).	high	assembly_name
GCA_021442165.1	Ceratotherium simum cottoni	Max Planck Institute for Molecular Genetics	PRJNA734732	10.1073/pnas.2401207122	40359041	Genomic map of the functionally extinct northern white rhinoceros (Ceratotherium simum cottoni).	high	bioproject_text
GCA_023653735.1	Ceratotherium simum simum	Northwest A&F University	PRJNA786211	10.1101/2021.12.11.472206		Chromosome-level genome assembly of the functionally extinct northern white rhinoceros ( Ceratotherium simum cottoni )	medium	organism_title
GCA_040802205.1	Manis pentadactyla	Northeast Forestry University	PRJNA1114675	10.1093/gigascience/giaf003	39947250	Enhancing inbreeding estimation and global conservation insights through chromosome-level assemblies of the Chinese and Malayan pangolin.	high	bioproject_text
GCA_036325905.1	Lepus oiostolus	Qinghai University	PRJNA1026309	10.1038/s41597-024-03024-6	38341484	Chromosome-scale genome assembly of Lepus oiostolus (Lepus, Leporidae).	high	bioproject_text
GCA_040893755.1	Lepus timidus	University of Eastern Finland	PRJNA1112568	10.1101/2024.06.10.598177		Chromosome-level reference genome assembly for the mountain hare ( Lepus timidus )	low	organism_title
GCA_047671645.1	Oryctolagus cuniculus	Shangdong Agriculture University	PRJNA1020055	10.1038/s41597-025-06058-6	41233384	Near telomere to telomere genome assembly of Chinese yellow rabbit (Oryctolagus cuniculus).	low	organism_title
GCA_051225735.1	Oryctolagus cuniculus	Fujian University of Traditional Chinese Medicine	PRJNA1282459	10.1038/s41597-025-06058-6	41233384	Near telomere to telomere genome assembly of Chinese yellow rabbit (Oryctolagus cuniculus).	low	organism_title
GCA_013371645.1	Oryctolagus cuniculus cuniculus	Uppsala University	PRJNA635554	10.1101/2022.11.13.516304		Time-Aligned Hourglass Gastrulation Models in Rabbit and Mouse	medium	assembly_name
GCA_949820135.1	Sylvilagus floridanus	Wellcome Sanger Institute	PRJEB61298	10.3390/ani16050765	41828972	Family C of Short Interspersed Elements in the Genomes of Lagomorphs: Structure, Evolution, Transcription and Transcript Polyadenylation.	medium	assembly_name
GCA_907164435.1	Acomys dimidiatus	WELLCOME TRUST SANGER INSTITUTE	PRJEB44012	10.1016/j.devcel.2023.12.017	38228141	Tissue-resident macrophages specifically express Lactotransferrin and Vegfc during ear pinna regeneration in spiny mice.	medium	assembly_name
GCA_907169655.1	Acomys percivali	WELLCOME TRUST SANGER INSTITUTE	PRJEB44012	10.1093/g3journal/jkad177	37552705	Genome Report: chromosome-scale genome assembly of the African spiny mouse (Acomys cahirinus).	low	organism_genus_title
GCA_964271855.1	Acomys minous	Genoscope CEA		10.3897/arphapreprints.e153920		ERGA-BGE genome of Acomys minous (Bate, 1906): the Crete spiny mouse, endemic to the island of Crete, Greece	medium	organism_title
GCA_907164505.1	Acomys kempi	WELLCOME TRUST SANGER INSTITUTE	PRJEB44012	10.1093/g3journal/jkad177	37552705	Genome Report: chromosome-scale genome assembly of the African spiny mouse (Acomys cahirinus).	low	organism_genus_title
GCA_001624185.1	Mus musculus	Wellcome Trust Sanger Institute	PRJNA310854	10.1038/s41588-018-0223-8	30275530	Sixteen diverse laboratory mouse reference genomes define strain-specific haplotypes and novel functional loci.	medium	bioproject_text
GCA_001624215.1	Mus musculus	Wellcome Trust Sanger Institute	PRJNA310854	10.1038/s41588-018-0223-8	30275530	Sixteen diverse laboratory mouse reference genomes define strain-specific haplotypes and novel functional loci.	medium	bioproject_text
GCA_001624295.1	Mus musculus	Wellcome Trust Sanger Institute	PRJNA310854	10.1038/s41588-018-0223-8	30275530	Sixteen diverse laboratory mouse reference genomes define strain-specific haplotypes and novel functional loci.	medium	bioproject_text
GCA_001624475.1	Mus musculus	Wellcome Trust Sanger Institute	PRJNA310854	10.1038/s41588-018-0223-8	30275530	Sixteen diverse laboratory mouse reference genomes define strain-specific haplotypes and novel functional loci.	medium	bioproject_text
GCA_001624505.1	Mus musculus	Wellcome Trust Sanger Institute	PRJNA310854	10.1038/s41588-018-0223-8	30275530	Sixteen diverse laboratory mouse reference genomes define strain-specific haplotypes and novel functional loci.	medium	bioproject_text
GCA_001624535.1	Mus musculus	Wellcome Trust Sanger Institute	PRJNA310854	10.1038/s41588-018-0223-8	30275530	Sixteen diverse laboratory mouse reference genomes define strain-specific haplotypes and novel functional loci.	medium	bioproject_text
GCA_001624675.1	Mus musculus	Wellcome Trust Sanger Institute	PRJNA310854	10.1038/s41588-018-0223-8	30275530	Sixteen diverse laboratory mouse reference genomes define strain-specific haplotypes and novel functional loci.	medium	bioproject_text
GCA_001624745.1	Mus musculus	Wellcome Trust Sanger Institute	PRJNA310854	10.1038/s41588-018-0223-8	30275530	Sixteen diverse laboratory mouse reference genomes define strain-specific haplotypes and novel functional loci.	medium	bioproject_text
GCA_001632525.1	Mus musculus	Wellcome Trust Sanger Institute	PRJNA310854	10.1038/s41588-018-0223-8	30275530	Sixteen diverse laboratory mouse reference genomes define strain-specific haplotypes and novel functional loci.	medium	bioproject_text
GCA_001632555.1	Mus musculus	Wellcome Trust Sanger Institute	PRJNA310854	10.1038/s41588-018-0223-8	30275530	Sixteen diverse laboratory mouse reference genomes define strain-specific haplotypes and novel functional loci.	medium	bioproject_text
GCA_001632575.1	Mus musculus	Wellcome Trust Sanger Institute	PRJNA310854	10.1038/s41588-018-0223-8	30275530	Sixteen diverse laboratory mouse reference genomes define strain-specific haplotypes and novel functional loci.	medium	bioproject_text
GCA_001632615.1	Mus musculus	Wellcome Trust Sanger Institute	PRJNA310854	10.1038/s41588-018-0223-8	30275530	Sixteen diverse laboratory mouse reference genomes define strain-specific haplotypes and novel functional loci.	medium	bioproject_text
GCA_030265425.1	Mus musculus	National Eye Institute	PRJNA814472	10.1093/molbev/msae211	39404090	A Minimal Hybrid Sterility Genome Assembled by Chromosome Swapping Between Mouse Subspecies (Mus musculus).	low	organism_title
GCA_921997125.2	Mus musculus	EMBL-EBI, WELLCOME TRUST GENOME CAMPUS, CAMBRIDGE	PRJEB47108	10.32607/actanaturae.11875	37153504	An Analysis of Genetic Predisposition to Hereditary Catalepsy in a Mouse Model of Neuropsychiatric Disorders Using Whole-Genome Sequencing Data.	medium	assembly_name
GCA_921997145.2	Mus musculus	EMBL-EBI, WELLCOME TRUST GENOME CAMPUS, CAMBRIDGE	PRJEB47108	10.32607/actanaturae.11875	37153504	An Analysis of Genetic Predisposition to Hereditary Catalepsy in a Mouse Model of Neuropsychiatric Disorders Using Whole-Genome Sequencing Data.	medium	assembly_name
GCA_921998315.2	Mus musculus	EMBL-EBI, WELLCOME TRUST GENOME CAMPUS, CAMBRIDGE	PRJEB47108	10.32607/actanaturae.11875	37153504	An Analysis of Genetic Predisposition to Hereditary Catalepsy in a Mouse Model of Neuropsychiatric Disorders Using Whole-Genome Sequencing Data.	medium	assembly_name
GCA_921998325.2	Mus musculus	EMBL-EBI, WELLCOME TRUST GENOME CAMPUS, CAMBRIDGE	PRJEB47108	10.32607/actanaturae.11875	37153504	An Analysis of Genetic Predisposition to Hereditary Catalepsy in a Mouse Model of Neuropsychiatric Disorders Using Whole-Genome Sequencing Data.	medium	assembly_name
GCA_921998355.2	Mus musculus	EMBL-EBI, WELLCOME TRUST GENOME CAMPUS, CAMBRIDGE	PRJEB47108	10.32607/actanaturae.11875	37153504	An Analysis of Genetic Predisposition to Hereditary Catalepsy in a Mouse Model of Neuropsychiatric Disorders Using Whole-Genome Sequencing Data.	medium	assembly_name
GCA_921998555.2	Mus musculus	EMBL-EBI, WELLCOME TRUST GENOME CAMPUS, CAMBRIDGE	PRJEB47108	10.1093/molbev/msae211	39404090	A Minimal Hybrid Sterility Genome Assembled by Chromosome Swapping Between Mouse Subspecies (Mus musculus).	low	organism_title
GCA_921998635.2	Mus musculus	EMBL-EBI, WELLCOME TRUST GENOME CAMPUS, CAMBRIDGE	PRJEB47108	10.32607/actanaturae.11875	37153504	An Analysis of Genetic Predisposition to Hereditary Catalepsy in a Mouse Model of Neuropsychiatric Disorders Using Whole-Genome Sequencing Data.	medium	assembly_name
GCA_921998905.2	Mus musculus	EMBL-EBI, WELLCOME TRUST GENOME CAMPUS, CAMBRIDGE	PRJEB47108	10.32607/actanaturae.11875	37153504	An Analysis of Genetic Predisposition to Hereditary Catalepsy in a Mouse Model of Neuropsychiatric Disorders Using Whole-Genome Sequencing Data.	medium	assembly_name
GCA_921999865.2	Mus musculus	EMBL-EBI, WELLCOME TRUST GENOME CAMPUS, CAMBRIDGE	PRJEB47108	10.1093/molbev/msae211	39404090	A Minimal Hybrid Sterility Genome Assembled by Chromosome Swapping Between Mouse Subspecies (Mus musculus).	low	organism_title
GCA_922000895.2	Mus musculus	EMBL-EBI, WELLCOME TRUST GENOME CAMPUS, CAMBRIDGE	PRJEB47108	10.32607/actanaturae.11875	37153504	An Analysis of Genetic Predisposition to Hereditary Catalepsy in a Mouse Model of Neuropsychiatric Disorders Using Whole-Genome Sequencing Data.	medium	assembly_name
GCA_947593165.1	Mus musculus	EMBL-EBI, WELLCOME TRUST GENOME CAMPUS, CAMBRIDGE	PRJEB47108	10.1093/molbev/msae211	39404090	A Minimal Hybrid Sterility Genome Assembled by Chromosome Swapping Between Mouse Subspecies (Mus musculus).	low	organism_title
GCA_947599735.1	Mus musculus	EMBL-EBI, WELLCOME TRUST GENOME CAMPUS, CAMBRIDGE	PRJEB47108	10.1093/molbev/msae211	39404090	A Minimal Hybrid Sterility Genome Assembled by Chromosome Swapping Between Mouse Subspecies (Mus musculus).	low	organism_title
GCA_949316315.1	Mus musculus	WELLCOME SANGER INSTITUTE	PRJEB60144	10.1093/molbev/msae211	39404090	A Minimal Hybrid Sterility Genome Assembled by Chromosome Swapping Between Mouse Subspecies (Mus musculus).	low	organism_title
GCA_964188535.1	Mus musculus	EMBL-EBI, WELLCOME TRUST GENOME CAMPUS, CAMBRIDGE	PRJEB47108	10.1093/molbev/msae211	39404090	A Minimal Hybrid Sterility Genome Assembled by Chromosome Swapping Between Mouse Subspecies (Mus musculus).	low	organism_title
GCA_001624445.1	Mus musculus castaneus	Wellcome Trust Sanger Institute	PRJNA310854	10.1534/g3.118.200318	29794166	A High Quality Genome for Mus spicilegus, a Close Relative of House Mice with Unique Social and Ecological Adaptations.	high	assembly_name
GCA_921999005.2	Mus musculus castaneus	EMBL-EBI, WELLCOME TRUST GENOME CAMPUS, CAMBRIDGE	PRJEB47108	10.32607/actanaturae.11875	37153504	An Analysis of Genetic Predisposition to Hereditary Catalepsy in a Mouse Model of Neuropsychiatric Disorders Using Whole-Genome Sequencing Data.	medium	assembly_name
GCA_964188545.1	Mus musculus castaneus	EMBL-EBI, WELLCOME TRUST GENOME CAMPUS, CAMBRIDGE	PRJEB47108	10.1093/molbev/msae211	39404090	A Minimal Hybrid Sterility Genome Assembled by Chromosome Swapping Between Mouse Subspecies (Mus musculus).	low	organism_title
GCA_001624835.1	Mus musculus domesticus	Wellcome Trust Sanger Institute	PRJNA310854	10.1534/g3.118.200318	29794166	A High Quality Genome for Mus spicilegus, a Close Relative of House Mice with Unique Social and Ecological Adaptations.	high	assembly_name
GCA_921998345.2	Mus musculus domesticus	EMBL-EBI, WELLCOME TRUST GENOME CAMPUS, CAMBRIDGE	PRJEB47108	10.32607/actanaturae.11875	37153504	An Analysis of Genetic Predisposition to Hereditary Catalepsy in a Mouse Model of Neuropsychiatric Disorders Using Whole-Genome Sequencing Data.	medium	assembly_name
GCA_001624775.1	Mus musculus musculus	Wellcome Trust Sanger Institute	PRJNA310854	10.1534/g3.118.200318	29794166	A High Quality Genome for Mus spicilegus, a Close Relative of House Mice with Unique Social and Ecological Adaptations.	high	assembly_name
GCA_048544855.1	Mus musculus musculus	Max Planck Institute for Molecular Genetics	PRJNA1142398	10.1038/s41467-025-66616-9	41326354	Acquisition of ampliconic sequences marks a selfish mouse t-haplotype.	medium	bioproject_text
GCA_921998335.2	Mus musculus musculus	EMBL-EBI, WELLCOME TRUST GENOME CAMPUS, CAMBRIDGE	PRJEB47108	10.32607/actanaturae.11875	37153504	An Analysis of Genetic Predisposition to Hereditary Catalepsy in a Mouse Model of Neuropsychiatric Disorders Using Whole-Genome Sequencing Data.	medium	assembly_name
GCA_921999095.2	Mus musculus molossinus	EMBL-EBI, WELLCOME TRUST GENOME CAMPUS, CAMBRIDGE	PRJEB47108	10.1093/molbev/msae211	39404090	A Minimal Hybrid Sterility Genome Assembled by Chromosome Swapping Between Mouse Subspecies (Mus musculus).	medium	organism_title
GCA_001624865.1	Mus spretus	Wellcome Trust Sanger Institute	PRJNA310854	10.1534/g3.118.200318	29794166	A High Quality Genome for Mus spicilegus, a Close Relative of House Mice with Unique Social and Ecological Adaptations.	high	assembly_name
GCA_921997135.2	Mus spretus	EMBL-EBI, WELLCOME TRUST GENOME CAMPUS, CAMBRIDGE	PRJEB47108	10.1038/s41467-025-66616-9	41326354	Acquisition of ampliconic sequences marks a selfish mouse t-haplotype.	medium	assembly_name
GCA_023515785.2	Rattus norvegicus	Inbred Rat Genome Sequencing Project (UTH/UK/UofL)	PRJNA825507	10.1128/mra.00230-25	40444954	Coding-complete genome sequence of an Alphacoronavirus isolated in Rattus norvegicus captured in an urban park in France.	low	organism_title
GCA_023515805.2	Rattus norvegicus	Inbred Rat Genome Sequencing Project (UTH/UK/UofL)	PRJNA825508	10.1128/mra.00230-25	40444954	Coding-complete genome sequence of an Alphacoronavirus isolated in Rattus norvegicus captured in an urban park in France.	low	organism_title
GCA_041222355.1	Rattus norvegicus	University of Kentucky	PRJNA1082763	10.1128/mra.00230-25	40444954	Coding-complete genome sequence of an Alphacoronavirus isolated in Rattus norvegicus captured in an urban park in France.	low	organism_title
GCA_045687965.1	Rattus norvegicus	University of Kentucky	PRJNA1186738	10.1128/mra.00230-25	40444954	Coding-complete genome sequence of an Alphacoronavirus isolated in Rattus norvegicus captured in an urban park in France.	low	organism_title
GCA_045687995.1	Rattus norvegicus	University of Kentucky	PRJNA1188056	10.1128/mra.00230-25	40444954	Coding-complete genome sequence of an Alphacoronavirus isolated in Rattus norvegicus captured in an urban park in France.	low	organism_title
GCA_045688005.1	Rattus norvegicus	University of Kentucky	PRJNA1180592	10.1128/mra.00230-25	40444954	Coding-complete genome sequence of an Alphacoronavirus isolated in Rattus norvegicus captured in an urban park in France.	low	organism_title
GCA_011800105.1	Rattus rattus	Max Planck Institute for the Science of Human History	PRJNA607436	10.3390/genes13020267	35205312	Genomic Analysis Reveals Subdivision of Black Rats (Rattus rattus) in India, Origin of the Worldwide Species Spread.	low	organism_title
GCA_964023405.1	Apodemus agrarius	Centro Nacional de Análisis Genómico	PRJEB74496	10.1101/2024.12.04.626796		ERGA-BGE Reference Genome of the Striped Field Mouse ( Apodemus agrarius ), a Widespread and Abundant Species in Central and Eastern Europe	medium	organism_title
GCA_963924665.1	Micromys minutus	WELLCOME SANGER INSTITUTE	PRJEB72093	10.12688/wellcomeopenres.22747.1	39411465	The genome sequence of the European harvest mouse, Micromys minutus (Pallas, 1771).	high	assembly_name
GCA_049190895.1	Myospalax psilurus	Lanzhou University	PRJNA982286	10.1186/s12915-025-02431-4	41185029	Genomic signatures of subterranean lifestyle and ecological adaptation in Myospalax.	medium	bioproject_text
GCA_049190835.1	Myospalax aspalax	Lanzhou University	PRJNA982286	10.1186/s12915-025-02431-4	41185029	Genomic signatures of subterranean lifestyle and ecological adaptation in Myospalax.	medium	bioproject_text
GCA_035773235.1	Eospalax fontanierii	Lanzhou University	PRJNA776391	10.7717/peerj.20646	41623382	Sex differences in gut microbiota composition, function, and assembly in the plateau zokor (Eospalax baileyi).	low	organism_genus_title
GCA_964304595.1	Cricetus cricetus	Centro Nacional de Análisis Genómico	PRJEB81694	10.1186/s12915-025-02384-8	40954469	Chromosome-level genome of the European hamster (Cricetus cricetus) and its genome-wide population structure across Western Europe.	medium	organism_title
GCA_003704135.2	Peromyscus polionotus subgriseus	Harvard University / Howard Hughes Medical Institute	PRJNA494229	10.1111/1755-0998.13155	32153100	A linked-read approach to museomics: Higher quality de novo genome assemblies from degraded tissues.	high	accession
GCA_944319715.1	Heterocephalus glaber	hospital for sick children	PRJEB52763	10.1038/s41467-024-48652-z	38762584	Invariant γδTCR natural killer-like effector T cells in the naked mole-rat.	medium	assembly_name
GCA_944319725.1	Heterocephalus glaber	hospital for sick children	PRJEB52763	10.1038/s41467-024-48652-z	38762584	Invariant γδTCR natural killer-like effector T cells in the naked mole-rat.	medium	assembly_name
GCA_963923965.1	Heterocephalus glaber	The Hospital for Sick Children, Toronto	PRJEB71899	10.1038/s41597-026-06996-9	41851205	Genome assembly and annotation of the naked mole rat Heterocephalus glaber reared in Japan.	low	organism_title
GCA_963923975.1	Heterocephalus glaber	The Hospital for Sick Children, Toronto	PRJEB71899	10.1038/s41597-026-06996-9	41851205	Genome assembly and annotation of the naked mole rat Heterocephalus glaber reared in Japan.	low	organism_title
GCA_964261345.1	Heterocephalus glaber	The Hospital for Sick Children, Toronto	PRJEB71899	10.1093/g3journal/jkaf271	41219156	De novo genome assembly of Ansell's mole-rat (Fukomys anselli).	high	assembly_name
GCA_964261355.1	Heterocephalus glaber	The Hospital for Sick Children, Toronto	PRJEB71899	10.1038/s41597-026-06996-9	41851205	Genome assembly and annotation of the naked mole rat Heterocephalus glaber reared in Japan.	low	organism_title
GCA_963383645.1	Muscardinus avellanarius	WELLCOME SANGER INSTITUTE	PRJEB65338	10.12688/wellcomeopenres.20360.1	38911281	The genome sequence of the hazel dormouse, Muscardinus avellanarius (Linnaeus, 1758).	high	assembly_name
GCA_051821045.1	Otospermophilus beecheyi	University of Michigan	PRJNA1214846	10.1093/jhered/esaf045	40600666	A genome assembly for a textbook mammalian study species, the California ground squirrel (Otospermophilus beecheyi).	medium	organism_title
GCA_025594165.1	Tamias sibiricus	Qufu Normal University	PRJNA794324	10.1038/s41597-022-01910-5	36566231	Chromosome-level genome assembly of the Siberian chipmunk (Tamias sibiricus).	low	organism_title
GCA_047496905.1	Tamias sibiricus	China Astronaut Research and Training Center	PRJNA1192718	10.3389/fnins.2024.1501223	39764389	Multiple time points of transcriptome analysis revealed altered genes involved in maintaining hibernation in the hypothalamus of Tamias sibiricus.	high	bioproject_text
GCA_964194105.1	Spermophilus citellus	WELLCOME SANGER INSTITUTE	PRJEB76892	10.12688/wellcomeopenres.23974.1	40433625	The genome sequence of the European ground squirrel, Spermophilus citellus (Linnaeus, 1766).	high	assembly_name
GCA_051107445.1	Pteromys volans	University of Oulu	PRJNA1141127	10.1002/ece3.71905	40900724	A Prelude to Conservation Genomics: First Chromosome-Level Genome Assembly of a Flying Squirrel (Pteromyini: Pteromys volans).	high	bioproject_text
GCA_902686455.2	Sciurus vulgaris	SC	PRJEB35380	10.12688/wellcomeopenres.15679.1	32587897	The genome sequence of the Eurasian red squirrel, Sciurus vulgaris Linnaeus 1758.	high	accession
GCA_033439345.1	Tupaia belangeri chinensis	Kunming Institution of Zoology, CAS	PRJNA1012869	10.3390/ijms26146681	40724931	Identification and Characterization of the Complete Genome of the TGF-β Gene Family in Tupaia belangeri: Expression and Function of Adipose Tissue Under Cold Acclimation Conditions.	medium	organism_title
GCA_040939475.2	Microcebus murinus	Stanford University	PRJNA1082315	10.1101/gr.279299.124	39107043	Independent expansion, selection, and hypervariability of the TBC1D3 gene family in humans.	medium	bioproject_text
GCA_043251655.1	Eulemur rufifrons	Rutgers, The State University of New Jersey	PRJNA1103329	10.1093/g3journal/jkaf213	40931566	An annotated chromosome-level genome for the red-fronted brown lemur (Eulemur rufifrons) sheds light on brown lemur evolution.	high	accession
GCA_023898255.1	Nycticebus bengalensis	BGI-Shenzhen	PRJNA785018	10.3390/v14071370	35891351	Origin and Deep Evolution of Human Endogenous Retroviruses in Pan-Primates.	low	bioproject_text
GCA_046862485.1	Callithrix penicillata	Arizona State University	PRJNA523561	10.1093/molbev/msaf119	40418732	Accounting for Chimerism in Demographic Inference: Reconstructing the History of Common Marmosets (Callithrix jacchus) from High-Quality, Whole-Genome, Population-Level Data.	low	organism_genus_title
GCA_049354655.1	Callithrix jacchus	University of California Santa Cruz	PRJNA1229129	10.1038/s41437-025-00804-7	41062776	Investigating the effects of chimerism on the inference of selection: quantifying genomic targets of purifying, positive, and balancing selection in common marmosets (Callithrix jacchus).	low	organism_title
GCA_049354665.1	Callithrix jacchus	University of California Santa Cruz	PRJNA1229128	10.1038/s41437-025-00804-7	41062776	Investigating the effects of chimerism on the inference of selection: quantifying genomic targets of purifying, positive, and balancing selection in common marmosets (Callithrix jacchus).	low	organism_title
GCA_049354675.1	Callithrix jacchus	University of California Santa Cruz	PRJNA1229127	10.1038/s41437-025-00804-7	41062776	Investigating the effects of chimerism on the inference of selection: quantifying genomic targets of purifying, positive, and balancing selection in common marmosets (Callithrix jacchus).	low	organism_title
GCA_049354715.1	Callithrix jacchus	University of California Santa Cruz	PRJNA1229130	10.1038/s41437-025-00804-7	41062776	Investigating the effects of chimerism on the inference of selection: quantifying genomic targets of purifying, positive, and balancing selection in common marmosets (Callithrix jacchus).	low	organism_title
GCA_021498475.1	Saguinus midas	BGI-Shenzhen	PRJNA785018	10.3390/v14071370	35891351	Origin and Deep Evolution of Human Endogenous Retroviruses in Pan-Primates.	low	bioproject_text
GCA_026956025.1	Macaca cyclopis	Academia Sinica	PRJNA559050	10.1038/s41598-023-38402-4	37460589	Genome sequencing and application of Taiwanese macaque Macaca cyclopis.	medium	organism_title
GCA_011100615.1	Macaca fascicularis	Baylor College of Medicine Human Genome Sequencing Center	PRJNA607781	10.24272/j.issn.2095-8137.2022.149	36052552	Chromosome-level genome assembly of Tibetan macaque ( Macaca thibetana) and species-specific structural variations.	high	accession
GCA_008058575.1	Macaca mulatta	Kunming Institute of Zoology, Chinese Academy of Sciences	PRJNA514196	10.1007/s00335-021-09922-z	34999909	Genomic resources for rhesus macaques (Macaca mulatta).	high	assembly_name
GCA_036172295.1	Macaca mulatta	West China Hospital, Sichuan University	PRJNA889987	10.3390/genes14111984	38002927	Identification of microRNAs Derived from Transposable Elements in the Macaca mulatta (Rhesus Monkey) Genome.	low	organism_title
GCA_000772465.1	Nasalis larvatus	Proboscis Monkey Functional Genome Consortium	PRJNA241312	10.1038/srep26509	27211601	SUMO5, a Novel Poly-SUMO Isoform, Regulates PML Nuclear Bodies.	medium	assembly_name
GCA_021498455.1	Colobus guereza	BGI-Shenzhen	PRJNA785018	10.3390/v14071370	35891351	Origin and Deep Evolution of Human Endogenous Retroviruses in Pan-Primates.	low	bioproject_text
GCA_040113105.1	Nomascus leucogenys	Shandong University of Technology	PRJNA1108629	10.1038/s41597-024-04073-7	39587154	Haplotype-phased genome assemblies and annotation of the northern white-cheeked gibbon (Nomascus leucogenys).	high	bioproject_text
GCA_040113115.1	Nomascus leucogenys	Shandong University of Technology	PRJNA1108630	10.1038/s41597-024-04073-7	39587154	Haplotype-phased genome assemblies and annotation of the northern white-cheeked gibbon (Nomascus leucogenys).	high	bioproject_text
GCA_047372625.1	Hoolock leuconedys	University of Connecticut	PRJNA1153068	10.1016/j.xgen.2025.100808	40088887	Centromeric transposable elements and epigenetic status drive karyotypic variation in the eastern hoolock gibbon.	medium	bioproject_text
GCA_021498465.1	Hylobates pileatus	BGI-Shenzhen	PRJNA785018	10.3390/v14071370	35891351	Origin and Deep Evolution of Human Endogenous Retroviruses in Pan-Primates.	low	bioproject_text
GCA_028885475.2	Gorilla gorilla gorilla	National Human Genome Research Institute, National Institutes of Health	PRJNA916733	10.3389/fimmu.2024.1475003	39450182	Deciphering Gorilla gorilla gorilla immunoglobulin loci in multiple genome assemblies and enrichment of IMGT resources.	high	assembly_name
GCA_028885495.2	Gorilla gorilla gorilla	National Human Genome Research Institute, National Institutes of Health	PRJNA916732	10.3389/fimmu.2024.1475003	39450182	Deciphering Gorilla gorilla gorilla immunoglobulin loci in multiple genome assemblies and enrichment of IMGT resources.	high	assembly_name
GCA_013052645.3	Pan paniscus	University of Washington	PRJNA526933	10.1093/gbe/evae108	38758096	De Novo Genome Assembly for the Coppery Titi Monkey (Plecturocebus cupreus): An Emerging Nonhuman Primate Model for Behavioral Research.	medium	assembly_name
GCA_028858825.2	Pan paniscus	National Human Genome Research Institute, National Institutes of Health	PRJNA916734	10.1101/2025.06.30.659717		Unbiased whole genome comparison of Pan paniscus (bonobo) and Homo sapiens (human) through a novel sequence match-based approach	low	organism_title
GCA_028858845.2	Pan paniscus	National Human Genome Research Institute, National Institutes of Health	PRJNA916735	10.1101/2025.06.30.659717		Unbiased whole genome comparison of Pan paniscus (bonobo) and Homo sapiens (human) through a novel sequence match-based approach	low	organism_title
GCA_028858805.2	Pan troglodytes	National Human Genome Research Institute, National Institutes of Health	PRJNA916737	10.1101/gr.279299.124	39107043	Independent expansion, selection, and hypervariability of the TBC1D3 gene family in humans.	low	bioproject_text
GCA_900086635.1	Pongo pygmaeus	Universita di Bari	PRJEB13951	10.1038/srep41980	28155877	Epigenetic origin of evolutionary novel centromeres.	medium	bioproject_text
GCA_040182945.1	Dugong dugon	Institute of Deep-sea Science and Engineering	PRJNA1114306	10.1093/jhered/esae003	38245832	A chromosome-level genome assembly for the dugong (Dugong dugon).	medium	organism_title
GCA_032718585.1	Elephas maximus	National Forestry and Grassland Administration	PRJNA1006545	10.1186/s12864-026-12821-9	41975254	The reference genome of the Asian Elephant (Elephas maximus): a foundation for conservation and genomic research.	medium	organism_title
GCA_032718755.1	Elephas maximus	National Forestry and Grassland Administration	PRJNA1006546	10.1186/s12864-026-12821-9	41975254	The reference genome of the Asian Elephant (Elephas maximus): a foundation for conservation and genomic research.	medium	organism_title
GCA_033060105.1	Elephas maximus	National Forestry and Grassland Administration	PRJNA1006510	10.1186/s12864-026-12821-9	41975254	The reference genome of the Asian Elephant (Elephas maximus): a foundation for conservation and genomic research.	medium	organism_title
GCA_032717405.1	Loxodonta africana	National Forestry and Grassland Administration	PRJNA1006544	10.1093/jhered/esad034	37246890	Genomic resources for Asian (Elephas maximus) and African savannah elephant (Loxodonta africana) conservation and health research.	medium	organism_title
GCA_032717415.1	Loxodonta africana	National Forestry and Grassland Administration	PRJNA1006543	10.1093/jhered/esad034	37246890	Genomic resources for Asian (Elephas maximus) and African savannah elephant (Loxodonta africana) conservation and health research.	medium	organism_title
GCA_033060095.1	Loxodonta africana	National Forestry and Grassland Administration	PRJNA1006510	10.1093/jhered/esad034	37246890	Genomic resources for Asian (Elephas maximus) and African savannah elephant (Loxodonta africana) conservation and health research.	medium	organism_title
GCA_015598185.1	Tachyglossus aculeatus	BGI	PRJNA576333	10.1093/ve/veac084	36176487	Monotreme-specific conserved putative proteins derived from retroviral reverse transcriptase.	medium	assembly_name
GCA_040894355.2	Myuchelys georgesi	The University of Sydney	PRJNA1003540	10.1002/ece3.70798	39781257	A Genomic-Based Workflow for eDNA Assay Development for a Critically Endangered Turtle, Myuchelys georgesi.	medium	bioproject_text
GCA_048772765.1	Pelodiscus sinensis	Pearl River Fisheries Research Institute	PRJNA1192716	10.1038/s41597-025-05806-y	41022891	Chromosome-level genome assembly of the Chinese soft-shelled turtle Pelodiscus sinensis.	low	organism_title
GCA_052110805.1	Pelodiscus sinensis	Zhejiang University	PRJNA1219809	10.1038/s41597-025-05806-y	41022891	Chromosome-level genome assembly of the Chinese soft-shelled turtle Pelodiscus sinensis.	low	organism_title
GCA_019425775.1	Rafetus swinhoei	Center for Ecological and Environmental Sciences	PRJNA669557	10.1111/1755-0998.13596	35152561	Genomic insights into the evolution of the critically endangered soft-shelled turtle Rafetus swinhoei.	medium	organism_title
GCA_044707075.1	Staurotypus triporcatus	Iowa State University	PRJNA1021228	10.1101/gr.279443.124	39414368	De novo genome assemblies of two cryptodiran turtles with ZZ/ZW and XX/XY sex chromosomes provide insights into patterns of genome reshuffling and uncover novel 3D genome folding in amniotes.	high	bioproject_text
GCA_030012505.1	Eretmochelys imbricata	Guangdong Ocean University	PRJNA872952	10.1038/s41597-023-02522-3	37689728	The first high-quality chromosome-level genome of Eretmochelys imbricata using HiFi and Hi-C data.	high	bioproject_text
GCA_032357905.1	Mauremys mutica	Anhui normal university	PRJNA686403	10.1038/s41598-022-12054-2	35550586	Chromosome-level genome assembly of Asian yellow pond turtle (Mauremys mutica) with temperature-dependent sex determination system.	low	organism_title
GCA_037418315.2	Chrysemys picta marginata	Canada's Genomic Enterprise	PRJNA1069019	10.1186/s12864-026-12683-1	41792601	A new chromosome-level genome assembly for western painted turtle Chrysemys picta bellii, a model for extreme physiological adaptations.	medium	organism_title
GCA_040782865.1	Testudo graeca	Miguel Hernandez University	PRJNA1086345	10.1371/journal.pone.0303408	39121089	Taking advantage of reference-guided assembly in a slowly-evolving lineage: Application to Testudo graeca.	high	bioproject_text
GCA_052110815.1	Crocodylus siamensis	Zhejiang University	PRJNA1219809	10.1038/s41467-025-67427-8	41365915	Evolution of chromosomes and nuclear architectures of amniotes.	medium	bioproject_text
GCA_963989345.1	Clangula hyemalis	WELLCOME SANGER INSTITUTE	PRJEB73781	10.12688/wellcomeopenres.22779.2	39606616	The genome sequence of the Long-tailed duck, Clangula hyemalis (Linnaeus, 1758).	high	assembly_name
GCA_964059595.1	Bucephala clangula	WELLCOME SANGER INSTITUTE	PRJEB76092	10.12688/wellcomeopenres.24275.1	40600128	The genome sequence of the Common Goldeneye, Bucephala clangula (Linnaeus, 1758).	high	assembly_name
GCA_030142145.1	Somateria mollissima	WSL	PRJNA941158	10.1093/jhered/esae042	39231044	A chromosome-level genome assembly of the common eider, Somateria mollissima (Linnaeus, 1758).	high	accession
GCA_951411735.1	Somateria mollissima	EBP Norway	PRJEB61097	10.1093/jhered/esae042	39231044	A chromosome-level genome assembly of the common eider, Somateria mollissima (Linnaeus, 1758).	high	bioproject_text
GCA_951416345.1	Somateria mollissima	EBP Norway	PRJEB62037	10.1093/jhered/esae042	39231044	A chromosome-level genome assembly of the common eider, Somateria mollissima (Linnaeus, 1758).	high	bioproject_text
GCA_011075105.1	Heteronetta atricapilla	Brood Parasitic Bird Genomes Consortium	PRJNA588796	10.1101/2022.05.22.492970		Patterns of lineage-specific genome evolution in the brood parasitic black-headed duck ( Heteronetta atricapilla )	medium	organism_title
GCA_002224895.2	Anas platyrhynchos	BGI	PRJNA392350	10.12688/wellcomeopenres.23744.1		The genome sequence of the mallard, Anas platyrhynchos Linnaeus, 1758	low	organism_title
GCA_039998725.1	Anas platyrhynchos	Institute of Animal Sciences (IAS)	PRJNA1107839	10.1093/g3journal/jkad171	37523777	Chromosomal-level reference genome of a wild North American mallard (Anas platyrhynchos).	low	organism_title
GCA_040361065.1	Anas platyrhynchos	Inner Mongolia Agricultural University	PRJNA1001158	10.1093/g3journal/jkad171	37523777	Chromosomal-level reference genome of a wild North American mallard (Anas platyrhynchos).	low	organism_title
GCA_040361135.1	Anas platyrhynchos	Inner Mongolia Agricultural University	PRJNA1001159	10.1093/g3journal/jkad171	37523777	Chromosomal-level reference genome of a wild North American mallard (Anas platyrhynchos).	low	organism_title
GCA_047301635.1	Anas platyrhynchos	Zhejiang Academy of Agricultural Sciences	PRJNA1203063	10.12688/wellcomeopenres.23744.1		The genome sequence of the mallard, Anas platyrhynchos Linnaeus, 1758	low	organism_title
GCA_048756695.1	Anas platyrhynchos	Jiangxi Science & Technology Normal University	PRJNA893649	10.12688/wellcomeopenres.23744.1		The genome sequence of the mallard, Anas platyrhynchos Linnaeus, 1758	low	organism_title
GCA_900411745.1	Anas platyrhynchos	zhao_yue	PRJEB26619	10.1093/g3journal/jkad171	37523777	Chromosomal-level reference genome of a wild North American mallard (Anas platyrhynchos).	low	organism_title
GCA_964188345.1	Anas platyrhynchos	WELLCOME SANGER INSTITUTE	PRJEB76742	10.1093/g3journal/jkad171	37523777	Chromosomal-level reference genome of a wild North American mallard (Anas platyrhynchos).	low	organism_title
GCA_002743455.1	Anas platyrhynchos platyrhynchos	China Agricultural University	PRJNA403935	10.1093/g3journal/jkad171	37523777	Chromosomal-level reference genome of a wild North American mallard (Anas platyrhynchos).	low	organism_title
GCA_009194515.1	Cairina moschata	McDonnell Genome Institute - Washington University School of Medicine	PRJNA417448	10.1186/s12864-021-07897-4	34330207	A chromosome-level genome assembly of Cairina moschata and comparative genomic analyses.	high	assembly_name
GCA_018104995.1	Cairina moschata	HUAZHONG Agricultural University	PRJNA669953	10.1186/s12864-021-07897-4	34330207	A chromosome-level genome assembly of Cairina moschata and comparative genomic analyses.	high	bioproject_text
GCA_048319975.1	Cairina moschata	CUA	PRJNA984447	10.1016/j.psj.2026.106973	42061252	De novo chromosome-level genome assembly and annotation of the Muscovy duck (Cairina moschata).	low	organism_title
GCA_026413565.1	Aythya baeri	Collage of Life Science	PRJNA794294	10.1038/s41597-023-02063-9	36991020	Chromosome-level genome assembly of the critically endangered Baer's pochard (Aythya baeri).	medium	organism_title
GCA_029042245.1	Aythya marila	Qufu normal university	PRJNA880747	10.1038/s41597-023-02142-x	37142629	A high-quality chromosomal-level genome assembly of Greater Scaup (Aythya marila).	low	organism_title
GCA_042478095.1	Aythya ferina	Qufu Normal University	PRJNA951943	10.1186/s12864-024-10846-6	39363174	Chromosome-level genome provides insights into evolution and diving adaptability in the vulnerable common pochard (Aythya ferina).	high	bioproject_text
GCA_964211825.1	Aythya ferina	WELLCOME SANGER INSTITUTE	PRJEB78494	10.12688/wellcomeopenres.23904.1	40256619	The genome sequence of the Common Pochard, Aythya ferina (Linnaeus, 1758).	high	assembly_name
GCA_964035555.1	Netta rufina	WELLCOME SANGER INSTITUTE	PRJEB75341	10.12688/wellcomeopenres.23204.1	39544312	The genome sequence of the red-crested pochard, Netta rufina (Pallas, 1773).	high	assembly_name
GCA_964034855.1	Anser brachyrhynchus	WELLCOME SANGER INSTITUTE	PRJEB75305	10.12688/wellcomeopenres.23194.1	39925652	The genome sequence of the pink-footed goose, Anser brachyrhynchus Baillon, 1834.	high	assembly_name
GCA_965277985.1	Anser erythropus	WELLCOME SANGER INSTITUTE	PRJEB89150	10.12688/wellcomeopenres.26718.1		The genome sequence of the lesser white-fronted goose, Anser erythropus (Linnaeus, 1758) (Anseriformes: Anatidae)	medium	organism_title
GCA_965250395.1	Anser fabalis	WELLCOME SANGER INSTITUTE	PRJEB88628	10.12688/wellcomeopenres.26717.1		The genome sequence of the Taiga Bean Goose, Anser fabalis (Latham, 1787) (Anseriformes: Anatidae)	medium	organism_title
GCA_964211785.1	Anser anser	WELLCOME SANGER INSTITUTE	PRJEB78492	10.1016/j.psj.2024.103933	38943801	Chromosome-level genome sequencing and multi-omics of the Hungarian White Goose (Anser anser domesticus) reveals novel miRNA-mRNA regulation mechanism of waterfowl feather follicle development.	medium	organism_title
GCA_964211835.1	Anser anser	WELLCOME SANGER INSTITUTE	PRJEB78491	10.1016/j.psj.2024.103933	38943801	Chromosome-level genome sequencing and multi-omics of the Hungarian White Goose (Anser anser domesticus) reveals novel miRNA-mRNA regulation mechanism of waterfowl feather follicle development.	medium	organism_title
GCA_025388735.1	Anser cygnoides	South China Agricultural University	PRJNA736831	10.1093/gigascience/giad003	36734171	Chromosome-level genome assembly of goose provides insight into the adaptation and growth of local goose breeds.	high	bioproject_text
GCA_030515125.1	Anser cygnoides	Qingdao Agricultural University	PRJNA733592	10.1038/s41597-024-03567-8	38972874	Telomere-to-telomere genome assembly of the goose Anser cygnoides.	low	organism_title
GCA_025583725.1	Anser indicus	China Agricultural University	PRJNA841826	10.1038/s41597-022-01801-9	36329062	Chromosome-level genome assembly of the bar-headed goose (Anser indicus).	medium	organism_title
GCA_965278835.1	Alectoris graeca	NBIS (National Bioinformatics Infrastructure Sweden)	PRJEB79727	10.12688/f1000research.162894.1	41019348	The genome sequence of the red-legged partridge, Alectoris rufa Linnaeus 1758.	low	organism_genus_title
GCA_030625065.1	Alectoris magna	Yantai University	PRJNA945176	10.1038/s41597-023-02655-5	38007538	Chromosome-level genome assembly of Przevalski's partridge (Alectoris magna).	medium	organism_title
GCA_035666275.1	Alectoris chukar	Shanghai Jiao Tong University	PRJNA780965	10.1038/s41597-024-02991-0	38307880	De novo Phased Genome Assembly, Annotation and Population Genotyping of Alectoris Chukar.	high	bioproject_text
GCA_943294205.1	Meleagris gallopavo	animal breeding and genomics	PRJEB52875	10.1016/j.psj.2021.101366	34525446	Investigating inbreeding in the turkey (Meleagris gallopavo) genome.	low	organism_title
GCA_943295565.1	Meleagris gallopavo	animal breeding and genomics	PRJEB52874	10.1016/j.psj.2021.101366	34525446	Investigating inbreeding in the turkey (Meleagris gallopavo) genome.	low	organism_title
GCA_951394365.1	Tetrao urogallus	WELLCOME SANGER INSTITUTE	PRJEB62070	10.12688/wellcomeopenres.21261.1	38706509	The genome sequence of the Western Capercaillie Tetrao urogallus Linnaeus, 1758.	high	assembly_name
GCA_002798355.1	Gallus gallus	Hanyang University	PRJNA412424	10.1093/gigascience/giy086	30010758	Whole genome and transcriptome maps of the entirely black native Korean chicken breed Yeonsan Ogye.	medium	bioproject_text
GCA_034769225.1	Gallus gallus	Chattogram Veterinary and Animal Sciences University (CVASU)	PRJNA1031390	10.1038/s41597-024-04287-9	39799174	Chromosome-level Genome Assembly of Korean Long-tailed Chicken and Pangenome of 40 Gallus gallus Assemblies.	high	assembly_name
GCA_034769275.1	Gallus gallus	Chattogram Veterinary and Animal Sciences University (CVASU)	PRJNA1031388	10.1038/s41597-024-04287-9	39799174	Chromosome-level Genome Assembly of Korean Long-tailed Chicken and Pangenome of 40 Gallus gallus Assemblies.	high	assembly_name
GCA_039997075.1	Gallus gallus	National Institute of Animal Science	PRJNA1085061	10.1038/s41597-024-04287-9	39799174	Chromosome-level Genome Assembly of Korean Long-tailed Chicken and Pangenome of 40 Gallus gallus Assemblies.	low	organism_title
GCA_040436645.1	Gallus gallus	Zhejiang University	PRJNA1063538	10.1038/s41597-024-04287-9	39799174	Chromosome-level Genome Assembly of Korean Long-tailed Chicken and Pangenome of 40 Gallus gallus Assemblies.	low	organism_title
GCA_040436655.1	Gallus gallus	Zhejiang University	PRJNA1063539	10.1038/s41597-024-04287-9	39799174	Chromosome-level Genome Assembly of Korean Long-tailed Chicken and Pangenome of 40 Gallus gallus Assemblies.	low	organism_title
GCA_041920315.1	Gallus gallus	Kunming University	PRJNA1015027	10.1038/s41597-024-04287-9	39799174	Chromosome-level Genome Assembly of Korean Long-tailed Chicken and Pangenome of 40 Gallus gallus Assemblies.	low	organism_title
GCA_052054655.1	Gallus gallus	Jiaying University	PRJNA1297297	10.1038/s41597-024-04287-9	39799174	Chromosome-level Genome Assembly of Korean Long-tailed Chicken and Pangenome of 40 Gallus gallus Assemblies.	low	organism_title
GCA_033088195.1	Gallus gallus gallus	China Agricultural University		10.1038/s41597-024-04287-9	39799174	Chromosome-level Genome Assembly of Korean Long-tailed Chicken and Pangenome of 40 Gallus gallus Assemblies.	high	assembly_name
GCA_030408155.1	Lophura swinhoii	Shaanxi Normal University	PRJNA970229	10.1111/1755-0998.13896	37955396	Genomic evolution of island birds from the view of the Swinhoe's pheasant (Lophura swinhoii).	medium	organism_title
GCA_045791835.1	Pavo cristatus	China Agricultural University	PRJNA1143721	10.1128/mra.01029-25	41211821	Draft genome sequence of multidrug-resistant Enterobacter hormaechei F10K from a captive common peafowl (Pavo cristatus) with respiratory illness and enteritis.	low	organism_title
GCA_965225075.1	Pavo cristatus	Centro Nacional de Análisis Genómico	PRJEB49024	10.1128/mra.01029-25	41211821	Draft genome sequence of multidrug-resistant Enterobacter hormaechei F10K from a captive common peafowl (Pavo cristatus) with respiratory illness and enteritis.	low	organism_title
GCA_037216735.1	Chrysolophus pictus	Southwest University	PRJNA1048144	10.24272/j.issn.2095-8137.2024.237	39846188	Transposable elements shape the landscape of heterozygous structural variation in a bird genome.	medium	bioproject_text
GCA_037305975.1	Chrysolophus pictus	Southwest University	PRJNA1048143	10.24272/j.issn.2095-8137.2024.237	39846188	Transposable elements shape the landscape of heterozygous structural variation in a bird genome.	medium	bioproject_text
GCA_023079485.1	Archilochus colubris	Johns Hopkins University	PRJNA811496	10.1101/gr.276779.122	37156619	Genomic insights into metabolic flux in hummingbirds.	medium	bioproject_text
GCA_907165065.1	Caprimulgus europaeus	WELLCOME SANGER INSTITUTE	PRJEB44540	10.12688/wellcomeopenres.17451.1	35028428	The genome sequence of the European nightjar, Caprimulgus europaeus (Linnaeus, 1758).	high	bioproject_text
GCA_963082525.1	Nesoenas mayeri	WELLCOME SANGER INSTITUTE	PRJEB64783	10.12688/wellcomeopenres.22471.2	41278531	The genome sequence of the Pink Pigeon, Nesoenas mayeri (Prévost, 1843).	high	assembly_name
GCA_964273445.1	Streptopelia decaocto	WELLCOME SANGER INSTITUTE	PRJEB80767	10.12688/wellcomeopenres.23900.1		The genome sequence of the Eurasian Collared-Dove, Streptopelia decaocto (Frivaldszky, 1838)	medium	organism_title
GCA_964273585.1	Streptopelia decaocto	WELLCOME SANGER INSTITUTE	PRJEB80768	10.12688/wellcomeopenres.23900.1		The genome sequence of the Eurasian Collared-Dove, Streptopelia decaocto (Frivaldszky, 1838)	medium	organism_title
GCA_901699155.2	Streptopelia turtur	Wellcome Sanger Institute	PRJEB32724	10.12688/wellcomeopenres.17060.1	39021440	The genome sequence of the European turtle dove, Streptopelia turtur Linnaeus 1758.	high	bioproject_text
GCA_001887795.1	Columba livia	Royal Veterinary College	PRJNA347893	10.1534/g3.117.300443	29519939	Improved Genome Assembly and Annotation for the Rock Pigeon (Columba livia).	high	assembly_name
GCA_028654425.1	Columba livia	Sichuan Agricultural University	PRJNA590607	10.1093/g3journal/jkad280	38066578	Assembly and annotation of 2 high-quality columbid reference genomes from sequencing of a Columba livia × Columba guinea F1 hybrid.	low	organism_title
GCA_032719375.1	Columba livia	Shanghai Jiao Tong University	PRJNA1018817	10.1038/s41597-024-04350-5	39741153	Near telomere-to-telomere assembly of the Tarim pigeon (Columba livia) genome.	high	bioproject_text
GCA_040285205.1	Columba livia	Zhejiang Academy of Agricultural Sciences	PRJNA1122952	10.1093/g3journal/jkad280	38066578	Assembly and annotation of 2 high-quality columbid reference genomes from sequencing of a Columba livia × Columba guinea F1 hybrid.	low	organism_title
GCA_965250375.1	Columba palumbus	WELLCOME SANGER INSTITUTE	PRJEB88629	10.1093/g3journal/jkad280	38066578	Assembly and annotation of 2 high-quality columbid reference genomes from sequencing of a Columba livia × Columba guinea F1 hybrid.	low	organism_genus_title
GCA_051313305.1	Strix nebulosa	Canada's national platform for genome sequencing and analysis	PRJNA1080238	10.64898/2026.06.29.735218		A chromosome-level genome assembly of the Eurasian great grey owl, Strix nebulosa lapponica (Thunberg 1798)	medium	organism_title
GCA_047947145.2	Strix uralensis	University of Veterinary Medicine	PRJNA1140424	10.1093/jhered/esaf038	40509755	Chromosome-level genome assembly and transcriptome analysis of the Ural owl, Strix uralensis Pallas, 1771.	high	bioproject_text
GCA_963210335.1	Falco punctatus	WELLCOME SANGER INSTITUTE	PRJEB65028	10.12688/wellcomeopenres.22452.1	39221442	The genome sequence of the Mauritius kestrel, Falco punctatus (Temminck, 1821).	high	assembly_name
GCA_001887755.1	Falco peregrinus	Royal Veterinary College	PRJNA347893	10.1038/s41598-023-44534-4	37853004	Phylogenomic insights into the polyphyletic nature of Altai falcons within eastern sakers (Falco cherrug) and the origins of gyrfalcons (Falco rusticolus).	low	accession
GCA_965282525.1	Falco peregrinus	WELLCOME SANGER INSTITUTE	PRJEB89481	10.12688/wellcomeopenres.25841.1		The genome sequence of the peregrine falcon, Falco peregrinus Tunstall, 1771 (Falconiformes: Falconidae)	low	organism_title
GCA_965282645.1	Falco peregrinus	WELLCOME SANGER INSTITUTE	PRJEB89480	10.12688/wellcomeopenres.25841.1		The genome sequence of the peregrine falcon, Falco peregrinus Tunstall, 1771 (Falconiformes: Falconidae)	low	organism_title
GCA_045269165.1	Zonotrichia capensis	The Roslin institute	PRJNA1139422	10.1038/s41597-025-04889-x	40180969	Genome assemblies of Nuttall's White-crowned sparrow (Zonotrichia leucophrys nuttalli) and Rufous-collared sparrow (Zonotrichia capensis).	medium	organism_title
GCA_045281155.1	Zonotrichia leucophrys nuttalli	The Roslin institute	PRJNA1167240	10.1038/s41597-024-02929-6	38238322	A chromosome-level genome assembly of a free-living white-crowned sparrow (Zonotrichia leucophrys gambelii).	medium	organism_title
GCA_963513975.1	Fringilla coelebs	WELLCOME SANGER INSTITUTE	PRJEB66368	10.12688/wellcomeopenres.21279.1	39114491	The genome sequence of the chaffinch, Fringilla coelebs Linnaeus, 1758.	high	assembly_name
GCA_965183895.1	Pyrrhula murina	Centro Nacional de Análisis Genómico	PRJEB86372	10.12688/openreseurope.20666.3	41836186	ERGA-BGE reference genome of the Azores Bullfinch - Pyrrhula murina Godman, 1866: an IUCN Vulnerable Species endemic to a single island in the Azores Archipelago (Portugal).	high	accession
GCA_050947545.1	Emberiza aureola	The University of Hong Kong	PRJNA1234483	10.1111/mec.70002	40586162	Genomic Signatures and Demographic History of the Widespread and Critically Endangered Yellow-Breasted Bunting.	medium	bioproject_text
GCA_001700915.1	Passer domesticus	Sparrow Genome Consortium	PRJNA255814	10.1111/jvim.14877	29197179	Metagenomic Investigation of Idiopathic Meningoencephalomyelitis in Dogs.	medium	assembly_name
GCA_009741485.1	Malurus cyaneus samueli	Australian National University	PRJNA553115	10.1101/742965		Genome of an iconic Australian bird: Chromosome-scale assembly and linkage map of the superb fairy-wren ( Malurus cyaneus )	medium	organism_title
GCA_048593965.1	Phylloscopus trochiloides	University of British Columbia	PRJNA1210605	10.1111/mec.17731	40091860	The Distribution and Dispersal of Large Haploblocks in a Superspecies.	medium	bioproject_text
GCA_910950805.1	Acrocephalus scirpaceus scirpaceus	University of Oslo	PRJEB45715	10.1093/gbe/evab212	34499122	A Chromosome-Level Genome Assembly of the Reed Warbler (Acrocephalus scirpaceus).	high	bioproject_text
GCA_014839755.1	Sylvia borin	Vertebrate Genomes Project	PRJNA561945	10.21203/rs.3.rs-2166848/v1		The blackcap (Sylvia atricapilla) genome reveals a species-specific accumulation of LTR retrotransposons	low	organism_genus_title
GCA_965231245.1	Zosterops lateralis	WELLCOME SANGER INSTITUTE	PRJEB87636	10.12688/wellcomeopenres.25383.1		The genome sequence of the silvereye, Zosterops lateralis (Latham, 1802) (Passeriformes: Zosteropidae)	medium	organism_title
GCA_965231275.1	Zosterops lateralis	WELLCOME SANGER INSTITUTE	PRJEB87635	10.12688/wellcomeopenres.25383.1		The genome sequence of the silvereye, Zosterops lateralis (Latham, 1802) (Passeriformes: Zosteropidae)	medium	organism_title
GCA_038380795.1	Pyrocephalus nanus	California Academy of Sciences, Charles Darwin Foundation and University of Vienna	PRJNA1040305	10.1093/gbe/evae083	38652799	Genome Assembly of Pyrocephalus nanus: A Step Toward the Genetic Conservation of the Endangered Little Vermilion Flycatcher of the Galapagos Islands.	high	bioproject_text
GCA_019023105.1	Diglossa brunneiventris	Louisiana State University	PRJNA629984	10.1093/g3journal/jkab271	34849784	A reference genome for the nectar-robbing Black-throated Flowerpiercer (Diglossa brunneiventris).	high	bioproject_text
GCA_902806625.1	Camarhynchus parvulus	UPPSALA UNIVERISTY	PRJEB36748	10.1126/sciadv.abm5982	35857449	Rapid adaptive radiation of Darwin's finches depends on ancestral genetic modules.	medium	assembly_name
GCA_013398505.2	Rhegmatorhina hoffmannsi	Louisiana State University	PRJNA669390	10.1002/ece3.11250	38660467	Whole genomes show contrasting trends of population size changes and genomic diversity for an Amazonian endemic passerine over the late quaternary.	medium	accession
GCA_049639895.1	Pseudopodoces humilis	Wuhan University	PRJNA1182069	10.1038/s41597-025-05171-w	40374627	Chromosome-level assembly of Pseudopodoces humilis genome: A resource for avian evolutionary studies.	high	bioproject_text
GCA_903797595.2	Erithacus rubecula	Wellcome Sanger Institute	PRJEB38658	10.12688/wellcomeopenres.16988.1		The genome sequence of the European robin, Erithacus rubecula Linnaeus 1758	medium	organism_title
GCA_965287025.1	Turdus philomelos	Genoscope CEA	PRJEB89825	10.1080/23802359.2023.2278826	39377035	The complete mitochondrial genome of the black-breasted thrush Turdus dissimilis (passeriformes: Turdidae).	low	organism_genus_title
GCA_965287035.1	Turdus iliacus	Genoscope CEA	PRJEB89822	10.1080/23802359.2023.2278826	39377035	The complete mitochondrial genome of the black-breasted thrush Turdus dissimilis (passeriformes: Turdidae).	low	organism_genus_title
GCA_017639355.1	Amazona aestiva	University of Vienna	PRJNA679636	10.1038/s41467-022-28585-1	35177601	Recurrent chromosome reshuffling and the evolution of neo-sex chromosomes in parrots.	medium	bioproject_text
GCA_017639245.1	Myiopsitta monachus	University of Vienna	PRJNA679636	10.1038/s41467-022-28585-1	35177601	Recurrent chromosome reshuffling and the evolution of neo-sex chromosomes in parrots.	medium	bioproject_text
GCA_963264785.1	Psittacula echo	WELLCOME SANGER INSTITUTE	PRJEB65273	10.12688/wellcomeopenres.22583.1	39301440	The genome sequence of the Mauritius parakeet, Alexandrinus eques (formerly Psittacula eques) (A.Newton & E. Newton, 1876).	high	assembly_name
GCA_042477495.1	Bucorvus leadbeateri	University of the Witwatersrand	PRJNA1116058	10.1038/s41597-025-04412-2	39799121	Whole genome sequencing, assembly and annotation of the Southern Ground Hornbill - Bucorvus leadbeateri.	medium	organism_title
GCA_033816785.1	Picus viridis	Museum national d'Histoire naturelle	PRJNA1027323	10.1093/g3journal/jkae042	38537260	Chromosome-level genome assembly of the European green woodpecker Picus viridis.	high	bioproject_text
GCA_043388435.1	Accipiter gularis	xiamen university	PRJNA1166332	10.1038/s41597-026-07743-w	42366261	Chromosome-level genome assembly of the Japanese sparrowhawk Accipiter gularis (Aves: Accipitriformes: Accipitridae).	low	organism_title
GCA_046127185.1	Accipiter gularis	Nanjing Normal University	PRJNA1166349	10.1038/s41597-026-07743-w	42366261	Chromosome-level genome assembly of the Japanese sparrowhawk Accipiter gularis (Aves: Accipitriformes: Accipitridae).	low	organism_title
GCA_964196065.2	Calonectris borealis	WELLCOME SANGER INSTITUTE	PRJEB77029	10.12688/wellcomeopenres.23354.1	39925649	The genome sequence of Cory's shearwater, Calonectris borealis (Cory, 1881).	high	assembly_name
GCA_017639555.1	Ciconia maguari	Vertebrate Genomes Project	PRJNA715733	10.1093/g3journal/jkae081	38626302	Museum genomics approach to study the taxonomy and evolution of Woolly-necked storks using historic specimens.	medium	bioproject_text
GCA_035839065.1	Nipponia nippon	Shaanxi normal university	PRJNA974878	10.1038/s41467-024-46052-x	38395916	Evolution and expression patterns of the neo-sex chromosomes of the crested ibis.	medium	bioproject_text
GCA_965183815.1	Platalea leucorodia	WELLCOME SANGER INSTITUTE	PRJEB86379	10.12688/wellcomeopenres.24883.1	41112845	The genome sequence of the Eurasian Spoonbill, Platalea leucorodia Linnaeus, 1758 (Pelecaniformes: Threskiornithidae).	high	assembly_name
GCA_034008185.1	Gorsachius magnificus	Sun Yat-sen University	PRJNA1041049	10.1038/s41597-023-02894-6	38228677	Chromosome-scale Genome assembly of the critically endangered White-eared Night-Heron (Gorsachius magnificus).	medium	organism_title
GCA_965638715.1	Aptenodytes patagonicus	marche polytechnic university	PRJEB86486	10.1101/2025.03.13.642884		A chromosome-level genome of the King penguin ( Aptenodytes patagonicus ): an emerging model-in-the-wild for studying evolution	medium	organism_title
GCA_017639485.1	Pluvialis apricaria	Vertebrate Genomes Project	PRJNA715924	10.1038/s41597-023-02427-1	37537173	A chromosome-level genome assembly for the astaxanthin-producing microalga Haematococcus pluvialis.	low	organism_genus_title
GCA_030820635.1	Chroicocephalus ridibundus	Kunming Institute of Zoology	PRJNA1001583	10.12688/wellcomeopenres.22741.2	40134894	The genome sequence of the black-headed gull, Chroicocephalus ridibundus (Linnaeus, 1766).	low	organism_title
GCA_009819605.1	Sterna hirundo	Vertebrate Genomes Project		10.1128/mra.01053-20	33184162	Draft Genome Sequences of Vibrio cholerae Non-O1, Non-O139 Isolates from Common Tern Chicks (Sterna hirundo) following a Mass Mortality Event.	medium	organism_title
GCA_965654385.1	Larus glaucescens	WELLCOME SANGER INSTITUTE	PRJEB94821	10.12688/wellcomeopenres.22766.2	41230493	The genome sequence of the lesser black-backed gull, Larus fuscus Linnaeus, 1758.	low	organism_genus_title
GCA_965654465.1	Larus glaucescens	WELLCOME SANGER INSTITUTE	PRJEB94820	10.12688/wellcomeopenres.22766.2	41230493	The genome sequence of the lesser black-backed gull, Larus fuscus Linnaeus, 1758.	low	organism_genus_title
GCA_964199725.2	Larus michahellis	WELLCOME SANGER INSTITUTE	PRJEB77561	10.12688/wellcomeopenres.23849.1	40386543	The genome sequence of the Yellow-legged Gull, Larus michahellis Naumann, 1840.	medium	organism_title
GCA_964199755.2	Larus michahellis	WELLCOME SANGER INSTITUTE	PRJEB77562	10.12688/wellcomeopenres.23849.1	40386543	The genome sequence of the Yellow-legged Gull, Larus michahellis Naumann, 1840.	medium	organism_title
GCA_965654445.1	Larus occidentalis	WELLCOME SANGER INSTITUTE	PRJEB94825	10.12688/wellcomeopenres.22766.2	41230493	The genome sequence of the lesser black-backed gull, Larus fuscus Linnaeus, 1758.	low	organism_genus_title
GCA_965654455.1	Larus occidentalis	WELLCOME SANGER INSTITUTE	PRJEB94824	10.12688/wellcomeopenres.22766.2	41230493	The genome sequence of the lesser black-backed gull, Larus fuscus Linnaeus, 1758.	low	organism_genus_title
GCA_966204495.1	Larus canus	WELLCOME SANGER INSTITUTE	PRJEB95784	10.12688/wellcomeopenres.22766.2	41230493	The genome sequence of the lesser black-backed gull, Larus fuscus Linnaeus, 1758.	low	organism_genus_title
GCA_966207165.1	Larus canus	WELLCOME SANGER INSTITUTE	PRJEB95783	10.12688/wellcomeopenres.22766.2	41230493	The genome sequence of the lesser black-backed gull, Larus fuscus Linnaeus, 1758.	low	organism_genus_title
GCA_965649785.1	Larus marinus	WELLCOME SANGER INSTITUTE	PRJEB94508	10.12688/wellcomeopenres.22766.2	41230493	The genome sequence of the lesser black-backed gull, Larus fuscus Linnaeus, 1758.	low	organism_genus_title
GCA_965649815.1	Larus marinus	WELLCOME SANGER INSTITUTE	PRJEB94507	10.12688/wellcomeopenres.22766.2	41230493	The genome sequence of the lesser black-backed gull, Larus fuscus Linnaeus, 1758.	low	organism_genus_title
GCA_963932225.2	Larus fuscus	WELLCOME SANGER INSTITUTE	PRJEB72328	10.12688/wellcomeopenres.22766.2	41230493	The genome sequence of the lesser black-backed gull, Larus fuscus Linnaeus, 1758.	medium	organism_title
GCA_963932325.2	Larus fuscus	WELLCOME SANGER INSTITUTE	PRJEB72327	10.12688/wellcomeopenres.22766.2	41230493	The genome sequence of the lesser black-backed gull, Larus fuscus Linnaeus, 1758.	medium	organism_title
GCA_964304615.2	Scolopax rusticola	Genoscope	PRJEB78438	10.12688/openreseurope.23370.1	42404430	ERGA-BGE reference genome of the Eurasian Woodcock ( Scolopax rusticola), a game bird species with isolated populations of conservation interest.	medium	organism_title
GCA_964106855.1	Grus grus	WELLCOME SANGER INSTITUTE	PRJEB75999	10.12688/wellcomeopenres.23797.1	40162188	The genome sequence of the common crane, Grus grus (Linnaeus, 1758).	high	assembly_name
GCA_964237585.1	Gallinula chloropus	WELLCOME SANGER INSTITUTE	PRJEB79218	10.12688/wellcomeopenres.24858.1	41394794	The genome sequence of the Common Moorhen, Gallinula chloropus (Linnaeus, 1758) (Gruiformes: Rallidae).	high	assembly_name
GCA_016801065.1	Sceloporus tristichus	Univeristy of Washington	PRJNA644186	10.1093/g3journal/jkab036	33693605	Characterization of a pericentric inversion in plateau fence lizards (Sceloporus tristichus): evidence from chromosome-scale genomes.	high	bioproject_text
GCA_016801415.1	Sceloporus tristichus	Univeristy of Washington	PRJNA644186	10.1093/g3journal/jkab036	33693605	Characterization of a pericentric inversion in plateau fence lizards (Sceloporus tristichus): evidence from chromosome-scale genomes.	high	bioproject_text
GCA_030440675.1	Furcifer pardalis	Institute of Zoology, Chinese Academy of Sciences	PRJNA974816	10.1093/gbe/evad131	37481259	Efficient and Highly Continuous Chromosome-Level Genome Assembly of the First Chameleon Genome.	high	bioproject_text
GCA_051106095.1	Pogona vitticeps	BioPlatforms Australia, AusARG Initiative	PRJNA1252275	10.1093/gigascience/giaf085	40825569	A near telomere-to-telomere phased genome assembly and annotation for the Australian central bearded dragon Pogona vitticeps.	high	bioproject_text
GCA_040285375.1	Laudakia wui	Institute of Plateau Biology of Xizang	PRJNA1099450	10.1038/s41597-024-04284-y	39706843	High-quality chromosome-scale genome assembly of Laudakia wui (Laudakia, Agamidae).	high	bioproject_text
GCA_964265115.1	Malpolon monspessulanus	Centro Nacional de Análisis Genómico	PRJEB77783	10.3897/arphapreprints.e155085		ERGA-BGE Reference Genome of the Western Montpellier Snake (Malpolon monspessulanus), a Key Species for Evolutionary and Venom Studies	medium	organism_title
GCA_039707465.1	Rhabdophis nuchalis	Sichuan Agricultural University	PRJNA1096857	10.1038/s41597-024-03708-z	39117633	Chromosome-level genome assembly and annotation of the Rhabdophis nuchalis (Hubei keelback).	medium	organism_title
GCA_964273705.1	Natrix helvetica	WELLCOME SANGER INSTITUTE	PRJEB80796	10.12688/openreseurope.20863.1	40980197	ERGA-BGE Genome of the viperine water snake ( Natrix maura): a key species for evolutionary insights of freshwater snakes.	low	organism_genus_title
GCA_964659585.1	Natrix maura	Centro Nacional de Análisis Genómico	PRJEB77786	10.12688/openreseurope.20863.1	40980197	ERGA-BGE Genome of the viperine water snake ( Natrix maura): a key species for evolutionary insights of freshwater snakes.	medium	organism_title
GCA_050231175.1	Elaphe schrenckii	Zhejiang University	PRJNA1201621	10.1093/gbe/evaf086	40333365	Chromosome-Level Genome Assembly and Annotation of the Amur Rat Snake Elaphe schrenckii.	high	bioproject_text
GCA_050613815.1	Pseudoxenodon stejnegeri	Chengdu University	PRJNA1255721	10.1038/s41597-025-06405-7	41361245	High-quality chromosome-level genome assembly of the snake Pseudoxenodon stejnegeri (Squamata: Colubridae).	medium	organism_title
GCA_033807585.1	Hydrophis major	Australian Amphibian and Reptile Genomics Initiative	PRJNA984433	10.1186/s12915-023-01772-2	38066641	New chromosome-scale genomes provide insights into marine adaptations of sea snakes (Hydrophis: Elapidae).	high	bioproject_text
GCA_023653725.1	Bungarus multicinctus	China Academy of Chinese Medical Sciences	PRJNA682532	10.46471/gigabyte.82	37404266	The genome assembly and annotation of the many-banded krait, Bungarus multicinctus.	medium	organism_title
GCA_947247035.1	Vipera ursinii	WELLCOME SANGER INSTITUTE	PRJEB57183	10.12688/wellcomeopenres.22694.2	39345343	The genome sequence of the Hungarian meadow viper, Vipera ursinii rakosiensis (Méhely, 1893).	high	assembly_name
GCA_964194415.1	Vipera berus	WELLCOME SANGER INSTITUTE	PRJEB76966	10.12688/wellcomeopenres.23470.2	41079487	The genome sequence of the common adder, Vipera berus (Linnaeus, 1758).	high	assembly_name
GCA_047301725.1	Vipera ammodytes	BGI Genomics	PRJNA1177245	10.1093/gbe/evaf210	41208260	A Chromosome-level Genome Assembly of the Western Nose-Horned Viper (Vipera ammodytes ammodytes).	high	bioproject_text
GCA_965207765.1	Zootoca vivipara	WELLCOME SANGER INSTITUTE	PRJEB86928	10.12688/wellcomeopenres.26692.1		The genome sequence of the Eurasian common lizard, Zootoca vivipara (von Jacquin, 1787) (Squamata: Lacertidae)	low	organism_title
GCA_965208345.1	Zootoca vivipara	WELLCOME SANGER INSTITUTE	PRJEB86929	10.12688/wellcomeopenres.26692.1		The genome sequence of the Eurasian common lizard, Zootoca vivipara (von Jacquin, 1787) (Squamata: Lacertidae)	low	organism_title
GCA_951804945.1	Podarcis cretensis	WELLCOME SANGER INSTITUTE	PRJEB62765	10.12688/wellcomeopenres.21176.1		The genome sequence of the Cretan wall lizard, Podarcis cretensis (Wettstein, 1952)	medium	organism_title
GCA_964252035.1	Podarcis erhardii	WELLCOME SANGER INSTITUTE	PRJEB79339	10.12688/wellcomeopenres.24041.1	40574743	The genome sequence of Erhard's wall lizard, Podarcis erhardii (Bedriaga, 1882).	high	assembly_name
GCA_965113305.1	Podarcis vaucheri	WELLCOME SANGER INSTITUTE	PRJEB85074	10.12688/wellcomeopenres.24168.1	41458310	The genome sequence of the Andalusian wall lizard, Podarcis vaucheri (Boulenger, 1905).	high	assembly_name
GCA_965113315.1	Podarcis vaucheri	WELLCOME SANGER INSTITUTE	PRJEB85075	10.12688/wellcomeopenres.24168.1	41458310	The genome sequence of the Andalusian wall lizard, Podarcis vaucheri (Boulenger, 1905).	high	assembly_name
GCA_964188315.1	Podarcis muralis	WELLCOME SANGER INSTITUTE	PRJEB76737	10.1111/mec.70288	41776974	Surviving the Squeeze: Genomic Analysis of a Successful Invasion by European Common Wall Lizards (Podarcis muralis) in North America (Ohio, USA).	low	organism_title
GCA_014706415.1	Podarcis muralis nigriventris	Lund University	PRJNA662234	10.3390/genes14112089	38003031	Interspecific Comparison of Orthologous Short Interspersed Elements Loci Using Whole-Genome Data.	medium	assembly_name
GCA_964270895.1	Podarcis filfolensis	WELLCOME SANGER INSTITUTE	PRJEB80628	10.1007/s13258-025-01676-1	41137956	Unravelling the thread of Podarcis omics; insights into the genome and transcriptome of the Cretan wall lizard.	high	assembly_name
GCA_964234715.1	Podarcis melisellensis	WELLCOME SANGER INSTITUTE	PRJEB79071	10.12688/wellcomeopenres.24140.1	40556664	The genome sequence of the Dalmatian wall lizard, Podarcis melisellensis (Braun, 1877).	high	assembly_name
GCA_964234825.1	Podarcis melisellensis	WELLCOME SANGER INSTITUTE	PRJEB79072	10.12688/wellcomeopenres.24140.1	40556664	The genome sequence of the Dalmatian wall lizard, Podarcis melisellensis (Braun, 1877).	high	assembly_name
GCA_964188175.1	Podarcis siculus	WELLCOME SANGER INSTITUTE	PRJEB76730	10.12688/wellcomeopenres.24167.1		The genome sequence of the Italian wall lizard, Podarcis siculus (Rafinesque-Schmaltz, 1810)	medium	organism_title
GCA_965153285.1	Podarcis tiliguerta	WELLCOME SANGER INSTITUTE	PRJEB85968	10.12688/wellcomeopenres.24853.1	41079486	The genome sequence of the Tyrrhenian Wall Lizard, Podarcis tiliguerta (Gmelin, 1789) (Squamata: Lacertidae).	high	assembly_name
GCA_965153305.2	Podarcis tiliguerta	WELLCOME SANGER INSTITUTE	PRJEB85969	10.12688/wellcomeopenres.24853.1	41079486	The genome sequence of the Tyrrhenian Wall Lizard, Podarcis tiliguerta (Gmelin, 1789) (Squamata: Lacertidae).	high	assembly_name
GCA_965112155.1	Podarcis liolepis	WELLCOME SANGER INSTITUTE	PRJEB84044	10.12688/wellcomeopenres.24854.1	41179920	The genome sequence of the Catalonian Wall Lizard, Podarcis liolepis (Boulenger, 1905) (Squamata: Lacertidae).	high	assembly_name
GCA_964106635.2	Podarcis pityusensis	WELLCOME SANGER INSTITUTE		10.12688/wellcomeopenres.24143.1	40520148	The genome sequence of the Ibiza wall lizard, Podarcis pityusensis (Boscá, 1883).	high	assembly_name
GCA_964106645.2	Podarcis pityusensis	WELLCOME SANGER INSTITUTE	PRJEB76014	10.12688/wellcomeopenres.24143.1	40520148	The genome sequence of the Ibiza wall lizard, Podarcis pityusensis (Boscá, 1883).	high	assembly_name
GCA_964188305.1	Podarcis bocagei	WELLCOME SANGER INSTITUTE	PRJEB76738	10.12688/wellcomeopenres.24032.1	40666602	The genome sequence of Bocage's wall lizard, Podarcis bocagei (Lopez-Seoane, 1885).	high	assembly_name
GCA_964188325.1	Podarcis bocagei	WELLCOME SANGER INSTITUTE	PRJEB76739	10.12688/wellcomeopenres.24032.1	40666602	The genome sequence of Bocage's wall lizard, Podarcis bocagei (Lopez-Seoane, 1885).	high	assembly_name
GCA_964106785.1	Podarcis gaigeae	WELLCOME SANGER INSTITUTE	PRJEB76109	10.12688/wellcomeopenres.24139.1		The genome sequence of the Skyros Wall Lizard, Podarcis gaigeae (Werner, 1930)	medium	organism_title
GCA_964106915.2	Podarcis gaigeae	WELLCOME SANGER INSTITUTE	PRJEB76108	10.1007/s13258-025-01676-1	41137956	Unravelling the thread of Podarcis omics; insights into the genome and transcriptome of the Cretan wall lizard.	high	assembly_name
GCA_023333525.2	Aspidoscelis tigris stejnegeri	UCLA	PRJNA810478	10.1093/gbe/evaf228	41346306	Ancestral Chromosome-Level Assemblies Reveal Posthybridization Genome Evolution in the New Mexico Whiptail Lizard (Aspidoscelis neomexicanus).	low	organism_genus_title
GCA_041380405.1	Spondylurus nitidus	North Carolina State University	PRJNA1039818	10.1093/gbe/evae079	38619022	High-Quality, Chromosome-Level Reference Genomes of the Viviparous Caribbean Skinks Spondylurus nitidus and S. culebrae.	high	bioproject_text
GCA_965280105.1	Carinascincus ocellatus	INSTITUT DES SCIENCES DE L'EVOLUTION DE MONTPELLIER, UNIVERSITE DE MONTPELLIER, CNRS-EPHE-IRD-UM	PRJEB88809	10.1186/s12915-025-02402-9	41063094	Chromosome-level genome assembly and Oligo-FISH confirmation of chromosome models for the Tasmanian snow skink Carinascincus ocellatus (Scincidae, Eugongylinae).	high	bioproject_text
GCA_041722995.2	Acritoscincus duperreyi	AusArg	PRJNA980841	10.1093/jhered/esaf040	40581366	A chromosome-level reference genome assembly for Gilbert's skink Plestiodon gilberti.	high	assembly_name
GCA_051473905.1	Teratoscincus roborowskii	Xinjiang Agricultural University	PRJNA1229158	10.1038/s41597-025-05969-8	41131014	Chromosome-level genome assembly of Turpan wonder gecko (Teratoscincus roborowskii) reveals olfactory candidate genes.	medium	organism_title
GCA_964261635.1	Lissotriton helveticus	WELLCOME SANGER INSTITUTE	PRJEB79500	10.1002/ece3.71994	40909018	Phylogeographic and Genomic Insights Unveil the Evolutionary History and Post-Glacial Recolonization Routes of the Palmate Newt (Lissotriton helveticus) Into Europe.	medium	organism_title
GCA_964263255.1	Lissotriton vulgaris	WELLCOME SANGER INSTITUTE		10.1002/ece3.10478	37664508	Genomic analysis reveals complex population structure within the smooth newt, Lissotriton vulgaris, in Central Europe.	medium	organism_title
GCA_031142525.1	Pleurodeles waltl	The Max Planck Institute of Molecular Cell Biology and Genetics	PRJNA990736	10.3389/fimmu.2025.1696217	41394813	Unique TCR loci architecture in newts: TRA and TRD separation in Pleurodeles waltl.	high	assembly_name
GCA_964204655.1	Triturus cristatus	WELLCOME SANGER INSTITUTE	PRJEB78383	10.12688/wellcomeopenres.24257.1	40470061	The genome sequence of the great crested newt, Triturus cristatus (Laurenti, 1768).	high	assembly_name
GCA_050004315.1	Desmognathus fuscus	GWU	PRJNA1038779	10.1093/g3journal/jkaf157	40619733	"The first complete assembly for a lungless urodelan with a ""miniaturized"" genome, the Northern Dusky Salamander (Plethodontidae: Desmognathus fuscus)."	high	bioproject_text
GCA_024363595.1	Xenopus borealis	University of California, Berkeley	PRJNA827809	10.1111/jeb.14078	36054077	New insights into Xenopus sex chromosome genomics from the Marsabit clawed frog X. borealis.	high	bioproject_text
GCA_036250615.1	Ptychadena robeensis	New York University Abu Dhabi	PRJNA722913	10.1073/pnas.2425898122	40928876	Long-term evolutionary persistence of a cryptic color polymorphism in frogs.	medium	bioproject_text
GCA_965119305.1	Pelophylax lessonae	WELLCOME SANGER INSTITUTE	PRJEB85310	10.3390/biology14111526	41300316	Programmed Genome Elimination Is Evolutionarily Conserved Across Pelophylax Hybrids-As Evidenced by P. grafi Hybridogenetic Reproduction.	low	organism_genus_title
GCA_029206835.1	Rana muscosa	Pacific Biosciences	PRJNA627939	10.26508/lsa.202201719	36813568	New algorithms for accurate and efficient de novo genome assembly from long DNA sequencing reads.	high	bioproject_text
GCA_009667805.1	Leptobrachium leishanense	Central China Normal University	PRJNA505224	10.1038/s41467-019-13531-5	31804492	Genomic and transcriptomic insights into molecular basis of sexually dimorphic nuptial spines in Leptobrachium leishanense.	high	bioproject_text
GCA_033557465.1	Ichthyophis bannanicus	Northwestern Polytechnical University	PRJNA1020273	10.1093/molbev/msae239	39530343	Convergent Degenerated Regulatory Elements Associated with Limb Loss in Limbless Amphibians and Reptiles.	medium	bioproject_text
GCA_040581445.1	Lepidosiren paradoxa	The Max Planck Institute of Molecular Cell Biology and Genetics	PRJNA808322	10.1038/s41586-024-07830-1	39143221	The genomes of all lungfish inform on genome expansion and tetrapod evolution.	medium	bioproject_text
GCA_040939525.1	Protopterus annectens	The Max Planck Institute of Molecular Cell Biology and Genetics	PRJNA813995	10.1038/s41586-024-07830-1	39143221	The genomes of all lungfish inform on genome expansion and tetrapod evolution.	medium	bioproject_text
GCA_035221665.1	Okamejei kenojei	BGI-Qingdao	PRJNA990959	10.1038/s41467-025-62544-w	40825943	Adaptive loss of shortwave-sensitive opsins during cartilaginous fish evolution.	medium	bioproject_text
GCA_040805665.1	Okamejei kenojei	Northwestern Polytechnical University	PRJNA1110068	10.1007/s10126-023-10242-3	37651024	Genomic Characteristics of Okamejei kenojei and the Implications to Its Evolutionary Biology Study.	low	organism_title
GCA_963514005.1	Raja brachyura	WELLCOME SANGER INSTITUTE	PRJEB66374	10.12688/wellcomeopenres.22825.1	39211808	The genome sequence of the blonde ray, Raja brachyura Lafont, 1871.	high	assembly_name
GCA_052327205.1	Somniosus microcephalus	Leibniz Institute on Aging - Fritz Lipmann Institute (FLI)	PRJNA1236315	10.1101/2024.09.09.611499		The Greenland shark (Somniosus microcephalus) genome provides insights into extreme longevity	medium	organism_title
GCA_030390025.1	Squalus acanthias	Nord University	PRJNA978993	10.1093/g3journal/jkad146	37395764	Characteristics of the spiny dogfish (Squalus acanthias) nuclear genome.	high	bioproject_text
GCA_037974335.1	Prionace glauca	shanghai ocean university	PRJNA1092991	10.1111/mec.16822	36511846	Stepping up to genome scan allows stock differentiation in the worldwide distributed blue shark Prionace glauca.	medium	organism_title
GCA_902713615.2	Scyliorhinus canicula	Wellcome Sanger Institute	PRJEB35945	10.1038/s41598-023-30876-6	36882519	Extensive MHC class IIβ diversity across multiple loci in the small-spotted catshark (Scyliorhinus canicula).	medium	bioproject_text
GCA_964213995.1	Mustelus asterias	WELLCOME SANGER INSTITUTE	PRJEB78883	10.12688/wellcomeopenres.24796.1		The genome sequence of the Starry smooth-hound, Mustelus asterias Cloquet, 1819 (Carcharhiniformes: Triakidae)	medium	organism_title
GCA_964194155.1	Cetorhinus maximus	WELLCOME SANGER INSTITUTE	PRJEB76905	10.12688/wellcomeopenres.26114.1	41938266	The genome sequence of the Basking Shark, Cetorhinus maximus (Gunnerus, 1765) (Lamniformes: Cetorhinidae).	high	assembly_name
GCA_916610825.1	Haliclystus octoradiatus	WELLCOME SANGER INSTITUTE	PRJEB47765	10.12688/wellcomeopenres.18669.1	36875804	The genome sequence of the spotted kaleidoscope jellyfish, Haliclystus octoradiatus (James-Clark, 1863).	high	assembly_name
GCA_964304625.1	Kudoa neothunni	WELLCOME SANGER INSTITUTE	PRJEB82086	10.1101/2024.11.01.621499		Kudoa genomes from contaminated hosts reveal extensive gene order conservation and rapid sequence evolution	medium	assembly_name
GCA_963930725.1	Candelabrum cocksii	WELLCOME SANGER INSTITUTE	PRJEB72168	10.12688/wellcomeopenres.22705.1	39355656	The genome sequence of a hydroid, Candelabrum cocksii (Cocks, 1854).	high	assembly_name
GCA_024232925.2	Hydra vulgaris	University of California, Davis	PRJNA816482	10.1101/gr.277040.122	36639202	A chromosome-scale epigenetic map of the Hydra genome reveals conserved regulators of cell state.	high	bioproject_text
GCA_041430235.2	Physalia physalis	Yale University	PRJNA1040906	10.1016/j.cub.2025.05.066	40541187	Population genomics of a sailing siphonophore reveals genetic structure in the open ocean.	medium	bioproject_text
GCA_048301595.1	Nanomia septata	Yale University	PRJNA990459	10.1101/2025.05.01.651713		A Chromosome-Scale Genome of Nanomia septata Reveals Extensive Rearrangement But No Clear Driver of the Unique Colony-Level Organization of Siphonophores	high	bioproject_text
GCA_048301705.1	Nanomia septata	Yale University	PRJNA990460	10.1101/2025.05.01.651713		A Chromosome-Scale Genome of Nanomia septata Reveals Extensive Rearrangement But No Clear Driver of the Unique Colony-Level Organization of Siphonophores	high	bioproject_text
GCA_949710005.1	Ricordea florida	WELLCOME SANGER INSTITUTE	PRJEB60730	10.12688/wellcomeopenres.27190.1		The chromosomal genome sequence of the Florida corallimorph, Ricordea florida (Duchassaing & Michelotti, 1860) (Corallimorpharia: Ricordeidae)	medium	organism_title
GCA_965282975.1	Aulactinia verrucosa	WELLCOME SANGER INSTITUTE	PRJEB89539	10.12688/wellcomeopenres.25396.1		The genome sequence of the gem anemone, Aulactinia verrucosa (Pennant, 1777) (Actiniaria: Actiniidae)	medium	organism_title
GCA_033964015.1	Scolanthus callimorphus	University of Vienna	PRJNA667495	10.1101/2025.05.01.651713		A Chromosome-Scale Genome of Nanomia septata Reveals Extensive Rearrangement But No Clear Driver of the Unique Colony-Level Organization of Siphonophores	medium	bioproject_text
GCA_033964005.1	Nematostella vectensis	University of Vienna	PRJNA667495	10.1098/rsos.230152	37325595	Environmental and molecular regulation of asexual reproduction in the sea anemone Nematostella vectensis.	high	assembly_name
GCA_949775045.1	Metridium senile	WELLCOME SANGER INSTITUTE	PRJEB60995	10.12688/wellcomeopenres.20376.1	39219858	The genome sequence of the brown sea anemone, Metridium senile (Linnaeus, 1761).	high	assembly_name
GCA_918843875.1	Diadumene lineata	WELLCOME SANGER INSTITUTE	PRJEB48678	10.12688/wellcomeopenres.17763.1	36874574	The genome sequence of the orange-striped anemone, Diadumene lineata (Verrill, 1869).	high	assembly_name
GCA_964027065.2	Pocillopora grandis	WELLCOME SANGER INSTITUTE	PRJEB74897	10.1038/s41598-024-59268-0	38609456	Genome-wide analysis to uncover how Pocillopora acuta survives the challenging intertidal environment.	low	organism_genus_title
GCA_964200805.1	Pocillopora damicornis	WELLCOME SANGER INSTITUTE	PRJEB77925	10.1007/s11427-024-2821-0	40106188	Genomic insights into the brooding reproduction and climate-driven dynamics of Pocillopora damicornis in the Anthropocene.	medium	organism_title
GCA_964273435.1	Acropora austera	WELLCOME SANGER INSTITUTE	PRJEB80757	10.1186/s12864-024-11025-3	39567907	Chromosome-level genome assemblies and genetic maps reveal heterochiasmy and macrosynteny in endangered Atlantic Acropora.	low	organism_genus_title
GCA_965118205.1	Acropora cf. manni	WELLCOME SANGER INSTITUTE	PRJEB85258	10.1186/s12864-024-11025-3	39567907	Chromosome-level genome assemblies and genetic maps reveal heterochiasmy and macrosynteny in endangered Atlantic Acropora.	low	organism_genus_title
GCA_964019555.1	Acropora spathulata	WELLCOME SANGER INSTITUTE	PRJEB74383	10.1186/s12864-024-11025-3	39567907	Chromosome-level genome assemblies and genetic maps reveal heterochiasmy and macrosynteny in endangered Atlantic Acropora.	low	organism_genus_title
GCA_965213945.1	Acropora loripes	WELLCOME SANGER INSTITUTE	PRJEB87245	10.1186/s42523-025-00455-3	40999549	Genomic prediction of symbiotic interactions between two Endozoicomonas clades and their coral host, Acropora loripes.	medium	organism_title
GCA_965214385.1	Acropora loripes	WELLCOME SANGER INSTITUTE	PRJEB87246	10.1186/s42523-025-00455-3	40999549	Genomic prediction of symbiotic interactions between two Endozoicomonas clades and their coral host, Acropora loripes.	medium	organism_title
GCA_964332325.1	Acropora muricata	WELLCOME SANGER INSTITUTE	PRJEB82230	10.1186/s12864-024-11025-3	39567907	Chromosome-level genome assemblies and genetic maps reveal heterochiasmy and macrosynteny in endangered Atlantic Acropora.	low	organism_genus_title
GCA_964274385.1	Acropora glauca	WELLCOME SANGER INSTITUTE	PRJEB80854	10.1186/s12864-024-11025-3	39567907	Chromosome-level genome assemblies and genetic maps reveal heterochiasmy and macrosynteny in endangered Atlantic Acropora.	low	organism_genus_title
GCA_964261235.1	Acropora spicifera	WELLCOME SANGER INSTITUTE	PRJEB79627	10.1186/s12864-024-11025-3	39567907	Chromosome-level genome assemblies and genetic maps reveal heterochiasmy and macrosynteny in endangered Atlantic Acropora.	low	organism_genus_title
GCA_020536085.1	Acropora hyacinthus	Palumbi Lab, Stanford University	PRJNA707502	10.3389/fmicb.2022.832081	35432258	Responses of Symbiodiniaceae Shuffling and Microbial Community Assembly in Thermally Stressed Acropora hyacinthus.	low	organism_title
GCA_964291705.1	Acropora hyacinthus	WELLCOME SANGER INSTITUTE	PRJEB81534	10.21203/rs.3.rs-6428194/v1		High-Resolution Genome of Temperate Acropora hyacinthus Reveals Regional Divergence and Resolves Co- localized Gene Paralogs	low	organism_title
GCA_964034985.1	Acropora cervicornis	WELLCOME SANGER INSTITUTE	PRJEB75259	10.1093/g3journal/jkad232	37804092	Whole genome assembly and annotation of the endangered Caribbean coral Acropora cervicornis.	low	organism_title
GCA_964030785.1	Siderastrea siderea	WELLCOME SANGER INSTITUTE	PRJEB75133	10.3390/md21020076	36827117	Cryptic Diversity of Black Band Disease Cyanobacteria in Siderastrea siderea Corals Revealed by Chemical Ecology and Comparative Genome-Resolved Metagenomics.	medium	organism_title
GCA_964017195.1	Siderastrea radians	WELLCOME SANGER INSTITUTE	PRJEB74176	10.12688/wellcomeopenres.27286.1		The chromosomal genome sequence of the lesser starlet coral, Siderastrea radians (Pallas, 1766) (Scleractinia: Rhizangiidae) and its associated microbial metagenome sequences	medium	organism_title
GCA_964035745.1	Porites divaricata	WELLCOME SANGER INSTITUTE	PRJEB75417	10.46471/gigabyte.174	41929243	The genome of the reef-building coral Porites harrisoni from the southern Persian/Arabian Gulf.	low	organism_genus_title
GCA_964020085.1	Micromussa lordhowensis	WELLCOME SANGER INSTITUTE	PRJEB74422	10.12688/wellcomeopenres.26480.1		The chromosomal genome sequence of the starry cup coral, Micromussa lordhowensis (Veron & Pichon, 1982) (Scleractinia: Lobophylliidae) and its associated microbial metagenome sequences	medium	organism_title
GCA_964199315.1	Orbicella franksi	WELLCOME SANGER INSTITUTE	PRJEB77532	10.1186/s12864-024-10092-w	38424480	Annotated genome and transcriptome of the endangered Caribbean mountainous star coral (Orbicella faveolata) using PacBio long-read sequencing.	low	organism_genus_title
GCA_964194085.1	Cyphastrea salae	WELLCOME SANGER INSTITUTE	PRJEB76897	10.12688/wellcomeopenres.26365.1		The chromosomal genome sequence of the coral, Cyphastrea salae Baird, Hoogenboom & Huang, 2017 (Scleractinia: Merulinidae) and its associated microbial metagenome sequences	medium	organism_title
GCA_963693305.1	Meandrina meandrites	WELLCOME SANGER INSTITUTE	PRJEB70538	10.12688/wellcomeopenres.27184.1		The chromosomal genome sequence of the maze coral, Meandrina meandrites (Linnaeus, 1758) (Scleractinia: Meandrinidae) and its associated microbial metagenome sequences	medium	organism_title
GCA_965177985.1	Eunicella cavolini	Genoscope CEA		10.12688/openreseurope.21514.1	41488400	ERGA-BGE reference genome of Eunicella cavolini, an IUCN Near Threatened Gorgonian of the Mediterranean Sea.	high	assembly_name
GCA_964261655.1	Eunicella verrucosa	WELLCOME SANGER INSTITUTE	PRJEB79729	10.1093/gbe/evad083	37210218	The First Genome of the Cold-Water Octocoral, the Pink Sea Fan, Eunicella verrucosa.	low	organism_title
GCA_964194065.1	Gorgonia ventalina	WELLCOME SANGER INSTITUTE	PRJEB76894	10.12688/wellcomeopenres.25430.1	41625986	The chromosomal genome sequence of the common sea fan, Gorgonia ventalina (Linnaeus, 1758) (Malacalcyonacea: Gorgoniidae).	high	assembly_name
GCA_963855995.1	Muricea muricata	WELLCOME SANGER INSTITUTE	PRJEB71134	10.12688/wellcomeopenres.27232.1		The chromosomal genome sequence of the spiny sea fan, Muricea muricata (Pallas, 1766) (Malacalcyonacea: Plexauridae) and its associated microbial metagenome sequences	medium	organism_title
GCA_964265095.1	Corallium rubrum	Centro Nacional de Análisis Genómico	PRJEB80373	10.1186/s13104-024-07006-0	39709469	Genome sequence of the Mediterranean red coral Corallium rubrum.	medium	organism_title
GCA_041682505.1	Cavernularia obesa	Incheon National University	PRJNA1110845	10.1080/23802359.2022.2163596	36685645	Complete mitochondrial genome of the sea-pen, Cavernularia obesa (Valenciennes, 1850) (Octocorallia: Veretillidae).	low	organism_title
GCA_964019065.1	Catostylus mosaicus	WELLCOME SANGER INSTITUTE	PRJEB74214	10.12688/wellcomeopenres.24798.1		The chromosomal genome sequence of blue blubber, Catostylus mosaicus (Quoy & Gaimard, 1824) and its associated microbial metagenome sequences	medium	organism_title
GCA_964019165.1	Mastigias papua	WELLCOME SANGER INSTITUTE	PRJEB74230	10.1038/s41597-026-07804-0	42649223	Haplotype-resolved chromosomal-level genome assembly of Mastigias papua.	medium	organism_title
GCA_051233565.1	Aurelia coerulea	University of Chinese Academy of Sciences	PRJNA1284069	10.1038/s41597-026-07102-9	41963377	Chromosome-level genome assembly and annotation of the moon jellyfish Aurelia coerulea.	high	bioproject_text
GCA_964020215.1	Aurelia sp. 3 sensu Dawson et al. (2005)	WELLCOME SANGER INSTITUTE	PRJEB74410	10.12688/wellcomeopenres.25906.1		The chromosomal genome sequence of a scyphozoan jellyfish, Aurelia sp. 3 (Semaeostomeae: Ulmaridae) and its associated microbial metagenome sequences	medium	organism_title
GCA_964019985.1	Aurelia sp. 4 Dawson et al 2005	WELLCOME SANGER INSTITUTE	PRJEB74403	10.12688/wellcomeopenres.25907.1	42116832	The chromosomal genome sequence of the moon jellyfish, Aurelia sp. 4 Dawson et al. 2005 (Semaeostomeae: Ulmaridae) and its associated microbial metagenome sequences.	high	assembly_name
GCA_963924455.1	Pelagia noctiluca	WELLCOME SANGER INSTITUTE	PRJEB72038	10.1080/23802359.2023.2281028	38188449	The complete mitochondrial genome of the mauve stinger jellyfish Pelagia noctiluca Forskål, 1775 (Cnidaria, Scyphozoa, Semaeostomeae) with phylogenetic analysis.	low	organism_title
GCA_965183845.1	Nausithoe racemosa	WELLCOME SANGER INSTITUTE	PRJEB86385	10.12688/wellcomeopenres.27239.1		The genome sequence of a coronate scyphozoan jellyfish, Nausithoe racemosa (Komai, 1936) (Coronatae: Nausithoidae), and a metagenome-assembled genome of the associated cyanobacterium Moorena producens	medium	organism_title
