chrom	tss	strand	gene_id
chr1	65565	+	NP_001005484.2
chr1	924432	+	NP_001372569.1
chr1	960694	+	NP_938073.1
chr1	966532	+	XP_016857968.2
chr1	1013574	+	NP_005092.1
chr1	1020173	+	NP_001292204.1
chr1	1174320	+	XP_047272838.1
chr1	1232279	+	NP_542172.2
chr1	1280662	+	NP_001123885.2
chr1	1308644	+	XP_005244777.1
chr1	1326911	+	XP_011540502.1
chr1	1331346	+	XP_016857924.1
chr1	1426128	+	NP_001140157.1
chr1	1433233	+	XP_016858555.1
chr1	1435749	+	NP_954572.2
chr1	1450684	+	NP_001034300.2
chr1	1471885	+	XP_047287555.1
chr1	1512269	+	XP_047280246.1
chr1	1615460	+	XP_047302550.1
chr1	1632219	+	XP_047288794.1
chr1	1915281	+	XP_005244786.2
chr1	2019424	+	NP_000806.2
chr1	2048620	+	XP_047281211.1
chr1	2228767	+	XP_005244832.1
chr1	2395791	+	NP_008964.3
chr1	2427653	+	XP_047290994.1
chr1	2556665	+	XP_047289379.1
chr1	2586796	+	XP_047301361.1
chr1	3021687	+	NP_536356.3
chr1	3286819	+	XP_047292583.1
chr1	3459500	+	XP_047273965.1
chr1	3625073	+	NP_877429.2
chr1	3682366	+	NP_001191114.1
chr1	3752482	+	NP_689705.2
chr1	3775374	+	XP_047275959.1
chr1	3857604	+	XP_011539167.1
chr1	4655426	+	XP_011540088.1
chr1	6040569	+	XP_047288834.1
chr1	6206536	+	NP_997279.2
chr1	6244366	+	NP_001019769.1
chr1	6424956	+	XP_011540539.1
chr1	6555374	+	NP_619642.2
chr1	6580610	+	XP_016856600.1
chr1	6614067	+	NP_722519.2
chr1	6625219	+	NP_001182682.1
chr1	6785531	+	NP_001336556.1
chr1	7367743	+	XP_047292619.1
chr1	7672065	+	XP_024310097.1
chr1	7771384	+	NP_004772.1
chr1	7784878	+	XP_047289405.1
chr1	7962786	+	XP_005263481.1
chr1	8324330	+	NP_001366543.1
chr1	8945875	+	XP_011540385.1
chr1	9239996	+	XP_047290958.1
chr1	9355892	+	NP_079382.2
chr1	9539692	+	NP_115691.1
chr1	9588931	+	XP_011539212.1
chr1	9614664	+	XP_047292690.1
chr1	9710456	+	XP_047278545.1
chr1	9972074	+	XP_047284033.1
chr1	9997259	+	NP_443192.1
chr1	10033671	+	XP_011538791.1
chr1	10232329	+	NP_904325.2
chr1	10399118	+	NP_002622.2
chr1	10430518	+	NP_001257446.1
chr1	10474967	+	XP_047278500.1
chr1	11013728	+	NP_031401.1
chr1	11189580	+	XP_016855493.1
chr1	11273532	+	NP_037451.1
chr1	11500993	+	XP_011540137.1
chr1	11655836	+	XP_047290608.1
chr1	11668659	+	XP_005263505.1
chr1	11686715	+	XP_016856704.1
chr1	11736209	+	NP_001035287.1
chr1	11763722	+	XP_024302275.1
chr1	11806263	+	NP_001277.2
chr1	11934780	+	NP_001303249.1
chr1	11989169	+	XP_047292110.1
chr1	12021727	+	XP_005263544.1
chr1	12063599	+	NP_001234.3
chr1	12167092	+	XP_011540362.1
chr1	12644547	+	NP_001013652.1
chr1	12716177	+	NP_001096640.2
chr1	12746431	+	NP_689503.3
chr1	12774868	+	NP_001074299.2
chr1	12793228	+	NP_075389.2
chr1	12860617	+	XP_011540306.1
chr1	13318408	+	NP_001091846.1
chr1	13389658	+	NP_001093321.1
chr1	13416355	+	NP_001093322.2
chr1	13583806	+	NP_938203.2
chr1	13715606	+	NP_056950.2
chr1	14924365	+	XP_047271836.1
chr1	15215088	+	XP_016857079.1
chr1	15236725	+	XP_011538900.1
chr1	15409972	+	XP_047286189.1
chr1	15438465	+	NP_009203.2
chr1	15456754	+	NP_254275.1
chr1	15476126	+	NP_056933.3
chr1	15529106	+	NP_056106.1
chr1	15617671	+	NP_115717.3
chr1	15659869	+	NP_006502.1
chr1	15681601	+	XP_016856246.1
chr1	15736486	+	XP_011539595.1
chr1	15742560	+	NP_001013663.1
chr1	15764984	+	XP_005245960.1
chr1	15848068	+	NP_055816.2
chr1	16004304	+	NP_849162.1
chr1	16022620	+	NP_004061.3
chr1	16044493	+	NP_000076.2
chr1	16440762	+	XP_047280671.1
chr1	16539066	+	XP_047292854.1
chr1	16673003	+	XP_047292865.1
chr1	16922019	+	XP_047291071.1
chr1	17205218	+	XP_016856592.1
chr1	17249138	+	XP_011539874.1
chr1	17308223	+	XP_011539456.1
chr1	17580596	+	XP_047280131.1
chr1	17823009	+	NP_110439.2
chr1	18208891	+	XP_016858093.1
chr1	18480982	+	NP_689588.2
chr1	18631604	+	NP_002575.1
chr1	19251836	+	NP_057267.2
chr1	19317678	+	XP_047279357.1
chr1	19330518	+	XP_047279350.1
chr1	19597046	+	NP_001191012.1
chr1	19665754	+	NP_000862.1
chr1	19882514	+	NP_056022.1
chr1	20068950	+	XP_047278564.1
chr1	20139428	+	NP_073730.3
chr1	20190562	+	XP_011539001.1
chr1	20310602	+	XP_011539000.1
chr1	20552974	+	NP_997217.1
chr1	20589130	+	NP_001776.1
chr1	20633549	+	NP_115785.1
chr1	21445087	+	XP_047287993.1
chr1	21554082	+	NP_001356734.1
chr1	21812452	+	NP_001013715.2
chr1	21977040	+	NP_031378.1
chr1	22001675	+	NP_005738.4
chr1	22078479	+	NP_426359.1
chr1	22489949	+	XP_011540801.1
chr1	22563636	+	NP_001006944.1
chr1	22637617	+	NP_001334395.1
chr1	22644024	+	NP_001334548.1
chr1	22659457	+	NP_000482.3
chr1	22774600	+	XP_006710504.1
chr1	23019597	+	XP_006710536.1
chr1	23691824	+	NP_001186731.1
chr1	23743504	+	NP_003189.3
chr1	23778516	+	NP_065095.2
chr1	23792647	+	XP_005245785.1
chr1	23961458	+	XP_016857180.1
chr1	24319552	+	NP_937816.1
chr1	24413724	+	XP_047281947.1
chr1	24514373	+	NP_001238908.1
chr1	24595431	+	NP_001010980.1
chr1	24643327	+	XP_047283350.1
chr1	24745554	+	NP_039234.1
chr1	25272548	+	XP_016857504.1
chr1	25340487	+	XP_011539461.1
chr1	25431099	+	XP_005245988.1
chr1	25543699	+	XP_006710622.1
chr1	25617798	+	NP_001372111.1
chr1	25800231	+	NP_065184.2
chr1	25823105	+	NP_001093097.1
chr1	26022647	+	XP_016856139.1
chr1	26114309	+	NP_001230461.1
chr1	26161292	+	NP_079145.2
chr1	26169984	+	NP_056955.2
chr1	26177548	+	NP_001284576.1
chr1	26190628	+	XP_011539735.1
chr1	26239784	+	XP_016857594.1
chr1	26280156	+	NP_112576.1
chr1	26318018	+	NP_001794.2
chr1	26410892	+	NP_078950.1
chr1	26432946	+	XP_047286805.1
chr1	26472613	+	NP_005508.1
chr1	26545901	+	XP_047283214.1
chr1	26696404	+	NP_006006.3
chr1	26790816	+	NP_001361407.1
chr1	26826805	+	NP_115659.1
chr1	26863213	+	NP_006133.1
chr1	26911143	+	XP_047295099.1
chr1	26993787	+	XP_005245924.1
chr1	27261055	+	XP_011539360.1
chr1	27322198	+	NP_115501.2
chr1	27342310	+	XP_047288519.1
chr1	27393799	+	NP_005272.1
chr1	27726081	+	XP_016856032.1
chr1	27773308	+	NP_803173.1
chr1	27830836	+	NP_054829.2
chr1	27872572	+	NP_004839.2
chr1	27935184	+	NP_001009568.1
chr1	27960070	+	NP_060523.2
chr1	28259848	+	XP_047287475.1
chr1	28330663	+	XP_005245971.1
chr1	28407448	+	NP_001337088.1
chr1	28529867	+	NP_001368794.1
chr1	28553111	+	NP_060316.1
chr1	28592512	+	NP_001180461.1
chr1	28683613	+	XP_047294092.1
chr1	28737121	+	NP_001166599.1
chr1	28812384	+	NP_000902.3
chr1	28987438	+	NP_001159478.1
chr1	29236645	+	NP_005695.3
chr1	31100206	+	XP_047295430.1
chr1	31297082	+	NP_001269495.1
chr1	31409838	+	NP_001185967.1
chr1	31577149	+	NP_071447.1
chr1	31619193	+	XP_024302373.1
chr1	32013996	+	NP_006550.1
chr1	32073048	+	XP_047279802.1
chr1	32108131	+	NP_036448.1
chr1	32180346	+	XP_016856052.1
chr1	32201936	+	XP_047286171.1
chr1	32209094	+	NP_001092904.1
chr1	32222442	+	NP_003748.1
chr1	32247422	+	NP_116037.2
chr1	32274198	+	XP_047276355.1
chr1	32292170	+	NP_004955.2
chr1	32362702	+	NP_443073.1
chr1	32470625	+	NP_001139192.1
chr1	32592932	+	NP_001035531.2
chr1	32651307	+	NP_005601.1
chr1	32741955	+	NP_065939.2
chr1	32826100	+	XP_011540265.1
chr1	32888899	+	XP_005270849.1
chr1	33082250	+	XP_011538868.1
chr1	33238844	+	XP_047303064.1
chr1	33479289	+	NP_001364305.1
chr1	33864192	+	NP_660206.2
chr1	34177790	+	NP_001128206.1
chr1	34757331	+	NP_005259.1
chr1	34761255	+	NP_694944.1
chr1	34784763	+	NP_076872.1
chr1	34794214	+	XP_016856532.1
chr1	35089160	+	XP_047286733.1
chr1	35269047	+	XP_047290232.1
chr1	35558191	+	NP_055099.1
chr1	35573578	+	NP_848643.2
chr1	35808417	+	XP_047304112.1
chr1	35883422	+	XP_011539538.1
chr1	35931427	+	XP_016856012.1
chr1	36084922	+	XP_005270810.1
chr1	36088905	+	NP_060295.1
chr1	36156418	+	NP_060537.3
chr1	36282564	+	XP_047292183.1
chr1	36306421	+	NP_001156002.1
chr1	37475497	+	XP_047286842.1
chr1	37556995	+	NP_003453.3
chr1	37692691	+	NP_001243804.1
chr1	37794183	+	NP_001106954.1
chr1	37808405	+	NP_940848.2
chr1	38012803	+	NP_057121.2
chr1	38991381	+	NP_078871.1
chr1	39028725	+	NP_004543.1
chr1	39410266	+	NP_001384402.1
chr1	39491992	+	XP_016856687.1
chr1	39738901	+	XP_047286159.1
chr1	39955293	+	NP_001129965.1
chr1	40059347	+	NP_001337408.2
chr1	40161400	+	NP_036553.2
chr1	40247994	+	NP_001008740.1
chr1	40258272	+	XP_047283546.1
chr1	40362382	+	XP_047283965.1
chr1	40450962	+	XP_005271193.1
chr1	40479362	+	XP_005270866.1
chr1	40514545	+	XP_016857591.1
chr1	40533167	+	NP_689586.3
chr1	40709605	+	XP_047277309.1
chr1	40784094	+	XP_047290013.1
chr1	40981987	+	XP_024309329.1
chr1	42153451	+	NP_009033.1
chr1	42380935	+	NP_775913.2
chr1	42456566	+	NP_078940.2
chr1	42480552	+	XP_047285735.1
chr1	42658447	+	XP_047286822.1
chr1	42682566	+	NP_004550.2
chr1	42767312	+	NP_077002.2
chr1	42789894	+	NP_001341531.2
chr1	42830251	+	XP_047299556.1
chr1	42849342	+	XP_006710734.1
chr1	43145249	+	XP_005270933.1
chr1	43172754	+	NP_689711.2
chr1	43272723	+	XP_011539007.1
chr1	43301072	+	XP_016857696.1
chr1	43337849	+	NP_005364.1
chr1	43359216	+	NP_001246.2
chr1	43389969	+	NP_001352928.1
chr1	43545076	+	XP_011540175.1
chr1	43653176	+	NP_055478.2
chr1	43736263	+	NP_001257394.1
chr1	43935657	+	XP_047289613.1
chr1	43947601	+	NP_055467.3
chr1	43970176	+	NP_001375.2
chr1	43975041	+	NP_001281262.1
chr1	43980012	+	NP_085076.2
chr1	43991879	+	NP_689712.1
chr1	44118827	+	XP_005270522.2
chr1	44213754	+	NP_061973.1
chr1	44614257	+	NP_001306886.1
chr1	44684652	+	XP_011539647.1
chr1	44739933	+	NP_006836.2
chr1	44775597	+	NP_001003.1
chr1	44800464	+	XP_047300419.1
chr1	44808821	+	XP_011539107.1
chr1	45012266	+	NP_000365.3
chr1	45327149	+	NP_116145.1
chr1	45340253	+	XP_047299468.1
chr1	45500333	+	NP_056321.2
chr1	45561795	+	XP_047284771.1
chr1	45584147	+	NP_002473.2
chr1	45691069	+	NP_057570.2
chr1	45865101	+	XP_016856241.1
chr1	46181108	+	NP_005718.2
chr1	46203427	+	NP_001013633.1
chr1	46248406	+	NP_001136020.1
chr1	46303767	+	NP_005995.2
chr1	46340827	+	NP_950245.2
chr1	46394349	+	NP_001432.2
chr1	46507011	+	NP_671725.1
chr1	46669439	+	XP_011539723.1
chr1	46799082	+	NP_001093242.1
chr1	46961583	+	NP_001307218.1
chr1	47067491	+	NP_835235.1
chr1	47137486	+	XP_005270827.1
chr1	47333946	+	NP_057392.1
chr1	47416316	+	NP_036318.1
chr1	47438136	+	NP_004465.3
chr1	48222737	+	XP_011539231.1
chr1	50048165	+	XP_016856031.1
chr1	50970369	+	NP_001253.1
chr1	51102234	+	NP_001129980.1
chr1	51236757	+	NP_055187.1
chr1	51617057	+	NP_001403223.1
chr1	52059848	+	NP_689478.1
chr1	52139719	+	XP_047295432.1
chr1	52233207	+	XP_047290638.1
chr1	52404750	+	NP_116253.2
chr1	52602410	+	NP_056511.2
chr1	52632846	+	XP_011539680.1
chr1	52726654	+	XP_016857825.1
chr1	52842884	+	XP_011539790.1
chr1	52927397	+	NP_001317516.1
chr1	53069856	+	XP_005270514.1
chr1	53196944	+	NP_000089.1
chr1	53459454	+	NP_149056.1
chr1	53894211	+	NP_000783.2
chr1	53952000	+	NP_001243338.1
chr1	54054423	+	NP_694580.1
chr1	54200244	+	NP_057575.2
chr1	54548310	+	NP_671517.1
chr1	54652927	+	NP_001034553.3
chr1	54715909	+	NP_004614.3
chr1	54806117	+	XP_016855969.1
chr1	54981066	+	NP_872338.1
chr1	54999187	+	NP_476517.1
chr1	55039838	+	NP_001394169.1
chr1	56645388	+	NP_006243.2
chr1	56854902	+	XP_011540381.1
chr1	59815118	+	XP_016856913.1
chr1	61762893	+	XP_011538772.1
chr1	62206629	+	NP_001158307.1
chr1	62439868	+	NP_001017415.1
chr1	62597567	+	NP_055310.1
chr1	62803787	+	NP_116241.2
chr1	63323059	+	NP_036315.1
chr1	63370978	+	NP_037471.2
chr1	63523532	+	XP_047288085.1
chr1	63593489	+	NP_002624.2
chr1	64027195	+	XP_016856865.1
chr1	64204051	+	NP_689702.1
chr1	64506483	+	XP_011540164.1
chr1	64745173	+	XP_011540008.1
chr1	65148408	+	NP_982289.1
chr1	65264911	+	NP_055602.1
chr1	65420725	+	NP_001185612.1
chr1	65565566	+	NP_001185617.1
chr1	66257410	+	XP_016856934.2
chr1	66534359	+	XP_047288017.1
chr1	66754659	+	XP_047304623.1
chr1	66925029	+	XP_047282222.1
chr1	67168121	+	XP_011539092.1
chr1	67320369	+	XP_011539686.1
chr1	67685495	+	NP_001915.1
chr1	69716218	+	NP_001353766.1
chr1	70221637	+	XP_047290497.1
chr1	70411416	+	NP_001893.2
chr1	74198279	+	NP_003829.4
chr1	74733245	+	NP_612476.1
chr1	75130715	+	NP_001001933.1
chr1	75724788	+	NP_001120800.1
chr1	75786272	+	NP_004573.2
chr1	75796986	+	NP_002431.2
chr1	76041662	+	XP_047293508.1
chr1	76867676	+	NP_001307202.1
chr1	77779656	+	NP_001381502.1
chr1	77916107	+	NP_653174.3
chr1	77992776	+	NP_001304029.1
chr1	78045077	+	NP_001291654.1
chr1	78492744	+	XP_047282057.1
chr1	78627916	+	NP_001362575.1
chr1	78650196	+	XP_016855572.1
chr1	81836985	+	NP_001337628.1
chr1	83516796	+	XP_047293582.1
chr1	84078326	+	NP_001362505.1
chr1	84298558	+	NP_001010971.1
chr1	84398565	+	NP_067056.2
chr1	84479282	+	NP_079341.2
chr1	84516294	+	XP_011540824.1
chr1	85071942	+	XP_047300697.1
chr1	85580985	+	NP_001545.2
chr1	86424248	+	XP_011540750.1
chr1	86468972	+	NP_001276.3
chr1	86547120	+	NP_036260.2
chr1	86704900	+	XP_016856898.1
chr1	86915037	+	NP_001127964.1
chr1	87332016	+	XP_047288897.1
chr1	88684581	+	NP_006247.1
chr1	89368552	+	NP_940862.2
chr1	89579592	+	NP_001401871.1
chr1	89582651	+	NP_056165.1
chr1	89668300	+	XP_006711023.1
chr1	89933069	+	XP_047279909.1
chr1	89995258	+	NP_892020.1
chr1	91501717	+	XP_047287330.1
chr1	91962755	+	NP_001229734.2
chr1	92030080	+	NP_775838.3
chr1	92080572	+	XP_047274430.1
chr1	92231421	+	XP_011539749.1
chr1	92299074	+	XP_011540469.1
chr1	92832115	+	NP_000960.2
chr1	93079527	+	NP_031384.1
chr1	93183362	+	XP_047275495.1
chr1	93346646	+	NP_001929.1
chr1	93448282	+	NP_001020119.1
chr1	94418479	+	NP_001116146.1
chr1	94820452	+	XP_047300870.1
chr1	95143902	+	NP_001186608.1
chr1	96721865	+	XP_047282494.1
chr1	98661732	+	NP_057060.2
chr1	99264594	+	NP_055654.3
chr1	99646318	+	NP_060204.1
chr1	99851043	+	XP_005270614.1
chr1	99970537	+	XP_047272542.1
chr1	100038233	+	NP_149044.2
chr1	100133169	+	XP_047278739.1
chr1	100266376	+	NP_001124313.1
chr1	100352955	+	NP_201570.1
chr1	100538967	+	NP_071332.2
chr1	100719861	+	NP_001069.1
chr1	100896263	+	XP_016855890.1
chr1	101238985	+	NP_001307659.1
chr1	103526071	+	NP_060089.1
chr1	103571603	+	NP_066188.1
chr1	103617441	+	XP_047274041.1
chr1	103656331	+	NP_001008222.1
chr1	103750470	+	NP_001333709.1
chr1	107056716	+	NP_060607.2
chr1	108447753	+	XP_047284639.1
chr1	108560429	+	NP_001010883.2
chr1	108692592	+	XP_011539989.1
chr1	108712934	+	NP_001138409.1
chr1	108746738	+	NP_009200.2
chr1	108885523	+	XP_011539605.1
chr1	109090873	+	NP_001309177.1
chr1	109114184	+	XP_011540128.1
chr1	109213993	+	NP_001317598.1
chr1	109250080	+	NP_001399.1
chr1	109466844	+	NP_001035799.1
chr1	109483954	+	XP_011538948.1
chr1	109494140	+	NP_001127876.1
chr1	109543023	+	XP_047287571.1
chr1	109548721	+	NP_006487.1
chr1	109620269	+	NP_631895.1
chr1	109656390	+	XP_016856574.1
chr1	109668116	+	NP_000839.1
chr1	109687874	+	NP_000552.2
chr1	109712313	+	XP_005270841.1
chr1	109911024	+	NP_000748.4
chr1	109985053	+	XP_047296068.1
chr1	110034638	+	XP_047288891.1
chr1	110112535	+	NP_981957.1
chr1	110166930	+	NP_001010898.1
chr1	110211500	+	XP_024302558.1
chr1	110338435	+	XP_047293939.1
chr1	110339406	+	NP_073605.4
chr1	110451217	+	NP_115790.1
chr1	110891409	+	NP_001035122.1
chr1	111147715	+	XP_047285865.1
chr1	111227730	+	NP_001020368.1
chr1	111310468	+	NP_970615.2
chr1	111324715	+	XP_005270529.1
chr1	111449542	+	NP_001679.2
chr1	111476021	+	NP_001287764.1
chr1	111691361	+	NP_001357145.1
chr1	111755925	+	NP_009135.4
chr1	112416166	+	XP_016857295.1
chr1	112467538	+	NP_004176.2
chr1	112619845	+	XP_011540527.1
chr1	112674913	+	XP_024302905.1
chr1	112722234	+	NP_001004440.1
chr1	112748095	+	XP_047293946.1
chr1	113073407	+	NP_055628.1
chr1	113905587	+	NP_073747.1
chr1	113940384	+	NP_689909.2
chr1	113979517	+	NP_064575.1
chr1	114855465	+	XP_011540341.1
chr1	115033363	+	NP_000540.2
chr1	115651414	+	NP_620409.1
chr1	115976628	+	XP_047280378.1
chr1	116112616	+	XP_047300779.1
chr1	116373512	+	NP_000692.2
chr1	116754493	+	NP_001315538.1
chr1	116910204	+	NP_065173.2
chr1	117001773	+	XP_047290674.1
chr1	117060347	+	XP_047288117.1
chr1	117368184	+	XP_016855604.1
chr1	117622869	+	NP_060179.2
chr1	117933320	+	NP_006775.1
chr1	119380693	+	XP_011539863.2
chr1	119415420	+	NP_001159592.1
chr1	119507477	+	NP_001315544.1
chr1	119712023	+	XP_011539528.1
chr1	120419876	+	XP_047285799.1
chr1	121395884	+	XP_047293980.1
chr1	144159467	+	XP_047293995.1
chr1	144592943	+	NP_001157734.2
chr1	145094878	+	XP_011508264.1
chr1	145146617	+	XP_016858530.2
chr1	145608134	+	XP_047284666.1
chr1	145728328	+	XP_011507406.1
chr1	145824529	+	XP_011507380.1
chr1	145845641	+	XP_016856049.1
chr1	145974866	+	NP_115681.1
chr1	146960144	+	NP_001265070.1
chr1	147242704	+	XP_047290957.1
chr1	147611590	+	NP_001401821.1
chr1	147907956	+	NP_005258.2
chr1	147928537	+	XP_047278423.1
chr1	148748953	+	NP_001342336.1
chr1	148808505	+	NP_071754.3
chr1	149156056	+	XP_047295466.1
chr1	149390788	+	NP_001350942.1
chr1	149475933	+	NP_001338294.1
chr1	149583898	+	NP_001129261.2
chr1	149782744	+	NP_001365733.1
chr1	149832685	+	NP_003539.1
chr1	149851114	+	NP_001035807.1
chr1	149852655	+	NP_001005464.1
chr1	149886975	+	NP_003508.1
chr1	149900060	+	NP_001307955.1
chr1	150067858	+	NP_009190.2
chr1	150150258	+	NP_057358.2
chr1	150258129	+	XP_011507681.1
chr1	150272818	+	XP_047286402.1
chr1	150283268	+	NP_653298.1
chr1	150294367	+	NP_061870.2
chr1	150324943	+	XP_047289965.1
chr1	150364715	+	NP_056018.2
chr1	150487451	+	NP_079426.2
chr1	150508210	+	NP_004416.2
chr1	150550290	+	XP_047294182.1
chr1	150551277	+	XP_011507951.1
chr1	150912315	+	NP_001371118.1
chr1	150927715	+	NP_001380894.1
chr1	150983106	+	XP_047287939.1
chr1	151008633	+	NP_067045.1
chr1	151036726	+	NP_612122.2
chr1	151047848	+	NP_060330.2
chr1	151067225	+	NP_006809.1
chr1	151088190	+	NP_001310841.1
chr1	151158698	+	NP_078851.2
chr1	151166153	+	NP_076946.1
chr1	151198018	+	XP_047287594.1
chr1	151254783	+	NP_002801.1
chr1	151282070	+	XP_005245423.1
chr1	151399588	+	NP_002787.2
chr1	151518520	+	XP_005245422.1
chr1	151540367	+	NP_064512.1
chr1	151612202	+	NP_112180.4
chr1	151714509	+	XP_047274050.1
chr1	151763136	+	NP_001128411.1
chr1	152511535	+	NP_848525.1
chr1	152515384	+	XP_011507958.1
chr1	152600732	+	NP_848521.1
chr1	152613811	+	NP_848520.1
chr1	152664106	+	NP_848517.1
chr1	152676016	+	NP_848516.1
chr1	152686844	+	NP_055172.1
chr1	152698902	+	NP_848515.1
chr1	152709076	+	NP_001374151.1
chr1	152719522	+	NP_001019850.1
chr1	152759589	+	XP_047277120.1
chr1	152776372	+	NP_848131.1
chr1	152787300	+	NP_848130.1
chr1	152797795	+	NP_848129.1
chr1	152812447	+	NP_848126.1
chr1	152827473	+	NP_848125.1
chr1	152843521	+	NP_001122072.1
chr1	152860698	+	NP_001382919.1
chr1	152884423	+	NP_109588.2
chr1	152909798	+	NP_005538.2
chr1	152948555	+	NP_001382364.1
chr1	152971891	+	XP_016855971.1
chr1	152985231	+	NP_001186757.1
chr1	153003021	+	NP_005407.1
chr1	153032346	+	NP_003116.2
chr1	153204708	+	NP_001010857.1
chr1	153218145	+	NP_001182500.1
chr1	153260950	+	NP_000418.2
chr1	153358284	+	NP_002956.1
chr1	153418083	+	NP_789793.1
chr1	153630522	+	NP_006262.1
chr1	153636589	+	NP_001193541.1
chr1	153658744	+	NP_036569.1
chr1	153679109	+	XP_016856863.1
chr1	153728635	+	NP_075391.3
chr1	153775498	+	NP_077306.3
chr1	153968526	+	XP_024309111.1
chr1	153990797	+	NP_001021.1
chr1	154225124	+	NP_001120792.1
chr1	154272724	+	NP_006109.2
chr1	154321156	+	XP_011508406.1
chr1	154328142	+	NP_001005855.1
chr1	154405630	+	NP_001193795.1
chr1	154506904	+	XP_011507456.1
chr1	154568045	+	NP_000739.1
chr1	154974746	+	NP_001817.1
chr1	154983695	+	NP_079483.3
chr1	154993608	+	NP_061125.1
chr1	155002196	+	XP_047277807.1
chr1	155034037	+	NP_001137159.1
chr1	155051387	+	NP_001248395.1
chr1	155063824	+	NP_005218.1
chr1	155127978	+	NP_004419.2
chr1	155135587	+	XP_047281398.1
chr1	155173967	+	NP_001269308.1
chr1	155208805	+	NP_002446.3
chr1	155277591	+	NP_065948.1
chr1	155309790	+	NP_001129293.1
chr1	155321774	+	XP_047272600.1
chr1	155610249	+	NP_001337704.1
chr1	155709780	+	XP_047286037.1
chr1	155859762	+	XP_016856248.1
chr1	155941710	+	NP_871001.1
chr1	156054890	+	NP_054736.1
chr1	156061401	+	NP_065120.2
chr1	156114919	+	NP_001269554.1
chr1	156149744	+	XP_047283634.1
chr1	156199848	+	XP_047291053.1
chr1	156213016	+	NP_001186583.1
chr1	156285227	+	NP_115699.1
chr1	156338740	+	NP_001291755.1
chr1	156369250	+	NP_065140.3
chr1	156581365	+	XP_047303933.1
chr1	156619508	+	XP_047283079.1
chr1	156645383	+	XP_016857536.1
chr1	156729105	+	XP_047277888.1
chr1	156767772	+	NP_005964.3
chr1	156815830	+	NP_001007793.1
chr1	156903718	+	XP_016856724.1
chr1	156920804	+	XP_011507543.1
chr1	157993677	+	XP_005245362.1
chr1	158181102	+	XP_047289901.1
chr1	158248387	+	NP_001307581.1
chr1	158290065	+	NP_001756.2
chr1	158353989	+	NP_001036049.1
chr1	158465562	+	NP_001004473.1
chr1	158472326	+	NP_001382678.1
chr1	158606439	+	NP_001004478.1
chr1	158754888	+	NP_001005184.2
chr1	158842154	+	NP_002423.1
chr1	158936911	+	NP_001397815.1
chr1	159014669	+	XP_047275367.1
chr1	159171766	+	XP_024304528.1
chr1	159204960	+	NP_002027.2
chr1	159439792	+	XP_047273749.1
chr1	159587922	+	NP_001630.1
chr1	159781101	+	NP_001306587.1
chr1	159800594	+	XP_011507783.1
chr1	159826899	+	XP_011508079.1
chr1	160083860	+	XP_047275800.1
chr1	160115862	+	NP_000693.1
chr1	160152041	+	NP_653300.2
chr1	160190752	+	NP_001222.3
chr1	160208605	+	XP_047289347.1
chr1	160343397	+	XP_005245110.1
chr1	160370732	+	NP_005589.1
chr1	160415838	+	XP_011508107.1
chr1	160697328	+	XP_047294389.1
chr1	160739302	+	XP_011508130.1
chr1	160796188	+	NP_001028839.1
chr1	161098536	+	NP_001007256.1
chr1	161118157	+	XP_005245272.1
chr1	161153998	+	NP_057490.2
chr1	161159701	+	NP_001306776.1
chr1	161166068	+	XP_011507973.1
chr1	161202386	+	NP_001364229.1
chr1	161215322	+	NP_004097.1
chr1	161226490	+	NP_115550.2
chr1	161258975	+	NP_001096036.1
chr1	161314406	+	NP_001394044.1
chr1	161505468	+	NP_001129691.1
chr1	161524659	+	NP_002146.2
chr1	161663242	+	XP_024309815.1
chr1	161707265	+	NP_001171795.2
chr1	161722673	+	NP_001002901.1
chr1	161749802	+	NP_009171.1
chr1	161766361	+	XP_047305498.1
chr1	162365350	+	NP_001119532.2
chr1	162378914	+	NP_001128712.1
chr1	162497251	+	NP_001171692.1
chr1	162561684	+	NP_001386722.1
chr1	162719064	+	XP_011507890.1
chr1	162790801	+	NP_001291441.1
chr1	163068935	+	NP_001095915.1
chr1	163326052	+	XP_024305880.1
chr1	164559823	+	XP_047277743.1
chr1	165544297	+	NP_001005214.2
chr1	165632240	+	XP_047276986.1
chr1	165827834	+	NP_036606.2
chr1	166840957	+	XP_005245427.1
chr1	166985346	+	XP_006711646.1
chr1	167094850	+	NP_001073895.1
chr1	167220898	+	XP_016856997.1
chr1	167630424	+	NP_443094.3
chr1	167722152	+	NP_003944.1
chr1	167936912	+	NP_001185885.1
chr1	168179078	+	NP_001026970.1
chr1	168226080	+	NP_955376.1
chr1	168281091	+	NP_005140.1
chr1	168576638	+	NP_002986.1
chr1	169106830	+	NP_001668.1
chr1	169369523	+	NP_001307901.1
chr1	169795103	+	NP_001306979.1
chr1	170146108	+	NP_001129579.1
chr1	170532224	+	NP_001139511.2
chr1	170664219	+	NP_008833.1
chr1	170945557	+	NP_079339.2
chr1	171092659	+	NP_001002294.1
chr1	171185714	+	NP_001451.2
chr1	171258076	+	NP_001269621.1
chr1	171319826	+	XP_047272188.1
chr1	171512089	+	XP_047271703.1
chr1	171623884	+	XP_047298383.1
chr1	171781968	+	NP_057019.3
chr1	172420886	+	XP_011508454.1
chr1	172532473	+	NP_057311.3
chr1	172659202	+	NP_001289675.1
chr1	173477398	+	NP_004896.1
chr1	173635522	+	NP_001182119.1
chr1	173715471	+	XP_047273985.1
chr1	173825230	+	NP_001352142.1
chr1	173870226	+	XP_016858047.1
chr1	174448112	+	NP_005675.3
chr1	174800333	+	NP_001353384.1
chr1	175000181	+	NP_055227.1
chr1	175073102	+	XP_016857537.1
chr1	176556323	+	NP_068755.2
chr1	177229877	+	XP_005245436.1
chr1	178341596	+	XP_005245679.1
chr1	178513189	+	NP_001164194.1
chr1	178776765	+	XP_047279711.1
chr1	179043848	+	XP_047292049.1
chr1	179082129	+	NP_071766.2
chr1	179302685	+	XP_011508214.1
chr1	179365948	+	XP_011507471.1
chr1	179592616	+	XP_047303706.1
chr1	179813098	+	NP_001316643.1
chr1	179882503	+	NP_001254507.1
chr1	179955104	+	XP_047291398.1
chr1	180154908	+	NP_002817.2
chr1	180230530	+	NP_203129.1
chr1	180913244	+	NP_066001.1
chr1	181034008	+	NP_001372092.1
chr1	181088903	+	NP_057629.2
chr1	182450166	+	XP_011507802.1
chr1	182794372	+	NP_001186981.1
chr1	182842567	+	NP_001348.2
chr1	183023717	+	NP_002284.3
chr1	183186353	+	XP_016856762.1
chr1	183472621	+	NP_001362513.1
chr1	183742158	+	XP_011507644.1
chr1	184051756	+	NP_001287693.1
chr1	184477510	+	NP_110433.1
chr1	185087554	+	NP_009143.1
chr1	185160842	+	XP_016857019.1
chr1	186001405	+	XP_047287564.1
chr1	186296876	+	NP_001290161.1
chr1	186379786	+	XP_016857032.1
chr1	186854355	+	XP_047278555.1
chr1	192158638	+	NP_570138.1
chr1	192343037	+	NP_001034241.1
chr1	192575793	+	NP_002913.3
chr1	192644335	+	NP_002918.1
chr1	192809072	+	NP_002914.1
chr1	193069055	+	XP_047284880.1
chr1	193122201	+	XP_006711600.1
chr1	196774887	+	NP_066303.2
chr1	196819845	+	NP_002104.2
chr1	196888151	+	XP_047296615.1
chr1	196943881	+	XP_011507760.1
chr1	196975048	+	XP_011508322.1
chr1	197268413	+	XP_011507667.1
chr1	197902650	+	NP_001019765.1
chr1	197912532	+	NP_001014434.1
chr1	198232581	+	XP_047302525.1
chr1	198639269	+	NP_001254727.1
chr1	200027848	+	NP_995582.1
chr1	200739828	+	NP_001284636.1
chr1	200873038	+	NP_005289.2
chr1	200891541	+	NP_060735.4
chr1	201193294	+	XP_006711681.1
chr1	201283703	+	NP_000290.2
chr1	201622885	+	NP_001376546.1
chr1	201829210	+	NP_060555.2
chr1	201888995	+	NP_937792.2
chr1	201955527	+	NP_006326.1
chr1	201982667	+	NP_064601.3
chr1	202011137	+	XP_005244999.1
chr1	202122964	+	NP_004758.3
chr1	202193990	+	NP_001017403.1
chr1	202348852	+	NP_001161329.1
chr1	203007466	+	NP_612400.3
chr1	203039009	+	NP_001380880.1
chr1	203128315	+	XP_047302455.1
chr1	203305607	+	NP_006754.1
chr1	203483185	+	NP_002716.1
chr1	203496006	+	NP_055174.1
chr1	203683206	+	NP_001352712.1
chr1	203765343	+	NP_001129662.1
chr1	203797523	+	NP_001382824.1
chr1	203802094	+	NP_001401667.1
chr1	203817071	+	NP_001306167.1
chr1	203861660	+	NP_003085.1
chr1	204112916	+	NP_005677.2
chr1	204491751	+	XP_047295510.1
chr1	204525328	+	XP_047276911.1
chr1	204828676	+	XP_047305983.1
chr1	205053186	+	XP_047285060.1
chr1	205228565	+	XP_005245743.1
chr1	205523168	+	XP_047278163.1
chr1	205569070	+	NP_857595.3
chr1	206097829	+	NP_001007545.1
chr1	206303307	+	XP_047272490.1
chr1	206473228	+	XP_047290976.1
chr1	206507603	+	NP_872604.1
chr1	206635704	+	NP_003573.2
chr1	206685230	+	NP_004750.1
chr1	206836663	+	XP_011507752.1
chr1	206865853	+	NP_001372096.1
chr1	206897833	+	XP_047297719.1
chr1	207054718	+	XP_047278504.1
chr1	207089532	+	XP_005273312.1
chr1	207113026	+	XP_005273309.1
chr1	207321766	+	NP_001287831.1
chr1	207454419	+	NP_001006659.1
chr1	207496268	+	NP_000642.3
chr1	207645234	+	NP_783641.1
chr1	207752213	+	NP_002380.3
chr1	209594984	+	XP_016857355.1
chr1	209675685	+	NP_056529.1
chr1	209704943	+	NP_001193670.1
chr1	209760040	+	XP_047286932.1
chr1	209828064	+	NP_055203.4
chr1	210013686	+	XP_047273032.1
chr1	210237961	+	XP_047281492.1
chr1	211259561	+	XP_047280994.1
chr1	211353240	+	NP_004610.1
chr1	212035891	+	NP_057532.4
chr1	212286111	+	NP_006234.1
chr1	212432944	+	NP_037481.1
chr1	212615022	+	NP_001035709.1
chr1	212624878	+	NP_705834.2
chr1	212791922	+	NP_001139643.1
chr1	212858453	+	XP_011507749.1
chr1	212951543	+	NP_001287985.1
chr1	213129598	+	XP_047273904.1
chr1	213996536	+	XP_011508075.1
chr1	214281255	+	XP_047281658.1
chr1	214613755	+	NP_057427.3
chr1	215036351	+	XP_016856738.1
chr1	215567686	+	NP_057205.2
chr1	217631379	+	XP_011507496.2
chr1	218285317	+	XP_047277753.1
chr1	218346702	+	NP_001129071.1
chr1	219173891	+	XP_016855760.1
chr1	220094217	+	NP_060530.3
chr1	220528823	+	NP_001273058.1
chr1	220690403	+	NP_078985.3
chr1	220748532	+	NP_001304267.1
chr1	220786945	+	XP_011508202.1
chr1	220879858	+	NP_068777.1
chr1	222618111	+	XP_011507815.3
chr1	222713633	+	XP_006711236.1
chr1	222737305	+	XP_016856772.1
chr1	222942824	+	NP_116279.2
chr1	223393476	+	NP_689823.2
chr1	223701829	+	NP_001139540.1
chr1	224114130	+	NP_055991.1
chr1	224183337	+	NP_001308470.1
chr1	224356925	+	NP_001264127.1
chr1	224617175	+	NP_689708.1
chr1	224952703	+	NP_659426.2
chr1	225206161	+	XP_047301627.1
chr1	225777941	+	NP_001123912.1
chr1	225828730	+	NP_001278092.1
chr1	226064352	+	NP_001365972.1
chr1	226223682	+	NP_001269331.1
chr1	226548905	+	NP_001003665.1
chr1	226881908	+	XP_047281557.1
chr1	226961386	+	XP_047281701.1
chr1	227563695	+	NP_848644.2
chr1	227735410	+	NP_001310864.1
chr1	227815717	+	XP_011542477.1
chr1	227969805	+	XP_047295075.1
chr1	228007129	+	NP_149122.1
chr1	228097115	+	NP_001019397.1
chr1	228140303	+	NP_001152862.1
chr1	228157759	+	NP_065168.2
chr1	228165817	+	NP_001010867.1
chr1	228211784	+	NP_443075.3
chr1	229271340	+	NP_004569.2
chr1	229627634	+	NP_001300950.1
chr1	230116049	+	XP_016856453.2
chr1	230642607	+	NP_031383.1
chr1	230747497	+	XP_047295763.1
chr1	230979106	+	XP_024304970.1
chr1	231162970	+	NP_001004342.3
chr1	231241379	+	NP_055051.1
chr1	231338384	+	NP_001010984.1
chr1	231528811	+	NP_005990.1
chr1	231626868	+	NP_001158026.1
chr1	232805450	+	NP_061963.3
chr1	232950711	+	NP_001316381.1
chr1	233328029	+	NP_115811.2
chr1	233614172	+	NP_002236.1
chr1	234214499	+	NP_001287774.1
chr1	234373467	+	NP_001193570.2
chr1	235335265	+	NP_001358406.1
chr1	236142623	+	XP_016857698.1
chr1	236394445	+	NP_665860.2
chr1	236526071	+	XP_011542490.1
chr1	236686674	+	NP_001265272.1
chr1	236795321	+	XP_011542496.1
chr1	239907452	+	XP_047299071.1
chr1	240092110	+	XP_016857327.1
chr1	241532445	+	NP_003670.2
chr1	241652485	+	XP_011542394.1
chr1	241850426	+	XP_047290060.1
chr1	241957767	+	NP_001277622.1
chr1	243308152	+	NP_001337180.1
chr1	244051432	+	NP_991331.1
chr1	244363951	+	XP_016856060.1
chr1	244452277	+	XP_016856442.1
chr1	244653314	+	XP_047277789.1
chr1	244835715	+	NP_001299803.1
chr1	244970419	+	XP_047288025.1
chr1	246569874	+	XP_047303869.1
chr1	246724423	+	NP_057086.2
chr1	247418795	+	XP_047299491.1
chr1	247549192	+	NP_001268782.1
chr1	247588360	+	NP_001001915.1
chr1	247605586	+	NP_001001914.1
chr1	247617364	+	NP_001383035.1
chr1	247738615	+	NP_001004732.2
chr1	247857247	+	NP_056246.3
chr1	247895587	+	NP_001001957.2
chr1	247921018	+	NP_001005522.1
chr1	247933769	+	NP_001342164.2
chr1	247948858	+	NP_001001963.1
chr1	247965377	+	NP_001004491.2
chr1	248021948	+	NP_001245213.1
chr1	248038268	+	NP_001372784.1
chr1	248060682	+	NP_001004687.1
chr1	248099376	+	NP_787107.1
chr1	248145148	+	NP_001004690.1
chr1	248179986	+	NP_001004688.1
chr1	248203068	+	NP_001004689.1
chr1	248238929	+	NP_059974.1
chr1	248348775	+	NP_001001918.1
chr1	248847275	+	XP_047286779.1
chr1	248913863	+	XP_011542463.1
chr1	382050	-	XP_047292308.1
chr1	450740	-	NP_001005221.2
chr1	611112	-	XP_011540840.1
chr1	685716	-	XP_024305760.1
chr1	959215	-	NP_056473.3
chr1	981137	-	NP_001278295.1
chr1	999866	-	NP_001135939.1
chr1	1071817	-	NP_001192181.1
chr1	1091472	-	NP_060361.4
chr1	1206385	-	NP_683699.1
chr1	1213983	-	XP_011540379.1
chr1	1228468	-	NP_057260.3
chr1	1246514	-	XP_011539739.1
chr1	1267862	-	XP_047300295.1
chr1	1307769	-	XP_005244774.1
chr1	1324581	-	XP_011539952.1
chr1	1348896	-	XP_047304046.1
chr1	1361242	-	NP_001269514.1
chr1	1374705	-	NP_060370.1
chr1	1399019	-	NP_001307084.1
chr1	1407131	-	NP_060441.2
chr1	1420816	-	NP_001138682.1
chr1	1540290	-	NP_001108220.1
chr1	1574478	-	NP_054907.1
chr1	1599335	-	NP_001229588.1
chr1	1657375	-	XP_024306958.1
chr1	1676378	-	NP_001104251.1
chr1	1722708	-	NP_277071.2
chr1	1765228	-	XP_047284603.1
chr1	1825397	-	NP_001269467.1
chr1	1919182	-	XP_047275193.1
chr1	1990890	-	NP_001291289.1
chr1	2206305	-	NP_001269601.1
chr1	2391458	-	NP_079124.1
chr1	2412391	-	NP_001361356.1
chr1	2526464	-	XP_047280262.1
chr1	2530111	-	NP_001010926.1
chr1	2629331	-	NP_258428.2
chr1	2800044	-	NP_001229601.2
chr1	3070214	-	XP_047292570.1
chr1	3624308	-	XP_047304212.1
chr1	3649931	-	XP_047277617.1
chr1	3795862	-	NP_065761.1
chr1	3855874	-	NP_055519.1
chr1	3900172	-	XP_011539625.1
chr1	5986155	-	NP_001278523.1
chr1	6179945	-	NP_056372.1
chr1	6199562	-	NP_000974.1
chr1	6235717	-	XP_011539442.1
chr1	6254550	-	NP_997253.2
chr1	6393257	-	XP_047299355.1
chr1	6419776	-	NP_061962.2
chr1	6466069	-	NP_683871.1
chr1	6496493	-	NP_941374.3
chr1	6554107	-	XP_047286521.1
chr1	6601797	-	NP_055666.2
chr1	6701729	-	XP_047280798.1
chr1	7853307	-	XP_011538840.1
chr1	7939895	-	NP_001552.2
chr1	8015495	-	XP_047278657.1
chr1	8364056	-	NP_001036147.1
chr1	8874824	-	NP_001188412.1
chr1	9026295	-	XP_011539126.1
chr1	9069504	-	NP_001315550.1
chr1	9128645	-	XP_005263554.1
chr1	9823643	-	XP_047305426.1
chr1	9886614	-	NP_001012329.1
chr1	9942681	-	NP_001303904.1
chr1	9997682	-	XP_047292710.1
chr1	10472323	-	NP_004392.1
chr1	10694297	-	NP_001073312.1
chr1	10982012	-	NP_001353156.1
chr1	11047203	-	NP_006601.2
chr1	11059777	-	NP_003123.2
chr1	11099721	-	XP_047278619.1
chr1	11259248	-	XP_047272680.1
chr1	11654319	-	NP_036300.2
chr1	11680562	-	XP_047286738.1
chr1	11803405	-	XP_047277135.1
chr1	11847562	-	NP_006163.1
chr1	11858702	-	NP_002512.1
chr1	11925205	-	NP_612355.1
chr1	12617154	-	XP_006711099.1
chr1	12828497	-	XP_011539781.1
chr1	13197852	-	XP_011539760.1
chr1	13283805	-	XP_016856758.1
chr1	13345028	-	NP_001019832.2
chr1	13371614	-	NP_001093260.3
chr1	13512963	-	NP_001010847.1
chr1	15524069	-	XP_005246071.1
chr1	15584696	-	NP_079034.3
chr1	15807374	-	NP_001083060.1
chr1	15948291	-	NP_001311066.1
chr1	16019134	-	NP_001336614.1
chr1	16073421	-	NP_872429.2
chr1	16155848	-	NP_001316019.1
chr1	16208643	-	XP_011539008.1
chr1	16236631	-	XP_011540428.1
chr1	16315169	-	XP_047278703.1
chr1	16431243	-	XP_047275650.1
chr1	16978237	-	XP_047276983.1
chr1	17011729	-	XP_047272498.1
chr1	17119280	-	XP_016855637.1
chr1	18859479	-	NP_689418.2
chr1	18902462	-	NP_001154976.1
chr1	18955668	-	XP_047300795.1
chr1	19210073	-	XP_047272474.1
chr1	19251415	-	NP_001258358.1
chr1	19288496	-	XP_011539348.1
chr1	19311827	-	NP_001307908.1
chr1	19485436	-	XP_047287353.1
chr1	19799484	-	NP_001336041.1
chr1	19814418	-	NP_061935.1
chr1	19923520	-	NP_055404.1
chr1	19978734	-	XP_047278551.1
chr1	20119459	-	NP_036532.1
chr1	20177324	-	XP_047276172.1
chr1	20485214	-	NP_061054.2
chr1	20507905	-	XP_011540439.1
chr1	20661197	-	NP_005207.3
chr1	20717476	-	XP_047282110.1
chr1	20727958	-	NP_001096630.1
chr1	20780345	-	NP_001363722.1
chr1	21002713	-	XP_047289279.1
chr1	21345376	-	NP_001106818.1
chr1	21651779	-	NP_001375148.1
chr1	21782824	-	XP_011540569.1
chr1	21937155	-	XP_016856611.1
chr1	22142846	-	XP_011539899.1
chr1	22972305	-	NP_001276903.1
chr1	23015772	-	NP_001229450.1
chr1	23091190	-	XP_047285948.1
chr1	23193086	-	NP_000855.1
chr1	23343511	-	XP_011538778.1
chr1	23424565	-	XP_011540355.1
chr1	23484472	-	XP_047280437.1
chr1	23530542	-	XP_047304048.1
chr1	23798887	-	NP_001008217.1
chr1	23825356	-	NP_001159531.1
chr1	23867898	-	NP_000138.2
chr1	23874535	-	NP_001832.1
chr1	23980191	-	NP_001177938.1
chr1	24108476	-	NP_689585.3
chr1	24143040	-	NP_067081.2
chr1	24187191	-	XP_016855968.1
chr1	24401319	-	NP_001185943.1
chr1	24964514	-	NP_004341.1
chr1	25232444	-	NP_997053.1
chr1	25246444	-	NP_001308701.1
chr1	25429940	-	XP_016857503.1
chr1	25859280	-	NP_001274419.1
chr1	25862799	-	XP_005245803.1
chr1	25904664	-	NP_001138926.1
chr1	25997448	-	XP_047277657.1
chr1	26045847	-	NP_115902.1
chr1	26067336	-	NP_115977.2
chr1	26168416	-	NP_001351598.1
chr1	26171617	-	NP_001382397.1
chr1	26302813	-	NP_663320.2
chr1	26350497	-	XP_011539974.1
chr1	26374278	-	NP_775845.2
chr1	26696217	-	XP_047295429.1
chr1	26889686	-	NP_060536.3
chr1	26899992	-	NP_071361.2
chr1	26913409	-	NP_068804.1
chr1	26951342	-	XP_011538924.1
chr1	26985897	-	XP_047293101.1
chr1	27012407	-	NP_443175.2
chr1	27153983	-	XP_011540323.1
chr1	27366258	-	XP_047289645.1
chr1	27374728	-	NP_775628.1
chr1	27383152	-	XP_011539743.1
chr1	27428761	-	NP_008921.1
chr1	27547304	-	XP_047273975.1
chr1	27623691	-	NP_005239.1
chr1	27669245	-	NP_075011.1
chr1	27914627	-	NP_001342057.1
chr1	28057994	-	NP_001269491.1
chr1	28149993	-	NP_001158194.1
chr1	28648205	-	NP_005635.1
chr1	29120905	-	NP_001003682.1
chr1	29181646	-	XP_047283670.1
chr1	29230739	-	NP_001019903.3
chr1	30723458	-	NP_002370.1
chr1	30757659	-	XP_011540400.1
chr1	30909616	-	XP_011540768.1
chr1	31059204	-	NP_055491.1
chr1	31239494	-	NP_078798.2
chr1	31296611	-	NP_004805.2
chr1	31372942	-	XP_011539309.1
chr1	31644841	-	NP_001346580.1
chr1	31702121	-	XP_016855830.1
chr1	31757201	-	XP_011540160.1
chr1	31814722	-	NP_001381327.1
chr1	31918970	-	NP_001182030.1
chr1	31919563	-	NP_001401656.1
chr1	32222307	-	XP_016857305.1
chr1	32335947	-	NP_075385.1
chr1	32361958	-	NP_001161148.1
chr1	32394404	-	NP_001137362.1
chr1	32650433	-	NP_001353186.1
chr1	32702608	-	NP_001155180.2
chr1	32817188	-	XP_011540649.1
chr1	32870653	-	NP_001165411.2
chr1	32901223	-	NP_001316654.1
chr1	32964051	-	XP_006710419.1
chr1	33036736	-	NP_001306068.1
chr1	33181025	-	NP_001317412.1
chr1	33321076	-	NP_001073907.1
chr1	33375366	-	NP_004418.2
chr1	34857451	-	NP_612437.3
chr1	34904277	-	XP_011540182.1
chr1	34985198	-	NP_001182085.1
chr1	35030547	-	NP_009098.3
chr1	35192222	-	XP_005271172.1
chr1	35554350	-	XP_047286801.1
chr1	35641417	-	NP_001186709.1
chr1	35715632	-	NP_689587.1
chr1	35769847	-	NP_001317419.1
chr1	36100050	-	NP_001281276.1
chr1	36149337	-	NP_001257824.1
chr1	36322971	-	NP_060636.1
chr1	36361221	-	NP_001269476.1
chr1	36393758	-	NP_116270.1
chr1	36450258	-	XP_011538983.1
chr1	36464146	-	NP_112570.2
chr1	36479433	-	NP_758519.1
chr1	37514657	-	NP_001257805.1
chr1	37554006	-	NP_078976.2
chr1	37595759	-	XP_024302359.1
chr1	37629889	-	XP_006710646.1
chr1	37690216	-	NP_001337692.1
chr1	37764961	-	XP_016856569.1
chr1	37807792	-	NP_078916.3
chr1	37857251	-	XP_047277129.1
chr1	37946774	-	NP_001337157.1
chr1	37989870	-	NP_001307759.1
chr1	37999257	-	NP_001230807.1
chr1	38045388	-	NP_002690.3
chr1	38859410	-	NP_001258780.1
chr1	38873291	-	NP_036465.2
chr1	38874551	-	NP_110399.2
chr1	38929395	-	NP_060291.2
chr1	39575759	-	NP_003810.1
chr1	39639546	-	XP_005270802.1
chr1	39671904	-	NP_115915.1
chr1	39684442	-	NP_001269326.1
chr1	39788152	-	NP_001711.2
chr1	39883318	-	XP_047279181.1
chr1	39901808	-	NP_001028253.1
chr1	40097115	-	NP_001136076.1
chr1	40317123	-	XP_011539017.1
chr1	40641709	-	XP_047291145.1
chr1	40861573	-	NP_597724.1
chr1	41020226	-	XP_011539254.1
chr1	41186121	-	NP_001381238.1
chr1	41484538	-	XP_016856001.2
chr1	41579737	-	NP_001121186.1
chr1	41628749	-	NP_001401929.1
chr1	42164638	-	NP_291031.2
chr1	42311050	-	XP_016856183.1
chr1	42455888	-	NP_001139664.1
chr1	42739841	-	NP_683763.2
chr1	42766507	-	XP_047283585.1
chr1	42816431	-	NP_955374.1
chr1	42958634	-	NP_006507.2
chr1	43172280	-	XP_047297445.1
chr1	43283252	-	XP_011539104.1
chr1	43365564	-	NP_001243331.1
chr1	43389759	-	NP_443109.2
chr1	43453595	-	XP_006711000.1
chr1	44024248	-	NP_001315559.1
chr1	44138664	-	NP_001345367.1
chr1	44354892	-	XP_016857794.1
chr1	44674331	-	NP_001287675.1
chr1	44787554	-	XP_016856512.1
chr1	44806003	-	XP_047275573.1
chr1	44842861	-	NP_001159764.1
chr1	44981021	-	XP_047289457.1
chr1	45010889	-	XP_047286443.1
chr1	45205756	-	XP_047282148.1
chr1	45340219	-	NP_001337580.1
chr1	45457564	-	NP_001307729.1
chr1	45499532	-	XP_024308812.1
chr1	45518938	-	NP_001189360.1
chr1	45623736	-	XP_016855944.1
chr1	45659028	-	XP_047283033.1
chr1	45746120	-	NP_001138821.1
chr1	46176228	-	NP_001315583.1
chr1	46197702	-	NP_001230695.2
chr1	46303124	-	NP_006360.3
chr1	46532994	-	NP_001343992.1
chr1	46551065	-	NP_001309184.1
chr1	46594113	-	NP_001364302.1
chr1	46612904	-	NP_958805.1
chr1	46668057	-	NP_001243347.1
chr1	46717903	-	NP_055589.1
chr1	46941239	-	XP_016855954.1
chr1	47189866	-	NP_005755.1
chr1	47225443	-	XP_047285003.1
chr1	47310276	-	XP_016857613.1
chr1	47818338	-	XP_047276016.1
chr1	48471958	-	XP_047278882.1
chr1	48776606	-	NP_001336722.1
chr1	50420978	-	NP_115486.1
chr1	50968984	-	XP_047293225.1
chr1	51344991	-	NP_001284596.1
chr1	51519199	-	NP_001153441.1
chr1	51878275	-	NP_001229290.1
chr1	51976890	-	NP_002858.2
chr1	52055000	-	NP_056997.1
chr1	52364552	-	NP_001317514.1
chr1	52402129	-	XP_011539829.1
chr1	52525563	-	XP_047272384.1
chr1	52698221	-	NP_075565.2
chr1	52921553	-	XP_047280330.1
chr1	53142315	-	XP_011540304.1
chr1	53220570	-	NP_001291689.1
chr1	53238361	-	NP_002361.1
chr1	53327789	-	NP_150643.2
chr1	53737806	-	NP_671726.2
chr1	53838205	-	XP_011540068.1
chr1	53888907	-	NP_061855.1
chr1	53939985	-	XP_047278477.1
chr1	54018092	-	NP_001263321.1
chr1	54053000	-	NP_001291981.1
chr1	54152844	-	NP_001340584.1
chr1	54195419	-	NP_001340283.1
chr1	54405953	-	NP_001381294.1
chr1	54623278	-	XP_047275095.1
chr1	54757734	-	NP_689481.2
chr1	54800597	-	XP_016857071.1
chr1	54886889	-	NP_055577.1
chr1	55214790	-	XP_005270747.1
chr1	56578878	-	NP_003704.3
chr1	56819282	-	XP_011539208.1
chr1	56965857	-	NP_001265473.2
chr1	57290964	-	NP_001340909.1
chr1	58538795	-	NP_660286.1
chr1	58576185	-	NP_002344.2
chr1	58699985	-	XP_047299675.1
chr1	58782075	-	NP_002219.1
chr1	59926537	-	XP_047303455.1
chr1	60072537	-	XP_016855796.1
chr1	61724957	-	XP_047287700.1
chr1	62281549	-	XP_016855974.1
chr1	62688227	-	NP_001258931.1
chr1	63523129	-	XP_047272533.1
chr1	64886259	-	XP_047275632.1
chr1	66801047	-	NP_005469.2
chr1	66924662	-	XP_024305589.1
chr1	67053811	-	XP_047271618.1
chr1	67127166	-	XP_011539771.1
chr1	67429988	-	NP_056455.3
chr1	67707594	-	NP_061329.3
chr1	68046608	-	NP_004666.1
chr1	68232194	-	NP_001002292.3
chr1	68449895	-	NP_001393786.1
chr1	68496952	-	NP_060249.2
chr1	70205390	-	XP_011540065.1
chr1	70353979	-	XP_047287239.1
chr1	71046681	-	XP_011540112.1
chr1	71080940	-	NP_976225.1
chr1	74183436	-	XP_047301339.1
chr1	74536804	-	NP_001351595.1
chr1	74674312	-	XP_016855771.1
chr1	74724711	-	NP_001128231.1
chr1	75300612	-	NP_001307216.1
chr1	75932125	-	NP_543144.1
chr1	77219310	-	NP_005473.1
chr1	77639449	-	NP_001363080.1
chr1	77745421	-	NP_001364367.1
chr1	77978885	-	XP_047289443.1
chr1	79006633	-	NP_071442.2
chr1	83952187	-	XP_047286647.1
chr1	84506011	-	NP_005265.1
chr1	84574239	-	NP_004379.1
chr1	84671177	-	NP_001159766.1
chr1	84865385	-	NP_036284.1
chr1	84996796	-	XP_005270776.1
chr1	85048188	-	XP_047280359.1
chr1	85200252	-	NP_115560.1
chr1	85259358	-	NP_932343.1
chr1	85276296	-	XP_011540701.1
chr1	85464743	-	NP_001127917.1
chr1	85708054	-	NP_060423.3
chr1	86156341	-	XP_047272983.1
chr1	86386915	-	NP_001382458.1
chr1	86914028	-	NP_004252.2
chr1	88891483	-	NP_001505.1
chr1	88988252	-	NP_001336378.1
chr1	89020532	-	NP_001306109.1
chr1	89063045	-	NP_002044.2
chr1	89121777	-	NP_004111.2
chr1	89171746	-	NP_997281.2
chr1	89198795	-	NP_443173.2
chr1	89269366	-	NP_001127958.1
chr1	90716571	-	NP_064447.1
chr1	90982310	-	NP_115562.3
chr1	91401012	-	XP_016855982.1
chr1	91861471	-	XP_047285229.1
chr1	92074533	-	NP_001274666.2
chr1	92298486	-	XP_047298789.1
chr1	92483373	-	NP_005254.2
chr1	92703395	-	XP_016857775.1
chr1	92961376	-	NP_001239202.1
chr1	93180054	-	NP_057124.3
chr1	93723299	-	NP_001295180.1
chr1	93879077	-	NP_055412.2
chr1	93909038	-	XP_011539563.1
chr1	94120980	-	XP_047272660.1
chr1	94247565	-	XP_047290715.1
chr1	94541537	-	NP_001984.1
chr1	94926838	-	NP_001272985.1
chr1	95072763	-	NP_659425.1
chr1	97920884	-	NP_001153773.1
chr1	98044869	-	XP_047293862.1
chr1	99004435	-	XP_011539140.1
chr1	99748573	-	NP_001013682.2
chr1	100132750	-	NP_001291758.1
chr1	100168404	-	XP_047301478.1
chr1	100249770	-	NP_001386901.1
chr1	100888753	-	XP_047305365.1
chr1	101025309	-	XP_011539872.1
chr1	101996748	-	NP_001275752.1
chr1	103014511	-	XP_016855826.1
chr1	103695472	-	NP_001373854.1
chr1	107785458	-	NP_001073343.1
chr1	108246602	-	XP_047302850.1
chr1	108660963	-	NP_653185.2
chr1	108851672	-	NP_689976.2
chr1	108950309	-	NP_001364399.1
chr1	109023355	-	XP_011539333.1
chr1	109075921	-	NP_005636.1
chr1	109113633	-	NP_001353130.1
chr1	109282680	-	XP_047288240.1
chr1	109306847	-	XP_016856664.1
chr1	109397587	-	NP_001192157.1
chr1	109426302	-	NP_001186703.1
chr1	109507431	-	XP_011540114.1
chr1	109612753	-	NP_001366161.1
chr1	109740240	-	NP_000840.2
chr1	109761719	-	XP_047286336.1
chr1	110070336	-	NP_006483.2
chr1	110389237	-	XP_006711096.1
chr1	110407586	-	NP_006393.2
chr1	110517252	-	NP_005540.1
chr1	110603889	-	NP_001191198.1
chr1	110673082	-	NP_002223.3
chr1	110963621	-	XP_016857258.1
chr1	111131424	-	NP_001336818.1
chr1	111204296	-	XP_016857877.1
chr1	111427697	-	NP_002548.3
chr1	111449055	-	NP_001303993.1
chr1	111563846	-	NP_065734.5
chr1	111755701	-	XP_011540085.1
chr1	111981621	-	XP_011539729.1
chr1	112618909	-	XP_011539930.1
chr1	112703644	-	NP_001036143.1
chr1	112714976	-	NP_005158.5
chr1	112929092	-	XP_047284745.1
chr1	113758659	-	NP_001309975.1
chr1	113811710	-	NP_060834.2
chr1	113871537	-	XP_016856494.1
chr1	113887249	-	NP_001010922.1
chr1	113904605	-	XP_047295034.1
chr1	114153610	-	NP_001353155.1
chr1	114510551	-	NP_148980.2
chr1	114581499	-	NP_005863.1
chr1	114625179	-	NP_940861.3
chr1	114695450	-	NP_001166097.2
chr1	114716050	-	NP_002515.1
chr1	114741527	-	NP_001229822.1
chr1	114780449	-	NP_001095866.1
chr1	115089364	-	XP_016855485.1
chr1	115300397	-	XP_006710726.1
chr1	115768308	-	NP_001223.2
chr1	115837965	-	XP_047277363.1
chr1	116570903	-	NP_001770.1
chr1	116666284	-	XP_011539618.1
chr1	117120714	-	XP_047286870.1
chr1	117210824	-	NP_001240778.1
chr1	117920182	-	NP_060156.1
chr1	118115310	-	XP_047304714.1
chr1	118988899	-	NP_689593.2
chr1	119140555	-	NP_001365159.1
chr1	119625875	-	XP_005271372.1
chr1	119768741	-	NP_001159579.1
chr1	119808703	-	NP_114433.1
chr1	119893964	-	NP_068566.2
chr1	120069334	-	NP_077719.2
chr1	120176307	-	NP_004883.3
chr1	121031056	-	XP_047293973.1
chr1	121183458	-	NP_001094380.1
chr1	143905556	-	NP_001342338.1
chr1	143972960	-	XP_047280384.1
chr1	144373090	-	NP_001137504.2
chr1	144439829	-	NP_001372345.1
chr1	144806095	-	XP_047294006.1
chr1	145092835	-	XP_005277478.1
chr1	145241630	-	NP_001157733.1
chr1	145420488	-	NP_001265196.1
chr1	145690051	-	NP_001358288.1
chr1	145823772	-	XP_047273983.1
chr1	145858967	-	NP_006090.2
chr1	145885726	-	NP_653299.4
chr1	145909963	-	XP_011508386.1
chr1	145918633	-	NP_001171724.1
chr1	145927360	-	NP_005096.1
chr1	145957636	-	NP_714924.1
chr1	145960269	-	NP_001034977.1
chr1	145996017	-	NP_001300901.1
chr1	146020135	-	NP_998817.1
chr1	146144595	-	NP_001034792.4
chr1	146228709	-	NP_982283.2
chr1	146344221	-	NP_001355057.1
chr1	147171989	-	NP_005390.1
chr1	147224895	-	NP_001138301.1
chr1	147669830	-	XP_011507903.1
chr1	147758162	-	NP_005257.2
chr1	148126829	-	NP_001372397.2
chr1	148482758	-	NP_001116540.1
chr1	148595543	-	NP_001382560.1
chr1	148712428	-	XP_047276572.1
chr1	149081965	-	NP_001375303.1
chr1	149321500	-	XP_047293986.1
chr1	149607771	-	XP_047294121.1
chr1	149811947	-	NP_001154806.1
chr1	149813271	-	NP_001116847.1
chr1	149840747	-	NP_066403.2
chr1	149842306	-	NP_003507.1
chr1	149860820	-	XP_047280398.1
chr1	149886260	-	NP_003519.1
chr1	149887524	-	NP_778235.1
chr1	149913219	-	NP_001265648.1
chr1	149927726	-	NP_005841.1
chr1	149936582	-	NP_870988.2
chr1	149977426	-	XP_016857339.1
chr1	150235733	-	XP_005245571.1
chr1	150281661	-	XP_047278022.1
chr1	150579423	-	NP_877495.1
chr1	150629414	-	NP_996929.1
chr1	150695730	-	NP_060648.2
chr1	150719473	-	XP_047287782.1
chr1	150764638	-	NP_001186668.1
chr1	150806686	-	NP_000387.1
chr1	150876543	-	XP_011507848.1
chr1	150971849	-	NP_071358.1
chr1	151008248	-	NP_001363603.1
chr1	151055677	-	NP_064624.1
chr1	151144385	-	XP_047287984.1
chr1	151165747	-	XP_047276074.1
chr1	151174753	-	XP_011507751.1
chr1	151190005	-	XP_016857694.1
chr1	151326172	-	XP_047278546.1
chr1	151346205	-	XP_024304559.1
chr1	151372638	-	NP_001245218.1
chr1	151459040	-	XP_047306026.1
chr1	151715876	-	NP_001166119.1
chr1	151763327	-	NP_001287662.1
chr1	151782899	-	XP_016855617.1
chr1	151800923	-	NP_001004432.1
chr1	151831725	-	NP_001001523.1
chr1	151837928	-	NP_001129475.1
chr1	151853443	-	XP_011507723.1
chr1	151909360	-	NP_444283.2
chr1	151986099	-	NP_002957.1
chr1	152036913	-	NP_005611.1
chr1	152088006	-	NP_001008536.1
chr1	152113943	-	NP_009044.2
chr1	152157752	-	NP_001116437.1
chr1	152223116	-	NP_001009931.1
chr1	152315319	-	NP_002007.1
chr1	152358747	-	NP_001014364.1
chr1	152412096	-	NP_057274.1
chr1	152565930	-	NP_848522.1
chr1	152579658	-	NP_115952.1
chr1	152622834	-	NP_848518.1
chr1	152805435	-	NP_848128.1
chr1	153040128	-	NP_008876.3
chr1	153056517	-	NP_005979.1
chr1	153070621	-	XP_047284822.1
chr1	153093533	-	NP_001019380.2
chr1	153112515	-	NP_001369184.1
chr1	153149889	-	XP_016857666.1
chr1	153310611	-	XP_011507422.1
chr1	153347884	-	XP_011508094.1
chr1	153374455	-	NP_005612.1
chr1	153422518	-	NP_002955.2
chr1	153458873	-	NP_002954.2
chr1	153535202	-	NP_055439.1
chr1	153543240	-	NP_002953.2
chr1	153544654	-	NP_002952.1
chr1	153548345	-	NP_002951.1
chr1	153563734	-	NP_001353336.1
chr1	153607999	-	XP_047302515.1
chr1	153615829	-	NP_065723.1
chr1	153626320	-	XP_047283401.1
chr1	153632034	-	XP_047283356.1
chr1	153670918	-	NP_001254738.1
chr1	153916452	-	NP_065750.1
chr1	153946820	-	NP_055671.2
chr1	153958345	-	XP_016856068.1
chr1	153962529	-	NP_001258889.1
chr1	153977170	-	NP_006685.1
chr1	153986113	-	XP_016857448.1
chr1	154154842	-	XP_047289860.1
chr1	154191902	-	NP_001265120.1
chr1	154206275	-	NP_001010979.1
chr1	154220342	-	XP_047273195.1
chr1	154501436	-	XP_005244948.1
chr1	154558227	-	XP_047280423.1
chr1	154627954	-	NP_001351975.1
chr1	154869032	-	NP_001352767.1
chr1	154936591	-	NP_001309941.1
chr1	154953671	-	NP_001304664.1
chr1	154961474	-	NP_612157.1
chr1	154970032	-	XP_016857572.1
chr1	155033434	-	XP_011507491.1
chr1	155139962	-	NP_714963.1
chr1	155173221	-	NP_776251.2
chr1	155192786	-	NP_001191220.1
chr1	155207798	-	NP_001394491.1
chr1	155241086	-	NP_001165282.1
chr1	155254653	-	NP_937995.1
chr1	155262086	-	XP_047274210.1
chr1	155270808	-	NP_001281268.1
chr1	155301296	-	XP_011507942.1
chr1	155521100	-	XP_011508072.1
chr1	155688930	-	NP_620832.1
chr1	155853276	-	XP_005245343.1
chr1	155910878	-	NP_001243749.1
chr1	155934336	-	NP_055764.2
chr1	155979511	-	NP_001337039.1
chr1	156020013	-	NP_003136.1
chr1	156053594	-	XP_024304237.1
chr1	156081545	-	NP_001087194.1
chr1	156246690	-	NP_001259041.1
chr1	156282607	-	NP_001310546.1
chr1	156295526	-	XP_047298954.1
chr1	156298770	-	NP_001004319.1
chr1	156338154	-	NP_001008800.1
chr1	156483239	-	XP_047276960.1
chr1	156572493	-	XP_011507503.1
chr1	156601409	-	NP_872620.1
chr1	156676482	-	NP_006608.1
chr1	156705377	-	NP_001186652.1
chr1	156726906	-	XP_005245575.1
chr1	156738522	-	XP_011508284.1
chr1	156752229	-	XP_047274788.1
chr1	156816675	-	NP_001154915.1
chr1	156858537	-	NP_055030.1
chr1	157046396	-	XP_011508491.1
chr1	157099466	-	NP_001004341.1
chr1	157136307	-	XP_006711273.1
chr1	157552332	-	NP_001182317.1
chr1	157597914	-	XP_011508336.1
chr1	157700459	-	NP_001307262.1
chr1	157777043	-	XP_016857808.1
chr1	157820007	-	XP_047299957.1
chr1	157841674	-	XP_016858295.1
chr1	158127862	-	NP_001382344.1
chr1	158331363	-	XP_016858274.1
chr1	158398522	-	NP_001004475.1
chr1	158419928	-	NP_001004476.1
chr1	158547128	-	NP_001372979.1
chr1	158562651	-	NP_001153797.1
chr1	158578919	-	NP_001004477.1
chr1	158686494	-	XP_047284839.1
chr1	158699678	-	NP_001005279.1
chr1	158717168	-	NP_001005327.2
chr1	158765744	-	XP_016855814.1
chr1	158776682	-	NP_001005278.1
chr1	158999971	-	NP_001306939.1
chr1	159073238	-	NP_001335176.1
chr1	159535078	-	NP_001004469.1
chr1	159714425	-	NP_001369632.1
chr1	159862473	-	NP_001013683.1
chr1	159900096	-	NP_036469.2
chr1	159923436	-	NP_003555.1
chr1	159943397	-	NP_065840.2
chr1	159983142	-	NP_001139644.1
chr1	160030468	-	NP_660150.1
chr1	160041393	-	NP_002232.2
chr1	160098834	-	XP_024306715.1
chr1	160243960	-	NP_056541.2
chr1	160285055	-	NP_002848.1
chr1	160343131	-	NP_004362.2
chr1	160523144	-	XP_047299822.1
chr1	160579392	-	NP_001171811.1
chr1	160646870	-	XP_047284446.1
chr1	160711682	-	XP_047290967.1
chr1	160862617	-	XP_011507925.1
chr1	160884820	-	NP_060095.2
chr1	160954727	-	XP_024309089.1
chr1	161021010	-	NP_001369663.1
chr1	161038880	-	NP_001106677.1
chr1	161043268	-	NP_996888.1
chr1	161069620	-	XP_005245130.1
chr1	161089218	-	XP_005245565.1
chr1	161117952	-	XP_011507926.1
chr1	161124138	-	NP_001034800.1
chr1	161175808	-	NP_001186803.1
chr1	161197995	-	NP_001307265.1
chr1	161223350	-	NP_001634.1
chr1	161238041	-	NP_001070942.1
chr1	161309839	-	XP_016856810.1
chr1	161367842	-	NP_001013647.2
chr1	161549858	-	NP_001373379.1
chr1	161631055	-	NP_001257966.1
chr1	162023257	-	XP_011507700.1
chr1	162376688	-	XP_005245160.1
chr1	162411883	-	NP_444512.2
chr1	162859460	-	NP_848645.3
chr1	163319182	-	NP_001241677.1
chr1	165355484	-	XP_011507840.1
chr1	165444845	-	NP_001243499.1
chr1	165698378	-	NP_001352703.1
chr1	165768759	-	NP_001243094.1
chr1	166165986	-	NP_001307231.1
chr1	166876160	-	NP_444281.1
chr1	166975223	-	XP_016856745.1
chr1	167090245	-	XP_016855494.1
chr1	167518408	-	XP_011508447.1
chr1	167553388	-	NP_003842.1
chr1	167904993	-	NP_001161221.1
chr1	167935733	-	NP_001137146.1
chr1	168137390	-	NP_001336564.1
chr1	168543904	-	NP_003166.1
chr1	168728870	-	NP_001928.2
chr1	169324393	-	NP_932076.1
chr1	169424811	-	NP_001287897.1
chr1	169485563	-	NP_001306596.1
chr1	169586229	-	NP_000121.2
chr1	169630072	-	XP_047283539.1
chr1	169711496	-	NP_000646.3
chr1	169733576	-	NP_000441.2
chr1	169792577	-	NP_001307128.1
chr1	169888676	-	XP_011508104.1
chr1	170085035	-	NP_001191443.1
chr1	171652008	-	NP_000252.1
chr1	171738349	-	NP_001172056.1
chr1	172441729	-	NP_714969.1
chr1	173050741	-	NP_005083.3
chr1	173207966	-	XP_047285864.1
chr1	173601650	-	NP_848622.2
chr1	173676274	-	NP_940895.1
chr1	173811132	-	NP_001374219.1
chr1	173917236	-	NP_001351981.1
chr1	173992755	-	XP_047303052.1
chr1	175023364	-	NP_071383.1
chr1	175160169	-	XP_047291067.1
chr1	175160714	-	NP_001306159.1
chr1	175406216	-	NP_001315564.1
chr1	176149006	-	XP_016857566.1
chr1	177967683	-	NP_001343435.1
chr1	178499534	-	XP_047276461.1
chr1	178864954	-	NP_001363692.1
chr1	179229241	-	NP_001161711.1
chr1	179575591	-	XP_005245540.1
chr1	179852632	-	XP_016855965.1
chr1	179864781	-	NP_001336860.1
chr1	181022639	-	NP_001273139.1
chr1	182056304	-	XP_024309028.1
chr1	182388572	-	NP_001028216.1
chr1	182399664	-	NP_741997.3
chr1	182585327	-	NP_066956.1
chr1	182604216	-	XP_024304564.1
chr1	182672819	-	NP_001374776.1
chr1	182952729	-	NP_001332857.1
chr1	183418183	-	NP_733820.1
chr1	183590156	-	XP_047277178.1
chr1	183635517	-	NP_005708.1
chr1	183647678	-	NP_982279.1
chr1	184037095	-	NP_001290349.1
chr1	184754489	-	XP_011508314.1
chr1	184974302	-	XP_047300050.1
chr1	185156478	-	XP_047287247.1
chr1	185309383	-	XP_047290065.1
chr1	186374878	-	NP_003283.2
chr1	186449399	-	NP_072098.1
chr1	186680239	-	NP_000954.1
chr1	193059863	-	NP_001337779.1
chr1	193105517	-	NP_001230328.1
chr1	193180294	-	NP_003774.1
chr1	196405959	-	XP_016856672.1
chr1	197067160	-	XP_047305378.1
chr1	197146141	-	NP_001193775.1
chr1	197199354	-	NP_919290.2
chr1	197775139	-	XP_006711257.1
chr1	198540569	-	NP_573569.1
chr1	200409561	-	NP_036614.1
chr1	200618552	-	NP_001292721.1
chr1	200665937	-	XP_047287431.1
chr1	201023343	-	NP_001239032.1
chr1	201112188	-	XP_005245535.1
chr1	201114752	-	NP_001257530.1
chr1	201153858	-	NP_001275500.1
chr1	201373214	-	XP_047285434.1
chr1	201399269	-	NP_005549.2
chr1	201417783	-	NP_003272.3
chr1	201468403	-	NP_036528.1
chr1	201496192	-	NP_001180499.1
chr1	201946080	-	NP_036266.2
chr1	202144450	-	NP_620150.1
chr1	202161387	-	XP_047282262.1
chr1	202335646	-	NP_001297255.1
chr1	202605595	-	NP_796376.2
chr1	202808117	-	XP_011507393.1
chr1	202825825	-	XP_047295505.1
chr1	202888973	-	NP_002862.2
chr1	202928481	-	NP_001290038.1
chr1	202950930	-	XP_024303195.1
chr1	202967191	-	NP_057327.2
chr1	203085491	-	NP_002470.2
chr1	203177052	-	NP_004988.2
chr1	203186599	-	XP_047298804.1
chr1	203230015	-	NP_001243054.2
chr1	203347292	-	XP_047272260.1
chr1	204151595	-	NP_001284690.1
chr1	204166196	-	NP_000528.1
chr1	204192774	-	NP_002247.3
chr1	204213882	-	XP_016855803.1
chr1	204377583	-	XP_047305424.1
chr1	204409492	-	XP_005245608.2
chr1	204468870	-	NP_001364263.1
chr1	204617851	-	NP_963924.1
chr1	205083553	-	NP_976310.1
chr1	205121855	-	XP_047282868.1
chr1	205211271	-	XP_047273107.1
chr1	205321398	-	XP_005245572.1
chr1	205343229	-	NP_001258793.1
chr1	205420455	-	NP_001185980.1
chr1	205440925	-	NP_001384355.1
chr1	205623676	-	NP_001964.2
chr1	205664485	-	NP_149093.1
chr1	205749957	-	XP_005245510.1
chr1	205774833	-	XP_006711669.1
chr1	205810070	-	NP_776253.3
chr1	205849904	-	NP_689704.4
chr1	205935696	-	NP_599152.2
chr1	205994083	-	NP_001291768.1
chr1	206023724	-	NP_001304260.1
chr1	206115951	-	NP_000698.1
chr1	206203844	-	NP_001372169.1
chr1	206612287	-	XP_011507559.1
chr1	206772271	-	NP_001369553.1
chr1	206921818	-	XP_047290287.1
chr1	206940489	-	NP_002635.2
chr1	206970087	-	XP_047287727.1
chr1	207027494	-	XP_011508275.1
chr1	207052185	-	NP_061036.3
chr1	207911002	-	NP_001020280.1
chr1	208216735	-	NP_079455.3
chr1	209650917	-	XP_016856761.1
chr1	209782825	-	NP_689698.1
chr1	209801240	-	NP_001193625.1
chr1	210803967	-	XP_047275785.1
chr1	211481120	-	NP_001158160.1
chr1	211577991	-	NP_067017.2
chr1	211675384	-	NP_001191111.1
chr1	211830183	-	NP_055688.1
chr1	212035344	-	NP_001186738.1
chr1	212414722	-	XP_047280275.1
chr1	212699673	-	NP_061134.1
chr1	212791530	-	NP_001284668.1
chr1	212835873	-	NP_001019772.1
chr1	213015613	-	NP_001287687.1
chr1	214464630	-	NP_005392.2
chr1	216701425	-	NP_001230434.1
chr1	217630916	-	XP_016857081.1
chr1	219609645	-	NP_001342386.1
chr1	219958568	-	NP_001402934.1
chr1	220046343	-	NP_004437.2
chr1	220079727	-	NP_001273078.1
chr1	220272223	-	NP_036546.2
chr1	221738934	-	XP_047298904.1
chr1	222547724	-	NP_079022.2
chr1	222588443	-	NP_647603.1
chr1	222712208	-	NP_073742.2
chr1	223110455	-	XP_006711569.1
chr1	223364057	-	XP_047279669.1
chr1	223665410	-	XP_016856755.1
chr1	223845654	-	NP_005417.1
chr1	224142802	-	XP_047292296.1
chr1	224330071	-	NP_001230075.1
chr1	224433684	-	NP_001108585.2
chr1	225423911	-	XP_047276332.1
chr1	225652962	-	XP_024304084.1
chr1	225877395	-	XP_047291104.1
chr1	225888817	-	NP_066277.1
chr1	225924044	-	NP_001258610.1
chr1	225940891	-	NP_001165896.1
chr1	225999193	-	NP_689821.3
chr1	226186390	-	NP_073572.2
chr1	226309109	-	NP_001353169.1
chr1	226407810	-	NP_001609.2
chr1	226735527	-	NP_002212.3
chr1	227735012	-	XP_011542564.2
chr1	227947793	-	XP_011542573.1
chr1	228103134	-	NP_077295.1
chr1	228108235	-	NP_852130.1
chr1	228406154	-	XP_011542587.1
chr1	228414644	-	XP_047278044.1
chr1	229342099	-	NP_001397865.1
chr1	229432987	-	NP_001091.1
chr1	229508068	-	NP_060700.2
chr1	229558136	-	XP_011542437.1
chr1	229614341	-	XP_047273953.1
chr1	230271670	-	XP_047295128.1
chr1	230425598	-	NP_001245240.1
chr1	230709995	-	NP_001369746.2
chr1	230869482	-	XP_016858088.1
chr1	230978560	-	XP_011542578.1
chr1	231039921	-	NP_940954.1
chr1	231241024	-	NP_001287759.1
chr1	231335568	-	NP_787072.2
chr1	231420998	-	NP_071334.1
chr1	232513857	-	NP_001364417.1
chr1	233177308	-	XP_047286829.1
chr1	233295326	-	NP_001315536.1
chr1	234478173	-	XP_047285053.1
chr1	234608495	-	NP_892017.2
chr1	235128595	-	NP_055580.1
chr1	235161174	-	XP_047305661.1
chr1	235326914	-	XP_016856961.1
chr1	235504141	-	XP_006711812.1
chr1	235583740	-	XP_047274040.1
chr1	235830226	-	XP_047298990.1
chr1	236064855	-	NP_002499.2
chr1	236281682	-	NP_063944.3
chr1	236603954	-	NP_060542.4
chr1	237004187	-	NP_001263616.1
chr1	237890461	-	NP_067009.1
chr1	240531635	-	NP_071914.3
chr1	240936600	-	NP_001361742.1
chr1	241519591	-	NP_000134.2
chr1	241639882	-	NP_055137.2
chr1	241998951	-	XP_005273196.1
chr1	242288362	-	NP_001182741.1
chr1	243225176	-	XP_047291439.1
chr1	243664772	-	XP_011542316.1
chr1	244452011	-	XP_047303543.1
chr1	244730375	-	NP_001382888.1
chr1	244863674	-	NP_114032.2
chr1	244907385	-	XP_047295524.1
chr1	244970326	-	XP_054184403.1
chr1	245929870	-	NP_001362895.1
chr1	246565826	-	XP_011542550.1
chr1	246931308	-	NP_001310271.1
chr1	247007906	-	NP_001191150.2
chr1	247078594	-	NP_001191149.1
chr1	247104197	-	NP_079080.2
chr1	247172358	-	NP_001230669.1
chr1	247451029	-	NP_001004492.1
chr1	247531549	-	NP_932340.4
chr1	247672118	-	NP_001005487.1
chr1	247711829	-	NP_001005286.1
chr1	247723099	-	XP_047276149.1
chr1	247757462	-	NP_036485.2
chr1	247814800	-	NP_001001966.1
chr1	247840928	-	NP_001001959.1
chr1	248272852	-	NP_001004695.1
chr1	248294616	-	NP_001004692.1
chr1	248323630	-	NP_001004691.1
chr1	248681369	-	XP_047276599.1
chr1	248751030	-	NP_001278212.2
chr1	248824753	-	NP_001309393.1
chr1	248858512	-	XP_011542523.2
chr2	264965	+	NP_001035739.1
chr2	416612	+	XP_047302848.1
chr2	1413689	+	XP_024308853.1
chr2	3387624	+	XP_011508656.1
chr2	3575610	+	NP_001002.1
chr2	3603646	+	NP_001242914.1
chr2	3646564	+	XP_016859984.1
chr2	3703752	+	XP_047301685.1
chr2	4096389	+	XP_047302500.1
chr2	5692722	+	NP_003099.1
chr2	6865904	+	NP_001397631.1
chr2	6996927	+	NP_055561.2
chr2	8682166	+	NP_002157.2
chr2	9207105	+	XP_011508710.1
chr2	9423774	+	NP_057291.1
chr2	9474567	+	NP_001034702.1
chr2	9843542	+	NP_005671.3
chr2	9951834	+	XP_006711945.1
chr2	10043717	+	NP_003588.1
chr2	10122619	+	NP_001159403.1
chr2	10419758	+	XP_011508651.1
chr2	10722850	+	XP_011508643.1
chr2	10912427	+	NP_002227.2
chr2	11133335	+	XP_006711920.1
chr2	11155547	+	NP_001269641.1
chr2	11351627	+	XP_047302502.1
chr2	11556615	+	NP_683701.2
chr2	11677648	+	NP_001248357.1
chr2	12718308	+	NP_067675.1
chr2	14633980	+	NP_001356293.1
chr2	15591934	+	NP_004930.1
chr2	15940587	+	NP_001280162.1
chr2	17592075	+	NP_001353732.1
chr2	17759944	+	XP_011531124.1
chr2	17816519	+	NP_001099039.1
chr2	17931009	+	NP_001269357.1
chr2	20447466	+	NP_004031.1
chr2	20667240	+	NP_878248.2
chr2	21137468	+	XP_011531514.1
chr2	23562197	+	NP_443152.1
chr2	23958315	+	XP_047299537.1
chr2	24010097	+	NP_001333809.1
chr2	24049850	+	NP_473374.1
chr2	24124362	+	NP_001139182.1
chr2	24175481	+	NP_001035800.1
chr2	24658678	+	NP_001349879.1
chr2	24793474	+	NP_001186732.1
chr2	25042313	+	NP_055786.1
chr2	26033630	+	XP_047298960.1
chr2	26173221	+	NP_001161713.1
chr2	26254255	+	XP_011531105.1
chr2	26346233	+	NP_277040.1
chr2	26401990	+	NP_659475.2
chr2	26562613	+	NP_001098989.1
chr2	26692876	+	NP_002237.1
chr2	26764350	+	NP_060347.2
chr2	26786197	+	NP_001800.1
chr2	26898500	+	NP_001240653.1
chr2	27022219	+	NP_036458.2
chr2	27033016	+	XP_047300783.1
chr2	27052959	+	XP_047301332.1
chr2	27079066	+	NP_008977.1
chr2	27087260	+	XP_006712071.1
chr2	27123949	+	XP_011531438.1
chr2	27149134	+	NP_786951.1
chr2	27212369	+	NP_001164266.1
chr2	27217552	+	XP_047301759.1
chr2	27276729	+	NP_001290056.1
chr2	27282732	+	NP_115935.3
chr2	27370639	+	NP_001253990.1
chr2	27433274	+	NP_001308286.1
chr2	27442413	+	NP_001161836.1
chr2	27496905	+	XP_011531065.1
chr2	27537427	+	NP_115642.4
chr2	27583113	+	NP_115810.2
chr2	27628708	+	NP_001138519.1
chr2	27663915	+	NP_060628.3
chr2	27771778	+	NP_004882.1
chr2	28393721	+	XP_006712039.1
chr2	28496115	+	NP_001164056.1
chr2	28752125	+	NP_996759.1
chr2	28816015	+	NP_001008779.1
chr2	28894699	+	NP_055946.1
chr2	28994835	+	XP_047299532.1
chr2	29121389	+	XP_047301807.1
chr2	30156652	+	XP_016859811.1
chr2	30231739	+	NP_112177.2
chr2	30459613	+	XP_016859236.1
chr2	31234622	+	NP_055415.1
chr2	32063832	+	NP_001364888.1
chr2	32165901	+	XP_016859953.1
chr2	32278156	+	NP_115688.1
chr2	32628293	+	NP_060205.3
chr2	33515137	+	NP_001336904.1
chr2	36356293	+	XP_011531200.1
chr2	36716371	+	NP_001171443.1
chr2	37088382	+	NP_001358787.2
chr2	37199705	+	XP_016858597.1
chr2	37231706	+	NP_653337.1
chr2	37344732	+	NP_036545.1
chr2	37929278	+	XP_047299474.1
chr2	38666162	+	XP_047299375.1
chr2	38778991	+	NP_079051.9
chr2	38876053	+	NP_001138922.2
chr2	38919448	+	NP_001354552.1
chr2	39665975	+	XP_016858858.1
chr2	42048200	+	NP_612379.2
chr2	42169612	+	XP_005264325.1
chr2	42568746	+	NP_065795.1
chr2	43644674	+	XP_047299299.1
chr2	43774139	+	NP_056337.1
chr2	43839054	+	NP_071882.1
chr2	44201200	+	XP_047300793.1
chr2	44275536	+	XP_011531349.1
chr2	44706318	+	XP_011531415.1
chr2	44942105	+	NP_005404.1
chr2	46001412	+	XP_006712113.1
chr2	46297912	+	NP_001421.2
chr2	46479586	+	NP_001411113.1
chr2	46543047	+	XP_011531028.1
chr2	46617283	+	NP_054890.1
chr2	46758531	+	NP_054730.1
chr2	46917196	+	NP_001275882.1
chr2	47369506	+	NP_002345.2
chr2	47403192	+	NP_001393595.1
chr2	47783234	+	NP_001393729.1
chr2	48346215	+	XP_047300068.1
chr2	48440954	+	XP_047299210.1
chr2	48580634	+	NP_001185524.1
chr2	49563444	+	XP_047302527.1
chr2	53767887	+	NP_001008708.1
chr2	53787211	+	NP_056516.2
chr2	54115699	+	NP_001307519.1
chr2	54330976	+	XP_047299281.1
chr2	54526419	+	NP_003119.2
chr2	54725062	+	XP_016859591.1
chr2	55232825	+	NP_001129064.1
chr2	55519802	+	NP_001269690.1
chr2	56184625	+	XP_024308410.1
chr2	58048832	+	NP_001275767.1
chr2	60756479	+	NP_075045.2
chr2	60881841	+	NP_002899.1
chr2	61017760	+	NP_002609.1
chr2	61070351	+	NP_001123465.1
chr2	61162515	+	NP_001137431.2
chr2	61905679	+	XP_011530860.1
chr2	62222221	+	NP_006568.2
chr2	63052991	+	NP_001186699.1
chr2	63589044	+	NP_005908.1
chr2	63842186	+	NP_006750.3
chr2	64454546	+	NP_054900.2
chr2	64551475	+	NP_001362898.1
chr2	64654280	+	XP_047302536.1
chr2	64989644	+	NP_003029.2
chr2	65069445	+	NP_001397767.1
chr2	65227910	+	NP_001005386.1
chr2	66435857	+	NP_002389.1
chr2	67397449	+	NP_061875.2
chr2	68157935	+	NP_001316846.1
chr2	68365352	+	NP_002655.2
chr2	68467732	+	NP_775816.1
chr2	68645822	+	NP_620414.1
chr2	68735200	+	NP_001007232.2
chr2	68974678	+	NP_062563.4
chr2	69013500	+	XP_016860565.1
chr2	69781566	+	XP_047300039.1
chr2	69829893	+	NP_848526.1
chr2	69893985	+	NP_006848.1
chr2	69915331	+	NP_002348.1
chr2	70087744	+	NP_006187.2
chr2	70258165	+	NP_057381.3
chr2	70900622	+	XP_011531053.1
chr2	70935955	+	NP_001683.2
chr2	70978646	+	XP_047301861.1
chr2	71068684	+	XP_016859929.2
chr2	71130666	+	NP_005782.1
chr2	71348955	+	NP_055312.2
chr2	72887433	+	NP_003115.1
chr2	72917058	+	XP_011530999.1
chr2	73202667	+	NP_001127934.1
chr2	73214267	+	NP_006053.2
chr2	73234379	+	NP_006420.1
chr2	73814115	+	XP_047300216.1
chr2	73830857	+	XP_011530787.1
chr2	73901312	+	NP_001606.1
chr2	73926911	+	XP_047299541.1
chr2	73986404	+	XP_011530990.1
chr2	74198642	+	NP_006627.2
chr2	74421751	+	XP_016860553.1
chr2	74455117	+	NP_112578.2
chr2	74458603	+	NP_036609.1
chr2	74483096	+	XP_047301378.1
chr2	74514807	+	NP_057254.1
chr2	74530007	+	NP_001308656.1
chr2	74554755	+	NP_001372.1
chr2	74654377	+	NP_004254.2
chr2	74834581	+	XP_005264337.1
chr2	74958680	+	NP_063949.2
chr2	75646808	+	NP_055578.2
chr2	79026094	+	XP_005264192.1
chr2	79120862	+	NP_002900.2
chr2	80545039	+	XP_011530859.1
chr2	84517827	+	XP_011530962.1
chr2	84906018	+	NP_066926.1
chr2	84971452	+	NP_064507.3
chr2	85133685	+	XP_006712172.1
chr2	85357199	+	XP_047301935.1
chr2	85429375	+	XP_016859332.1
chr2	85539288	+	NP_005902.1
chr2	85577647	+	XP_016860659.1
chr2	85584491	+	NP_006625.1
chr2	85595764	+	NP_057578.1
chr2	85612326	+	NP_001243656.1
chr2	85694419	+	XP_047298903.1
chr2	85754190	+	XP_047302050.1
chr2	86106248	+	NP_060422.4
chr2	86199491	+	NP_057706.2
chr2	86442048	+	XP_047301058.1
chr2	86720668	+	NP_073617.1
chr2	86913850	+	NP_001397844.1
chr2	87748154	+	NP_002656.1
chr2	88067865	+	NP_938015.1
chr2	88173151	+	XP_047300855.1
chr2	88525645	+	XP_011530994.1
chr2	88691699	+	XP_047299689.1
chr2	90359503	+	XP_047302826.1
chr2	94207961	+	XP_047302829.1
chr2	94588435	+	XP_006712950.1
chr2	94871580	+	XP_011508972.1
chr2	95025793	+	NP_002362.1
chr2	95176227	+	NP_001278534.1
chr2	95207816	+	NP_001382890.1
chr2	95274586	+	XP_011508974.1
chr2	95405559	+	XP_047300578.1
chr2	95792220	+	NP_001409107.1
chr2	96013622	+	XP_047302696.1
chr2	96266351	+	NP_004795.1
chr2	96325840	+	XP_016858916.1
chr2	96335830	+	XP_005263965.1
chr2	96536827	+	NP_001306014.1
chr2	96642837	+	XP_011510430.1
chr2	96761000	+	XP_011509258.1
chr2	96816278	+	XP_047299869.1
chr2	96868374	+	XP_047302834.1
chr2	97113740	+	XP_047300195.1
chr2	97663941	+	XP_024308881.1
chr2	97724037	+	XP_047301730.1
chr2	98093093	+	XP_011509077.1
chr2	98369976	+	XP_011508856.1
chr2	98520049	+	XP_047300161.1
chr2	98609709	+	XP_006712466.1
chr2	99150559	+	NP_001304921.2
chr2	99161958	+	NP_660198.1
chr2	99186204	+	NP_660213.1
chr2	99337555	+	NP_056988.3
chr2	100470489	+	NP_001011717.1
chr2	100563068	+	NP_076970.1
chr2	100878566	+	XP_047300459.1
chr2	101002702	+	NP_001093163.1
chr2	101252965	+	NP_060016.3
chr2	101698081	+	NP_001381931.1
chr2	101992020	+	XP_006712799.1
chr2	102157725	+	NP_001307915.1
chr2	102187015	+	NP_001338376.1
chr2	102338265	+	XP_011510453.1
chr2	102362661	+	NP_001358348.1
chr2	102423278	+	XP_047302119.1
chr2	102473760	+	NP_001011552.2
chr2	102619849	+	NP_003039.2
chr2	102758471	+	NP_001308272.2
chr2	104855511	+	NP_006227.1
chr2	105038093	+	XP_047301489.1
chr2	105241859	+	NP_009158.3
chr2	105337588	+	XP_047301761.1
chr2	105855064	+	XP_016860594.1
chr2	106065765	+	NP_115787.1
chr2	106487427	+	XP_024308985.1
chr2	107827014	+	XP_016859387.1
chr2	107988156	+	XP_047301325.1
chr2	108247195	+	NP_001307807.1
chr2	108293668	+	XP_005264070.1
chr2	108378338	+	NP_006579.2
chr2	108449275	+	XP_006712935.1
chr2	108533750	+	NP_001381827.1
chr2	108719607	+	XP_016860114.1
chr2	108786780	+	NP_001338490.1
chr2	109347905	+	XP_047300100.1
chr2	109614490	+	NP_075392.2
chr2	109760622	+	XP_016860570.1
chr2	109898729	+	NP_277049.1
chr2	110279606	+	NP_001409097.1
chr2	110768390	+	NP_001352416.1
chr2	111121153	+	XP_047298058.1
chr2	111898736	+	NP_006334.2
chr2	112055592	+	NP_116213.1
chr2	112138656	+	XP_047299276.1
chr2	112275995	+	NP_940983.2
chr2	112482345	+	XP_005263656.1
chr2	112542152	+	NP_001269701.1
chr2	112584648	+	XP_005263881.1
chr2	112646829	+	NP_005406.3
chr2	112719182	+	XP_016860966.1
chr2	112913013	+	NP_055254.2
chr2	112978639	+	NP_062564.1
chr2	113005872	+	XP_011509267.1
chr2	113059439	+	XP_047299874.1
chr2	113072739	+	NP_775184.1
chr2	113118019	+	NP_776213.1
chr2	113182457	+	NP_036587.2
chr2	113437869	+	NP_742000.1
chr2	113499257	+	NP_036316.1
chr2	113601271	+	XP_047302705.1
chr2	113628607	+	XP_047299019.1
chr2	113890280	+	NP_005712.1
chr2	115739804	+	NP_001308842.2
chr2	117814778	+	NP_006764.3
chr2	118096557	+	XP_047300596.1
chr2	118942301	+	XP_016860660.1
chr2	119231013	+	NP_878919.2
chr2	119367052	+	NP_001171514.1
chr2	119429927	+	XP_011508961.1
chr2	119546132	+	XP_047299575.1
chr2	119680854	+	NP_001098668.1
chr2	119809854	+	NP_002821.1
chr2	120019085	+	NP_001171867.1
chr2	120240107	+	XP_047301315.1
chr2	120328666	+	XP_047302838.1
chr2	120346189	+	NP_002184.2
chr2	120797321	+	NP_001358200.1
chr2	121755780	+	NP_004613.1
chr2	126656264	+	NP_002092.1
chr2	126898919	+	XP_011510579.1
chr2	127418447	+	XP_047301073.1
chr2	127559723	+	XP_047300395.1
chr2	127650012	+	NP_001154887.1
chr2	127701529	+	NP_116129.3
chr2	128091358	+	XP_047301079.1
chr2	130181762	+	XP_047301871.1
chr2	130342933	+	NP_001358654.1
chr2	130356108	+	NP_055184.2
chr2	130521485	+	NP_001072998.1
chr2	130611533	+	XP_016860230.1
chr2	130729152	+	NP_997247.2
chr2	130762073	+	NP_001098663.1
chr2	130930958	+	NP_056135.2
chr2	131120942	+	XP_011509687.1
chr2	131218403	+	NP_001077007.1
chr2	131476200	+	NP_525125.2
chr2	131527971	+	XP_047302223.1
chr2	134254404	+	XP_047300362.1
chr2	134838683	+	NP_612199.2
chr2	134918855	+	NP_490595.1
chr2	135052308	+	NP_001165906.1
chr2	135602574	+	NP_001269729.1
chr2	135741930	+	NP_055422.1
chr2	137964492	+	NP_001019245.1
chr2	138550217	+	NP_001001664.1
chr2	142885368	+	XP_047302209.1
chr2	147845153	+	NP_001265508.1
chr2	148458759	+	XP_024308756.1
chr2	148645018	+	NP_056445.3
chr2	148875618	+	NP_004513.1
chr2	149130945	+	XP_047299360.1
chr2	149437709	+	NP_001182614.1
chr2	151357667	+	NP_009046.2
chr2	151410424	+	XP_047300834.1
chr2	152578900	+	XP_011508838.1
chr2	152718625	+	NP_689735.1
chr2	154698776	+	NP_001247439.1
chr2	156476106	+	XP_047299919.1
chr2	157258083	+	XP_016858727.1
chr2	157995199	+	NP_001128570.1
chr2	158533185	+	NP_001291900.1
chr2	158795373	+	NP_001017920.2
chr2	159060098	+	XP_047302063.1
chr2	159729023	+	XP_047301469.1
chr2	161160551	+	XP_047297760.1
chr2	161318826	+	NP_005796.1
chr2	161416411	+	NP_006584.1
chr2	161862876	+	NP_001341384.1
chr2	162319135	+	NP_001317197.1
chr2	165295824	+	NP_001035233.1
chr2	165574359	+	XP_047301863.1
chr2	165793586	+	XP_047302843.1
chr2	167210839	+	NP_001186073.1
chr2	167869040	+	XP_011510387.1
chr2	168685329	+	XP_016859238.1
chr2	168802647	+	XP_006712296.1
chr2	168901332	+	NP_066999.1
chr2	169067147	+	NP_001276692.1
chr2	169479554	+	NP_689597.1
chr2	169509779	+	NP_006054.2
chr2	169604042	+	XP_016860791.1
chr2	169700972	+	NP_001186215.1
chr2	169735015	+	NP_001186219.1
chr2	169800961	+	NP_003133.1
chr2	170715513	+	NP_001003845.1
chr2	170770682	+	NP_001276960.1
chr2	170818592	+	XP_016859247.1
chr2	170929341	+	NP_056345.3
chr2	171434578	+	XP_047301869.1
chr2	171522273	+	NP_001243838.1
chr2	171925548	+	XP_006712871.1
chr2	171999970	+	XP_047299827.1
chr2	172427789	+	NP_000201.2
chr2	172556151	+	XP_006712657.1
chr2	172917817	+	XP_047298986.1
chr2	173091032	+	XP_016859813.1
chr2	173354964	+	XP_047301913.1
chr2	174335093	+	NP_001138722.1
chr2	174395757	+	NP_001180457.1
chr2	176087942	+	XP_011509371.1
chr2	176099802	+	NP_067016.3
chr2	176107356	+	NP_067015.2
chr2	176116834	+	NP_002139.2
chr2	176122769	+	NP_055028.3
chr2	176130367	+	NP_062458.1
chr2	176151634	+	NP_055436.2
chr2	176169115	+	XP_047300048.1
chr2	176188802	+	XP_047300042.1
chr2	176269630	+	NP_006545.1
chr2	177212800	+	NP_919223.1
chr2	177392790	+	XP_047302061.1
chr2	178112547	+	XP_047299278.1
chr2	178306185	+	XP_047299125.1
chr2	178451841	+	NP_001340704.1
chr2	178480870	+	NP_061964.3
chr2	180982043	+	XP_016858656.1
chr2	181457655	+	NP_001303241.1
chr2	181892067	+	NP_001274434.1
chr2	181986111	+	NP_001248353.1
chr2	182718087	+	NP_061854.1
chr2	183078934	+	NP_543152.1
chr2	183123778	+	XP_016858797.1
chr2	185738895	+	XP_047300291.1
chr2	186486383	+	NP_060941.2
chr2	186521177	+	XP_047302717.1
chr2	186590339	+	NP_002201.2
chr2	186694174	+	NP_803237.3
chr2	188477703	+	XP_047300655.1
chr2	189441493	+	NP_115544.1
chr2	189661521	+	NP_001340422.1
chr2	189676491	+	XP_016858906.1
chr2	189791810	+	NP_001307978.1
chr2	190199861	+	XP_047301964.1
chr2	190360103	+	XP_047300148.1
chr2	190436030	+	NP_001362918.1
chr2	190659177	+	XP_047300403.1
chr2	190881085	+	XP_005246524.1
chr2	191247958	+	XP_047300366.1
chr2	191678615	+	XP_047301487.1
chr2	195657258	+	XP_016860012.2
chr2	196639767	+	XP_047299934.1
chr2	197453561	+	NP_079423.1
chr2	197500437	+	NP_002148.1
chr2	197705406	+	NP_612404.1
chr2	198002006	+	XP_016859828.1
chr2	199911439	+	NP_710156.3
chr2	199955799	+	NP_078796.2
chr2	200309073	+	XP_011509240.1
chr2	200531867	+	XP_016858943.1
chr2	200586109	+	NP_001150.3
chr2	200812308	+	NP_001193998.1
chr2	200891944	+	NP_001356373.1
chr2	201078883	+	XP_047300444.1
chr2	201129866	+	NP_001294972.1
chr2	201185778	+	NP_001293012.1
chr2	201258232	+	XP_005246950.1
chr2	201454841	+	XP_005246726.1
chr2	201806665	+	XP_011509956.1
chr2	202034648	+	NP_003498.1
chr2	202073628	+	XP_016858601.1
chr2	202265942	+	NP_057018.1
chr2	202377475	+	NP_001195.2
chr2	202635188	+	NP_775782.2
chr2	202918002	+	NP_001309358.1
chr2	203016385	+	XP_011509965.1
chr2	203239063	+	XP_047301113.1
chr2	203328515	+	NP_001362605.1
chr2	203706524	+	NP_001397910.1
chr2	203867943	+	NP_005205.2
chr2	203936815	+	NP_036224.1
chr2	205683291	+	NP_957716.1
chr2	206281850	+	XP_047301238.1
chr2	206443867	+	NP_001397914.1
chr2	206644237	+	NP_001096129.1
chr2	206766694	+	NP_001129666.1
chr2	206939600	+	XP_047299379.1
chr2	207555636	+	XP_047299398.1
chr2	207711897	+	NP_001317147.1
chr2	208271520	+	NP_001171471.1
chr2	208407044	+	NP_005039.1
chr2	209653171	+	NP_001362429.1
chr2	210002662	+	NP_001265218.1
chr2	210519767	+	NP_001356185.1
chr2	213284484	+	NP_001020607.1
chr2	214414194	+	NP_001073969.1
chr2	215312143	+	NP_004035.2
chr2	216095964	+	XP_011510475.1
chr2	216109437	+	NP_066964.1
chr2	216414705	+	NP_054859.2
chr2	216498875	+	NP_000989.1
chr2	216633524	+	NP_000588.3
chr2	218070606	+	XP_047299967.1
chr2	218134802	+	NP_001161770.1
chr2	218217471	+	NP_690601.1
chr2	218262725	+	XP_011509045.1
chr2	218270536	+	NP_001070867.1
chr2	218356885	+	NP_001307794.1
chr2	218382369	+	XP_047301531.1
chr2	218397233	+	NP_001387202.1
chr2	218423779	+	NP_009058.2
chr2	218568955	+	NP_001258564.1
chr2	218615740	+	XP_047302034.1
chr2	218660988	+	XP_047301346.1
chr2	218672830	+	XP_047299888.1
chr2	218737677	+	XP_047302415.1
chr2	218782183	+	NP_000775.1
chr2	218860038	+	NP_006513.1
chr2	218874706	+	XP_011510231.1
chr2	218959821	+	NP_003927.1
chr2	219178353	+	NP_077269.3
chr2	219206988	+	NP_620157.1
chr2	219230258	+	XP_047300820.1
chr2	219246000	+	NP_001317142.1
chr2	219253408	+	NP_001342150.1
chr2	219279834	+	NP_006727.2
chr2	219418463	+	NP_001918.3
chr2	219434978	+	XP_016858651.2
chr2	219496355	+	NP_001273740.1
chr2	219499976	+	XP_047299989.1
chr2	219514344	+	XP_047300873.1
chr2	219544728	+	NP_001290027.1
chr2	219572375	+	NP_002182.1
chr2	219598120	+	XP_011508831.1
chr2	219627993	+	NP_001313488.2
chr2	222424603	+	NP_689599.2
chr2	222671786	+	NP_477513.2
chr2	222908773	+	NP_004448.2
chr2	223052831	+	NP_542402.4
chr2	223950928	+	XP_011509970.1
chr2	226864694	+	XP_047301963.1
chr2	227164727	+	XP_005246337.1
chr2	227329746	+	XP_016860001.1
chr2	227472422	+	NP_001128659.1
chr2	227598893	+	NP_001382332.1
chr2	227617498	+	NP_001382334.1
chr2	227666804	+	NP_001382335.1
chr2	227728335	+	NP_001382337.1
chr2	227745894	+	NP_001382338.1
chr2	227813912	+	NP_004582.1
chr2	227871690	+	NP_849143.1
chr2	229922514	+	NP_777559.3
chr2	230225845	+	NP_001005176.1
chr2	230327270	+	XP_047302377.1
chr2	230416297	+	NP_001193631.1
chr2	230760002	+	NP_057373.1
chr2	230865026	+	NP_001274170.1
chr2	230996234	+	XP_047299354.1
chr2	231037566	+	XP_047299832.1
chr2	231057026	+	XP_016860006.1
chr2	231206239	+	NP_001339684.2
chr2	231395804	+	NP_660279.1
chr2	231592952	+	NP_689827.2
chr2	231708707	+	NP_001092755.1
chr2	231781824	+	NP_001269878.1
chr2	232014928	+	NP_001244211.1
chr2	232378803	+	NP_001623.3
chr2	232406895	+	NP_112603.2
chr2	232456200	+	NP_001622.2
chr2	232520599	+	XP_047301387.1
chr2	232526216	+	NP_000742.1
chr2	232539748	+	NP_005190.4
chr2	232550725	+	NP_004837.1
chr2	232606160	+	NP_001230181.1
chr2	232735198	+	NP_001096616.1
chr2	232870342	+	NP_001381136.1
chr2	233032672	+	NP_005374.2
chr2	233060479	+	XP_047300175.1
chr2	233251828	+	XP_047300806.1
chr2	233309190	+	XP_016860132.1
chr2	233354519	+	XP_047302053.1
chr2	233617708	+	NP_061949.3
chr2	233778406	+	XP_024308613.1
chr2	233926538	+	NP_001384555.1
chr2	234050787	+	NP_008875.1
chr2	235035003	+	XP_047299805.1
chr2	236580466	+	XP_005246155.1
chr2	237085965	+	NP_006701.1
chr2	237493427	+	XP_047301763.1
chr2	237566574	+	NP_056977.1
chr2	237627645	+	XP_047302249.1
chr2	237813607	+	XP_011509455.1
chr2	237859676	+	NP_005846.1
chr2	237967087	+	NP_001265235.1
chr2	238061055	+	NP_057594.5
chr2	238100420	+	NP_919288.2
chr2	238140755	+	NP_940984.3
chr2	238159008	+	NP_001278761.1
chr2	238320663	+	XP_011509246.1
chr2	238427071	+	NP_001035535.1
chr2	240435919	+	NP_002072.2
chr2	240560685	+	NP_001028747.1
chr2	240568587	+	NP_060696.4
chr2	240586912	+	NP_075571.2
chr2	240618943	+	NP_001381659.1
chr2	240691914	+	NP_945349.1
chr2	240868866	+	NP_000021.1
chr2	240906514	+	XP_024308883.1
chr2	240997658	+	XP_011509239.1
chr2	241149705	+	XP_047300807.1
chr2	241188729	+	XP_047300573.1
chr2	241316468	+	XP_024308689.1
chr2	241373108	+	NP_001269912.1
chr2	241559484	+	XP_011509998.1
chr2	241637715	+	XP_005247049.2
chr2	241690611	+	NP_001317090.1
chr2	241735225	+	XP_011510048.1
chr2	241776956	+	NP_071417.2
chr2	241811429	+	NP_001161071.1
chr2	241869757	+	NP_776182.2
chr2	45440	-	NP_001071178.2
chr2	263984	-	NP_001269611.1
chr2	287583	-	XP_047299938.1
chr2	677289	-	NP_001339609.1
chr2	1744256	-	XP_011508698.1
chr2	1979723	-	NP_001316778.1
chr2	3377648	-	NP_001317460.1
chr2	3519368	-	NP_001293006.1
chr2	3558133	-	NP_001273766.1
chr2	6865022	-	NP_001243407.1
chr2	8826986	-	NP_001335670.1
chr2	9003540	-	NP_001308195.1
chr2	9423373	-	NP_001305999.1
chr2	9555509	-	NP_001369707.1
chr2	9630159	-	NP_006817.1
chr2	10079906	-	NP_001032237.1
chr2	10444931	-	NP_001274117.1
chr2	10689796	-	XP_047301855.1
chr2	10837524	-	NP_001269636.1
chr2	11343996	-	NP_001308572.1
chr2	11465772	-	NP_997705.1
chr2	11669506	-	NP_036476.2
chr2	16588050	-	XP_024308931.1
chr2	17515169	-	XP_024308884.1
chr2	17745827	-	XP_016860405.1
chr2	18589439	-	NP_065956.1
chr2	19353141	-	NP_660303.1
chr2	19674137	-	XP_047302514.1
chr2	19901706	-	NP_001008238.1
chr2	19989992	-	XP_011531309.1
chr2	20012409	-	NP_002372.1
chr2	20051410	-	NP_055528.1
chr2	20224802	-	XP_005262678.3
chr2	20327310	-	XP_047299784.1
chr2	20651032	-	XP_016860187.1
chr2	20801310	-	NP_001269651.1
chr2	23926555	-	XP_047300755.1
chr2	24037677	-	NP_079479.1
chr2	24076200	-	NP_057131.1
chr2	24084189	-	XP_024309017.1
chr2	24122419	-	XP_006712070.1
chr2	24328052	-	XP_024308705.1
chr2	24793126	-	NP_001013685.1
chr2	24918313	-	NP_001364060.1
chr2	24971818	-	XP_047300603.1
chr2	25164641	-	NP_000930.1
chr2	25313913	-	XP_011530969.1
chr2	25479866	-	NP_001338324.1
chr2	25652594	-	NP_001307866.1
chr2	25878166	-	NP_001356276.1
chr2	25980373	-	XP_005264356.2
chr2	26244530	-	NP_000173.2
chr2	26346121	-	XP_047299520.1
chr2	26558493	-	NP_919304.1
chr2	26641261	-	XP_016858819.1
chr2	27071349	-	NP_001128165.1
chr2	27104287	-	NP_001159712.1
chr2	27134287	-	NP_001317413.1
chr2	27137091	-	NP_848648.2
chr2	27207258	-	XP_024308974.1
chr2	27275177	-	XP_005264604.1
chr2	27307521	-	NP_003344.1
chr2	27322448	-	XP_016859640.1
chr2	27356087	-	NP_001381443.1
chr2	27370284	-	NP_001305898.1
chr2	27380472	-	XP_005264200.1
chr2	27409303	-	NP_817092.1
chr2	27489615	-	XP_011531062.1
chr2	27494547	-	XP_005264556.1
chr2	27628396	-	NP_078860.2
chr2	27662179	-	NP_001269660.1
chr2	27890257	-	NP_001274509.1
chr2	28869579	-	XP_016859892.1
chr2	29070594	-	NP_001025054.1
chr2	29223342	-	NP_001340694.1
chr2	30787128	-	NP_653176.2
chr2	31078934	-	NP_001316024.1
chr2	31205223	-	NP_001308199.1
chr2	31414625	-	XP_011531397.1
chr2	31646318	-	XP_011531371.1
chr2	32010813	-	XP_047300592.1
chr2	32039421	-	NP_001308139.1
chr2	32256775	-	NP_001289433.1
chr2	33599169	-	NP_001291467.1
chr2	36597877	-	NP_005093.2
chr2	36966230	-	XP_005264576.1
chr2	37083289	-	XP_011531237.1
chr2	37147688	-	XP_047301072.1
chr2	37188442	-	NP_001027549.1
chr2	37231412	-	NP_005751.2
chr2	37316237	-	XP_016859233.1
chr2	37645823	-	NP_001358498.1
chr2	38074346	-	NP_000095.2
chr2	38378022	-	NP_001317393.1
chr2	38602857	-	XP_047302297.1
chr2	38751229	-	XP_011531334.1
chr2	38868182	-	NP_001316892.1
chr2	39124664	-	XP_047301540.1
chr2	39229365	-	XP_047300097.1
chr2	39436892	-	XP_024308951.1
chr2	39779114	-	NP_001308406.1
chr2	42368868	-	NP_001305967.1
chr2	42492870	-	NP_579875.1
chr2	42762908	-	NP_683765.2
chr2	42792457	-	XP_011531032.1
chr2	43067733	-	XP_047302522.1
chr2	43226265	-	NP_008818.3
chr2	43592317	-	NP_001258572.1
chr2	43675375	-	NP_001094800.1
chr2	43838537	-	XP_047301366.1
chr2	43996140	-	XP_006711978.1
chr2	44359497	-	NP_001165088.1
chr2	45008551	-	XP_005264157.1
chr2	45605362	-	XP_047300818.1
chr2	46512031	-	NP_001304992.1
chr2	46614937	-	NP_002634.1
chr2	46941572	-	NP_001164981.1
chr2	47155171	-	NP_001157033.1
chr2	47176441	-	NP_001292555.1
chr2	47569941	-	NP_071338.1
chr2	47905489	-	XP_047301878.1
chr2	48755511	-	XP_011531136.1
chr2	49154266	-	XP_011531037.1
chr2	49973968	-	NP_001307086.1
chr2	51027502	-	NP_001317019.1
chr2	53859828	-	NP_665862.1
chr2	53970543	-	NP_055429.2
chr2	54254919	-	NP_001003937.2
chr2	55049745	-	NP_008939.1
chr2	55222235	-	NP_001129070.1
chr2	55263640	-	NP_001307934.1
chr2	55419017	-	NP_001241872.1
chr2	55617144	-	XP_047301111.1
chr2	55693663	-	XP_016860661.1
chr2	55922360	-	XP_016859075.1
chr2	58241218	-	XP_047300810.1
chr2	60439564	-	XP_047302529.1
chr2	60553216	-	NP_001392664.1
chr2	61011765	-	NP_001309056.1
chr2	61533772	-	XP_024308895.1
chr2	61853859	-	XP_047301918.1
chr2	61888381	-	NP_006421.2
chr2	62506030	-	XP_011530996.1
chr2	63983864	-	XP_016859805.1
chr2	64108240	-	XP_011531299.1
chr2	64635927	-	NP_055570.1
chr2	65129893	-	NP_056358.1
chr2	65431962	-	XP_047299668.1
chr2	68047173	-	NP_775269.1
chr2	68157261	-	NP_612467.1
chr2	68252125	-	NP_000936.1
chr2	68319254	-	NP_001104571.1
chr2	68464840	-	NP_001019851.1
chr2	68871025	-	NP_055297.1
chr2	68952850	-	NP_872342.2
chr2	69387065	-	XP_016859290.1
chr2	69437361	-	NP_001002756.1
chr2	69642878	-	NP_001358506.1
chr2	69960657	-	NP_690005.3
chr2	70181163	-	NP_060350.1
chr2	70248405	-	NP_001338453.1
chr2	70293618	-	NP_001304097.1
chr2	70301925	-	NP_001316687.1
chr2	70553728	-	NP_001295088.1
chr2	70767886	-	NP_001608.1
chr2	70790408	-	NP_001004311.2
chr2	70820463	-	NP_001308237.1
chr2	70835704	-	XP_011531178.1
chr2	70994688	-	NP_653183.2
chr2	71130180	-	XP_005264670.1
chr2	71226351	-	NP_065192.1
chr2	72147631	-	XP_047301076.1
chr2	73071604	-	NP_001317341.1
chr2	73112347	-	NP_056285.1
chr2	73233094	-	NP_115695.1
chr2	73268726	-	XP_005264215.1
chr2	73293182	-	XP_047299559.1
chr2	74147821	-	NP_001030582.1
chr2	74178661	-	NP_001304040.1
chr2	74314945	-	NP_001373065.1
chr2	74380005	-	NP_001128513.1
chr2	74421543	-	NP_001303695.1
chr2	74441706	-	NP_001015056.1
chr2	74464896	-	NP_001139630.1
chr2	74472569	-	NP_444278.1
chr2	74481817	-	NP_116168.3
chr2	74502667	-	NP_001269359.1
chr2	74507576	-	NP_116062.2
chr2	74525493	-	XP_011530947.1
chr2	74529580	-	NP_853553.1
chr2	74552322	-	NP_001276094.1
chr2	74647275	-	XP_005264209.1
chr2	75198546	-	NP_001049.1
chr2	75518056	-	NP_115557.1
chr2	75710591	-	XP_047301571.1
chr2	77522109	-	NP_079269.4
chr2	79087549	-	NP_006498.1
chr2	79159330	-	NP_620354.1
chr2	80302251	-	XP_047300102.1
chr2	84459173	-	NP_003840.2
chr2	84880932	-	NP_001074293.1
chr2	85354336	-	XP_047300784.1
chr2	85402123	-	XP_047301907.1
chr2	85561386	-	XP_047299875.1
chr2	85601884	-	XP_011530809.1
chr2	85611878	-	NP_001013671.2
chr2	85668117	-	NP_001354210.1
chr2	85888824	-	NP_001341176.1
chr2	86105700	-	NP_056240.2
chr2	86195338	-	NP_001387067.1
chr2	86338024	-	XP_005264561.1
chr2	86623816	-	NP_001005753.1
chr2	86790777	-	NP_001139345.1
chr2	86861823	-	NP_742100.1
chr2	87021735	-	NP_001027564.1
chr2	87341607	-	XP_047302686.1
chr2	87825658	-	NP_001071638.2
chr2	88027784	-	NP_001291455.1
chr2	88127951	-	NP_001434.1
chr2	88451896	-	NP_001129121.1
chr2	88627689	-	XP_047302385.1
chr2	91443885	-	XP_047302827.1
chr2	95121734	-	NP_001308926.1
chr2	95158860	-	NP_116177.1
chr2	95483286	-	XP_011509971.1
chr2	95991512	-	NP_001297083.1
chr2	96032297	-	XP_047299424.1
chr2	96114797	-	NP_000673.2
chr2	96138382	-	XP_011509509.1
chr2	96144967	-	XP_016859035.1
chr2	96208145	-	NP_001372551.1
chr2	96265138	-	NP_001394212.1
chr2	96305393	-	NP_054733.2
chr2	96505259	-	XP_047302299.1
chr2	96636921	-	XP_047300986.1
chr2	96739854	-	NP_001309280.1
chr2	96843966	-	NP_659431.5
chr2	96857888	-	NP_057550.3
chr2	96867778	-	XP_016859883.1
chr2	96986241	-	NP_057574.2
chr2	97091462	-	XP_016858960.1
chr2	97589525	-	XP_047301298.1
chr2	97660571	-	XP_005263911.1
chr2	97888052	-	XP_047299801.1
chr2	98608307	-	NP_001008216.1
chr2	98726239	-	NP_001153626.1
chr2	98897377	-	XP_047300079.1
chr2	99154291	-	XP_047301890.1
chr2	99180831	-	XP_016858803.1
chr2	99254218	-	XP_016859240.1
chr2	99295628	-	XP_047299230.1
chr2	99333022	-	XP_016858636.1
chr2	99482160	-	NP_001308389.1
chr2	99707104	-	XP_011509481.1
chr2	100321415	-	NP_001358712.1
chr2	100406576	-	NP_004845.1
chr2	101151127	-	NP_001095896.1
chr2	101308129	-	XP_005263978.1
chr2	101387017	-	NP_722578.1
chr2	101474638	-	NP_001354439.1
chr2	102736646	-	XP_011510309.1
chr2	104863241	-	XP_047302836.1
chr2	105307614	-	XP_047302380.1
chr2	105386361	-	NP_001305826.1
chr2	106194148	-	XP_024308925.1
chr2	106470801	-	NP_001137485.1
chr2	106843035	-	XP_011510301.1
chr2	107535973	-	XP_047302847.1
chr2	108930964	-	NP_071731.1
chr2	109613798	-	XP_047299444.1
chr2	110118017	-	XP_047301757.1
chr2	110204900	-	NP_001121651.1
chr2	110212355	-	NP_001371063.1
chr2	110472597	-	XP_016858594.1
chr2	110610715	-	NP_001373092.1
chr2	110677970	-	NP_001265545.1
chr2	111223045	-	XP_047302704.1
chr2	111880613	-	XP_016860200.1
chr2	112254908	-	NP_115883.2
chr2	112433382	-	XP_047301632.1
chr2	112764562	-	XP_011508968.1
chr2	112783724	-	NP_000566.3
chr2	112836183	-	XP_047300131.1
chr2	113031697	-	NP_055253.2
chr2	113278370	-	NP_003457.1
chr2	113542427	-	XP_047302837.1
chr2	113756370	-	XP_047301881.1
chr2	118013954	-	XP_047300772.1
chr2	118846306	-	NP_001417.3
chr2	119157586	-	NP_872334.2
chr2	119339827	-	NP_001309258.1
chr2	119524155	-	NP_002971.2
chr2	120221924	-	NP_077026.2
chr2	121285048	-	XP_016859392.1
chr2	121605701	-	XP_016859171.1
chr2	121736746	-	NP_115766.3
chr2	127106860	-	NP_001307563.1
chr2	127219989	-	NP_001354430.1
chr2	127294054	-	XP_011509097.1
chr2	127343126	-	NP_001358840.1
chr2	127410296	-	XP_047302839.1
chr2	127526636	-	XP_016859957.1
chr2	127675014	-	XP_016859958.1
chr2	127770778	-	NP_060853.3
chr2	127858028	-	NP_004796.1
chr2	127873828	-	NP_001397883.1
chr2	128027092	-	XP_047301782.1
chr2	128318037	-	NP_004798.3
chr2	130119995	-	XP_016860324.1
chr2	130144747	-	XP_011510444.1
chr2	130181296	-	XP_024308746.1
chr2	130342134	-	NP_115733.2
chr2	130508715	-	XP_016860223.1
chr2	130599265	-	NP_001257349.1
chr2	131082577	-	XP_011508896.1
chr2	131362956	-	NP_001071105.1
chr2	131492992	-	XP_005263799.2
chr2	132041584	-	XP_047302840.1
chr2	132161488	-	NP_001345345.1
chr2	132416906	-	XP_047302841.1
chr2	132670047	-	NP_001070895.1
chr2	135024626	-	XP_011510198.1
chr2	135268962	-	NP_001273498.1
chr2	135836530	-	NP_002290.2
chr2	135876259	-	NP_005906.2
chr2	135985403	-	NP_001280241.1
chr2	136118046	-	NP_001334989.1
chr2	138780191	-	NP_009157.1
chr2	144141882	-	NP_001341279.1
chr2	144517278	-	NP_001165124.1
chr2	147975902	-	NP_001177810.1
chr2	149587089	-	NP_056517.1
chr2	150487268	-	NP_001241667.1
chr2	151261725	-	XP_047300205.1
chr2	151283032	-	NP_004679.2
chr2	151828131	-	NP_817114.2
chr2	151973669	-	NP_001317043.1
chr2	152175603	-	NP_005834.4
chr2	152717356	-	NP_001382412.1
chr2	153478236	-	NP_062819.1
chr2	156332480	-	NP_775265.1
chr2	157327473	-	NP_001291273.1
chr2	157443847	-	XP_016860875.1
chr2	157628572	-	NP_001104501.1
chr2	157799427	-	NP_001104537.1
chr2	158456415	-	NP_001288613.1
chr2	158457131	-	XP_047302710.1
chr2	159282672	-	NP_001317209.1
chr2	159478575	-	XP_011509358.1
chr2	159904589	-	NP_001185693.1
chr2	160062295	-	XP_047299685.1
chr2	160200003	-	NP_001269319.1
chr2	162073976	-	NP_001366534.1
chr2	162149087	-	NP_002045.1
chr2	162243322	-	XP_011509098.1
chr2	162317855	-	XP_047301363.1
chr2	163734903	-	NP_001308754.1
chr2	164621119	-	XP_047299969.1
chr2	164841957	-	NP_001352600.1
chr2	164955209	-	NP_001338469.1
chr2	165176131	-	XP_011509915.1
chr2	165770186	-	XP_011509231.1
chr2	165953685	-	XP_011510173.1
chr2	166073358	-	NP_001340890.1
chr2	166311499	-	XP_016860158.1
chr2	166477463	-	XP_006712743.1
chr2	168247228	-	XP_016859305.1
chr2	168889387	-	XP_011509818.1
chr2	169018050	-	XP_016860654.1
chr2	169289026	-	XP_011509486.1
chr2	169571653	-	XP_016860401.1
chr2	169694261	-	XP_047299283.1
chr2	169824489	-	NP_001280116.1
chr2	171160290	-	XP_016860911.1
chr2	171434674	-	NP_001308088.1
chr2	171848173	-	XP_047302098.1
chr2	172102139	-	NP_004396.1
chr2	173965165	-	NP_001017371.3
chr2	174246715	-	NP_001011708.1
chr2	174395551	-	NP_004873.3
chr2	174481497	-	NP_001253980.1
chr2	174585523	-	NP_001362764.1
chr2	174764352	-	XP_016858745.1
chr2	174846880	-	NP_001193531.1
chr2	175136412	-	NP_001243021.1
chr2	175181355	-	NP_001680.1
chr2	176002160	-	NP_001291940.1
chr2	176083350	-	NP_001073927.1
chr2	177264532	-	NP_001300829.1
chr2	177550766	-	NP_689730.2
chr2	177616704	-	NP_689488.3
chr2	178450966	-	NP_001303291.1
chr2	178478279	-	XP_011509651.1
chr2	178659172	-	XP_024308868.1
chr2	178804552	-	NP_596870.2
chr2	179049840	-	NP_001303674.1
chr2	179229384	-	XP_047302231.1
chr2	179544827	-	NP_001339746.1
chr2	179993335	-	NP_065994.1
chr2	181656769	-	NP_001025483.1
chr2	181677790	-	NP_002491.3
chr2	182241802	-	NP_001382194.1
chr2	182866075	-	NP_001454.2
chr2	183037992	-	XP_006712264.1
chr2	186848966	-	NP_872327.2
chr2	187385545	-	NP_001258680.1
chr2	187503648	-	NP_006278.1
chr2	189179508	-	XP_047299208.1
chr2	189580418	-	XP_047300022.1
chr2	189763165	-	NP_001363027.1
chr2	189782422	-	NP_001358313.1
chr2	190062224	-	NP_005250.1
chr2	190319716	-	XP_011509256.1
chr2	190343438	-	XP_047302729.1
chr2	190606956	-	XP_047297897.1
chr2	191010367	-	XP_006712781.1
chr2	191148076	-	NP_001230764.1
chr2	191846443	-	NP_004648.1
chr2	192194353	-	NP_001292074.1
chr2	195884585	-	XP_011509799.1
chr2	196163262	-	XP_011510473.1
chr2	196343657	-	NP_001291769.1
chr2	196799510	-	XP_005247022.1
chr2	196818812	-	XP_047300294.1
chr2	196926470	-	NP_001308029.1
chr2	197187023	-	XP_047302238.1
chr2	197434972	-	XP_047299794.1
chr2	197498675	-	NP_955472.1
chr2	197675320	-	XP_016858821.1
chr2	197785983	-	NP_001271290.1
chr2	199455869	-	XP_005246453.1
chr2	199848848	-	XP_024308633.1
chr2	199955393	-	XP_047299228.1
chr2	200506857	-	NP_001308477.1
chr2	200864101	-	NP_004062.2
chr2	200887613	-	XP_005246709.1
chr2	200958030	-	NP_006181.1
chr2	201023959	-	NP_001308558.1
chr2	201351292	-	XP_011508914.1
chr2	201420417	-	XP_047301535.1
chr2	201618900	-	XP_047299467.1
chr2	201643359	-	NP_689601.2
chr2	201693876	-	XP_016860109.1
chr2	201768866	-	XP_016860061.1
chr2	202238440	-	NP_001005782.1
chr2	202828848	-	NP_001275551.1
chr2	202911436	-	NP_001358593.1
chr2	203534160	-	XP_047301505.1
chr2	206085319	-	XP_047300786.1
chr2	206176180	-	XP_047299924.1
chr2	206718261	-	NP_001087199.1
chr2	206765250	-	NP_001317154.1
chr2	207167140	-	NP_001257873.1
chr2	207624891	-	XP_047299453.1
chr2	207766982	-	NP_003459.2
chr2	208001030	-	XP_016859561.1
chr2	208146112	-	NP_005201.2
chr2	208163548	-	NP_055432.2
chr2	208189953	-	XP_047300228.1
chr2	208251430	-	NP_001269315.1
chr2	210171583	-	XP_016858920.1
chr2	210225187	-	XP_047300059.1
chr2	210314911	-	NP_524146.1
chr2	210477450	-	NP_001130047.1
chr2	213150181	-	XP_011509120.1
chr2	214809412	-	NP_001269477.1
chr2	215031821	-	NP_056472.2
chr2	215435655	-	NP_997639.2
chr2	216013233	-	NP_001359118.1
chr2	216081618	-	XP_047301064.1
chr2	216369745	-	NP_065865.1
chr2	216694439	-	NP_000590.1
chr2	216859896	-	NP_003275.1
chr2	218002840	-	XP_047301606.1
chr2	218164159	-	NP_000625.1
chr2	218269966	-	NP_001078.2
chr2	218281940	-	NP_001308367.1
chr2	218558498	-	NP_065986.3
chr2	218656150	-	XP_047301740.1
chr2	218671930	-	XP_016860184.1
chr2	218831738	-	NP_059127.2
chr2	218985024	-	XP_047300778.1
chr2	218993016	-	NP_476435.1
chr2	219041488	-	XP_011509217.1
chr2	219060153	-	NP_002172.2
chr2	219158186	-	NP_079058.1
chr2	219169823	-	NP_653313.3
chr2	219176760	-	NP_001308319.2
chr2	219218125	-	NP_001336757.1
chr2	219227922	-	NP_076990.4
chr2	219243502	-	XP_047301772.1
chr2	219254220	-	NP_001265481.1
chr2	219309218	-	NP_001186693.1
chr2	219333161	-	XP_047300229.1
chr2	219399866	-	NP_001306050.1
chr2	219543225	-	XP_011510140.1
chr2	219570221	-	XP_016859189.1
chr2	221572158	-	NP_001291465.1
chr2	222298531	-	NP_852124.1
chr2	222319028	-	NP_001382800.1
chr2	222656016	-	XP_011508768.1
chr2	223597429	-	NP_003460.2
chr2	223837448	-	XP_011508902.1
chr2	223945148	-	NP_065881.1
chr2	224038490	-	NP_001130000.1
chr2	224401037	-	NP_001116251.1
chr2	224584944	-	XP_011510298.1
chr2	224716131	-	NP_001382165.1
chr2	224982207	-	XP_047300887.1
chr2	226795010	-	NP_005535.1
chr2	227147413	-	XP_011508867.1
chr2	227379086	-	XP_011510178.1
chr2	227387683	-	NP_001382331.1
chr2	227614538	-	NP_001382333.1
chr2	227706315	-	NP_001358342.1
chr2	227724440	-	NP_001382336.1
chr2	228181567	-	XP_005246927.1
chr2	229155818	-	NP_001317087.1
chr2	229879982	-	NP_001271145.1
chr2	230059094	-	XP_005246410.1
chr2	230221705	-	XP_011509394.1
chr2	230712568	-	XP_047302788.1
chr2	230910003	-	XP_011510477.1
chr2	231124972	-	XP_005246577.1
chr2	231464336	-	NP_005372.2
chr2	231530359	-	XP_006712258.1
chr2	231781065	-	XP_047300682.1
chr2	231926160	-	NP_077720.1
chr2	232485868	-	NP_001277716.1
chr2	232548107	-	NP_663748.1
chr2	232771139	-	NP_001165888.1
chr2	232974623	-	XP_011509226.1
chr2	233565356	-	NP_001369231.1
chr2	233854384	-	XP_047300867.1
chr2	234496012	-	NP_001269360.1
chr2	236167449	-	XP_047299863.1
chr2	236264141	-	NP_997721.2
chr2	236507257	-	XP_016860449.1
chr2	237396727	-	NP_476507.3
chr2	237586064	-	XP_047301368.1
chr2	238203499	-	XP_016860546.1
chr2	238239825	-	NP_001136325.1
chr2	238277707	-	XP_047302188.1
chr2	239236593	-	XP_011510529.1
chr2	240025227	-	NP_004535.1
chr2	240029491	-	NP_001005853.1
chr2	240045077	-	NP_775486.1
chr2	240136222	-	NP_612209.1
chr2	240140484	-	XP_016858899.1
chr2	240561036	-	NP_001380394.1
chr2	240682831	-	XP_047301516.1
chr2	240797647	-	NP_001366582.1
chr2	240895484	-	NP_001269850.2
chr2	241102253	-	XP_047299384.1
chr2	241150302	-	NP_001239049.1
chr2	241267578	-	XP_016859430.1
chr2	241508006	-	NP_001269237.1
chr2	241637362	-	NP_001157828.1
chr2	241686654	-	NP_001307831.1
chr2	241858763	-	NP_005009.2
chr2	241900358	-	NP_001369298.1
chr3	319777	+	XP_016861055.1
chr3	1227852	+	NP_001276010.1
chr3	2883150	+	XP_047303493.1
chr3	3129041	+	XP_047304196.1
chr3	3844642	+	NP_001311117.1
chr3	4303371	+	NP_001263254.1
chr3	4979719	+	NP_003661.1
chr3	5122466	+	NP_060654.1
chr3	5187806	+	XP_047305221.1
chr3	8501939	+	NP_001265164.1
chr3	8733877	+	NP_203123.1
chr3	9365069	+	XP_011531872.1
chr3	9428939	+	XP_047304460.1
chr3	9649584	+	NP_001070993.1
chr3	9703997	+	NP_001295317.1
chr3	9734141	+	NP_001003694.1
chr3	9750287	+	XP_047304159.1
chr3	9793122	+	NP_001185709.1
chr3	9890723	+	NP_115881.3
chr3	9902616	+	NP_705616.2
chr3	9917316	+	XP_016862815.1
chr3	9934439	+	XP_047304856.1
chr3	10028658	+	NP_001361184.1
chr3	10115702	+	NP_060932.2
chr3	10141848	+	NP_001341652.1
chr3	10164955	+	NP_001561.3
chr3	10249201	+	NP_055575.3
chr3	10816266	+	NP_001304335.1
chr3	11017212	+	NP_003033.3
chr3	11259038	+	NP_001091683.1
chr3	11298696	+	XP_024309080.1
chr3	12004552	+	XP_006713374.1
chr3	12351593	+	NP_001341597.1
chr3	12489801	+	XP_047304987.1
chr3	12557151	+	NP_054879.3
chr3	12796721	+	XP_011531805.1
chr3	13480348	+	NP_079103.2
chr3	13570356	+	NP_001004019.1
chr3	14125194	+	NP_001394203.1
chr3	14178861	+	NP_055278.1
chr3	14402594	+	NP_001127839.2
chr3	14651837	+	XP_016862044.1
chr3	14682714	+	XP_016862799.1
chr3	14810853	+	XP_011531724.2
chr3	14962433	+	XP_047304785.1
chr3	15206496	+	XP_047303788.1
chr3	15427780	+	NP_149074.3
chr3	15635440	+	NP_001394319.1
chr3	16175152	+	NP_473451.3
chr3	16265815	+	XP_011532532.1
chr3	16899673	+	XP_006713136.1
chr3	19346699	+	XP_047303385.1
chr3	19950899	+	NP_004153.2
chr3	20040478	+	NP_003875.3
chr3	23208700	+	NP_001357156.1
chr3	23807270	+	NP_003332.1
chr3	23917860	+	NP_001240308.1
chr3	23945579	+	NP_005117.3
chr3	25428522	+	NP_001277195.1
chr3	25791021	+	XP_006713279.1
chr3	26709673	+	NP_443185.1
chr3	28241794	+	NP_001318114.1
chr3	28413069	+	NP_001035522.1
chr3	30606884	+	NP_001394055.1
chr3	31532999	+	XP_011531767.1
chr3	31989080	+	XP_047304028.1
chr3	32106712	+	NP_055956.1
chr3	32238973	+	XP_011531718.1
chr3	32391907	+	NP_612419.1
chr3	32695626	+	XP_006713148.1
chr3	32953423	+	NP_005499.1
chr3	33114078	+	NP_006362.1
chr3	33277513	+	NP_001336245.1
chr3	33798729	+	NP_001243121.1
chr3	35681752	+	NP_001254545.1
chr3	36380644	+	XP_047304724.1
chr3	36993548	+	NP_000240.1
chr3	37216515	+	XP_047305387.1
chr3	37243551	+	XP_005265126.1
chr3	37862200	+	XP_016861008.1
chr3	37993673	+	NP_001371968.1
chr3	38039226	+	XP_047305326.1
chr3	38138701	+	NP_001166038.2
chr3	38165286	+	XP_024309619.1
chr3	38265861	+	NP_004247.2
chr3	38282211	+	XP_011532549.1
chr3	38346869	+	NP_001336109.1
chr3	38454323	+	NP_001097.2
chr3	38496368	+	NP_005098.2
chr3	39052026	+	XP_005265403.1
chr3	39107838	+	XP_011531751.1
chr3	39212802	+	XP_047305388.1
chr3	39332332	+	NP_005192.1
chr3	39383725	+	NP_060345.2
chr3	39407654	+	NP_001291217.1
chr3	39502070	+	NP_001380633.1
chr3	40166857	+	NP_001271355.1
chr3	40309942	+	NP_005866.1
chr3	40388058	+	XP_011532568.1
chr3	40457361	+	NP_003964.3
chr3	40477958	+	NP_001138555.1
chr3	40506353	+	XP_016861553.1
chr3	40525819	+	XP_011531912.1
chr3	41224069	+	NP_001895.1
chr3	42091470	+	NP_001252537.1
chr3	42502736	+	XP_011532382.1
chr3	42590898	+	NP_057389.1
chr3	42601007	+	XP_047304153.1
chr3	42653034	+	XP_047305190.1
chr3	42685619	+	NP_689606.2
chr3	42864503	+	NP_001287.2
chr3	42906352	+	NP_001128128.1
chr3	42938896	+	NP_001192201.1
chr3	42979643	+	NP_001123380.2
chr3	43303204	+	XP_047304352.1
chr3	43690993	+	XP_047304199.1
chr3	44242054	+	XP_016861851.1
chr3	44354783	+	NP_001025011.1
chr3	44557048	+	XP_047304535.1
chr3	44651068	+	XP_047304826.1
chr3	44734422	+	XP_047303355.1
chr3	44761866	+	XP_016862376.1
chr3	44874679	+	XP_011532344.1
chr3	44976278	+	XP_047303704.1
chr3	45026363	+	NP_003269.2
chr3	45394454	+	XP_011531856.1
chr3	45594880	+	XP_011532509.1
chr3	45689466	+	NP_054735.3
chr3	45894934	+	NP_001373377.1
chr3	45946482	+	NP_001373365.1
chr3	46264302	+	XP_016861174.1
chr3	46357528	+	NP_001116868.1
chr3	46372903	+	NP_000570.1
chr3	46407671	+	NP_001124382.1
chr3	46498063	+	NP_113628.1
chr3	46577970	+	NP_003203.1
chr3	46612684	+	NP_001182371.2
chr3	46701488	+	NP_671729.2
chr3	46881062	+	XP_011532270.1
chr3	46979862	+	XP_047303748.1
chr3	47282966	+	XP_005265058.2
chr3	47381097	+	NP_056281.1
chr3	47662720	+	XP_047305386.1
chr3	47810684	+	NP_619520.1
chr3	48223512	+	NP_004336.4
chr3	48241172	+	NP_057173.2
chr3	48372288	+	NP_001153401.1
chr3	48440297	+	NP_057017.1
chr3	48446846	+	NP_569055.1
chr3	48466656	+	NP_338599.1
chr3	48927559	+	NP_001336159.1
chr3	48990257	+	XP_047304323.1
chr3	49007432	+	XP_047303327.1
chr3	49022145	+	NP_951032.1
chr3	49172770	+	XP_006713078.1
chr3	49211781	+	XP_011531974.1
chr3	49412427	+	NP_071503.1
chr3	49510535	+	XP_047303502.1
chr3	49554603	+	XP_047305106.1
chr3	49673142	+	XP_011531960.1
chr3	49691166	+	NP_071347.2
chr3	49803393	+	NP_976248.2
chr3	49962642	+	XP_047303093.1
chr3	50090435	+	XP_047303096.1
chr3	50154670	+	XP_047305390.1
chr3	50159623	+	XP_011532302.1
chr3	50191726	+	NP_653082.1
chr3	50214200	+	XP_006713017.1
chr3	50227124	+	NP_001269549.1
chr3	50269241	+	NP_004627.1
chr3	50278846	+	XP_006713042.1
chr3	50351434	+	NP_001401636.1
chr3	50571105	+	XP_047304245.1
chr3	50617566	+	XP_047304839.1
chr3	51208067	+	XP_011531743.1
chr3	51385343	+	NP_006001.5
chr3	51391400	+	NP_037418.3
chr3	51590421	+	NP_001309182.1
chr3	51671465	+	XP_016862063.2
chr3	51708984	+	XP_024309258.1
chr3	51829476	+	NP_001078948.1
chr3	51861667	+	NP_982248.1
chr3	51943356	+	NP_001357169.1
chr3	51955653	+	NP_543141.3
chr3	51975136	+	NP_056222.2
chr3	52198819	+	XP_011531779.1
chr3	52245825	+	XP_005264936.1
chr3	52290343	+	XP_024309119.1
chr3	52322443	+	XP_016861618.1
chr3	52412880	+	XP_024309357.1
chr3	52455642	+	NP_001263222.2
chr3	52495414	+	XP_006713128.1
chr3	52536756	+	NP_001118239.1
chr3	52686093	+	NP_055181.3
chr3	52706247	+	NP_054760.4
chr3	52777616	+	NP_002206.2
chr3	52794804	+	NP_001378948.1
chr3	53168783	+	NP_001341605.1
chr3	53665695	+	XP_011532401.1
chr3	53846589	+	NP_061195.2
chr3	56557243	+	XP_047303977.1
chr3	57073695	+	NP_859078.1
chr3	57227884	+	NP_036228.1
chr3	57556380	+	NP_001309106.1
chr3	57757652	+	XP_047304851.1
chr3	58008565	+	NP_001157789.1
chr3	58171777	+	XP_047305391.1
chr3	58256587	+	XP_005265391.1
chr3	58310330	+	NP_008973.1
chr3	58332989	+	NP_001336417.1
chr3	58498756	+	XP_005264994.1
chr3	62320472	+	NP_001278872.1
chr3	63443446	+	NP_653243.1
chr3	63652688	+	NP_001335685.1
chr3	63819472	+	XP_024309121.1
chr3	63912599	+	NP_001364334.1
chr3	66221095	+	XP_011531630.1
chr3	66998356	+	NP_115894.2
chr3	69085048	+	NP_006398.1
chr3	69794463	+	NP_001341536.1
chr3	71754050	+	NP_061844.1
chr3	72888234	+	NP_001073862.1
chr3	72997038	+	NP_001304957.1
chr3	75664380	+	NP_001118231.1
chr3	77565051	+	NP_001276994.1
chr3	85883404	+	NP_001243433.1
chr3	87227523	+	NP_054762.2
chr3	87990750	+	NP_001309137.1
chr3	88059320	+	XP_016862278.1
chr3	88150053	+	NP_776185.2
chr3	88338610	+	XP_047303323.1
chr3	88465358	+	NP_001355096.1
chr3	93980424	+	NP_001167621.1
chr3	94063127	+	XP_047304640.1
chr3	96814624	+	XP_011511009.1
chr3	97448725	+	NP_775926.1
chr3	97768108	+	XP_016862800.1
chr3	97822207	+	XP_047303395.1
chr3	98087173	+	NP_473447.1
chr3	98132698	+	NP_001005338.1
chr3	98149386	+	NP_001005514.1
chr3	98168700	+	NP_001005515.1
chr3	98264333	+	NP_001005479.2
chr3	98282903	+	NP_001005482.2
chr3	98353854	+	NP_001005517.1
chr3	98390666	+	NP_001005516.1
chr3	98469577	+	NP_001004736.2
chr3	98497681	+	NP_001004737.1
chr3	98532034	+	NP_005281.1
chr3	98732864	+	NP_001258074.1
chr3	99790683	+	NP_001841.2
chr3	100114989	+	NP_001161396.1
chr3	100261019	+	NP_001186127.1
chr3	100334792	+	NP_064587.1
chr3	100429730	+	NP_001078920.1
chr3	100519564	+	XP_047304374.1
chr3	100609857	+	NP_116176.2
chr3	100713686	+	NP_001007566.1
chr3	101564782	+	NP_060289.2
chr3	101574216	+	NP_001307324.1
chr3	101687379	+	XP_047305367.1
chr3	101724677	+	NP_078824.2
chr3	101785597	+	NP_001335921.1
chr3	101849629	+	NP_113607.1
chr3	102435115	+	NP_778226.1
chr3	105367409	+	NP_001230212.1
chr3	107377588	+	NP_115989.1
chr3	107677444	+	XP_047304554.1
chr3	108328304	+	NP_001269488.1
chr3	108605407	+	XP_047305214.1
chr3	108822928	+	NP_057472.2
chr3	109136848	+	NP_001338551.1
chr3	111072018	+	XP_011510965.1
chr3	111542249	+	NP_001305818.1
chr3	111675246	+	NP_001399993.1
chr3	111845869	+	NP_001127909.1
chr3	111979062	+	NP_001258998.1
chr3	111999423	+	NP_037391.2
chr3	112034846	+	NP_001382436.1
chr3	112086408	+	NP_078892.3
chr3	112333213	+	NP_001352780.1
chr3	112563404	+	NP_001335839.1
chr3	112991000	+	XP_047304002.1
chr3	113216212	+	XP_047305144.1
chr3	113533022	+	XP_047304343.1
chr3	113778754	+	XP_047304262.1
chr3	113838910	+	NP_060047.3
chr3	113948803	+	XP_047303839.1
chr3	114056850	+	XP_047304890.1
chr3	114294062	+	NP_776160.2
chr3	115623690	+	NP_002036.1
chr3	119146190	+	NP_689752.2
chr3	119186742	+	NP_008883.2
chr3	119294905	+	NP_065805.2
chr3	119469022	+	NP_689518.1
chr3	119498734	+	NP_057673.2
chr3	119582170	+	NP_001378921.1
chr3	119597914	+	NP_056984.1
chr3	119703099	+	NP_203528.3
chr3	119782758	+	NP_071285.1
chr3	120596360	+	NP_001161803.1
chr3	120750553	+	NP_005504.2
chr3	121254906	+	XP_011511634.1
chr3	121570714	+	NP_001012677.1
chr3	121620576	+	NP_057382.2
chr3	121835286	+	XP_016862352.1
chr3	121894477	+	XP_006713799.1
chr3	122055490	+	NP_787058.5
chr3	122254190	+	NP_000379.3
chr3	122325293	+	NP_005204.1
chr3	122384266	+	NP_055182.3
chr3	122564427	+	NP_612144.1
chr3	122577668	+	XP_011510782.1
chr3	122680884	+	XP_011511231.1
chr3	122795193	+	NP_116228.1
chr3	123067165	+	NP_006801.1
chr3	123209218	+	XP_011510977.1
chr3	124385004	+	NP_001375342.1
chr3	124584822	+	NP_001309924.1
chr3	124730472	+	NP_000364.1
chr3	125756192	+	XP_047305393.1
chr3	125972055	+	XP_006713576.1
chr3	126396001	+	XP_016861815.1
chr3	126524333	+	NP_690849.1
chr3	126988594	+	NP_115618.3
chr3	127196686	+	NP_001007535.1
chr3	127598467	+	NP_004517.2
chr3	127629220	+	NP_056535.1
chr3	127673026	+	NP_742024.1
chr3	127923062	+	XP_047303547.1
chr3	128051886	+	NP_001387257.1
chr3	128335854	+	XP_024309464.1
chr3	128795368	+	NP_004628.4
chr3	128879692	+	NP_054768.2
chr3	129001629	+	NP_001364430.1
chr3	129055502	+	XP_005247431.2
chr3	129249710	+	NP_057212.1
chr3	129279733	+	NP_001357274.1
chr3	129440331	+	XP_006713758.1
chr3	129528734	+	NP_000530.1
chr3	129543219	+	NP_722575.1
chr3	129975817	+	NP_009048.1
chr3	130082017	+	NP_001129624.1
chr3	130373639	+	NP_001265227.1
chr3	130517381	+	XP_011510734.1
chr3	130850821	+	XP_047303922.1
chr3	131029709	+	NP_665917.1
chr3	131381805	+	NP_001165377.1
chr3	132317457	+	NP_001090.2
chr3	132434551	+	NP_001316055.1
chr3	132600398	+	NP_057641.1
chr3	132660538	+	NP_079094.1
chr3	133229312	+	NP_076432.1
chr3	133400084	+	XP_016862804.1
chr3	133574045	+	NP_001127894.1
chr3	133661226	+	XP_047305394.1
chr3	133746441	+	NP_001054.2
chr3	133805849	+	NP_067026.3
chr3	134486047	+	NP_001340047.1
chr3	136001499	+	NP_002709.2
chr3	136250376	+	XP_011511175.1
chr3	136854461	+	XP_016862779.1
chr3	136928002	+	NP_001278928.1
chr3	136958114	+	NP_653318.2
chr3	137764785	+	NP_004180.1
chr3	137998869	+	NP_001002026.1
chr3	138187555	+	XP_047303858.1
chr3	138372884	+	XP_005247286.1
chr3	138434799	+	XP_047305007.1
chr3	138610958	+	XP_011511252.1
chr3	138947365	+	NP_001035150.1
chr3	139344027	+	NP_001350822.1
chr3	140678230	+	XP_011511042.1
chr3	140942055	+	NP_001098117.1
chr3	141066105	+	XP_016862998.1
chr3	141260176	+	XP_047305184.1
chr3	141413562	+	XP_047303805.1
chr3	141487084	+	XP_047304608.1
chr3	141738342	+	NP_055060.1
chr3	141778285	+	XP_047303405.1
chr3	141876802	+	NP_001670.1
chr3	142664238	+	XP_011511205.1
chr3	142724560	+	XP_047304796.1
chr3	143001629	+	NP_001073884.1
chr3	143120817	+	NP_004258.2
chr3	143972333	+	NP_775823.1
chr3	147410113	+	NP_003403.2
chr3	148741036	+	NP_001369666.1
chr3	148827824	+	NP_001862.2
chr3	148865308	+	NP_001861.2
chr3	148991641	+	NP_004121.2
chr3	149129724	+	XP_005247891.1
chr3	149474878	+	NP_004608.1
chr3	149846027	+	XP_047303336.1
chr3	150409351	+	XP_011511639.1
chr3	150546803	+	NP_114414.2
chr3	150603363	+	NP_057359.2
chr3	151734036	+	NP_997248.2
chr3	151814163	+	NP_001077.2
chr3	151879893	+	NP_149039.2
chr3	152300194	+	NP_001363748.1
chr3	152835783	+	NP_002554.1
chr3	153162694	+	NP_002877.2
chr3	154121993	+	NP_001238892.1
chr3	155084168	+	NP_001341573.1
chr3	155869445	+	XP_011511565.1
chr3	156456019	+	XP_011511418.1
chr3	156677698	+	XP_047303892.1
chr3	156829330	+	NP_001180212.1
chr3	157436934	+	NP_002843.2
chr3	158122105	+	XP_047304230.1
chr3	158571301	+	NP_001365780.1
chr3	158644635	+	NP_001295095.1
chr3	158802153	+	XP_047304688.1
chr3	159069433	+	NP_001036171.1
chr3	159763229	+	NP_001401344.1
chr3	159989057	+	NP_000873.2
chr3	160225636	+	NP_001161686.1
chr3	160400827	+	XP_011510613.1
chr3	160677347	+	NP_079323.1
chr3	160961874	+	NP_001304841.1
chr3	161222014	+	XP_005247568.1
chr3	161496808	+	NP_001073909.1
chr3	167789129	+	NP_005016.1
chr3	169774296	+	NP_001172047.1
chr3	169821922	+	NP_001073929.1
chr3	169919499	+	NP_872416.1
chr3	169966823	+	NP_003253.1
chr3	170083973	+	XP_024309218.1
chr3	170222670	+	XP_047304530.1
chr3	170360332	+	XP_005247778.1
chr3	170419067	+	NP_005593.2
chr3	171843384	+	NP_001157908.1
chr3	172754531	+	NP_001336026.1
chr3	174278944	+	XP_047303669.1
chr3	178807410	+	XP_011510627.1
chr3	179198826	+	XP_006713721.1
chr3	179328294	+	NP_001362735.1
chr3	179348852	+	NP_284941.2
chr3	179563093	+	NP_004292.1
chr3	179604816	+	NP_002483.1
chr3	179653226	+	NP_003931.2
chr3	180602262	+	NP_001036066.1
chr3	180912686	+	NP_005078.2
chr3	181712361	+	NP_003097.1
chr3	182793760	+	XP_011510895.1
chr3	183269799	+	XP_011511530.1
chr3	183650357	+	XP_047304331.1
chr3	183715163	+	XP_011511268.1
chr3	184031742	+	NP_001138615.1
chr3	184053081	+	NP_570126.2
chr3	184097530	+	NP_001243542.1
chr3	184135386	+	XP_047305104.1
chr3	184155636	+	NP_004414.3
chr3	184176994	+	NP_001298127.1
chr3	184186208	+	NP_060828.2
chr3	184230529	+	NP_001377771.1
chr3	184249695	+	NP_115707.2
chr3	184299267	+	NP_002799.3
chr3	184315797	+	NP_001181875.2
chr3	184337631	+	XP_047303393.1
chr3	184363493	+	XP_006713729.1
chr3	184380319	+	XP_016862882.1
chr3	184562236	+	NP_004434.2
chr3	184824633	+	XP_016861530.1
chr3	185285606	+	NP_001229246.1
chr3	185586414	+	NP_067640.2
chr3	186570898	+	NP_057390.1
chr3	186613142	+	NP_001341500.1
chr3	186640461	+	NP_001362516.1
chr3	186666032	+	XP_005247472.1
chr3	186717543	+	NP_001095886.1
chr3	186783611	+	NP_001958.2
chr3	186853059	+	NP_001171271.1
chr3	187042704	+	NP_775323.1
chr3	189190972	+	XP_011511038.1
chr3	189789801	+	NP_001108454.1
chr3	190388330	+	NP_001365421.1
chr3	190564290	+	NP_608273.1
chr3	191212533	+	NP_937827.1
chr3	191329675	+	XP_011510762.1
chr3	191461163	+	NP_001076777.1
chr3	193241379	+	XP_047304580.1
chr3	193593378	+	XP_047304169.1
chr3	194070206	+	XP_011511657.1
chr3	194136381	+	NP_005515.1
chr3	194686827	+	NP_710157.2
chr3	195721008	+	NP_001269435.1
chr3	195815715	+	XP_047305385.1
chr3	196216713	+	NP_689885.4
chr3	196568985	+	NP_001099043.1
chr3	196654540	+	NP_940967.1
chr3	196712533	+	NP_001159776.1
chr3	196782647	+	NP_002568.2
chr3	196885182	+	XP_047303630.1
chr3	196942717	+	NP_001342172.1
chr3	196969133	+	XP_047305395.1
chr3	197749972	+	NP_115664.2
chr3	197791279	+	XP_047305040.1
chr3	197950968	+	NP_001303240.1
chr3	197960222	+	XP_047305111.1
chr3	3104903	-	NP_783853.1
chr3	3179621	-	XP_047304210.1
chr3	4466976	-	XP_047303980.1
chr3	8670998	-	NP_001243678.1
chr3	8767266	-	NP_001341582.1
chr3	8963335	-	XP_016862362.1
chr3	9180741	-	XP_047305293.1
chr3	9552274	-	NP_940962.1
chr3	9767667	-	XP_005265574.1
chr3	9791260	-	NP_001265199.1
chr3	9843890	-	NP_001136019.2
chr3	9878779	-	XP_047304642.1
chr3	9949101	-	NP_997234.3
chr3	9986507	-	NP_060917.1
chr3	10106441	-	NP_775743.1
chr3	10292842	-	NP_001289754.1
chr3	10321050	-	XP_047304652.1
chr3	10449345	-	XP_016861976.1
chr3	11846502	-	NP_001121693.1
chr3	12158702	-	NP_003247.1
chr3	12545247	-	NP_001364937.1
chr3	12618515	-	NP_001341624.1
chr3	12769251	-	NP_001271337.1
chr3	12840142	-	NP_000985.1
chr3	13072992	-	NP_055684.3
chr3	13420060	-	XP_047303752.1
chr3	13879746	-	XP_047304819.1
chr3	14124655	-	NP_653237.1
chr3	14178484	-	NP_001341655.1
chr3	14602928	-	XP_011532448.1
chr3	15065061	-	NP_071942.1
chr3	15095973	-	XP_047304664.1
chr3	15333088	-	NP_001018009.2
chr3	15426287	-	XP_016861212.1
chr3	15521520	-	NP_536799.1
chr3	15601383	-	NP_001271342.1
chr3	15859377	-	NP_001182027.1
chr3	16264769	-	NP_001040899.1
chr3	16493725	-	XP_047303735.1
chr3	16605203	-	NP_001177740.1
chr3	18420757	-	NP_001309805.1
chr3	19936141	-	XP_011531687.1
chr3	20012050	-	NP_001239586.1
chr3	20183886	-	XP_011531679.1
chr3	21564574	-	XP_016862691.1
chr3	23910811	-	NP_001364294.1
chr3	24228938	-	NP_001341643.1
chr3	25664229	-	XP_047304777.1
chr3	25789861	-	XP_011532246.1
chr3	27352812	-	NP_001026911.1
chr3	27484079	-	XP_016863018.1
chr3	27721414	-	NP_001265112.1
chr3	28347585	-	NP_001258579.1
chr3	28575737	-	XP_047305355.1
chr3	30606484	-	XP_047305356.1
chr3	30894578	-	XP_016861786.1
chr3	31797755	-	XP_005264902.1
chr3	32502608	-	NP_060271.1
chr3	32570625	-	XP_047304202.1
chr3	33097011	-	NP_001380509.1
chr3	33218686	-	XP_005265091.1
chr3	33440677	-	XP_047304805.1
chr3	33689829	-	NP_001362647.1
chr3	36764182	-	NP_208382.1
chr3	36945463	-	XP_047305286.1
chr3	36991254	-	NP_055620.1
chr3	37148894	-	NP_060194.1
chr3	38029506	-	NP_001124436.1
chr3	38136865	-	XP_047304013.1
chr3	38633035	-	NP_000326.2
chr3	38793741	-	NP_006505.4
chr3	38960785	-	XP_016861142.1
chr3	39107479	-	XP_047304685.1
chr3	39147829	-	XP_016862538.1
chr3	39183914	-	NP_001338306.1
chr3	39186089	-	XP_047303544.1
chr3	39281609	-	XP_047303494.1
chr3	42263417	-	NP_000720.1
chr3	42407113	-	XP_011531657.1
chr3	42568865	-	NP_001188501.1
chr3	42701132	-	XP_016862427.1
chr3	42758125	-	XP_016861270.1
chr3	42804172	-	NP_054775.2
chr3	42874311	-	NP_004382.2
chr3	43079689	-	NP_116195.2
chr3	43605714	-	XP_016862207.1
chr3	44455121	-	NP_001356383.1
chr3	44685755	-	XP_047305389.1
chr3	44959131	-	XP_047304221.1
chr3	45146206	-	XP_024309486.1
chr3	45225125	-	NP_056259.2
chr3	45796299	-	NP_001392998.1
chr3	45913120	-	NP_001263307.1
chr3	45984856	-	NP_001373354.1
chr3	46020946	-	NP_001368789.1
chr3	46203246	-	NP_001286.1
chr3	46468252	-	NP_001186078.1
chr3	46551467	-	NP_078788.2
chr3	46689338	-	NP_667340.2
chr3	46717719	-	NP_037402.1
chr3	46863262	-	NP_001393869.1
chr3	46976637	-	NP_653317.2
chr3	47163854	-	XP_024309255.1
chr3	47282495	-	XP_011532309.1
chr3	47442872	-	XP_047303700.1
chr3	47513537	-	NP_001411151.1
chr3	47578597	-	NP_001193871.1
chr3	47781603	-	NP_003065.3
chr3	47998638	-	NP_001371610.1
chr3	48187778	-	XP_047305322.1
chr3	48301296	-	XP_024309065.1
chr3	48328275	-	NP_001073994.1
chr3	48423505	-	XP_047304289.1
chr3	48440677	-	NP_001243898.1
chr3	48504019	-	NP_001259011.1
chr3	48561587	-	NP_001304067.1
chr3	48562786	-	NP_149976.1
chr3	48595075	-	XP_016861177.1
chr3	48609552	-	NP_003356.2
chr3	48621463	-	NP_001008270.1
chr3	48635371	-	NP_001035544.1
chr3	48658887	-	NP_001398.2
chr3	48685637	-	NP_909119.1
chr3	48715389	-	XP_011532120.1
chr3	48847335	-	XP_011532244.1
chr3	48898690	-	NP_000378.1
chr3	49018400	-	NP_060584.3
chr3	49029253	-	NP_001397690.1
chr3	49076709	-	NP_001307513.1
chr3	49104617	-	NP_001259002.1
chr3	49119022	-	NP_001387228.1
chr3	49132792	-	XP_005265184.1
chr3	49162805	-	NP_075054.3
chr3	49191745	-	XP_011532319.1
chr3	49276427	-	NP_940964.1
chr3	49339924	-	NP_955475.1
chr3	49358165	-	NP_000572.2
chr3	49375461	-	NP_001300874.1
chr3	49422361	-	NP_001158184.1
chr3	49429108	-	NP_115692.1
chr3	49688598	-	NP_001380513.1
chr3	49717951	-	NP_942015.1
chr3	49723598	-	NP_068806.2
chr3	49747818	-	NP_001006115.1
chr3	49801460	-	XP_011532003.1
chr3	49813732	-	NP_003326.2
chr3	49856356	-	XP_047303196.1
chr3	49862294	-	NP_001307076.1
chr3	49902380	-	XP_047304130.1
chr3	49913220	-	NP_001135973.2
chr3	50292217	-	NP_006755.5
chr3	50299213	-	NP_001186959.1
chr3	50302057	-	NP_695013.1
chr3	50319569	-	NP_003764.3
chr3	50327954	-	NP_009206.1
chr3	50340556	-	NP_001193886.1
chr3	50345488	-	XP_005265273.1
chr3	50350575	-	XP_016861045.1
chr3	50358213	-	NP_008955.1
chr3	50503218	-	NP_001278030.1
chr3	50558664	-	XP_047304206.1
chr3	50573371	-	XP_011532087.1
chr3	50611631	-	NP_037456.5
chr3	51483719	-	XP_047305239.1
chr3	51779210	-	NP_001137305.2
chr3	51875528	-	NP_001138531.1
chr3	51903270	-	XP_011531668.1
chr3	51941781	-	XP_047305128.1
chr3	51961749	-	XP_005265388.1
chr3	51973965	-	NP_001139786.1
chr3	51995425	-	NP_000983.1
chr3	52055850	-	NP_001938.2
chr3	52154355	-	XP_047303864.1
chr3	52225527	-	NP_059138.1
chr3	52238992	-	NP_009215.1
chr3	52278201	-	XP_011532438.1
chr3	52409842	-	XP_047305000.1
chr3	52444913	-	NP_064548.1
chr3	52453992	-	NP_003271.1
chr3	52534533	-	XP_006713366.1
chr3	52681704	-	NP_001392495.1
chr3	52700445	-	XP_047304525.1
chr3	52770654	-	NP_001335343.1
chr3	52830553	-	NP_001159921.1
chr3	52897291	-	NP_995325.4
chr3	52969101	-	NP_057413.2
chr3	53130338	-	XP_011532517.1
chr3	53255836	-	NP_001128527.1
chr3	53347383	-	NP_001277136.1
chr3	53823306	-	NP_060867.2
chr3	53881979	-	XP_047305194.1
chr3	53891770	-	NP_067060.2
chr3	54927905	-	NP_001291318.1
chr3	55488932	-	XP_047304811.1
chr3	56682676	-	XP_047303771.1
chr3	56916309	-	NP_001122088.1
chr3	57165161	-	NP_001305793.1
chr3	57199762	-	NP_001362988.1
chr3	57291912	-	NP_569058.1
chr3	57542701	-	XP_016861351.1
chr3	57597074	-	NP_001651.1
chr3	57692782	-	XP_047303626.1
chr3	58210766	-	NP_001243489.1
chr3	58433768	-	NP_001302465.1
chr3	58536260	-	XP_006713403.1
chr3	58626971	-	XP_047303326.1
chr3	58655551	-	XP_006713030.1
chr3	59049611	-	XP_047303613.1
chr3	62372017	-	NP_060478.3
chr3	63863772	-	XP_006713402.1
chr3	64023805	-	XP_005265676.1
chr3	64198784	-	NP_001357457.1
chr3	64687543	-	NP_001305710.1
chr3	66500190	-	XP_016861624.2
chr3	68885175	-	XP_011531674.1
chr3	69009637	-	XP_047303963.1
chr3	69051945	-	NP_009045.2
chr3	69080334	-	NP_001350790.1
chr3	69122093	-	NP_001291347.1
chr3	69353544	-	XP_047303729.1
chr3	70311886	-	NP_001351606.1
chr3	71053636	-	NP_001336272.1
chr3	71198202	-	NP_001012523.1
chr3	71725192	-	XP_047304017.1
chr3	71784957	-	NP_068754.1
chr3	72848198	-	NP_060600.2
chr3	73569151	-	NP_001290069.1
chr3	74338912	-	XP_016861998.1
chr3	75785506	-	XP_047302997.1
chr3	86990618	-	NP_001307423.1
chr3	87276321	-	NP_000297.1
chr3	88055473	-	NP_001182237.1
chr3	88058139	-	NP_001401660.1
chr3	93973674	-	NP_000304.2
chr3	94014385	-	NP_001001850.1
chr3	94060948	-	XP_011510839.1
chr3	97967162	-	XP_011511546.1
chr3	98034863	-	NP_001099050.1
chr3	98522849	-	NP_001035273.1
chr3	98592949	-	XP_005247182.1
chr3	98901122	-	XP_024309116.1
chr3	99930769	-	NP_001374780.1
chr3	100400626	-	NP_055635.3
chr3	100993306	-	NP_001352572.2
chr3	101320288	-	NP_057331.2
chr3	101513091	-	XP_047304583.1
chr3	101676605	-	XP_011510992.1
chr3	101686672	-	NP_000977.1
chr3	105868169	-	NP_001308751.1
chr3	108090863	-	NP_942088.1
chr3	108222111	-	NP_060480.1
chr3	108529263	-	NP_055796.2
chr3	108589274	-	XP_011511359.1
chr3	108757059	-	NP_115968.1
chr3	108953559	-	XP_011511636.1
chr3	109117995	-	XP_011510999.1
chr3	109314740	-	XP_011510746.1
chr3	109337464	-	XP_024309390.1
chr3	111593545	-	NP_078784.2
chr3	112133092	-	XP_024309206.1
chr3	112286704	-	XP_011511027.1
chr3	112499271	-	XP_047303452.1
chr3	112561457	-	XP_011511376.1
chr3	112638028	-	NP_955806.1
chr3	112845679	-	NP_001186144.1
chr3	112974791	-	NP_740750.1
chr3	113019542	-	NP_001306040.1
chr3	113215532	-	XP_047305392.1
chr3	113433565	-	NP_001157968.1
chr3	113506507	-	NP_001318007.1
chr3	113674832	-	XP_016861361.1
chr3	113745942	-	NP_001295374.1
chr3	114056377	-	XP_016862448.1
chr3	114171723	-	NP_387512.3
chr3	114236253	-	NP_009067.2
chr3	114380777	-	NP_056457.3
chr3	115866466	-	XP_024309290.1
chr3	119034531	-	NP_001340255.1
chr3	119229847	-	NP_003769.1
chr3	119461962	-	XP_047304467.1
chr3	119557629	-	NP_005182.1
chr3	119659933	-	XP_047304660.1
chr3	119677204	-	NP_005685.1
chr3	120244003	-	XP_011510790.1
chr3	120348744	-	NP_001093148.1
chr3	120450684	-	NP_009016.1
chr3	120682097	-	XP_016861766.1
chr3	120742462	-	NP_776186.2
chr3	121545715	-	NP_955452.3
chr3	121658264	-	NP_001278970.2
chr3	121730876	-	XP_016861684.1
chr3	121828861	-	XP_047305207.1
chr3	122022020	-	XP_047304000.1
chr3	122383174	-	XP_047303383.1
chr3	122414536	-	NP_061942.2
chr3	122496437	-	XP_005247494.1
chr3	122559606	-	NP_001374804.1
chr3	122793617	-	XP_047304874.1
chr3	122976000	-	XP_047304309.1
chr3	123447412	-	XP_047303321.1
chr3	123584873	-	NP_001316715.1
chr3	123793677	-	XP_016861962.1
chr3	123961144	-	XP_011511383.2
chr3	123980366	-	NP_001304704.1
chr3	124886931	-	NP_001341695.1
chr3	124934661	-	NP_149038.3
chr3	125055575	-	NP_065784.1
chr3	125211299	-	NP_078904.4
chr3	125313308	-	NP_001335355.1
chr3	125520032	-	NP_003785.1
chr3	125594637	-	NP_073613.2
chr3	126067947	-	XP_047304367.1
chr3	126180962	-	XP_024309093.1
chr3	126357075	-	NP_054798.1
chr3	126433198	-	XP_047305374.1
chr3	126474959	-	XP_011511421.1
chr3	126517594	-	NP_653240.1
chr3	126553302	-	XP_011510759.1
chr3	126654748	-	NP_001166984.1
chr3	127287314	-	NP_001349739.1
chr3	127594800	-	XP_047303399.1
chr3	127822309	-	NP_001375246.1
chr3	128123584	-	XP_016862846.1
chr3	128462547	-	NP_699161.1
chr3	128486803	-	NP_001139134.1
chr3	128650540	-	NP_002941.1
chr3	129026459	-	XP_047304594.1
chr3	129160973	-	NP_001191814.1
chr3	129171655	-	NP_003409.1
chr3	129315261	-	NP_006017.1
chr3	129428440	-	NP_997190.1
chr3	129439730	-	NP_001263202.1
chr3	129605329	-	XP_011510894.1
chr3	129832774	-	NP_055823.1
chr3	130744486	-	NP_055417.1
chr3	131024005	-	NP_001275879.1
chr3	131502730	-	NP_009139.1
chr3	131723446	-	XP_047303379.1
chr3	132659603	-	NP_115545.3
chr3	132721963	-	NP_694972.3
chr3	133661044	-	XP_047303311.1
chr3	133895397	-	NP_001350882.1
chr3	134029707	-	NP_005621.2
chr3	134250423	-	NP_002949.2
chr3	134375188	-	NP_001350872.1
chr3	134482806	-	NP_001229303.1
chr3	134650825	-	NP_001337788.1
chr3	136194972	-	XP_011511251.1
chr3	136502628	-	XP_016861014.1
chr3	138108192	-	NP_775814.2
chr3	138130849	-	XP_016862033.1
chr3	138174599	-	NP_057300.2
chr3	138329303	-	NP_835231.1
chr3	138591854	-	NP_001275893.1
chr3	138759173	-	NP_001242974.1
chr3	138945592	-	NP_075555.1
chr3	139005468	-	NP_001128131.1
chr3	139019864	-	NP_001013672.1
chr3	139043832	-	NP_001128129.1
chr3	139340570	-	XP_047305377.1
chr3	139389548	-	XP_047305189.1
chr3	139476387	-	NP_004155.2
chr3	139539460	-	NP_002890.2
chr3	139627616	-	NP_001307442.1
chr3	142101735	-	XP_016862589.1
chr3	142225309	-	XP_047303854.1
chr3	142447870	-	XP_047304314.1
chr3	142578646	-	NP_001341508.1
chr3	142888814	-	NP_037495.1
chr3	142962207	-	NP_001362229.1
chr3	146160881	-	XP_047304275.1
chr3	146222065	-	NP_001170775.1
chr3	146495895	-	XP_024309445.1
chr3	146541134	-	NP_001392966.1
chr3	146605200	-	NP_001308174.1
chr3	147364318	-	XP_047305398.1
chr3	147405373	-	NP_001230185.1
chr3	149086317	-	NP_001305864.1
chr3	149221647	-	XP_006713562.1
chr3	149333206	-	NP_620141.1
chr3	149377371	-	XP_016861874.1
chr3	149656876	-	NP_001335291.1
chr3	149752378	-	NP_057178.2
chr3	149792277	-	XP_011511103.1
chr3	149970725	-	NP_002619.1
chr3	150546052	-	NP_055260.1
chr3	150703496	-	NP_001295163.1
chr3	150762433	-	NP_005058.3
chr3	150905327	-	NP_001338210.2
chr3	150972456	-	NP_443721.1
chr3	151198427	-	XP_047304012.1
chr3	151213300	-	XP_011511642.1
chr3	151300067	-	NP_076404.3
chr3	151329481	-	XP_006713727.1
chr3	151337817	-	NP_073625.1
chr3	151460261	-	XP_047303971.1
chr3	154324174	-	NP_001107869.1
chr3	154428635	-	NP_001033794.1
chr3	155293620	-	NP_001339058.1
chr3	155675997	-	XP_011510867.1
chr3	155806139	-	NP_775928.1
chr3	155853223	-	XP_016862952.1
chr3	156554957	-	NP_001295133.1
chr3	157159792	-	NP_001295114.1
chr3	157495212	-	XP_047304884.1
chr3	158105679	-	XP_006713791.1
chr3	158672350	-	NP_064554.3
chr3	158732140	-	XP_005247743.4
chr3	160038910	-	XP_047305381.1
chr3	160384564	-	NP_001177170.1
chr3	160437972	-	NP_775107.1
chr3	160565214	-	NP_002259.1
chr3	161104319	-	NP_001336071.1
chr3	161346093	-	NP_001035189.1
chr3	165075895	-	XP_047304693.1
chr3	165187897	-	NP_001305740.1
chr3	165829517	-	NP_000046.1
chr3	167372834	-	XP_024309521.1
chr3	167471588	-	NP_001381256.1
chr3	167653261	-	NP_001353087.1
chr3	167720062	-	NP_665859.1
chr3	168095099	-	XP_047303934.1
chr3	169273369	-	NP_001192123.1
chr3	169769321	-	NP_115876.3
chr3	169812410	-	NP_001357537.1
chr3	169869633	-	XP_016862693.1
chr3	170181702	-	NP_001295045.1
chr3	170526633	-	NP_066000.2
chr3	170870159	-	NP_001307380.1
chr3	170907642	-	NP_065123.1
chr3	171026656	-	NP_001265588.1
chr3	171737892	-	XP_011511201.1
chr3	172447618	-	NP_940799.1
chr3	172523253	-	NP_003801.1
chr3	172710847	-	NP_001139750.1
chr3	173117120	-	XP_016862797.1
chr3	177131363	-	XP_047304896.1
chr3	178745943	-	XP_047305383.1
chr3	179067483	-	NP_001362756.1
chr3	179266649	-	NP_001157149.1
chr3	179426144	-	XP_047304610.1
chr3	179604527	-	NP_817125.1
chr3	179974012	-	NP_001336333.1
chr3	180679291	-	NP_852091.1
chr3	180989600	-	NP_001177162.1
chr3	182980487	-	XP_011511216.1
chr3	183115474	-	NP_001350809.1
chr3	183162607	-	NP_055213.2
chr3	183427902	-	XP_047303707.1
chr3	183555361	-	XP_011511575.1
chr3	183825147	-	NP_079147.1
chr3	183884722	-	XP_024309396.1
chr3	184014264	-	NP_001306961.1
chr3	184249226	-	NP_005778.1
chr3	184261117	-	NP_150284.1
chr3	184361417	-	NP_001164559.1
chr3	184378075	-	NP_001276957.1
chr3	184710898	-	NP_071432.2
chr3	185152628	-	NP_001020437.1
chr3	185253949	-	XP_047303597.1
chr3	185498843	-	XP_016862926.1
chr3	185552423	-	XP_011510832.1
chr3	185824783	-	XP_006713540.1
chr3	185937825	-	NP_001230808.1
chr3	186105824	-	NP_004445.1
chr3	186320393	-	NP_001074214.1
chr3	186544306	-	NP_060011.1
chr3	186570107	-	NP_001127887.1
chr3	186804583	-	NP_853551.1
chr3	187121145	-	NP_443201.1
chr3	187670154	-	NP_001039.1
chr3	187701965	-	XP_016861791.1
chr3	187733533	-	XP_011511364.1
chr3	190120252	-	NP_001127890.1
chr3	190321984	-	NP_066924.1
chr3	190449735	-	NP_997199.1
chr3	190862613	-	NP_001140158.1
chr3	191282087	-	XP_047303855.1
chr3	192917630	-	NP_848591.2
chr3	193378663	-	XP_016861794.1
chr3	193581707	-	NP_115655.2
chr3	194341065	-	NP_001278917.1
chr3	194363356	-	NP_570843.2
chr3	194396600	-	NP_004479.1
chr3	194462140	-	XP_047304868.1
chr3	194633079	-	NP_001011655.1
chr3	194672064	-	NP_060855.2
chr3	194685860	-	XP_047305384.1
chr3	195270555	-	XP_047303453.1
chr3	195442795	-	XP_047303791.1
chr3	195542904	-	NP_001303254.1
chr3	195579339	-	NP_001638.1
chr3	195811736	-	NP_612154.2
chr3	195907885	-	XP_047303122.1
chr3	196077064	-	NP_001300895.1
chr3	196211170	-	XP_011510719.1
chr3	196270415	-	NP_001299602.1
chr3	196318040	-	NP_001338557.1
chr3	196327390	-	NP_001191826.1
chr3	196432327	-	XP_011510973.1
chr3	196502873	-	NP_689830.2
chr3	196520531	-	NP_001307402.1
chr3	196567191	-	NP_001332844.1
chr3	196711929	-	NP_001366399.1
chr3	196942426	-	NP_001397786.1
chr3	196965667	-	XP_016862732.1
chr3	197029654	-	XP_047304106.1
chr3	197183575	-	NP_001191317.1
chr3	197546361	-	XP_016862504.1
chr3	197657710	-	XP_047305396.1
chr3	197748322	-	XP_006713894.1
chr3	197945620	-	NP_001309958.1
chr4	53489	+	NP_872330.1
chr4	124671	+	NP_001034216.2
chr4	218640	+	XP_047272426.1
chr4	337984	+	NP_001335209.1
chr4	499336	+	XP_047271811.1
chr4	625627	+	XP_047271729.1
chr4	678027	+	XP_047271685.1
chr4	713171	+	XP_047272496.1
chr4	733681	+	NP_001382174.1
chr4	947740	+	XP_005272364.1
chr4	987085	+	XP_047271606.1
chr4	1010874	+	XP_024309860.1
chr4	1145431	+	XP_047272497.1
chr4	1193586	+	XP_047272433.1
chr4	1289914	+	XP_047305451.1
chr4	1348092	+	XP_016863986.2
chr4	1723422	+	XP_047305479.1
chr4	1793935	+	XP_006713931.1
chr4	1900655	+	NP_015627.1
chr4	2036615	+	XP_011511773.1
chr4	2059512	+	NP_848652.2
chr4	2426476	+	XP_047271641.1
chr4	2490494	+	XP_047272018.1
chr4	2535448	+	NP_001353245.1
chr4	2812398	+	NP_001139327.1
chr4	2875916	+	NP_001341686.1
chr4	2964071	+	XP_011511759.1
chr4	3074826	+	NP_002102.4
chr4	3246655	+	XP_047271611.1
chr4	3316171	+	NP_001381088.1
chr4	3442002	+	NP_001284368.1
chr4	3463376	+	NP_775931.3
chr4	3766607	+	NP_000674.2
chr4	4299946	+	NP_660334.3
chr4	4387630	+	NP_001274692.1
chr4	4770017	+	XP_047272446.1
chr4	4859900	+	NP_002439.2
chr4	5711381	+	NP_001293021.1
chr4	6277456	+	NP_005996.2
chr4	6575211	+	NP_056089.1
chr4	6640863	+	NP_150638.1
chr4	6674213	+	NP_619644.1
chr4	6693933	+	NP_005971.1
chr4	6716210	+	NP_060836.1
chr4	6824454	+	XP_047272406.1
chr4	6923390	+	XP_047271960.1
chr4	7043580	+	NP_689506.2
chr4	7664397	+	XP_047271964.1
chr4	8205195	+	XP_011511790.1
chr4	8269969	+	NP_001284488.1
chr4	8440823	+	XP_011511712.1
chr4	8580983	+	NP_543009.2
chr4	8592834	+	NP_001014447.2
chr4	9173173	+	NP_001345347.1
chr4	9191010	+	XP_047272452.1
chr4	9210657	+	NP_001243781.1
chr4	9215405	+	NP_001243783.1
chr4	9220152	+	NP_001243782.1
chr4	9224896	+	NP_001243784.1
chr4	9234385	+	NP_001243823.2
chr4	9243879	+	NP_001243786.1
chr4	9248630	+	NP_001243788.1
chr4	9253378	+	NP_001243789.1
chr4	9258124	+	NP_001243790.1
chr4	9262872	+	NP_001243791.1
chr4	9267619	+	NP_001243792.1
chr4	9325165	+	NP_001229256.1
chr4	9329911	+	NP_001229255.1
chr4	9334658	+	NP_001229257.1
chr4	9339403	+	NP_001229258.1
chr4	9344148	+	NP_001229259.1
chr4	9348893	+	NP_001229260.1
chr4	9353638	+	NP_001229261.1
chr4	9363129	+	NP_001243796.1
chr4	9444534	+	NP_001035538.2
chr4	9782030	+	NP_000789.1
chr4	15002674	+	XP_011512081.1
chr4	15340195	+	XP_011512074.1
chr4	15475933	+	NP_065836.2
chr4	15686978	+	XP_047306068.1
chr4	15687509	+	XP_047306073.1
chr4	15703145	+	XP_005248242.1
chr4	15778415	+	NP_001766.2
chr4	17515267	+	NP_001073296.1
chr4	17577466	+	NP_056991.2
chr4	17614655	+	NP_079481.2
chr4	17811078	+	XP_016864032.1
chr4	20522001	+	XP_011512212.2
chr4	20701838	+	XP_047305573.1
chr4	24799522	+	NP_003093.2
chr4	25234164	+	NP_060793.2
chr4	25312810	+	NP_001305077.1
chr4	25377428	+	XP_047306108.1
chr4	25662501	+	NP_006415.3
chr4	25914314	+	NP_001138904.1
chr4	26319875	+	NP_001366338.1
chr4	26576792	+	XP_047271863.1
chr4	26861219	+	NP_001162588.1
chr4	30721423	+	NP_002580.2
chr4	36281759	+	XP_011511995.1
chr4	37245068	+	NP_001138462.1
chr4	37588868	+	XP_011512015.1
chr4	37826733	+	NP_060760.2
chr4	37902096	+	XP_011511970.1
chr4	38680626	+	NP_057615.3
chr4	38878079	+	NP_001337564.1
chr4	39044951	+	XP_016863764.1
chr4	39182558	+	XP_047271991.1
chr4	39406950	+	NP_783864.1
chr4	39459118	+	NP_001265520.1
chr4	39698328	+	NP_005330.1
chr4	40097341	+	NP_060647.2
chr4	40243387	+	NP_001265297.1
chr4	40335468	+	NP_060051.2
chr4	40750694	+	XP_016864104.1
chr4	41256977	+	NP_004172.2
chr4	41605996	+	NP_001276053.1
chr4	41935485	+	XP_005248173.1
chr4	41981793	+	NP_001025126.2
chr4	41990652	+	XP_047305481.1
chr4	42398057	+	NP_001073974.1
chr4	42893267	+	NP_001073945.1
chr4	44678571	+	XP_024309946.1
chr4	47031652	+	XP_016863475.1
chr4	47403425	+	XP_016863474.1
chr4	47512541	+	NP_065186.3
chr4	48016840	+	XP_047305598.1
chr4	48341740	+	XP_005248178.1
chr4	48483562	+	NP_689892.1
chr4	48490292	+	NP_783318.1
chr4	48831102	+	XP_024309873.1
chr4	48986430	+	XP_011512057.1
chr4	51843243	+	XP_047305836.1
chr4	52051705	+	NP_660306.1
chr4	52862508	+	NP_076429.1
chr4	53377839	+	NP_001363673.1
chr4	54100345	+	NP_573574.2
chr4	54234472	+	XP_016863770.1
chr4	54658015	+	NP_001372213.1
chr4	55346337	+	NP_078868.1
chr4	55396190	+	NP_060945.2
chr4	55820027	+	NP_001338503.1
chr4	55858324	+	XP_016863896.1
chr4	55952131	+	NP_079285.2
chr4	56196361	+	XP_047271950.1
chr4	56410516	+	XP_047305484.1
chr4	56467636	+	XP_024309960.1
chr4	56505863	+	NP_001350723.1
chr4	56530677	+	XP_011532667.1
chr4	56910639	+	NP_005603.3
chr4	56978986	+	NP_000929.1
chr4	61199087	+	XP_047272511.1
chr4	67558810	+	NP_036240.1
chr4	68447513	+	NP_054777.2
chr4	68816020	+	NP_001066.1
chr4	69096521	+	NP_001065.2
chr4	69280501	+	NP_444267.1
chr4	69932556	+	NP_001881.1
chr4	70053077	+	XP_047306148.1
chr4	70195758	+	XP_047271821.1
chr4	70231195	+	NP_694542.1
chr4	70244820	+	NP_005203.2
chr4	70335040	+	NP_149113.3
chr4	70362116	+	NP_036522.3
chr4	70384511	+	NP_006676.1
chr4	70399286	+	NP_001289736.1
chr4	70474022	+	NP_001138478.1
chr4	70518778	+	NP_997722.1
chr4	70592359	+	NP_057603.1
chr4	70629501	+	NP_114095.2
chr4	70688678	+	NP_065101.1
chr4	70704937	+	NP_001124181.1
chr4	70902096	+	XP_011530714.1
chr4	70993836	+	NP_000779.1
chr4	71373250	+	XP_047272304.1
chr4	72039110	+	XP_011529856.2
chr4	73404328	+	NP_000468.1
chr4	73436263	+	NP_001125.1
chr4	73481776	+	XP_016863332.1
chr4	73740659	+	NP_001341769.1
chr4	73836751	+	NP_002984.1
chr4	73853363	+	NP_002611.1
chr4	73869471	+	NP_001502.1
chr4	74157830	+	XP_016863707.1
chr4	74308534	+	NP_001013460.1
chr4	74365309	+	NP_001423.1
chr4	74445346	+	NP_001648.1
chr4	74933328	+	XP_011530135.1
chr4	75515453	+	XP_011529969.1
chr4	75556083	+	NP_001193910.1
chr4	75724820	+	NP_001276978.1
chr4	76075890	+	XP_024309821.1
chr4	76217608	+	NP_001229865.1
chr4	76841658	+	XP_047272513.1
chr4	76949904	+	NP_060713.1
chr4	77158533	+	XP_011530701.1
chr4	77605866	+	NP_006410.1
chr4	77862849	+	XP_047272046.1
chr4	78554474	+	XP_047306110.1
chr4	78776544	+	NP_060063.2
chr4	80200081	+	NP_064611.3
chr4	80266825	+	NP_149134.1
chr4	81031285	+	NP_001192.4
chr4	82430830	+	NP_067027.1
chr4	82900803	+	NP_078948.3
chr4	83035225	+	NP_001317656.1
chr4	83456078	+	NP_001284698.1
chr4	83535733	+	XP_016864269.1
chr4	84583402	+	NP_001254.2
chr4	85827963	+	NP_001274734.1
chr4	86635257	+	XP_011530467.1
chr4	86948534	+	XP_005263070.1
chr4	87422906	+	NP_076952.1
chr4	87610909	+	NP_055023.2
chr4	87654820	+	XP_011530007.1
chr4	87802362	+	NP_004958.2
chr4	87834715	+	NP_001171623.1
chr4	87976896	+	NP_001035147.1
chr4	88007734	+	NP_000288.1
chr4	88378922	+	XP_047271823.1
chr4	88457270	+	NP_057407.2
chr4	88605824	+	NP_001305434.1
chr4	89112975	+	NP_001369309.1
chr4	89894972	+	NP_001358332.1
chr4	90308285	+	XP_016863690.1
chr4	93828927	+	NP_005163.1
chr4	94208395	+	NP_001121902.1
chr4	94455289	+	NP_001243358.1
chr4	95051700	+	NP_001243722.1
chr4	95840151	+	NP_005381.1
chr4	98261566	+	NP_001093896.1
chr4	98995754	+	NP_055958.2
chr4	99513082	+	XP_011530617.1
chr4	99574910	+	NP_000244.2
chr4	99816914	+	XP_016863513.1
chr4	102510933	+	XP_024309837.1
chr4	102869085	+	NP_001008389.1
chr4	105233943	+	NP_060098.3
chr4	105552766	+	NP_060170.1
chr4	105717614	+	XP_011530554.1
chr4	105895653	+	XP_011530122.1
chr4	106325010	+	NP_001135887.1
chr4	107895554	+	NP_001362835.1
chr4	107931644	+	XP_005262774.1
chr4	107989933	+	NP_001171634.3
chr4	108168500	+	XP_047272484.1
chr4	108621960	+	NP_296374.1
chr4	108650656	+	NP_001254747.1
chr4	109433870	+	NP_001287742.1
chr4	109560338	+	NP_060388.2
chr4	109816165	+	NP_127460.1
chr4	109828028	+	NP_006574.1
chr4	109848202	+	XP_016863657.1
chr4	109913336	+	NP_001954.2
chr4	110476415	+	NP_001366541.1
chr4	112145581	+	NP_689613.2
chr4	112232092	+	NP_061039.3
chr4	112377778	+	NP_079420.3
chr4	112644670	+	XP_047271725.1
chr4	113293297	+	NP_001341208.1
chr4	114622881	+	XP_047272090.1
chr4	118053911	+	XP_047272371.1
chr4	118685535	+	XP_047271985.1
chr4	118889037	+	NP_001122405.1
chr4	119136526	+	XP_006714297.1
chr4	119239760	+	XP_016863802.1
chr4	121801425	+	XP_011530337.1
chr4	122170648	+	XP_016864188.1
chr4	122380070	+	NP_640336.1
chr4	122741893	+	XP_011529982.1
chr4	122826776	+	NP_001997.5
chr4	122923143	+	XP_016863319.1
chr4	123401592	+	NP_001362339.1
chr4	125316412	+	XP_047272107.1
chr4	127633035	+	NP_056508.2
chr4	127730546	+	NP_001305396.1
chr4	127782060	+	NP_001304310.1
chr4	127881135	+	NP_055079.3
chr4	127982956	+	NP_001352972.1
chr4	128061694	+	XP_016863841.1
chr4	128810374	+	XP_024309987.1
chr4	129102611	+	XP_016863213.1
chr4	133150141	+	NP_065866.1
chr4	139015982	+	NP_036250.2
chr4	139301778	+	NP_476516.1
chr4	139453573	+	XP_011530601.1
chr4	139666020	+	NP_001191297.1
chr4	140343639	+	NP_115936.2
chr4	140524591	+	XP_047305937.1
chr4	141222372	+	XP_016863522.1
chr4	141719465	+	NP_000576.1
chr4	143185451	+	NP_001277254.1
chr4	143337189	+	NP_997006.1
chr4	143513925	+	XP_047272279.1
chr4	144646676	+	NP_071920.1
chr4	145104413	+	NP_002931.2
chr4	145514614	+	XP_047271646.1
chr4	145639140	+	NP_001362573.1
chr4	145680204	+	XP_024309958.1
chr4	146182922	+	XP_016863162.1
chr4	146216953	+	NP_001341560.1
chr4	146639141	+	NP_004566.2
chr4	147485682	+	NP_001341726.1
chr4	147617957	+	XP_047271914.1
chr4	150079028	+	XP_047305657.1
chr4	150583030	+	NP_006430.1
chr4	151277173	+	NP_899231.4
chr4	151566260	+	XP_024309969.1
chr4	152829634	+	NP_001274361.1
chr4	152943058	+	XP_047272292.1
chr4	153204531	+	NP_001289621.1
chr4	153344738	+	XP_047272202.1
chr4	153466398	+	XP_024309724.1
chr4	153702908	+	XP_047272067.1
chr4	154563019	+	NP_001369693.1
chr4	154744327	+	XP_047272361.1
chr4	154796753	+	XP_011529999.1
chr4	155213940	+	NP_001362399.1
chr4	155667854	+	XP_047306103.1
chr4	155759141	+	NP_001278880.1
chr4	155903759	+	NP_005642.1
chr4	157078025	+	XP_047306031.1
chr4	157221043	+	NP_001077088.2
chr4	158212668	+	XP_047271864.1
chr4	158521977	+	XP_011530481.1
chr4	158672457	+	NP_004444.2
chr4	158769213	+	XP_047271974.1
chr4	159238876	+	NP_001338655.1
chr4	163349326	+	XP_016863745.1
chr4	163494802	+	NP_060822.2
chr4	164770444	+	NP_001339814.1
chr4	164877332	+	XP_016863112.1
chr4	165040073	+	NP_001244954.1
chr4	165059148	+	NP_001382999.1
chr4	165207822	+	XP_047305518.1
chr4	165333371	+	XP_005263233.1
chr4	165379222	+	NP_001864.1
chr4	165873905	+	NP_001191689.1
chr4	168092701	+	XP_011529873.1
chr4	168877892	+	XP_047305825.1
chr4	169635929	+	NP_776297.2
chr4	173168836	+	NP_001362528.1
chr4	173371183	+	NP_003855.1
chr4	174299122	+	XP_047272157.1
chr4	174975526	+	NP_001265054.1
chr4	176096520	+	NP_733828.2
chr4	176320077	+	NP_068747.1
chr4	177309954	+	XP_047271850.1
chr4	182628718	+	NP_001402889.1
chr4	183099492	+	XP_047272155.1
chr4	183444798	+	NP_060102.1
chr4	183505196	+	NP_001555.1
chr4	183663868	+	XP_047272025.1
chr4	183906791	+	NP_064610.1
chr4	184657141	+	XP_047305708.1
chr4	185018929	+	NP_001287710.1
chr4	185143373	+	NP_001142.2
chr4	185209827	+	NP_001364969.1
chr4	185396924	+	XP_016863665.1
chr4	185429412	+	XP_047271678.1
chr4	186076620	+	NP_003256.1
chr4	186105077	+	NP_001382223.1
chr4	186191824	+	NP_997235.3
chr4	186228196	+	XP_047271617.1
chr4	186267137	+	NP_001341733.1
chr4	188002808	+	XP_011529908.1
chr4	188139559	+	NP_848651.2
chr4	189952240	+	XP_016863447.1
chr4	124772	-	XP_047272425.1
chr4	305308	-	NP_001131080.1
chr4	472575	-	NP_597731.2
chr4	574905	-	NP_001349725.1
chr4	674212	-	NP_009031.1
chr4	690739	-	XP_047272246.1
chr4	758164	-	XP_047272430.1
chr4	824492	-	XP_011511693.1
chr4	932043	-	XP_047305990.1
chr4	973212	-	NP_001338.2
chr4	991128	-	NP_602297.1
chr4	1113356	-	NP_001353847.1
chr4	1171852	-	NP_001185950.2
chr4	1200643	-	XP_047272435.1
chr4	1248916	-	XP_024309667.1
chr4	1405980	-	NP_001277008.1
chr4	1668667	-	XP_047305623.1
chr4	1712130	-	NP_001293004.1
chr4	1720633	-	NP_001120738.1
chr4	1855869	-	XP_047271629.1
chr4	2009006	-	NP_005654.4
chr4	2229099	-	NP_861524.2
chr4	2240038	-	NP_078787.2
chr4	2261917	-	NP_006445.1
chr4	2418285	-	NP_001166130.1
chr4	2756014	-	XP_047272105.1
chr4	2933753	-	NP_001139541.1
chr4	2963125	-	NP_001278908.1
chr4	3482416	-	XP_047272438.1
chr4	3532209	-	NP_002328.1
chr4	4226462	-	NP_819056.1
chr4	4248106	-	NP_116316.1
chr4	4283621	-	XP_011511808.1
chr4	4541797	-	NP_001333211.1
chr4	5019293	-	NP_061129.1
chr4	5708286	-	XP_047305567.1
chr4	5892589	-	XP_047305586.1
chr4	6018145	-	XP_016864382.1
chr4	6112722	-	NP_001092903.1
chr4	6472160	-	XP_047271847.1
chr4	6709246	-	NP_982287.1
chr4	7041271	-	NP_699207.1
chr4	7067971	-	NP_079472.1
chr4	7433314	-	NP_001078851.1
chr4	7938592	-	NP_001358020.1
chr4	8158680	-	NP_001273617.1
chr4	8416378	-	NP_001362716.1
chr4	10025904	-	XP_047271934.1
chr4	10116651	-	NP_005103.2
chr4	10443104	-	XP_047272289.1
chr4	10667859	-	NP_443196.2
chr4	11399082	-	XP_011512215.1
chr4	13484076	-	NP_001017979.1
chr4	13543949	-	XP_047272006.1
chr4	13627345	-	XP_011512132.1
chr4	15656229	-	XP_016863508.1
chr4	15935928	-	NP_005121.1
chr4	15962458	-	NP_114156.1
chr4	16075687	-	XP_011512205.1
chr4	16226259	-	XP_011512119.1
chr4	16595703	-	XP_024310048.1
chr4	17511950	-	NP_001293069.1
chr4	17781159	-	NP_056503.1
chr4	17803491	-	NP_001332814.1
chr4	18021598	-	XP_016863454.1
chr4	20850543	-	NP_671711.1
chr4	22515528	-	XP_011512113.1
chr4	23903994	-	NP_001341755.1
chr4	24584323	-	NP_001349.2
chr4	24912817	-	XP_011512210.1
chr4	25030497	-	XP_016863845.1
chr4	25160256	-	XP_047271718.1
chr4	25863456	-	NP_001284523.1
chr4	26490156	-	NP_000721.1
chr4	30717341	-	XP_047272501.1
chr4	36228582	-	XP_047305531.1
chr4	37686200	-	XP_016864079.1
chr4	38055780	-	XP_047272464.1
chr4	38773155	-	XP_011512062.1
chr4	38796471	-	XP_016864060.1
chr4	38827083	-	XP_047305454.1
chr4	39032226	-	XP_016864118.1
chr4	39366239	-	XP_047272010.1
chr4	39458394	-	NP_000652.2
chr4	39527053	-	NP_001171630.1
chr4	39638473	-	NP_777581.1
chr4	39976440	-	XP_047305888.1
chr4	40437771	-	XP_016863799.1
chr4	41013583	-	NP_001159526.1
chr4	41748370	-	NP_003915.2
chr4	42151657	-	NP_997289.2
chr4	42656825	-	NP_001386956.1
chr4	44660449	-	NP_872398.3
chr4	44722084	-	NP_001257810.1
chr4	46123810	-	XP_016863479.1
chr4	46388636	-	NP_001364083.1
chr4	46734947	-	NP_570972.2
chr4	46993407	-	NP_000800.2
chr4	47463586	-	NP_001316597.1
chr4	47837887	-	NP_001265515.1
chr4	47913969	-	NP_001265552.1
chr4	47952583	-	XP_005248106.3
chr4	48134155	-	XP_011512050.1
chr4	48255122	-	XP_011512039.1
chr4	48680930	-	XP_005248150.1
chr4	48904484	-	NP_001273703.1
chr4	52017883	-	XP_047271602.1
chr4	52038227	-	XP_047272032.1
chr4	52659115	-	XP_047272044.1
chr4	52743829	-	NP_001229619.1
chr4	53365104	-	XP_011532680.1
chr4	53573623	-	NP_116011.2
chr4	54065304	-	XP_006714100.1
chr4	55125227	-	NP_002244.1
chr4	55482739	-	XP_011532712.1
chr4	55592104	-	XP_011532676.1
chr4	55636081	-	XP_011532669.1
chr4	56384070	-	NP_001273599.1
chr4	56435350	-	NP_002694.3
chr4	56681653	-	NP_631958.1
chr4	56821608	-	NP_001258651.1
chr4	56976442	-	NP_115689.1
chr4	57109877	-	NP_001544.1
chr4	64409118	-	XP_005265721.1
chr4	67545338	-	NP_001349410.1
chr4	67701049	-	NP_060697.4
chr4	67753814	-	NP_000397.1
chr4	67883926	-	XP_016864340.1
chr4	67963383	-	NP_001107859.1
chr4	68129810	-	XP_047271625.1
chr4	68245551	-	XP_011529910.1
chr4	68349726	-	NP_588611.2
chr4	68567761	-	NP_001068.1
chr4	68669895	-	NP_001067.2
chr4	68951046	-	XP_047272133.1
chr4	69214254	-	XP_016863149.1
chr4	69525687	-	NP_066962.2
chr4	69646930	-	NP_001288162.1
chr4	69755070	-	NP_055280.2
chr4	69857500	-	XP_047272057.1
chr4	69960945	-	NP_001372660.1
chr4	70666427	-	NP_653247.1
chr4	70839471	-	XP_011530199.1
chr4	71803926	-	NP_001191235.1
chr4	73069317	-	NP_001284662.1
chr4	73258276	-	XP_047305997.1
chr4	73620439	-	XP_016863326.1
chr4	73981863	-	NP_001350281.1
chr4	73987956	-	NP_002695.1
chr4	73998473	-	NP_002985.1
chr4	74038512	-	NP_002081.2
chr4	74099021	-	NP_002080.1
chr4	74794262	-	NP_001303892.1
chr4	75514241	-	NP_001374065.1
chr4	75625821	-	XP_016864300.1
chr4	75661931	-	NP_001386951.1
chr4	75896271	-	NP_006230.2
chr4	75940744	-	XP_006714243.1
chr4	75990752	-	XP_047271844.1
chr4	76007386	-	NP_002407.1
chr4	76023371	-	NP_001556.2
chr4	76035927	-	NP_001289052.1
chr4	76148308	-	XP_047271741.1
chr4	76213427	-	XP_047272385.1
chr4	76403138	-	XP_011530213.1
chr4	76895468	-	NP_001025041.1
chr4	77075472	-	NP_001335067.1
chr4	77819304	-	NP_001374764.1
chr4	78939040	-	XP_047305601.1
chr4	79325188	-	XP_016864268.1
chr4	79406539	-	NP_149991.2
chr4	80072409	-	NP_001273709.1
chr4	81204587	-	NP_001269412.1
chr4	81459332	-	NP_001287665.1
chr4	82373446	-	NP_001003810.1
chr4	82429248	-	NP_001193929.1
chr4	82562163	-	NP_001340384.1
chr4	82798306	-	NP_001032671.2
chr4	82891088	-	NP_001387153.1
chr4	82984824	-	XP_016863217.1
chr4	83107804	-	NP_057703.1
chr4	83284512	-	NP_056512.5
chr4	83334556	-	NP_001159970.1
chr4	83455508	-	NP_001284686.1
chr4	83484986	-	NP_001332891.1
chr4	84497559	-	NP_006159.2
chr4	84860412	-	XP_011530061.1
chr4	86194336	-	NP_001304998.1
chr4	86848739	-	NP_932069.1
chr4	86891456	-	NP_653246.2
chr4	87195324	-	XP_047271970.1
chr4	87322632	-	NP_001129702.1
chr4	87390861	-	NP_057329.3
chr4	87469592	-	NP_001392157.1
chr4	87499521	-	NP_001278905.1
chr4	88139793	-	NP_001335914.1
chr4	88159470	-	XP_047272514.1
chr4	88278144	-	XP_016863295.1
chr4	88523498	-	NP_001036081.1
chr4	88697206	-	NP_715638.1
chr4	88906379	-	XP_047305443.1
chr4	89247780	-	NP_938022.2
chr4	89551060	-	XP_047272508.1
chr4	89835547	-	NP_001362219.1
chr4	94334497	-	XP_005262989.1
chr4	95242429	-	XP_047272302.1
chr4	98658146	-	XP_047305431.1
chr4	98929095	-	NP_001317946.1
chr4	99088689	-	NP_000662.3
chr4	99144205	-	NP_001293101.1
chr4	99219135	-	NP_001095940.1
chr4	99290897	-	NP_000658.1
chr4	99321314	-	NP_001273579.1
chr4	99352658	-	NP_000660.1
chr4	99435216	-	NP_001159976.1
chr4	99559154	-	NP_001128138.1
chr4	99655519	-	NP_001341364.1
chr4	99893955	-	NP_068805.1
chr4	99946439	-	XP_047272140.1
chr4	99950168	-	NP_002097.1
chr4	100189893	-	NP_660287.1
chr4	100517851	-	NP_001153166.1
chr4	102344444	-	NP_001128619.1
chr4	102760718	-	XP_047271650.1
chr4	102868715	-	NP_001287724.1
chr4	102991643	-	NP_001094344.2
chr4	103067461	-	NP_001357130.1
chr4	103096183	-	XP_005263197.1
chr4	103198264	-	XP_047305490.1
chr4	103719128	-	NP_001050.1
chr4	104490744	-	NP_079488.2
chr4	105170947	-	XP_047272515.1
chr4	105473894	-	NP_789843.2
chr4	105699850	-	NP_001135943.1
chr4	106308768	-	XP_047272383.1
chr4	106367043	-	NP_001182067.1
chr4	107035370	-	NP_055236.1
chr4	107720120	-	XP_011530703.1
chr4	108167555	-	XP_006714296.1
chr4	108762843	-	NP_001317962.1
chr4	108964849	-	XP_011530660.1
chr4	109708455	-	XP_047272201.1
chr4	109729602	-	NP_110448.2
chr4	109801915	-	NP_001362211.1
chr4	110198247	-	XP_011530535.1
chr4	110632953	-	XP_024309858.1
chr4	112277862	-	NP_443096.1
chr4	112514657	-	NP_076924.1
chr4	112633156	-	XP_011530400.1
chr4	113547644	-	NP_001308507.1
chr4	113761004	-	NP_001308521.1
chr4	113978437	-	XP_047272113.1
chr4	114970430	-	XP_016864034.1
chr4	117084284	-	NP_689615.2
chr4	118352219	-	NP_003610.2
chr4	118833579	-	NP_055637.2
chr4	119304245	-	NP_001001701.2
chr4	119322036	-	NP_000125.2
chr4	119628520	-	NP_246273.2
chr4	120066662	-	NP_002349.1
chr4	120922516	-	XP_016863160.1
chr4	121045650	-	NP_078850.3
chr4	121227385	-	NP_079149.3
chr4	121380308	-	NP_937822.2
chr4	121696581	-	NP_001145.1
chr4	121764914	-	NP_001371262.1
chr4	121823416	-	NP_001228.2
chr4	121870278	-	XP_016863846.1
chr4	121951466	-	NP_003296.1
chr4	122456294	-	NP_000577.2
chr4	122620844	-	NP_068575.1
chr4	122922335	-	NP_932158.1
chr4	124710000	-	NP_001161354.1
chr4	127965072	-	XP_024309750.1
chr4	128287373	-	NP_006311.3
chr4	129093070	-	XP_016863208.1
chr4	134200051	-	XP_047305556.1
chr4	137529602	-	NP_001287757.1
chr4	138281739	-	NP_055146.1
chr4	139137630	-	XP_011530016.1
chr4	139280077	-	NP_116012.2
chr4	139295732	-	NP_001171919.1
chr4	139556098	-	NP_001293128.1
chr4	140412935	-	NP_004353.1
chr4	140498129	-	XP_011529967.1
chr4	140568604	-	XP_005263263.1
chr4	140755916	-	NP_055945.2
chr4	141053666	-	XP_047271954.1
chr4	143695491	-	NP_001161707.1
chr4	143905471	-	NP_941391.2
chr4	144019251	-	XP_011530206.1
chr4	144140599	-	XP_016863625.1
chr4	145097495	-	NP_001243637.1
chr4	145179815	-	XP_011530344.1
chr4	145938365	-	XP_011529947.1
chr4	146308818	-	XP_047272204.1
chr4	146521618	-	XP_016864179.1
chr4	146942584	-	XP_047272198.1
chr4	147683799	-	NP_001337073.1
chr4	149742655	-	NP_001365115.1
chr4	151760807	-	NP_001350270.1
chr4	152411303	-	XP_024309894.1
chr4	152679870	-	NP_689893.1
chr4	152769466	-	NP_663772.1
chr4	153759797	-	XP_005262997.1
chr4	153788334	-	NP_003004.1
chr4	154550300	-	NP_001188493.1
chr4	154590634	-	NP_000499.1
chr4	154612532	-	NP_000500.2
chr4	155375776	-	XP_011530557.1
chr4	155866187	-	XP_016863780.1
chr4	155953713	-	NP_001325.1
chr4	156810837	-	XP_047271926.1
chr4	158170466	-	XP_024309847.1
chr4	158671616	-	NP_001008394.1
chr4	158723204	-	NP_005029.1
chr4	159067083	-	XP_047305632.1
chr4	163166363	-	NP_001122403.1
chr4	163325856	-	XP_005263088.1
chr4	163471854	-	NP_115512.3
chr4	163613314	-	NP_060393.1
chr4	164969478	-	NP_001012414.1
chr4	165112747	-	XP_011530020.1
chr4	165277984	-	NP_001382882.1
chr4	166912620	-	NP_001191282.1
chr4	168311256	-	XP_024309900.1
chr4	168472696	-	XP_011530711.1
chr4	169009948	-	XP_016864271.1
chr4	169268820	-	NP_065921.2
chr4	169602514	-	XP_047271695.1
chr4	169757830	-	NP_060337.2
chr4	170026234	-	NP_001288576.1
chr4	170090418	-	XP_011530322.1
chr4	173333500	-	NP_002120.1
chr4	173391173	-	XP_047305519.1
chr4	173528735	-	NP_068808.1
chr4	174262764	-	NP_036312.2
chr4	174522359	-	NP_001243236.1
chr4	174828741	-	XP_011530570.1
chr4	175812191	-	NP_001375019.1
chr4	176195345	-	XP_047305564.1
chr4	176268913	-	NP_001397792.1
chr4	176792165	-	NP_005420.1
chr4	177442249	-	NP_001165459.1
chr4	182917288	-	NP_001338674.1
chr4	183319556	-	NP_001104789.1
chr4	183321764	-	NP_001172078.1
chr4	183658929	-	NP_001294851.1
chr4	184217579	-	NP_699174.1
chr4	184314305	-	XP_047272517.1
chr4	184428978	-	NP_002190.2
chr4	184644531	-	NP_001341708.1
chr4	184734016	-	XP_047272118.1
chr4	184805440	-	NP_001368817.1
chr4	185190143	-	XP_047271972.1
chr4	185378081	-	NP_001372535.1
chr4	185425866	-	NP_060829.2
chr4	185471674	-	NP_001138883.1
chr4	185535342	-	NP_001244892.1
chr4	185690562	-	NP_001139146.1
chr4	186555182	-	XP_011530304.1
chr4	186706563	-	XP_006714202.1
chr4	188105180	-	XP_011530041.1
chr5	92232	+	NP_443141.4
chr5	191539	+	NP_001073947.1
chr5	218356	+	NP_004159.2
chr5	271721	+	NP_037364.1
chr5	343903	+	NP_001364165.1
chr5	446206	+	XP_047272639.1
chr5	612362	+	XP_047273319.1
chr5	892999	+	NP_001159732.1
chr5	1009058	+	XP_011512452.1
chr5	1201651	+	NP_001003841.1
chr5	1225478	+	NP_872438.2
chr5	1801418	+	NP_004544.1
chr5	1857528	+	XP_047273957.1
chr5	1929731	+	XP_047273958.1
chr5	3596106	+	NP_077313.3
chr5	5140468	+	XP_047272831.1
chr5	5422916	+	XP_047273003.1
chr5	6633551	+	NP_001311251.1
chr5	6713984	+	NP_008930.2
chr5	7870795	+	XP_047273194.1
chr5	10250004	+	NP_001293082.1
chr5	10353899	+	XP_016864433.1
chr5	10442168	+	NP_114122.2
chr5	10564468	+	NP_001157912.1
chr5	14311451	+	XP_016865292.1
chr5	14581895	+	NP_061891.1
chr5	14664826	+	XP_011512453.1
chr5	15927904	+	NP_001265246.1
chr5	17275217	+	NP_001258535.1
chr5	17498231	+	NP_001388625.1
chr5	17518367	+	NP_001388629.1
chr5	17521801	+	NP_001388626.1
chr5	17525235	+	NP_001388628.1
chr5	17528669	+	NP_001388627.1
chr5	17604781	+	NP_001388619.1
chr5	17610990	+	NP_001388615.1
chr5	17632088	+	NP_001388624.1
chr5	17634460	+	NP_001388616.1
chr5	31267474	+	NP_001349364.1
chr5	31532393	+	XP_016865096.1
chr5	31923367	+	XP_047273924.1
chr5	31983592	+	XP_006714523.1
chr5	32588513	+	XP_047272617.1
chr5	32690885	+	NP_001351387.1
chr5	33441087	+	NP_001245366.1
chr5	33936741	+	NP_057652.1
chr5	34686920	+	NP_056392.2
chr5	34839635	+	XP_047272781.1
chr5	34915739	+	NP_060791.3
chr5	34929559	+	XP_011512268.2
chr5	35617998	+	NP_653323.1
chr5	35856978	+	XP_047273105.1
chr5	36152263	+	NP_005974.2
chr5	36608424	+	NP_001160168.1
chr5	36953697	+	XP_011512317.1
chr5	38403882	+	NP_877950.1
chr5	38869045	+	NP_001310433.1
chr5	40680994	+	XP_047273372.1
chr5	40841383	+	NP_115976.2
chr5	40909611	+	NP_000578.2
chr5	41904368	+	XP_047273070.1
chr5	41925310	+	NP_277019.1
chr5	42565875	+	NP_000154.1
chr5	42757226	+	XP_047272540.1
chr5	42924039	+	XP_047273925.1
chr5	43122054	+	NP_001375248.1
chr5	43245776	+	NP_699192.1
chr5	43609196	+	NP_036475.3
chr5	44808963	+	NP_057724.2
chr5	50666886	+	XP_011541935.3
chr5	51383672	+	NP_002193.2
chr5	52788354	+	NP_852478.1
chr5	52989469	+	NP_002194.2
chr5	53480792	+	XP_005248459.1
chr5	53560663	+	NP_002486.1
chr5	54455790	+	NP_006299.1
chr5	54517953	+	NP_443102.2
chr5	55024323	+	NP_002095.1
chr5	55102683	+	NP_006135.2
chr5	55160193	+	XP_006714694.1
chr5	55308014	+	NP_056175.3
chr5	55738964	+	XP_024301887.1
chr5	55851571	+	NP_001284499.1
chr5	56815574	+	XP_047273174.1
chr5	56909646	+	NP_001309948.1
chr5	57214131	+	NP_001317966.1
chr5	58494537	+	NP_001291358.1
chr5	61472908	+	XP_047273409.1
chr5	62306473	+	NP_001091981.1
chr5	62437280	+	NP_057422.3
chr5	64200808	+	NP_848627.1
chr5	64506625	+	XP_005248559.1
chr5	64690624	+	NP_001157914.1
chr5	64769147	+	NP_001284574.1
chr5	65563311	+	NP_056157.1
chr5	65625061	+	NP_001087224.1
chr5	65722374	+	XP_047273401.1
chr5	65992719	+	XP_047273342.1
chr5	66144377	+	XP_047272697.1
chr5	67004994	+	NP_001284580.1
chr5	68226676	+	XP_005248599.1
chr5	69094256	+	NP_076960.1
chr5	69167263	+	NP_114172.1
chr5	69189635	+	NP_075060.1
chr5	69217830	+	NP_150597.1
chr5	69234976	+	NP_001790.1
chr5	69372209	+	XP_016865170.1
chr5	69419386	+	XP_005248502.1
chr5	69504245	+	XP_047272549.1
chr5	69565133	+	XP_011541917.1
chr5	69902124	+	XP_047273931.1
chr5	70042418	+	XP_047273962.1
chr5	70049686	+	XP_011541901.1
chr5	70510539	+	XP_047273927.1
chr5	70900870	+	NP_075257.1
chr5	70917835	+	XP_047273963.1
chr5	70925104	+	XP_011541898.1
chr5	71455878	+	XP_047273331.1
chr5	71587426	+	XP_011541831.1
chr5	71719294	+	NP_004282.1
chr5	72107532	+	NP_005900.2
chr5	72320383	+	NP_079030.3
chr5	72816738	+	NP_002261.3
chr5	72956097	+	XP_016864508.1
chr5	73123374	+	NP_775761.4
chr5	73173244	+	NP_694949.1
chr5	73498668	+	NP_001032726.1
chr5	73567345	+	NP_001271359.1
chr5	73813589	+	NP_001231293.1
chr5	74685261	+	NP_000512.2
chr5	74767361	+	NP_001351435.1
chr5	75336581	+	XP_011541659.1
chr5	75547023	+	XP_054184394.1
chr5	75611635	+	XP_016865303.1
chr5	76131751	+	XP_047272917.1
chr5	76543415	+	XP_024310104.1
chr5	76716308	+	NP_001983.2
chr5	76819183	+	NP_005233.4
chr5	76875360	+	XP_011541543.1
chr5	76953135	+	NP_001873.2
chr5	77030767	+	NP_060516.2
chr5	77312027	+	NP_001401551.1
chr5	78360672	+	NP_004857.4
chr5	79069783	+	NP_060084.2
chr5	79111886	+	NP_001704.2
chr5	79236651	+	NP_689618.4
chr5	79619649	+	XP_047272818.1
chr5	79689908	+	XP_047272867.1
chr5	80035538	+	XP_016865288.1
chr5	80320216	+	NP_115956.3
chr5	80434148	+	NP_001271166.2
chr5	80488124	+	NP_991111.2
chr5	80960739	+	XP_016865172.1
chr5	81251133	+	NP_001093206.1
chr5	81304758	+	NP_115656.1
chr5	82058513	+	XP_011541962.1
chr5	83104920	+	XP_047273654.1
chr5	83483519	+	NP_004376.2
chr5	86618056	+	NP_001858.1
chr5	87268452	+	NP_002881.1
chr5	90485568	+	XP_047272592.1
chr5	90558896	+	XP_047273781.1
chr5	93585024	+	NP_005645.1
chr5	94628811	+	XP_024302007.1
chr5	95391390	+	XP_047272778.1
chr5	95555279	+	NP_937793.1
chr5	95620276	+	NP_954713.1
chr5	95652272	+	XP_016864902.1
chr5	95731683	+	NP_055714.3
chr5	96662423	+	NP_001741.4
chr5	96879686	+	NP_001316162.1
chr5	96936156	+	NP_005566.2
chr5	98769617	+	XP_047273080.1
chr5	100535531	+	XP_006714663.1
chr5	102866196	+	XP_047273202.1
chr5	103129590	+	XP_011541592.1
chr5	103275920	+	NP_001364212.1
chr5	108798183	+	NP_001294967.1
chr5	109690418	+	XP_011541697.1
chr5	110738238	+	NP_001290179.1
chr5	111071743	+	XP_047273802.1
chr5	111092457	+	XP_047272685.1
chr5	111449170	+	NP_001310306.1
chr5	112707718	+	NP_001394375.1
chr5	112861377	+	NP_001191122.1
chr5	112976934	+	XP_047272823.1
chr5	113513896	+	XP_011541888.1
chr5	114361129	+	NP_001359162.1
chr5	115842038	+	NP_001305022.1
chr5	115962618	+	NP_776161.3
chr5	116051466	+	NP_001380903.1
chr5	117455109	+	XP_047273942.1
chr5	119071570	+	XP_016864636.1
chr5	119268907	+	NP_001071122.1
chr5	119452576	+	NP_000405.1
chr5	119629769	+	NP_001354885.1
chr5	120617181	+	XP_011541754.1
chr5	121851964	+	NP_803431.1
chr5	121962033	+	NP_689759.2
chr5	122151991	+	NP_997200.1
chr5	122179556	+	NP_001182464.2
chr5	122391135	+	XP_047273885.1
chr5	122775104	+	NP_003091.2
chr5	122845634	+	XP_011541654.1
chr5	123090015	+	XP_047273834.1
chr5	123545664	+	XP_016864549.1
chr5	126360332	+	XP_047273564.1
chr5	126600963	+	NP_115553.2
chr5	126631735	+	NP_997291.1
chr5	126777509	+	NP_005564.1
chr5	127331309	+	NP_001295048.1
chr5	127523480	+	NP_570721.1
chr5	127657522	+	NP_001041717.1
chr5	127703392	+	XP_016865302.2
chr5	128083955	+	XP_047273548.1
chr5	128966138	+	NP_001017372.1
chr5	129094767	+	NP_057132.2
chr5	129566508	+	XP_011541551.1
chr5	129748191	+	NP_001244237.1
chr5	129904830	+	XP_005272040.1
chr5	130184229	+	XP_016864923.1
chr5	131171021	+	NP_859056.2
chr5	131359494	+	XP_047273352.1
chr5	132060707	+	NP_000579.2
chr5	132073824	+	NP_000749.2
chr5	132257735	+	XP_047273804.1
chr5	132294617	+	XP_047273550.1
chr5	132369973	+	XP_047273553.1
chr5	132557325	+	NP_005723.2
chr5	132658187	+	NP_002179.2
chr5	132674051	+	NP_001341919.1
chr5	132747496	+	XP_047273477.1
chr5	132813622	+	NP_787069.4
chr5	132866882	+	NP_055217.2
chr5	132873695	+	NP_443203.1
chr5	133052251	+	NP_002145.3
chr5	134114111	+	XP_047273591.1
chr5	134371596	+	NP_003328.1
chr5	134524120	+	XP_011541593.2
chr5	134648417	+	XP_016864450.1
chr5	134738621	+	NP_001736.1
chr5	134758939	+	XP_011542060.1
chr5	134854901	+	XP_016864539.1
chr5	134874428	+	NP_078991.3
chr5	134905140	+	NP_115527.3
chr5	134967992	+	NP_821138.1
chr5	135834848	+	XP_047272760.1
chr5	136029056	+	NP_000349.1
chr5	136153761	+	XP_024301815.1
chr5	137870652	+	NP_006781.1
chr5	137889492	+	NP_001287850.1
chr5	138084090	+	NP_490645.1
chr5	138179681	+	NP_005724.1
chr5	138341217	+	NP_001337124.1
chr5	138352796	+	NP_057688.3
chr5	138439209	+	NP_001258732.1
chr5	138465762	+	NP_001955.1
chr5	138781925	+	NP_001310911.1
chr5	139276139	+	NP_001387390.1
chr5	139363785	+	XP_016865011.1
chr5	139561792	+	NP_003330.1
chr5	139680524	+	NP_001304130.1
chr5	139809441	+	XP_047273785.1
chr5	140114182	+	NP_005850.1
chr5	140128477	+	NP_001007190.1
chr5	140194466	+	NP_115788.1
chr5	140360237	+	XP_011535996.2
chr5	140401968	+	NP_078944.2
chr5	140564844	+	NP_001380963.1
chr5	140567170	+	NP_542401.1
chr5	140639528	+	NP_001287909.1
chr5	140647909	+	NP_006074.2
chr5	140664913	+	NP_060176.3
chr5	140691649	+	NP_001350464.1
chr5	140700461	+	NP_653324.1
chr5	141330685	+	NP_114382.1
chr5	141638226	+	XP_011535926.1
chr5	141923942	+	XP_011536018.1
chr5	141973589	+	XP_047273864.1
chr5	142108975	+	NP_085048.1
chr5	142770762	+	XP_047272949.1
chr5	143812268	+	NP_067005.1
chr5	144206715	+	XP_047273405.1
chr5	145937929	+	XP_006714820.1
chr5	146203766	+	NP_061862.1
chr5	146447350	+	XP_047272616.1
chr5	147239635	+	NP_659438.1
chr5	147878804	+	NP_473364.1
chr5	148064045	+	NP_001121171.1
chr5	148169733	+	NP_001001325.1
chr5	148203097	+	NP_001182219.1
chr5	148238598	+	NP_001350440.1
chr5	148270073	+	NP_001035218.1
chr5	148312484	+	NP_115955.1
chr5	148323751	+	XP_016865198.1
chr5	148394777	+	XP_047273741.1
chr5	148826832	+	NP_000015.2
chr5	149142096	+	XP_024301774.1
chr5	149271969	+	NP_001309992.1
chr5	149345540	+	NP_689620.2
chr5	149358069	+	NP_076933.3
chr5	149552102	+	XP_011535944.1
chr5	149730343	+	XP_011535859.1
chr5	149977653	+	NP_000103.2
chr5	150004853	+	XP_047272919.1
chr5	150166877	+	NP_001795.2
chr5	150190085	+	XP_047273544.1
chr5	150357747	+	NP_001008657.1
chr5	150521255	+	NP_001287992.1
chr5	150618368	+	NP_001159680.1
chr5	150662942	+	NP_588612.2
chr5	150795441	+	NP_116565.3
chr5	150848124	+	NP_001139277.1
chr5	151020655	+	NP_001316719.1
chr5	151253217	+	NP_000396.2
chr5	151452204	+	XP_047272884.1
chr5	151786621	+	NP_005745.1
chr5	153646993	+	NP_001244949.1
chr5	154049723	+	NP_001229265.1
chr5	154446605	+	XP_047273665.1
chr5	154712926	+	NP_056130.2
chr5	154863279	+	XP_047273849.1
chr5	154941111	+	NP_054899.2
chr5	155013860	+	NP_001092763.1
chr5	156850563	+	NP_996740.2
chr5	157180978	+	NP_005537.3
chr5	157285362	+	XP_011532818.1
chr5	157460321	+	NP_001092757.2
chr5	157671615	+	XP_011532718.1
chr5	157731441	+	NP_060342.2
chr5	157743751	+	NP_775762.1
chr5	159268916	+	NP_659486.2
chr5	159916906	+	XP_011532740.1
chr5	160010529	+	NP_003305.1
chr5	160199107	+	NP_001124430.1
chr5	160422313	+	NP_004210.1
chr5	161685990	+	NP_000802.2
chr5	161850811	+	NP_000797.2
chr5	162067622	+	NP_001362276.1
chr5	163439257	+	NP_001350947.1
chr5	163460693	+	NP_001136028.1
chr5	163503395	+	NP_877725.1
chr5	168292153	+	XP_011532787.1
chr5	168486499	+	NP_002878.2
chr5	168529505	+	NP_001342203.1
chr5	169588417	+	NP_001316568.1
chr5	170105958	+	NP_036320.2
chr5	170234136	+	XP_047272667.1
chr5	170353877	+	XP_016864897.1
chr5	170718781	+	NP_001265269.1
chr5	170788616	+	XP_024301780.1
chr5	170862034	+	XP_016865235.1
chr5	171158474	+	XP_016865236.1
chr5	171309366	+	NP_066305.2
chr5	171387949	+	NP_001032827.1
chr5	171420200	+	NP_003853.1
chr5	171773956	+	XP_011532926.1
chr5	172194173	+	NP_001164654.1
chr5	172641407	+	NP_001136123.1
chr5	172834414	+	XP_047273364.1
chr5	172959874	+	XP_011532867.1
chr5	172983861	+	NP_003936.1
chr5	173080776	+	NP_001161866.1
chr5	173144546	+	XP_047273580.1
chr5	173889734	+	NP_085130.2
chr5	173989264	+	XP_016864517.1
chr5	174046756	+	NP_057064.1
chr5	174724660	+	NP_001350555.1
chr5	175492104	+	NP_001309912.1
chr5	175683234	+	XP_006714928.1
chr5	175878740	+	XP_047272606.1
chr5	176040445	+	XP_047273955.1
chr5	176238509	+	NP_001295124.1
chr5	176365564	+	NP_001304877.1
chr5	176448408	+	NP_055428.1
chr5	176565353	+	NP_001165447.1
chr5	176642788	+	NP_001362291.1
chr5	176647616	+	NP_036303.1
chr5	176810751	+	XP_011532989.1
chr5	177022739	+	XP_016864787.1
chr5	177089603	+	NP_998812.1
chr5	177135104	+	NP_001396230.1
chr5	177303986	+	NP_037369.1
chr5	177358025	+	XP_047272594.1
chr5	177385742	+	NP_001161051.1
chr5	177426572	+	XP_047273082.1
chr5	177455068	+	NP_001362522.1
chr5	177592215	+	NP_059980.2
chr5	177600211	+	NP_009186.1
chr5	178119584	+	XP_011532775.1
chr5	178135213	+	NP_001275724.1
chr5	178204838	+	XP_047273094.1
chr5	178861048	+	NP_478137.1
chr5	178931314	+	NP_085116.2
chr5	178942792	+	NP_001310236.1
chr5	179025005	+	XP_047273100.1
chr5	179062069	+	XP_016864898.1
chr5	179550570	+	XP_047273736.1
chr5	179705682	+	XP_011532967.1
chr5	180529277	+	XP_047273398.1
chr5	180899311	+	NP_079126.1
chr5	180989029	+	NP_932079.1
chr5	181045490	+	XP_011532746.1
chr5	181154943	+	NP_996763.1
chr5	181224000	+	NP_291027.3
chr5	181367287	+	NP_001005224.1
chr5	216729	-	NP_660308.1
chr5	524112	-	NP_001271280.1
chr5	679312	-	XP_024310114.1
chr5	766698	-	NP_001338232.1
chr5	850381	-	XP_047273718.1
chr5	892606	-	XP_047273561.1
chr5	1155674	-	XP_047272596.1
chr5	1179374	-	XP_047273916.1
chr5	1294771	-	NP_001180305.1
chr5	1344680	-	XP_024301990.1
chr5	1442912	-	NP_001035.1
chr5	1523710	-	XP_005248430.1
chr5	1801334	-	XP_016865240.1
chr5	1882603	-	NP_001265563.1
chr5	2751165	-	XP_024310147.1
chr5	6632884	-	NP_001180384.1
chr5	7850875	-	XP_011512265.1
chr5	7866646	-	XP_006714561.1
chr5	9224674	-	XP_047273823.1
chr5	9629133	-	NP_001373277.1
chr5	10249858	-	NP_001245317.1
chr5	10290548	-	NP_620164.1
chr5	10761014	-	NP_001278892.1
chr5	13859452	-	XP_016864677.1
chr5	14871352	-	XP_016865133.1
chr5	16179039	-	NP_001096032.1
chr5	16465041	-	NP_219482.1
chr5	16616652	-	NP_061873.2
chr5	16713330	-	XP_005248364.1
chr5	17491325	-	NP_001358848.1
chr5	17585162	-	NP_001388608.1
chr5	17590364	-	NP_001388610.1
chr5	17593798	-	NP_001388622.1
chr5	17597232	-	NP_001388614.1
chr5	17655128	-	NP_001342187.1
chr5	19612434	-	NP_001336491.1
chr5	21842161	-	NP_001351038.1
chr5	24593260	-	NP_001304151.1
chr5	26988106	-	NP_057363.3
chr5	28927505	-	XP_047273961.1
chr5	31529040	-	NP_037367.3
chr5	32173810	-	NP_071413.1
chr5	32312758	-	NP_001281273.1
chr5	32444622	-	NP_057191.2
chr5	33643389	-	XP_016865398.1
chr5	33891730	-	NP_001311440.1
chr5	33984199	-	XP_047273215.1
chr5	34007773	-	NP_001161067.1
chr5	34043042	-	NP_852100.3
chr5	34914695	-	NP_002844.1
chr5	35047805	-	XP_047273490.1
chr5	35230268	-	NP_001191247.1
chr5	35938554	-	NP_653248.3
chr5	36000968	-	XP_047272665.1
chr5	36066696	-	NP_001161788.1
chr5	36143176	-	XP_047273833.1
chr5	36241499	-	NP_694558.1
chr5	36301326	-	XP_006714518.1
chr5	37247618	-	XP_047273531.1
chr5	37370821	-	NP_004289.1
chr5	37835634	-	NP_001265027.1
chr5	38594829	-	XP_016864952.1
chr5	39074329	-	NP_001272369.1
chr5	39270569	-	XP_006714527.1
chr5	39364388	-	NP_001728.1
chr5	39394230	-	NP_001231800.1
chr5	40746798	-	NP_036514.1
chr5	40798063	-	NP_001341965.1
chr5	40835183	-	NP_000988.1
chr5	41070825	-	XP_011512255.1
chr5	41261194	-	NP_001108603.2
chr5	41510424	-	XP_016864927.1
chr5	41870281	-	NP_001351232.1
chr5	42810691	-	NP_005401.3
chr5	43039465	-	NP_001369281.1
chr5	43298518	-	NP_001311152.1
chr5	43412253	-	NP_001288804.1
chr5	43453658	-	NP_001364325.1
chr5	43509145	-	XP_016864935.1
chr5	43556819	-	NP_899152.1
chr5	44388358	-	XP_005248321.1
chr5	50441040	-	XP_011541448.1
chr5	53109712	-	NP_004522.1
chr5	54310432	-	XP_047273295.1
chr5	54985217	-	NP_001129076.1
chr5	55172938	-	NP_001139206.2
chr5	55227019	-	NP_001177716.1
chr5	55233143	-	NP_066970.3
chr5	55307387	-	NP_001332894.1
chr5	55534572	-	XP_006714787.1
chr5	55697846	-	NP_001269358.1
chr5	55976215	-	NP_001351208.1
chr5	56232856	-	XP_047273666.1
chr5	56952094	-	XP_047272796.1
chr5	57481577	-	NP_001017992.1
chr5	58459798	-	NP_006613.2
chr5	59038859	-	NP_001184152.1
chr5	60700046	-	XP_011541811.1
chr5	60787334	-	NP_001284547.1
chr5	60843422	-	XP_016865377.1
chr5	60944932	-	NP_001277214.1
chr5	61159947	-	NP_001041714.1
chr5	62403694	-	NP_001335006.1
chr5	63960451	-	NP_000515.2
chr5	64768505	-	NP_776190.1
chr5	65329378	-	XP_011541427.1
chr5	65487732	-	XP_047273926.1
chr5	65561497	-	XP_016865185.1
chr5	65624194	-	NP_150230.1
chr5	65720708	-	XP_047273290.1
chr5	67196552	-	XP_005248561.1
chr5	69320465	-	XP_011541560.1
chr5	69653745	-	XP_047273932.1
chr5	70215436	-	XP_047273933.1
chr5	70529862	-	XP_047273930.1
chr5	71024318	-	NP_004527.2
chr5	71062708	-	NP_001351501.1
chr5	71215800	-	XP_047273929.1
chr5	71233821	-	XP_047273928.1
chr5	72320149	-	NP_001273680.1
chr5	72460165	-	NP_689838.1
chr5	73119728	-	XP_047273934.1
chr5	73446965	-	NP_004463.1
chr5	73562593	-	XP_016865167.1
chr5	74634716	-	NP_001243505.1
chr5	74765035	-	NP_733792.1
chr5	74866820	-	NP_001362983.1
chr5	75028676	-	XP_047273236.1
chr5	75236583	-	XP_016864810.1
chr5	75511759	-	XP_011541392.1
chr5	75712854	-	XP_011541462.1
chr5	76623167	-	NP_001243495.1
chr5	77077174	-	NP_001316493.1
chr5	77620479	-	XP_016865095.1
chr5	77638513	-	NP_115485.1
chr5	77776205	-	NP_001284669.1
chr5	78509784	-	XP_006714578.1
chr5	78984937	-	NP_942002.1
chr5	79069520	-	NP_037523.2
chr5	79512770	-	XP_047273850.1
chr5	79991158	-	NP_001161213.1
chr5	80255896	-	NP_001167542.1
chr5	80558475	-	XP_047273098.1
chr5	80654404	-	NP_001277283.1
chr5	81393988	-	XP_016864537.1
chr5	81615473	-	XP_047273022.1
chr5	82278320	-	NP_001016.1
chr5	83077321	-	NP_777569.1
chr5	83673424	-	XP_016864542.1
chr5	87412678	-	NP_001351004.1
chr5	88268721	-	XP_024310141.1
chr5	88823735	-	NP_001351286.1
chr5	90409645	-	NP_001284697.1
chr5	90473839	-	NP_981951.2
chr5	90525035	-	NP_938014.1
chr5	91382813	-	NP_001316601.1
chr5	93740577	-	NP_694948.1
chr5	94053126	-	XP_016865451.1
chr5	94536996	-	XP_047273067.1
chr5	95547061	-	NP_055454.1
chr5	95687156	-	XP_016865440.1
chr5	95822456	-	NP_001112362.1
chr5	95961575	-	XP_016864729.1
chr5	96432863	-	NP_001171346.1
chr5	96803403	-	XP_047273266.1
chr5	96935371	-	XP_047273940.1
chr5	97142495	-	NP_694966.3
chr5	97183126	-	XP_016865117.1
chr5	98926334	-	NP_001363123.1
chr5	100902843	-	XP_011541932.1
chr5	102295908	-	XP_047273102.1
chr5	102498487	-	XP_011541452.1
chr5	103108569	-	NP_001304883.1
chr5	103560097	-	XP_005272152.1
chr5	107493903	-	XP_011541552.1
chr5	108380699	-	XP_011541878.1
chr5	109383403	-	NP_055634.3
chr5	110667228	-	XP_011541861.1
chr5	111507329	-	XP_016864532.1
chr5	111755770	-	NP_001135950.1
chr5	112418941	-	XP_047273433.1
chr5	112922073	-	NP_005660.4
chr5	113433736	-	NP_114417.1
chr5	115179975	-	NP_001287681.1
chr5	115262712	-	XP_011541792.1
chr5	115296427	-	NP_001362826.1
chr5	115542950	-	NP_064562.1
chr5	115625601	-	NP_067681.1
chr5	115816228	-	NP_001310496.1
chr5	115841390	-	NP_004698.3
chr5	116504845	-	XP_047273408.1
chr5	117019542	-	XP_047273956.1
chr5	118988294	-	NP_001295010.1
chr5	122077355	-	NP_001304002.1
chr5	123036509	-	NP_000934.1
chr5	123422950	-	XP_016864574.1
chr5	124748533	-	XP_047273404.1
chr5	126595007	-	NP_001189333.2
chr5	126917984	-	NP_848545.1
chr5	127058882	-	NP_001157951.1
chr5	127230380	-	XP_041536422.1
chr5	127290809	-	XP_047273943.1
chr5	131165095	-	NP_005331.1
chr5	131634962	-	NP_001157861.1
chr5	131796830	-	NP_001333043.1
chr5	131945400	-	NP_001290551.1
chr5	132011914	-	NP_001392408.1
chr5	132218545	-	NP_001352610.1
chr5	132489392	-	XP_047273110.1
chr5	132556674	-	XP_011541675.1
chr5	132737414	-	XP_016864485.1
chr5	132777108	-	XP_005271988.1
chr5	132825163	-	NP_001397708.1
chr5	132864137	-	XP_011541613.1
chr5	132937067	-	XP_005272021.1
chr5	133026497	-	NP_001295058.1
chr5	133316459	-	XP_016864740.1
chr5	133968446	-	NP_064584.1
chr5	133992946	-	NP_001387958.1
chr5	134081909	-	XP_047273944.1
chr5	134173926	-	NP_733779.1
chr5	134225760	-	NP_001341948.1
chr5	134371398	-	XP_024301859.1
chr5	134411616	-	NP_542387.1
chr5	134623962	-	XP_047273214.1
chr5	135034502	-	XP_047273275.1
chr5	135388922	-	XP_011542032.1
chr5	135446374	-	NP_570900.1
chr5	135449454	-	NP_001092691.1
chr5	135534977	-	NP_006152.2
chr5	135578715	-	NP_004878.3
chr5	135895703	-	NP_000581.1
chr5	135954788	-	NP_002293.2
chr5	136192213	-	NP_001337923.1
chr5	136365253	-	NP_001161048.1
chr5	137735633	-	NP_001244124.1
chr5	137753149	-	NP_006796.1
chr5	138018955	-	NP_001372927.1
chr5	138139371	-	NP_003542.1
chr5	138178596	-	NP_631938.2
chr5	138213152	-	NP_004652.2
chr5	138274334	-	NP_001487.2
chr5	138337956	-	XP_011542065.1
chr5	138542833	-	NP_001278904.1
chr5	138575238	-	NP_004125.3
chr5	138874908	-	NP_056379.1
chr5	139127944	-	NP_071909.1
chr5	139385424	-	XP_047273914.1
chr5	139389680	-	XP_047273220.1
chr5	139392034	-	NP_001155018.1
chr5	139403944	-	XP_011541555.1
chr5	140042370	-	XP_005268590.1
chr5	140108059	-	XP_047273945.1
chr5	140303041	-	NP_002613.2
chr5	140346283	-	NP_001936.1
chr5	140557428	-	NP_001240693.1
chr5	140564197	-	NP_573420.2
chr5	140594499	-	XP_024302050.1
chr5	140633069	-	NP_001167576.1
chr5	140647483	-	NP_002479.1
chr5	140673519	-	NP_919225.1
chr5	140691302	-	NP_001276022.1
chr5	141302960	-	NP_114153.1
chr5	141318995	-	NP_005633.2
chr5	141618798	-	XP_047272840.1
chr5	141636736	-	NP_001341970.1
chr5	141651348	-	XP_047273816.1
chr5	141679963	-	XP_047273470.1
chr5	141878223	-	XP_016865006.1
chr5	141954972	-	NP_057664.1
chr5	142012669	-	NP_005462.1
chr5	142319744	-	NP_001120968.1
chr5	142613959	-	NP_001244134.1
chr5	143399656	-	NP_001018661.1
chr5	143405334	-	XP_054184396.1
chr5	144169846	-	NP_001258661.1
chr5	145835177	-	XP_047272785.1
chr5	145931498	-	NP_001073985.1
chr5	146104193	-	XP_011535873.1
chr5	146182488	-	XP_011535958.1
chr5	146514854	-	NP_919227.2
chr5	147509478	-	XP_011535876.1
chr5	147782456	-	XP_047273907.1
chr5	147831523	-	NP_003113.2
chr5	147906432	-	XP_005268503.3
chr5	148636989	-	NP_001035259.1
chr5	149062971	-	NP_078853.2
chr5	149380022	-	NP_001304916.1
chr5	149550842	-	NP_001258671.1
chr5	149641428	-	XP_047273947.1
chr5	149944200	-	XP_011535956.1
chr5	149994783	-	NP_112215.1
chr5	150086379	-	NP_001362250.1
chr5	150137008	-	NP_001341946.1
chr5	150289564	-	NP_001350919.1
chr5	150302063	-	NP_001012301.1
chr5	150412625	-	NP_001351012.1
chr5	150447585	-	NP_005608.1
chr5	150700932	-	NP_060517.1
chr5	150758859	-	XP_047273219.1
chr5	150778480	-	XP_047273951.1
chr5	150903329	-	NP_001166303.1
chr5	151064960	-	XP_047272580.1
chr5	151147884	-	NP_001180473.1
chr5	151223923	-	NP_056436.2
chr5	151303227	-	XP_011535935.1
chr5	151347297	-	NP_861441.2
chr5	151565673	-	XP_016864714.1
chr5	151676132	-	NP_001296373.1
chr5	151758546	-	NP_004036.1
chr5	151924494	-	NP_001278929.1
chr5	152404388	-	NP_064552.3
chr5	154034848	-	NP_061161.2
chr5	154477466	-	XP_005268588.1
chr5	154838131	-	XP_047272608.1
chr5	154937968	-	NP_001239085.1
chr5	156963141	-	XP_016865510.1
chr5	157057898	-	XP_011532817.1
chr5	157108926	-	NP_116171.3
chr5	157138730	-	NP_004261.1
chr5	157165563	-	NP_570969.2
chr5	157342862	-	NP_001001343.2
chr5	157575603	-	XP_047273815.1
chr5	157667798	-	NP_848511.1
chr5	157858930	-	NP_001182485.1
chr5	158840029	-	XP_047272847.1
chr5	159209853	-	NP_001186312.1
chr5	159326695	-	NP_002178.2
chr5	160118805	-	XP_011532726.1
chr5	160311858	-	XP_047273660.1
chr5	160355227	-	NP_114114.3
chr5	160393706	-	NP_071373.2
chr5	160419023	-	NP_006416.3
chr5	160785559	-	XP_047272952.1
chr5	163459862	-	NP_001316920.1
chr5	168579256	-	NP_078870.1
chr5	169882553	-	NP_001333233.1
chr5	170297534	-	XP_047273127.1
chr5	170385314	-	NP_004128.1
chr5	172006458	-	XP_047272979.1
chr5	172187887	-	XP_047273583.1
chr5	172283596	-	XP_047273831.1
chr5	172454278	-	NP_001295104.1
chr5	172770586	-	NP_004408.1
chr5	173234750	-	NP_004378.1
chr5	173328043	-	NP_003705.1
chr5	173616200	-	NP_001153123.1
chr5	175441759	-	NP_000785.1
chr5	175967942	-	NP_115737.1
chr5	176359481	-	XP_016865140.1
chr5	176388433	-	NP_001243469.2
chr5	176416177	-	XP_047272655.1
chr5	176532366	-	XP_005265901.1
chr5	176596808	-	NP_443131.2
chr5	176629534	-	NP_001304965.1
chr5	176896064	-	NP_002106.2
chr5	176982469	-	XP_047273260.1
chr5	177303172	-	NP_570137.2
chr5	177311761	-	NP_001136407.1
chr5	177351452	-	NP_006807.1
chr5	177400163	-	NP_001025057.1
chr5	177409471	-	XP_011532764.1
chr5	177473436	-	NP_001351081.2
chr5	177496417	-	NP_976227.1
chr5	177509475	-	NP_001362728.1
chr5	177516919	-	NP_001308759.1
chr5	177554249	-	NP_001353427.1
chr5	177767150	-	XP_016864858.1
chr5	177995825	-	NP_006252.4
chr5	178153658	-	NP_060308.1
chr5	178185719	-	NP_001344937.1
chr5	178232492	-	XP_024302015.1
chr5	178623256	-	NP_065717.1
chr5	178697586	-	XP_016865627.1
chr5	178728990	-	NP_001311268.1
chr5	178994441	-	NP_000834.2
chr5	179274144	-	XP_047273852.1
chr5	179678583	-	XP_047273480.1
chr5	179801334	-	XP_024310117.1
chr5	180071456	-	NP_001397758.1
chr5	180137876	-	NP_778232.2
chr5	180280440	-	XP_047273343.1
chr5	180353211	-	NP_005101.1
chr5	180591411	-	NP_443095.2
chr5	180649488	-	XP_011532786.1
chr5	180739123	-	NP_001001657.1
chr5	180791634	-	NP_001351312.1
chr5	180861219	-	XP_047273460.1
chr5	181124357	-	NP_001245212.1
chr5	181204589	-	NP_976039.1
chr5	181243692	-	NP_006089.1
chr5	181260001	-	XP_016865480.1
chr6	292540	+	NP_001273484.1
chr6	393153	+	NP_002451.2
chr6	1312705	+	NP_150285.3
chr6	1389948	+	NP_001443.1
chr6	1610446	+	NP_001444.2
chr6	2765623	+	XP_016866549.1
chr6	3006553	+	NP_001305869.1
chr6	3069717	+	XP_047275401.1
chr6	3118570	+	XP_047275223.1
chr6	3254863	+	XP_011512897.1
chr6	3849812	+	XP_016866218.1
chr6	4021426	+	XP_011513272.1
chr6	4776784	+	NP_004815.3
chr6	5085486	+	NP_001138587.1
chr6	5368571	+	XP_047274043.1
chr6	6588735	+	NP_004262.1
chr6	7181912	+	NP_001161816.1
chr6	7390003	+	NP_113668.2
chr6	7541916	+	NP_001393520.1
chr6	7590258	+	XP_047274194.1
chr6	7726956	+	NP_001709.1
chr6	10528912	+	XP_011512770.1
chr6	10690880	+	XP_011513023.1
chr6	10749202	+	NP_001273413.1
chr6	10887127	+	NP_001035364.2
chr6	11094314	+	NP_001129047.1
chr6	11538278	+	NP_001094299.1
chr6	12015629	+	XP_047274662.1
chr6	12290630	+	NP_001403494.1
chr6	12718745	+	NP_001361513.1
chr6	13584111	+	NP_001363743.1
chr6	13615359	+	NP_001304653.1
chr6	13977120	+	NP_001158506.1
chr6	14117812	+	NP_004224.1
chr6	15351125	+	XP_047274694.1
chr6	16129323	+	NP_037394.2
chr6	16238694	+	XP_047274612.1
chr6	17102258	+	NP_001177695.1
chr6	17281582	+	NP_001137414.1
chr6	17421556	+	NP_006357.1
chr6	17600410	+	NP_057339.1
chr6	18159896	+	XP_047274324.1
chr6	18399535	+	NP_877434.2
chr6	19837755	+	NP_001537.1
chr6	20402233	+	XP_047274222.1
chr6	21594535	+	NP_003098.1
chr6	22569576	+	NP_612641.2
chr6	24134328	+	NP_542454.3
chr6	24403047	+	NP_001273194.1
chr6	24494997	+	NP_733936.1
chr6	24667264	+	NP_060943.1
chr6	24777247	+	XP_005249216.1
chr6	25652404	+	NP_008929.2
chr6	25726909	+	NP_733759.1
chr6	25761963	+	XP_047273994.1
chr6	25966523	+	XP_047274036.1
chr6	26020490	+	NP_003520.1
chr6	26021679	+	NP_003529.1
chr6	26045411	+	NP_003522.1
chr6	26087441	+	NP_001393680.1
chr6	26103948	+	NP_003533.1
chr6	26124233	+	NP_003503.1
chr6	26156391	+	NP_005312.1
chr6	26158170	+	NP_619790.1
chr6	26183796	+	NP_003514.2
chr6	26199559	+	NP_003513.1
chr6	26204645	+	NP_003536.1
chr6	26216975	+	NP_066390.1
chr6	26225155	+	NP_001368928.1
chr6	26240426	+	NP_003531.1
chr6	26251651	+	NP_003515.1
chr6	26272976	+	NP_003516.1
chr6	26365337	+	NP_001184177.1
chr6	26383822	+	XP_047274031.1
chr6	26405564	+	XP_047274079.1
chr6	26443575	+	NP_008925.1
chr6	27133072	+	NP_066408.1
chr6	27139309	+	NP_003486.1
chr6	27147129	+	NP_542163.1
chr6	27247738	+	NP_005856.1
chr6	27312169	+	XP_011513350.1
chr6	27400371	+	NP_001309217.1
chr6	27808210	+	NP_003500.1
chr6	27810074	+	NP_003527.1
chr6	27815044	+	NP_003512.1
chr6	27824125	+	NP_068803.1
chr6	27838662	+	NP_003511.1
chr6	27865355	+	NP_003502.1
chr6	27893463	+	NP_003518.2
chr6	27957241	+	NP_036499.1
chr6	28085481	+	NP_003438.1
chr6	28125444	+	NP_001307487.1
chr6	28148408	+	XP_016866755.1
chr6	28225684	+	XP_011513180.1
chr6	28259372	+	NP_001007532.1
chr6	28271920	+	XP_011513164.1
chr6	28283814	+	NP_001171672.1
chr6	28359587	+	XP_006715278.1
chr6	28526014	+	NP_003987.2
chr6	29100943	+	NP_001335223.1
chr6	29111891	+	NP_001005216.2
chr6	29173636	+	NP_112167.2
chr6	29306690	+	NP_112208.1
chr6	29396700	+	NP_039224.2
chr6	29440016	+	NP_039229.3
chr6	29461770	+	XP_016866228.1
chr6	29550852	+	NP_001382987.1
chr6	29587945	+	NP_009091.3
chr6	29657210	+	NP_001350539.1
chr6	29723464	+	NP_061823.2
chr6	29827039	+	NP_001371209.1
chr6	29942554	+	NP_002107.3
chr6	30061525	+	XP_047274651.1
chr6	30067411	+	XP_047275235.1
chr6	30137037	+	XP_011512611.1
chr6	30163602	+	XP_011513289.1
chr6	30329318	+	NP_001356452.1
chr6	30489532	+	NP_005507.3
chr6	30557187	+	XP_047275337.1
chr6	30571488	+	NP_001020262.1
chr6	30617866	+	XP_024302176.2
chr6	30626886	+	NP_001305692.1
chr6	30647232	+	XP_047274307.1
chr6	30720507	+	NP_821133.1
chr6	30885220	+	XP_047275280.1
chr6	30909037	+	NP_001508.1
chr6	30914412	+	NP_001161206.1
chr6	30937119	+	XP_047275577.1
chr6	30941000	+	NP_543146.2
chr6	30983959	+	NP_001010909.2
chr6	31006127	+	NP_001305413.1
chr6	31129633	+	NP_054787.2
chr6	31159470	+	XP_047275229.1
chr6	31403633	+	NP_001170990.1
chr6	31498194	+	NP_005922.2
chr6	31529015	+	NP_001011700.2
chr6	31547695	+	NP_004998.3
chr6	31572743	+	XP_047274729.1
chr6	31575742	+	NP_000585.2
chr6	31587300	+	XP_006715269.1
chr6	31615330	+	XP_005248927.1
chr6	31622790	+	NP_004629.3
chr6	31655967	+	NP_061974.2
chr6	31666832	+	NP_001311.3
chr6	31670951	+	NP_067044.2
chr6	31706907	+	NP_001003693.1
chr6	31720834	+	XP_016866822.1
chr6	31740467	+	NP_002432.1
chr6	31763055	+	NP_001034740.1
chr6	31815757	+	NP_005336.3
chr6	31827951	+	NP_005337.2
chr6	31901067	+	NP_001171534.1
chr6	31946222	+	NP_001701.2
chr6	31959193	+	XP_047275216.1
chr6	31971997	+	NP_115830.1
chr6	31982108	+	NP_009224.2
chr6	32014846	+	NP_001002029.3
chr6	32038423	+	NP_000491.4
chr6	32153627	+	NP_619731.2
chr6	32166166	+	NP_085155.1
chr6	32178512	+	NP_008844.1
chr6	32439951	+	NP_061984.2
chr6	32637459	+	NP_002113.2
chr6	32741444	+	NP_064440.1
chr6	32854230	+	NP_002791.1
chr6	32972899	+	XP_047275179.1
chr6	33076042	+	NP_002112.3
chr6	33201246	+	NP_008910.2
chr6	33204669	+	NP_055049.1
chr6	33208823	+	NP_002922.2
chr6	33272120	+	NP_072045.1
chr6	33277420	+	NP_003773.1
chr6	33289857	+	XP_047274033.1
chr6	33391986	+	XP_011512887.1
chr6	33410706	+	XP_011512972.2
chr6	33420265	+	XP_047275420.1
chr6	33455101	+	XP_047274306.1
chr6	33621603	+	XP_016866321.1
chr6	34236246	+	XP_047275564.1
chr6	34240781	+	NP_665908.1
chr6	34526306	+	NP_065855.1
chr6	34757544	+	NP_003084.1
chr6	34792251	+	NP_060224.3
chr6	34889403	+	XP_011512735.1
chr6	35214419	+	XP_005249000.1
chr6	35281152	+	XP_047275263.1
chr6	35297857	+	NP_071330.3
chr6	35347138	+	NP_001165290.1
chr6	35452546	+	XP_047274257.1
chr6	35468435	+	NP_009035.3
chr6	35733866	+	XP_011512683.1
chr6	35776619	+	NP_001273479.1
chr6	35781111	+	NP_001010886.1
chr6	35805671	+	NP_872354.1
chr6	36028158	+	NP_620582.1
chr6	36130583	+	NP_002745.1
chr6	36200323	+	XP_047274607.1
chr6	36270460	+	NP_001139189.2
chr6	36470098	+	XP_047274334.1
chr6	36596763	+	NP_003008.1
chr6	36676537	+	NP_001361439.1
chr6	36704236	+	XP_024302206.1
chr6	36886027	+	NP_689947.2
chr6	36954761	+	NP_001186088.1
chr6	37005818	+	XP_011512674.1
chr6	37170303	+	NP_001230115.1
chr6	37257918	+	XP_047274956.1
chr6	37354165	+	NP_003949.1
chr6	37435630	+	XP_047274419.1
chr6	38017196	+	XP_016866660.1
chr6	38722810	+	XP_047274215.1
chr6	39048841	+	NP_002053.3
chr6	39794739	+	XP_047274489.1
chr6	41042986	+	XP_011512698.1
chr6	41053348	+	NP_006780.1
chr6	41079090	+	NP_002496.1
chr6	41228428	+	NP_937796.1
chr6	41335853	+	XP_016866989.1
chr6	41565761	+	XP_011512591.1
chr6	41638750	+	XP_047274733.1
chr6	41783474	+	NP_037529.3
chr6	41787698	+	NP_001127965.1
chr6	41908844	+	XP_047275237.1
chr6	42050542	+	XP_005248906.1
chr6	42155477	+	NP_001371923.1
chr6	42173614	+	NP_001305990.1
chr6	42452821	+	XP_047275581.1
chr6	42564320	+	NP_001171730.1
chr6	42759891	+	XP_047274500.1
chr6	42879911	+	NP_001353410.1
chr6	42916070	+	NP_001230097.1
chr6	42929571	+	NP_001305776.1
chr6	42984678	+	NP_006236.1
chr6	43017193	+	NP_476502.1
chr6	43021655	+	NP_149103.1
chr6	43060210	+	NP_958931.1
chr6	43076489	+	NP_002812.2
chr6	43171657	+	NP_003122.1
chr6	43184311	+	XP_011512732.1
chr6	43246661	+	XP_016866856.1
chr6	43298359	+	XP_011512564.1
chr6	43369364	+	XP_047275565.1
chr6	43427714	+	XP_047275450.1
chr6	43499002	+	XP_047275503.1
chr6	43517110	+	NP_976035.1
chr6	43582320	+	NP_006493.1
chr6	43629750	+	NP_001003690.1
chr6	43645099	+	NP_001411050.1
chr6	43770707	+	NP_001020537.2
chr6	44132287	+	XP_016866488.1
chr6	44158849	+	XP_006715050.1
chr6	44217472	+	XP_024302068.1
chr6	44219697	+	XP_011512643.1
chr6	44248630	+	NP_001258899.1
chr6	44270743	+	NP_001131032.1
chr6	44343096	+	NP_001359010.1
chr6	44387824	+	NP_001244.1
chr6	45422577	+	NP_001356334.1
chr6	46139584	+	NP_055751.1
chr6	46653193	+	NP_004268.3
chr6	46688129	+	NP_001010870.1
chr6	46746940	+	XP_016865637.1
chr6	46793399	+	XP_011512930.1
chr6	47478245	+	XP_016866130.1
chr6	47707246	+	NP_722580.3
chr6	47782067	+	NP_859528.1
chr6	49470177	+	XP_005249262.1
chr6	49511991	+	NP_001010904.1
chr6	49550793	+	XP_047274185.1
chr6	50714056	+	NP_758438.2
chr6	50818374	+	XP_016866722.1
chr6	52186432	+	NP_002181.1
chr6	52403214	+	NP_588608.1
chr6	52420411	+	NP_060570.2
chr6	52677103	+	NP_054770.1
chr6	53065602	+	NP_001401665.1
chr6	53795257	+	XP_016866486.1
chr6	54019029	+	NP_001268675.1
chr6	54308551	+	XP_047274609.1
chr6	54870247	+	XP_016865967.1
chr6	55174588	+	NP_001517.2
chr6	55327555	+	NP_997293.2
chr6	56981811	+	NP_001305468.1
chr6	57046756	+	NP_065982.1
chr6	57090254	+	NP_001244202.1
chr6	57172698	+	NP_004273.1
chr6	57318446	+	NP_001269417.1
chr6	57488659	+	XP_047274947.1
chr6	63211557	+	NP_001382909.1
chr6	63572681	+	NP_001401988.1
chr6	63636794	+	XP_011533950.1
chr6	65302522	+	NP_001258604.1
chr6	68635890	+	NP_001401633.1
chr6	70428343	+	XP_047275114.1
chr6	70566941	+	NP_660310.2
chr6	70668024	+	XP_005248817.1
chr6	70956428	+	XP_047275567.1
chr6	71288937	+	NP_001311195.1
chr6	72213123	+	NP_001337381.1
chr6	73362730	+	NP_001017361.1
chr6	73394906	+	NP_061135.2
chr6	73461855	+	XP_047274563.1
chr6	73679207	+	XP_047274167.1
chr6	75602525	+	NP_001291721.1
chr6	75817548	+	NP_001355068.1
chr6	77484794	+	XP_047275616.1
chr6	77761192	+	XP_005248831.1
chr6	78867577	+	NP_001010844.1
chr6	79537861	+	XP_047275346.1
chr6	79631462	+	XP_047275347.1
chr6	80005844	+	XP_011534401.1
chr6	80106694	+	NP_001410974.1
chr6	83096978	+	XP_016866062.1
chr6	83194452	+	XP_047274090.1
chr6	83523442	+	NP_001163894.1
chr6	83853417	+	NP_001387829.1
chr6	83859783	+	NP_057314.2
chr6	84055319	+	XP_016865709.1
chr6	85450140	+	NP_002517.1
chr6	87015335	+	XP_011534091.1
chr6	87155592	+	NP_055836.1
chr6	87337032	+	NP_001035958.1
chr6	87345100	+	NP_001010868.2
chr6	87409840	+	NP_001026913.1
chr6	87473004	+	NP_006407.1
chr6	87590169	+	XP_011533954.1
chr6	88047906	+	XP_047275341.1
chr6	89080895	+	XP_047274062.1
chr6	89146145	+	XP_047274175.1
chr6	89566977	+	NP_001229738.1
chr6	95586440	+	NP_078917.2
chr6	96203156	+	XP_047274045.1
chr6	96521874	+	NP_056138.1
chr6	96603614	+	NP_065228.4
chr6	96967061	+	NP_001310185.1
chr6	98834874	+	NP_005595.2
chr6	99526079	+	NP_001182060.1
chr6	99607035	+	NP_067633.2
chr6	104937099	+	XP_006715540.2
chr6	106086554	+	NP_001189.2
chr6	106512342	+	NP_001615.2
chr6	106629682	+	NP_060762.3
chr6	107028847	+	XP_016866409.1
chr6	107490617	+	NP_060483.3
chr6	108166766	+	NP_003260.1
chr6	108295080	+	XP_011533963.1
chr6	108561209	+	NP_963853.1
chr6	108854268	+	XP_016866840.1
chr6	109145222	+	NP_001337594.1
chr6	109441122	+	NP_003071.2
chr6	109691436	+	NP_055660.1
chr6	109978776	+	NP_001273028.1
chr6	110180445	+	NP_056975.1
chr6	110875106	+	NP_001274143.1
chr6	110958770	+	NP_612417.1
chr6	110982107	+	NP_115570.1
chr6	111087753	+	XP_006715392.1
chr6	111259701	+	NP_699200.2
chr6	112053619	+	XP_011534524.2
chr6	112099284	+	NP_001028736.1
chr6	112349709	+	NP_001013756.2
chr6	113857746	+	NP_002347.5
chr6	116100931	+	XP_006715441.1
chr6	116369924	+	NP_001309868.1
chr6	116461421	+	NP_001263389.1
chr6	116511697	+	NP_714922.1
chr6	116541806	+	XP_016865879.1
chr6	116571583	+	NP_057036.2
chr6	116616624	+	NP_001010892.1
chr6	116681335	+	NP_001353238.1
chr6	116877276	+	NP_775831.2
chr6	117265764	+	XP_005266940.1
chr6	117482782	+	NP_001353388.1
chr6	117675671	+	NP_612468.1
chr6	118558922	+	NP_002658.1
chr6	118894414	+	NP_054753.1
chr6	121446848	+	NP_000156.1
chr6	122399738	+	NP_001230023.1
chr6	122701488	+	XP_047274958.1
chr6	122749274	+	NP_001305971.1
chr6	122789347	+	NP_006705.1
chr6	122997778	+	NP_001010852.2
chr6	124658219	+	NP_001287669.1
chr6	124962545	+	XP_011533797.1
chr6	125153952	+	XP_047275244.1
chr6	125749777	+	NP_036391.1
chr6	125815355	+	XP_047274162.1
chr6	125956978	+	NP_612638.3
chr6	125986551	+	NP_001026882.2
chr6	126340274	+	XP_016866334.1
chr6	127119193	+	XP_016866867.1
chr6	127280339	+	NP_001229780.1
chr6	127577186	+	NP_001010905.1
chr6	130042700	+	XP_047275363.1
chr6	130440423	+	XP_005266873.1
chr6	130827414	+	NP_001182526.1
chr6	131125767	+	XP_016866998.1
chr6	131573283	+	NP_001231367.1
chr6	131637385	+	NP_005012.2
chr6	131808036	+	NP_006199.2
chr6	132538290	+	NP_778227.3
chr6	132552693	+	NP_444508.1
chr6	132570322	+	NP_778237.1
chr6	132814769	+	NP_001007.2
chr6	133889398	+	NP_938206.1
chr6	133953304	+	NP_001401894.1
chr6	135181514	+	NP_001123645.1
chr6	136822666	+	XP_047274830.1
chr6	136922429	+	NP_001008783.1
chr6	137871183	+	XP_047275238.1
chr6	138162087	+	NP_065073.3
chr6	138378073	+	NP_001355092.1
chr6	138403564	+	NP_001313309.1
chr6	138692763	+	XP_047275590.1
chr6	138776121	+	NP_001366000.1
chr6	138813275	+	XP_016866319.1
chr6	139029153	+	XP_047275153.1
chr6	139135397	+	NP_057301.1
chr6	142133159	+	NP_001345339.1
chr6	142147288	+	NP_057569.2
chr6	142302330	+	XP_016866574.1
chr6	143060645	+	NP_001353291.1
chr6	143451043	+	NP_003621.1
chr6	143678164	+	NP_001093634.1
chr6	143843478	+	NP_116249.2
chr6	143864540	+	NP_001013645.1
chr6	144140737	+	XP_047275392.1
chr6	144286671	+	XP_047275597.1
chr6	146352291	+	XP_016866277.1
chr6	146543872	+	NP_006825.1
chr6	147204533	+	XP_016865757.1
chr6	147508929	+	NP_001025231.1
chr6	148390156	+	XP_047274453.1
chr6	149218771	+	NP_001278964.1
chr6	149566415	+	NP_620140.1
chr6	149749728	+	NP_005380.2
chr6	149942073	+	NP_079493.1
chr6	149964050	+	NP_079494.1
chr6	150143193	+	NP_112211.1
chr6	150369032	+	NP_001158167.1
chr6	150683763	+	NP_001316727.1
chr6	150865823	+	NP_001337417.1
chr6	151240563	+	NP_005091.2
chr6	151388320	+	XP_047275569.1
chr6	151452546	+	NP_078849.1
chr6	151494129	+	NP_079335.2
chr6	151936187	+	XP_011533851.1
chr6	152697903	+	NP_079383.2
chr6	152752178	+	NP_003372.1
chr6	154010513	+	NP_001138753.1
chr6	154733423	+	NP_001273117.1
chr6	155129224	+	NP_036586.3
chr6	155275720	+	NP_001001346.1
chr6	157026258	+	XP_047275109.1
chr6	157510919	+	XP_016866799.1
chr6	157823435	+	NP_057308.1
chr6	157981962	+	XP_047275430.1
chr6	158170504	+	NP_997001.1
chr6	158314017	+	XP_047275038.1
chr6	158536735	+	XP_011534305.2
chr6	158663269	+	XP_016866988.1
chr6	159107636	+	XP_047275602.1
chr6	159169597	+	NP_115921.2
chr6	159726811	+	XP_016867005.1
chr6	159762088	+	NP_005882.2
chr6	159790588	+	NP_054880.2
chr6	159800208	+	XP_024302107.1
chr6	159906956	+	XP_047274732.1
chr6	159969247	+	NP_000867.3
chr6	160121936	+	XP_005267160.1
chr6	160348420	+	XP_005267164.1
chr6	160702305	+	NP_001161810.1
chr6	160991932	+	XP_047274739.1
chr6	162728236	+	XP_011533773.1
chr6	163062213	+	XP_016865770.1
chr6	163413206	+	XP_047275570.1
chr6	166999413	+	NP_008976.1
chr6	167136135	+	NP_004358.2
chr6	167291490	+	XP_011534210.1
chr6	167325174	+	NP_114155.4
chr6	167827133	+	NP_001035089.1
chr6	168029586	+	NP_085118.2
chr6	169702163	+	NP_001304271.1
chr6	169751658	+	XP_047274980.1
chr6	170291058	+	NP_001273308.1
chr6	170557030	+	NP_003185.1
chr6	637701	-	XP_016866511.1
chr6	656108	-	NP_683762.2
chr6	2770058	-	XP_006715145.1
chr6	2840419	-	XP_011512637.1
chr6	2900444	-	XP_011512980.1
chr6	2971117	-	NP_001284629.1
chr6	3157407	-	NP_001297244.1
chr6	3227487	-	NP_821080.1
chr6	3455906	-	XP_047275199.1
chr6	3751276	-	XP_011512695.1
chr6	4087010	-	XP_016865971.1
chr6	4135511	-	NP_006108.2
chr6	5003880	-	XP_047274052.1
chr6	5260648	-	NP_001305712.1
chr6	6006695	-	XP_006715170.1
chr6	6318535	-	NP_000120.2
chr6	7313042	-	NP_001278937.1
chr6	7386979	-	NP_995586.1
chr6	7910514	-	NP_001139021.1
chr6	8064265	-	NP_001186251.1
chr6	8102435	-	NP_001129122.1
chr6	8435228	-	XP_011512950.1
chr6	10419418	-	NP_001027451.1
chr6	10694625	-	XP_024302190.1
chr6	10830548	-	XP_011512926.1
chr6	10881704	-	NP_004743.1
chr6	11044228	-	XP_011513018.1
chr6	11103694	-	NP_997465.1
chr6	11305992	-	NP_001257962.1
chr6	11778607	-	NP_116133.1
chr6	13326787	-	NP_001305738.1
chr6	13486638	-	NP_001229557.1
chr6	13710935	-	XP_047273988.1
chr6	13814015	-	XP_011513104.1
chr6	15662814	-	XP_011513239.1
chr6	16326394	-	NP_001121636.1
chr6	16327724	-	NP_001344786.1
chr6	16328342	-	NP_001401651.1
chr6	17706277	-	NP_001265139.1
chr6	17987409	-	NP_001230352.1
chr6	18121419	-	NP_940988.2
chr6	18148988	-	NP_001333747.1
chr6	18263843	-	NP_001128181.1
chr6	20212136	-	XP_006715062.1
chr6	20402425	-	XP_047275608.1
chr6	21666052	-	XP_047275609.1
chr6	22296955	-	NP_001157030.1
chr6	24357458	-	NP_001182539.1
chr6	24494967	-	XP_047274613.1
chr6	24645736	-	XP_016867035.1
chr6	24666698	-	NP_057698.2
chr6	24719860	-	NP_112201.1
chr6	24798593	-	NP_001269421.1
chr6	24935838	-	NP_001332960.1
chr6	25726132	-	NP_734466.1
chr6	25830524	-	XP_011513120.3
chr6	25868297	-	NP_006623.2
chr6	25925769	-	XP_047274022.1
chr6	26017085	-	NP_005316.1
chr6	26026941	-	NP_003535.1
chr6	26031650	-	NP_003528.1
chr6	26033176	-	NP_003504.2
chr6	26043277	-	NP_066406.1
chr6	26055787	-	NP_005310.1
chr6	26107470	-	NP_005314.2
chr6	26123524	-	NP_001368918.1
chr6	26188765	-	NP_003530.1
chr6	26196840	-	NP_003521.2
chr6	26198851	-	NP_066409.1
chr6	26216263	-	NP_003509.1
chr6	26234268	-	NP_005311.1
chr6	26246681	-	NP_003538.1
chr6	26250195	-	NP_066298.1
chr6	26270974	-	NP_003525.1
chr6	26285188	-	NP_003534.1
chr6	27132370	-	NP_066402.2
chr6	27146418	-	NP_542160.1
chr6	27309063	-	NP_258443.2
chr6	27472288	-	NP_001334761.1
chr6	27807526	-	NP_003510.1
chr6	27814354	-	NP_066544.1
chr6	27831216	-	NP_003532.1
chr6	27837947	-	NP_003501.1
chr6	27866849	-	NP_005313.1
chr6	27871905	-	NP_003524.1
chr6	27873199	-	NP_003537.1
chr6	27890382	-	NP_003526.1
chr6	27892757	-	NP_003505.1
chr6	27911246	-	NP_149046.2
chr6	28252807	-	XP_047274709.1
chr6	28353862	-	XP_024302290.1
chr6	28398004	-	XP_047275552.1
chr6	28435859	-	XP_047274340.1
chr6	28515657	-	NP_874360.1
chr6	28586298	-	XP_011512590.1
chr6	28923213	-	NP_006501.1
chr6	29003946	-	XP_011512819.1
chr6	29044213	-	NP_112165.1
chr6	29086307	-	NP_001005226.1
chr6	29355230	-	NP_110503.3
chr6	29374337	-	NP_112221.1
chr6	29426694	-	NP_001381757.1
chr6	29486766	-	NP_443199.1
chr6	29559675	-	NP_006389.2
chr6	29632682	-	NP_001305982.1
chr6	29676881	-	NP_001353262.1
chr6	30075223	-	XP_016866814.1
chr6	30112389	-	XP_047274066.1
chr6	30161168	-	NP_439893.2
chr6	30198666	-	XP_047275266.1
chr6	30463281	-	XP_047275576.1
chr6	30556131	-	NP_005266.2
chr6	30609838	-	NP_002705.2
chr6	30672956	-	XP_011513243.1
chr6	30687464	-	XP_047274214.1
chr6	30690842	-	XP_047274094.1
chr6	30716882	-	XP_011513306.1
chr6	30742467	-	XP_006715010.1
chr6	30744309	-	NP_003888.2
chr6	30932036	-	NP_995326.1
chr6	31112489	-	NP_054789.2
chr6	31120335	-	NP_001255.4
chr6	31138972	-	NP_054788.2
chr6	31157385	-	XP_047274870.1
chr6	31170216	-	NP_001272915.1
chr6	31271999	-	NP_002108.4
chr6	31357086	-	NP_005505.2
chr6	31540322	-	NP_542165.1
chr6	31546478	-	NP_612139.1
chr6	31582256	-	NP_002332.1
chr6	31592679	-	XP_006715112.1
chr6	31651656	-	NP_001374869.1
chr6	31659063	-	NP_067007.3
chr6	31663853	-	XP_024302317.1
chr6	31680253	-	NP_079538.3
chr6	31703150	-	NP_001170986.1
chr6	31721628	-	NP_079537.1
chr6	31728865	-	NP_039268.1
chr6	31736262	-	NP_001274522.1
chr6	31776546	-	NP_079534.2
chr6	31794831	-	NP_006286.1
chr6	31806755	-	NP_067000.1
chr6	31810047	-	NP_005518.3
chr6	31862618	-	NP_000425.1
chr6	31878941	-	NP_001171516.1
chr6	31897636	-	NP_001305762.1
chr6	31899926	-	NP_862825.1
chr6	31958372	-	XP_011513215.1
chr6	31971320	-	NP_001358135.1
chr6	32097796	-	NP_115859.2
chr6	32128126	-	NP_004372.3
chr6	32128731	-	NP_071393.2
chr6	32152095	-	NP_085154.3
chr6	32176510	-	NP_116130.2
chr6	32184171	-	NP_001193861.1
chr6	32189695	-	XP_047274795.1
chr6	32192472	-	NP_071390.1
chr6	32223856	-	NP_004548.3
chr6	32371694	-	XP_016865671.1
chr6	32407045	-	NP_001291490.1
chr6	32530125	-	NP_002116.2
chr6	32589643	-	NP_002115.2
chr6	32666499	-	NP_002114.3
chr6	32763374	-	XP_011512863.1
chr6	32816861	-	NP_002111.1
chr6	32837741	-	NP_061313.2
chr6	32844279	-	NP_683720.2
chr6	32853039	-	NP_001278951.1
chr6	32940753	-	NP_002109.2
chr6	32952949	-	NP_006111.2
chr6	33009455	-	NP_002110.1
chr6	33073471	-	NP_001229454.1
chr6	33192159	-	NP_001411041.1
chr6	33200767	-	XP_047275195.1
chr6	33271586	-	NP_001276105.1
chr6	33289102	-	NP_001157739.1
chr6	33299380	-	XP_047275159.1
chr6	33314005	-	XP_047275228.1
chr6	33315012	-	NP_001138810.1
chr6	33322862	-	XP_005248917.1
chr6	33329026	-	NP_001356132.1
chr6	33417959	-	NP_001014433.2
chr6	33577535	-	XP_011513082.1
chr6	33711549	-	NP_115716.1
chr6	33735278	-	XP_005248900.1
chr6	33788775	-	NP_001335638.1
chr6	33801047	-	NP_001171627.1
chr6	34155079	-	NP_001269776.1
chr6	34247741	-	NP_001008703.2
chr6	34425072	-	NP_006694.1
chr6	34552231	-	NP_001239223.1
chr6	34696446	-	NP_073595.2
chr6	34887787	-	XP_011513129.1
chr6	35141205	-	NP_001353260.1
chr6	35486461	-	NP_001382143.1
chr6	35512812	-	NP_001276324.1
chr6	35642720	-	NP_001139247.1
chr6	35797205	-	NP_001239526.1
chr6	35921044	-	NP_003128.3
chr6	36019520	-	XP_011512596.1
chr6	36330081	-	XP_011512900.1
chr6	36387536	-	NP_001193968.1
chr6	36442535	-	NP_694535.2
chr6	36540072	-	XP_016865715.1
chr6	36839283	-	NP_001363820.1
chr6	36874717	-	NP_057143.1
chr6	36985853	-	NP_055156.1
chr6	37218662	-	NP_001382307.1
chr6	37499822	-	NP_612502.1
chr6	37696745	-	NP_705691.1
chr6	38597910	-	XP_011512584.1
chr6	38702971	-	NP_006699.2
chr6	39114883	-	NP_001291722.1
chr6	39228926	-	XP_006715298.1
chr6	39314084	-	NP_113648.2
chr6	39322328	-	XP_016866835.1
chr6	39431053	-	NP_001275953.1
chr6	39725245	-	XP_011512663.1
chr6	39934295	-	NP_001345460.1
chr6	40431714	-	NP_065788.1
chr6	41034690	-	NP_775832.2
chr6	41071596	-	NP_001316618.1
chr6	41155300	-	XP_016866312.1
chr6	41163043	-	NP_001258750.1
chr6	41200954	-	XP_011513219.2
chr6	41286607	-	XP_011512998.1
chr6	41736146	-	NP_001258872.1
chr6	41747276	-	NP_002621.1
chr6	41776922	-	NP_006644.1
chr6	41805628	-	NP_001273483.1
chr6	41921005	-	NP_001292384.1
chr6	41941452	-	XP_047275447.1
chr6	42142300	-	XP_047275214.1
chr6	42194614	-	NP_002089.4
chr6	42217802	-	XP_016866485.1
chr6	42268154	-	XP_047275023.1
chr6	42721754	-	NP_000313.2
chr6	42745033	-	NP_003183.2
chr6	42890483	-	NP_001008739.1
chr6	42978533	-	XP_047274828.1
chr6	43014062	-	XP_024302213.1
chr6	43052209	-	XP_047275557.1
chr6	43059286	-	XP_005249218.1
chr6	43229261	-	NP_006434.1
chr6	43308750	-	NP_001352997.1
chr6	43368967	-	NP_055160.2
chr6	43454750	-	XP_047275221.1
chr6	43509514	-	NP_001258811.1
chr6	43516727	-	XP_047274564.1
chr6	43575760	-	NP_065801.1
chr6	43631012	-	XP_024302246.1
chr6	43687668	-	NP_060605.1
chr6	44126633	-	NP_001305700.1
chr6	44257400	-	NP_001273448.1
chr6	44264982	-	NP_004547.3
chr6	44287549	-	XP_006715072.1
chr6	44313081	-	XP_005249302.1
chr6	45020546	-	NP_001248752.1
chr6	46079703	-	XP_047274852.1
chr6	46167434	-	XP_005249317.1
chr6	46325393	-	NP_005813.2
chr6	46652406	-	NP_001265668.1
chr6	46722783	-	XP_047275315.1
chr6	46906661	-	XP_047274283.1
chr6	47028993	-	XP_047274595.1
chr6	47309416	-	NP_055267.1
chr6	48068953	-	XP_016866384.1
chr6	49459082	-	XP_005249200.1
chr6	49636656	-	NP_000315.2
chr6	49709131	-	XP_011513145.1
chr6	49744331	-	NP_006052.2
chr6	49785934	-	NP_620061.2
chr6	49857335	-	XP_016865809.1
chr6	49964051	-	NP_001032588.1
chr6	49969568	-	NP_001032818.1
chr6	50021881	-	NP_001032817.1
chr6	50049812	-	NP_001355986.1
chr6	52244397	-	XP_011512578.1
chr6	52284597	-	NP_001353303.1
chr6	52576796	-	XP_011513307.1
chr6	52757861	-	NP_000837.3
chr6	52799181	-	NP_001305988.1
chr6	52840727	-	XP_054184397.1
chr6	52905748	-	XP_011512835.1
chr6	52994157	-	XP_011512836.1
chr6	53041266	-	NP_055735.1
chr6	53145558	-	NP_003634.2
chr6	53295642	-	NP_001229759.1
chr6	53544496	-	NP_001184044.1
chr6	53654101	-	NP_001003760.2
chr6	55578948	-	XP_047274860.1
chr6	55874376	-	NP_001316683.1
chr6	56182531	-	NP_001305683.1
chr6	56642622	-	NP_056363.2
chr6	57210226	-	NP_001265595.1
chr6	63319914	-	XP_011534194.1
chr6	63573532	-	XP_047275566.1
chr6	65494663	-	NP_001136273.1
chr6	69796813	-	NP_001354201.1
chr6	70302911	-	XP_016865736.1
chr6	70955839	-	NP_542780.1
chr6	73225297	-	NP_001119535.1
chr6	73242406	-	NP_001382144.2
chr6	73354114	-	NP_001020461.1
chr6	73369720	-	NP_001073976.1
chr6	73451525	-	NP_001397840.1
chr6	73519883	-	NP_001393.1
chr6	73653793	-	NP_001369559.1
chr6	75202720	-	XP_016865741.1
chr6	75243717	-	NP_001353221.2
chr6	75284402	-	NP_001137430.1
chr6	75453982	-	XP_047274604.1
chr6	76072422	-	NP_001269297.1
chr6	77462231	-	NP_000854.1
chr6	79078029	-	XP_011534220.1
chr6	79234546	-	NP_001305814.1
chr6	79518705	-	XP_047274207.1
chr6	79947387	-	NP_073563.1
chr6	81751590	-	NP_060103.2
chr6	83065642	-	XP_016866947.1
chr6	83191187	-	XP_016866426.1
chr6	83707798	-	NP_001363669.1
chr6	84226337	-	XP_011533894.1
chr6	84763890	-	NP_001073977.1
chr6	85593579	-	NP_001337482.1
chr6	85641292	-	NP_001240700.1
chr6	87073568	-	XP_047275585.1
chr6	87088113	-	NP_000726.1
chr6	87151708	-	XP_047275586.1
chr6	87284241	-	NP_940970.1
chr6	87589922	-	XP_047275048.1
chr6	87701450	-	NP_060534.1
chr6	88145213	-	NP_001357475.1
chr6	89117823	-	XP_047274179.1
chr6	89217201	-	NP_001254511.1
chr6	89315053	-	XP_011534017.1
chr6	89352539	-	XP_011534189.1
chr6	89411846	-	NP_067067.1
chr6	89638672	-	NP_065199.1
chr6	90586764	-	XP_006715616.1
chr6	92644473	-	XP_047275619.1
chr6	93419245	-	NP_001363399.1
chr6	96798472	-	NP_110411.1
chr6	96897666	-	NP_054884.1
chr6	97282314	-	NP_001337529.1
chr6	98926477	-	XP_047274584.1
chr6	99349107	-	XP_006715645.1
chr6	99394074	-	XP_011534201.1
chr6	99414572	-	NP_001309345.1
chr6	99510121	-	XP_016866870.1
chr6	99568496	-	NP_001013417.1
chr6	99955966	-	NP_115892.2
chr6	100463294	-	NP_005059.2
chr6	100867908	-	NP_001271200.1
chr6	104859567	-	NP_001337489.1
chr6	105133352	-	NP_001186492.1
chr6	105161425	-	NP_071756.2
chr6	105402847	-	NP_002717.3
chr6	106316101	-	XP_047275530.1
chr6	106629843	-	NP_001305675.1
chr6	106974578	-	NP_001278668.1
chr6	107099249	-	NP_001354243.1
chr6	107458990	-	XP_047275056.1
chr6	107805884	-	XP_011534011.1
chr6	107957886	-	XP_047274087.1
chr6	108074250	-	NP_054747.2
chr6	108260826	-	NP_690040.1
chr6	108908012	-	XP_047275607.1
chr6	109093795	-	NP_001186863.1
chr6	109382204	-	NP_001135876.1
chr6	109440456	-	NP_001273289.1
chr6	109481075	-	NP_001152763.1
chr6	109685844	-	XP_011533860.1
chr6	110127469	-	NP_001020107.1
chr6	110357955	-	NP_001341523.1
chr6	110413291	-	NP_001355102.1
chr6	110476522	-	XP_011534514.1
chr6	110815009	-	XP_047274427.1
chr6	111482750	-	NP_001273361.1
chr6	111601196	-	NP_001157755.1
chr6	111719805	-	XP_047274529.1
chr6	112087410	-	XP_047274811.1
chr6	112253956	-	XP_047274726.1
chr6	113970857	-	XP_047274648.1
chr6	114062739	-	NP_001373969.1
chr6	116100492	-	XP_011533957.1
chr6	116125339	-	NP_001411036.1
chr6	116252764	-	NP_067680.3
chr6	116278517	-	NP_003300.1
chr6	116545473	-	NP_001132916.1
chr6	116666634	-	NP_001348120.1
chr6	116765405	-	NP_001078949.1
chr6	116828820	-	XP_016865964.1
chr6	117425534	-	XP_016866662.1
chr6	117602004	-	NP_001017408.1
chr6	118652700	-	XP_047274718.1
chr6	118931420	-	NP_001365293.1
chr6	119078141	-	NP_001275505.1
chr6	119350527	-	XP_011534135.1
chr6	121334276	-	XP_016865893.1
chr6	122471699	-	NP_065806.1
chr6	123636754	-	NP_001242949.1
chr6	125301849	-	XP_024302218.1
chr6	127342356	-	NP_001099014.1
chr6	127453847	-	NP_055517.3
chr6	127515514	-	NP_001387194.1
chr6	127900842	-	NP_001305460.1
chr6	129710024	-	NP_277050.2
chr6	129861156	-	NP_001010876.1
chr6	130215797	-	XP_047274195.1
chr6	130955994	-	NP_001337249.1
chr6	131628011	-	NP_001257450.1
chr6	131700469	-	NP_112170.1
chr6	131708684	-	NP_001139131.1
chr6	131951107	-	NP_001892.2
chr6	132401268	-	XP_047274577.1
chr6	132503446	-	NP_001313508.1
chr6	132588673	-	NP_001376456.1
chr6	132624216	-	NP_055441.2
chr6	132644984	-	NP_612200.1
chr6	132713826	-	NP_004657.2
chr6	132757671	-	NP_511043.2
chr6	132798414	-	XP_047274121.1
chr6	133253513	-	XP_047275568.1
chr6	134052378	-	NP_660159.1
chr6	134317392	-	NP_001278924.1
chr6	134949916	-	NP_001180409.1
chr6	135054649	-	NP_001350615.1
chr6	135492228	-	XP_047274896.1
chr6	136249037	-	XP_011533715.1
chr6	136279763	-	NP_055554.1
chr6	136525832	-	NP_001375280.1
chr6	136792645	-	XP_047274742.1
chr6	137044641	-	NP_001265653.2
chr6	137161689	-	NP_851826.1
chr6	137219243	-	NP_001350456.1
chr6	137493352	-	NP_786923.1
chr6	138107127	-	NP_071404.2
chr6	138217988	-	NP_067648.1
chr6	138571710	-	XP_016866577.1
chr6	138987530	-	XP_047275390.1
chr6	139288476	-	XP_011533808.1
chr6	139374132	-	NP_006070.2
chr6	141686401	-	XP_047275595.1
chr6	142088237	-	NP_001311237.1
chr6	142769552	-	XP_024302186.1
chr6	143450563	-	XP_016865752.1
chr6	143511411	-	NP_114409.2
chr6	143947985	-	NP_001275967.1
chr6	144095237	-	NP_112577.1
chr6	145735198	-	NP_001018051.1
chr6	145814341	-	NP_001335021.1
chr6	145954690	-	XP_047274556.1
chr6	149474239	-	NP_997243.2
chr6	149545936	-	NP_624311.1
chr6	149638386	-	XP_047274067.1
chr6	149701779	-	NP_001337321.1
chr6	149746376	-	XP_047274684.1
chr6	149863408	-	NP_116221.3
chr6	149890821	-	NP_001380985.1
chr6	149922926	-	NP_001001788.2
chr6	150025387	-	NP_570970.2
chr6	150068979	-	NP_078794.1
chr6	151373465	-	XP_047275145.1
chr6	151445308	-	NP_001258866.1
chr6	152180136	-	NP_001334631.1
chr6	152982857	-	NP_001135994.1
chr6	153002427	-	NP_001288800.1
chr6	153131039	-	NP_036551.3
chr6	154265912	-	NP_056368.1
chr6	154510063	-	NP_001355048.1
chr6	155314296	-	XP_047274808.1
chr6	155455753	-	NP_056533.1
chr6	157323412	-	NP_060922.2
chr6	157379811	-	XP_047275600.1
chr6	158160932	-	XP_006715649.1
chr6	158644682	-	NP_001278531.1
chr6	158818082	-	XP_011534412.1
chr6	158999435	-	XP_047275349.1
chr6	159044120	-	NP_687034.1
chr6	159121250	-	XP_047275601.1
chr6	159693145	-	NP_001309748.1
chr6	159789405	-	NP_001008897.1
chr6	160258344	-	NP_003049.2
chr6	160664166	-	NP_005568.2
chr6	161232036	-	NP_064518.1
chr6	163714067	-	XP_047275620.1
chr6	165309562	-	XP_011533814.1
chr6	165450242	-	XP_047274057.1
chr6	166167386	-	NP_001257413.1
chr6	166307255	-	NP_787118.2
chr6	166342419	-	NP_660152.1
chr6	166382806	-	NP_001363495.1
chr6	166531232	-	XP_047275191.1
chr6	166586121	-	NP_001382928.1
chr6	166956097	-	NP_003721.2
chr6	167156872	-	NP_005290.2
chr6	168092971	-	XP_016866807.1
chr6	168319388	-	NP_001273280.1
chr6	169250733	-	NP_001368871.1
chr6	169339915	-	XP_016867110.1
chr6	169688817	-	XP_011533994.1
chr6	169723845	-	NP_579866.2
chr6	169751339	-	XP_006715617.1
chr6	170290086	-	XP_005266991.1
chr6	170463042	-	XP_047275571.1
chr6	170553130	-	NP_002784.1
chr6	170584492	-	NP_002589.2
chr7	168888	+	NP_064608.2
chr7	262809	+	XP_047277127.1
chr7	290170	+	NP_001361767.1
chr7	726721	+	NP_060272.3
chr7	817457	+	NP_001165416.1
chr7	876646	+	NP_057033.2
chr7	983212	+	NP_060251.2
chr7	1055009	+	XP_047275820.1
chr7	1091729	+	NP_001035055.1
chr7	1233018	+	NP_001073930.1
chr7	1539193	+	NP_002351.1
chr7	1744597	+	NP_001381117.1
chr7	2242992	+	NP_945190.1
chr7	2354922	+	XP_016868242.1
chr7	2405031	+	XP_047276527.1
chr7	2512655	+	NP_001159827.1
chr7	2559182	+	NP_001274428.1
chr7	2632156	+	NP_079526.1
chr7	2700452	+	XP_016867265.1
chr7	4149378	+	NP_001073121.1
chr7	4682309	+	NP_001032242.1
chr7	4775716	+	NP_055670.1
chr7	5048077	+	NP_066986.1
chr7	5190420	+	NP_056425.1
chr7	5287817	+	NP_001035751.1
chr7	5592937	+	NP_003079.1
chr7	5880890	+	NP_001378919.1
chr7	5898800	+	XP_047276421.1
chr7	6009364	+	NP_006294.2
chr7	6031376	+	NP_001258629.1
chr7	6111134	+	XP_005249940.1
chr7	6374736	+	NP_061485.1
chr7	6578664	+	XP_047276522.1
chr7	6590284	+	XP_005249902.1
chr7	6616175	+	XP_011513740.1
chr7	6642410	+	NP_001265488.1
chr7	6757678	+	XP_024302676.1
chr7	7234320	+	XP_047276576.1
chr7	7572476	+	XP_047276476.1
chr7	7801693	+	NP_001289279.1
chr7	7969351	+	NP_612435.1
chr7	10974324	+	NP_055475.2
chr7	12214811	+	NP_060844.2
chr7	12504544	+	XP_047275677.1
chr7	12570787	+	NP_001106177.1
chr7	12688255	+	NP_001032241.1
chr7	16526953	+	XP_011513359.1
chr7	16665444	+	NP_001153239.1
chr7	16753968	+	NP_055214.1
chr7	17299265	+	NP_001612.1
chr7	18496303	+	NP_001308805.1
chr7	20330351	+	XP_011513695.1
chr7	20623286	+	NP_001157413.1
chr7	21428252	+	XP_047276716.1
chr7	22727263	+	XP_005249802.1
chr7	23106027	+	NP_001165899.1
chr7	23182086	+	XP_047275788.1
chr7	23246858	+	XP_005249635.1
chr7	23299353	+	NP_612455.1
chr7	23611316	+	XP_016868264.1
chr7	23680219	+	XP_047276271.1
chr7	23710175	+	XP_011513754.2
chr7	24285241	+	NP_000896.1
chr7	24623668	+	NP_057531.2
chr7	26152499	+	NP_004280.5
chr7	26202999	+	NP_001397795.1
chr7	26346443	+	NP_037454.2
chr7	27243031	+	NP_001980.1
chr7	27748525	+	NP_001193830.1
chr7	28686151	+	XP_047277026.1
chr7	29354625	+	NP_001280000.1
chr7	29566330	+	XP_011513501.1
chr7	29834725	+	NP_001378902.1
chr7	30028763	+	NP_001350402.1
chr7	30135137	+	NP_690006.2
chr7	30285358	+	NP_667339.1
chr7	30594922	+	NP_002038.2
chr7	30752151	+	NP_006765.4
chr7	30771494	+	NP_115598.2
chr7	30911910	+	NP_932766.1
chr7	30964069	+	NP_000814.2
chr7	31063265	+	XP_006715708.1
chr7	31553025	+	XP_011513515.1
chr7	31692442	+	NP_006649.2
chr7	32495710	+	XP_005249728.1
chr7	32957574	+	XP_011513417.1
chr7	33974763	+	XP_047275895.1
chr7	34658413	+	NP_001287864.1
chr7	35801210	+	NP_001229885.1
chr7	36154325	+	NP_085139.2
chr7	36390027	+	XP_006715809.1
chr7	37685251	+	XP_011513676.1
chr7	37850267	+	NP_057700.3
chr7	37920940	+	NP_060019.2
chr7	38207505	+	NP_001350269.1
chr7	39566419	+	NP_064577.1
chr7	39686668	+	XP_047276638.1
chr7	39950642	+	XP_011513899.1
chr7	42932387	+	NP_114109.1
chr7	43377899	+	XP_011513528.1
chr7	43583244	+	NP_004751.2
chr7	43771159	+	XP_011513776.1
chr7	43926533	+	NP_057067.1
chr7	43999950	+	XP_047276171.1
chr7	44044738	+	NP_001116428.1
chr7	44104666	+	NP_001120.3
chr7	44201136	+	NP_001397803.1
chr7	44624344	+	NP_001003941.1
chr7	44756250	+	XP_047276864.1
chr7	44796725	+	NP_066953.1
chr7	45000334	+	XP_047276845.1
chr7	45157829	+	XP_006715694.1
chr7	45574544	+	XP_005249642.1
chr7	45888653	+	NP_000587.1
chr7	48036309	+	NP_001093629.1
chr7	48094784	+	XP_047276754.1
chr7	48171484	+	XP_011513451.1
chr7	48924673	+	NP_689840.2
chr7	49775436	+	NP_940972.2
chr7	50096086	+	XP_011513355.1
chr7	50303483	+	XP_011513360.1
chr7	53035672	+	NP_872401.3
chr7	54542731	+	NP_001304772.1
chr7	55019278	+	NP_958440.1
chr7	55366026	+	NP_061167.1
chr7	55912637	+	NP_872439.2
chr7	55953196	+	NP_057053.1
chr7	55964610	+	NP_001474.1
chr7	56051849	+	NP_001753.1
chr7	56064312	+	XP_047276076.1
chr7	57450289	+	NP_001152751.1
chr7	63750649	+	XP_047277102.1
chr7	63751410	+	XP_047277122.1
chr7	63752472	+	XP_047277098.1
chr7	63754247	+	XP_047277103.1
chr7	63755000	+	XP_047277123.1
chr7	63756071	+	XP_047277097.1
chr7	63759717	+	XP_047277100.1
chr7	63760469	+	XP_047277105.1
chr7	63761396	+	XP_047277101.1
chr7	63762148	+	XP_047277104.1
chr7	63763219	+	XP_047277099.1
chr7	63765043	+	XP_047277096.1
chr7	63998962	+	NP_001382941.1
chr7	64045622	+	NP_001152994.1
chr7	64207203	+	NP_001152996.1
chr7	64249118	+	NP_699194.2
chr7	64314151	+	NP_001281184.1
chr7	64666283	+	NP_001269288.1
chr7	64794569	+	NP_001258566.1
chr7	64903318	+	NP_001372576.1
chr7	65373998	+	NP_689839.1
chr7	65865787	+	XP_011514133.1
chr7	66076082	+	NP_001020114.1
chr7	66114829	+	NP_001135886.1
chr7	66240426	+	XP_047276913.1
chr7	66629065	+	NP_694578.1
chr7	66756053	+	NP_001273990.1
chr7	66930863	+	XP_024302587.1
chr7	66996979	+	XP_047276525.1
chr7	67278714	+	XP_047276362.1
chr7	70764912	+	XP_047276127.1
chr7	72925122	+	NP_001374620.1
chr7	73328273	+	NP_001128683.1
chr7	73434008	+	NP_003499.1
chr7	73665774	+	XP_016867268.1
chr7	73683626	+	NP_001189489.1
chr7	73831202	+	NP_001296.1
chr7	73861195	+	NP_872310.2
chr7	74028188	+	XP_011514170.1
chr7	74083991	+	NP_002305.1
chr7	74174384	+	NP_071496.1
chr7	74215321	+	XP_047276757.1
chr7	74317547	+	XP_047276756.1
chr7	74508081	+	XP_047277012.1
chr7	74689129	+	NP_001267729.1
chr7	74774032	+	NP_000256.4
chr7	74964986	+	NP_001138536.1
chr7	75094549	+	NP_001355231.1
chr7	75281243	+	XP_047275733.1
chr7	75309171	+	NP_001369423.1
chr7	75337138	+	NP_001369476.1
chr7	75398934	+	NP_944606.2
chr7	75494048	+	XP_047276363.1
chr7	75879083	+	NP_001035546.1
chr7	75954002	+	NP_001369591.2
chr7	76048161	+	NP_005909.2
chr7	76235067	+	NP_001278760.1
chr7	76302713	+	NP_001531.1
chr7	76424965	+	NP_001103824.1
chr7	76480510	+	XP_016867219.1
chr7	76510653	+	NP_001334613.1
chr7	77167669	+	XP_047276618.1
chr7	77537547	+	NP_002826.3
chr7	77696470	+	NP_940869.2
chr7	77840256	+	NP_001120832.1
chr7	80135161	+	NP_002060.4
chr7	80646741	+	XP_024302771.1
chr7	86765146	+	XP_016867562.1
chr7	87114290	+	XP_047277114.1
chr7	87164942	+	XP_047277062.1
chr7	87349069	+	NP_001230674.1
chr7	87700525	+	NP_001381157.1
chr7	87876733	+	NP_006707.1
chr7	90159789	+	NP_036581.1
chr7	90225083	+	XP_047276128.1
chr7	90245425	+	XP_016868131.1
chr7	90346742	+	NP_149098.2
chr7	90412677	+	NP_001172002.1
chr7	90469787	+	NP_001352372.1
chr7	90510101	+	XP_047277115.1
chr7	91264881	+	NP_003496.1
chr7	91941100	+	NP_005742.4
chr7	92294979	+	NP_061877.1
chr7	92447730	+	XP_047276626.1
chr7	92528814	+	XP_005250693.1
chr7	93232468	+	NP_078829.1
chr7	93906747	+	NP_068774.1
chr7	93922138	+	NP_004117.1
chr7	94395032	+	NP_000080.2
chr7	94510085	+	XP_006716156.2
chr7	94656587	+	NP_001165909.1
chr7	95120826	+	XP_047276551.1
chr7	95470799	+	XP_047276427.1
chr7	97005978	+	NP_005213.3
chr7	97117724	+	NP_064571.1
chr7	97732613	+	NP_003173.1
chr7	98107178	+	NP_055731.2
chr7	98212310	+	NP_803238.1
chr7	98281796	+	XP_047276072.1
chr7	98617462	+	NP_002514.1
chr7	98881151	+	NP_001362453.1
chr7	99333354	+	NP_006400.2
chr7	99385715	+	XP_024302396.1
chr7	99411093	+	XP_005250727.1
chr7	99439083	+	XP_047275783.1
chr7	99476457	+	NP_001337930.1
chr7	99506045	+	NP_001305011.1
chr7	99560560	+	NP_076966.1
chr7	99598749	+	XP_024302389.1
chr7	99619607	+	XP_047275967.1
chr7	99828116	+	NP_001265850.1
chr7	100023507	+	XP_047276760.1
chr7	100057007	+	XP_005250625.1
chr7	100088991	+	NP_006824.2
chr7	100101715	+	XP_047276981.1
chr7	100119745	+	NP_689968.1
chr7	100127396	+	XP_005250307.1
chr7	100148973	+	NP_001381517.1
chr7	100180557	+	XP_047275744.1
chr7	100219911	+	NP_076975.2
chr7	100307886	+	NP_001004351.3
chr7	100358303	+	NP_001358860.1
chr7	100373657	+	NP_840057.1
chr7	100430019	+	NP_062552.2
chr7	100485312	+	NP_775835.2
chr7	100539347	+	XP_005250363.1
chr7	100586626	+	NP_277041.1
chr7	100602457	+	NP_002584.2
chr7	100612792	+	NP_001035186.1
chr7	100676266	+	NP_005264.2
chr7	100706831	+	NP_005828.2
chr7	100720981	+	NP_000790.2
chr7	100734169	+	NP_775082.2
chr7	100827029	+	NP_001350423.1
chr7	100867498	+	NP_003293.2
chr7	100875451	+	XP_005250464.1
chr7	100949625	+	NP_005951.1
chr7	100969623	+	NP_001157934.1
chr7	101020136	+	NP_001035194.1
chr7	101087313	+	NP_112223.1
chr7	101128394	+	NP_001373393.1
chr7	101154515	+	NP_001274.1
chr7	101218196	+	NP_006340.1
chr7	101363033	+	NP_001265492.1
chr7	102285184	+	NP_001380924.1
chr7	102396412	+	NP_078929.1
chr7	102438957	+	NP_001258747.1
chr7	102465081	+	NP_690852.1
chr7	102553256	+	XP_011514539.1
chr7	102652349	+	XP_011514004.1
chr7	102749208	+	NP_001138740.2
chr7	102933914	+	NP_005815.2
chr7	103075273	+	XP_016868178.1
chr7	103141766	+	XP_047277124.1
chr7	103297460	+	XP_047277008.1
chr7	105040953	+	XP_047276569.1
chr7	105532316	+	NP_068749.3
chr7	105963319	+	NP_689963.2
chr7	106867562	+	XP_047276437.1
chr7	107169013	+	XP_047276146.1
chr7	107474061	+	XP_047276170.1
chr7	107661642	+	NP_000432.1
chr7	107744164	+	NP_079090.2
chr7	107891251	+	NP_001276681.1
chr7	108571727	+	NP_036460.1
chr7	111122773	+	NP_001093130.1
chr7	112206717	+	NP_068834.2
chr7	112450487	+	NP_001401668.1
chr7	112484817	+	XP_016867517.1
chr7	113100819	+	XP_047277117.1
chr7	114922417	+	NP_001159818.3
chr7	116210708	+	NP_056456.1
chr7	116499782	+	NP_001224.1
chr7	116525063	+	NP_001744.2
chr7	116695757	+	XP_047276356.1
chr7	116862612	+	NP_006127.1
chr7	117098815	+	NP_001356536.1
chr7	117480095	+	NP_000483.3
chr7	118184224	+	NP_057284.1
chr7	118224831	+	NP_062618.2
chr7	120950897	+	NP_938008.1
chr7	121325416	+	NP_057171.2
chr7	121873500	+	NP_002842.2
chr7	123601899	+	XP_011514118.1
chr7	123655964	+	NP_997046.1
chr7	123868274	+	XP_047276049.1
chr7	123953571	+	NP_001167515.1
chr7	124476371	+	NP_001400933.1
chr7	127588499	+	NP_001653.1
chr7	127593854	+	NP_065102.1
chr7	128252019	+	NP_000221.1
chr7	128457269	+	NP_037464.1
chr7	128476766	+	NP_060866.2
chr7	128672398	+	NP_001012457.3
chr7	128714120	+	NP_001269718.1
chr7	128748355	+	NP_001186600.1
chr7	128791494	+	XP_011514792.1
chr7	128830638	+	NP_001449.3
chr7	128862905	+	NP_001185838.1
chr7	128866410	+	NP_001182079.1
chr7	128942082	+	XP_011514462.1
chr7	129144981	+	NP_848657.1
chr7	129189152	+	NP_005622.1
chr7	129368495	+	XP_047276044.1
chr7	129434473	+	XP_011514737.1
chr7	129502764	+	XP_024302388.1
chr7	129657352	+	NP_001280092.1
chr7	130070644	+	NP_055812.1
chr7	130207911	+	NP_660311.1
chr7	130266882	+	NP_001860.2
chr7	130293181	+	NP_057436.2
chr7	130346486	+	XP_047276995.1
chr7	130380521	+	NP_001859.1
chr7	130492314	+	NP_001240829.1
chr7	131327900	+	XP_011514526.1
chr7	134127368	+	NP_001388448.1
chr7	134527912	+	XP_011514719.1
chr7	134564620	+	NP_001354751.1
chr7	134661508	+	NP_001280014.1
chr7	134867734	+	XP_047276815.1
chr7	134987934	+	NP_001354746.1
chr7	135164442	+	NP_060765.4
chr7	135240525	+	NP_872295.2
chr7	135557945	+	NP_055950.2
chr7	135662580	+	NP_001124401.1
chr7	137014866	+	NP_001365901.1
chr7	138076519	+	NP_005980.1
chr7	138460549	+	NP_056989.2
chr7	138798105	+	NP_001078898.1
chr7	139133858	+	NP_001308671.1
chr7	139231485	+	NP_775840.3
chr7	139341385	+	NP_932068.2
chr7	139523928	+	NP_001073980.2
chr7	139829388	+	XP_011514846.1
chr7	140407647	+	NP_001008749.2
chr7	140673331	+	NP_443085.2
chr7	140696745	+	NP_004537.1
chr7	141555467	+	NP_001351877.1
chr7	141708759	+	NP_001099028.1
chr7	141739167	+	XP_005250108.1
chr7	141764159	+	NP_058639.1
chr7	141778489	+	NP_058640.1
chr7	141790362	+	NP_061853.1
chr7	141918876	+	NP_001001656.1
chr7	142005531	+	XP_011514976.1
chr7	142116874	+	XP_024302765.1
chr7	142749485	+	NP_002760.1
chr7	142770983	+	NP_001290343.1
chr7	142863228	+	XP_011514181.1
chr7	142939622	+	NP_001369425.1
chr7	143052341	+	NP_001001667.1
chr7	143132117	+	NP_002643.1
chr7	143183419	+	NP_795362.2
chr7	143222079	+	NP_795363.1
chr7	143263514	+	NP_001137151.1
chr7	143285958	+	NP_001269806.1
chr7	143288456	+	NP_116765.2
chr7	143316213	+	NP_000074.3
chr7	143381572	+	XP_047276774.1
chr7	143702995	+	XP_047276175.1
chr7	144318125	+	XP_047276279.1
chr7	144362670	+	XP_016868112.1
chr7	148590926	+	NP_660347.1
chr7	148730123	+	NP_001357589.1
chr7	149147743	+	NP_733787.1
chr7	149195590	+	XP_006716214.1
chr7	149239779	+	NP_036388.2
chr7	149262334	+	NP_001182149.1
chr7	149715055	+	NP_001381422.1
chr7	149838612	+	NP_001092690.1
chr7	149874066	+	NP_660265.3
chr7	150336862	+	NP_001350363.1
chr7	150368903	+	NP_001374966.1
chr7	150388471	+	XP_047276177.1
chr7	150407612	+	NP_001382903.1
chr7	150466699	+	NP_783161.1
chr7	150519975	+	NP_694968.1
chr7	150569902	+	NP_001350461.1
chr7	150687060	+	NP_056475.1
chr7	150719048	+	NP_570115.1
chr7	150800933	+	XP_047276526.1
chr7	150856471	+	XP_016867434.1
chr7	150993804	+	NP_001153583.1
chr7	151028467	+	NP_001269222.1
chr7	151048886	+	NP_064717.1
chr7	151061928	+	NP_001401827.1
chr7	151086742	+	NP_001036000.1
chr7	151232765	+	NP_001271224.1
chr7	151345350	+	NP_001350458.1
chr7	151960756	+	XP_016867284.1
chr7	152025833	+	NP_001291443.1
chr7	152759883	+	NP_065178.1
chr7	155070900	+	NP_076917.1
chr7	155298286	+	NP_001333522.1
chr7	155458378	+	NP_001418.2
chr7	155644877	+	NP_444271.2
chr7	156643878	+	XP_047275861.1
chr7	156949738	+	NP_001340295.1
chr7	157139273	+	XP_047277029.1
chr7	157358573	+	NP_005485.1
chr7	158856736	+	XP_006716104.1
chr7	158959704	+	XP_047277121.1
chr7	36586	-	XP_011513966.1
chr7	520397	-	XP_047276414.1
chr7	711329	-	XP_047276565.1
chr7	955293	-	NP_001271240.2
chr7	975428	-	NP_001026788.1
chr7	1127257	-	NP_001411255.1
chr7	1158158	-	NP_001352312.1
chr7	1459184	-	XP_047276794.1
chr7	1503903	-	NP_001073922.2
chr7	1555266	-	NP_001091089.1
chr7	1569124	-	NP_001127812.1
chr7	1720261	-	XP_047277132.1
chr7	1936687	-	NP_001291454.1
chr7	2242162	-	NP_037525.1
chr7	2314328	-	XP_016867573.1
chr7	2476372	-	NP_001381716.1
chr7	2554305	-	XP_024302450.1
chr7	2843853	-	NP_001269369.1
chr7	2958500	-	NP_115791.3
chr7	4591852	-	XP_047277092.1
chr7	4877605	-	NP_060529.4
chr7	4958971	-	NP_940685.3
chr7	5421060	-	XP_016868226.1
chr7	5513657	-	NP_001350370.1
chr7	5529535	-	NP_001092.1
chr7	5761003	-	XP_047276485.1
chr7	5966863	-	XP_047276003.1
chr7	6008997	-	NP_001308941.1
chr7	6058966	-	XP_047276156.1
chr7	6272474	-	NP_001354510.1
chr7	6330375	-	NP_001032240.1
chr7	6348573	-	NP_001382924.1
chr7	6447748	-	NP_001136408.1
chr7	6483967	-	NP_001094073.1
chr7	6551008	-	NP_001381710.1
chr7	6705159	-	NP_008887.2
chr7	6826078	-	NP_932765.1
chr7	6955569	-	XP_024302798.1
chr7	7532752	-	XP_047276270.1
chr7	7640320	-	NP_002938.1
chr7	8262000	-	XP_011513659.1
chr7	10940016	-	NP_002480.1
chr7	12403659	-	NP_001333902.1
chr7	12593677	-	XP_047277128.1
chr7	13989008	-	NP_001156623.1
chr7	15685886	-	NP_005915.2
chr7	16465464	-	NP_056279.1
chr7	16645507	-	NP_064715.1
chr7	16801658	-	XP_005249638.1
chr7	16878510	-	XP_011513454.1
chr7	17940284	-	NP_001337796.1
chr7	18026826	-	NP_787082.1
chr7	19116713	-	NP_000465.1
chr7	19144862	-	NP_690862.1
chr7	19708763	-	NP_001002926.1
chr7	19772550	-	NP_001353557.1
chr7	20161748	-	NP_877439.3
chr7	20786778	-	NP_945194.1
chr7	21945781	-	NP_001120842.1
chr7	22314574	-	NP_001354531.1
chr7	22494772	-	NP_997225.1
chr7	22822677	-	NP_061932.1
chr7	22991061	-	XP_011513892.1
chr7	23469936	-	XP_011513394.1
chr7	23531789	-	NP_001269686.1
chr7	24749564	-	NP_001120926.1
chr7	24774018	-	XP_047277133.1
chr7	24892377	-	XP_047276109.1
chr7	25123951	-	NP_061820.1
chr7	25179175	-	XP_047275847.1
chr7	25228302	-	NP_071433.3
chr7	26200572	-	XP_047276259.1
chr7	26864363	-	NP_001290397.1
chr7	27095559	-	NP_005513.2
chr7	27102110	-	NP_006726.1
chr7	27110115	-	NP_705895.1
chr7	27130118	-	NP_002132.3
chr7	27143046	-	NP_061975.2
chr7	27147308	-	NP_076919.1
chr7	27156167	-	NP_008827.2
chr7	27164878	-	NP_689952.1
chr7	27173349	-	NP_061824.3
chr7	27184436	-	NP_005514.1
chr7	27199156	-	NP_000513.2
chr7	27662698	-	XP_047275790.1
chr7	27895220	-	XP_047275982.1
chr7	28955611	-	NP_055632.2
chr7	29120893	-	NP_001358195.1
chr7	29990182	-	XP_047277041.1
chr7	30026312	-	XP_047276506.1
chr7	30456721	-	XP_047275726.1
chr7	30504569	-	NP_001186746.1
chr7	30699944	-	NP_001189411.1
chr7	31338255	-	NP_073565.2
chr7	31878996	-	XP_047276401.1
chr7	32490320	-	NP_001124182.1
chr7	32879435	-	XP_011513558.1
chr7	33062568	-	NP_001361265.1
chr7	33109221	-	XP_011513770.1
chr7	35037818	-	XP_011513548.1
chr7	35253494	-	XP_016867945.1
chr7	35694184	-	XP_006715828.1
chr7	36389967	-	NP_001287885.1
chr7	36724022	-	XP_011513644.1
chr7	36894854	-	NP_569709.1
chr7	37916093	-	NP_003005.2
chr7	38265490	-	NP_001003806.1
chr7	38631283	-	XP_006715754.1
chr7	38909154	-	XP_016867477.1
chr7	40134229	-	NP_619646.1
chr7	41699987	-	XP_016867663.2
chr7	42148226	-	XP_011513576.1
chr7	42911040	-	NP_076959.2
chr7	42932118	-	NP_002778.1
chr7	43648600	-	NP_001358247.1
chr7	43906562	-	NP_114403.1
chr7	44065116	-	NP_000281.2
chr7	44082251	-	NP_001271259.1
chr7	44123613	-	XP_047276456.1
chr7	44141303	-	NP_067046.1
chr7	44188909	-	NP_001341731.1
chr7	44325357	-	XP_011513861.1
chr7	44490409	-	XP_011513549.1
chr7	44541206	-	XP_011513630.1
chr7	44573836	-	NP_001244118.1
chr7	44582047	-	NP_001289990.1
chr7	44847969	-	NP_619541.1
chr7	44884410	-	NP_150093.1
chr7	44978867	-	NP_149043.2
chr7	45088828	-	XP_006715737.1
chr7	45111643	-	NP_954573.1
chr7	45884903	-	NP_001382164.1
chr7	45920738	-	NP_001013416.1
chr7	47470443	-	XP_011513786.1
chr7	47952243	-	NP_612152.1
chr7	47979468	-	NP_001350612.1
chr7	48028817	-	NP_001271279.1
chr7	50093068	-	XP_011513404.1
chr7	50445263	-	NP_001274424.1
chr7	50543885	-	XP_005271802.1
chr7	50792442	-	XP_047276212.1
chr7	51136158	-	XP_011513543.1
chr7	54757495	-	NP_001012474.1
chr7	55572271	-	XP_011513843.1
chr7	55748440	-	XP_005271850.1
chr7	55861943	-	NP_997249.2
chr7	56021073	-	NP_001357442.1
chr7	56088859	-	XP_016867816.1
chr7	56106364	-	NP_001307256.1
chr7	56116021	-	NP_001139184.1
chr7	56380740	-	XP_016868418.1
chr7	56814735	-	XP_047277093.1
chr7	56824078	-	XP_047277095.1
chr7	56825820	-	XP_047277094.1
chr7	57132286	-	NP_150376.1
chr7	64562925	-	XP_024302514.1
chr7	64889452	-	XP_011515047.1
chr7	64981387	-	NP_056936.2
chr7	64991212	-	NP_001007254.2
chr7	65981974	-	NP_001280034.1
chr7	66995290	-	NP_057122.2
chr7	72728822	-	NP_001399111.1
chr7	72828072	-	NP_001399110.1
chr7	72966146	-	XP_047276310.1
chr7	73027837	-	NP_001369454.1
chr7	73055982	-	NP_001338278.1
chr7	73084109	-	NP_001369483.1
chr7	73112123	-	NP_001369434.1
chr7	73308698	-	NP_001161819.1
chr7	73324389	-	XP_047275836.1
chr7	73521827	-	NP_115784.1
chr7	73557487	-	NP_001184173.1
chr7	73578420	-	NP_001349590.1
chr7	73624200	-	XP_016867752.1
chr7	73682743	-	NP_115693.2
chr7	73719602	-	NP_004594.1
chr7	73738646	-	XP_047276840.1
chr7	73769387	-	NP_001297.1
chr7	73842018	-	NP_689772.2
chr7	74254271	-	NP_001265722.1
chr7	74849112	-	NP_001375015.1
chr7	74913151	-	NP_001369484.1
chr7	75073414	-	NP_683682.1
chr7	75441432	-	NP_001092885.2
chr7	75639051	-	XP_047276250.1
chr7	75772104	-	NP_006063.1
chr7	75813643	-	NP_001358122.1
chr7	75994490	-	NP_001304732.1
chr7	76030421	-	NP_001304718.1
chr7	76358722	-	NP_036611.2
chr7	76404307	-	XP_016867239.1
chr7	76541300	-	XP_016868376.1
chr7	76626000	-	NP_694537.1
chr7	77030441	-	NP_001338280.1
chr7	77060353	-	NP_001381882.1
chr7	77199181	-	NP_006673.1
chr7	77416213	-	XP_047276447.1
chr7	77793972	-	NP_116325.1
chr7	80511809	-	NP_001095856.1
chr7	80922265	-	NP_001337050.1
chr7	81769884	-	NP_001010932.1
chr7	81999079	-	XP_006716184.1
chr7	83490114	-	NP_001171600.1
chr7	85121741	-	XP_047276005.1
chr7	87059490	-	XP_024302454.1
chr7	87219426	-	NP_001316402.1
chr7	87475386	-	XP_011514611.4
chr7	87602960	-	NP_001335873.1
chr7	87858631	-	NP_061331.2
chr7	88226909	-	NP_003121.1
chr7	88283814	-	NP_001192245.1
chr7	88794181	-	NP_689919.1
chr7	90319329	-	NP_001371166.1
chr7	91880055	-	NP_001288063.1
chr7	92134173	-	NP_001139624.1
chr7	92163286	-	NP_001371862.1
chr7	92242034	-	NP_001337600.1
chr7	92468765	-	NP_001124397.1
chr7	92528307	-	XP_047276429.1
chr7	92590268	-	NP_001035146.1
chr7	93101328	-	NP_001180236.1
chr7	93131217	-	NP_001290429.1
chr7	93226368	-	NP_001275739.1
chr7	93486931	-	NP_001733.1
chr7	93890591	-	NP_001257932.1
chr7	94004198	-	NP_001304668.1
chr7	94655990	-	NP_001092870.1
chr7	95324402	-	NP_000437.3
chr7	95396277	-	NP_000931.1
chr7	95434878	-	XP_016867846.1
chr7	95596164	-	NP_002603.1
chr7	96321942	-	XP_047275671.1
chr7	96709688	-	NP_001380833.1
chr7	97024269	-	XP_005250242.1
chr7	97868908	-	NP_001171547.1
chr7	97990044	-	NP_006179.2
chr7	98245922	-	XP_047276075.1
chr7	98400802	-	NP_061330.2
chr7	98869777	-	NP_001127923.1
chr7	99143726	-	XP_047276593.1
chr7	99210215	-	XP_016867700.1
chr7	99408536	-	NP_055706.1
chr7	99466129	-	NP_056360.2
chr7	99499638	-	NP_001332897.1
chr7	99546686	-	XP_024302449.1
chr7	99679826	-	NP_001278758.1
chr7	99735023	-	NP_001243426.2
chr7	99784011	-	NP_001189784.1
chr7	99876062	-	NP_001005276.1
chr7	99919009	-	NP_149082.1
chr7	99929381	-	NP_853516.1
chr7	99975945	-	NP_001176.1
chr7	100077303	-	NP_001305066.1
chr7	100101264	-	NP_001265524.1
chr7	100119695	-	XP_024302664.1
chr7	100158089	-	NP_001290399.1
chr7	100166971	-	NP_078913.3
chr7	100177034	-	NP_689955.1
chr7	100420622	-	NP_001374995.1
chr7	100436538	-	NP_659467.1
chr7	100477277	-	NP_001004323.1
chr7	100573597	-	NP_001335606.1
chr7	100585881	-	NP_001276863.1
chr7	100641477	-	NP_001193784.1
chr7	100656330	-	NP_057272.1
chr7	100688204	-	NP_001362689.1
chr7	100826979	-	NP_004435.3
chr7	100888843	-	NP_001015072.2
chr7	100896553	-	NP_001289551.1
chr7	101162996	-	XP_011514851.1
chr7	101174496	-	NP_940973.2
chr7	101200746	-	NP_001274076.1
chr7	101217166	-	NP_001075.1
chr7	101237365	-	NP_001172009.1
chr7	101244960	-	NP_057152.2
chr7	101321671	-	NP_001124294.1
chr7	101629041	-	XP_016868282.1
chr7	102355864	-	NP_001139682.2
chr7	102464714	-	XP_005250521.1
chr7	102478811	-	NP_001358029.1
chr7	102517646	-	XP_047275642.1
chr7	102543525	-	NP_001350435.1
chr7	102572472	-	NP_001091084.2
chr7	102579432	-	XP_047277116.1
chr7	102616625	-	XP_047275665.1
chr7	102642630	-	NP_001107875.1
chr7	102671552	-	NP_116581.3
chr7	102973150	-	XP_047276000.1
chr7	103128483	-	XP_047276002.1
chr7	103344559	-	XP_011514332.1
chr7	103421363	-	NP_996768.1
chr7	104207833	-	NP_002544.1
chr7	105268806	-	XP_047276730.1
chr7	105508115	-	XP_047276489.1
chr7	105581358	-	NP_001342460.1
chr7	105665066	-	NP_612504.1
chr7	105876378	-	NP_689962.1
chr7	106112479	-	NP_001368846.1
chr7	106284828	-	XP_047275655.1
chr7	106660189	-	NP_787080.2
chr7	107794379	-	NP_000102.1
chr7	108002849	-	NP_002282.2
chr7	108123131	-	XP_011514277.1
chr7	108239959	-	NP_001358066.1
chr7	108526029	-	NP_001242940.1
chr7	108569490	-	XP_047275890.1
chr7	111521313	-	NP_001337893.1
chr7	112783698	-	NP_071929.3
chr7	112939591	-	NP_689769.2
chr7	113083609	-	NP_061843.3
chr7	113117399	-	NP_001339617.1
chr7	113918819	-	NP_002702.2
chr7	116110708	-	XP_016867367.1
chr7	117322907	-	NP_003382.1
chr7	117427356	-	NP_001288751.1
chr7	117873335	-	NP_001350280.1
chr7	120856698	-	XP_047276053.1
chr7	121382957	-	XP_047275731.1
chr7	122133517	-	XP_011514027.1
chr7	122304009	-	XP_005250394.1
chr7	122697788	-	NP_631914.1
chr7	122701833	-	NP_932351.1
chr7	122994759	-	NP_058641.1
chr7	123199848	-	XP_024302653.1
chr7	123511944	-	XP_016867261.1
chr7	123596352	-	XP_024302539.1
chr7	123748618	-	NP_003932.3
chr7	124031861	-	NP_001129474.1
chr7	124763954	-	NP_005293.1
chr7	124897165	-	NP_001036059.1
chr7	127391497	-	XP_047275905.1
chr7	127584151	-	NP_078799.2
chr7	127615916	-	NP_001353040.1
chr7	128028679	-	XP_011514763.1
chr7	128343676	-	NP_001159607.1
chr7	128359340	-	NP_001382358.1
chr7	128409756	-	XP_047276289.1
chr7	128775439	-	NP_001372054.1
chr7	128910601	-	NP_001353051.1
chr7	129054651	-	NP_001369152.1
chr7	129952503	-	NP_001189427.1
chr7	130051221	-	XP_011514592.1
chr7	130205373	-	NP_001350407.1
chr7	130441658	-	XP_011515011.1
chr7	130685188	-	NP_036265.3
chr7	130733062	-	NP_619638.2
chr7	131556260	-	NP_005388.2
chr7	132507506	-	NP_001099013.1
chr7	133081857	-	NP_001304107.1
chr7	134320139	-	NP_116215.1
chr7	134458997	-	NP_001333071.1
chr7	135168786	-	NP_001292559.1
chr7	135211380	-	NP_001349667.1
chr7	135438158	-	NP_001380302.1
chr7	135727398	-	XP_016867451.1
chr7	135748505	-	NP_995327.1
chr7	135977029	-	NP_665807.1
chr7	137254859	-	NP_001308316.1
chr7	138001604	-	NP_001305175.1
chr7	138678964	-	XP_011514099.1
chr7	138771131	-	NP_570855.2
chr7	138981083	-	NP_065961.2
chr7	139035653	-	XP_011514990.1
chr7	139109024	-	NP_064504.2
chr7	139482886	-	XP_011514443.1
chr7	139740042	-	XP_047276220.1
chr7	140062522	-	NP_073587.1
chr7	140176744	-	XP_011514889.1
chr7	140382438	-	XP_047276905.1
chr7	140479160	-	XP_011514300.1
chr7	140601403	-	NP_001304981.1
chr7	140924566	-	NP_001365397.1
chr7	141010419	-	NP_444263.1
chr7	141701886	-	NP_001073861.1
chr7	141841016	-	XP_047275839.1
chr7	141946214	-	XP_011514297.1
chr7	141972688	-	NP_789787.5
chr7	142257668	-	NP_001001317.1
chr7	142885389	-	NP_061116.5
chr7	142933332	-	NP_062815.3
chr7	142962204	-	XP_005250050.1
chr7	143026200	-	NP_001001658.1
chr7	143362576	-	NP_001265226.1
chr7	143875989	-	XP_006716254.1
chr7	144410143	-	XP_016867231.1
chr7	144643439	-	XP_047276155.1
chr7	148608281	-	XP_047277131.1
chr7	148850454	-	XP_047275961.1
chr7	149028321	-	NP_001358173.1
chr7	149090623	-	NP_689624.2
chr7	149126196	-	NP_001001661.1
chr7	149460030	-	NP_056509.2
chr7	149497513	-	XP_047275881.1
chr7	149771385	-	NP_001316785.1
chr7	150047609	-	NP_001337956.1
chr7	150295252	-	XP_047276704.1
chr7	150340436	-	NP_002880.1
chr7	150563213	-	XP_016868425.1
chr7	150630058	-	NP_078987.3
chr7	150800022	-	NP_054739.3
chr7	150977838	-	NP_742054.1
chr7	151023874	-	XP_011514367.3
chr7	151057812	-	NP_001157882.1
chr7	151080685	-	XP_005249989.1
chr7	151082175	-	NP_001129516.1
chr7	151167011	-	NP_001092304.1
chr7	151187452	-	NP_001135932.2
chr7	151205444	-	NP_001291348.1
chr7	151226305	-	NP_001356054.2
chr7	151275114	-	XP_047276714.1
chr7	151409427	-	XP_011514447.1
chr7	151439897	-	NP_653328.1
chr7	151519460	-	XP_011514759.1
chr7	151735900	-	XP_047276406.1
chr7	152676041	-	NP_005422.1
chr7	155003156	-	XP_047276015.1
chr7	155545831	-	NP_001356743.1
chr7	155811823	-	NP_001297391.1
chr7	156833753	-	NP_001337887.1
chr7	157009660	-	NP_001158727.1
chr7	157295036	-	XP_047277125.1
chr7	158701822	-	XP_011514664.1
chr7	158829089	-	XP_047276616.1
chr7	159144721	-	NP_001295188.1
chr8	240896	+	NP_001274184.1
chr8	413080	+	XP_047277640.1
chr8	1771055	+	XP_047277469.1
chr8	1826111	+	NP_001295082.1
chr8	2001193	+	XP_011533074.1
chr8	2050767	+	NP_003961.3
chr8	6406668	+	XP_011533060.1
chr8	6708669	+	XP_047277896.1
chr8	6780921	+	XP_047278463.1
chr8	7256904	+	NP_001410467.1
chr8	7264526	+	NP_001410457.1
chr8	7279770	+	NP_001410455.1
chr8	7287392	+	NP_001410458.1
chr8	7312846	+	NP_001032457.1
chr8	7337115	+	NP_001243803.1
chr8	7539805	+	XP_011533018.1
chr8	7715443	+	NP_001157924.1
chr8	7723091	+	NP_001157923.1
chr8	7738387	+	NP_001157922.1
chr8	7848047	+	XP_005272449.3
chr8	7859231	+	XP_016869233.1
chr8	7947422	+	XP_047277163.1
chr8	8963226	+	XP_047278460.1
chr8	9003064	+	XP_011542151.1
chr8	10054517	+	XP_024302930.1
chr8	10525586	+	XP_016868671.2
chr8	10673659	+	XP_047277449.1
chr8	11284889	+	XP_016869242.1
chr8	11543225	+	XP_011542130.1
chr8	13566992	+	NP_001007091.2
chr8	15540431	+	NP_001400616.1
chr8	17027280	+	XP_016868827.1
chr8	17156711	+	XP_011542851.1
chr8	17247245	+	NP_001350102.1
chr8	17538825	+	NP_001158243.1
chr8	17577253	+	NP_006198.1
chr8	17935611	+	NP_001339589.2
chr8	18216894	+	XP_047278353.1
chr8	18400004	+	XP_016868427.1
chr8	19313778	+	NP_001167631.1
chr8	19817538	+	XP_016869096.1
chr8	19939441	+	NP_000228.1
chr8	20197407	+	NP_001684.2
chr8	21919771	+	NP_001093631.1
chr8	22025249	+	NP_001400048.1
chr8	22041574	+	XP_011542985.1
chr8	22066876	+	NP_001374656.1
chr8	22089254	+	XP_005273659.1
chr8	22161829	+	NP_001372584.1
chr8	22165406	+	NP_001190.1
chr8	22245450	+	NP_001713.2
chr8	22279387	+	XP_005273608.1
chr8	22393218	+	NP_001338586.1
chr8	22441410	+	XP_047277898.1
chr8	22545074	+	XP_047277173.1
chr8	22578780	+	NP_067643.3
chr8	22599721	+	NP_001013864.1
chr8	22605774	+	NP_001349998.1
chr8	22994584	+	XP_047277565.1
chr8	23103122	+	NP_003832.3
chr8	23246696	+	NP_689485.1
chr8	23288524	+	NP_001129580.2
chr8	23529003	+	NP_057696.2
chr8	24294150	+	NP_068547.2
chr8	24384505	+	NP_055294.1
chr8	24441109	+	NP_003808.2
chr8	24913794	+	NP_005373.2
chr8	25184909	+	NP_001309739.1
chr8	25460240	+	NP_001304836.1
chr8	26291820	+	NP_002708.1
chr8	26383131	+	NP_004322.1
chr8	26514326	+	NP_001184222.1
chr8	27397585	+	XP_047277500.1
chr8	27491209	+	NP_001400952.1
chr8	27634201	+	XP_047277806.1
chr8	27775515	+	XP_011542723.1
chr8	28093215	+	NP_060561.3
chr8	28329158	+	NP_006219.1
chr8	28503014	+	XP_016869331.1
chr8	28716060	+	XP_024302864.1
chr8	28963868	+	XP_011542944.1
chr8	30095513	+	NP_056159.2
chr8	30156384	+	NP_006562.1
chr8	30385093	+	XP_016868473.1
chr8	30645310	+	XP_024302818.1
chr8	30732245	+	XP_011542957.1
chr8	31058448	+	NP_000544.2
chr8	32548727	+	NP_004486.2
chr8	33485207	+	NP_115898.2
chr8	36784411	+	XP_011542729.1
chr8	37695980	+	NP_079345.1
chr8	37737923	+	NP_001349809.1
chr8	37762555	+	NP_001336278.1
chr8	37797269	+	XP_011542783.1
chr8	38030574	+	NP_004086.1
chr8	38105551	+	XP_005273739.1
chr8	38176870	+	NP_004865.1
chr8	38232995	+	NP_001157706.1
chr8	38387984	+	NP_001273750.1
chr8	38737462	+	XP_047278097.1
chr8	38917930	+	NP_067636.1
chr8	38974264	+	XP_011542734.1
chr8	38997064	+	XP_047278346.1
chr8	39107675	+	NP_001300923.1
chr8	39584623	+	NP_001177885.1
chr8	39913923	+	NP_002155.1
chr8	39949166	+	NP_919270.3
chr8	40153533	+	NP_064515.2
chr8	41490855	+	NP_001167595.1
chr8	41530203	+	NP_115712.1
chr8	41599140	+	XP_047277326.1
chr8	42154688	+	NP_001127768.1
chr8	42271724	+	XP_011542822.1
chr8	42338625	+	XP_005273592.1
chr8	42394212	+	NP_001400482.1
chr8	42542449	+	NP_001350115.1
chr8	42697547	+	NP_000740.1
chr8	42897132	+	NP_115786.1
chr8	43056347	+	NP_002018.1
chr8	43103549	+	NP_115613.1
chr8	43140497	+	XP_005273469.1
chr8	43292485	+	XP_047277712.1
chr8	47188495	+	XP_047278472.1
chr8	47595962	+	NP_001339887.1
chr8	47961145	+	NP_005905.2
chr8	47997452	+	XP_016869297.2
chr8	49072831	+	NP_001243527.1
chr8	50394239	+	XP_016869070.1
chr8	52939908	+	NP_005276.2
chr8	53851900	+	NP_733466.1
chr8	54135284	+	NP_054894.1
chr8	54458139	+	NP_071899.1
chr8	54560478	+	XP_047278030.1
chr8	55773619	+	NP_079107.6
chr8	55941860	+	NP_002341.1
chr8	56212851	+	NP_001011667.1
chr8	58146231	+	NP_671722.1
chr8	58411386	+	NP_001317464.1
chr8	58561748	+	NP_001335270.1
chr8	60517208	+	NP_001229573.1
chr8	60741433	+	XP_011515862.1
chr8	61299828	+	XP_024302847.1
chr8	63168878	+	NP_689971.4
chr8	64580791	+	NP_689627.1
chr8	65669953	+	NP_001139311.1
chr8	66051548	+	XP_011515922.1
chr8	66127269	+	NP_149047.2
chr8	66429132	+	NP_055984.1
chr8	66432517	+	NP_653251.2
chr8	66493649	+	NP_689978.2
chr8	66793737	+	NP_001191102.1
chr8	66874141	+	NP_001129633.1
chr8	67064399	+	XP_047278214.1
chr8	67952395	+	NP_079446.3
chr8	69563976	+	NP_001399778.1
chr8	70681059	+	XP_011515828.1
chr8	72936091	+	XP_016869471.1
chr8	73008887	+	NP_001400303.1
chr8	73295290	+	NP_742034.1
chr8	73976282	+	NP_001035703.1
chr8	73991443	+	XP_047277618.1
chr8	74350462	+	XP_016869075.2
chr8	74825250	+	NP_001311332.1
chr8	74985988	+	NP_113649.1
chr8	75539963	+	NP_004124.5
chr8	76704089	+	NP_078997.4
chr8	78598385	+	XP_016869109.1
chr8	78666149	+	XP_011515841.1
chr8	79611196	+	NP_001186143.1
chr8	80485784	+	NP_001264074.1
chr8	81280596	+	NP_001435.1
chr8	81732627	+	NP_689497.1
chr8	84774587	+	XP_024302838.1
chr8	85107296	+	XP_047278325.1
chr8	85177421	+	NP_001942.2
chr8	85245829	+	NP_940986.1
chr8	85438910	+	NP_005172.1
chr8	85464082	+	NP_000058.1
chr8	85735314	+	XP_005251178.1
chr8	86098979	+	NP_689778.1
chr8	86374051	+	XP_047277241.1
chr8	86528546	+	XP_047278349.1
chr8	89758061	+	NP_003812.1
chr8	89902794	+	NP_001119583.1
chr8	90001493	+	NP_001350.1
chr8	90791887	+	NP_071746.1
chr8	91070385	+	XP_047277820.1
chr8	91102662	+	NP_001123362.1
chr8	91249652	+	NP_599028.1
chr8	93700648	+	XP_047277306.1
chr8	93754915	+	NP_714915.3
chr8	93917584	+	XP_016869077.1
chr8	94641319	+	NP_060167.2
chr8	94719999	+	XP_005250951.2
chr8	94823432	+	NP_060334.2
chr8	94980933	+	NP_001341445.1
chr8	95154045	+	NP_078889.1
chr8	96262041	+	NP_055569.1
chr8	96494272	+	NP_002989.2
chr8	97644507	+	NP_001350066.1
chr8	97776010	+	NP_060877.4
chr8	97888101	+	NP_002371.3
chr8	98064670	+	NP_775820.2
chr8	98123338	+	XP_011515103.1
chr8	98427980	+	NP_065748.1
chr8	98948173	+	NP_001273770.1
chr8	99013789	+	NP_858047.2
chr8	100151356	+	NP_005025.1
chr8	100162281	+	XP_011515547.1
chr8	101315407	+	XP_047278482.1
chr8	101492770	+	NP_079191.2
chr8	102551728	+	NP_077721.2
chr8	103040837	+	NP_001686.1
chr8	103140898	+	NP_001351803.1
chr8	103300108	+	NP_001158087.1
chr8	103371657	+	NP_612464.1
chr8	103415447	+	NP_056235.5
chr8	104148623	+	XP_006716761.1
chr8	104348553	+	XP_024303056.1
chr8	106581239	+	XP_016869080.1
chr8	108443659	+	NP_001316423.1
chr8	109087513	+	NP_003292.1
chr8	109334469	+	NP_064574.1
chr8	109362581	+	NP_803875.2
chr8	109550825	+	NP_936056.1
chr8	116766604	+	NP_115710.2
chr8	116938244	+	NP_001020528.1
chr8	117135328	+	NP_776250.2
chr8	117520877	+	NP_001350111.1
chr8	119067282	+	NP_006429.2
chr8	119208473	+	NP_443118.1
chr8	119416533	+	NP_002505.1
chr8	119873847	+	NP_073620.2
chr8	120147843	+	NP_001400425.1
chr8	120445471	+	XP_011515265.1
chr8	122951511	+	NP_001399735.1
chr8	123072770	+	XP_047278391.1
chr8	123182857	+	XP_011515640.1
chr8	123416850	+	XP_006716660.1
chr8	123768703	+	XP_047277362.1
chr8	123914668	+	XP_011515537.1
chr8	124450928	+	NP_060426.2
chr8	124486031	+	XP_047277266.1
chr8	124975641	+	NP_689625.2
chr8	124999404	+	NP_003120.2
chr8	125102331	+	NP_001336416.1
chr8	125430903	+	NP_079471.1
chr8	127415867	+	NP_001382674.1
chr8	127736594	+	NP_001341799.1
chr8	131904313	+	NP_001310487.1
chr8	132777829	+	XP_016869006.1
chr8	132867001	+	XP_005251099.1
chr8	133191145	+	NP_003873.1
chr8	134756526	+	XP_047278496.1
chr8	135457867	+	XP_011515101.1
chr8	140511500	+	NP_059140.1
chr8	141128708	+	NP_001339820.2
chr8	141422241	+	XP_016868487.1
chr8	142464199	+	XP_011515504.1
chr8	142680539	+	NP_005663.2
chr8	142700354	+	XP_005251047.1
chr8	142727347	+	NP_057731.1
chr8	142840438	+	NP_002057.1
chr8	143020940	+	NP_002337.1
chr8	143081054	+	NP_001355089.1
chr8	143213268	+	NP_835466.2
chr8	143249844	+	NP_776193.3
chr8	143269397	+	NP_612474.1
chr8	143293002	+	NP_112157.2
chr8	143368988	+	XP_047277277.1
chr8	143559336	+	NP_001159709.1
chr8	143597904	+	NP_116251.4
chr8	143649873	+	NP_055604.3
chr8	143690109	+	NP_001275734.1
chr8	143716378	+	XP_011515228.1
chr8	143735854	+	XP_047278057.1
chr8	143991224	+	NP_000828.1
chr8	144011398	+	XP_011515324.1
chr8	144078729	+	NP_061910.1
chr8	144082731	+	NP_003792.1
chr8	144095100	+	NP_001907.3
chr8	144105684	+	NP_115648.2
chr8	144107751	+	XP_047277702.1
chr8	144137836	+	NP_057542.2
chr8	144163827	+	NP_001092750.2
chr8	144266614	+	NP_001073983.1
chr8	144291758	+	XP_047277699.1
chr8	144359294	+	XP_016869311.1
chr8	144375404	+	XP_047277412.1
chr8	144466420	+	XP_011515664.1
chr8	144497195	+	XP_047278290.1
chr8	144504305	+	NP_001369594.1
chr8	144509334	+	XP_016868494.1
chr8	144519726	+	XP_024303104.1
chr8	144799488	+	XP_011515319.1
chr8	144829088	+	XP_011515596.1
chr8	144901682	+	XP_047278490.1
chr8	166086	-	NP_001005504.1
chr8	544650	-	NP_001243042.1
chr8	731140	-	XP_047277359.1
chr8	6562647	-	NP_001373264.1
chr8	6979117	-	XP_011533042.1
chr8	7017333	-	XP_011533043.1
chr8	7567238	-	NP_001408830.1
chr8	7574884	-	NP_001384311.1
chr8	7781160	-	XP_011542113.1
chr8	8890061	-	XP_047278375.1
chr8	9140794	-	XP_047278191.1
chr8	10517894	-	XP_047278466.1
chr8	11200576	-	XP_011542123.1
chr8	11444031	-	XP_011542142.1
chr8	11996194	-	XP_016869213.1
chr8	12071690	-	NP_001182186.1
chr8	12137168	-	NP_958804.2
chr8	12194005	-	XP_006716323.1
chr8	12436248	-	NP_001131082.1
chr8	12754700	-	XP_047278370.1
chr8	13276262	-	NP_001400063.1
chr8	13499049	-	NP_079043.3
chr8	16186159	-	NP_619730.1
chr8	17001747	-	NP_062825.1
chr8	17245036	-	NP_001309023.1
chr8	17413269	-	XP_011542995.1
chr8	17753717	-	NP_001349989.1
chr8	17885492	-	XP_047277533.1
chr8	17908422	-	XP_047278467.1
chr8	17924914	-	XP_047278461.1
chr8	18084676	-	NP_001350672.1
chr8	18683774	-	NP_001399825.1
chr8	18822478	-	NP_001399816.1
chr8	19505201	-	XP_011542887.1
chr8	20180841	-	XP_047278075.1
chr8	20254837	-	NP_066300.1
chr8	21788120	-	XP_024302895.1
chr8	21913539	-	NP_001304729.1
chr8	22110149	-	NP_079091.3
chr8	22128559	-	NP_060881.2
chr8	22130604	-	NP_001381061.1
chr8	22141451	-	NP_001303893.1
chr8	22156337	-	NP_644807.1
chr8	22228193	-	XP_016869591.1
chr8	22669044	-	XP_047277951.1
chr8	22692791	-	NP_001186810.1
chr8	22927584	-	XP_016868592.1
chr8	23068751	-	NP_671716.2
chr8	23163786	-	NP_003831.2
chr8	23224756	-	NP_003835.3
chr8	23367997	-	NP_002309.1
chr8	23449893	-	NP_001122402.1
chr8	23682857	-	NP_006158.2
chr8	23706325	-	NP_001129743.2
chr8	23854406	-	NP_003146.1
chr8	24955472	-	NP_006149.2
chr8	25423190	-	NP_000816.4
chr8	25458199	-	XP_047277868.1
chr8	26450342	-	XP_047278462.1
chr8	26507661	-	NP_009188.1
chr8	26864087	-	NP_001309432.1
chr8	27243711	-	NP_001381313.1
chr8	27310801	-	XP_047277558.1
chr8	27470986	-	NP_001334634.1
chr8	27610475	-	NP_001822.3
chr8	27772513	-	NP_001291459.1
chr8	27833056	-	NP_001349969.1
chr8	27987504	-	NP_001400132.1
chr8	28074368	-	XP_011542827.1
chr8	28360885	-	NP_061130.1
chr8	28483348	-	NP_001245140.1
chr8	28889874	-	XP_011542877.1
chr8	29262980	-	XP_011542761.1
chr8	29349846	-	NP_476499.1
chr8	30082847	-	NP_001271168.1
chr8	30144483	-	NP_001094386.1
chr8	30653433	-	NP_002086.1
chr8	30727530	-	XP_047277684.1
chr8	30812320	-	NP_001009552.1
chr8	30887167	-	NP_001337091.1
chr8	31031919	-	NP_001310241.1
chr8	33461372	-	XP_047278281.1
chr8	33511967	-	NP_001317434.1
chr8	33566699	-	XP_016869335.1
chr8	33597295	-	NP_001292044.1
chr8	37849630	-	NP_060780.2
chr8	37899071	-	NP_079427.4
chr8	37939915	-	XP_047277305.1
chr8	37965265	-	NP_000016.1
chr8	38150755	-	NP_000340.2
chr8	38176275	-	NP_055277.1
chr8	38269126	-	XP_047278279.1
chr8	38347497	-	NP_075447.1
chr8	38461096	-	NP_001341299.1
chr8	38996213	-	XP_011542969.1
chr8	39838131	-	XP_011542782.1
chr8	40825575	-	XP_016869329.1
chr8	41308616	-	NP_003003.3
chr8	41650111	-	NP_689781.1
chr8	41797512	-	NP_065213.2
chr8	42048378	-	NP_006757.2
chr8	42193114	-	NP_127509.1
chr8	42376935	-	XP_016868805.1
chr8	42472102	-	XP_016869241.1
chr8	42768352	-	XP_047278352.1
chr8	42843024	-	NP_060575.1
chr8	42893953	-	NP_001153696.1
chr8	47091401	-	XP_011515953.1
chr8	47122207	-	XP_016869618.1
chr8	47737311	-	NP_005186.2
chr8	47959973	-	NP_001075109.1
chr8	48735094	-	XP_011515893.1
chr8	48921187	-	NP_003059.1
chr8	51499699	-	XP_005251225.1
chr8	51898930	-	XP_047277281.1
chr8	52214203	-	NP_001339806.1
chr8	52409682	-	NP_001339813.1
chr8	52565067	-	NP_997296.1
chr8	52685399	-	XP_011515947.1
chr8	53250781	-	NP_001305426.1
chr8	53841578	-	XP_011515844.1
chr8	54022063	-	XP_006716530.1
chr8	54101755	-	XP_016868449.1
chr8	54469973	-	XP_041536491.1
chr8	55762635	-	NP_001350106.1
chr8	56074381	-	NP_001139699.1
chr8	56112942	-	NP_005363.1
chr8	56168028	-	NP_001108107.1
chr8	56316015	-	NP_001304979.1
chr8	56445816	-	NP_001129162.1
chr8	56993199	-	NP_060283.3
chr8	58500019	-	NP_000771.2
chr8	58659573	-	NP_001399936.1
chr8	60281048	-	NP_001308768.1
chr8	61714269	-	XP_016868933.1
chr8	63038660	-	NP_003869.1
chr8	63085818	-	NP_001400346.1
chr8	64577922	-	XP_047278474.1
chr8	64692109	-	XP_016869491.1
chr8	65627216	-	NP_001273631.1
chr8	65841371	-	XP_011515842.1
chr8	66176887	-	NP_000747.1
chr8	66612819	-	XP_016868944.1
chr8	66664249	-	NP_079330.2
chr8	66961376	-	NP_001180431.1
chr8	67028491	-	NP_001351841.1
chr8	67061854	-	NP_006828.2
chr8	67343164	-	NP_001400115.1
chr8	67509517	-	XP_016869135.1
chr8	69831767	-	NP_112220.2
chr8	70069161	-	NP_078780.1
chr8	70216660	-	NP_001308642.1
chr8	70608077	-	XP_047277592.1
chr8	70668999	-	NP_057111.1
chr8	71356462	-	NP_001275504.1
chr8	71843645	-	NP_005089.2
chr8	72089948	-	XP_011515927.1
chr8	73092854	-	XP_047277364.1
chr8	73259332	-	NP_001378922.1
chr8	73293599	-	NP_001350666.1
chr8	73738284	-	NP_001157855.1
chr8	73878808	-	NP_001257944.2
chr8	73959765	-	NP_001191793.1
chr8	74320909	-	NP_001304759.1
chr8	76983261	-	NP_001165558.2
chr8	78804913	-	XP_011515825.1
chr8	79767575	-	NP_001269780.1
chr8	80030036	-	NP_054737.1
chr8	80171425	-	NP_001374709.1
chr8	80821374	-	NP_001028895.1
chr8	80993103	-	XP_047277950.1
chr8	81447314	-	NP_002668.1
chr8	81461451	-	NP_001073995.1
chr8	81483095	-	NP_001433.1
chr8	81531243	-	XP_011515879.1
chr8	81685763	-	NP_005527.1
chr8	81693656	-	NP_001010893.1
chr8	81721227	-	NP_001164267.1
chr8	81839839	-	XP_011515876.1
chr8	85217386	-	NP_001280249.1
chr8	85341599	-	NP_001278897.1
chr8	85744489	-	XP_005251179.1
chr8	85790325	-	XP_047278492.1
chr8	86069911	-	NP_149117.1
chr8	86229620	-	NP_620172.2
chr8	86508492	-	XP_047277784.1
chr8	86743499	-	XP_011515440.1
chr8	87872784	-	NP_689631.1
chr8	88118700	-	XP_024302922.1
chr8	89984525	-	XP_047277751.1
chr8	90082619	-	NP_001353724.1
chr8	90645111	-	NP_001139745.1
chr8	90980363	-	NP_001350204.1
chr8	91040644	-	NP_061180.1
chr8	92102857	-	XP_016869429.1
chr8	92916929	-	XP_047277669.1
chr8	93733405	-	XP_011515331.1
chr8	94194635	-	NP_001400890.1
chr8	94260173	-	NP_859053.1
chr8	94467405	-	NP_001192192.1
chr8	94553385	-	XP_047277633.1
chr8	94894208	-	XP_016869447.1
chr8	94940830	-	NP_150601.1
chr8	95269035	-	NP_001350189.1
chr8	96160287	-	NP_001001557.1
chr8	96235512	-	NP_001186904.1
chr8	96258357	-	NP_001349893.1
chr8	97276591	-	NP_277047.2
chr8	98045347	-	NP_000980.1
chr8	98117032	-	NP_005827.1
chr8	98294003	-	NP_001308564.1
chr8	98825515	-	XP_047278093.1
chr8	98941528	-	XP_047278479.1
chr8	99891908	-	NP_004365.1
chr8	100105897	-	XP_024302889.1
chr8	100145051	-	XP_011515292.1
chr8	100287501	-	NP_001267468.1
chr8	100529523	-	NP_001257308.1
chr8	100649449	-	XP_016868652.1
chr8	100721391	-	NP_002559.2
chr8	100948596	-	NP_003397.1
chr8	101201607	-	NP_001254638.1
chr8	101719252	-	NP_001035720.1
chr8	102238827	-	NP_001165948.1
chr8	102412173	-	XP_005251019.1
chr8	102655566	-	NP_001027453.1
chr8	102843551	-	NP_001349942.1
chr8	103414784	-	NP_110407.2
chr8	104466657	-	XP_047277374.1
chr8	104588819	-	NP_001129175.1
chr8	106769523	-	NP_631905.1
chr8	107321896	-	NP_001300980.1
chr8	108082545	-	NP_001304871.1
chr8	108248613	-	NP_001559.1
chr8	108784181	-	NP_694560.1
chr8	109333893	-	XP_047278286.1
chr8	109645884	-	XP_011515456.1
chr8	109973928	-	NP_055194.1
chr8	116755666	-	XP_047278342.1
chr8	116866586	-	NP_006256.1
chr8	118951792	-	NP_002537.3
chr8	119673252	-	XP_016869064.1
chr8	119832482	-	XP_047278109.1
chr8	119855614	-	XP_005251122.1
chr8	120445068	-	NP_054797.2
chr8	120693692	-	XP_047278082.1
chr8	121628714	-	NP_005319.1
chr8	123041970	-	NP_001317530.1
chr8	123267273	-	NP_116236.1
chr8	123396187	-	XP_047277680.1
chr8	123540899	-	NP_680482.1
chr8	123651577	-	NP_001075144.2
chr8	123737320	-	NP_004297.2
chr8	124371854	-	NP_919267.2
chr8	124539025	-	XP_006716732.1
chr8	124727884	-	XP_047278444.1
chr8	125083713	-	NP_001317538.1
chr8	126557247	-	NP_777571.1
chr8	129777368	-	XP_011515468.1
chr8	130016607	-	NP_001340198.1
chr8	130180751	-	XP_047277767.1
chr8	131039374	-	XP_016868496.1
chr8	132054981	-	NP_001073868.2
chr8	132105187	-	NP_001138567.1
chr8	132321445	-	XP_016868889.1
chr8	132684942	-	NP_001308895.1
chr8	132758840	-	NP_001369325.1
chr8	133102553	-	NP_001269894.1
chr8	133284249	-	NP_001245362.1
chr8	133475719	-	XP_016869225.1
chr8	134657561	-	XP_011515506.1
chr8	138243336	-	XP_011515376.1
chr8	138780927	-	XP_011515191.1
chr8	139702710	-	NP_001269463.1
chr8	140635485	-	XP_011515270.3
chr8	140983842	-	NP_001339681.1
chr8	141299399	-	NP_001073900.1
chr8	142403365	-	NP_001353830.1
chr8	142613081	-	NP_056008.1
chr8	142664478	-	XP_011515657.1
chr8	142742328	-	NP_065160.1
chr8	142752394	-	NP_991108.1
chr8	142775906	-	NP_001343301.1
chr8	142786465	-	NP_003686.1
chr8	142879575	-	NP_000488.3
chr8	142917602	-	NP_000489.3
chr8	143045281	-	NP_001393407.1
chr8	143072155	-	XP_054184400.1
chr8	143160198	-	XP_047277738.1
chr8	143359264	-	NP_001245376.1
chr8	143429345	-	NP_963883.2
chr8	143541376	-	NP_055932.2
chr8	143572421	-	XP_047278052.1
chr8	143578093	-	XP_047278379.1
chr8	143593893	-	NP_001304672.1
chr8	143609458	-	NP_001316795.2
chr8	143617428	-	NP_001400341.1
chr8	143707666	-	NP_001156386.1
chr8	143730136	-	NP_940890.4
chr8	143815214	-	NP_056171.3
chr8	143829280	-	NP_001258029.1
chr8	143840706	-	XP_016868871.1
chr8	143879087	-	XP_016869379.1
chr8	143975177	-	XP_047277835.1
chr8	143986358	-	NP_001304824.1
chr8	144063700	-	XP_047277647.1
chr8	144103553	-	NP_112236.3
chr8	144314950	-	XP_047278493.1
chr8	144325298	-	XP_047278345.1
chr8	144333185	-	XP_024303059.1
chr8	144409015	-	XP_047277692.1
chr8	144416598	-	XP_024302957.1
chr8	144426909	-	XP_047277801.1
chr8	144444390	-	XP_011515351.1
chr8	144464809	-	NP_001394977.1
chr8	144475583	-	NP_003914.1
chr8	144517701	-	NP_001399972.1
chr8	144524816	-	NP_001019849.2
chr8	144528761	-	NP_001001795.1
chr8	144605535	-	XP_011515614.1
chr8	144754696	-	NP_612376.1
chr8	144780232	-	NP_001364958.1
chr8	144791992	-	NP_000964.1
chr8	144850664	-	NP_001074472.1
chr8	144890308	-	NP_001350034.1
chr8	144946011	-	NP_001400496.1
chr9	61997	+	XP_047280231.1
chr9	280888	+	XP_011516348.1
chr9	676973	+	XP_047278997.1
chr9	841839	+	XP_006716795.1
chr9	977002	+	NP_067063.1
chr9	1051614	+	NP_006548.1
chr9	2029023	+	NP_003061.3
chr9	2622190	+	XP_047279804.1
chr9	2717740	+	NP_598004.1
chr9	4490680	+	XP_011516309.1
chr9	4662376	+	NP_982278.3
chr9	4679768	+	XP_047279539.1
chr9	4793092	+	NP_005763.3
chr9	5021988	+	NP_001309123.1
chr9	5231524	+	NP_002186.1
chr9	5456114	+	NP_001300958.1
chr9	5522547	+	XP_005251657.1
chr9	5629310	+	NP_001129392.2
chr9	5892475	+	NP_005502.1
chr9	6241695	+	XP_047280018.1
chr9	6328596	+	NP_277051.4
chr9	6413491	+	XP_047278704.1
chr9	6792989	+	NP_001291270.1
chr9	6980943	+	XP_047278986.1
chr9	12693997	+	XP_047279797.1
chr9	12775716	+	XP_005251500.1
chr9	15422880	+	XP_016870545.1
chr9	17135066	+	NP_001273913.1
chr9	17330671	+	XP_016870333.1
chr9	17618069	+	XP_011516307.1
chr9	19049660	+	NP_006561.1
chr9	19276175	+	XP_011516261.1
chr9	19409085	+	XP_011516160.1
chr9	21409177	+	NP_002161.2
chr9	21440508	+	NP_076918.1
chr9	21802749	+	NP_002442.2
chr9	22447066	+	NP_071443.2
chr9	26961968	+	NP_001092694.1
chr9	27109591	+	NP_001277006.1
chr9	27524337	+	NP_064509.2
chr9	27528456	+	XP_047280235.1
chr9	27711586	+	XP_047280240.1
chr9	32399595	+	XP_047279386.1
chr9	32552435	+	NP_001336047.1
chr9	32784184	+	NP_997723.2
chr9	33026485	+	NP_001530.1
chr9	33240209	+	NP_055286.1
chr9	33265079	+	NP_057494.3
chr9	33290573	+	NP_667345.1
chr9	33524490	+	NP_001380540.1
chr9	33750834	+	NP_001184027.1
chr9	33817758	+	NP_060281.2
chr9	34179015	+	NP_001164673.1
chr9	34339040	+	NP_001152.1
chr9	34459006	+	NP_001268357.1
chr9	34646705	+	NP_000146.2
chr9	34655218	+	NP_001136256.1
chr9	34889644	+	XP_016870043.1
chr9	34990631	+	NP_001336652.1
chr9	35041145	+	NP_001035502.1
chr9	35231215	+	NP_001374482.1
chr9	35546522	+	XP_047280163.1
chr9	35605620	+	NP_006276.2
chr9	35658380	+	NP_777583.2
chr9	35673960	+	XP_047279806.1
chr9	35732773	+	NP_006359.3
chr9	35749756	+	NP_001073965.2
chr9	35792409	+	NP_001365852.1
chr9	35829448	+	XP_047279425.1
chr9	35906288	+	NP_001034881.1
chr9	35910464	+	NP_001335036.2
chr9	36036999	+	NP_001303277.1
chr9	36136779	+	XP_047278763.1
chr9	36169503	+	NP_005884.2
chr9	36191057	+	NP_009027.1
chr9	36581682	+	XP_011516378.1
chr9	37260538	+	XP_011516353.1
chr9	37422450	+	XP_024303484.1
chr9	37486048	+	NP_071935.1
chr9	37692642	+	NP_001358153.1
chr9	37753284	+	XP_011516044.1
chr9	37800628	+	NP_001273739.1
chr9	38394434	+	XP_011516104.2
chr9	39355689	+	XP_047279687.1
chr9	42183688	+	NP_001138668.1
chr9	42896404	+	XP_047280248.1
chr9	60914394	+	XP_047279795.1
chr9	61190065	+	NP_056482.2
chr9	61330968	+	XP_047280255.1
chr9	64719922	+	XP_024303496.1
chr9	65675977	+	NP_001273765.1
chr9	65737146	+	NP_954714.2
chr9	66903562	+	NP_001304845.1
chr9	67859427	+	NP_115626.2
chr9	68242032	+	NP_958861.2
chr9	68302952	+	NP_954586.4
chr9	68357128	+	XP_024303341.1
chr9	68780165	+	NP_612206.5
chr9	68822615	+	XP_016870678.1
chr9	69035783	+	NP_852090.1
chr9	69174373	+	NP_963923.1
chr9	69325310	+	XP_047280044.1
chr9	69820880	+	XP_011516532.1
chr9	70044198	+	NP_001334919.1
chr9	70259079	+	XP_047278993.1
chr9	71911735	+	XP_047278725.1
chr9	72149560	+	XP_011517519.1
chr9	72648649	+	NP_619636.2
chr9	73154324	+	XP_016870146.1
chr9	74497977	+	NP_008845.2
chr9	75088693	+	XP_006717116.1
chr9	76502382	+	NP_001394110.1
chr9	77019655	+	NP_001013757.1
chr9	78236351	+	XP_047279911.1
chr9	78297211	+	NP_478059.1
chr9	79572791	+	XP_047279780.1
chr9	81928514	+	NP_001138669.1
chr9	81943586	+	NP_997299.2
chr9	81987540	+	XP_016870199.1
chr9	83623021	+	XP_006717173.2
chr9	83920901	+	XP_011517586.1
chr9	84000987	+	NP_001345223.1
chr9	84670749	+	NP_001356476.1
chr9	85942160	+	XP_005252184.1
chr9	87499078	+	XP_047278844.1
chr9	87727604	+	NP_001369686.1
chr9	87882892	+	NP_849150.3
chr9	87914480	+	XP_011517004.1
chr9	87956267	+	NP_001382846.1
chr9	88426540	+	NP_006708.2
chr9	88535435	+	XP_005251784.1
chr9	89001201	+	NP_001382777.1
chr9	89007518	+	XP_047280264.1
chr9	89311293	+	NP_001818.1
chr9	89318577	+	XP_047279812.1
chr9	89605122	+	NP_006696.1
chr9	90843899	+	XP_047279767.1
chr9	92325999	+	XP_011516987.1
chr9	92808546	+	XP_047280265.1
chr9	92976257	+	NP_001077005.1
chr9	93058743	+	NP_659443.1
chr9	93096346	+	NP_001304939.1
chr9	93184930	+	XP_005252201.1
chr9	93451916	+	NP_001273653.1
chr9	93576774	+	XP_005252108.1
chr9	94064740	+	NP_818931.1
chr9	94278813	+	NP_003439.2
chr9	94374820	+	XP_047279928.1
chr9	94759784	+	XP_011517436.1
chr9	95876006	+	XP_047279318.1
chr9	96450280	+	XP_047278962.1
chr9	96929025	+	NP_001164212.1
chr9	97308064	+	NP_001334939.2
chr9	97428466	+	XP_047279069.1
chr9	97524189	+	NP_001159588.1
chr9	97633882	+	NP_002477.1
chr9	97853915	+	NP_004464.2
chr9	97983556	+	NP_006392.1
chr9	98056809	+	NP_061819.2
chr9	98807699	+	NP_078918.3
chr9	98944062	+	NP_001846.3
chr9	99105206	+	NP_001293139.1
chr9	99222364	+	NP_006799.1
chr9	99826771	+	NP_775292.1
chr9	99915240	+	XP_047279509.1
chr9	100104522	+	NP_055240.2
chr9	100441939	+	NP_001185736.1
chr9	101185495	+	NP_997182.1
chr9	101399157	+	NP_003443.2
chr9	101535424	+	XP_011517164.1
chr9	102995381	+	NP_001331.1
chr9	104095385	+	XP_024303151.1
chr9	104504263	+	NP_001004485.1
chr9	104569168	+	NP_001004483.1
chr9	104694518	+	NP_001004484.2
chr9	104747793	+	NP_056284.1
chr9	104764241	+	XP_047279517.1
chr9	105244869	+	XP_005251912.1
chr9	105442237	+	XP_016870674.1
chr9	105575033	+	XP_047278952.1
chr9	105662497	+	NP_005412.1
chr9	105694661	+	XP_011517133.1
chr9	106923384	+	XP_047279618.1
chr9	107283630	+	NP_002865.1
chr9	108862323	+	NP_006678.1
chr9	108934487	+	NP_060302.1
chr9	109780489	+	NP_443749.5
chr9	110048700	+	NP_001185585.1
chr9	110668905	+	XP_005252051.1
chr9	111527396	+	XP_016869828.1
chr9	111631408	+	NP_001015882.2
chr9	111897216	+	XP_016870596.1
chr9	112380164	+	XP_011517393.1
chr9	112574081	+	XP_011516613.1
chr9	112751002	+	NP_001013012.1
chr9	113151075	+	NP_001851.1
chr9	113256149	+	NP_001850.1
chr9	113275744	+	NP_004688.2
chr9	113349580	+	NP_001304872.1
chr9	113410919	+	NP_001265559.1
chr9	113462099	+	NP_652759.4
chr9	113876381	+	XP_005251749.1
chr9	114154315	+	XP_011517440.1
chr9	114323134	+	NP_000598.2
chr9	114329905	+	NP_000599.1
chr9	114587839	+	NP_004879.1
chr9	114617196	+	XP_011516653.1
chr9	116220111	+	XP_006717192.1
chr9	116697743	+	NP_001365977.1
chr9	117704473	+	NP_612564.1
chr9	120796604	+	NP_001373752.1
chr9	121088327	+	NP_001356825.1
chr9	121282452	+	XP_047279221.1
chr9	121651776	+	NP_001381939.1
chr9	122159973	+	NP_001273757.1
chr9	122265746	+	XP_047280023.1
chr9	122371085	+	NP_000953.2
chr9	122510802	+	XP_024303285.1
chr9	122519141	+	NP_001004452.1
chr9	122553212	+	NP_001004457.2
chr9	122614738	+	NP_036496.1
chr9	122661716	+	NP_001005236.3
chr9	122675130	+	NP_001005234.1
chr9	122723990	+	NP_001005235.1
chr9	122749848	+	NP_001004453.2
chr9	122788933	+	NP_001001923.1
chr9	122800123	+	NP_543135.1
chr9	122957060	+	XP_047279091.1
chr9	123356261	+	NP_775960.4
chr9	124012349	+	XP_006717386.1
chr9	124257697	+	NP_001159639.1
chr9	124451667	+	XP_047279293.1
chr9	124777271	+	NP_872293.2
chr9	124853532	+	NP_001263303.1
chr9	124869291	+	XP_047279894.1
chr9	125201361	+	XP_005251701.1
chr9	125298922	+	NP_001341222.1
chr9	125797396	+	XP_047279398.1
chr9	126326930	+	NP_001011703.1
chr9	126614450	+	NP_001167617.1
chr9	126832510	+	XP_011516711.1
chr9	126863693	+	NP_001382127.1
chr9	126962290	+	NP_001353328.1
chr9	127225312	+	XP_005252324.1
chr9	127397231	+	XP_047279245.1
chr9	127424788	+	NP_009066.2
chr9	127454528	+	NP_612370.3
chr9	127612404	+	NP_003156.1
chr9	127707032	+	XP_016870118.2
chr9	127716146	+	XP_011516600.1
chr9	127786149	+	NP_001252.1
chr9	127802925	+	NP_001275732.1
chr9	128068320	+	NP_001317917.1
chr9	128149526	+	XP_047279332.1
chr9	128160408	+	NP_077017.1
chr9	128203471	+	NP_001005336.1
chr9	128275408	+	NP_001366196.1
chr9	128322859	+	NP_001292871.2
chr9	128342366	+	XP_047278620.1
chr9	128371381	+	NP_001252511.1
chr9	128420878	+	NP_057258.3
chr9	128455197	+	NP_702914.1
chr9	128504806	+	NP_001490.1
chr9	128555367	+	NP_001362247.1
chr9	128683896	+	NP_001361255.1
chr9	128702916	+	NP_037487.2
chr9	128787354	+	NP_060671.3
chr9	128818685	+	XP_011516649.2
chr9	128907165	+	XP_047279552.1
chr9	128922324	+	NP_001094346.1
chr9	128947720	+	NP_056169.1
chr9	129036968	+	XP_047279932.1
chr9	129081132	+	NP_065171.2
chr9	129111012	+	XP_047279515.1
chr9	129490481	+	XP_047280284.1
chr9	129632704	+	NP_001273725.1
chr9	129665868	+	NP_057391.1
chr9	129803213	+	NP_055321.1
chr9	129852556	+	NP_001008563.2
chr9	130053933	+	XP_016870442.1
chr9	130172664	+	NP_055101.2
chr9	130265879	+	XP_011516772.1
chr9	130452229	+	NP_000041.2
chr9	130579681	+	XP_011517474.1
chr9	130664654	+	NP_067632.2
chr9	130693792	+	NP_001269637.1
chr9	130713626	+	NP_001401830.1
chr9	130714320	+	NP_009297.2
chr9	131009215	+	XP_006716984.1
chr9	131096630	+	NP_001172024.1
chr9	131125705	+	NP_005076.3
chr9	131289998	+	NP_001397950.1
chr9	131430145	+	NP_001371751.1
chr9	131504219	+	XP_047278597.1
chr9	131545616	+	NP_001382572.1
chr9	132166832	+	XP_016870705.1
chr9	132410272	+	XP_011516973.1
chr9	132582798	+	NP_064448.1
chr9	132670599	+	NP_036336.2
chr9	132883948	+	NP_001303827.1
chr9	132986679	+	XP_047279898.1
chr9	133030899	+	XP_047280037.1
chr9	133062003	+	NP_001798.3
chr9	133421886	+	XP_016869721.1
chr9	133462183	+	XP_011516483.1
chr9	133534741	+	XP_011517543.2
chr9	133636372	+	NP_000778.3
chr9	134026748	+	NP_001342185.1
chr9	134139878	+	NP_001371343.1
chr9	134326632	+	NP_002948.1
chr9	134642188	+	XP_016869755.1
chr9	134864597	+	XP_011516694.1
chr9	135075707	+	NP_006325.1
chr9	135484511	+	XP_047280172.1
chr9	135500711	+	NP_001358330.1
chr9	135521498	+	XP_011516977.2
chr9	135546181	+	NP_055397.1
chr9	135561802	+	XP_016870272.1
chr9	135614240	+	NP_001362586.1
chr9	135663322	+	NP_001380590.1
chr9	135702259	+	NP_065873.2
chr9	136327696	+	NP_056412.5
chr9	136410669	+	XP_005266116.1
chr9	136663079	+	XP_016870284.1
chr9	136712666	+	NP_689634.2
chr9	136791371	+	NP_116317.1
chr9	136796398	+	NP_001034463.4
chr9	136808197	+	NP_001167460.1
chr9	136844415	+	NP_001073951.2
chr9	136849431	+	NP_001274271.1
chr9	136852417	+	NP_996803.2
chr9	136898532	+	XP_047279784.1
chr9	136945321	+	XP_047279799.1
chr9	136952052	+	XP_011516862.1
chr9	136977579	+	NP_000945.3
chr9	136983587	+	NP_997393.3
chr9	136992444	+	NP_899064.1
chr9	137077533	+	XP_006717380.1
chr9	137087000	+	XP_006717008.1
chr9	137139487	+	XP_011516885.1
chr9	137188727	+	NP_003722.2
chr9	137205778	+	NP_001137498.1
chr9	137217997	+	NP_001382911.1
chr9	137225622	+	NP_945352.4
chr9	137228336	+	NP_001177157.1
chr9	137231703	+	XP_047278742.1
chr9	137241361	+	NP_006079.1
chr9	137251287	+	NP_001243628.1
chr9	137255366	+	NP_056271.3
chr9	137278690	+	NP_060193.2
chr9	137423530	+	XP_047278616.1
chr9	137552082	+	NP_115866.1
chr9	137605718	+	XP_005266176.1
chr9	137619029	+	NP_001341540.1
chr9	30441	-	XP_011515966.1
chr9	116800	-	NP_997188.2
chr9	178816	-	NP_001386733.1
chr9	505260	-	XP_047280232.1
chr9	707423	-	XP_016870882.1
chr9	2838426	-	NP_055693.4
chr9	3420788	-	XP_016870491.1
chr9	4286038	-	XP_047278849.1
chr9	4666212	-	NP_001340420.1
chr9	4740937	-	NP_001186782.1
chr9	5185314	-	XP_011516004.1
chr9	5305673	-	XP_047279665.1
chr9	5339536	-	XP_047279662.1
chr9	5431897	-	XP_005251569.1
chr9	5867051	-	NP_001397881.1
chr9	6007195	-	XP_011516062.1
chr9	6015472	-	NP_036548.1
chr9	6645245	-	NP_000161.2
chr9	7799547	-	NP_001304988.1
chr9	13250300	-	NP_001362354.1
chr9	14150145	-	NP_001269716.1
chr9	14313482	-	NP_001356410.1
chr9	14674304	-	NP_001341056.1
chr9	14722166	-	NP_005445.1
chr9	14868744	-	XP_006716792.1
chr9	15307084	-	NP_001161814.1
chr9	15510117	-	NP_001121689.1
chr9	16586326	-	XP_047279465.1
chr9	19032871	-	XP_011516049.1
chr9	19102524	-	XP_011516237.1
chr9	19126397	-	XP_016869748.1
chr9	19380190	-	NP_001001.2
chr9	19463316	-	XP_047280234.1
chr9	21031553	-	NP_001308812.1
chr9	21077306	-	NP_002167.1
chr9	21140983	-	NP_002168.1
chr9	21166043	-	NP_002166.2
chr9	21186962	-	NP_066546.1
chr9	21201596	-	NP_066401.2
chr9	21206528	-	NP_002162.1
chr9	21216736	-	NP_002164.1
chr9	21227604	-	NP_067091.1
chr9	21239366	-	NP_002163.2
chr9	21304687	-	NP_002160.1
chr9	21333006	-	NP_061335.1
chr9	21350318	-	NP_066282.1
chr9	21367438	-	NP_008831.3
chr9	21384763	-	NP_000596.2
chr9	21481068	-	NP_795372.1
chr9	21994139	-	NP_001350692.1
chr9	22008798	-	NP_004927.2
chr9	23849907	-	XP_016869915.1
chr9	24545424	-	NP_001351937.1
chr9	25677683	-	NP_001004125.2
chr9	26892413	-	NP_001161047.1
chr9	26946897	-	NP_001308475.1
chr9	26999614	-	NP_075052.1
chr9	27296980	-	XP_011516222.1
chr9	27455133	-	NP_079037.3
chr9	27566677	-	NP_001242983.1
chr9	27948851	-	NP_001341503.1
chr9	32526061	-	NP_001372841.1
chr9	32552434	-	NP_001182551.1
chr9	32572881	-	NP_001186916.1
chr9	32630099	-	NP_722516.1
chr9	32989759	-	NP_001355931.1
chr9	33076583	-	XP_005251560.1
chr9	33166758	-	NP_001365426.1
chr9	33264224	-	NP_004314.6
chr9	33401237	-	NP_001161.1
chr9	33447423	-	NP_001305073.1
chr9	33473789	-	XP_047279696.1
chr9	34017050	-	NP_001269459.1
chr9	34126354	-	NP_056212.1
chr9	34319440	-	XP_006716827.1
chr9	34370799	-	XP_011516268.1
chr9	34397499	-	XP_011516357.1
chr9	34458237	-	NP_001171872.1
chr9	34521465	-	NP_940975.2
chr9	34577085	-	XP_016869752.1
chr9	34610805	-	NP_680544.1
chr9	34620369	-	NP_001268354.1
chr9	34630401	-	NP_001358874.1
chr9	34637607	-	NP_001269134.1
chr9	34662564	-	NP_006655.1
chr9	34665613	-	NP_001306966.1
chr9	34691091	-	NP_006265.1
chr9	34710000	-	NP_002980.1
chr9	34729284	-	NP_001135389.1
chr9	34895579	-	NP_001296356.1
chr9	35072337	-	NP_001341856.1
chr9	35079441	-	NP_004620.1
chr9	35095055	-	NP_690577.2
chr9	35103050	-	NP_001273961.1
chr9	35107683	-	XP_005251648.1
chr9	35563767	-	XP_011516330.1
chr9	35618742	-	XP_006716956.1
chr9	35650754	-	NP_055265.1
chr9	35665032	-	NP_116207.2
chr9	35689704	-	NP_998839.1
chr9	35725565	-	NP_006280.3
chr9	35748346	-	XP_047279568.1
chr9	35754000	-	NP_001037729.1
chr9	35812104	-	NP_758516.1
chr9	35815129	-	NP_115982.1
chr9	35825564	-	XP_024303310.1
chr9	35869463	-	NP_001004487.1
chr9	35957139	-	NP_063950.2
chr9	36276894	-	NP_001177317.2
chr9	36487308	-	XP_011516014.1
chr9	37033986	-	NP_001267479.1
chr9	37440518	-	NP_055687.1
chr9	37576211	-	NP_036298.2
chr9	37592412	-	NP_001127957.1
chr9	37784721	-	NP_057126.2
chr9	37887657	-	NP_219480.1
chr9	38067929	-	NP_003019.2
chr9	38423965	-	NP_001007564.1
chr9	38620080	-	XP_024303251.1
chr9	38703857	-	NP_001381851.1
chr9	41127130	-	NP_001078945.1
chr9	41189105	-	XP_016870523.1
chr9	61003244	-	XP_016870876.1
chr9	62801169	-	XP_047280256.1
chr9	63044567	-	XP_024303493.1
chr9	65283127	-	NP_001119806.1
chr9	65816849	-	XP_047280258.1
chr9	66992333	-	XP_011543982.1
chr9	68540537	-	NP_694969.1
chr9	69013037	-	NP_002723.2
chr9	69516011	-	XP_011516919.1
chr9	69759853	-	XP_047279310.1
chr9	70412859	-	NP_001197.1
chr9	70862908	-	NP_996831.1
chr9	71750043	-	NP_001336713.1
chr9	71874614	-	XP_047279403.1
chr9	72060497	-	NP_001122090.2
chr9	72360628	-	NP_005998.1
chr9	72952935	-	NP_000680.2
chr9	74887824	-	NP_001170782.1
chr9	74952186	-	NP_060468.2
chr9	75028012	-	NP_001307426.1
chr9	75083087	-	NP_001317607.1
chr9	76394090	-	NP_060809.3
chr9	76692074	-	NP_001294978.1
chr9	77434368	-	XP_047280066.1
chr9	81688217	-	XP_047279774.1
chr9	83062437	-	XP_047278783.1
chr9	83372913	-	NP_001231891.1
chr9	83707500	-	NP_444295.1
chr9	83806302	-	XP_016870660.1
chr9	83915294	-	XP_047279538.1
chr9	83956164	-	NP_001304926.1
chr9	83978195	-	NP_112552.1
chr9	84340574	-	XP_011517210.1
chr9	85741775	-	XP_011516722.1
chr9	86079192	-	NP_808800.1
chr9	86229538	-	NP_001263295.1
chr9	86282378	-	NP_112202.2
chr9	86352680	-	NP_001317647.1
chr9	86945742	-	NP_002039.2
chr9	87974372	-	XP_016870052.1
chr9	88037922	-	XP_047280263.1
chr9	88138258	-	NP_001159609.1
chr9	89177987	-	NP_058544.3
chr9	89405351	-	XP_047278583.1
chr9	90613228	-	NP_060064.2
chr9	91361628	-	XP_047279486.1
chr9	91409346	-	XP_047279381.1
chr9	91824559	-	XP_005252066.1
chr9	92115314	-	NP_001268232.1
chr9	92324023	-	XP_011517129.1
chr9	92522575	-	XP_047278855.1
chr9	92669908	-	XP_016870530.1
chr9	92764505	-	XP_016870040.1
chr9	92877820	-	NP_001007102.1
chr9	93134143	-	XP_011517018.1
chr9	93452147	-	NP_001309153.1
chr9	93954924	-	NP_067545.3
chr9	94328608	-	NP_060031.1
chr9	94593557	-	NP_003828.2
chr9	94639141	-	XP_006717068.1
chr9	95249127	-	XP_005251859.1
chr9	95516623	-	NP_001077074.1
chr9	96301951	-	NP_000188.1
chr9	96383477	-	NP_001273919.1
chr9	96417613	-	NP_710162.1
chr9	96619219	-	XP_011517449.2
chr9	96655252	-	XP_005251840.1
chr9	96776000	-	NP_001300989.1
chr9	96851947	-	XP_047278830.1
chr9	97037918	-	NP_001188504.1
chr9	97221513	-	XP_047280271.1
chr9	97627398	-	NP_640339.4
chr9	97697121	-	XP_006717341.1
chr9	97922418	-	XP_011517078.1
chr9	97938058	-	NP_060907.2
chr9	98118982	-	XP_011517546.1
chr9	98157460	-	NP_438171.1
chr9	98255173	-	XP_011517145.1
chr9	98480932	-	XP_005252373.1
chr9	98796133	-	NP_775822.3
chr9	99221547	-	XP_047279952.1
chr9	100098784	-	NP_055866.1
chr9	100352419	-	XP_011517100.1
chr9	101370939	-	NP_001692.1
chr9	101398501	-	NP_061924.1
chr9	101430776	-	NP_000026.2
chr9	101475881	-	XP_024303469.1
chr9	101737281	-	NP_597702.2
chr9	104526253	-	NP_001001919.1
chr9	104535770	-	NP_001001961.2
chr9	104598457	-	NP_001004482.1
chr9	104604671	-	NP_001004481.1
chr9	104617248	-	NP_001001956.1
chr9	104903614	-	NP_005493.2
chr9	107489168	-	NP_004226.3
chr9	108854683	-	NP_006677.1
chr9	108930997	-	NP_001317678.1
chr9	109013302	-	XP_016870739.1
chr9	109119335	-	XP_047279096.1
chr9	109166901	-	NP_055149.3
chr9	109320141	-	XP_016870304.1
chr9	109538231	-	XP_047279595.1
chr9	110207387	-	NP_001013011.2
chr9	110256412	-	NP_001231867.1
chr9	110337773	-	XP_016870073.1
chr9	110972073	-	NP_001374445.1
chr9	111327483	-	NP_995581.1
chr9	111484116	-	XP_047279065.1
chr9	111597317	-	NP_001139581.1
chr9	111791374	-	XP_047278821.1
chr9	112175133	-	XP_047279683.1
chr9	112333470	-	NP_001231826.1
chr9	112716461	-	NP_001316516.1
chr9	112889725	-	NP_149040.3
chr9	112997120	-	NP_001094808.1
chr9	113056557	-	NP_003399.1
chr9	113221191	-	XP_006717082.1
chr9	113272427	-	XP_016870064.1
chr9	113297606	-	XP_047278721.1
chr9	113331907	-	NP_001006616.1
chr9	113373599	-	NP_001358852.1
chr9	113395407	-	XP_047278903.1
chr9	113410228	-	NP_001265184.1
chr9	114078093	-	NP_001624.1
chr9	114099251	-	XP_047278665.1
chr9	114381060	-	XP_011517367.2
chr9	114504184	-	NP_001333819.1
chr9	114657666	-	NP_001341574.1
chr9	114671720	-	NP_001358813.1
chr9	114805803	-	NP_001191273.1
chr9	114930109	-	NP_001239219.1
chr9	115090562	-	XP_005252032.1
chr9	116651528	-	NP_001171664.1
chr9	119313138	-	NP_055433.2
chr9	120579920	-	XP_047279546.1
chr9	120713758	-	NP_001073966.2
chr9	120792887	-	XP_047279174.1
chr9	120842737	-	NP_001257356.1
chr9	120894788	-	NP_001273771.1
chr9	120925936	-	NP_001177876.1
chr9	121074754	-	NP_001726.2
chr9	121193361	-	NP_057406.2
chr9	121370127	-	NP_001257456.1
chr9	121467843	-	NP_001369514.1
chr9	121870497	-	NP_001373762.1
chr9	122092687	-	XP_016869798.1
chr9	122159627	-	NP_001305124.1
chr9	122228657	-	NP_001335119.1
chr9	122261380	-	NP_149108.1
chr9	122476958	-	NP_001004451.1
chr9	122526358	-	NP_036495.1
chr9	122567548	-	XP_016869774.1
chr9	122628579	-	NP_001004450.2
chr9	122826616	-	NP_005379.3
chr9	122897279	-	NP_001341408.1
chr9	122910798	-	NP_006617.1
chr9	122918609	-	NP_001291292.1
chr9	123184132	-	NP_001363038.1
chr9	124415364	-	NP_002790.1
chr9	124503294	-	NP_004950.2
chr9	124595749	-	XP_047279182.1
chr9	124861910	-	NP_009140.1
chr9	124938577	-	XP_047279198.1
chr9	125143385	-	NP_001138349.1
chr9	125189644	-	XP_047279524.1
chr9	125241005	-	NP_005338.1
chr9	125672316	-	NP_001006622.1
chr9	127107915	-	NP_036230.1
chr9	127451281	-	NP_000967.1
chr9	127578922	-	XP_005252192.3
chr9	127715544	-	XP_047278730.1
chr9	127735120	-	NP_001238950.2
chr9	127778591	-	NP_001136003.1
chr9	127854289	-	NP_001265067.1
chr9	127874611	-	NP_001305051.1
chr9	127905935	-	NP_001387762.1
chr9	127916408	-	NP_778205.1
chr9	127930723	-	XP_047278735.1
chr9	127937818	-	NP_001365366.1
chr9	127979992	-	NP_976050.1
chr9	128066591	-	XP_047278896.1
chr9	128127439	-	XP_011517352.1
chr9	128191855	-	NP_001244905.1
chr9	128275893	-	NP_001376634.2
chr9	128322300	-	NP_001316792.1
chr9	128656541	-	XP_011517481.1
chr9	128723994	-	NP_001304952.2
chr9	128755408	-	XP_016869677.1
chr9	128847433	-	NP_057474.2
chr9	128945687	-	NP_055723.1
chr9	129028092	-	NP_001356843.1
chr9	129110483	-	NP_001333477.2
chr9	129176838	-	NP_982258.2
chr9	129620067	-	XP_011516958.1
chr9	129641887	-	NP_001189332.1
chr9	129752887	-	NP_004869.1
chr9	129823908	-	NP_000104.1
chr9	129835139	-	NP_057604.1
chr9	130042952	-	XP_005251891.1
chr9	130893428	-	NP_937823.1
chr9	130938536	-	XP_047279946.1
chr9	131275857	-	XP_011516870.2
chr9	131531094	-	NP_001305448.1
chr9	131739770	-	XP_016870125.1
chr9	132079642	-	NP_001240811.1
chr9	132349252	-	XP_005272229.1
chr9	132406275	-	NP_001192225.1
chr9	132669860	-	XP_047279695.1
chr9	132878172	-	NP_001358702.1
chr9	132928767	-	NP_001393558.1
chr9	133060749	-	XP_047280333.1
chr9	133148963	-	NP_001258705.1
chr9	133162342	-	NP_001275502.1
chr9	133209128	-	XP_006717149.1
chr9	133370876	-	XP_047279764.1
chr9	133417620	-	XP_024303380.1
chr9	133478968	-	XP_011516491.2
chr9	133524710	-	NP_001073952.1
chr9	133580131	-	NP_001073984.1
chr9	133733843	-	XP_016869856.1
chr9	134053265	-	XP_047279862.1
chr9	134917769	-	NP_001994.2
chr9	135499709	-	NP_001041730.1
chr9	135639117	-	XP_011516940.1
chr9	135699403	-	XP_006717172.1
chr9	135907000	-	NP_001397960.1
chr9	135961025	-	NP_057256.2
chr9	136049636	-	NP_653254.1
chr9	136116481	-	NP_690046.3
chr9	136204934	-	NP_001350675.1
chr9	136245476	-	NP_859052.3
chr9	136303688	-	XP_047279342.1
chr9	136363487	-	NP_001074318.1
chr9	136371895	-	NP_434701.1
chr9	136398299	-	XP_006717307.1
chr9	136410328	-	XP_011516459.1
chr9	136438608	-	NP_001305431.1
chr9	136475198	-	XP_047280196.1
chr9	136545726	-	XP_011517019.2
chr9	136687176	-	XP_047278592.1
chr9	136719340	-	XP_047280290.1
chr9	136742787	-	NP_001355018.1
chr9	136748394	-	NP_945184.1
chr9	136758451	-	NP_848564.2
chr9	136764393	-	XP_011516974.1
chr9	136866181	-	NP_001268227.1
chr9	136943891	-	XP_016870301.1
chr9	136996511	-	NP_004660.2
chr9	137028717	-	NP_001397971.1
chr9	137031979	-	NP_004470.1
chr9	137045878	-	NP_056207.3
chr9	137053881	-	XP_011517514.1
chr9	137069890	-	NP_848543.2
chr9	137117919	-	XP_011516901.1
chr9	137169271	-	NP_001013675.1
chr9	137171940	-	NP_001269406.1
chr9	137188416	-	NP_037498.1
chr9	137198987	-	NP_001121700.2
chr9	137205004	-	NP_444273.1
chr9	137220427	-	NP_001375227.1
chr9	137250201	-	XP_024303319.1
chr9	137301584	-	NP_001004354.1
chr9	137395303	-	XP_024303356.1
chr9	137438160	-	NP_940987.2
chr9	137459032	-	XP_011516799.2
chr9	137550168	-	XP_047279323.1
chr9	137578625	-	NP_001333313.1
chr9	137590213	-	XP_005266109.1
chr10	134843	+	NP_001357045.1
chr10	932127	+	XP_047282067.1
chr10	988480	+	NP_036473.2
chr10	1072156	+	NP_054742.2
chr10	3066703	+	XP_047282088.1
chr10	3067596	+	XP_005252523.1
chr10	4824988	+	XP_011518017.2
chr10	4963445	+	NP_001344.2
chr10	5048812	+	NP_001240837.1
chr10	5196868	+	NP_001809.4
chr10	5373721	+	NP_444277.2
chr10	5412693	+	NP_001040625.1
chr10	5525086	+	NP_005176.1
chr10	5692914	+	NP_001374257.1
chr10	5890346	+	XP_016872333.1
chr10	6097066	+	NP_116294.1
chr10	6144998	+	NP_001309945.1
chr10	7703435	+	NP_002207.2
chr10	7788208	+	NP_001001973.1
chr10	7818710	+	NP_114129.1
chr10	8055656	+	XP_005252500.1
chr10	11165315	+	NP_001313276.1
chr10	11742577	+	XP_047281706.1
chr10	11852078	+	XP_011517740.1
chr10	12069034	+	NP_061176.4
chr10	12129788	+	NP_001136100.1
chr10	12196246	+	NP_006014.2
chr10	12664414	+	XP_011517895.1
chr10	13109123	+	NP_001008212.1
chr10	13164203	+	XP_011517840.1
chr10	13587087	+	NP_001382806.1
chr10	14838403	+	NP_057383.2
chr10	14878889	+	NP_001180353.1
chr10	14954241	+	XP_024303904.1
chr10	15047289	+	XP_047281379.1
chr10	15103315	+	XP_016870968.1
chr10	16437668	+	XP_047281962.1
chr10	17229423	+	NP_003371.2
chr10	17644340	+	XP_011517997.1
chr10	17752296	+	NP_001092314.1
chr10	17809466	+	NP_002429.1
chr10	17953277	+	NP_001138667.1
chr10	18340927	+	NP_963884.2
chr10	18659638	+	NP_848930.1
chr10	21534645	+	NP_001311225.1
chr10	21668993	+	NP_001311226.1
chr10	22316418	+	NP_036203.1
chr10	22345612	+	NP_036575.1
chr10	22931997	+	NP_001269675.1
chr10	23095609	+	XP_011517728.1
chr10	23192531	+	NP_835455.1
chr10	23439458	+	NP_001138845.1
chr10	24380965	+	XP_016871909.1
chr10	25023224	+	XP_016872154.1
chr10	25572695	+	XP_016871941.1
chr10	25952111	+	NP_001355194.1
chr10	26096652	+	XP_011517814.1
chr10	26216810	+	NP_000809.1
chr10	26492327	+	NP_061916.3
chr10	26697712	+	XP_047280889.1
chr10	27155189	+	XP_016872342.1
chr10	27504370	+	NP_001243339.1
chr10	28533444	+	XP_047281265.1
chr10	28677898	+	NP_036474.1
chr10	29289118	+	XP_016872280.1
chr10	30438939	+	XP_047280580.1
chr10	31510846	+	NP_001310572.1
chr10	32451643	+	NP_659460.3
chr10	35137836	+	NP_001381549.1
chr10	35483412	+	NP_859049.2
chr10	35605568	+	NP_699199.2
chr10	37125788	+	XP_047281948.1
chr10	38010754	+	XP_016872106.1
chr10	38096618	+	NP_001311181.1
chr10	42784395	+	XP_047281999.1
chr10	43077259	+	NP_065681.1
chr10	43155150	+	XP_016871880.1
chr10	43373747	+	NP_775183.1
chr10	43437141	+	NP_001342377.1
chr10	43607051	+	NP_001305069.1
chr10	44911513	+	NP_001116848.1
chr10	44970203	+	NP_114412.2
chr10	44994036	+	XP_047282085.1
chr10	45003369	+	NP_008894.2
chr10	45374280	+	NP_000689.1
chr10	45727318	+	XP_011537874.1
chr10	45972625	+	NP_006318.1
chr10	46287263	+	XP_011537743.1
chr10	46375852	+	NP_001265853.1
chr10	46579169	+	XP_016872239.1
chr10	46911836	+	XP_047280974.1
chr10	47300652	+	NP_004953.1
chr10	47322669	+	NP_057288.1
chr10	47348485	+	NP_002891.1
chr10	47921988	+	XP_016870953.1
chr10	48401661	+	XP_047281438.1
chr10	48709733	+	NP_001357083.1
chr10	49322546	+	XP_005269535.1
chr10	49610741	+	NP_003046.2
chr10	49614190	+	NP_065574.4
chr10	49679698	+	NP_001035892.1
chr10	49942195	+	NP_001277046.1
chr10	49988716	+	NP_001071133.2
chr10	50068006	+	XP_047281175.1
chr10	50742925	+	NP_001072984.1
chr10	52271386	+	NP_001361710.1
chr10	52314435	+	NP_036374.1
chr10	58269274	+	NP_060934.1
chr10	58335202	+	NP_003329.1
chr10	58385548	+	XP_047281653.1
chr10	58648574	+	XP_005270226.1
chr10	59176854	+	NP_115815.2
chr10	60780166	+	NP_001163877.1
chr10	61662973	+	NP_001353836.1
chr10	61901710	+	NP_115575.1
chr10	62376194	+	NP_055766.2
chr10	62643926	+	XP_047282076.1
chr10	62805060	+	NP_116193.2
chr10	63133416	+	NP_001269334.1
chr10	63521546	+	XP_011537803.1
chr10	66926584	+	NP_821079.3
chr10	67884722	+	NP_036370.2
chr10	68106725	+	XP_047281832.1
chr10	68337222	+	NP_001309367.1
chr10	68572339	+	XP_011538508.1
chr10	68722505	+	NP_001269888.1
chr10	68827624	+	NP_001123633.1
chr10	68901385	+	NP_076950.1
chr10	68956226	+	NP_004719.2
chr10	68988833	+	NP_056449.1
chr10	69088158	+	NP_001307982.1
chr10	69124278	+	NP_004887.2
chr10	69180292	+	NP_003162.2
chr10	69220436	+	XP_011538497.1
chr10	69288744	+	XP_047281093.1
chr10	69451595	+	NP_036471.1
chr10	69630637	+	XP_005269663.1
chr10	69802424	+	XP_047280575.1
chr10	70075659	+	NP_061119.1
chr10	70404402	+	NP_004087.1
chr10	70525952	+	XP_047281015.1
chr10	70672803	+	XP_011537610.1
chr10	70816854	+	XP_047281938.1
chr10	71212986	+	NP_734465.2
chr10	71319310	+	NP_001167569.1
chr10	71439832	+	NP_001165403.1
chr10	71797112	+	NP_001165404.1
chr10	72005843	+	NP_004264.2
chr10	72223915	+	NP_001353720.1
chr10	72274217	+	NP_061931.1
chr10	72692152	+	NP_001257608.1
chr10	72893799	+	NP_689848.1
chr10	73114366	+	XP_047280940.1
chr10	73168340	+	XP_011538042.1
chr10	73746833	+	XP_047281988.1
chr10	73772334	+	XP_047280645.1
chr10	73782076	+	NP_976043.1
chr10	73785879	+	XP_047280831.1
chr10	73911556	+	XP_011538168.1
chr10	73998208	+	NP_003364.1
chr10	74842858	+	XP_047280868.1
chr10	75147223	+	XP_016871227.1
chr10	75211159	+	NP_003366.2
chr10	75396156	+	XP_047282078.1
chr10	78033902	+	NP_001135755.1
chr10	79201633	+	XP_047281494.1
chr10	79347549	+	XP_005269436.1
chr10	79512650	+	NP_001093162.1
chr10	79611620	+	XP_047281624.1
chr10	79703610	+	XP_047281663.1
chr10	79841741	+	NP_001342192.1
chr10	80078700	+	NP_001257300.1
chr10	80132763	+	NP_001012991.1
chr10	80344783	+	NP_001256971.1
chr10	80409033	+	XP_016872264.1
chr10	80489234	+	NP_001338196.1
chr10	80538332	+	NP_001375201.1
chr10	82865434	+	XP_024303549.1
chr10	84141501	+	NP_055209.2
chr10	84173852	+	NP_997256.1
chr10	84194761	+	NP_149091.1
chr10	84245091	+	NP_002912.2
chr10	84371053	+	NP_001271170.1
chr10	86654784	+	XP_016872444.1
chr10	86668692	+	NP_001354992.1
chr10	86876019	+	NP_001393491.1
chr10	86955789	+	XP_047281637.1
chr10	86968545	+	NP_006820.1
chr10	86971405	+	XP_047282079.1
chr10	87020325	+	NP_001139629.1
chr10	87151355	+	NP_001364098.1
chr10	87225831	+	NP_001092808.1
chr10	87358266	+	NP_001369233.1
chr10	87504916	+	XP_016872454.1
chr10	87659982	+	NP_001015880.1
chr10	88590688	+	XP_006717698.1
chr10	88665541	+	NP_001185758.1
chr10	88706268	+	XP_016872037.1
chr10	88761406	+	XP_016872038.1
chr10	88802897	+	XP_011538050.1
chr10	88901709	+	XP_047281507.1
chr10	88982932	+	XP_047281135.1
chr10	89302124	+	NP_001538.4
chr10	89328074	+	NP_001540.2
chr10	89378136	+	NP_001010987.1
chr10	89392713	+	NP_001539.3
chr10	89414799	+	NP_036552.1
chr10	89705295	+	NP_001271188.1
chr10	90871987	+	NP_006404.1
chr10	91222872	+	XP_016872265.1
chr10	91410439	+	NP_775768.4
chr10	91798691	+	XP_016872190.1
chr10	91924077	+	NP_003963.1
chr10	92291495	+	NP_060294.1
chr10	92593376	+	NP_004514.2
chr10	92689987	+	NP_002720.1
chr10	92831321	+	XP_047281325.1
chr10	93061264	+	NP_899230.2
chr10	93073935	+	NP_000774.2
chr10	93500052	+	NP_060601.4
chr10	93566721	+	XP_011538048.1
chr10	93612726	+	NP_006195.3
chr10	93758145	+	XP_016872400.1
chr10	93894034	+	NP_001128130.1
chr10	94402614	+	XP_047280862.1
chr10	94545922	+	NP_001275996.1
chr10	94683820	+	NP_000763.1
chr10	94762706	+	NP_000760.1
chr10	94938683	+	NP_000762.2
chr10	95194486	+	XP_047280595.1
chr10	95711957	+	XP_047281979.1
chr10	95911324	+	XP_024303774.1
chr10	96044250	+	XP_016871843.1
chr10	96156323	+	XP_047282002.1
chr10	96157913	+	NP_001265455.1
chr10	96304498	+	NP_004079.3
chr10	96949058	+	NP_001164236.1
chr10	97319454	+	NP_005470.2
chr10	97426308	+	NP_002620.1
chr10	97451676	+	NP_932163.1
chr10	97499204	+	NP_079230.1
chr10	97572450	+	NP_001278147.1
chr10	97584704	+	NP_612422.2
chr10	97640743	+	NP_060895.1
chr10	97713877	+	NP_113672.1
chr10	97738478	+	XP_016871135.1
chr10	97850304	+	NP_001010917.1
chr10	98163395	+	NP_001243550.2
chr10	99329388	+	XP_047281003.1
chr10	99533132	+	XP_011537672.1
chr10	99659957	+	NP_065087.1
chr10	99732349	+	NP_057044.2
chr10	99782845	+	XP_006717694.1
chr10	100347505	+	NP_005054.3
chr10	100463169	+	NP_003384.2
chr10	100535959	+	XP_011538242.1
chr10	100735709	+	NP_001361232.1
chr10	100913111	+	NP_001230699.1
chr10	100972913	+	NP_060363.2
chr10	100988211	+	NP_001157284.1
chr10	101002539	+	XP_047281806.1
chr10	101032474	+	XP_047281762.1
chr10	101062593	+	XP_005270251.1
chr10	101131542	+	NP_001182446.1
chr10	101354181	+	XP_047281943.1
chr10	101588337	+	NP_001316675.1
chr10	102065475	+	NP_079023.2
chr10	102133069	+	XP_006717794.1
chr10	102152411	+	XP_005270330.1
chr10	102226549	+	XP_011538547.1
chr10	102258939	+	XP_011538615.1
chr10	102395960	+	NP_001309864.1
chr10	102421130	+	NP_077302.3
chr10	102469030	+	XP_016872150.1
chr10	102502979	+	XP_011538165.1
chr10	102644618	+	NP_112174.2
chr10	102716328	+	XP_011537563.1
chr10	102744054	+	NP_001077382.1
chr10	102854287	+	NP_001129672.1
chr10	102869593	+	NP_065733.2
chr10	102918481	+	NP_951059.1
chr10	103245997	+	NP_001137381.1
chr10	103277212	+	NP_116116.1
chr10	103367990	+	NP_008882.2
chr10	103398427	+	XP_005269704.1
chr10	103494388	+	NP_004201.3
chr10	103967746	+	NP_055535.2
chr10	104122184	+	NP_001002759.1
chr10	104254929	+	NP_004823.1
chr10	104274916	+	XP_011537574.1
chr10	104353898	+	NP_001008723.1
chr10	105089815	+	XP_011537844.1
chr10	110100654	+	NP_001307520.1
chr10	110207809	+	NP_569157.2
chr10	110498122	+	NP_004410.3
chr10	110567817	+	NP_005436.1
chr10	110643415	+	XP_016871592.1
chr10	110876028	+	NP_055271.2
chr10	110964359	+	NP_001311265.1
chr10	111077997	+	NP_000672.3
chr10	112283735	+	NP_478129.1
chr10	112376310	+	NP_057318.2
chr10	113126879	+	NP_001336800.1
chr10	113553122	+	NP_004123.1
chr10	113679755	+	NP_001253986.1
chr10	113755278	+	XP_016872155.1
chr10	113854873	+	XP_011538071.1
chr10	114044133	+	NP_000675.1
chr10	114187832	+	NP_001372298.1
chr10	114242353	+	XP_016871668.1
chr10	114822079	+	NP_065991.3
chr10	114938254	+	NP_631908.1
chr10	115093751	+	NP_001263211.1
chr10	116325012	+	XP_011538073.1
chr10	116428013	+	NP_001011709.2
chr10	116546093	+	NP_000927.1
chr10	116591130	+	XP_047281320.1
chr10	116849567	+	XP_005269872.1
chr10	117197489	+	NP_862823.1
chr10	117241694	+	NP_003045.2
chr10	117543268	+	NP_004089.1
chr10	119029802	+	NP_955631.1
chr10	119104143	+	NP_996892.1
chr10	119651676	+	NP_004272.2
chr10	119726263	+	NP_001230124.1
chr10	119892783	+	NP_009121.1
chr10	120457306	+	NP_001305097.1
chr10	120851421	+	NP_060587.8
chr10	122163925	+	XP_024303533.1
chr10	122275082	+	NP_001305118.1
chr10	122393201	+	NP_001364187.1
chr10	122454728	+	NP_001093137.1
chr10	122461653	+	NP_002766.1
chr10	122560771	+	NP_001364459.1
chr10	122672882	+	NP_001351390.1
chr10	122800976	+	XP_047282086.1
chr10	122911635	+	NP_001025059.1
chr10	122980480	+	NP_699167.2
chr10	123009030	+	NP_001600.1
chr10	123136051	+	NP_001099044.1
chr10	123148379	+	NP_005510.1
chr10	123154918	+	NP_004716.1
chr10	123666408	+	NP_703143.1
chr10	124461863	+	NP_001305261.1
chr10	124801830	+	NP_115558.3
chr10	124940507	+	XP_006717970.1
chr10	125719808	+	XP_047280995.1
chr10	125823558	+	NP_510868.1
chr10	125896643	+	NP_001337868.1
chr10	126949344	+	XP_016871306.1
chr10	127549369	+	NP_001025184.1
chr10	127737274	+	NP_997309.2
chr10	127907257	+	XP_011538300.1
chr10	130136421	+	NP_001186797.1
chr10	130190068	+	XP_047282092.1
chr10	131901149	+	NP_060931.2
chr10	132104809	+	XP_016871588.1
chr10	132187064	+	NP_006417.2
chr10	132333525	+	XP_047281749.1
chr10	132397227	+	NP_612508.3
chr10	132650474	+	XP_016871693.1
chr10	133088910	+	XP_016872268.1
chr10	133160468	+	NP_001334793.1
chr10	133230289	+	NP_003568.2
chr10	133237915	+	NP_055283.1
chr10	133308944	+	NP_665805.2
chr10	133379317	+	NP_997010.1
chr10	133394221	+	NP_612393.2
chr10	133453998	+	NP_001382979.1
chr10	133527396	+	NP_000764.1
chr10	49182	-	XP_016871682.1
chr10	440871	-	XP_011517735.1
chr10	646917	-	XP_047282062.1
chr10	885641	-	XP_016871481.1
chr10	1024582	-	NP_150286.1
chr10	1054168	-	XP_024303748.1
chr10	2501558	-	XP_011518072.1
chr10	3172717	-	NP_001334657.1
chr10	3320723	-	XP_047282093.1
chr10	3784913	-	NP_001153596.1
chr10	5003752	-	NP_995317.1
chr10	5185012	-	XP_047281120.1
chr10	5404790	-	NP_001165335.1
chr10	5498998	-	NP_059118.2
chr10	5666509	-	NP_078977.2
chr10	5813214	-	NP_001108628.1
chr10	5889041	-	NP_061919.1
chr10	5978269	-	XP_047281141.1
chr10	6062088	-	NP_001295172.1
chr10	6515321	-	NP_001310196.1
chr10	7285786	-	XP_047281527.1
chr10	7666803	-	NP_116206.4
chr10	7787820	-	NP_036443.1
chr10	11597631	-	XP_047281994.1
chr10	12035059	-	NP_542166.1
chr10	12186229	-	NP_001308577.1
chr10	13001197	-	NP_001269587.1
chr10	13234201	-	NP_001290048.1
chr10	13299968	-	NP_001032626.1
chr10	13344758	-	XP_047280797.1
chr10	13529432	-	XP_047280748.1
chr10	13701340	-	NP_001305267.1
chr10	14532587	-	NP_001269624.1
chr10	14837832	-	NP_001025125.2
chr10	14953902	-	NP_001337896.1
chr10	15088717	-	NP_001034933.1
chr10	15168503	-	XP_047281975.1
chr10	15374508	-	XP_047280732.1
chr10	15719563	-	XP_011518054.1
chr10	15860206	-	XP_005252657.1
chr10	16520478	-	NP_001010908.1
chr10	16782034	-	NP_689937.2
chr10	17023558	-	XP_011518013.1
chr10	17201571	-	XP_047280653.1
chr10	17454155	-	NP_001332890.1
chr10	17617083	-	XP_005252698.1
chr10	18655025	-	XP_047280739.1
chr10	20899378	-	XP_005252399.1
chr10	21515096	-	NP_997254.3
chr10	22003213	-	XP_011517916.1
chr10	22208883	-	NP_001381686.1
chr10	22475788	-	XP_047282068.1
chr10	22714183	-	NP_001316991.1
chr10	23344569	-	XP_011517745.1
chr10	24721837	-	NP_001354384.1
chr10	24952528	-	NP_064585.1
chr10	25061112	-	NP_659447.1
chr10	26860747	-	NP_001171596.1
chr10	27100085	-	XP_016871418.1
chr10	27154178	-	NP_001240795.1
chr10	27241827	-	XP_016872382.2
chr10	27413162	-	NP_001030014.2
chr10	27743228	-	NP_001229631.1
chr10	27994919	-	NP_001276950.1
chr10	28280100	-	XP_011517640.1
chr10	29555051	-	NP_001310528.1
chr10	30047532	-	NP_001336950.1
chr10	30349119	-	NP_060579.3
chr10	30629593	-	XP_011517608.1
chr10	30882942	-	XP_016871366.1
chr10	31908172	-	XP_016872443.1
chr10	32055848	-	XP_047281159.1
chr10	32378491	-	NP_001258948.1
chr10	32935492	-	NP_002202.2
chr10	33334310	-	XP_047281934.1
chr10	35100844	-	NP_001311305.1
chr10	35639345	-	NP_114072.1
chr10	35642630	-	XP_047282084.1
chr10	37858005	-	NP_001339405.1
chr10	37971708	-	NP_001316586.1
chr10	42638474	-	NP_001291967.1
chr10	43229637	-	XP_005271866.1
chr10	43386637	-	NP_001091674.1
chr10	43574038	-	NP_001092753.1
chr10	43646064	-	NP_001311096.1
chr10	44384945	-	NP_001264919.1
chr10	44977392	-	NP_008952.1
chr10	45303436	-	XP_047281687.1
chr10	45533110	-	NP_659458.2
chr10	45672012	-	XP_011538670.1
chr10	45725718	-	XP_047282070.1
chr10	45847125	-	NP_001380306.1
chr10	46027432	-	NP_001138735.1
chr10	46046235	-	NP_002434.1
chr10	46461508	-	XP_011538239.1
chr10	46551416	-	XP_016872470.1
chr10	47367807	-	NP_694579.1
chr10	47416371	-	XP_047282072.1
chr10	47484481	-	NP_001258632.1
chr10	47491602	-	NP_001131021.1
chr10	47523304	-	NP_001177739.1
chr10	47762634	-	XP_011538740.1
chr10	48274543	-	XP_016871233.1
chr10	48652234	-	XP_016871965.1
chr10	48913392	-	NP_001365031.1
chr10	49115431	-	NP_001026916.2
chr10	49133807	-	NP_001157956.1
chr10	49188294	-	XP_016871282.1
chr10	49395407	-	NP_001263380.1
chr10	49532543	-	NP_001333369.1
chr10	49758389	-	NP_001334755.1
chr10	49941509	-	NP_001290416.1
chr10	50248484	-	NP_001137446.1
chr10	50343492	-	XP_047280930.1
chr10	50859842	-	XP_011538031.1
chr10	51697699	-	NP_056050.1
chr10	52771449	-	NP_001365302.1
chr10	56361196	-	NP_008988.2
chr10	58267422	-	NP_689416.1
chr10	59362399	-	XP_024303648.1
chr10	59684096	-	NP_001310906.1
chr10	59737060	-	NP_001291660.1
chr10	59906122	-	NP_005427.2
chr10	60140352	-	NP_001140.2
chr10	60911351	-	NP_001337836.1
chr10	61452891	-	NP_848600.2
chr10	62268551	-	XP_016871333.1
chr10	62818541	-	NP_001129650.1
chr10	63219878	-	NP_001305082.1
chr10	67837934	-	NP_068572.1
chr10	68072883	-	NP_001265115.1
chr10	68231219	-	NP_660161.1
chr10	68306761	-	NP_071412.2
chr10	68407186	-	XP_005270012.1
chr10	68472054	-	XP_011537719.1
chr10	68527246	-	NP_001311246.1
chr10	69415932	-	NP_001048.2
chr10	69572399	-	XP_016871769.1
chr10	70123907	-	NP_116186.1
chr10	70145421	-	NP_775826.2
chr10	70161858	-	NP_064535.1
chr10	70233264	-	NP_066952.1
chr10	70283670	-	NP_071429.1
chr10	70376452	-	NP_001265143.1
chr10	70441475	-	NP_001316835.1
chr10	70600364	-	NP_005032.2
chr10	70783339	-	XP_016871349.1
chr10	70888531	-	NP_001309933.1
chr10	71715936	-	NP_001161862.1
chr10	71773358	-	NP_071436.1
chr10	71851182	-	NP_002769.1
chr10	72088140	-	NP_055582.1
chr10	72216821	-	NP_001356034.1
chr10	72354765	-	NP_001352009.1
chr10	72566633	-	NP_001182448.1
chr10	72954475	-	NP_001305054.1
chr10	73074808	-	NP_001136068.1
chr10	73163733	-	NP_009196.1
chr10	73247010	-	XP_047280865.1
chr10	73252470	-	NP_001397864.1
chr10	73358932	-	XP_006717673.1
chr10	73400803	-	NP_001307808.1
chr10	73428064	-	NP_001019764.1
chr10	73495805	-	XP_047281386.1
chr10	73575512	-	NP_001378880.1
chr10	73639945	-	NP_067068.1
chr10	73655818	-	NP_079151.2
chr10	73697533	-	NP_001137472.1
chr10	73807384	-	NP_003626.1
chr10	73874397	-	NP_001354445.1
chr10	74138107	-	NP_001307194.1
chr10	75058315	-	XP_016871665.1
chr10	75109009	-	NP_057448.3
chr10	75235835	-	NP_653190.2
chr10	75401105	-	NP_116161.2
chr10	77637265	-	NP_001309768.1
chr10	77926217	-	XP_024304018.1
chr10	78029364	-	NP_008986.2
chr10	79445195	-	XP_011537754.1
chr10	79559929	-	XP_005270189.1
chr10	79946461	-	XP_011538389.1
chr10	80172807	-	NP_001265338.1
chr10	80289333	-	NP_000420.1
chr10	80352455	-	XP_016871238.1
chr10	84225411	-	NP_001271152.1
chr10	84241318	-	XP_011537928.1
chr10	85729513	-	XP_047281078.1
chr10	86517571	-	NP_001305257.1
chr10	86957378	-	NP_079032.2
chr10	87094325	-	NP_001305835.1
chr10	87814438	-	XP_011538604.1
chr10	88851587	-	NP_653191.2
chr10	88879895	-	XP_047282090.1
chr10	88948802	-	NP_001393396.1
chr10	89206474	-	NP_003947.1
chr10	89247538	-	NP_001275908.1
chr10	89462379	-	XP_047281179.1
chr10	89644600	-	XP_016871825.1
chr10	90857133	-	XP_024303741.1
chr10	90921001	-	NP_055206.2
chr10	91632956	-	NP_005389.1
chr10	91908193	-	NP_689642.3
chr10	92239346	-	XP_016871416.1
chr10	92573922	-	NP_001309726.1
chr10	93482107	-	XP_047281006.1
chr10	93601666	-	NP_006735.2
chr10	93700030	-	NP_001334643.1
chr10	94362830	-	NP_071896.8
chr10	95069235	-	NP_001185782.1
chr10	95290820	-	NP_066272.1
chr10	95441126	-	NP_001371384.1
chr10	95653290	-	NP_001310348.1
chr10	95693644	-	NP_001137445.1
chr10	96271352	-	NP_001245371.1
chr10	96358894	-	NP_001271256.1
chr10	96513511	-	NP_036597.1
chr10	96586734	-	XP_011538278.1
chr10	96720382	-	XP_011537550.1
chr10	97185478	-	NP_003052.2
chr10	97292572	-	NP_001243352.1
chr10	97333871	-	NP_036215.1
chr10	97401093	-	NP_001271266.1
chr10	97445955	-	NP_001305295.1
chr10	97498273	-	XP_011538365.1
chr10	97619587	-	NP_001092301.1
chr10	97679619	-	XP_016871983.1
chr10	97771305	-	NP_003006.2
chr10	98030449	-	NP_060528.3
chr10	98262743	-	NP_115587.6
chr10	98415009	-	XP_011538603.1
chr10	98443124	-	NP_001309418.1
chr10	99430448	-	NP_002070.1
chr10	99620045	-	XP_047281766.1
chr10	99731960	-	NP_001307903.1
chr10	99971980	-	NP_001305256.1
chr10	100081403	-	NP_001299.1
chr10	100185514	-	NP_001334787.1
chr10	100229428	-	XP_047280496.1
chr10	100267571	-	NP_001290336.1
chr10	100286605	-	NP_001269365.1
chr10	100329869	-	NP_057196.2
chr10	100516874	-	NP_056305.1
chr10	100529767	-	NP_001271297.1
chr10	100987313	-	NP_001381910.1
chr10	101029994	-	XP_011538480.1
chr10	101228491	-	NP_006553.2
chr10	101587246	-	XP_024303713.2
chr10	101694381	-	NP_001310470.1
chr10	101775869	-	NP_001193318.1
chr10	101783273	-	NP_008924.1
chr10	101817824	-	XP_047280472.1
chr10	101843496	-	XP_011538033.1
chr10	102040013	-	XP_011538458.1
chr10	102120086	-	XP_016872356.1
chr10	102231963	-	NP_005020.1
chr10	102416385	-	NP_001257895.1
chr10	102425115	-	NP_076945.2
chr10	102450452	-	NP_001350509.1
chr10	102502600	-	XP_047280383.1
chr10	102714273	-	XP_016871749.1
chr10	102837065	-	NP_000093.1
chr10	103174858	-	NP_001338123.1
chr10	103350707	-	NP_115530.2
chr10	103392371	-	NP_001193355.1
chr10	103449400	-	XP_006717946.1
chr10	103458197	-	NP_001001412.3
chr10	103478746	-	NP_001123214.1
chr10	103693028	-	NP_001380949.1
chr10	103917462	-	NP_079204.2
chr10	104080622	-	NP_000485.3
chr10	104232182	-	NP_079421.5
chr10	104328254	-	NP_001258942.1
chr10	106688192	-	XP_016871107.1
chr10	109923402	-	NP_001311062.1
chr10	110303468	-	XP_047280394.1
chr10	110918121	-	NP_001230712.1
chr10	112181683	-	XP_047281520.1
chr10	112445170	-	NP_001350473.1
chr10	113663811	-	NP_006166.3
chr10	113852723	-	NP_001258745.1
chr10	114162637	-	XP_011538217.1
chr10	114405035	-	XP_047281831.1
chr10	114633031	-	XP_006717909.1
chr10	114821496	-	XP_047282083.1
chr10	116255634	-	NP_001335028.1
chr10	116669380	-	XP_047280619.1
chr10	116834935	-	XP_047280927.1
chr10	117005022	-	NP_001245227.1
chr10	117137816	-	NP_954582.1
chr10	117374356	-	XP_005269575.1
chr10	118045811	-	NP_055719.1
chr10	118337230	-	NP_001128144.1
chr10	118594132	-	NP_004239.2
chr10	118754396	-	NP_722517.3
chr10	119080628	-	NP_003741.1
chr10	119165537	-	XP_005269583.1
chr10	119178755	-	NP_006784.1
chr10	119542590	-	NP_002916.1
chr10	119596434	-	NP_001310896.1
chr10	119872527	-	NP_001243308.1
chr10	121593709	-	NP_001138387.1
chr10	121928347	-	NP_001275663.1
chr10	121974874	-	XP_011538212.1
chr10	122699615	-	NP_001010912.1
chr10	122845762	-	NP_071317.2
chr10	122850424	-	NP_689857.2
chr10	122954015	-	NP_079218.2
chr10	122998493	-	NP_001359060.1
chr10	123891356	-	XP_016871163.1
chr10	124045667	-	NP_001257693.1
chr10	124411973	-	NP_001309903.1
chr10	124449730	-	NP_001139812.1
chr10	124706636	-	NP_055476.3
chr10	124791724	-	NP_001291397.1
chr10	125038997	-	XP_047280635.1
chr10	125682939	-	NP_001305062.1
chr10	125775660	-	NP_671724.1
chr10	125816437	-	XP_011538429.1
chr10	125880543	-	XP_047281426.1
chr10	126071477	-	XP_024303978.1
chr10	126670241	-	XP_047280520.1
chr10	127175212	-	XP_005252751.1
chr10	127892556	-	XP_011537576.1
chr10	128125576	-	XP_006717927.2
chr10	129513754	-	XP_047282087.1
chr10	129963635	-	XP_047280917.1
chr10	130110704	-	XP_024303777.1
chr10	131311294	-	XP_047280923.1
chr10	131981761	-	NP_004043.4
chr10	132331482	-	XP_011537995.1
chr10	132785543	-	NP_796374.2
chr10	132942436	-	NP_001186978.2
chr10	133276772	-	XP_047280380.1
chr10	133302792	-	NP_001243547.1
chr10	133328855	-	NP_001308546.1
chr10	133357923	-	XP_011537977.1
chr10	133373246	-	NP_004083.3
chr10	133423226	-	NP_001012526.2
chr10	133565457	-	NP_570140.1
chr10	133626565	-	NP_001074467.1
chr11	188052	+	XP_005252861.2
chr11	197305	+	NP_444510.2
chr11	208855	+	XP_047283349.1
chr11	237050	+	NP_002808.3
chr11	278570	+	NP_001263629.1
chr11	289817	+	XP_011518688.1
chr11	308193	+	NP_006426.2
chr11	314171	+	NP_003632.4
chr11	369804	+	NP_848632.2
chr11	392628	+	NP_001289958.1
chr11	448418	+	XP_024304467.1
chr11	540685	+	XP_047282292.1
chr11	561769	+	NP_001137465.1
chr11	571594	+	XP_047283960.1
chr11	581513	+	NP_001273510.1
chr11	637305	+	NP_000788.2
chr11	695753	+	NP_001371337.1
chr11	709408	+	XP_016873621.1
chr11	747482	+	NP_006746.1
chr11	780163	+	XP_047283910.1
chr11	797626	+	XP_034607700.1
chr11	810235	+	NP_000995.1
chr11	819719	+	NP_065109.1
chr11	828608	+	XP_016873079.1
chr11	836070	+	NP_004348.2
chr11	850305	+	NP_003262.1
chr11	926022	+	XP_011518232.1
chr11	1055781	+	XP_047283911.1
chr11	1223124	+	NP_002449.2
chr11	1390285	+	XP_016874022.1
chr11	1697246	+	NP_001012416.1
chr11	1834585	+	XP_047283801.1
chr11	1922875	+	XP_016873695.1
chr11	1947363	+	XP_011518575.1
chr11	2302045	+	XP_047282171.1
chr11	2377550	+	NP_004347.1
chr11	2402634	+	XP_006718181.1
chr11	2777570	+	NP_001393768.1
chr11	2902596	+	XP_011518443.2
chr11	3659214	+	XP_016873252.1
chr11	3797844	+	NP_001243166.1
chr11	3967635	+	NP_001369503.1
chr11	4095013	+	NP_001024.1
chr11	4233288	+	NP_001400931.1
chr11	4329865	+	NP_001400929.1
chr11	4449340	+	NP_001005172.2
chr11	4483164	+	NP_001372665.1
chr11	4545191	+	NP_001004137.1
chr11	4586891	+	NP_001392689.1
chr11	4594039	+	NP_001005169.1
chr11	4639791	+	NP_001004751.1
chr11	4652527	+	NP_689643.2
chr11	4821422	+	NP_001004753.2
chr11	4881900	+	NP_001004759.2
chr11	4907370	+	NP_001004749.1
chr11	4988212	+	NP_068573.2
chr11	4998983	+	NP_001004755.1
chr11	5351508	+	NP_001004750.1
chr11	5389399	+	NP_001004756.2
chr11	5422201	+	NP_001004757.1
chr11	5453489	+	NP_001004754.1
chr11	5488707	+	NP_001005163.1
chr11	5580877	+	NP_001005162.2
chr11	5596898	+	NP_001003818.1
chr11	5696233	+	NP_006065.2
chr11	5736517	+	NP_001005180.1
chr11	5754741	+	XP_016873200.1
chr11	5761239	+	NP_001382986.1
chr11	5820336	+	NP_001005174.1
chr11	5884293	+	NP_001005165.1
chr11	5900777	+	NP_001005166.3
chr11	5947347	+	XP_047282882.1
chr11	6107779	+	NP_001005181.1
chr11	6199224	+	NP_001005178.1
chr11	6205616	+	NP_775796.2
chr11	6239207	+	XP_016872706.1
chr11	6259929	+	NP_001350481.1
chr11	6390599	+	XP_011518606.1
chr11	6481517	+	NP_036324.1
chr11	6498216	+	NP_775860.3
chr11	6604272	+	NP_001014795.1
chr11	6785038	+	NP_001004489.1
chr11	6845683	+	NP_835462.1
chr11	6869755	+	NP_001004460.1
chr11	6876648	+	NP_997069.2
chr11	6921002	+	NP_001004684.1
chr11	6932273	+	XP_047283525.1
chr11	7038587	+	NP_789792.1
chr11	7252187	+	XP_011518208.1
chr11	7485876	+	NP_001357429.1
chr11	7549476	+	NP_001338791.2
chr11	7987353	+	NP_003745.1
chr11	8019195	+	XP_005253166.1
chr11	8682814	+	NP_000981.1
chr11	8911450	+	NP_065693.2
chr11	9384764	+	NP_006382.1
chr11	9461035	+	XP_005253178.1
chr11	9573934	+	NP_003381.1
chr11	9664180	+	NP_055870.2
chr11	9817997	+	XP_047283959.1
chr11	10305701	+	NP_001115.1
chr11	10451022	+	NP_000471.1
chr11	10751413	+	NP_055448.1
chr11	11842186	+	NP_001317137.1
chr11	12162156	+	NP_001269597.1
chr11	12376731	+	XP_005253072.1
chr11	12764233	+	NP_068780.2
chr11	13009577	+	NP_001073990.2
chr11	13277025	+	XP_047282914.1
chr11	13694766	+	XP_047283646.1
chr11	14644076	+	XP_047283071.1
chr11	15074719	+	NP_000719.1
chr11	15112470	+	NP_001027024.3
chr11	16738779	+	NP_055082.1
chr11	17291363	+	NP_001339590.1
chr11	17351970	+	XP_047282862.1
chr11	17547373	+	NP_001264198.1
chr11	17719783	+	NP_002469.2
chr11	17736003	+	NP_004967.1
chr11	18137203	+	NP_473372.3
chr11	18173257	+	NP_473373.2
chr11	18333075	+	XP_024304225.1
chr11	18429841	+	XP_047282890.1
chr11	18456089	+	XP_011518224.2
chr11	18599929	+	NP_001342499.1
chr11	18698887	+	NP_699178.1
chr11	19117250	+	NP_061901.2
chr11	20023107	+	NP_001104489.1
chr11	20363812	+	NP_001091990.1
chr11	20387747	+	XP_047282184.1
chr11	20599673	+	NP_004202.4
chr11	22193493	+	NP_998764.1
chr11	22338534	+	NP_065079.1
chr11	22674870	+	XP_047282706.1
chr11	24738228	+	XP_016873138.3
chr11	26508110	+	XP_016873607.1
chr11	26994527	+	NP_976249.1
chr11	27055431	+	NP_003977.1
chr11	28290222	+	XP_047282474.1
chr11	30231903	+	NP_000501.1
chr11	30330949	+	NP_689529.1
chr11	31370749	+	NP_859057.4
chr11	32091197	+	NP_002892.1
chr11	32583888	+	NP_006351.2
chr11	32830530	+	XP_006718377.1
chr11	32893126	+	XP_047283569.1
chr11	33015956	+	NP_001070710.1
chr11	33043774	+	XP_047283193.1
chr11	33258385	+	XP_047282179.1
chr11	34052421	+	XP_047282916.1
chr11	34108226	+	NP_078938.3
chr11	34439014	+	NP_001743.1
chr11	34622411	+	NP_001364982.1
chr11	34916656	+	NP_003468.2
chr11	35139304	+	XP_006718453.1
chr11	35618637	+	NP_055159.2
chr11	35663112	+	NP_060053.2
chr11	36184018	+	NP_001291193.1
chr11	36376157	+	NP_001153640.1
chr11	36573305	+	NP_001364206.1
chr11	36610104	+	NP_001263651.1
chr11	43312128	+	XP_006718422.1
chr11	43358955	+	NP_001294872.1
chr11	43680828	+	NP_057226.1
chr11	43882653	+	NP_631917.1
chr11	43942905	+	NP_001138505.1
chr11	43971582	+	XP_047282883.1
chr11	44066994	+	XP_047283675.1
chr11	44096253	+	XP_011518252.1
chr11	44564482	+	XP_047282856.1
chr11	44897809	+	XP_047283803.1
chr11	45181767	+	NP_001371578.1
chr11	45805802	+	XP_011518505.1
chr11	45847250	+	NP_001120929.1
chr11	45885821	+	NP_005447.1
chr11	45922883	+	XP_006718204.1
chr11	46237839	+	XP_047283921.1
chr11	46278112	+	XP_006718443.1
chr11	46333276	+	NP_963290.1
chr11	46382058	+	NP_001257479.1
chr11	46644292	+	NP_001333248.1
chr11	46701048	+	NP_079017.1
chr11	46719236	+	NP_000497.1
chr11	47215137	+	XP_047282443.1
chr11	47248804	+	NP_001238864.1
chr11	47273915	+	NP_001363580.1
chr11	47409627	+	XP_047283813.1
chr11	47565623	+	NP_001137456.1
chr11	47980571	+	XP_047283330.1
chr11	48216810	+	NP_001005470.1
chr11	48245104	+	NP_001004727.1
chr11	48263861	+	NP_001004726.1
chr11	48306223	+	NP_001004725.1
chr11	48325022	+	NP_001004702.2
chr11	48488793	+	NP_001005512.2
chr11	49031600	+	NP_001193555.1
chr11	49952423	+	NP_001001955.2
chr11	54706885	+	NP_001005272.3
chr11	55262268	+	NP_077019.2
chr11	55343201	+	NP_001005274.1
chr11	55367974	+	NP_001005275.2
chr11	55554469	+	NP_001001920.2
chr11	55572128	+	NP_001004701.2
chr11	55638358	+	NP_001392848.1
chr11	55650904	+	NP_001004059.2
chr11	55665167	+	NP_001004704.1
chr11	55724026	+	NP_001382988.1
chr11	55773438	+	NP_001001967.1
chr11	55795556	+	NP_001004735.1
chr11	55811467	+	NP_001004738.1
chr11	55819630	+	NP_001001952.1
chr11	55827219	+	NP_001004739.1
chr11	55838752	+	NP_001005496.1
chr11	55885429	+	NP_116070.2
chr11	56030419	+	NP_001001921.1
chr11	56093308	+	NP_001003750.1
chr11	56105043	+	NP_001005200.1
chr11	56122373	+	NP_001005201.1
chr11	56176618	+	NP_001005492.1
chr11	56663686	+	NP_001004730.1
chr11	56700388	+	NP_001005213.1
chr11	56988914	+	NP_001005323.1
chr11	57182023	+	NP_001005210.2
chr11	57338551	+	XP_011543372.1
chr11	57460866	+	NP_848665.1
chr11	57542643	+	NP_001099035.2
chr11	57598271	+	NP_000053.2
chr11	57659477	+	NP_006822.1
chr11	57673091	+	XP_047282680.1
chr11	57712619	+	NP_001334827.1
chr11	57741596	+	NP_734467.1
chr11	57791479	+	NP_001078927.1
chr11	58030953	+	NP_001005186.2
chr11	58179445	+	NP_001005212.1
chr11	58190491	+	NP_001005283.1
chr11	58214784	+	NP_001004458.2
chr11	58579282	+	NP_444251.1
chr11	58622753	+	NP_000605.1
chr11	58943299	+	NP_542392.2
chr11	59086307	+	NP_001342495.1
chr11	59109626	+	NP_945185.1
chr11	59148873	+	NP_001361792.1
chr11	59172596	+	NP_055992.1
chr11	59364459	+	NP_001004729.1
chr11	59443169	+	NP_001004728.1
chr11	59456961	+	NP_001004708.1
chr11	59477430	+	NP_001004705.1
chr11	59503576	+	NP_001004706.1
chr11	59514913	+	NP_001004711.1
chr11	59755606	+	NP_004168.1
chr11	59878809	+	NP_001382184.1
chr11	59938505	+	XP_047282667.1
chr11	60062492	+	XP_011543665.1
chr11	60088657	+	XP_016872851.1
chr11	60280676	+	NP_683876.1
chr11	60334896	+	NP_640342.1
chr11	60383142	+	NP_067024.1
chr11	60396579	+	NP_001248757.1
chr11	60429675	+	NP_076434.2
chr11	60462375	+	NP_690605.1
chr11	60497319	+	XP_011543419.1
chr11	60518084	+	XP_047282996.1
chr11	60700861	+	NP_113645.1
chr11	60729316	+	NP_001341400.1
chr11	60763734	+	NP_001092305.1
chr11	60790336	+	XP_011543291.1
chr11	60842125	+	NP_077003.1
chr11	60867562	+	NP_997224.2
chr11	60919694	+	NP_076997.1
chr11	60924634	+	NP_060340.2
chr11	60971866	+	NP_006716.3
chr11	61102561	+	NP_055022.2
chr11	61203565	+	NP_001073275.1
chr11	61222401	+	NP_001073276.1
chr11	61241227	+	NP_055039.1
chr11	61334729	+	XP_047282689.1
chr11	61364391	+	NP_001397928.1
chr11	61392632	+	NP_001167462.1
chr11	61430147	+	NP_060311.1
chr11	61481810	+	NP_659454.2
chr11	61508999	+	NP_001138549.1
chr11	61720156	+	XP_047283501.1
chr11	61752745	+	XP_005274279.1
chr11	61795362	+	NP_004102.1
chr11	61816286	+	NP_001268430.1
chr11	61951807	+	XP_005274267.1
chr11	62128162	+	XP_011543297.1
chr11	62190285	+	NP_006543.1
chr11	62208732	+	NP_002398.1
chr11	62242308	+	NP_006542.1
chr11	62270217	+	XP_005274062.3
chr11	62337978	+	XP_047283588.1
chr11	62419096	+	NP_003348.1
chr11	62613282	+	NP_000318.2
chr11	62665511	+	XP_005274289.1
chr11	62671746	+	NP_001078841.1
chr11	62708296	+	XP_047282750.1
chr11	62728134	+	XP_047282783.1
chr11	62761649	+	NP_002687.1
chr11	62775784	+	NP_006464.1
chr11	62787432	+	NP_001350530.1
chr11	62856270	+	NP_002385.3
chr11	63290166	+	XP_047282879.1
chr11	63370057	+	NP_543142.2
chr11	63506393	+	XP_047283735.1
chr11	63536869	+	NP_004576.2
chr11	63681637	+	XP_016872581.1
chr11	63813687	+	XP_005273839.1
chr11	63839507	+	NP_001034558.2
chr11	63939097	+	NP_079047.2
chr11	63974681	+	NP_004065.1
chr11	63986457	+	NP_060140.2
chr11	64116268	+	XP_047282652.1
chr11	64185825	+	NP_001269581.1
chr11	64207365	+	NP_001369377.1
chr11	64226425	+	XP_047283655.1
chr11	64230855	+	NP_001294909.1
chr11	64234834	+	NP_003368.1
chr11	64241280	+	NP_001357343.1
chr11	64251650	+	XP_016873414.1
chr11	64270659	+	XP_047283220.1
chr11	64293019	+	NP_201567.1
chr11	64300411	+	NP_001034585.1
chr11	64307150	+	XP_016872802.1
chr11	64318216	+	NP_036226.2
chr11	64340267	+	NP_115627.6
chr11	64359236	+	NP_003933.1
chr11	64556000	+	NP_060954.1
chr11	64591557	+	XP_006718493.1
chr11	64918324	+	XP_047283156.1
chr11	65014208	+	NP_001658.2
chr11	65027538	+	NP_037438.2
chr11	65041293	+	NP_001354416.1
chr11	65084699	+	NP_006773.2
chr11	65096251	+	NP_037397.2
chr11	65112016	+	NP_003264.2
chr11	65122347	+	NP_004918.1
chr11	65171358	+	NP_001008778.2
chr11	65182702	+	XP_006718761.1
chr11	65262293	+	XP_011543181.1
chr11	65320899	+	XP_047282200.1
chr11	65333887	+	NP_001317237.1
chr11	65355809	+	NP_663771.1
chr11	65375318	+	XP_047283639.1
chr11	65525154	+	NP_065731.3
chr11	65570492	+	NP_006387.1
chr11	65572670	+	NP_001092254.1
chr11	65576303	+	XP_006718550.1
chr11	65616312	+	XP_005274047.1
chr11	65640922	+	XP_047283390.1
chr11	65712268	+	XP_047282209.1
chr11	65787374	+	NP_004552.2
chr11	65834066	+	NP_689973.2
chr11	65860754	+	XP_047283593.1
chr11	65879855	+	NP_001326.3
chr11	65890784	+	NP_006839.2
chr11	65919502	+	NP_006433.2
chr11	65945676	+	NP_001382420.1
chr11	65961781	+	XP_047283812.1
chr11	66003251	+	NP_001137457.1
chr11	66012045	+	NP_001314.1
chr11	66052385	+	NP_006833.2
chr11	66070487	+	NP_060496.2
chr11	66258595	+	XP_047283370.1
chr11	66268680	+	NP_112243.1
chr11	66278457	+	NP_872359.1
chr11	66292014	+	NP_694998.1
chr11	66410921	+	XP_047282720.1
chr11	66468129	+	NP_001230064.1
chr11	66482201	+	NP_569710.2
chr11	66510660	+	NP_078925.3
chr11	66546511	+	NP_001245300.2
chr11	66593262	+	NP_005116.1
chr11	66616721	+	NP_006319.1
chr11	66744743	+	NP_078926.3
chr11	66857745	+	NP_076941.2
chr11	66975363	+	NP_001340483.1
chr11	67010958	+	XP_011543648.1
chr11	67056903	+	NP_055393.1
chr11	67121317	+	NP_036440.1
chr11	67266700	+	NP_001610.2
chr11	67289461	+	NP_997237.2
chr11	67303626	+	XP_047283133.1
chr11	67392045	+	NP_004575.1
chr11	67404203	+	XP_047282866.1
chr11	67416200	+	NP_001159694.1
chr11	67428546	+	XP_047283351.1
chr11	67452900	+	XP_005274171.2
chr11	67483159	+	NP_003968.3
chr11	67583844	+	NP_000843.1
chr11	67607005	+	NP_009034.2
chr11	68015298	+	NP_001154945.1
chr11	68032152	+	NP_002487.1
chr11	68041153	+	XP_047282193.1
chr11	68298881	+	XP_047282905.1
chr11	68537665	+	XP_006718690.1
chr11	68684924	+	NP_057057.2
chr11	68903953	+	XP_005274033.1
chr11	69048998	+	NP_620714.2
chr11	69157847	+	NP_001381098.1
chr11	69295355	+	XP_047282719.1
chr11	69641314	+	NP_444284.1
chr11	70078607	+	XP_047283139.1
chr11	70203460	+	NP_003815.1
chr11	70272173	+	XP_047283719.1
chr11	70407298	+	XP_016872801.1
chr11	71453297	+	NP_060631.2
chr11	71527301	+	NP_001012521.1
chr11	71538056	+	NP_066384.2
chr11	71548658	+	NP_005544.4
chr11	71565588	+	NP_001012728.1
chr11	71833200	+	NP_001002035.1
chr11	71878453	+	NP_001229782.1
chr11	71929062	+	NP_060790.2
chr11	71999985	+	NP_005690.2
chr11	72088353	+	NP_001192067.1
chr11	72135953	+	NP_000795.2
chr11	72192174	+	NP_057936.1
chr11	72217421	+	XP_005273913.1
chr11	72224985	+	XP_047282844.1
chr11	72814446	+	XP_006718796.1
chr11	73234160	+	NP_788086.3
chr11	73270140	+	XP_011543378.1
chr11	73308639	+	NP_055601.2
chr11	73389137	+	XP_047283713.1
chr11	73646609	+	NP_067023.1
chr11	73787972	+	NP_001305428.1
chr11	73877022	+	XP_047283595.1
chr11	73951070	+	NP_705842.2
chr11	74171422	+	XP_016873402.1
chr11	74592659	+	XP_047282251.1
chr11	74748881	+	XP_011543191.1
chr11	74949286	+	NP_055567.2
chr11	74984435	+	XP_047282260.1
chr11	75151382	+	NP_009187.1
chr11	75241050	+	NP_001182457.1
chr11	75399548	+	NP_001243731.1
chr11	75566350	+	XP_011543629.1
chr11	75717889	+	XP_011543569.1
chr11	75768992	+	NP_115953.2
chr11	76016871	+	XP_047283478.1
chr11	76381829	+	NP_001292154.1
chr11	76446939	+	XP_047283264.1
chr11	76792736	+	NP_001305406.1
chr11	76860977	+	XP_016873476.1
chr11	77039552	+	NP_619651.3
chr11	77071610	+	XP_016873712.3
chr11	77130635	+	XP_011543346.1
chr11	77589993	+	NP_766627.1
chr11	77841186	+	XP_047282792.1
chr11	78063882	+	NP_003242.1
chr11	78196246	+	XP_047283291.1
chr11	82914739	+	XP_024304168.1
chr11	82932242	+	XP_011543139.1
chr11	83157440	+	XP_047283076.1
chr11	83194671	+	NP_001287906.1
chr11	85628608	+	NP_001337323.1
chr11	85650256	+	NP_115649.1
chr11	85865124	+	XP_011543141.1
chr11	86245230	+	XP_047283758.1
chr11	86302449	+	XP_016873403.1
chr11	86375164	+	NP_001149946.1
chr11	86807644	+	NP_001280109.1
chr11	87157362	+	XP_016873631.1
chr11	89177954	+	XP_011541272.1
chr11	89710299	+	NP_001139634.1
chr11	89926762	+	NP_001098992.1
chr11	89968504	+	NP_001129958.1
chr11	90035212	+	NP_001182163.1
chr11	90085950	+	NP_001137447.1
chr11	90132151	+	XP_016872535.1
chr11	92969726	+	NP_005950.1
chr11	93332260	+	XP_011540939.1
chr11	93666708	+	XP_047283752.1
chr11	93747394	+	XP_047282788.1
chr11	93784514	+	NP_004259.3
chr11	94021369	+	NP_001092142.1
chr11	94129313	+	NP_056183.2
chr11	94305637	+	NP_001186135.1
chr11	94496694	+	XP_016873430.1
chr11	94512529	+	NP_001177391.1
chr11	94544134	+	NP_002024.1
chr11	94567519	+	NP_689644.2
chr11	94728971	+	XP_006718835.1
chr11	94997373	+	NP_060509.2
chr11	95025558	+	NP_001155102.1
chr11	95049422	+	NP_001400684.1
chr11	95067227	+	NP_115285.1
chr11	95089928	+	NP_055851.1
chr11	95790699	+	NP_055494.2
chr11	96390650	+	NP_003763.2
chr11	100816854	+	XP_047282374.1
chr11	101701507	+	XP_047283953.1
chr11	101915285	+	NP_065853.3
chr11	102047471	+	NP_001181934.1
chr11	102110849	+	XP_005271435.1
chr11	102324510	+	NP_001156.1
chr11	102349855	+	NP_001157.1
chr11	103109575	+	XP_016873782.1
chr11	104036823	+	NP_001001711.1
chr11	105862047	+	XP_011541079.1
chr11	106077711	+	NP_056238.2
chr11	107618190	+	NP_061182.3
chr11	107928569	+	NP_059986.1
chr11	108009349	+	XP_011541315.1
chr11	108121607	+	NP_001373606.1
chr11	108227625	+	NP_001338764.1
chr11	109422868	+	XP_011541119.1
chr11	110093412	+	NP_203748.1
chr11	110429346	+	XP_047282522.1
chr11	111245854	+	NP_940900.2
chr11	111298582	+	XP_016872685.1
chr11	111514785	+	NP_001093858.1
chr11	111540844	+	NP_001245319.1
chr11	111602564	+	NP_056006.1
chr11	111879561	+	NP_073598.1
chr11	111912830	+	NP_001532.1
chr11	111918973	+	NP_542390.2
chr11	111929854	+	NP_001265471.1
chr11	112025473	+	NP_001358960.1
chr11	112075575	+	NP_060665.3
chr11	112086908	+	NP_001263435.1
chr11	112169269	+	NP_112565.1
chr11	112175602	+	NP_114144.5
chr11	112226444	+	NP_000308.1
chr11	113316258	+	NP_001364993.1
chr11	113387885	+	XP_011541038.1
chr11	113779796	+	NP_001094859.1
chr11	113904934	+	NP_006019.1
chr11	113975326	+	NP_998786.3
chr11	114063301	+	XP_047283519.1
chr11	114296557	+	NP_001358976.1
chr11	114400672	+	NP_001272974.1
chr11	114439529	+	NP_056338.2
chr11	114678576	+	NP_872301.2
chr11	116830583	+	NP_000031.1
chr11	117145107	+	XP_016873329.1
chr11	117179264	+	NP_001035545.1
chr11	117203014	+	NP_001001522.1
chr11	117234273	+	NP_997226.2
chr11	117338587	+	XP_047282533.1
chr11	117986468	+	NP_001549.2
chr11	118077303	+	XP_011541206.1
chr11	118304953	+	NP_000724.1
chr11	118344424	+	XP_005271781.1
chr11	118365081	+	NP_004779.2
chr11	118401666	+	NP_006467.4
chr11	118436513	+	XP_011541131.1
chr11	118527495	+	NP_001073910.1
chr11	118531802	+	XP_047283677.1
chr11	118572548	+	NP_001646.2
chr11	118610410	+	XP_011541016.1
chr11	118883942	+	NP_001707.1
chr11	118956351	+	NP_006751.1
chr11	118971932	+	XP_016873064.1
chr11	119019390	+	XP_047283070.1
chr11	119073800	+	XP_047283212.1
chr11	119085034	+	NP_000181.2
chr11	119107742	+	XP_047283895.1
chr11	119125768	+	XP_016872988.1
chr11	119149966	+	NP_071452.2
chr11	119171404	+	NP_001269287.1
chr11	119185495	+	XP_011541307.1
chr11	119206418	+	NP_005179.2
chr11	119335123	+	NP_114404.1
chr11	120211280	+	NP_848602.1
chr11	120236674	+	NP_001231611.1
chr11	120327376	+	NP_001185599.1
chr11	120337244	+	NP_056128.1
chr11	120856067	+	XP_047282796.1
chr11	121045691	+	NP_001350573.1
chr11	121303376	+	NP_008849.2
chr11	121452332	+	NP_003096.2
chr11	122656050	+	NP_116262.2
chr11	122838547	+	NP_062550.2
chr11	122885850	+	NP_954575.1
chr11	123420270	+	XP_006718955.1
chr11	123906432	+	NP_001005197.1
chr11	123939617	+	NP_001001965.1
chr11	124015575	+	NP_001004462.1
chr11	124023013	+	NP_001001953.1
chr11	124029623	+	NP_001004464.1
chr11	124117464	+	XP_011541130.1
chr11	124185270	+	NP_001342142.1
chr11	124249676	+	NP_001002905.1
chr11	124264932	+	NP_001005198.2
chr11	124570120	+	NP_001005194.2
chr11	124611557	+	NP_443191.1
chr11	124623084	+	XP_047283704.1
chr11	124675265	+	XP_024304351.1
chr11	124740085	+	NP_001119653.1
chr11	124865578	+	NP_071765.2
chr11	124919751	+	NP_001032647.2
chr11	124954733	+	XP_016873835.1
chr11	125063368	+	XP_047282500.1
chr11	125351306	+	NP_001369257.1
chr11	125572528	+	XP_011541371.1
chr11	125595916	+	XP_047282854.1
chr11	125625761	+	XP_011540862.1
chr11	125746305	+	NP_612151.1
chr11	125788152	+	NP_001123355.3
chr11	125833360	+	NP_001138346.1
chr11	125899369	+	NP_659451.1
chr11	125904518	+	XP_047282805.1
chr11	125946056	+	NP_001352006.1
chr11	126235002	+	XP_011541280.2
chr11	126269207	+	NP_060017.1
chr11	126290895	+	NP_683708.1
chr11	126304081	+	NP_001337165.1
chr11	126358346	+	NP_001335325.1
chr11	128694259	+	NP_002008.2
chr11	128911274	+	NP_001341098.1
chr11	129376036	+	NP_003649.2
chr11	129852483	+	XP_047282312.1
chr11	130069978	+	NP_001369457.1
chr11	130159980	+	NP_068813.1
chr11	130448974	+	NP_620686.1
chr11	134069084	+	NP_116190.3
chr11	134225123	+	XP_011540867.1
chr11	134253601	+	XP_005271562.1
chr11	134276741	+	NP_001073876.2
chr11	134332062	+	NP_001357392.1
chr11	207303	-	NP_001092257.1
chr11	236194	-	NP_001357246.1
chr11	299305	-	NP_001020466.1
chr11	320565	-	NP_066362.2
chr11	409868	-	NP_068577.2
chr11	441921	-	NP_001334811.1
chr11	502062	-	NP_976322.1
chr11	534212	-	NP_001304983.1
chr11	560683	-	XP_047282668.1
chr11	615345	-	XP_016873163.1
chr11	624818	-	NP_112554.3
chr11	627073	-	NP_068739.1
chr11	694759	-	NP_001354319.1
chr11	777399	-	NP_001305747.1
chr11	788127	-	NP_057648.2
chr11	794987	-	XP_011518673.1
chr11	808947	-	XP_047283202.1
chr11	842414	-	NP_066951.1
chr11	914304	-	XP_047283435.1
chr11	1309466	-	XP_016873420.1
chr11	1554949	-	XP_047283912.1
chr11	1565638	-	XP_011518235.1
chr11	1750359	-	NP_001164291.2
chr11	1763792	-	NP_001900.1
chr11	1889145	-	XP_047282192.1
chr11	2140135	-	NP_001007140.2
chr11	2160785	-	NP_001035835.1
chr11	2171697	-	XP_011518637.1
chr11	2269751	-	NP_005161.1
chr11	2301756	-	NP_001316887.1
chr11	2423343	-	XP_016873117.1
chr11	2885202	-	NP_001349404.1
chr11	2928906	-	NP_003302.1
chr11	2979207	-	NP_001356309.1
chr11	3057343	-	NP_001365069.1
chr11	3129013	-	NP_663613.1
chr11	3217944	-	NP_001157849.1
chr11	3227861	-	NP_001034254.2
chr11	3379038	-	NP_001229772.1
chr11	3641806	-	NP_001073004.1
chr11	3671252	-	NP_001289964.1
chr11	3782042	-	NP_001352057.1
chr11	3827563	-	NP_001656.2
chr11	3893485	-	XP_047283958.1
chr11	4242056	-	NP_001400928.1
chr11	4287499	-	NP_001400930.1
chr11	4338660	-	NP_001400927.1
chr11	4367351	-	NP_001005161.2
chr11	4390002	-	NP_003132.2
chr11	4605079	-	NP_001291425.1
chr11	4681749	-	NP_110401.1
chr11	4697653	-	NP_001382980.1
chr11	4768979	-	NP_001004752.2
chr11	4803433	-	NP_001005177.3
chr11	4848237	-	NP_001004758.1
chr11	4914719	-	NP_001005238.1
chr11	4923374	-	NP_001005237.1
chr11	4946159	-	NP_001005329.1
chr11	4954772	-	NP_001004748.1
chr11	5131692	-	NP_001005160.1
chr11	5151431	-	NP_036507.2
chr11	5199735	-	NP_001004760.3
chr11	5226930	-	NP_000509.1
chr11	5234342	-	NP_000510.1
chr11	5249713	-	NP_000550.2
chr11	5254637	-	NP_000175.1
chr11	5269799	-	NP_005321.1
chr11	5301014	-	NP_149419.2
chr11	5323359	-	NP_149420.4
chr11	5342586	-	NP_001005567.2
chr11	5440570	-	NP_001005288.1
chr11	5508619	-	NP_059509.1
chr11	5515014	-	NP_659490.4
chr11	5544561	-	NP_001005289.2
chr11	5679761	-	XP_047283739.1
chr11	5777660	-	NP_001372591.1
chr11	5787854	-	NP_001001913.1
chr11	5840956	-	NP_001005167.1
chr11	5856749	-	NP_001005168.2
chr11	5967553	-	NP_001139505.1
chr11	5985941	-	NP_001005173.3
chr11	6002051	-	NP_001005179.3
chr11	6026748	-	NP_001001917.3
chr11	6169355	-	NP_001004052.1
chr11	6224379	-	XP_047283643.1
chr11	6320093	-	NP_659477.2
chr11	6410627	-	NP_001244249.1
chr11	6440881	-	NP_000604.1
chr11	6473611	-	XP_047282217.1
chr11	6480323	-	NP_001229785.1
chr11	6603404	-	NP_056139.1
chr11	6611958	-	NP_006275.1
chr11	6619384	-	NP_000382.3
chr11	6639817	-	NP_003728.1
chr11	6683123	-	NP_071344.1
chr11	6768007	-	NP_001372982.1
chr11	6794725	-	NP_003687.2
chr11	6891574	-	NP_003691.1
chr11	7019683	-	NP_001341761.1
chr11	7538338	-	XP_047283961.1
chr11	7672748	-	XP_011518486.2
chr11	7706307	-	XP_047282834.1
chr11	8168866	-	NP_001333619.1
chr11	8268427	-	XP_011518402.1
chr11	8474681	-	XP_047283425.1
chr11	8672248	-	XP_011518829.1
chr11	8750621	-	NP_001363434.1
chr11	8932142	-	NP_065694.2
chr11	8937616	-	NP_065697.1
chr11	8964209	-	NP_001273024.1
chr11	9003762	-	XP_024304376.1
chr11	9091396	-	XP_047283320.1
chr11	9264961	-	NP_001335679.1
chr11	9314321	-	NP_055827.1
chr11	10534016	-	NP_057506.2
chr11	10568448	-	NP_006682.2
chr11	10693536	-	NP_001193810.1
chr11	10807255	-	NP_001166176.1
chr11	10852864	-	NP_001137139.1
chr11	11351944	-	NP_001243615.1
chr11	12008370	-	XP_047282731.1
chr11	13445024	-	XP_016873899.1
chr11	13496042	-	NP_000306.1
chr11	14364391	-	NP_001096139.1
chr11	14498838	-	NP_001137534.1
chr11	14610966	-	NP_002777.1
chr11	14891981	-	NP_001387487.1
chr11	14971107	-	NP_001365879.1
chr11	16925526	-	XP_047282395.1
chr11	17077619	-	NP_001008.1
chr11	17168677	-	NP_001308309.1
chr11	17386919	-	NP_001159762.1
chr11	17476629	-	NP_001338226.1
chr11	17544272	-	NP_710142.1
chr11	18040646	-	NP_004170.1
chr11	18105907	-	NP_612430.2
chr11	18247921	-	NP_006503.2
chr11	18317751	-	XP_016872643.1
chr11	18526775	-	XP_005253165.1
chr11	18588613	-	NP_001248313.1
chr11	18634198	-	NP_919261.2
chr11	18724128	-	XP_047282786.1
chr11	18771939	-	XP_016873927.1
chr11	18933816	-	NP_001380507.1
chr11	19055410	-	NP_473371.1
chr11	19192337	-	NP_001356333.1
chr11	19240107	-	XP_047283552.1
chr11	20159958	-	NP_001025036.2
chr11	22624686	-	NP_073562.1
chr11	22829695	-	NP_001307270.1
chr11	22860377	-	XP_011518104.1
chr11	26567052	-	NP_663625.2
chr11	26721709	-	XP_011518222.1
chr11	27362836	-	NP_110398.1
chr11	27472118	-	NP_001333361.1
chr11	27506716	-	NP_060832.1
chr11	27721412	-	NP_001137277.1
chr11	28097623	-	XP_016873869.1
chr11	30010717	-	NP_002224.1
chr11	30580246	-	NP_001364885.1
chr11	30952445	-	NP_001374204.1
chr11	31328117	-	XP_024304257.1
chr11	31488128	-	XP_047282477.1
chr11	31810828	-	NP_001355858.1
chr11	32434700	-	NP_001354783.1
chr11	32760109	-	XP_047282987.1
chr11	33161299	-	NP_001317.1
chr11	33700245	-	XP_016872542.1
chr11	33722379	-	NP_976075.1
chr11	33774394	-	NP_036307.2
chr11	33869710	-	XP_016873222.1
chr11	34511544	-	NP_001230009.1
chr11	34916228	-	XP_016873364.1
chr11	35419936	-	XP_047283399.1
chr11	35525513	-	NP_001269604.1
chr11	36289362	-	NP_001294866.1
chr11	36501220	-	NP_004611.1
chr11	36592585	-	XP_047283341.1
chr11	40114370	-	XP_016873564.1
chr11	43581017	-	XP_047283962.1
chr11	44309597	-	NP_068745.2
chr11	44938207	-	NP_001305319.1
chr11	45286025	-	NP_001234916.1
chr11	45649730	-	XP_006718419.1
chr11	45907145	-	NP_001073915.2
chr11	45917700	-	NP_476515.2
chr11	46084166	-	XP_047283047.1
chr11	46385118	-	NP_001353621.1
chr11	46548246	-	NP_001354399.1
chr11	46615568	-	XP_024304221.1
chr11	46695975	-	XP_047282889.1
chr11	46821175	-	NP_055571.2
chr11	46918328	-	XP_011518406.1
chr11	47176782	-	NP_001229761.1
chr11	47182674	-	NP_001171903.1
chr11	47248676	-	NP_001343945.1
chr11	47352623	-	NP_000247.2
chr11	47378309	-	NP_003111.2
chr11	47426205	-	NP_002795.2
chr11	47448773	-	XP_011518554.1
chr11	47499453	-	NP_001363392.1
chr11	47589821	-	XP_016872655.1
chr11	47642379	-	XP_047282656.1
chr11	47767069	-	XP_047282614.1
chr11	48365485	-	NP_001335152.1
chr11	48981285	-	NP_001383004.1
chr11	49058701	-	NP_001193560.1
chr11	49208292	-	NP_001180402.1
chr11	54603069	-	NP_001004703.1
chr11	55603441	-	NP_001004700.2
chr11	55913650	-	NP_001001960.1
chr11	55935456	-	NP_006628.1
chr11	55969892	-	NP_001005491.2
chr11	55993681	-	NP_003688.1
chr11	56136771	-	NP_001004064.1
chr11	56159394	-	NP_001004058.2
chr11	56542340	-	NP_001005245.1
chr11	56576774	-	NP_001004741.1
chr11	56612555	-	NP_001004740.1
chr11	56641489	-	NP_001002925.1
chr11	56742828	-	NP_001377761.1
chr11	57235862	-	NP_005152.1
chr11	57321792	-	XP_047283741.1
chr11	57335068	-	NP_003137.1
chr11	57380648	-	NP_006084.2
chr11	57389887	-	NP_001289855.1
chr11	57425989	-	NP_060081.1
chr11	57515100	-	XP_024304495.1
chr11	57530119	-	NP_036588.1
chr11	57567585	-	NP_937826.1
chr11	57646967	-	NP_659445.1
chr11	57711963	-	NP_001304007.2
chr11	57751065	-	XP_016873617.1
chr11	57870323	-	XP_047283922.1
chr11	58118500	-	NP_001005211.1
chr11	58203204	-	NP_001004459.2
chr11	58227916	-	NP_001004471.1
chr11	58266941	-	NP_997257.2
chr11	58358125	-	NP_001005489.1
chr11	58402465	-	NP_001005469.1
chr11	58422332	-	NP_001005566.1
chr11	58439207	-	NP_001004733.1
chr11	58507176	-	NP_001005218.1
chr11	58578019	-	XP_047283838.1
chr11	58724416	-	XP_016872576.1
chr11	58839535	-	XP_047282501.1
chr11	59173265	-	XP_047283907.1
chr11	59210715	-	NP_001034485.1
chr11	59421979	-	NP_001001954.1
chr11	59615303	-	NP_002547.1
chr11	59668881	-	NP_689929.2
chr11	59712916	-	NP_001005324.1
chr11	59810604	-	NP_060310.1
chr11	59845375	-	XP_011543241.1
chr11	59866392	-	NP_001053.2
chr11	60183136	-	NP_690591.1
chr11	60229912	-	NP_001380320.1
chr11	60852535	-	NP_004769.2
chr11	60906364	-	NP_055317.1
chr11	60950994	-	NP_057666.1
chr11	61138737	-	NP_060436.4
chr11	61294928	-	XP_047282509.1
chr11	61332908	-	NP_001914.3
chr11	61357203	-	NP_001287692.1
chr11	61429757	-	XP_047283581.1
chr11	61588280	-	XP_005274444.1
chr11	61792556	-	NP_055021.1
chr11	61816555	-	XP_047282891.1
chr11	61891859	-	XP_047282892.1
chr11	61945773	-	XP_047283336.1
chr11	61967312	-	NP_002023.2
chr11	62298956	-	NP_996881.1
chr11	62535945	-	NP_076965.2
chr11	62573831	-	NP_001395.1
chr11	62591404	-	NP_073741.3
chr11	62601423	-	NP_001317221.1
chr11	62612436	-	XP_047282674.1
chr11	62621866	-	NP_001275650.1
chr11	62653170	-	NP_001316154.1
chr11	62671564	-	NP_001273015.1
chr11	62678865	-	XP_016873363.1
chr11	62687792	-	NP_981967.1
chr11	62707109	-	NP_116056.3
chr11	62726619	-	NP_001073027.1
chr11	62752090	-	NP_001350038.1
chr11	62791679	-	XP_047283537.1
chr11	62805329	-	XP_047282202.1
chr11	62831019	-	XP_011543526.1
chr11	62832376	-	NP_001382388.1
chr11	62839507	-	NP_001356378.1
chr11	62909718	-	XP_011543044.1
chr11	62984322	-	NP_695009.1
chr11	63014626	-	NP_001171665.1
chr11	63143378	-	NP_001129978.2
chr11	63229251	-	NP_955384.3
chr11	63490887	-	XP_047282295.1
chr11	63564444	-	NP_060348.1
chr11	63616587	-	NP_009000.2
chr11	63671636	-	NP_001276977.1
chr11	63768484	-	XP_024304430.1
chr11	63919796	-	NP_001350577.1
chr11	64165697	-	XP_011543272.1
chr11	64225786	-	XP_047283638.1
chr11	64246416	-	NP_619634.1
chr11	64284182	-	NP_004313.1
chr11	64317449	-	NP_001359000.1
chr11	64712970	-	NP_001387611.1
chr11	64745275	-	XP_047282188.1
chr11	64759656	-	NP_001158188.1
chr11	64778362	-	NP_001333339.1
chr11	64803054	-	NP_001294919.1
chr11	64809665	-	NP_570716.2
chr11	64844410	-	XP_011543462.1
chr11	64879612	-	NP_001269373.1
chr11	64916965	-	NP_001354900.1
chr11	64935358	-	XP_011543078.1
chr11	64959305	-	NP_001305737.1
chr11	64996876	-	NP_001287737.1
chr11	65058337	-	XP_047282125.1
chr11	65083933	-	XP_011543045.1
chr11	65088858	-	NP_001229560.1
chr11	65116442	-	NP_055020.1
chr11	65121739	-	NP_001988.1
chr11	65133470	-	XP_047283668.1
chr11	65381915	-	NP_001265180.3
chr11	65557629	-	NP_001157738.1
chr11	65595454	-	NP_203133.1
chr11	65613018	-	NP_002410.1
chr11	65662826	-	NP_001391590.1
chr11	65720587	-	NP_115569.2
chr11	65780442	-	NP_612377.4
chr11	65831895	-	XP_047283936.1
chr11	65858097	-	NP_005498.1
chr11	65872244	-	NP_058634.4
chr11	65888334	-	NP_004205.2
chr11	65900241	-	NP_001287786.1
chr11	65918910	-	NP_113638.2
chr11	66000303	-	NP_001229415.1
chr11	66025164	-	NP_444282.3
chr11	66045291	-	XP_016874008.1
chr11	66257493	-	XP_047283937.1
chr11	66288955	-	NP_001287790.1
chr11	66314754	-	NP_065137.1
chr11	66336674	-	XP_047283876.1
chr11	66342096	-	XP_024304194.1
chr11	66346490	-	NP_006867.1
chr11	66371563	-	XP_016873121.1
chr11	66438710	-	NP_057134.1
chr11	66545723	-	XP_047282666.1
chr11	66568274	-	XP_011543630.1
chr11	66590466	-	NP_060689.2
chr11	66676668	-	NP_001273064.1
chr11	66721084	-	NP_001397954.1
chr11	66872024	-	XP_047283014.1
chr11	67353303	-	NP_001243799.1
chr11	67373524	-	NP_001159684.1
chr11	67401728	-	NP_996756.1
chr11	67437617	-	NP_005599.1
chr11	67442428	-	NP_001018080.1
chr11	67451312	-	NP_996880.1
chr11	67469019	-	NP_001072119.1
chr11	67504103	-	XP_047283871.1
chr11	67508001	-	NP_001258778.1
chr11	67523285	-	NP_057450.2
chr11	67629718	-	NP_001230679.1
chr11	67641405	-	NP_005986.2
chr11	67646808	-	XP_047283824.1
chr11	67666906	-	NP_001026786.3
chr11	67965847	-	XP_047283908.1
chr11	68003948	-	XP_011543593.1
chr11	68120828	-	NP_001363151.1
chr11	68189917	-	XP_047283029.1
chr11	68263692	-	XP_011543405.1
chr11	68750190	-	XP_016874077.1
chr11	68839552	-	NP_001027017.1
chr11	68903723	-	NP_852616.1
chr11	68980021	-	NP_944605.2
chr11	69009854	-	XP_024304107.1
chr11	69657211	-	XP_047283941.1
chr11	69675190	-	XP_006718533.1
chr11	69703645	-	NP_005108.1
chr11	69774745	-	NP_001998.1
chr11	69818714	-	NP_005238.1
chr11	70661596	-	NP_573573.2
chr11	71401744	-	XP_047283943.1
chr11	71444855	-	NP_001157289.1
chr11	71582367	-	NP_001005405.1
chr11	71923309	-	NP_001362777.1
chr11	72035902	-	XP_047282979.1
chr11	72103183	-	NP_060377.1
chr11	72111157	-	NP_001380388.1
chr11	72243788	-	NP_005160.2
chr11	72434072	-	XP_047283612.1
chr11	72674137	-	XP_005274097.1
chr11	72726620	-	NP_001128662.1
chr11	72780975	-	NP_006636.2
chr11	73015809	-	XP_047283905.1
chr11	73468405	-	NP_001272980.1
chr11	73760566	-	NP_001230648.1
chr11	73873115	-	NP_057649.2
chr11	73978253	-	NP_001368873.1
chr11	74006917	-	NP_003347.1
chr11	74170738	-	NP_001273506.1
chr11	74311412	-	NP_001275677.1
chr11	74398051	-	NP_775853.2
chr11	74467398	-	NP_005463.1
chr11	74493467	-	NP_001138341.1
chr11	74730807	-	NP_001291346.1
chr11	74940785	-	NP_001365096.1
chr11	75088751	-	NP_001392781.1
chr11	75351588	-	XP_016873242.1
chr11	75429749	-	NP_001034637.2
chr11	75477619	-	NP_001338097.1
chr11	75667465	-	XP_016873247.1
chr11	76206325	-	XP_005274288.1
chr11	76380748	-	NP_004696.2
chr11	76665871	-	NP_001357120.1
chr11	77287089	-	XP_011543136.1
chr11	77411774	-	NP_001363217.1
chr11	77637590	-	NP_001298131.1
chr11	77820528	-	XP_005274108.1
chr11	77994590	-	XP_016874049.1
chr11	78079579	-	NP_001269335.1
chr11	78139494	-	XP_005274304.1
chr11	78177052	-	NP_001025030.1
chr11	78417646	-	NP_036428.1
chr11	78574348	-	NP_001230180.1
chr11	78756805	-	XP_011543235.1
chr11	82732449	-	NP_787081.2
chr11	82900235	-	NP_001306143.1
chr11	82902048	-	XP_047283909.1
chr11	82997224	-	NP_001272989.1
chr11	83285873	-	NP_001273049.1
chr11	83651839	-	NP_001364911.1
chr11	85663815	-	XP_016873575.1
chr11	85685006	-	NP_689936.1
chr11	85757625	-	NP_001276538.1
chr11	86068651	-	XP_047283622.1
chr11	86502894	-	XP_047282265.1
chr11	86954801	-	NP_036325.2
chr11	88337501	-	NP_001805.4
chr11	89491190	-	NP_001278855.2
chr11	89804059	-	XP_024304385.1
chr11	89875610	-	XP_011541257.1
chr11	89917300	-	NP_001371840.1
chr11	90222891	-	XP_016873030.1
chr11	93197778	-	NP_001273068.1
chr11	93221454	-	XP_024304553.1
chr11	93553865	-	XP_016873509.1
chr11	93739237	-	NP_077021.1
chr11	93850412	-	NP_001138343.1
chr11	94400861	-	NP_001317274.1
chr11	94492782	-	XP_047282924.1
chr11	94972055	-	NP_057487.2
chr11	95230783	-	NP_001258523.1
chr11	95789392	-	XP_011540914.1
chr11	95923875	-	NP_958438.1
chr11	96091892	-	XP_047283666.1
chr11	96384363	-	XP_005274349.1
chr11	101127434	-	NP_001258091.1
chr11	101583334	-	XP_047283465.1
chr11	101907814	-	XP_016872955.1
chr11	102452524	-	NP_443164.2
chr11	102530593	-	NP_002414.1
chr11	102625194	-	NP_004762.2
chr11	102705613	-	XP_011541252.1
chr11	102724754	-	NP_001291371.1
chr11	102780487	-	NP_002416.1
chr11	102797988	-	NP_001139410.1
chr11	102843442	-	NP_002413.1
chr11	102874836	-	NP_002417.2
chr11	102955586	-	NP_002418.1
chr11	103091787	-	NP_001305669.1
chr11	104951896	-	XP_011541321.1
chr11	105023130	-	NP_001129582.1
chr11	105036442	-	XP_047283631.1
chr11	105045291	-	NP_001381509.1
chr11	105139720	-	NP_067546.1
chr11	106010456	-	XP_047283665.1
chr11	106058865	-	NP_001317288.1
chr11	107457712	-	XP_047282375.1
chr11	107565630	-	XP_047283826.1
chr11	107707835	-	NP_003054.1
chr11	107858658	-	XP_047283102.1
chr11	108222500	-	NP_002510.2
chr11	108461479	-	XP_047282417.1
chr11	108498165	-	XP_047282377.1
chr11	108607483	-	XP_047282585.1
chr11	110279681	-	NP_001247424.1
chr11	110712127	-	XP_005271685.1
chr11	111379162	-	XP_047283093.1
chr11	111498604	-	XP_011541178.1
chr11	111766248	-	XP_024304368.1
chr11	111871352	-	NP_001339345.1
chr11	111878961	-	NP_612387.1
chr11	111911524	-	NP_001355175.1
chr11	112072998	-	XP_016872694.1
chr11	112086640	-	NP_036591.3
chr11	112154975	-	NP_001230140.1
chr11	112260406	-	NP_001138496.1
chr11	113424367	-	NP_057658.2
chr11	113706222	-	NP_001275678.1
chr11	113773562	-	XP_016874047.1
chr11	113875445	-	NP_001387741.1
chr11	114399989	-	NP_061894.2
chr11	114551103	-	NP_689528.2
chr11	114594664	-	NP_060148.2
chr11	115256832	-	XP_047282651.1
chr11	116772822	-	XP_011541337.1
chr11	116787820	-	NP_001304015.1
chr11	116791812	-	NP_001160070.1
chr11	116823143	-	NP_000473.2
chr11	116837345	-	NP_001304950.1
chr11	117098143	-	XP_047282629.1
chr11	117229377	-	XP_006719003.1
chr11	117315535	-	NP_001397968.1
chr11	117518466	-	XP_011541227.1
chr11	117842719	-	NP_001671.2
chr11	117929287	-	NP_001193718.1
chr11	118086751	-	NP_001381093.1
chr11	118152613	-	NP_001135821.1
chr11	118176362	-	NP_004579.1
chr11	118214824	-	NP_001273499.1
chr11	118252222	-	XP_006718838.1
chr11	118264096	-	NP_005788.1
chr11	118342553	-	NP_001035741.1
chr11	118559785	-	XP_011541208.1
chr11	118679539	-	NP_001287994.1
chr11	118722381	-	XP_047283956.1
chr11	118786052	-	XP_024304145.1
chr11	118917976	-	XP_005271570.1
chr11	119056070	-	XP_005271449.1
chr11	119094963	-	NP_002096.1
chr11	119101495	-	XP_016872784.1
chr11	119195424	-	NP_001138490.1
chr11	119317035	-	XP_016873248.1
chr11	119340184	-	NP_056460.1
chr11	119346460	-	NP_113621.1
chr11	119381473	-	XP_016874028.1
chr11	119420869	-	NP_001298091.1
chr11	119728475	-	NP_976030.1
chr11	120137228	-	NP_001317311.1
chr11	122115596	-	NP_001001786.2
chr11	122981410	-	NP_001091639.1
chr11	123061120	-	XP_011541100.1
chr11	123194913	-	NP_079045.1
chr11	123653747	-	XP_011541199.1
chr11	123730487	-	NP_001288748.1
chr11	123753580	-	NP_001005188.1
chr11	123805408	-	NP_001005325.1
chr11	123885395	-	XP_011541104.1
chr11	123942867	-	NP_001005187.1
chr11	123976696	-	NP_001004474.2
chr11	123994163	-	NP_001342148.1
chr11	124038066	-	NP_001004463.1
chr11	124309840	-	NP_001002917.1
chr11	124319262	-	NP_001002918.1
chr11	124382402	-	XP_016873024.1
chr11	124396410	-	XP_016873205.1
chr11	124423942	-	NP_001005196.1
chr11	124440150	-	NP_036510.1
chr11	124542722	-	NP_001005195.1
chr11	124673642	-	XP_047283088.1
chr11	124752077	-	XP_047282641.1
chr11	124762085	-	NP_620411.2
chr11	124799871	-	NP_001299850.1
chr11	124897726	-	XP_011541177.1
chr11	124935922	-	XP_005271506.1
chr11	125102637	-	NP_001374169.1
chr11	125489467	-	NP_005094.1
chr11	125680729	-	NP_064493.1
chr11	125778722	-	NP_997720.1
chr11	125895907	-	NP_001258914.1
chr11	126023401	-	XP_047283020.1
chr11	126140119	-	XP_016874145.1
chr11	126211450	-	XP_011541341.1
chr11	126268688	-	XP_047283453.1
chr11	126467130	-	XP_047283671.1
chr11	128586640	-	XP_047282482.1
chr11	128866523	-	NP_722448.1
chr11	128942794	-	NP_001182124.1
chr11	129164319	-	NP_055530.2
chr11	129892715	-	NP_001137307.1
chr11	129960896	-	NP_001354824.1
chr11	130260856	-	XP_047282802.1
chr11	130427567	-	XP_016872634.1
chr11	130915148	-	NP_001334856.1
chr11	133845369	-	NP_001278921.1
chr11	133956691	-	NP_001264214.1
chr11	134223863	-	NP_001358994.1
chr11	134252840	-	NP_001032382.1
chr11	134387844	-	NP_061114.2
chr12	66883	+	XP_011519262.1
chr12	409384	+	NP_115734.1
chr12	460377	+	NP_775864.3
chr12	753566	+	NP_998820.3
chr12	1631355	+	NP_110402.2
chr12	1754344	+	XP_047285503.1
chr12	1827978	+	XP_047285377.1
chr12	2795140	+	NP_002005.1
chr12	2812761	+	NP_060933.3
chr12	2885367	+	NP_001244026.1
chr12	2890948	+	NP_003315.2
chr12	2994767	+	NP_003204.2
chr12	3200921	+	XP_047284080.1
chr12	3491626	+	XP_047285114.1
chr12	4274041	+	NP_001750.1
chr12	4321272	+	NP_065108.1
chr12	4538940	+	XP_047284055.1
chr12	4562246	+	NP_001358230.1
chr12	4649127	+	NP_004993.1
chr12	4720678	+	NP_059113.1
chr12	4810042	+	XP_016874760.1
chr12	4911379	+	NP_000208.2
chr12	5044148	+	NP_002225.2
chr12	5432325	+	NP_001096124.1
chr12	6200500	+	XP_005253871.1
chr12	6312227	+	NP_001371530.1
chr12	6375556	+	NP_001257916.1
chr12	6445096	+	XP_016875723.1
chr12	6452249	+	NP_060479.3
chr12	6495099	+	NP_055680.3
chr12	6534833	+	NP_001276675.1
chr12	6724657	+	NP_001157567.1
chr12	6766706	+	NP_001317262.1
chr12	6772853	+	NP_001401105.1
chr12	6800139	+	NP_001369636.1
chr12	6823749	+	NP_055264.1
chr12	6828441	+	NP_055077.2
chr12	6841288	+	XP_047284658.1
chr12	6852180	+	NP_001092006.1
chr12	6867456	+	NP_001152759.1
chr12	6905634	+	NP_001128689.1
chr12	6915833	+	NP_001966.1
chr12	6934002	+	NP_001411105.1
chr12	6943650	+	NP_001288765.1
chr12	6946726	+	NP_536858.1
chr12	6970924	+	NP_006322.4
chr12	7061913	+	NP_958850.1
chr12	7129623	+	XP_047285875.1
chr12	7189934	+	XP_047285213.1
chr12	7304332	+	NP_001073923.1
chr12	7711571	+	NP_954980.1
chr12	7765286	+	NP_001138937.1
chr12	7789615	+	NP_079141.2
chr12	8039833	+	XP_011519063.1
chr12	8082289	+	NP_056324.2
chr12	8123879	+	NP_057268.1
chr12	8172626	+	NP_001004328.1
chr12	8456112	+	NP_001007034.1
chr12	8513733	+	NP_525126.2
chr12	8713867	+	XP_047285144.1
chr12	8822652	+	XP_011518868.1
chr12	8917678	+	NP_001400667.1
chr12	8953210	+	XP_047284031.1
chr12	9669735	+	NP_001004419.1
chr12	9827545	+	XP_047284912.1
chr12	9881596	+	NP_001177694.1
chr12	9951347	+	XP_047284357.1
chr12	10009175	+	XP_011518960.1
chr12	10052688	+	NP_997228.1
chr12	10179575	+	NP_001371823.1
chr12	10213130	+	NP_001350527.1
chr12	10308078	+	NP_001107868.2
chr12	10505903	+	NP_001344663.1
chr12	10723110	+	XP_047285902.1
chr12	10929274	+	NP_001103683.1
chr12	11171357	+	NP_001258521.1
chr12	11650128	+	NP_001400847.1
chr12	12357452	+	XP_011518855.1
chr12	12612173	+	NP_001301.1
chr12	12717840	+	NP_004055.1
chr12	12726001	+	NP_001123887.1
chr12	12813368	+	NP_057439.2
chr12	12908250	+	NP_003970.1
chr12	13044404	+	NP_065904.1
chr12	13211511	+	NP_001414.1
chr12	14385384	+	XP_047285105.1
chr12	14774471	+	NP_808760.1
chr12	14822936	+	XP_016874363.1
chr12	14978013	+	NP_006196.1
chr12	15221245	+	XP_047285904.1
chr12	15549223	+	NP_109596.1
chr12	15882708	+	NP_009109.3
chr12	15911384	+	NP_057038.2
chr12	16354253	+	NP_001401300.1
chr12	18282082	+	XP_011519003.1
chr12	18738269	+	NP_201585.1
chr12	19129800	+	XP_016874992.1
chr12	19439700	+	XP_011518862.1
chr12	20556663	+	NP_001365337.1
chr12	20699577	+	NP_059131.1
chr12	20815739	+	NP_062818.1
chr12	21015696	+	XP_047285905.1
chr12	21141575	+	NP_006437.3
chr12	21373352	+	NP_001316130.1
chr12	21437731	+	XP_006719216.1
chr12	21501924	+	NP_057156.1
chr12	21526473	+	NP_085049.1
chr12	22046304	+	NP_061156.1
chr12	22625431	+	NP_001034570.2
chr12	24704684	+	XP_047285906.1
chr12	24902590	+	XP_047285907.1
chr12	25004342	+	NP_001381732.1
chr12	25203957	+	XP_005253376.1
chr12	26055344	+	NP_001381023.1
chr12	26195673	+	NP_005077.2
chr12	26954159	+	NP_001165359.1
chr12	27022580	+	NP_001258740.1
chr12	27297721	+	NP_055815.1
chr12	27333073	+	NP_001381453.1
chr12	27426267	+	XP_047284732.1
chr12	27633397	+	XP_024305006.1
chr12	27696563	+	NP_001025045.3
chr12	27710844	+	XP_016875269.1
chr12	27780331	+	XP_016875187.1
chr12	29209165	+	XP_011519050.1
chr12	30926952	+	NP_001357230.1
chr12	31078185	+	XP_016874408.1
chr12	31661954	+	NP_001129336.1
chr12	31980956	+	XP_006719162.1
chr12	32107332	+	NP_001400111.1
chr12	32486001	+	XP_047284247.1
chr12	32679364	+	NP_001265393.1
chr12	34022600	+	NP_116223.3
chr12	38316894	+	NP_001013642.2
chr12	39626337	+	NP_001306176.1
chr12	40225132	+	XP_011536184.1
chr12	40393448	+	NP_775871.2
chr12	40908433	+	XP_024304611.1
chr12	41437945	+	NP_037509.3
chr12	42332702	+	NP_958846.1
chr12	43768112	+	XP_011536733.1
chr12	45292919	+	NP_001397902.1
chr12	45729837	+	XP_047284445.1
chr12	47235064	+	XP_047285829.1
chr12	47755849	+	XP_047285090.1
chr12	47964237	+	NP_001137314.1
chr12	48085062	+	XP_047285908.1
chr12	48105610	+	XP_047284955.1
chr12	48184123	+	NP_001013657.3
chr12	48329292	+	NP_861453.1
chr12	48472665	+	NP_036536.2
chr12	48474247	+	XP_016874285.1
chr12	48525632	+	NP_001377778.1
chr12	48559882	+	NP_001382990.1
chr12	48727481	+	NP_001338052.1
chr12	48814548	+	NP_001193846.1
chr12	48904337	+	NP_149115.2
chr12	48978651	+	NP_005421.1
chr12	49227954	+	NP_001290043.1
chr12	49295201	+	NP_006253.2
chr12	49323609	+	NP_001094090.1
chr12	49348873	+	XP_047285511.1
chr12	49461013	+	XP_047285370.1
chr12	49539417	+	XP_047284569.1
chr12	49623591	+	XP_011536441.1
chr12	49742137	+	XP_005269183.1
chr12	49950831	+	NP_000477.1
chr12	49962018	+	XP_005268895.1
chr12	49973174	+	NP_001643.2
chr12	50058767	+	NP_001399687.1
chr12	50085370	+	XP_011536997.1
chr12	50104051	+	NP_005267.2
chr12	50120044	+	NP_001244063.1
chr12	50401011	+	NP_001339254.1
chr12	50764925	+	NP_001399889.1
chr12	50842965	+	NP_872365.2
chr12	50925039	+	NP_054752.3
chr12	50937654	+	XP_016875273.1
chr12	51048357	+	XP_047284643.1
chr12	51238908	+	NP_055579.1
chr12	51424988	+	NP_001245331.1
chr12	51662818	+	NP_055006.1
chr12	51888187	+	XP_047284738.1
chr12	51912475	+	NP_001393417.1
chr12	51951744	+	XP_011537269.1
chr12	52007020	+	NP_859062.1
chr12	52037350	+	XP_005268879.1
chr12	52073651	+	XP_024304888.1
chr12	52079780	+	NP_001356145.1
chr12	52233297	+	XP_047284783.1
chr12	52274720	+	XP_005268923.1
chr12	52949174	+	NP_954657.1
chr12	53006484	+	NP_001287750.1
chr12	53047007	+	XP_016874578.1
chr12	53097718	+	XP_047284742.1
chr12	53103578	+	XP_047285631.1
chr12	53181984	+	NP_001004304.1
chr12	53241923	+	NP_001382891.1
chr12	53251733	+	XP_005269254.1
chr12	53268767	+	XP_047285871.1
chr12	53380292	+	NP_612482.2
chr12	53423935	+	XP_047284656.1
chr12	53442715	+	NP_060927.1
chr12	53454801	+	NP_005007.2
chr12	53501409	+	XP_047285441.1
chr12	53938907	+	NP_059106.2
chr12	53954930	+	NP_776272.1
chr12	53973242	+	NP_055027.1
chr12	53985260	+	NP_059105.2
chr12	54000189	+	NP_008828.1
chr12	54009285	+	NP_073149.1
chr12	54028522	+	NP_004494.1
chr12	54033123	+	NP_061826.1
chr12	54053923	+	NP_055435.2
chr12	54280808	+	NP_112420.1
chr12	54325164	+	NP_057141.1
chr12	54497790	+	NP_005328.2
chr12	54549873	+	NP_000915.1
chr12	54854583	+	XP_047284228.1
chr12	55026440	+	NP_067014.2
chr12	55129835	+	NP_001005243.2
chr12	55221025	+	NP_001005280.1
chr12	55247288	+	NP_001005490.1
chr12	55320600	+	NP_001005182.1
chr12	55331701	+	NP_473445.1
chr12	55365111	+	NP_001005497.1
chr12	55400529	+	NP_001005518.1
chr12	55426254	+	NP_001005183.1
chr12	55452214	+	NP_473446.1
chr12	55492378	+	NP_001005519.2
chr12	55551227	+	NP_001005494.1
chr12	55574415	+	NP_001245214.1
chr12	55636892	+	NP_996782.1
chr12	55681755	+	NP_689850.2
chr12	55716052	+	NP_001478.2
chr12	55721185	+	NP_001186700.1
chr12	55743317	+	NP_005802.1
chr12	55819000	+	NP_054901.1
chr12	55935926	+	XP_047284392.1
chr12	55967009	+	XP_011536034.1
chr12	55974292	+	NP_001401387.1
chr12	56002222	+	NP_000447.2
chr12	56018138	+	XP_047285305.1
chr12	56042167	+	NP_001020.2
chr12	56080301	+	NP_001005915.1
chr12	56104738	+	NP_006182.2
chr12	56116788	+	NP_001030344.1
chr12	56120563	+	NP_001290053.1
chr12	56128320	+	NP_001171725.1
chr12	56151994	+	XP_047285910.1
chr12	56158402	+	NP_066299.2
chr12	56224497	+	XP_005269204.1
chr12	56231275	+	XP_047284670.1
chr12	56267119	+	NP_653177.3
chr12	56339045	+	NP_057668.1
chr12	56468592	+	NP_997227.1
chr12	56522024	+	XP_005269123.1
chr12	56773853	+	XP_047285758.1
chr12	56995210	+	XP_047284154.1
chr12	57089272	+	NP_005958.1
chr12	57128965	+	NP_002323.2
chr12	57216970	+	NP_009155.1
chr12	57229779	+	NP_005403.2
chr12	57434887	+	NP_005529.1
chr12	57455537	+	NP_113667.1
chr12	57463692	+	NP_005260.1
chr12	57488091	+	XP_047284808.1
chr12	57524304	+	XP_005268677.1
chr12	57550272	+	NP_004975.2
chr12	57591290	+	XP_011537049.1
chr12	57606490	+	XP_047284436.1
chr12	57610217	+	NP_001104740.2
chr12	57694162	+	NP_001397909.1
chr12	57745155	+	NP_005972.1
chr12	57755529	+	XP_047285850.1
chr12	57772725	+	NP_996797.1
chr12	57782802	+	NP_001166167.1
chr12	57941702	+	NP_150592.1
chr12	59704802	+	XP_011537291.1
chr12	59812094	+	XP_047285932.1
chr12	62260415	+	NP_001338091.1
chr12	62467208	+	XP_047284500.1
chr12	63779961	+	XP_047284035.1
chr12	64410036	+	XP_047284150.1
chr12	64455871	+	XP_005268867.1
chr12	64507053	+	XP_047284668.1
chr12	64780809	+	XP_047284551.1
chr12	65169597	+	NP_055134.2
chr12	65278769	+	NP_932346.1
chr12	65825271	+	NP_001317119.1
chr12	66189300	+	NP_009130.2
chr12	66302604	+	XP_047285849.1
chr12	67269718	+	NP_060918.2
chr12	67649134	+	NP_006473.2
chr12	68648725	+	NP_056461.1
chr12	68687066	+	NP_065134.1
chr12	68746378	+	NP_001341927.1
chr12	68808478	+	NP_001138811.1
chr12	69239647	+	XP_005268645.1
chr12	69348409	+	NP_000230.1
chr12	69359973	+	NP_006521.1
chr12	69569031	+	NP_001036020.1
chr12	69585522	+	NP_006422.1
chr12	69738351	+	XP_016874264.1
chr12	69825518	+	NP_872336.2
chr12	70278227	+	XP_024304756.1
chr12	70366735	+	XP_011536490.1
chr12	71440081	+	NP_003658.1
chr12	71664510	+	NP_113623.1
chr12	71686681	+	NP_060749.2
chr12	71755130	+	XP_047284497.1
chr12	71839782	+	XP_011536983.1
chr12	71938987	+	NP_775489.2
chr12	72469793	+	XP_011536550.1
chr12	74538113	+	NP_001129734.1
chr12	75334729	+	XP_011536436.3
chr12	75391117	+	NP_689649.1
chr12	75480881	+	XP_047284087.1
chr12	76764237	+	NP_056151.2
chr12	78036864	+	XP_016875660.1
chr12	80189450	+	XP_005268859.1
chr12	80707720	+	NP_002460.1
chr12	80717064	+	NP_005584.2
chr12	81078121	+	XP_005269208.1
chr12	82358566	+	XP_005269243.2
chr12	85038177	+	XP_011537127.1
chr12	85280262	+	NP_008913.2
chr12	85874404	+	NP_006174.1
chr12	88035649	+	NP_001009894.2
chr12	88148316	+	NP_861448.2
chr12	92703289	+	XP_047284823.1
chr12	93378323	+	NP_950241.1
chr12	93469286	+	NP_751917.1
chr12	93572898	+	NP_003868.1
chr12	93678775	+	XP_016875634.1
chr12	94148972	+	XP_011536033.1
chr12	95217851	+	XP_047285070.1
chr12	95474180	+	NP_006829.1
chr12	95859074	+	NP_003086.1
chr12	95943399	+	NP_689648.2
chr12	96223567	+	NP_001400690.1
chr12	96907612	+	XP_005268701.1
chr12	98515868	+	NP_003267.1
chr12	98593979	+	NP_998776.1
chr12	98648360	+	XP_016874739.1
chr12	99648175	+	NP_699195.1
chr12	100200852	+	NP_071941.1
chr12	100282971	+	NP_001317182.1
chr12	100357392	+	NP_647480.1
chr12	100493324	+	XP_047285900.1
chr12	100594905	+	XP_047284686.1
chr12	100974801	+	XP_024304610.1
chr12	101280283	+	NP_055318.2
chr12	101476905	+	NP_689536.1
chr12	101595071	+	XP_006719469.1
chr12	101697862	+	NP_064629.2
chr12	101877790	+	NP_060840.2
chr12	102123889	+	NP_001306925.1
chr12	102958245	+	NP_004307.2
chr12	103587477	+	XP_047285059.1
chr12	103930516	+	NP_003290.1
chr12	103966038	+	NP_003202.3
chr12	104064561	+	XP_047284710.1
chr12	104215803	+	NP_001087240.1
chr12	104756982	+	XP_047284870.1
chr12	104986353	+	NP_689531.2
chr12	105107801	+	XP_047284548.1
chr12	105330892	+	NP_001138671.1
chr12	106311076	+	XP_047284625.1
chr12	106357880	+	XP_016875110.1
chr12	106583321	+	NP_998759.1
chr12	106774746	+	NP_001317076.1
chr12	106967117	+	NP_001306593.1
chr12	107520239	+	XP_005268702.1
chr12	107685900	+	NP_008993.1
chr12	107775219	+	NP_982260.3
chr12	108195833	+	XP_047285870.1
chr12	108516973	+	NP_009007.2
chr12	108562623	+	NP_001306971.1
chr12	108885007	+	NP_001400564.1
chr12	109052679	+	XP_016875537.1
chr12	109097680	+	NP_550433.1
chr12	109113390	+	XP_047284720.1
chr12	109347961	+	NP_001094891.4
chr12	109483552	+	NP_001257378.1
chr12	109573286	+	XP_047284829.1
chr12	109744147	+	NP_116218.2
chr12	109903027	+	XP_047285624.1
chr12	109999689	+	XP_016875651.1
chr12	110127381	+	NP_113661.2
chr12	110281790	+	NP_733765.1
chr12	110468876	+	NP_037432.2
chr12	110502338	+	NP_001273464.1
chr12	110614183	+	XP_047285496.1
chr12	110852955	+	XP_006719326.1
chr12	111217902	+	XP_016874570.1
chr12	111418146	+	XP_047283983.1
chr12	111692710	+	NP_001130010.1
chr12	111766983	+	NP_000681.2
chr12	111842734	+	NP_620777.1
chr12	112013466	+	NP_006808.1
chr12	112130523	+	NP_001137378.1
chr12	112419112	+	NP_542168.1
chr12	112828319	+	NP_001334881.1
chr12	112907040	+	NP_001392953.1
chr12	112938531	+	NP_006178.2
chr12	112978609	+	NP_001027903.1
chr12	113058193	+	NP_004407.2
chr12	113149858	+	XP_011536629.2
chr12	113186014	+	NP_001273144.1
chr12	113225246	+	NP_001137291.1
chr12	113358601	+	NP_775813.2
chr12	113426970	+	XP_016874252.1
chr12	116575943	+	NP_001078950.1
chr12	116740498	+	XP_047285703.1
chr12	116911038	+	XP_024304705.2
chr12	118016828	+	NP_031396.1
chr12	118136210	+	NP_002558.1
chr12	118376692	+	XP_047285311.1
chr12	118981883	+	NP_919262.2
chr12	119179313	+	NP_055180.1
chr12	119335177	+	XP_047284401.1
chr12	119593849	+	XP_005253937.1
chr12	119668245	+	XP_005253966.1
chr12	119989869	+	XP_011537301.1
chr12	120303562	+	XP_006719372.1
chr12	120438127	+	NP_004364.2
chr12	120446481	+	NP_789788.1
chr12	120496422	+	NP_001032583.1
chr12	120534697	+	NP_001401824.1
chr12	120640686	+	NP_001028849.1
chr12	120687297	+	NP_055545.1
chr12	120710475	+	NP_001074002.1
chr12	120725886	+	NP_000008.1
chr12	120978769	+	XP_024304936.1
chr12	121132971	+	NP_002553.3
chr12	121210165	+	XP_047284867.1
chr12	121400213	+	NP_079402.2
chr12	121712896	+	NP_001074294.2
chr12	121804738	+	XP_047284509.1
chr12	121888857	+	NP_002804.2
chr12	121921306	+	NP_001171474.1
chr12	122078854	+	XP_006719356.1
chr12	122183145	+	XP_016874614.1
chr12	122204619	+	NP_110392.1
chr12	122530064	+	XP_016875746.1
chr12	122753702	+	NP_003668.2
chr12	122774671	+	NP_958843.2
chr12	122834950	+	NP_001290028.1
chr12	122975252	+	NP_001291762.1
chr12	122981140	+	NP_001387211.1
chr12	123253675	+	XP_047285833.1
chr12	123384199	+	NP_065115.3
chr12	123459889	+	NP_851030.1
chr12	123584637	+	NP_001308374.1
chr12	123602149	+	XP_047285181.1
chr12	123633860	+	NP_001507.2
chr12	123671241	+	NP_079085.2
chr12	123712566	+	NP_036595.2
chr12	123762337	+	XP_047284433.1
chr12	124012145	+	NP_689650.1
chr12	124295430	+	NP_001352085.1
chr12	124993791	+	NP_542193.3
chr12	125065585	+	NP_001401607.1
chr12	125644118	+	NP_001273148.1
chr12	127145922	+	XP_047285916.1
chr12	128853559	+	XP_011536259.1
chr12	130162943	+	NP_009128.1
chr12	130342592	+	NP_001177900.1
chr12	130872594	+	NP_006316.1
chr12	130954466	+	XP_011536512.1
chr12	131428500	+	XP_047285933.1
chr12	131711230	+	XP_011536957.1
chr12	131828495	+	XP_047284817.1
chr12	131895002	+	XP_011537100.1
chr12	131929723	+	NP_079491.2
chr12	131960620	+	NP_056224.3
chr12	132490571	+	NP_001369670.1
chr12	132618817	+	NP_001269094.1
chr12	132687671	+	NP_061133.1
chr12	132710877	+	NP_612642.2
chr12	132986841	+	NP_001243208.1
chr12	133041468	+	XP_047285461.1
chr12	133081321	+	XP_011533136.1
chr12	133144493	+	NP_056209.2
chr12	133181998	+	NP_694422.2
chr12	209773	-	XP_047285373.1
chr12	259851	-	XP_016875334.1
chr12	388927	-	NP_001036068.1
chr12	663328	-	NP_001281275.1
chr12	932975	-	NP_001284350.1
chr12	1592915	-	NP_689654.1
chr12	1918247	-	XP_047285853.1
chr12	2834642	-	NP_113662.1
chr12	2856955	-	XP_047284009.1
chr12	2873977	-	NP_001400865.1
chr12	3696772	-	XP_011519340.1
chr12	3873212	-	XP_047285131.1
chr12	4379372	-	NP_065689.1
chr12	4445225	-	NP_066276.2
chr12	4536017	-	NP_001339891.1
chr12	4638101	-	NP_006413.4
chr12	6123142	-	NP_000543.3
chr12	6341776	-	NP_001333021.1
chr12	6377252	-	NP_001029.1
chr12	6470530	-	NP_058439.1
chr12	6493058	-	NP_057581.2
chr12	6555257	-	XP_047284649.1
chr12	6567816	-	NP_006161.2
chr12	6606274	-	NP_001350535.1
chr12	6620130	-	NP_065133.1
chr12	6647324	-	NP_115878.2
chr12	6663065	-	XP_047284888.1
chr12	6679455	-	XP_006719032.1
chr12	6698045	-	XP_011519228.1
chr12	6752285	-	NP_001369155.1
chr12	6850833	-	NP_001284532.1
chr12	6872238	-	NP_116030.1
chr12	6970417	-	NP_001138303.1
chr12	7018274	-	NP_005759.4
chr12	7129713	-	XP_016875491.1
chr12	7444097	-	XP_011518923.1
chr12	7503645	-	NP_001357075.1
chr12	7665857	-	NP_005880.2
chr12	7695461	-	NP_065685.1
chr12	7747318	-	NP_001358320.1
chr12	7890996	-	NP_001273165.1
chr12	7936020	-	NP_008862.1
chr12	8058737	-	NP_001313404.1
chr12	8224710	-	XP_024304798.1
chr12	8450432	-	NP_001409130.1
chr12	8540761	-	NP_001397898.1
chr12	8612760	-	NP_001317272.1
chr12	8662047	-	NP_001284639.1
chr12	8946229	-	NP_001401259.1
chr12	9115764	-	NP_001334354.2
chr12	9208259	-	XP_047285232.1
chr12	9266274	-	XP_047285925.1
chr12	9607755	-	NP_002249.1
chr12	9760757	-	NP_001772.1
chr12	9862499	-	NP_005118.2
chr12	9932275	-	XP_011518959.1
chr12	9999037	-	XP_047284894.1
chr12	10098808	-	NP_001284680.1
chr12	10129980	-	XP_047285315.1
chr12	10172002	-	XP_047284865.1
chr12	10272537	-	XP_047285901.1
chr12	10388771	-	NP_001186734.1
chr12	10409389	-	NP_038459.1
chr12	10420364	-	NP_002252.2
chr12	10435800	-	NP_002251.2
chr12	10450970	-	NP_001291377.1
chr12	10613439	-	XP_047285014.1
chr12	10634567	-	XP_005253474.1
chr12	10722850	-	XP_016875612.1
chr12	10801614	-	NP_076408.1
chr12	10806051	-	NP_076407.1
chr12	10809137	-	NP_076406.1
chr12	10825346	-	NP_076410.1
chr12	10849374	-	NP_001092008.2
chr12	11047020	-	NP_001278243.1
chr12	11061365	-	NP_795368.2
chr12	11091300	-	NP_795365.2
chr12	11133285	-	NP_001091112.1
chr12	11185993	-	NP_852094.2
chr12	11269606	-	NP_006240.4
chr12	11310335	-	NP_001248328.1
chr12	11395466	-	NP_006239.3
chr12	12186923	-	XP_047284800.1
chr12	12520871	-	XP_047285527.1
chr12	12684351	-	NP_006134.2
chr12	12949490	-	NP_061124.1
chr12	13000037	-	NP_057071.2
chr12	13103465	-	NP_001193774.1
chr12	13569830	-	XP_005253408.1
chr12	13865798	-	NP_001400922.1
chr12	14567582	-	NP_079105.4
chr12	14696232	-	XP_011518933.1
chr12	14769900	-	XP_047285903.1
chr12	14770773	-	NP_778224.1
chr12	14801320	-	NP_057396.1
chr12	14806003	-	NP_001013720.2
chr12	14842970	-	NP_066549.2
chr12	14885731	-	NP_000891.2
chr12	14938415	-	NP_001287713.1
chr12	14950532	-	NP_001308351.1
chr12	15217429	-	XP_047285753.1
chr12	15732752	-	NP_001400767.1
chr12	16277325	-	NP_001164269.1
chr12	16605768	-	XP_047285110.1
chr12	18090089	-	NP_079006.1
chr12	18737361	-	XP_047285784.1
chr12	21334588	-	NP_001373883.1
chr12	21499555	-	XP_047285256.1
chr12	21604472	-	XP_006719126.1
chr12	21654543	-	NP_001302466.1
chr12	21773243	-	NP_004973.1
chr12	21936533	-	NP_001364203.1
chr12	22333997	-	NP_001291379.1
chr12	22544061	-	NP_001372261.1
chr12	23584547	-	NP_821078.1
chr12	24948927	-	NP_001400036.1
chr12	25195076	-	NP_001338994.2
chr12	25245274	-	NP_001356716.1
chr12	25648494	-	XP_011518890.1
chr12	26124718	-	NP_110389.1
chr12	26936579	-	XP_011519055.1
chr12	27014078	-	XP_005253448.1
chr12	27081968	-	NP_001371912.1
chr12	27771262	-	NP_001139693.1
chr12	27969394	-	XP_016875164.1
chr12	29371528	-	NP_057654.2
chr12	29497623	-	XP_024304736.1
chr12	29660804	-	XP_016875496.1
chr12	30695564	-	NP_001177924.1
chr12	30753344	-	NP_001372475.1
chr12	31298077	-	NP_001129284.1
chr12	31590706	-	XP_011518892.1
chr12	31728971	-	XP_006719117.1
chr12	31791759	-	NP_001013721.2
chr12	32755096	-	NP_001035526.1
chr12	32896509	-	NP_001394089.1
chr12	33439372	-	XP_011518946.1
chr12	38767635	-	XP_016874341.1
chr12	39442927	-	XP_047285089.1
chr12	39618677	-	XP_016874481.1
chr12	42144426	-	XP_016874700.1
chr12	42238155	-	XP_011536031.1
chr12	42324019	-	XP_016875613.1
chr12	42472385	-	XP_011536249.1
chr12	43551831	-	XP_016875468.1
chr12	43758730	-	NP_001258755.1
chr12	43806221	-	XP_047285154.1
chr12	45050525	-	NP_001004329.2
chr12	45991885	-	XP_047285838.1
chr12	46239679	-	NP_001070952.1
chr12	46371178	-	NP_001294865.1
chr12	46792953	-	XP_005269054.1
chr12	47077434	-	XP_047284741.1
chr12	47702688	-	NP_001139548.1
chr12	47725359	-	NP_001165911.1
chr12	47758551	-	XP_005268628.1
chr12	47821311	-	XP_047284938.1
chr12	47904564	-	NP_001351014.1
chr12	48006055	-	XP_047284271.1
chr12	48105402	-	XP_016874724.1
chr12	48153368	-	NP_001306228.1
chr12	48202339	-	NP_001004134.1
chr12	48350046	-	NP_001352733.1
chr12	48569888	-	NP_001371279.1
chr12	48641907	-	XP_047285909.1
chr12	48681382	-	NP_060292.3
chr12	48716515	-	NP_001400129.1
chr12	48782571	-	NP_001399748.1
chr12	48845574	-	NP_004809.2
chr12	48865648	-	NP_055285.1
chr12	48935654	-	NP_001137253.1
chr12	48940948	-	NP_001399861.1
chr12	48970456	-	NP_003385.2
chr12	48999079	-	NP_055901.2
chr12	49018732	-	XP_005269077.1
chr12	49055276	-	NP_003473.3
chr12	49069734	-	NP_001290055.1
chr12	49094210	-	XP_016874870.1
chr12	49110484	-	NP_001339096.1
chr12	49131298	-	NP_006073.2
chr12	49188977	-	NP_001257329.1
chr12	49335941	-	XP_011536572.1
chr12	49566722	-	NP_001265270.1
chr12	49605382	-	XP_006719689.1
chr12	49707055	-	NP_944489.2
chr12	49803922	-	XP_006719588.1
chr12	49842854	-	NP_859059.1
chr12	49903778	-	XP_005268787.1
chr12	50031697	-	NP_001306934.1
chr12	50167101	-	NP_001318001.1
chr12	50248633	-	NP_001230704.1
chr12	50396293	-	NP_001138947.1
chr12	51028177	-	NP_001366377.1
chr12	51076411	-	NP_110436.1
chr12	51172301	-	NP_005644.2
chr12	51206789	-	XP_047284999.1
chr12	51269245	-	NP_001026798.1
chr12	51324513	-	NP_001276938.1
chr12	51346623	-	NP_001962.3
chr12	51379291	-	XP_006719277.1
chr12	51813940	-	NP_001373666.1
chr12	51847346	-	NP_001371924.1
chr12	52191603	-	XP_005268733.1
chr12	52291097	-	XP_047284794.1
chr12	52320952	-	NP_002273.3
chr12	52366986	-	NP_001287739.1
chr12	52385040	-	XP_011536637.1
chr12	52405867	-	NP_149022.3
chr12	52433807	-	NP_004684.2
chr12	52451539	-	NP_005546.2
chr12	52473198	-	NP_775109.2
chr12	52492649	-	NP_005545.1
chr12	52519742	-	NP_000415.2
chr12	52552637	-	XP_047284152.1
chr12	52573307	-	NP_778223.2
chr12	52602816	-	XP_047284282.1
chr12	52618078	-	XP_047284717.1
chr12	52651558	-	NP_000414.2
chr12	52679758	-	NP_006112.3
chr12	52702892	-	XP_011536590.1
chr12	52776692	-	NP_056932.2
chr12	52795398	-	NP_476429.2
chr12	52813597	-	NP_002263.3
chr12	52833784	-	NP_787028.1
chr12	52848547	-	NP_001287743.1
chr12	52926412	-	NP_001243222.1
chr12	53079311	-	NP_116229.1
chr12	53179777	-	NP_001231635.1
chr12	53200243	-	NP_001401102.1
chr12	53227362	-	NP_001230660.1
chr12	53487255	-	XP_011537027.1
chr12	53600953	-	NP_001307225.1
chr12	53676176	-	NP_001356686.1
chr12	53725087	-	NP_001137154.1
chr12	54183656	-	NP_001230720.1
chr12	54257514	-	NP_036249.1
chr12	54295135	-	NP_001387301.1
chr12	54362904	-	XP_047284973.1
chr12	54391235	-	XP_047284653.1
chr12	54418981	-	XP_024304738.1
chr12	54471233	-	XP_016874289.1
chr12	54588405	-	XP_006719534.1
chr12	54634784	-	NP_150593.1
chr12	54648246	-	NP_444513.1
chr12	54974400	-	NP_001338084.1
chr12	55294288	-	NP_001005493.1
chr12	55469200	-	NP_001005499.1
chr12	55712257	-	NP_001354923.1
chr12	55728276	-	NP_001244329.1
chr12	55817666	-	NP_149073.1
chr12	55827252	-	NP_001381618.1
chr12	55842744	-	XP_047284819.1
chr12	55927725	-	NP_001137325.1
chr12	55965936	-	NP_008859.1
chr12	56189351	-	XP_047285404.1
chr12	56213958	-	NP_919339.1
chr12	56258243	-	XP_016874672.1
chr12	56300160	-	NP_004068.2
chr12	56315130	-	NP_055070.1
chr12	56332813	-	NP_001381637.1
chr12	56356441	-	XP_047285425.1
chr12	56362730	-	NP_001629.1
chr12	56434074	-	NP_001317224.1
chr12	56455792	-	XP_016874795.1
chr12	56487937	-	NP_001267725.1
chr12	56636817	-	XP_047284126.1
chr12	56645837	-	NP_001677.2
chr12	56687998	-	NP_001269533.1
chr12	56724452	-	NP_001106673.1
chr12	56752196	-	NP_000937.1
chr12	56933961	-	NP_683695.1
chr12	56957150	-	NP_001307037.1
chr12	57002779	-	NP_055645.1
chr12	57015684	-	NP_001171525.1
chr12	57048210	-	XP_047284832.1
chr12	57087814	-	XP_047284546.1
chr12	57108163	-	XP_047285433.1
chr12	57237029	-	NP_064527.1
chr12	57249571	-	NP_001273186.1
chr12	57430544	-	XP_047284492.1
chr12	57488612	-	NP_001306780.1
chr12	57520418	-	NP_001181986.1
chr12	57547028	-	NP_001334997.1
chr12	57631915	-	NP_001400913.1
chr12	57741912	-	XP_005268682.1
chr12	57751500	-	NP_000066.1
chr12	57766847	-	NP_000776.1
chr12	57771974	-	XP_005268930.1
chr12	57815975	-	XP_047284073.1
chr12	57846372	-	NP_005721.3
chr12	58328381	-	XP_047285912.1
chr12	58920000	-	NP_001129523.1
chr12	61867320	-	XP_047284730.1
chr12	63149867	-	NP_000697.1
chr12	63668057	-	XP_011536520.1
chr12	64222162	-	NP_001287869.2
chr12	64390314	-	NP_001093146.1
chr12	64759085	-	NP_002067.1
chr12	65121044	-	NP_009122.2
chr12	66128896	-	NP_115714.1
chr12	66169855	-	NP_001269539.1
chr12	68159502	-	NP_000610.2
chr12	68225586	-	NP_060872.1
chr12	68253263	-	NP_065386.1
chr12	68332228	-	NP_001341903.1
chr12	68932678	-	NP_001400327.1
chr12	69610005	-	NP_963844.2
chr12	69697647	-	NP_001269543.1
chr12	70637341	-	NP_001193900.1
chr12	70788816	-	NP_570897.2
chr12	71157619	-	NP_004607.1
chr12	71663013	-	XP_047284441.1
chr12	75207297	-	NP_001247427.1
chr12	75390838	-	NP_001341956.1
chr12	75511513	-	XP_047284089.1
chr12	76030536	-	NP_031376.3
chr12	76074203	-	XP_024304751.1
chr12	76348162	-	NP_078961.3
chr12	76487510	-	NP_001306584.1
chr12	76878938	-	NP_001400470.1
chr12	77064543	-	XP_011536271.1
chr12	79689729	-	NP_002574.2
chr12	79934695	-	NP_001137358.1
chr12	80937641	-	XP_011537230.3
chr12	81445556	-	NP_001207408.1
chr12	82358223	-	NP_054886.2
chr12	84891832	-	NP_001139807.1
chr12	85029881	-	XP_016874352.1
chr12	85836155	-	NP_005438.2
chr12	86049674	-	NP_037376.2
chr12	88030178	-	XP_024304634.1
chr12	88141206	-	XP_011537068.1
chr12	88580264	-	NP_003985.2
chr12	89351640	-	NP_073143.2
chr12	89525881	-	NP_001186706.1
chr12	89655679	-	NP_001399982.1
chr12	90953522	-	NP_689851.1
chr12	91002401	-	XP_011536310.1
chr12	91055396	-	NP_008966.1
chr12	91108118	-	NP_002336.1
chr12	91178342	-	NP_001911.1
chr12	92145388	-	NP_001722.1
chr12	92929043	-	NP_003557.3
chr12	93441855	-	NP_003339.1
chr12	94412318	-	XP_024304775.1
chr12	94650353	-	NP_001287965.1
chr12	95003595	-	NP_061326.1
chr12	95067331	-	XP_006719648.1
chr12	95217225	-	NP_060821.3
chr12	95532829	-	XP_047285601.1
chr12	95790255	-	NP_001316630.1
chr12	95936473	-	XP_011536190.1
chr12	95995664	-	XP_016874735.1
chr12	96043289	-	NP_001401195.1
chr12	96334719	-	XP_016874896.1
chr12	98644523	-	NP_963906.1
chr12	98829174	-	NP_001339145.1
chr12	100142592	-	XP_011536356.1
chr12	100266920	-	XP_016874272.1
chr12	101209498	-	NP_666018.3
chr12	101407642	-	NP_001168.1
chr12	101737803	-	NP_001171419.1
chr12	101830559	-	XP_011537033.1
chr12	102061912	-	XP_024304766.1
chr12	102118363	-	NP_076962.2
chr12	102197522	-	NP_002665.2
chr12	102481703	-	NP_001104754.1
chr12	102917071	-	NP_001341233.1
chr12	103478349	-	NP_001265349.1
chr12	103840949	-	XP_011536778.1
chr12	103956631	-	XP_011537020.1
chr12	104019630	-	NP_001371642.1
chr12	104135448	-	NP_001401456.1
chr12	104927973	-	XP_011537115.1
chr12	105084389	-	XP_047284363.1
chr12	105235959	-	XP_047285021.1
chr12	106138414	-	NP_055655.1
chr12	106247369	-	NP_006816.2
chr12	106977557	-	XP_016875476.1
chr12	107092810	-	NP_001400389.1
chr12	107760505	-	NP_036538.3
chr12	108293589	-	NP_004063.1
chr12	108560843	-	XP_047285872.1
chr12	108591532	-	NP_859075.2
chr12	108631859	-	NP_002997.2
chr12	108702796	-	NP_055140.1
chr12	108857428	-	XP_047284982.1
chr12	109020834	-	NP_061181.1
chr12	109092507	-	NP_001138847.1
chr12	109308236	-	XP_047284267.1
chr12	109477260	-	NP_001304328.1
chr12	109573347	-	XP_047284726.1
chr12	109818470	-	XP_047285251.1
chr12	109880272	-	XP_047284893.1
chr12	109996173	-	XP_047285880.1
chr12	110048363	-	NP_001376554.1
chr12	110403527	-	NP_001372141.1
chr12	110450255	-	NP_001274151.1
chr12	110468472	-	XP_016874883.1
chr12	110502049	-	NP_001269079.1
chr12	110582809	-	NP_644812.1
chr12	110683225	-	NP_001243342.1
chr12	110742653	-	XP_011536807.1
chr12	110920527	-	NP_001393845.1
chr12	111365564	-	XP_016874372.1
chr12	111598784	-	NP_001297052.1
chr12	111685711	-	XP_047285579.1
chr12	112005257	-	NP_612350.1
chr12	112108716	-	XP_047285513.1
chr12	112408420	-	XP_047285260.1
chr12	113135398	-	XP_011537156.1
chr12	113185278	-	NP_076977.3
chr12	113207981	-	XP_047284214.1
chr12	113332723	-	NP_079235.2
chr12	113399556	-	NP_006834.2
chr12	113471326	-	NP_071758.1
chr12	113966192	-	NP_001140171.1
chr12	114406329	-	NP_542448.1
chr12	114682812	-	NP_005987.3
chr12	116096669	-	XP_047284564.1
chr12	116737854	-	NP_001340554.1
chr12	116881032	-	NP_003797.1
chr12	117099225	-	XP_011536805.1
chr12	117190218	-	XP_016874527.1
chr12	117330345	-	NP_001191143.1
chr12	117569525	-	XP_016874699.1
chr12	118062099	-	NP_001265487.1
chr12	118103593	-	XP_006719531.1
chr12	118255448	-	NP_001333426.1
chr12	119876073	-	XP_011536093.1
chr12	120116599	-	NP_006852.1
chr12	120194680	-	NP_006827.1
chr12	120200730	-	NP_000993.1
chr12	120265617	-	XP_011536924.1
chr12	120327720	-	NP_000919.1
chr12	120369033	-	XP_006719467.1
chr12	120446226	-	NP_057483.1
chr12	120469422	-	NP_003760.1
chr12	120528940	-	XP_006719702.1
chr12	120581343	-	NP_937845.1
chr12	120903845	-	XP_011536227.1
chr12	121016330	-	XP_016875318.1
chr12	121038774	-	NP_001382348.1
chr12	121274056	-	XP_016874191.1
chr12	121352134	-	NP_001131031.1
chr12	121581024	-	XP_047285672.1
chr12	121793496	-	NP_061907.2
chr12	121858821	-	NP_001165464.1
chr12	122174157	-	NP_001014358.1
chr12	122226430	-	NP_001265232.1
chr12	122266307	-	NP_001337948.1
chr12	122380368	-	XP_047285270.1
chr12	122500642	-	NP_001337867.1
chr12	122526848	-	XP_047285328.1
chr12	122702192	-	NP_808219.1
chr12	122715574	-	NP_006009.2
chr12	122729299	-	NP_115943.1
chr12	122895952	-	XP_047285506.1
chr12	122959635	-	NP_001229943.1
chr12	123034513	-	XP_024304869.1
chr12	123230261	-	XP_047284020.1
chr12	123271564	-	NP_001257362.1
chr12	123350310	-	NP_060653.3
chr12	123436082	-	XP_011536314.1
chr12	123533174	-	NP_001306231.1
chr12	123633545	-	NP_001405.1
chr12	123944272	-	NP_001291890.1
chr12	124495147	-	NP_001070729.2
chr12	124863595	-	NP_001354916.1
chr12	124911714	-	NP_066289.3
chr12	124988917	-	NP_116045.2
chr12	128823398	-	XP_011536197.1
chr12	130478912	-	NP_001338158.1
chr12	130839070	-	XP_016874471.1
chr12	131663774	-	XP_011537392.1
chr12	132143993	-	XP_011536558.1
chr12	132433304	-	XP_047285922.1
chr12	132473940	-	XP_047285923.1
chr12	132606147	-	XP_047284002.1
chr12	132687254	-	NP_006222.2
chr12	132761618	-	XP_024304667.1
chr12	132821996	-	XP_011533096.1
chr12	132887196	-	NP_001154818.1
chr12	132945621	-	NP_001158187.1
chr12	133120284	-	NP_001264220.1
chr12	133234108	-	XP_011533124.1
chr13	19633749	+	XP_047286353.1
chr13	19953091	+	XP_047286540.1
chr13	20567977	+	XP_024305183.1
chr13	20701618	+	NP_001372154.1
chr13	21140553	+	NP_005861.2
chr13	21176917	+	NP_076931.1
chr13	21377244	+	XP_047286769.1
chr13	21671913	+	NP_002001.1
chr13	23160593	+	NP_001365173.1
chr13	23590184	+	NP_061117.2
chr13	24222930	+	NP_001159743.1
chr13	24316004	+	NP_001290067.1
chr13	24541912	+	XP_047286773.1
chr13	24680744	+	NP_001172014.1
chr13	24757117	+	XP_011533458.1
chr13	25096199	+	NP_112241.2
chr13	25301774	+	NP_054808.1
chr13	26254642	+	NP_001251.1
chr13	26642271	+	XP_024305083.1
chr13	27253777	+	NP_000973.2
chr13	27270945	+	NP_996563.1
chr13	27424738	+	NP_002088.2
chr13	27621984	+	NP_001361336.1
chr13	27792691	+	NP_663632.1
chr13	27920139	+	NP_000200.1
chr13	28138658	+	XP_016876017.1
chr13	28659185	+	NP_057016.1
chr13	29428843	+	NP_056048.1
chr13	30427991	+	NP_001342176.1
chr13	30621141	+	XP_047285983.1
chr13	30713726	+	NP_001191335.1
chr13	30906516	+	NP_116238.3
chr13	30932716	+	XP_011533229.1
chr13	31200085	+	XP_047286067.1
chr13	31739613	+	XP_016875878.1
chr13	32179044	+	XP_016875795.1
chr13	32316461	+	NP_000050.3
chr13	32648773	+	XP_005266355.1
chr13	33016441	+	XP_047286731.1
chr13	33818179	+	NP_002906.1
chr13	35550513	+	XP_047286228.1
chr13	36433057	+	XP_011533596.1
chr13	36695079	+	NP_982276.2
chr13	36819358	+	NP_000529.1
chr13	37000806	+	NP_852480.1
chr13	38349920	+	NP_001273634.1
chr13	38687345	+	XP_016876043.1
chr13	39038640	+	NP_001012772.1
chr13	39601324	+	XP_035717004.1
chr13	39655727	+	XP_011533470.1
chr13	40793227	+	NP_055067.1
chr13	41061674	+	NP_009118.1
chr13	41311529	+	XP_016876234.1
chr13	41457708	+	XP_047286238.1
chr13	42048774	+	NP_001191433.1
chr13	42286349	+	XP_011533206.1
chr13	42574304	+	NP_003692.1
chr13	42784068	+	NP_001305861.1
chr13	43023627	+	NP_037370.2
chr13	43880986	+	XP_047286062.1
chr13	44374026	+	NP_001333909.1
chr13	44989655	+	XP_047286394.1
chr13	45120656	+	XP_011533355.1
chr13	45465037	+	XP_047286658.1
chr13	45702391	+	XP_011533273.1
chr13	46212211	+	XP_016875911.1
chr13	46553397	+	XP_047286170.1
chr13	48037747	+	NP_001291674.1
chr13	48233361	+	NP_068839.1
chr13	48303913	+	NP_001394096.1
chr13	48706818	+	NP_001295394.1
chr13	49006191	+	XP_016875932.1
chr13	49220338	+	NP_001498.1
chr13	49248038	+	NP_112173.1
chr13	49451894	+	NP_001380906.1
chr13	49630448	+	NP_612459.1
chr13	50001106	+	NP_001007279.1
chr13	50015494	+	NP_955751.1
chr13	50910077	+	XP_011533532.1
chr13	51222502	+	NP_001317451.1
chr13	51341092	+	XP_047286501.1
chr13	51584688	+	XP_047286045.1
chr13	51865412	+	NP_001333004.2
chr13	52012419	+	NP_001004127.2
chr13	52455557	+	NP_001273616.1
chr13	52642493	+	NP_001011724.1
chr13	52652921	+	NP_001124384.1
chr13	53028837	+	NP_006409.3
chr13	54940244	+	XP_047286803.1
chr13	57141305	+	NP_940843.1
chr13	57147875	+	NP_001123876.1
chr13	57154448	+	NP_001123877.1
chr13	57161019	+	NP_001123878.1
chr13	57167584	+	NP_001123879.1
chr13	57632547	+	XP_016876036.1
chr13	60396237	+	XP_047286641.1
chr13	63746801	+	NP_001382849.1
chr13	72728941	+	NP_001273675.2
chr13	72783470	+	XP_011533188.1
chr13	73059328	+	NP_001721.2
chr13	75549821	+	XP_016876215.1
chr13	75760346	+	XP_047286271.1
chr13	76948559	+	NP_001245335.1
chr13	76992099	+	NP_001353553.1
chr13	77418198	+	XP_047286784.1
chr13	77555876	+	NP_659001.2
chr13	77697914	+	NP_001397955.1
chr13	79481204	+	NP_061953.2
chr13	87675389	+	NP_001371538.1
chr13	94601928	+	NP_851320.1
chr13	95433834	+	NP_878268.1
chr13	95677256	+	XP_011519406.1
chr13	97276236	+	NP_001369578.1
chr13	97434471	+	NP_066361.1
chr13	97969781	+	XP_024305114.1
chr13	98213243	+	NP_001001715.2
chr13	99200909	+	NP_001137544.1
chr13	99501607	+	NP_004791.1
chr13	99982065	+	NP_009060.2
chr13	101567806	+	NP_001258683.1
chr13	102597039	+	XP_047286534.1
chr13	102807268	+	NP_060163.2
chr13	105466289	+	NP_001371573.1
chr13	107866897	+	XP_047286789.1
chr13	108229219	+	NP_116248.2
chr13	108269896	+	XP_047286011.1
chr13	109787093	+	XP_047286791.1
chr13	110615592	+	NP_001229812.1
chr13	110712974	+	NP_937860.1
chr13	111115527	+	XP_011519435.1
chr13	111316211	+	XP_016875876.2
chr13	111623249	+	XP_016876375.1
chr13	112067659	+	NP_005977.2
chr13	112376386	+	XP_011535768.2
chr13	112690417	+	XP_047286175.1
chr13	112902203	+	XP_047286182.1
chr13	113105797	+	XP_011535776.2
chr13	113122856	+	NP_000495.1
chr13	113158661	+	XP_047286676.1
chr13	113209628	+	NP_001341872.1
chr13	113297435	+	NP_005552.3
chr13	113494618	+	XP_047286371.1
chr13	113585838	+	XP_016876206.1
chr13	113669693	+	XP_047286449.1
chr13	113759270	+	NP_872420.1
chr13	114179331	+	XP_047285982.1
chr13	114235085	+	XP_047286713.1
chr13	114281640	+	NP_001340581.1
chr13	114323843	+	XP_047286233.1
chr13	19181745	-	NP_005992.1
chr13	19503224	-	NP_001258779.1
chr13	19782386	-	XP_047286391.1
chr13	19862824	-	XP_047286725.1
chr13	20141981	-	XP_011533350.1
chr13	20188901	-	NP_003995.2
chr13	20222695	-	NP_001103691.1
chr13	20525754	-	NP_001350576.1
chr13	20757455	-	NP_001305868.1
chr13	20902670	-	XP_005266561.1
chr13	21045685	-	XP_016876030.1
chr13	21176375	-	NP_001159489.1
chr13	21459054	-	NP_001273567.1
chr13	21603939	-	XP_016875922.1
chr13	23411220	-	NP_001264984.1
chr13	23889132	-	XP_011533399.1
chr13	23896821	-	NP_001007538.1
chr13	24503645	-	NP_006428.2
chr13	24912582	-	XP_047286439.1
chr13	25170839	-	XP_016875904.1
chr13	25287224	-	XP_016876335.1
chr13	26050642	-	NP_001007539.1
chr13	26219457	-	XP_047286456.1
chr13	26758823	-	XP_005266417.1
chr13	27171592	-	NP_872294.2
chr13	27439989	-	XP_006719835.1
chr13	27581297	-	XP_016875923.1
chr13	27968466	-	XP_011533180.1
chr13	27988463	-	NP_001099047.1
chr13	28100468	-	XP_016875977.1
chr13	28494780	-	NP_002010.2
chr13	28717810	-	XP_005266418.1
chr13	29535819	-	XP_047286507.1
chr13	29849512	-	XP_047286350.1
chr13	30283616	-	XP_047286660.1
chr13	30463531	-	NP_001357269.1
chr13	31161982	-	XP_047286014.1
chr13	32311272	-	NP_001130043.1
chr13	32428779	-	NP_001273389.1
chr13	32538618	-	XP_047285997.1
chr13	33015836	-	XP_047286775.1
chr13	33285470	-	NP_443083.1
chr13	35475059	-	NP_005575.1
chr13	35855510	-	NP_001182345.1
chr13	36297637	-	NP_060296.2
chr13	36335021	-	NP_001135766.1
chr13	36879278	-	XP_047286322.1
chr13	36999235	-	XP_047286239.1
chr13	37051488	-	XP_024305147.1
chr13	37104243	-	NP_660204.2
chr13	37598608	-	NP_001411103.1
chr13	37782956	-	NP_001341735.1
chr13	38990670	-	XP_016875889.1
chr13	39037198	-	XP_047286608.1
chr13	40217578	-	XP_047286777.1
chr13	40665583	-	XP_047286160.1
chr13	40770985	-	NP_005821.2
chr13	40981983	-	NP_001357258.1
chr13	41130487	-	NP_690867.3
chr13	41192203	-	NP_115514.2
chr13	41263275	-	NP_001341003.1
chr13	42743277	-	XP_047286778.1
chr13	42991978	-	XP_011533616.1
chr13	43412845	-	NP_001334900.1
chr13	43869331	-	XP_047286068.1
chr13	44160603	-	NP_076963.1
chr13	44574412	-	NP_001230728.1
chr13	44989025	-	NP_036477.2
chr13	45193788	-	NP_940686.2
chr13	45341042	-	NP_001273202.1
chr13	45411362	-	NP_001273736.1
chr13	45596369	-	NP_872348.2
chr13	45851495	-	NP_942146.2
chr13	46045391	-	NP_001369143.1
chr13	46104936	-	XP_016875882.1
chr13	46159599	-	XP_047286260.1
chr13	46377890	-	NP_001273691.1
chr13	46791346	-	XP_011533256.1
chr13	46895495	-	NP_001159419.2
chr13	48001180	-	NP_003841.1
chr13	48094954	-	NP_001257558.1
chr13	48423993	-	XP_047285979.1
chr13	48535683	-	NP_001273761.1
chr13	49382800	-	NP_001073138.1
chr13	49567154	-	NP_001339435.1
chr13	49691254	-	NP_115954.1
chr13	49792438	-	XP_016876050.1
chr13	49936130	-	NP_001120954.1
chr13	50843188	-	NP_945340.2
chr13	51113104	-	NP_001338518.1
chr13	51452415	-	XP_047286221.1
chr13	51804054	-	XP_047286594.1
chr13	52011287	-	NP_001337934.1
chr13	52128823	-	XP_047286251.1
chr13	52156075	-	NP_001411188.1
chr13	52402543	-	NP_954872.1
chr13	52450526	-	NP_001269098.1
chr13	52739630	-	XP_047286026.1
chr13	52846097	-	NP_002581.2
chr13	60163587	-	NP_001245299.1
chr13	61415027	-	NP_073754.2
chr13	63832664	-	NP_001357297.1
chr13	67225405	-	XP_011533401.1
chr13	71630556	-	XP_016875885.1
chr13	72727524	-	NP_001065243.1
chr13	72781605	-	NP_001309278.1
chr13	75481270	-	XP_047286768.1
chr13	75537764	-	NP_001274323.1
chr13	76885171	-	NP_612453.1
chr13	77021513	-	XP_005266393.1
chr13	77326905	-	NP_001401631.1
chr13	77919397	-	NP_003982.1
chr13	78603204	-	NP_006228.3
chr13	78659049	-	XP_011533527.1
chr13	79405704	-	XP_047286492.1
chr13	80336758	-	NP_005833.1
chr13	83879417	-	NP_001268432.1
chr13	85793983	-	NP_115605.2
chr13	87627982	-	XP_047286802.1
chr13	87671781	-	XP_047286811.1
chr13	94504911	-	NP_001309111.1
chr13	94596051	-	XP_011519368.1
chr13	94711219	-	NP_009015.1
chr13	95301241	-	XP_047285991.1
chr13	95641994	-	XP_047286124.1
chr13	96053155	-	XP_011519405.1
chr13	96986746	-	XP_047286230.1
chr13	98176282	-	NP_849192.1
chr13	98576745	-	NP_003567.2
chr13	98752595	-	NP_005064.1
chr13	98978314	-	XP_047286196.1
chr13	99254877	-	NP_001091670.1
chr13	99295060	-	NP_004942.1
chr13	99970127	-	NP_149123.3
chr13	100532130	-	NP_001182016.1
chr13	100670360	-	NP_001273382.1
chr13	101916453	-	NP_001308875.1
chr13	102694369	-	XP_047286073.1
chr13	102758702	-	XP_011519408.1
chr13	102770012	-	XP_011519438.1
chr13	102798489	-	NP_001305661.1
chr13	103065873	-	NP_000443.2
chr13	106534843	-	XP_016875895.1
chr13	106567573	-	NP_060481.3
chr13	106917462	-	XP_047286814.1
chr13	108214538	-	NP_001091738.1
chr13	109782042	-	NP_003740.2
chr13	110306944	-	NP_001836.3
chr13	110561348	-	NP_060287.1
chr13	110705870	-	NP_001339181.1
chr13	110914725	-	NP_060134.2
chr13	112587905	-	XP_016875812.1
chr13	113153914	-	XP_011535834.1
chr13	113208599	-	XP_047286433.1
chr13	113364020	-	NP_001273662.1
chr13	113453224	-	XP_011535763.1
chr13	113490667	-	XP_016876138.2
chr13	113751813	-	XP_047286798.1
chr13	113863833	-	NP_000811.1
chr13	113954666	-	XP_047285937.1
chr13	113973808	-	XP_047285941.1
chr13	114088995	-	XP_047286113.1
chr14	18601117	+	NP_001013372.1
chr14	18967486	+	NP_001138914.1
chr14	19743670	+	NP_001392892.1
chr14	19780323	+	NP_001005500.1
chr14	19935667	+	XP_011535455.1
chr14	20343642	+	XP_005267304.1
chr14	20693565	+	NP_001136.1
chr14	20699372	+	NP_001269121.1
chr14	20747581	+	XP_016876423.1
chr14	20770151	+	NP_071755.1
chr14	20781700	+	XP_016877055.1
chr14	20891687	+	NP_002926.2
chr14	20955772	+	NP_002925.1
chr14	20990003	+	NP_001025162.1
chr14	20999447	+	NP_001243517.1
chr14	21030582	+	XP_016876455.1
chr14	21042993	+	NP_115961.3
chr14	21057893	+	NP_612204.1
chr14	21070397	+	XP_011535240.1
chr14	21101344	+	NP_001140155.1
chr14	21287977	+	NP_065099.3
chr14	21477279	+	NP_055643.1
chr14	21665083	+	NP_001001912.2
chr14	22598307	+	NP_071343.2
chr14	22766702	+	NP_005006.4
chr14	22829913	+	XP_005267382.1
chr14	22836818	+	NP_004986.1
chr14	22872304	+	XP_005267567.1
chr14	22883288	+	XP_005267440.1
chr14	23042226	+	NP_001093250.1
chr14	23097659	+	NP_060394.1
chr14	23240346	+	NP_001357147.1
chr14	23307768	+	NP_001186768.2
chr14	23372967	+	NP_758525.1
chr14	23377252	+	XP_047286863.1
chr14	23469716	+	NP_056329.1
chr14	23556758	+	NP_001242991.1
chr14	23638865	+	NP_001305764.1
chr14	23953789	+	XP_011534668.1
chr14	24052154	+	XP_047287852.1
chr14	24094406	+	XP_006720221.1
chr14	24172553	+	XP_047287978.1
chr14	24205924	+	XP_024305310.1
chr14	24299955	+	XP_011534829.1
chr14	24399247	+	NP_079357.2
chr14	24423365	+	XP_047287124.1
chr14	28767280	+	NP_005240.3
chr14	30581080	+	XP_047287510.1
chr14	30622339	+	XP_016876602.1
chr14	30874939	+	XP_047287019.1
chr14	31066197	+	NP_001241656.1
chr14	31561440	+	XP_047287745.1
chr14	32090670	+	NP_001025226.1
chr14	32628081	+	XP_011535680.1
chr14	34996710	+	NP_003127.1
chr14	35046464	+	NP_775878.2
chr14	35123246	+	NP_001401432.1
chr14	35278700	+	NP_001269163.1
chr14	35534253	+	NP_115983.3
chr14	35826517	+	XP_005268185.1
chr14	36662090	+	NP_006185.1
chr14	37606710	+	XP_016876746.1
chr14	38209390	+	NP_001040.1
chr14	39114339	+	NP_003607.2
chr14	39175280	+	NP_002678.3
chr14	39234115	+	NP_473365.3
chr14	41886626	+	NP_001317035.1
chr14	44900436	+	XP_047286871.1
chr14	44962422	+	XP_016876589.1
chr14	45095240	+	NP_060392.3
chr14	45136032	+	NP_001295063.1
chr14	49599021	+	NP_689542.2
chr14	49621269	+	NP_002399.1
chr14	49693195	+	XP_011534724.1
chr14	49768469	+	NP_055130.1
chr14	49893737	+	NP_001654.1
chr14	50314264	+	XP_011534954.2
chr14	50560266	+	XP_047287386.1
chr14	50872175	+	XP_011534774.1
chr14	51240293	+	NP_110382.3
chr14	51689837	+	XP_047286892.1
chr14	51940686	+	XP_047287441.1
chr14	51989640	+	NP_057123.1
chr14	52267815	+	NP_001268398.1
chr14	52314549	+	NP_000947.2
chr14	52553148	+	XP_024305309.1
chr14	52707220	+	XP_047287563.1
chr14	52730475	+	NP_660294.1
chr14	53955901	+	XP_047287991.1
chr14	54397069	+	NP_001317102.1
chr14	54509960	+	NP_006559.1
chr14	54702169	+	XP_047287098.1
chr14	55043042	+	XP_011534727.1
chr14	55061172	+	XP_011535664.3
chr14	55123055	+	XP_047287992.1
chr14	55133355	+	NP_001344607.1
chr14	55272304	+	XP_016876880.1
chr14	55612049	+	NP_001389615.1
chr14	56118661	+	XP_005267947.1
chr14	56579915	+	XP_047287451.1
chr14	57269315	+	XP_011535242.1
chr14	57390958	+	NP_001011713.2
chr14	58200218	+	XP_011535262.1
chr14	58244921	+	NP_002779.1
chr14	58299855	+	XP_047287612.1
chr14	58395958	+	XP_011535044.1
chr14	58427629	+	NP_001231118.1
chr14	58638203	+	NP_057735.2
chr14	59263478	+	XP_005267488.1
chr14	59484590	+	NP_057559.2
chr14	59927944	+	XP_024305343.1
chr14	60107639	+	XP_047287656.1
chr14	60245848	+	NP_808821.2
chr14	60509399	+	NP_031400.2
chr14	60791692	+	XP_016876821.1
chr14	60981278	+	XP_011534771.1
chr14	61386430	+	XP_011535256.1
chr14	61695805	+	NP_001521.1
chr14	61762461	+	NP_003073.1
chr14	61996020	+	XP_024305494.1
chr14	63204870	+	XP_047287569.1
chr14	63909149	+	XP_011534886.1
chr14	64098765	+	XP_047287116.1
chr14	64388428	+	NP_005947.3
chr14	64468395	+	NP_004848.3
chr14	64521505	+	XP_047287049.1
chr14	64540850	+	NP_001374860.1
chr14	64549998	+	NP_758953.1
chr14	64727632	+	NP_001295076.1
chr14	64914415	+	NP_001189488.1
chr14	65561564	+	XP_047287135.1
chr14	66486503	+	XP_024305383.1
chr14	66985959	+	XP_047286834.1
chr14	67198162	+	XP_047286989.1
chr14	67279171	+	XP_047287647.1
chr14	67364768	+	NP_004085.1
chr14	67541868	+	XP_047287575.1
chr14	67619978	+	NP_001163.1
chr14	67722643	+	XP_047286921.1
chr14	69209471	+	NP_001180289.1
chr14	69260291	+	XP_011535309.1
chr14	69399370	+	NP_060845.2
chr14	69484966	+	NP_001154970.1
chr14	69658593	+	NP_055549.1
chr14	69768157	+	NP_001397969.1
chr14	69879679	+	XP_005268052.1
chr14	70457500	+	NP_003804.2
chr14	70642130	+	NP_056166.1
chr14	70907851	+	XP_005267484.1
chr14	71587873	+	XP_047287173.1
chr14	71931926	+	XP_047288002.1
chr14	72454551	+	XP_024305532.1
chr14	72929757	+	XP_047287210.1
chr14	73071642	+	XP_047287597.1
chr14	73148020	+	XP_047287558.1
chr14	73239758	+	XP_047287831.1
chr14	73491018	+	NP_078920.2
chr14	73494304	+	XP_016877079.1
chr14	73569241	+	NP_001351107.1
chr14	73591960	+	NP_689544.3
chr14	73612572	+	NP_001352717.1
chr14	73645040	+	NP_113615.2
chr14	73858863	+	NP_001358264.1
chr14	73892176	+	NP_001229853.1
chr14	73950093	+	NP_872286.2
chr14	74019479	+	XP_047287740.1
chr14	74084963	+	XP_011535624.2
chr14	74239562	+	NP_878314.1
chr14	74356784	+	XP_011535213.1
chr14	74493775	+	NP_919255.2
chr14	74713198	+	NP_057046.1
chr14	74763490	+	XP_005267917.1
chr14	74881954	+	NP_001231812.1
chr14	75002991	+	NP_055054.1
chr14	75070574	+	XP_011535457.1
chr14	75278983	+	NP_005243.1
chr14	75432327	+	XP_047286900.1
chr14	75522683	+	NP_006390.1
chr14	75578973	+	NP_060261.2
chr14	75985787	+	NP_001242924.1
chr14	76152741	+	XP_047287516.1
chr14	76310915	+	NP_001397967.1
chr14	76762822	+	NP_055724.1
chr14	76826496	+	NP_919263.2
chr14	77105709	+	NP_219494.2
chr14	77218814	+	NP_065164.2
chr14	77321169	+	NP_665877.1
chr14	77377419	+	NP_001010860.1
chr14	77458190	+	NP_036243.1
chr14	77708112	+	NP_001254793.1
chr14	77818979	+	NP_001353416.1
chr14	80955681	+	NP_001136098.1
chr14	85621515	+	NP_001333073.1
chr14	88010848	+	NP_003599.2
chr14	88385819	+	XP_005267908.1
chr14	88563134	+	XP_011535464.1
chr14	88824708	+	NP_001275710.1
chr14	89963115	+	XP_047287526.1
chr14	90048134	+	XP_047288004.1
chr14	90062206	+	NP_071337.2
chr14	90256598	+	NP_002793.2
chr14	90397231	+	NP_008819.1
chr14	91160295	+	NP_001273402.1
chr14	92130985	+	NP_001309201.1
chr14	92323831	+	XP_011534738.1
chr14	92513933	+	NP_079108.3
chr14	92797438	+	XP_047287977.1
chr14	92923360	+	XP_011534672.1
chr14	93185406	+	NP_001092091.2
chr14	93207292	+	NP_786924.2
chr14	93347269	+	NP_892016.1
chr14	93528558	+	XP_016877007.1
chr14	93925272	+	NP_612353.3
chr14	93998132	+	NP_001397974.1
chr14	94026538	+	NP_075601.1
chr14	94096938	+	NP_660292.1
chr14	94105909	+	XP_047287302.1
chr14	94174466	+	NP_066009.2
chr14	94561716	+	NP_001275961.1
chr14	94587363	+	NP_000615.3
chr14	94614442	+	NP_001371601.1
chr14	95535090	+	NP_057501.2
chr14	95665023	+	XP_047287998.1
chr14	95686468	+	NP_004909.1
chr14	95877166	+	NP_001403060.1
chr14	96039501	+	NP_001276068.1
chr14	96237108	+	NP_001366621.1
chr14	96263683	+	NP_000701.2
chr14	96382248	+	NP_057556.2
chr14	96392155	+	XP_006720084.1
chr14	96502593	+	NP_001238936.1
chr14	96832610	+	XP_047287708.1
chr14	99492678	+	XP_047287795.1
chr14	99624960	+	XP_006720340.1
chr14	99684418	+	NP_006659.1
chr14	99793477	+	NP_001008707.1
chr14	99972053	+	NP_001317150.1
chr14	100239245	+	NP_003394.1
chr14	100323415	+	NP_997000.2
chr14	100380925	+	NP_001337876.1
chr14	100727069	+	NP_003827.4
chr14	101005837	+	XP_047288005.1
chr14	101561497	+	NP_001353.4
chr14	101760685	+	XP_005267876.1
chr14	101964692	+	NP_001367.2
chr14	102139924	+	NP_001340610.1
chr14	102319766	+	XP_011535247.1
chr14	102376722	+	NP_001166102.1
chr14	102592887	+	XP_047287104.1
chr14	102870202	+	XP_016877109.1
chr14	102922689	+	NP_112205.2
chr14	103086013	+	NP_001317165.1
chr14	103094574	+	XP_011535635.1
chr14	103126458	+	NP_006282.2
chr14	103335861	+	NP_001960.2
chr14	103386030	+	NP_001122390.2
chr14	103529979	+	NP_689520.2
chr14	103563002	+	NP_001289583.2
chr14	103654565	+	NP_001381778.1
chr14	103715842	+	NP_001185882.1
chr14	103928510	+	XP_006720082.1
chr14	104080853	+	XP_047288006.1
chr14	104085771	+	XP_016876757.1
chr14	104138723	+	NP_056471.1
chr14	104586431	+	NP_001008404.1
chr14	104701366	+	NP_116103.1
chr14	104724271	+	XP_006720089.1
chr14	104753202	+	XP_011534662.1
chr14	104801198	+	NP_001357271.1
chr14	104868451	+	XP_047287243.1
chr14	104927120	+	NP_001295103.1
chr14	104986432	+	NP_001351099.1
chr14	105248712	+	NP_001374496.1
chr14	105314919	+	XP_006720153.1
chr14	105399341	+	XP_006720297.1
chr14	105420036	+	NP_001190187.1
chr14	105473248	+	NP_001257766.1
chr14	105487260	+	NP_001302.1
chr14	105491103	+	NP_001185912.1
chr14	105528835	+	NP_079544.1
chr14	19433769	-	NP_001005356.1
chr14	19712936	-	NP_001184216.2
chr14	20407873	-	XP_011535412.1
chr14	20435064	-	XP_011534752.1
chr14	20461184	-	XP_024305507.1
chr14	20558615	-	NP_001001673.3
chr14	20583875	-	NP_660293.1
chr14	20590280	-	NP_001019993.1
chr14	20640696	-	NP_001001968.1
chr14	20801598	-	NP_002924.1
chr14	21070828	-	NP_001269145.1
chr14	21093586	-	NP_001095924.1
chr14	21154937	-	NP_001004731.2
chr14	21233953	-	NP_001070911.1
chr14	21383862	-	XP_047286855.1
chr14	21431811	-	NP_001164100.1
chr14	21476827	-	XP_047287765.1
chr14	21511124	-	XP_006720269.1
chr14	21536849	-	NP_001278376.1
chr14	21569803	-	NP_001005465.1
chr14	21633910	-	NP_001005466.2
chr14	21669988	-	NP_001304036.1
chr14	22588947	-	NP_001335.1
chr14	22633768	-	NP_001335162.1
chr14	22812900	-	XP_047287835.1
chr14	22917028	-	XP_011535208.1
chr14	22929252	-	XP_047286837.1
chr14	22955100	-	NP_001159742.1
chr14	22981261	-	NP_932352.1
chr14	22998427	-	XP_047287628.1
chr14	23034684	-	NP_001124197.1
chr14	23055533	-	NP_659422.2
chr14	23094975	-	NP_001158289.1
chr14	23104599	-	NP_001341569.1
chr14	23118582	-	NP_001796.2
chr14	23182764	-	NP_001253966.1
chr14	23285913	-	NP_065885.2
chr14	23302160	-	NP_001263247.1
chr14	23352646	-	NP_001275979.1
chr14	23365008	-	NP_001264103.1
chr14	23407023	-	NP_002462.2
chr14	23433532	-	NP_001393933.1
chr14	23533285	-	XP_016877207.1
chr14	23567451	-	NP_001341604.1
chr14	23577075	-	NP_001139500.1
chr14	24094468	-	XP_011535107.1
chr14	24141107	-	XP_047287382.1
chr14	24145243	-	XP_006720276.1
chr14	24242141	-	XP_016876706.1
chr14	24428755	-	NP_001034860.1
chr14	24442754	-	NP_001374256.1
chr14	24508178	-	NP_001295012.1
chr14	24576169	-	NP_001902.1
chr14	24609559	-	NP_001257710.1
chr14	24634106	-	NP_004122.2
chr14	24987886	-	NP_001381347.1
chr14	26597301	-	NP_001353319.1
chr14	29725536	-	XP_047287546.1
chr14	31025904	-	XP_047287277.1
chr14	31205797	-	XP_011534924.1
chr14	31402850	-	NP_056288.2
chr14	31457283	-	NP_542395.1
chr14	31482964	-	NP_001184113.2
chr14	33950678	-	NP_071356.1
chr14	34462096	-	NP_612145.2
chr14	34539555	-	NP_060923.2
chr14	34630111	-	NP_067072.3
chr14	34714538	-	NP_001230574.1
chr14	34874492	-	XP_011534678.3
chr14	35121902	-	NP_001292085.1
chr14	35404418	-	NP_065390.1
chr14	35808730	-	XP_024305291.1
chr14	36320460	-	XP_047287425.1
chr14	36520053	-	NP_003308.1
chr14	36582233	-	NP_055175.2
chr14	36874956	-	XP_011535591.1
chr14	37594901	-	NP_004487.2
chr14	38254550	-	NP_778230.1
chr14	39095898	-	NP_006355.2
chr14	39170015	-	NP_803235.1
chr14	39431564	-	NP_976046.1
chr14	44504510	-	NP_115511.3
chr14	44960887	-	NP_060128.2
chr14	45134349	-	XP_011534867.1
chr14	45246743	-	XP_011535225.1
chr14	46651092	-	NP_542784.1
chr14	49598400	-	NP_001025172.1
chr14	49618784	-	NP_000992.1
chr14	49633287	-	NP_001365382.1
chr14	49688136	-	NP_001335314.1
chr14	49852695	-	XP_047287868.1
chr14	50116287	-	XP_016877129.1
chr14	50231197	-	XP_047287679.1
chr14	50312011	-	XP_047287733.1
chr14	50395701	-	XP_005268217.1
chr14	50531942	-	XP_011534682.1
chr14	50667874	-	XP_011535359.1
chr14	50821874	-	XP_047287408.1
chr14	50944161	-	NP_001157412.1
chr14	51094118	-	NP_001374307.1
chr14	52068767	-	XP_005267464.1
chr14	52543398	-	NP_001153519.1
chr14	52695368	-	NP_001369401.1
chr14	52784497	-	NP_932332.1
chr14	52950412	-	NP_006823.1
chr14	53152261	-	XP_016877158.1
chr14	53956759	-	NP_570911.2
chr14	54441247	-	NP_005767.1
chr14	54488925	-	NP_004115.1
chr14	54902321	-	NP_001411033.1
chr14	55026711	-	XP_011534675.1
chr14	55188942	-	NP_055565.3
chr14	55411602	-	XP_011534865.1
chr14	55440396	-	NP_950248.2
chr14	56805360	-	NP_001257452.1
chr14	57268622	-	XP_047286838.1
chr14	57493493	-	XP_047287485.1
chr14	57604043	-	NP_001338942.1
chr14	58137990	-	NP_001001872.2
chr14	58411907	-	XP_047287220.1
chr14	59463742	-	XP_016877088.1
chr14	59483809	-	XP_047286856.1
chr14	59576619	-	XP_047287702.1
chr14	59630446	-	NP_001350631.1
chr14	59870390	-	XP_047287630.1
chr14	60165177	-	NP_001309210.1
chr14	60485030	-	XP_016876739.1
chr14	60648689	-	NP_005973.1
chr14	60724256	-	NP_059116.3
chr14	60981024	-	NP_001337183.1
chr14	61280092	-	NP_001017970.1
chr14	63317646	-	NP_660154.3
chr14	63539529	-	XP_047287500.1
chr14	63603916	-	NP_542397.1
chr14	64282624	-	NP_001278641.1
chr14	64502901	-	NP_001291437.1
chr14	64822947	-	NP_001342365.1
chr14	64942505	-	NP_002074.2
chr14	64971953	-	NP_001317111.1
chr14	65102304	-	NP_001257998.1
chr14	67359658	-	NP_057078.1
chr14	67412018	-	XP_047287219.1
chr14	67487000	-	NP_001335475.1
chr14	67600024	-	NP_001350623.1
chr14	67674375	-	NP_006361.1
chr14	67695630	-	NP_001239579.1
chr14	67815770	-	XP_047287129.1
chr14	68796075	-	NP_001231627.1
chr14	68978952	-	NP_001410959.1
chr14	69152765	-	XP_016877226.1
chr14	69398231	-	NP_004441.1
chr14	69571499	-	NP_001258436.1
chr14	69796800	-	NP_003040.1
chr14	70166639	-	NP_891981.1
chr14	70416900	-	NP_001191019.1
chr14	70522577	-	XP_005268208.1
chr14	70600616	-	NP_001271140.1
chr14	70808766	-	XP_011535096.1
chr14	71228064	-	XP_011535754.3
chr14	73024026	-	XP_047287438.1
chr14	73355626	-	NP_001005745.1
chr14	73522272	-	XP_047287327.1
chr14	73712578	-	NP_006020.4
chr14	73738560	-	XP_005268263.1
chr14	73949973	-	XP_011534777.2
chr14	73987886	-	NP_001369187.1
chr14	74084347	-	NP_001265523.1
chr14	74302875	-	NP_001340533.1
chr14	74409328	-	XP_016877089.1
chr14	74493193	-	NP_001362369.1
chr14	74611451	-	NP_000419.1
chr14	74685600	-	XP_005268301.1
chr14	74863103	-	NP_001229936.1
chr14	74921277	-	NP_001357186.1
chr14	74955168	-	XP_047287432.1
chr14	75046376	-	XP_047287221.1
chr14	75069210	-	NP_001289545.1
chr14	75126703	-	XP_047287875.1
chr14	75176355	-	NP_006818.3
chr14	75657370	-	NP_009107.1
chr14	75980542	-	NP_001316868.1
chr14	76812764	-	NP_001357677.1
chr14	77025402	-	NP_078772.1
chr14	77139213	-	XP_011534963.1
chr14	77270849	-	NP_067080.1
chr14	77320434	-	XP_047287276.1
chr14	77376936	-	NP_001333063.1
chr14	77425585	-	XP_011534730.1
chr14	77454010	-	NP_001387266.1
chr14	77498653	-	NP_954993.1
chr14	77616448	-	NP_004854.1
chr14	77707822	-	NP_006011.2
chr14	77761114	-	NP_001305773.1
chr14	80211251	-	NP_054644.1
chr14	80916401	-	XP_011534797.1
chr14	81220489	-	NP_001265869.1
chr14	81398295	-	XP_024305504.1
chr14	81533675	-	XP_047287632.1
chr14	83974734	-	XP_047288001.1
chr14	87993383	-	NP_001411002.1
chr14	88326419	-	NP_612191.1
chr14	88550238	-	XP_016876428.1
chr14	88556763	-	XP_047288003.1
chr14	88792307	-	XP_047287013.1
chr14	89954586	-	NP_001271196.1
chr14	90331841	-	NP_060440.2
chr14	91060332	-	NP_001309156.1
chr14	91233953	-	XP_047287748.1
chr14	91417631	-	XP_047287374.1
chr14	91509506	-	XP_047287517.1
chr14	91729401	-	NP_079040.2
chr14	91813703	-	NP_001122068.2
chr14	91947213	-	NP_001371091.1
chr14	92039547	-	XP_047287891.1
chr14	92106529	-	NP_001158252.1
chr14	92117498	-	NP_004536.3
chr14	92732649	-	XP_005267920.1
chr14	93115069	-	NP_001136066.1
chr14	93183187	-	NP_071434.2
chr14	93206830	-	NP_115879.2
chr14	93332820	-	XP_016876927.1
chr14	93787626	-	XP_011534758.1
chr14	93964334	-	XP_011535137.1
chr14	94079025	-	NP_065147.1
chr14	94129558	-	NP_114425.1
chr14	94292609	-	NP_001094077.1
chr14	94314036	-	XP_047287783.1
chr14	94382592	-	NP_001002235.1
chr14	94448132	-	XP_006720168.1
chr14	94469625	-	NP_001271204.2
chr14	94497764	-	NP_776249.1
chr14	94769661	-	NP_776248.1
chr14	95133315	-	NP_001382626.1
chr14	95319711	-	XP_016877135.1
chr14	95481275	-	NP_001350621.1
chr14	95713947	-	NP_001092195.1
chr14	96362815	-	NP_060506.6
chr14	99271161	-	XP_047287663.1
chr14	99465703	-	XP_016877188.1
chr14	99603167	-	NP_001138467.1
chr14	100159506	-	XP_006720106.1
chr14	100306199	-	NP_689546.1
chr14	100376162	-	NP_998810.1
chr14	100587249	-	NP_001372030.1
chr14	100880712	-	XP_047287314.1
chr14	102139250	-	NP_005339.3
chr14	102304962	-	XP_047287603.1
chr14	102362845	-	NP_116019.1
chr14	102506936	-	NP_001335581.1
chr14	103056999	-	NP_001397983.1
chr14	103207091	-	XP_047288000.1
chr14	103522301	-	NP_001814.2
chr14	103559821	-	NP_001015048.1
chr14	103711033	-	NP_001093588.1
chr14	103848272	-	XP_016876608.1
chr14	103920940	-	NP_004885.1
chr14	103941397	-	NP_001244197.1
chr14	104604437	-	XP_011535052.1
chr14	104792598	-	NP_001014431.1
chr14	104978183	-	NP_001337858.1
chr14	105011204	-	NP_060425.2
chr14	105057167	-	NP_001265625.1
chr14	105168355	-	XP_047287308.1
chr14	105181129	-	NP_803877.2
chr14	105300446	-	XP_047287267.1
chr15	20295770	+	XP_047289354.1
chr15	22458994	+	NP_001383885.1
chr15	22851732	+	XP_016878140.1
chr15	24675868	+	NP_061831.2
chr15	24955049	+	NP_005669.2
chr15	24974454	+	NP_073718.1
chr15	26869249	+	XP_016877544.1
chr15	28618285	+	XP_047289359.1
chr15	29053885	+	XP_047288382.1
chr15	30083053	+	XP_011520252.1
chr15	30135944	+	XP_024305800.1
chr15	30512772	+	XP_047289360.1
chr15	30800090	+	XP_016878298.1
chr15	30904539	+	XP_011519672.1
chr15	32030595	+	XP_011519480.1
chr15	34062718	+	NP_036257.1
chr15	34102532	+	NP_689808.2
chr15	34225115	+	NP_057538.1
chr15	34346020	+	XP_047288297.1
chr15	36579861	+	XP_047289131.1
chr15	37935306	+	NP_001357665.1
chr15	38253186	+	XP_005254259.1
chr15	38454162	+	NP_775882.2
chr15	39580318	+	XP_047289361.1
chr15	39581858	+	XP_047288936.1
chr15	39934196	+	NP_001013725.2
chr15	40161221	+	NP_001202.5
chr15	40264786	+	NP_001122100.1
chr15	40324056	+	NP_001288197.1
chr15	40353258	+	NP_001139115.1
chr15	40358322	+	NP_277045.1
chr15	40382836	+	NP_001136234.1
chr15	40405819	+	XP_016877647.1
chr15	40440150	+	XP_047288198.1
chr15	40471214	+	NP_569735.1
chr15	40569338	+	NP_689473.1
chr15	40602932	+	NP_733468.3
chr15	40694733	+	XP_011520159.2
chr15	40764181	+	NP_005249.1
chr15	40770496	+	NP_001123920.1
chr15	40807289	+	NP_116239.3
chr15	40844555	+	NP_001373802.1
chr15	40894769	+	NP_065908.1
chr15	40929669	+	NP_061947.1
chr15	40953584	+	NP_077016.3
chr15	41231383	+	XP_016877368.1
chr15	41332958	+	XP_006720622.1
chr15	41417116	+	NP_055953.3
chr15	41493928	+	NP_002211.1
chr15	41559258	+	XP_016878032.1
chr15	41668895	+	NP_001387175.1
chr15	41775276	+	NP_001122080.1
chr15	41828125	+	NP_001108104.1
chr15	42274482	+	NP_001380860.1
chr15	42359806	+	NP_000061.1
chr15	42511847	+	XP_047289159.1
chr15	42548873	+	NP_001310558.1
chr15	42575716	+	XP_024305770.1
chr15	43133803	+	XP_024305840.1
chr15	43185499	+	NP_036274.3
chr15	43335108	+	NP_001311293.1
chr15	43371355	+	XP_047288348.1
chr15	43510989	+	NP_001398018.1
chr15	43594219	+	XP_047288090.1
chr15	43694051	+	XP_016877860.1
chr15	43746540	+	NP_005304.3
chr15	43792377	+	NP_001186804.1
chr15	43800599	+	NP_001186814.1
chr15	43827033	+	NP_079184.2
chr15	44289030	+	NP_612432.2
chr15	44459015	+	XP_047288608.1
chr15	44537195	+	NP_003749.2
chr15	44711547	+	XP_005254606.1
chr15	44736705	+	NP_892030.3
chr15	44956719	+	XP_011519542.1
chr15	45023284	+	NP_003095.2
chr15	45114606	+	XP_016877669.1
chr15	45131967	+	XP_047288646.1
chr15	45253216	+	NP_004203.2
chr15	45402430	+	NP_001310569.1
chr15	45430797	+	NP_115789.1
chr15	45448599	+	XP_047289365.1
chr15	45587444	+	NP_036520.1
chr15	45658924	+	NP_001258142.1
chr15	47759799	+	NP_079242.2
chr15	48121045	+	XP_047288350.1
chr15	48201301	+	XP_047288450.1
chr15	48207720	+	NP_001371065.1
chr15	48331167	+	NP_001317215.1
chr15	48878177	+	NP_055150.1
chr15	49155997	+	NP_001001556.1
chr15	49424298	+	NP_002000.1
chr15	49625168	+	XP_047288836.1
chr15	50182428	+	NP_003636.2
chr15	50439074	+	NP_001122082.1
chr15	50908779	+	NP_031373.2
chr15	51341685	+	NP_861454.2
chr15	51681756	+	NP_037375.2
chr15	51766442	+	NP_055363.1
chr15	51862885	+	NP_055362.1
chr15	52046461	+	XP_047288811.1
chr15	55319251	+	XP_047289321.1
chr15	55408769	+	NP_001185713.1
chr15	56365451	+	XP_047288422.1
chr15	57192276	+	XP_047288933.1
chr15	57438000	+	XP_047289140.1
chr15	57592035	+	NP_001018110.1
chr15	58138566	+	NP_066190.2
chr15	58432033	+	NP_000227.2
chr15	58771396	+	XP_016877824.1
chr15	59004125	+	XP_047288658.1
chr15	59105269	+	NP_004692.1
chr15	59206941	+	NP_149972.1
chr15	59458571	+	XP_011519550.1
chr15	59618239	+	XP_047289300.1
chr15	60004964	+	NP_036314.2
chr15	62067614	+	NP_997205.2
chr15	62647311	+	NP_055874.2
chr15	63042830	+	NP_001394254.1
chr15	63121872	+	NP_741982.1
chr15	63189625	+	XP_011519971.1
chr15	63277624	+	XP_011520407.1
chr15	63504740	+	NP_006528.2
chr15	63597393	+	NP_001354738.1
chr15	64096014	+	NP_003090.2
chr15	64151776	+	XP_005254734.1
chr15	64387864	+	NP_057297.2
chr15	64499420	+	XP_047288219.1
chr15	64842017	+	NP_079477.2
chr15	64911931	+	NP_874362.3
chr15	65050005	+	NP_849190.2
chr15	65076816	+	NP_001094832.1
chr15	65530632	+	NP_057479.2
chr15	65624081	+	XP_005254838.1
chr15	65869586	+	NP_004654.1
chr15	66293597	+	XP_005254203.1
chr15	66387348	+	NP_002746.1
chr15	66505339	+	NP_060445.3
chr15	66703259	+	NP_005576.3
chr15	67066155	+	NP_001393940.1
chr15	67254897	+	NP_073621.2
chr15	67344074	+	NP_001271278.1
chr15	67521249	+	NP_001137408.1
chr15	67543336	+	XP_016877903.1
chr15	67823377	+	XP_047289385.1
chr15	68054327	+	NP_057250.1
chr15	68278418	+	NP_056137.1
chr15	68579263	+	NP_006082.3
chr15	68930654	+	NP_663633.1
chr15	69222235	+	XP_016877563.1
chr15	69360081	+	XP_047288705.1
chr15	69414466	+	XP_005254854.1
chr15	69452949	+	NP_000994.1
chr15	70873206	+	NP_001271286.1
chr15	71627100	+	XP_011520345.1
chr15	71810744	+	NP_057430.1
chr15	72139624	+	NP_001159812.1
chr15	72398327	+	NP_001073931.1
chr15	72474640	+	NP_005735.2
chr15	72628766	+	XP_024305882.2
chr15	72654738	+	NP_061122.4
chr15	72686228	+	NP_149017.2
chr15	73376090	+	XP_047289386.1
chr15	73443186	+	NP_001035826.1
chr15	73699640	+	XP_016878127.1
chr15	73873710	+	XP_006720473.1
chr15	73926784	+	XP_011519857.1
chr15	73994813	+	NP_150249.1
chr15	74132755	+	XP_024305771.1
chr15	74217272	+	XP_016878119.1
chr15	74543937	+	NP_001294868.1
chr15	74619197	+	NP_003983.2
chr15	74749739	+	NP_000752.2
chr15	74798298	+	NP_001374019.1
chr15	74812855	+	NP_068591.2
chr15	74826704	+	NP_001025176.1
chr15	74890074	+	NP_002426.1
chr15	74996315	+	XP_006720483.1
chr15	75028319	+	NP_068595.3
chr15	75206049	+	XP_047288820.1
chr15	75258599	+	NP_001157876.1
chr15	75282876	+	XP_047288921.1
chr15	75336090	+	NP_060298.2
chr15	75347791	+	NP_001243481.1
chr15	75649103	+	NP_695003.1
chr15	75724200	+	XP_006720477.1
chr15	75843667	+	XP_011520530.1
chr15	75903964	+	NP_036302.1
chr15	76134264	+	XP_047288107.1
chr15	76336884	+	NP_665804.1
chr15	76931842	+	NP_001258766.1
chr15	76994790	+	NP_001308066.1
chr15	77458408	+	XP_011519460.1
chr15	78090161	+	XP_016877976.2
chr15	78149404	+	NP_005521.1
chr15	78264314	+	XP_047288792.1
chr15	78340429	+	NP_004369.1
chr15	78438338	+	NP_001307872.1
chr15	78513089	+	NP_001013641.2
chr15	78541928	+	NP_001096137.1
chr15	78565720	+	NP_000736.2
chr15	78873018	+	NP_996670.1
chr15	79293285	+	NP_001139813.1
chr15	79311250	+	NP_001350664.1
chr15	79456148	+	XP_016877516.1
chr15	80120345	+	XP_047288653.1
chr15	80153055	+	NP_001361306.1
chr15	80404516	+	NP_055677.3
chr15	80695430	+	NP_067037.1
chr15	80873775	+	XP_047288850.1
chr15	81002142	+	NP_001401822.1
chr15	81134330	+	NP_001340294.1
chr15	81182857	+	XP_047288414.1
chr15	82262880	+	NP_001335628.1
chr15	82430080	+	NP_937824.3
chr15	82809727	+	XP_047288110.1
chr15	82989019	+	NP_113640.1
chr15	83107681	+	NP_001317314.1
chr15	83490834	+	XP_011520194.1
chr15	84235835	+	XP_016877971.1
chr15	84360468	+	XP_047289387.1
chr15	84603928	+	XP_047288738.1
chr15	84782676	+	NP_055445.2
chr15	84817453	+	NP_065829.4
chr15	84884706	+	XP_011520510.1
chr15	84982163	+	XP_047288617.1
chr15	85620092	+	NP_001257475.1
chr15	86079973	+	XP_011519532.1
chr15	88467718	+	NP_001308902.1
chr15	88626210	+	XP_047288901.1
chr15	88639367	+	NP_001290163.1
chr15	88836207	+	XP_047288170.1
chr15	89116328	+	NP_001403350.1
chr15	89247648	+	XP_047288745.1
chr15	89575587	+	NP_689472.3
chr15	89701747	+	XP_047288827.1
chr15	89776358	+	NP_001035047.1
chr15	89998547	+	XP_047288442.1
chr15	90201579	+	NP_001380845.1
chr15	90240909	+	NP_001309740.1
chr15	90250631	+	NP_001382946.1
chr15	90265713	+	NP_001028260.2
chr15	90354661	+	NP_001004309.2
chr15	90388342	+	XP_047289160.1
chr15	90530072	+	NP_073606.3
chr15	90747393	+	XP_011520184.1
chr15	90875741	+	NP_002560.1
chr15	90885046	+	XP_047288195.1
chr15	90904208	+	XP_047288469.1
chr15	90935325	+	XP_047288800.1
chr15	90956735	+	XP_047289274.1
chr15	91101077	+	NP_001309965.1
chr15	92394065	+	NP_006002.1
chr15	92901238	+	NP_001036037.1
chr15	94298266	+	XP_011520076.1
chr15	96326310	+	NP_001138627.1
chr15	97960862	+	NP_899232.2
chr15	98891594	+	XP_011519818.1
chr15	99105200	+	NP_663780.2
chr15	99255941	+	NP_001308607.1
chr15	99633120	+	NP_001387000.1
chr15	100612217	+	NP_078984.2
chr15	100879908	+	NP_000684.2
chr15	100924633	+	NP_078928.3
chr15	101805720	+	NP_001005326.1
chr15	101818187	+	NP_001001674.1
chr15	20865872	-	XP_016877342.1
chr15	21439491	-	XP_011542099.1
chr15	21709721	-	XP_047289356.1
chr15	21742754	-	XP_011542106.1
chr15	21876837	-	XP_016877347.1
chr15	22185357	-	XP_016878258.1
chr15	23039398	-	XP_016877390.1
chr15	23334016	-	XP_016878267.1
chr15	23447098	-	XP_047288353.1
chr15	25409088	-	NP_001341475.1
chr15	25862648	-	XP_011520130.1
chr15	26628977	-	NP_001265560.1
chr15	28082927	-	XP_016877754.1
chr15	28321362	-	XP_016878186.1
chr15	28532826	-	XP_024305674.1
chr15	28711521	-	XP_011520253.1
chr15	29822002	-	XP_047288938.1
chr15	30383319	-	XP_005254807.1
chr15	30991447	-	XP_011520039.1
chr15	32030557	-	XP_047289353.1
chr15	32455489	-	XP_024305810.1
chr15	32494929	-	XP_035717017.1
chr15	33153048	-	NP_001264243.1
chr15	34065972	-	XP_011520122.1
chr15	34101604	-	NP_064539.1
chr15	34163560	-	XP_016878064.1
chr15	34336410	-	XP_047289352.1
chr15	34366987	-	XP_047288290.1
chr15	34385254	-	XP_047288215.1
chr15	34535865	-	NP_001018861.3
chr15	34754418	-	XP_016877927.1
chr15	34794680	-	NP_001393413.1
chr15	34969539	-	NP_055506.1
chr15	34981359	-	XP_011520046.1
chr15	35084193	-	NP_001342210.1
chr15	35546119	-	NP_542381.1
chr15	38564594	-	XP_047288030.1
chr15	39776399	-	XP_011519613.1
chr15	39919855	-	XP_016877367.1
chr15	40039093	-	NP_001296363.1
chr15	40105795	-	NP_001385428.1
chr15	40281444	-	NP_001177408.1
chr15	40307589	-	XP_047288640.1
chr15	40340808	-	NP_997263.3
chr15	40562772	-	NP_001369368.1
chr15	40754597	-	XP_011520057.1
chr15	40807369	-	NP_060633.1
chr15	40828387	-	NP_001123615.1
chr15	40873932	-	NP_598378.3
chr15	41096168	-	XP_011519988.1
chr15	41230479	-	XP_011519604.1
chr15	41332240	-	NP_001304789.1
chr15	41396487	-	XP_047288593.1
chr15	41513667	-	XP_047288462.1
chr15	41536945	-	XP_047288330.1
chr15	41893282	-	XP_016877791.1
chr15	41972259	-	XP_047288364.1
chr15	42050521	-	XP_011519541.1
chr15	42094415	-	NP_828848.3
chr15	42156439	-	NP_998765.3
chr15	42208081	-	NP_056104.2
chr15	42273255	-	XP_006720531.1
chr15	42472236	-	NP_001271235.1
chr15	42548351	-	XP_011519725.1
chr15	42737013	-	XP_047288151.1
chr15	42920867	-	XP_047288148.1
chr15	43105942	-	NP_777576.1
chr15	43220816	-	XP_011519656.1
chr15	43266840	-	XP_011520532.1
chr15	43302241	-	XP_016877392.1
chr15	43328429	-	NP_055608.2
chr15	43369596	-	XP_047288144.1
chr15	43493037	-	NP_001341930.1
chr15	43584358	-	NP_001341331.1
chr15	43618659	-	NP_714544.1
chr15	43648822	-	NP_001269238.1
chr15	43776770	-	NP_079441.1
chr15	43799885	-	NP_001244961.1
chr15	43824491	-	NP_005917.2
chr15	43919459	-	XP_047289151.1
chr15	44663391	-	XP_047289102.1
chr15	44676866	-	XP_047288188.1
chr15	45113342	-	NP_054799.4
chr15	45122868	-	NP_001263193.1
chr15	45198772	-	NP_001288100.2
chr15	45321114	-	XP_047289362.1
chr15	45396922	-	NP_001307944.1
chr15	45521964	-	NP_037441.2
chr15	48178077	-	XP_047288592.1
chr15	48644606	-	NP_001393646.1
chr15	48805563	-	XP_047288210.1
chr15	48962431	-	XP_047288449.1
chr15	49046276	-	NP_055516.2
chr15	49155525	-	NP_004227.1
chr15	49615121	-	XP_024305633.1
chr15	50110409	-	XP_011520372.1
chr15	50265593	-	XP_016877587.1
chr15	50340503	-	XP_011519728.1
chr15	50546473	-	XP_047288421.1
chr15	50686531	-	NP_001288141.1
chr15	50765468	-	NP_116191.2
chr15	51105005	-	NP_001298104.1
chr15	51242768	-	NP_000094.2
chr15	51622459	-	XP_047288273.1
chr15	51737350	-	NP_001137389.1
chr15	51971688	-	NP_001273359.1
chr15	52112238	-	NP_001293097.1
chr15	52184551	-	NP_001366272.1
chr15	52295610	-	XP_047288802.1
chr15	52425830	-	XP_047288502.1
chr15	52568848	-	XP_016877359.1
chr15	52678006	-	NP_001371951.1
chr15	52788780	-	NP_004489.1
chr15	53540975	-	NP_001264105.1
chr15	55196810	-	NP_057388.1
chr15	55234782	-	XP_005254633.1
chr15	55317628	-	NP_001295352.1
chr15	55389365	-	NP_001191380.1
chr15	55498207	-	NP_001028732.1
chr15	55515451	-	XP_047289367.1
chr15	55588804	-	XP_047288337.1
chr15	55742838	-	XP_016877570.1
chr15	55993511	-	NP_001316141.1
chr15	56244734	-	NP_001357483.1
chr15	56464970	-	NP_060835.1
chr15	56707082	-	NP_001002843.1
chr15	58065534	-	NP_733798.1
chr15	58749480	-	NP_001307499.1
chr15	58933404	-	XP_011520333.1
chr15	59652206	-	NP_004483.1
chr15	59682408	-	NP_001354989.1
chr15	60397871	-	XP_047288363.1
chr15	60477937	-	NP_001018099.1
chr15	60627238	-	XP_011520181.1
chr15	62060275	-	NP_060550.2
chr15	62163890	-	NP_001007596.2
chr15	63157400	-	NP_057004.1
chr15	63381636	-	NP_001280571.1
chr15	63774694	-	XP_047289216.1
chr15	64040170	-	NP_001371926.1
chr15	64093645	-	NP_115607.1
chr15	64162852	-	NP_000933.1
chr15	64300319	-	NP_001316536.1
chr15	64381326	-	NP_001025160.1
chr15	64703029	-	NP_001288231.1
chr15	64775233	-	XP_047288402.1
chr15	64823778	-	NP_001273426.1
chr15	64983507	-	NP_001121362.1
chr15	65029405	-	XP_005254215.2
chr15	65076529	-	XP_005254491.1
chr15	65106096	-	XP_011519849.1
chr15	65132912	-	NP_005698.1
chr15	65185075	-	XP_011519466.1
chr15	65209695	-	XP_016878168.1
chr15	65286253	-	XP_047288733.1
chr15	65377686	-	XP_011520546.1
chr15	65422793	-	XP_047288863.1
chr15	65515656	-	XP_005254562.1
chr15	65610686	-	NP_001193988.2
chr15	65756140	-	XP_047288061.1
chr15	65970553	-	XP_016878163.1
chr15	66352815	-	NP_001385214.1
chr15	66497642	-	NP_001316543.1
chr15	66504788	-	NP_000959.2
chr15	66565248	-	NP_001381562.1
chr15	67254559	-	NP_001258814.1
chr15	68205245	-	NP_001273624.1
chr15	68256690	-	NP_060352.1
chr15	68432015	-	XP_005254285.1
chr15	68820698	-	NP_006296.1
chr15	70096775	-	NP_001269911.1
chr15	70778782	-	XP_047288739.1
chr15	70853889	-	NP_001273608.1
chr15	70891844	-	NP_064532.1
chr15	72197731	-	NP_001012660.1
chr15	72230896	-	XP_005254502.1
chr15	72267475	-	XP_011520107.1
chr15	72319613	-	NP_001166156.1
chr15	72375720	-	NP_000511.2
chr15	72676054	-	XP_024305610.1
chr15	72783459	-	NP_001352153.1
chr15	73367486	-	XP_011519450.1
chr15	73633125	-	NP_001154836.1
chr15	73750975	-	NP_001371282.1
chr15	73992091	-	NP_001311158.1
chr15	74082426	-	NP_001033729.2
chr15	74202418	-	XP_011520185.1
chr15	74420239	-	XP_047289133.1
chr15	74460668	-	XP_011520426.1
chr15	74609602	-	XP_016878283.1
chr15	74674961	-	XP_011520394.1
chr15	74722273	-	NP_000490.1
chr15	74843004	-	NP_001271294.1
chr15	74873199	-	NP_005688.2
chr15	74906587	-	XP_016877922.1
chr15	74937915	-	NP_004246.2
chr15	74955984	-	NP_060263.2
chr15	75368483	-	NP_001243425.1
chr15	75430187	-	XP_047288319.1
chr15	75578714	-	NP_002824.1
chr15	75620894	-	NP_001036046.1
chr15	75639614	-	NP_060755.1
chr15	75712668	-	XP_047288152.1
chr15	76011221	-	XP_047288139.1
chr15	76311350	-	NP_001121188.1
chr15	76342780	-	XP_047289376.1
chr15	76904614	-	XP_047288588.1
chr15	77070892	-	XP_016877346.1
chr15	77178790	-	XP_047289033.1
chr15	77632310	-	NP_001288115.1
chr15	78077293	-	NP_001374075.1
chr15	78131165	-	NP_001258817.1
chr15	78234371	-	XP_011519693.2
chr15	78295675	-	NP_001290177.1
chr15	78620713	-	NP_001160166.1
chr15	78649379	-	NP_001243496.1
chr15	78811121	-	NP_055087.2
chr15	78944891	-	NP_001306066.1
chr15	79090223	-	NP_722522.1
chr15	79907629	-	NP_001186687.1
chr15	79970700	-	NP_004040.1
chr15	80201770	-	NP_001339817.1
chr15	80989579	-	NP_055969.1
chr15	81324001	-	NP_871629.1
chr15	81373989	-	NP_001074001.1
chr15	82045450	-	NP_115622.2
chr15	82261688	-	XP_024305816.1
chr15	82349292	-	NP_001157937.2
chr15	82540426	-	NP_001012.1
chr15	82647856	-	NP_001374006.1
chr15	82709594	-	NP_001335370.1
chr15	82786752	-	NP_001268735.1
chr15	82986080	-	XP_047289316.1
chr15	83011497	-	NP_001153588.1
chr15	83066751	-	NP_079514.1
chr15	83207331	-	XP_006720617.1
chr15	83284530	-	XP_011520196.1
chr15	84172939	-	XP_047289381.1
chr15	84437662	-	XP_047289380.1
chr15	84657996	-	XP_016877728.1
chr15	84716025	-	NP_001258851.1
chr15	85768041	-	NP_071925.2
chr15	88255906	-	XP_006720613.1
chr15	88467150	-	NP_071446.2
chr15	88536312	-	NP_001137546.1
chr15	88893028	-	XP_047288129.1
chr15	88913247	-	NP_001297250.1
chr15	89106440	-	XP_047289388.1
chr15	89218964	-	XP_011520172.1
chr15	89333096	-	NP_001119603.1
chr15	89496361	-	NP_001307970.1
chr15	89662924	-	XP_047288437.1
chr15	89677445	-	NP_001138783.1
chr15	89690577	-	NP_001258502.1
chr15	89750509	-	NP_061140.1
chr15	89805970	-	NP_001141.2
chr15	89912744	-	NP_005820.1
chr15	90102276	-	NP_001277043.1
chr15	90233835	-	NP_006375.2
chr15	90932429	-	NP_001273380.1
chr15	90994407	-	XP_016878203.1
chr15	91022154	-	XP_011519751.1
chr15	92655316	-	NP_997329.2
chr15	93088919	-	NP_001159759.1
chr15	99001187	-	NP_001161374.1
chr15	99248188	-	XP_047288911.1
chr15	99733345	-	XP_011519544.1
chr15	100155180	-	XP_016877471.1
chr15	100503710	-	NP_849164.2
chr15	100580489	-	NP_001339436.1
chr15	100879021	-	XP_047289389.1
chr15	101251137	-	XP_047288196.1
chr15	101277342	-	NP_060915.2
chr15	101295097	-	NP_003081.2
chr15	101489374	-	NP_001278238.1
chr15	101652271	-	NP_001294889.1
chr15	101724091	-	XP_047288098.1
chr16	54017	+	NP_078847.2
chr16	78310	+	NP_001015052.1
chr16	152910	+	NP_005323.1
chr16	165998	+	NP_001003938.1
chr16	172913	+	NP_000508.1
chr16	176717	+	NP_000549.1
chr16	180487	+	NP_005322.1
chr16	254414	+	XP_047290700.1
chr16	280681	+	NP_001167.2
chr16	283170	+	NP_006840.2
chr16	397223	+	NP_001273364.1
chr16	401964	+	NP_065715.1
chr16	426007	+	XP_047290916.1
chr16	540190	+	XP_047290481.1
chr16	563295	+	XP_016878448.1
chr16	568048	+	NP_001288088.1
chr16	574075	+	NP_004195.2
chr16	590292	+	NP_001166134.1
chr16	631254	+	NP_444514.1
chr16	641992	+	NP_612427.2
chr16	649080	+	XP_047289700.1
chr16	668200	+	XP_047290803.1
chr16	675791	+	NP_001265649.1
chr16	680526	+	NP_005852.2
chr16	715290	+	NP_076947.1
chr16	721275	+	NP_076422.1
chr16	727510	+	NP_996995.1
chr16	762681	+	NP_005814.2
chr16	788685	+	XP_011520874.1
chr16	981923	+	NP_055402.2
chr16	1078869	+	NP_001166031.1
chr16	1153738	+	XP_011521029.1
chr16	1225251	+	XP_047290953.1
chr16	1240939	+	NP_003285.2
chr16	1256281	+	NP_036349.1
chr16	1314031	+	XP_047290541.1
chr16	1334662	+	XP_011521030.1
chr16	1351966	+	NP_115909.1
chr16	1432594	+	NP_001352239.1
chr16	1494282	+	XP_047290949.1
chr16	1534276	+	NP_001243470.1
chr16	1614640	+	NP_065876.3
chr16	1678313	+	NP_653171.1
chr16	1706340	+	XP_011520731.1
chr16	1773228	+	NP_001244299.1
chr16	1783021	+	NP_036357.1
chr16	1827230	+	XP_047290685.1
chr16	1966882	+	XP_005255186.1
chr16	2027006	+	XP_047290879.1
chr16	2048270	+	NP_001305761.1
chr16	2148784	+	NP_055168.2
chr16	2163921	+	NP_115647.2
chr16	2205688	+	XP_047290423.1
chr16	2223614	+	XP_047289654.1
chr16	2236817	+	XP_047289640.1
chr16	2429482	+	NP_001752.2
chr16	2460145	+	NP_079384.2
chr16	2471702	+	NP_006172.1
chr16	2496149	+	NP_001186036.1
chr16	2514104	+	NP_001185498.1
chr16	2520459	+	NP_057028.2
chr16	2538113	+	NP_002604.1
chr16	2682549	+	NP_061865.1
chr16	2753057	+	XP_047289838.1
chr16	2798485	+	NP_001382431.1
chr16	2817269	+	XP_047289474.1
chr16	2896450	+	XP_047289528.1
chr16	2929686	+	XP_047290742.1
chr16	2964521	+	NP_757384.1
chr16	2969675	+	NP_689554.2
chr16	2988277	+	NP_001383386.1
chr16	3013363	+	NP_066192.1
chr16	3020398	+	NP_057723.1
chr16	3024327	+	NP_077315.2
chr16	3046918	+	XP_016879050.1
chr16	3065812	+	NP_001356525.1
chr16	3113431	+	NP_001265087.1
chr16	3137089	+	XP_047290559.1
chr16	3204247	+	NP_001357569.2
chr16	3283819	+	NP_005732.2
chr16	3308429	+	XP_016879132.1
chr16	3355941	+	XP_047290135.1
chr16	3402005	+	NP_001334798.1
chr16	3443767	+	NP_001304022.1
chr16	3495619	+	XP_047289756.1
chr16	3654754	+	XP_047289634.1
chr16	4332281	+	NP_001305847.1
chr16	4380878	+	NP_612449.2
chr16	4425882	+	NP_005138.3
chr16	4496146	+	NP_001273196.1
chr16	4556490	+	NP_001374148.1
chr16	4624961	+	NP_001135762.1
chr16	4693685	+	XP_005255690.1
chr16	4735147	+	XP_016878464.1
chr16	4795735	+	XP_011520802.1
chr16	4852918	+	XP_011520769.1
chr16	4959324	+	XP_024306265.1
chr16	5071850	+	NP_061982.3
chr16	7510280	+	XP_047290199.1
chr16	8625666	+	XP_047290571.1
chr16	8735740	+	NP_001373545.1
chr16	8797883	+	NP_000294.1
chr16	8884356	+	NP_001382363.1
chr16	9092045	+	XP_011520764.1
chr16	10430621	+	XP_006721017.1
chr16	10743864	+	NP_001310525.1
chr16	10866227	+	XP_011520793.1
chr16	10944718	+	XP_006720933.1
chr16	11345472	+	NP_689521.1
chr16	11673633	+	XP_016879230.1
chr16	11965325	+	NP_001183.2
chr16	11976807	+	NP_001363419.1
chr16	12902065	+	NP_001138677.2
chr16	13920166	+	XP_011520726.1
chr16	14140607	+	NP_001352349.1
chr16	14644347	+	NP_057645.1
chr16	14708944	+	XP_011520885.1
chr16	14748066	+	XP_006720980.2
chr16	14833852	+	NP_055102.3
chr16	14937443	+	NP_008916.2
chr16	14975200	+	NP_001272379.1
chr16	15395898	+	NP_001121895.1
chr16	15643875	+	XP_047290223.1
chr16	15949195	+	XP_047290090.1
chr16	16232667	+	NP_001004067.1
chr16	16335930	+	NP_001410765.1
chr16	16379245	+	NP_001269436.1
chr16	18984064	+	NP_001287661.1
chr16	19067665	+	XP_047289451.1
chr16	19114462	+	NP_001030013.1
chr16	19168057	+	XP_047290160.1
chr16	19285852	+	NP_001243649.1
chr16	19440039	+	NP_001295090.1
chr16	19527882	+	XP_016879397.1
chr16	19555730	+	NP_064710.5
chr16	19718307	+	NP_694940.1
chr16	20411485	+	NP_001311302.1
chr16	20460115	+	XP_047289548.1
chr16	20770035	+	XP_047290397.1
chr16	20806954	+	XP_047290683.1
chr16	20900158	+	XP_016878964.2
chr16	21161183	+	XP_047290326.1
chr16	21709915	+	XP_011544050.3
chr16	22008328	+	XP_047290539.1
chr16	22165583	+	XP_016879471.1
chr16	22302969	+	XP_011544195.1
chr16	22814611	+	XP_011544303.1
chr16	23186272	+	NP_001030.2
chr16	23283756	+	XP_016879014.1
chr16	23557743	+	XP_016878948.1
chr16	23641543	+	NP_001185940.1
chr16	23678933	+	NP_005021.2
chr16	23755050	+	NP_071380.1
chr16	24032235	+	XP_047290321.1
chr16	24256755	+	NP_006530.1
chr16	24540627	+	NP_116015.2
chr16	24640930	+	XP_024305999.1
chr16	24858644	+	XP_047289529.1
chr16	25111884	+	NP_057393.2
chr16	25217046	+	XP_011544124.1
chr16	27066996	+	NP_001139017.1
chr16	27204093	+	NP_001138820.1
chr16	27333403	+	XP_047290022.1
chr16	27403171	+	XP_011544159.1
chr16	27618440	+	XP_011544076.1
chr16	28259408	+	XP_005255372.1
chr16	28494682	+	NP_061160.3
chr16	28581070	+	XP_016878383.1
chr16	28638361	+	XP_047290515.1
chr16	28711687	+	XP_016879303.1
chr16	28749055	+	XP_047290991.1
chr16	28752473	+	NP_001274179.1
chr16	28823260	+	NP_001374100.1
chr16	28866095	+	NP_001295222.1
chr16	28878672	+	NP_004311.1
chr16	28932001	+	XP_011544283.1
chr16	28951012	+	NP_116204.3
chr16	28974780	+	XP_006721159.1
chr16	29454743	+	NP_001387215.1
chr16	29461386	+	NP_001017390.1
chr16	29663729	+	NP_001025459.1
chr16	29679097	+	NP_001305178.1
chr16	29779267	+	NP_689551.3
chr16	29790760	+	XP_047290051.1
chr16	29806145	+	XP_047290067.1
chr16	29813055	+	NP_001243372.1
chr16	29816526	+	NP_078792.1
chr16	29830550	+	NP_059447.2
chr16	29900972	+	XP_016878596.1
chr16	29963144	+	NP_001356617.1
chr16	29973622	+	XP_047290992.1
chr16	29977773	+	XP_011544284.1
chr16	29996311	+	XP_047289945.1
chr16	30023341	+	NP_001103129.1
chr16	30053494	+	NP_001352236.1
chr16	30066898	+	NP_001230106.1
chr16	30076378	+	NP_001290432.1
chr16	30185210	+	NP_001180262.1
chr16	30194085	+	NP_001015000.1
chr16	30200729	+	NP_808220.1
chr16	30374858	+	NP_001311388.1
chr16	30395795	+	NP_001201835.1
chr16	30407773	+	XP_047290152.1
chr16	30472838	+	NP_002200.2
chr16	30651646	+	NP_001307393.1
chr16	30659519	+	NP_001098549.2
chr16	30700825	+	NP_006653.2
chr16	30741744	+	NP_001243758.1
chr16	30748821	+	NP_000285.1
chr16	30762546	+	NP_001193962.1
chr16	30895904	+	XP_011544061.1
chr16	30923111	+	NP_001369709.1
chr16	30949290	+	NP_689501.1
chr16	30958732	+	XP_047290920.1
chr16	30985659	+	XP_011544263.1
chr16	31033521	+	NP_001259025.1
chr16	31076325	+	XP_047290912.1
chr16	31109224	+	NP_001116429.1
chr16	31180215	+	XP_011544083.1
chr16	31214739	+	NP_001008275.2
chr16	31260065	+	XP_006721108.1
chr16	31355255	+	XP_047290031.1
chr16	31393361	+	XP_011544148.1
chr16	31458397	+	NP_001275696.1
chr16	31472189	+	NP_001035919.1
chr16	31483137	+	XP_006721135.3
chr16	31528140	+	NP_057717.1
chr16	31713433	+	NP_001381111.1
chr16	31873967	+	NP_003405.4
chr16	32253354	+	XP_016879126.1
chr16	33194294	+	XP_011544222.1
chr16	33304374	+	XP_011544334.1
chr16	33360909	+	XP_011544235.1
chr16	33459680	+	XP_011544335.1
chr16	46689706	+	XP_011521280.1
chr16	46884716	+	XP_047290768.1
chr16	48244389	+	XP_047290693.1
chr16	49373940	+	NP_653203.1
chr16	50025316	+	NP_694993.2
chr16	50066132	+	NP_891552.1
chr16	50152953	+	XP_011521577.1
chr16	50288180	+	XP_047289527.1
chr16	50548554	+	NP_149110.1
chr16	50697244	+	NP_071445.1
chr16	50749699	+	XP_047289620.1
chr16	51645818	+	NP_001383170.1
chr16	53156090	+	XP_047290653.1
chr16	53434557	+	NP_005602.3
chr16	54931199	+	NP_005844.4
chr16	55325092	+	NP_077311.2
chr16	55479480	+	NP_004521.1
chr16	55509182	+	XP_005256063.1
chr16	55656695	+	XP_047290469.1
chr16	56192236	+	NP_620073.2
chr16	56451613	+	NP_060703.3
chr16	56565129	+	NP_116324.2
chr16	56589591	+	NP_005945.1
chr16	56608656	+	NP_005944.1
chr16	56625852	+	NP_001350484.1
chr16	56632732	+	NP_789846.2
chr16	56638739	+	NP_005937.2
chr16	56651954	+	NP_005938.1
chr16	56658059	+	NP_001288201.1
chr16	56669885	+	NP_005942.1
chr16	56682541	+	NP_005943.1
chr16	56748248	+	NP_055484.3
chr16	56865236	+	NP_000330.3
chr16	56932245	+	NP_001259032.1
chr16	56961980	+	XP_006721187.1
chr16	57020713	+	NP_001371902.1
chr16	57110743	+	NP_689940.3
chr16	57204659	+	NP_001292111.1
chr16	57245368	+	NP_036238.1
chr16	57358140	+	XP_047290405.1
chr16	57372569	+	NP_002987.1
chr16	57404812	+	XP_016879019.1
chr16	57447506	+	NP_064708.1
chr16	57462725	+	NP_116558.1
chr16	57529266	+	XP_047289734.1
chr16	57650288	+	NP_001357369.1
chr16	57668348	+	XP_047289739.1
chr16	57697950	+	XP_047290724.1
chr16	57737244	+	NP_005877.2
chr16	57977817	+	XP_047290032.1
chr16	58001484	+	NP_001191840.1
chr16	58026351	+	NP_002419.1
chr16	58250015	+	NP_054876.2
chr16	58392602	+	NP_001119601.1
chr16	58464431	+	NP_001365261.1
chr16	58515538	+	XP_047290623.1
chr16	66379338	+	XP_047289426.1
chr16	66428411	+	XP_011521196.1
chr16	66552716	+	NP_857592.1
chr16	66579608	+	NP_653274.1
chr16	66604806	+	XP_047289551.1
chr16	66844488	+	NP_005173.1
chr16	66884285	+	NP_001316860.1
chr16	66935636	+	NP_003860.3
chr16	66961308	+	NP_079198.2
chr16	66988704	+	XP_011521323.1
chr16	67029408	+	NP_001746.1
chr16	67110176	+	XP_047290668.1
chr16	67161786	+	NP_060848.2
chr16	67164812	+	NP_001529.2
chr16	67173869	+	XP_047290807.1
chr16	67192228	+	NP_001941.2
chr16	67199327	+	NP_078988.3
chr16	67227219	+	NP_054906.2
chr16	67249015	+	XP_047290477.1
chr16	67280045	+	XP_047289854.1
chr16	67326863	+	XP_011521508.1
chr16	67431249	+	NP_000187.3
chr16	67529823	+	XP_047290572.1
chr16	67610833	+	NP_006556.1
chr16	67645247	+	XP_011521177.2
chr16	67661039	+	XP_005256034.1
chr16	67666971	+	XP_005256009.1
chr16	67807080	+	XP_011521540.1
chr16	67842555	+	NP_065190.2
chr16	67865131	+	NP_001308968.1
chr16	67873262	+	NP_055144.3
chr16	67884904	+	NP_940845.1
chr16	67908750	+	NP_006733.1
chr16	68038024	+	NP_060273.1
chr16	68085682	+	NP_004546.1
chr16	68245427	+	XP_011521281.1
chr16	68274727	+	NP_001070253.1
chr16	68315980	+	XP_047290193.1
chr16	68533571	+	XP_016878441.1
chr16	68645380	+	NP_001304124.1
chr16	68737416	+	NP_004351.1
chr16	68843618	+	XP_011521629.1
chr16	69109396	+	XP_047290003.1
chr16	69133460	+	XP_047290773.1
chr16	69187167	+	NP_006741.1
chr16	69311512	+	NP_037377.1
chr16	69339830	+	NP_057185.1
chr16	69424684	+	NP_085056.2
chr16	69566302	+	NP_619727.2
chr16	69787011	+	NP_001257384.1
chr16	69951367	+	XP_047290021.1
chr16	70120493	+	XP_047290266.1
chr16	70174279	+	XP_047289948.1
chr16	70294846	+	NP_001350867.1
chr16	70346992	+	NP_060802.1
chr16	70463191	+	NP_659496.2
chr16	70526657	+	NP_036558.3
chr16	70646948	+	XP_047289605.1
chr16	71536678	+	NP_005760.1
chr16	71626230	+	NP_443090.4
chr16	71849741	+	NP_001131147.1
chr16	71894835	+	NP_001257905.1
chr16	72008765	+	NP_001352.2
chr16	72054653	+	NP_005134.1
chr16	72063256	+	NP_066275.3
chr16	72096158	+	XP_047290942.1
chr16	74296915	+	NP_002802.2
chr16	74376645	+	NP_001372666.1
chr16	74999672	+	XP_016879283.1
chr16	75132588	+	XP_011521223.1
chr16	75435302	+	XP_047290975.1
chr16	75566487	+	NP_009216.1
chr16	75647883	+	XP_047290172.1
chr16	76448947	+	NP_001309120.1
chr16	77191222	+	NP_001273569.1
chr16	77199452	+	NP_001123451.1
chr16	77722583	+	NP_001230589.1
chr16	77788683	+	NP_065978.1
chr16	78022627	+	NP_005743.5
chr16	78099779	+	NP_570607.1
chr16	80540765	+	NP_001291946.1
chr16	81011940	+	XP_016878945.1
chr16	81238909	+	XP_047290170.1
chr16	81315114	+	NP_071324.1
chr16	81517901	+	XP_005256236.5
chr16	81785990	+	NP_002652.2
chr16	82035425	+	XP_047290005.1
chr16	83808077	+	NP_001528.1
chr16	83899145	+	NP_036345.2
chr16	83957672	+	NP_892026.1
chr16	83968649	+	NP_061938.2
chr16	84145441	+	XP_011521159.1
chr16	84191231	+	NP_631913.3
chr16	84291973	+	XP_047290978.1
chr16	84294972	+	NP_067020.2
chr16	84368616	+	NP_001273456.2
chr16	84650868	+	XP_047290606.1
chr16	84700076	+	XP_047290832.1
chr16	84838496	+	XP_005256247.1
chr16	85067072	+	NP_001284695.1
chr16	85169525	+	XP_016878573.1
chr16	85556327	+	XP_005255921.1
chr16	85799868	+	XP_024305924.1
chr16	85902861	+	XP_047290008.1
chr16	86510570	+	NP_001442.2
chr16	86567336	+	NP_005242.1
chr16	86578724	+	NP_005241.1
chr16	87392428	+	NP_073729.1
chr16	87603147	+	NP_001258534.1
chr16	87975116	+	NP_001371860.1
chr16	88427471	+	XP_047290766.1
chr16	88451800	+	XP_011521216.1
chr16	88577124	+	XP_016878423.1
chr16	88638642	+	NP_037410.1
chr16	88706531	+	NP_001305436.1
chr16	88803832	+	NP_112190.2
chr16	88857151	+	NP_001305453.1
chr16	89100682	+	NP_001230208.1
chr16	89171832	+	NP_004924.1
chr16	89221128	+	NP_001188336.1
chr16	89247378	+	XP_047290996.1
chr16	89299432	+	XP_047290986.1
chr16	89508418	+	NP_955399.1
chr16	89560960	+	NP_001230060.1
chr16	89575898	+	XP_047289864.1
chr16	89630411	+	NP_001121613.1
chr16	89657802	+	NP_694570.1
chr16	89686711	+	XP_011521719.1
chr16	89721641	+	XP_047290861.1
chr16	89828551	+	NP_115827.1
chr16	89873668	+	NP_055787.1
chr16	89914101	+	XP_047290988.1
chr16	89923402	+	NP_006077.2
chr16	89948797	+	XP_011521461.1
chr16	90022722	+	NP_001472.1
chr16	53476	-	NP_057394.3
chr16	71526	-	XP_016879045.1
chr16	138150	-	NP_001034565.1
chr16	229279	-	XP_016878927.1
chr16	275849	-	NP_001273415.1
chr16	352369	-	XP_016879235.1
chr16	369931	-	NP_006419.2
chr16	381701	-	XP_047290369.1
chr16	636094	-	NP_001035255.1
chr16	689160	-	NP_001310849.2
chr16	696773	-	NP_699181.2
chr16	726308	-	NP_001364962.1
chr16	740920	-	NP_001291728.1
chr16	787604	-	NP_001311339.1
chr16	798980	-	NP_057625.1
chr16	970788	-	NP_001338949.1
chr16	1094715	-	NP_997302.2
chr16	1225207	-	NP_036599.4
chr16	1229891	-	NP_077078.5
chr16	1351693	-	NP_001001410.1
chr16	1414615	-	NP_001263343.1
chr16	1420692	-	NP_001258980.1
chr16	1444316	-	NP_001137452.1
chr16	1474834	-	XP_011520656.1
chr16	1488769	-	NP_001013680.1
chr16	1607120	-	XP_006721055.1
chr16	1771489	-	NP_002504.2
chr16	1772799	-	NP_076425.1
chr16	1781647	-	XP_005255730.1
chr16	1793637	-	NP_004961.1
chr16	1826712	-	NP_001035517.1
chr16	1868107	-	NP_689977.2
chr16	1920790	-	XP_047290443.1
chr16	1954614	-	XP_011520873.1
chr16	2047709	-	XP_047290127.1
chr16	2135475	-	XP_005255427.1
chr16	2196339	-	XP_024306129.1
chr16	2210783	-	XP_047289915.1
chr16	2214138	-	NP_001035830.1
chr16	2251515	-	NP_001171500.1
chr16	2268055	-	NP_001273556.1
chr16	2326413	-	NP_001080.2
chr16	2530330	-	NP_001041677.1
chr16	2720115	-	NP_001305324.1
chr16	2777237	-	NP_996896.1
chr16	2786502	-	NP_001372393.1
chr16	2855574	-	XP_047290407.1
chr16	2979648	-	XP_011521037.1
chr16	3015359	-	NP_067018.2
chr16	3023847	-	XP_011520861.1
chr16	3035215	-	XP_011520693.1
chr16	3053807	-	XP_047290956.1
chr16	3092677	-	NP_001352202.1
chr16	3233506	-	NP_932353.1
chr16	3256311	-	NP_000234.1
chr16	3298965	-	NP_149985.2
chr16	3397192	-	NP_001271458.1
chr16	3443121	-	NP_689670.1
chr16	3496178	-	NP_001340313.1
chr16	3564859	-	NP_849172.2
chr16	3608430	-	XP_047290757.1
chr16	3717421	-	XP_011520647.1
chr16	3879832	-	XP_011520683.1
chr16	4113750	-	XP_011520655.1
chr16	4242007	-	NP_001310597.1
chr16	4272658	-	XP_011520937.1
chr16	4416459	-	NP_057153.8
chr16	4474093	-	XP_047290341.1
chr16	4514046	-	NP_001185985.1
chr16	4614678	-	NP_001317396.1
chr16	4733938	-	NP_001311059.1
chr16	4765565	-	XP_011520755.1
chr16	4791067	-	XP_011520681.1
chr16	4802527	-	XP_047290592.1
chr16	4847228	-	NP_001311025.2
chr16	4936984	-	XP_006720965.1
chr16	5033829	-	NP_057340.2
chr16	5065701	-	XP_005255200.2
chr16	5097644	-	XP_011520706.1
chr16	8589619	-	NP_001277027.1
chr16	8797612	-	NP_056236.2
chr16	8859171	-	XP_011520746.1
chr16	8963207	-	NP_001273387.1
chr16	10547540	-	NP_001415.1
chr16	10694310	-	NP_653275.1
chr16	10818485	-	NP_001305802.1
chr16	10941718	-	NP_054734.2
chr16	11254843	-	NP_003736.1
chr16	11268863	-	NP_005416.1
chr16	11273284	-	NP_067070.2
chr16	11276144	-	NP_001273287.1
chr16	11281127	-	NP_002752.1
chr16	11527109	-	XP_016879435.1
chr16	11633533	-	XP_006721045.1
chr16	11742477	-	NP_001310954.1
chr16	11782287	-	XP_047289954.1
chr16	11851408	-	NP_056474.2
chr16	11915369	-	NP_001123479.1
chr16	11941983	-	XP_024306197.1
chr16	12803707	-	NP_001092925.1
chr16	14630107	-	NP_001127949.1
chr16	14694133	-	XP_047290713.1
chr16	14733251	-	XP_011521092.1
chr16	15055891	-	XP_011520657.1
chr16	15094145	-	NP_001287993.1
chr16	15380928	-	XP_047289416.1
chr16	15639090	-	XP_047290911.1
chr16	15837908	-	NP_002465.1
chr16	15888558	-	NP_001291429.1
chr16	16223399	-	NP_001338729.1
chr16	18332600	-	NP_001269440.1
chr16	18372723	-	NP_001391933.1
chr16	18433348	-	XP_006721059.1
chr16	18561876	-	NP_001004060.1
chr16	18788981	-	NP_001025180.1
chr16	18801431	-	NP_001300787.1
chr16	18925950	-	XP_011544072.1
chr16	19521704	-	NP_001310995.1
chr16	19717903	-	NP_001335463.1
chr16	19885203	-	NP_057319.1
chr16	20073490	-	NP_001305412.1
chr16	20326338	-	NP_001007243.2
chr16	20350650	-	XP_011544240.1
chr16	20399099	-	XP_011544068.1
chr16	20564669	-	NP_001397831.1
chr16	20690997	-	XP_006721081.1
chr16	20741509	-	NP_001291479.1
chr16	20806408	-	NP_542394.2
chr16	20862108	-	NP_775746.1
chr16	21150290	-	XP_016878919.1
chr16	21424979	-	NP_569731.2
chr16	21857259	-	XP_024306056.1
chr16	22001017	-	XP_047289844.1
chr16	22349701	-	XP_024305911.1
chr16	23148638	-	XP_016878988.1
chr16	23452826	-	XP_016879359.1
chr16	23521793	-	XP_047289758.1
chr16	23557205	-	XP_011544040.1
chr16	23596123	-	XP_011544158.2
chr16	23641110	-	NP_001394241.1
chr16	23713095	-	XP_047289462.1
chr16	25015209	-	XP_047290276.1
chr16	25256729	-	XP_016878689.1
chr16	27257435	-	XP_047289728.1
chr16	27549670	-	XP_047289992.1
chr16	27884486	-	NP_653276.1
chr16	28211366	-	NP_001257869.1
chr16	28362703	-	XP_016879120.1
chr16	28403518	-	XP_016879110.1
chr16	28470373	-	NP_001382959.1
chr16	28491714	-	NP_001273038.1
chr16	28506781	-	NP_663634.2
chr16	28538796	-	NP_036517.1
chr16	28595783	-	NP_001387191.1
chr16	28623131	-	XP_047290503.1
chr16	28846218	-	NP_001352289.1
chr16	28925103	-	NP_079092.2
chr16	29132337	-	XP_047290966.1
chr16	29403683	-	XP_047290534.1
chr16	29454191	-	NP_001307556.1
chr16	29505473	-	NP_001382861.1
chr16	29745697	-	XP_047289935.1
chr16	29862815	-	NP_001273515.1
chr16	29898941	-	NP_001230262.1
chr16	29925790	-	NP_849194.1
chr16	29995541	-	NP_003600.2
chr16	30009961	-	XP_047290763.1
chr16	30036368	-	XP_024306234.1
chr16	30091076	-	NP_004599.2
chr16	30095252	-	NP_001138996.1
chr16	30113340	-	NP_077283.2
chr16	30123040	-	NP_001103361.1
chr16	30193533	-	NP_001034271.2
chr16	30245454	-	XP_047290371.1
chr16	30354604	-	NP_006101.1
chr16	30369228	-	XP_011544091.1
chr16	30382525	-	NP_443070.6
chr16	30429880	-	NP_077001.1
chr16	30444381	-	NP_036380.2
chr16	30526742	-	XP_016879155.1
chr16	30534451	-	NP_001291948.1
chr16	30557987	-	NP_001166150.1
chr16	30572122	-	XP_005255197.1
chr16	30585407	-	XP_011544055.1
chr16	30609837	-	NP_612456.1
chr16	30761545	-	XP_016879345.1
chr16	30784410	-	NP_001073886.1
chr16	30893853	-	NP_001273455.1
chr16	31010367	-	XP_016878382.1
chr16	31064572	-	NP_078982.3
chr16	31088752	-	XP_011544121.1
chr16	31094884	-	NP_076869.1
chr16	31135414	-	NP_002764.1
chr16	31149999	-	NP_001245219.1
chr16	31202417	-	NP_660183.1
chr16	31216759	-	NP_690865.1
chr16	31428253	-	NP_005196.1
chr16	31435803	-	NP_001129981.1
chr16	31508074	-	NP_073581.2
chr16	32278753	-	XP_035717027.1
chr16	32675736	-	NP_057296.1
chr16	33385983	-	XP_011544345.1
chr16	34267998	-	XP_047290997.1
chr16	34380784	-	XP_047290998.1
chr16	34387965	-	XP_016879450.1
chr16	34388921	-	XP_016879449.1
chr16	46621257	-	NP_001311247.1
chr16	46689131	-	XP_005256102.1
chr16	46747717	-	NP_001295230.1
chr16	46831084	-	NP_001335589.1
chr16	46973495	-	NP_005871.1
chr16	47143579	-	XP_016879229.1
chr16	48146306	-	NP_001380727.1
chr16	48231823	-	XP_011521700.1
chr16	48365387	-	XP_006721309.1
chr16	48609775	-	XP_011521784.1
chr16	49281202	-	NP_004343.1
chr16	49635660	-	NP_001317462.1
chr16	50368726	-	XP_011521352.1
chr16	50677397	-	NP_001138444.1
chr16	51135176	-	XP_016879452.1
chr16	51151166	-	NP_001121364.1
chr16	52546637	-	XP_011521304.1
chr16	53044000	-	NP_001382949.1
chr16	53500218	-	XP_016879055.1
chr16	53700639	-	XP_016878588.1
chr16	54285784	-	NP_077312.2
chr16	55833004	-	NP_001257.4
chr16	55955844	-	NP_659461.1
chr16	56425073	-	NP_001310440.1
chr16	56451087	-	NP_008937.1
chr16	56519746	-	NP_001364385.1
chr16	56667966	-	NP_005941.1
chr16	57181554	-	NP_001341007.1
chr16	57284406	-	NP_057077.1
chr16	57440772	-	NP_001295276.1
chr16	57479442	-	NP_001381586.1
chr16	57528593	-	XP_011521771.1
chr16	57862729	-	XP_011521380.1
chr16	57967128	-	NP_001273059.1
chr16	57996517	-	NP_001371294.1
chr16	58129032	-	NP_037374.1
chr16	58197633	-	XP_016878434.1
chr16	58293732	-	XP_047289735.1
chr16	58599236	-	NP_001252541.1
chr16	58679857	-	NP_001356539.1
chr16	58734140	-	NP_001273149.1
chr16	65004642	-	XP_047289442.1
chr16	66484544	-	XP_047290972.1
chr16	66550253	-	NP_001258979.1
chr16	66696427	-	XP_016878443.1
chr16	66751485	-	NP_001310884.1
chr16	66796768	-	XP_047289906.1
chr16	66830847	-	XP_047290791.1
chr16	66918021	-	XP_005255827.1
chr16	66924810	-	NP_004156.1
chr16	66934223	-	NP_057146.1
chr16	67149277	-	NP_171608.2
chr16	67156510	-	NP_003780.1
chr16	67180041	-	NP_001356615.1
chr16	67189631	-	NP_848611.2
chr16	67247210	-	XP_047289959.1
chr16	67326705	-	NP_001094385.1
chr16	67390924	-	NP_057048.2
chr16	67407767	-	XP_024306014.1
chr16	67480957	-	NP_004682.2
chr16	67483269	-	NP_001129.1
chr16	67660122	-	NP_075065.3
chr16	67666358	-	XP_024306237.1
chr16	67685457	-	XP_006721351.1
chr16	67806302	-	XP_006721301.1
chr16	67833750	-	XP_016879206.1
chr16	67931801	-	NP_001898.1
chr16	67936694	-	NP_002792.1
chr16	67943948	-	NP_000220.1
chr16	67968439	-	NP_001139435.1
chr16	67980094	-	NP_001123230.2
chr16	68000448	-	XP_016879036.1
chr16	68015704	-	NP_001269371.1
chr16	68021580	-	NP_060850.2
chr16	68235848	-	XP_006721336.1
chr16	68310735	-	NP_115554.2
chr16	68370859	-	NP_061137.1
chr16	69121436	-	NP_001353535.1
chr16	69339176	-	NP_071736.1
chr16	69351541	-	NP_653277.2
chr16	69385593	-	XP_005256181.1
chr16	69726433	-	NP_001273066.1
chr16	69754848	-	NP_054781.1
chr16	70251082	-	NP_478126.1
chr16	70282620	-	NP_001596.2
chr16	70398192	-	NP_008858.1
chr16	70523373	-	NP_001352355.1
chr16	70685723	-	XP_047290849.1
chr16	70800797	-	NP_001338086.1
chr16	71283608	-	XP_016878933.1
chr16	71433014	-	NP_001354294.1
chr16	71456764	-	NP_001291423.1
chr16	71482082	-	NP_008892.2
chr16	71576181	-	NP_000344.1
chr16	71714512	-	NP_055835.2
chr16	71789279	-	NP_001119.3
chr16	71884594	-	XP_047290303.1
chr16	71999684	-	XP_024306028.1
chr16	72090618	-	NP_001311283.1
chr16	72171197	-	XP_047290691.1
chr16	72957427	-	NP_001158238.1
chr16	74421147	-	XP_047290130.1
chr16	74606657	-	NP_001139138.1
chr16	74660932	-	NP_001357468.1
chr16	74695298	-	XP_005255891.1
chr16	74774486	-	XP_011521621.1
chr16	74984964	-	XP_047290602.1
chr16	75116649	-	NP_919417.1
chr16	75433289	-	NP_006315.1
chr16	75464468	-	XP_016878430.1
chr16	75478641	-	NP_067628.1
chr16	75529149	-	NP_078809.2
chr16	75556071	-	NP_001070884.2
chr16	75620631	-	NP_001311379.1
chr16	75647578	-	NP_001365077.1
chr16	75676987	-	NP_001382791.1
chr16	75701394	-	NP_001338238.1
chr16	75726418	-	NP_001342542.1
chr16	77190222	-	XP_047290977.1
chr16	77434606	-	XP_047289629.1
chr16	79598785	-	XP_024306047.1
chr16	80804150	-	XP_024305919.1
chr16	81063746	-	XP_005255849.1
chr16	81096131	-	XP_047289856.1
chr16	82000791	-	XP_011521773.1
chr16	82170125	-	XP_011521110.1
chr16	84041969	-	XP_016878435.1
chr16	84101621	-	NP_003782.1
chr16	84131102	-	NP_001139523.1
chr16	84185480	-	NP_001230089.1
chr16	84236730	-	NP_758857.1
chr16	84497934	-	NP_065998.3
chr16	84617838	-	NP_066972.1
chr16	84990304	-	XP_047290314.1
chr16	85112333	-	NP_001353849.1
chr16	85688809	-	NP_057179.1
chr16	85735190	-	NP_996850.1
chr16	85799065	-	XP_016878356.1
chr16	86555169	-	XP_047290462.1
chr16	87317091	-	NP_001182053.1
chr16	87383405	-	NP_001269612.1
chr16	87491669	-	NP_055959.2
chr16	87765792	-	XP_047290213.1
chr16	87868885	-	NP_003477.4
chr16	87936309	-	NP_001354154.1
chr16	88089877	-	XP_047290983.1
chr16	88263091	-	XP_047290982.1
chr16	88650956	-	NP_000092.2
chr16	88663011	-	XP_011521391.1
chr16	88686331	-	NP_840101.1
chr16	88706212	-	NP_001165287.1
chr16	88784901	-	NP_001136336.2
chr16	88811820	-	NP_000476.1
chr16	88856758	-	NP_001310472.1
chr16	88866352	-	NP_001372638.1
chr16	88976657	-	NP_787127.1
chr16	89200478	-	NP_001371700.1
chr16	89418284	-	NP_001243112.1
chr16	89657582	-	NP_001076783.1
chr16	89700930	-	NP_689552.2
chr16	89720763	-	XP_047290893.1
chr16	89816537	-	NP_000126.2
chr16	90019311	-	NP_001275638.2
chr16	90075842	-	XP_016878373.1
chr17	137591	+	NP_001091079.1
chr17	732648	+	NP_001304936.1
chr17	782379	+	NP_060616.1
chr17	997143	+	NP_037469.2
chr17	1270564	+	NP_001157877.1
chr17	1280002	+	NP_758955.2
chr17	1716576	+	NP_001157145.1
chr17	1743069	+	XP_047292259.1
chr17	1766911	+	NP_002606.3
chr17	1830094	+	NP_002936.1
chr17	2030155	+	NP_001333503.1
chr17	2056310	+	NP_001091672.1
chr17	2315561	+	XP_006721628.1
chr17	2337689	+	XP_047293174.1
chr17	2613192	+	XP_016880192.1
chr17	2638289	+	XP_016880190.1
chr17	2853996	+	NP_001397978.1
chr17	3197519	+	NP_036484.1
chr17	3215621	+	NP_055380.2
chr17	3385930	+	NP_001382985.1
chr17	3420586	+	NP_036505.3
chr17	3476160	+	XP_016880150.1
chr17	3640207	+	XP_047291457.1
chr17	3669147	+	NP_001014764.1
chr17	3723936	+	NP_114171.2
chr17	4143756	+	NP_653212.1
chr17	4433968	+	XP_047291545.1
chr17	4499048	+	NP_001118230.1
chr17	4584606	+	NP_001108446.1
chr17	4710722	+	NP_001244258.1
chr17	4731490	+	NP_001291929.1
chr17	4739844	+	XP_016880707.2
chr17	4771923	+	NP_003954.2
chr17	4789012	+	NP_001362730.1
chr17	4796195	+	NP_001257410.1
chr17	4807773	+	XP_047292258.1
chr17	4833584	+	XP_047292135.1
chr17	4899763	+	NP_001139008.1
chr17	4932605	+	NP_000164.5
chr17	4940910	+	NP_001362414.1
chr17	4950606	+	NP_001361453.1
chr17	5000247	+	XP_005256481.1
chr17	5091505	+	NP_694563.1
chr17	5130368	+	XP_011522361.1
chr17	5282487	+	NP_001278511.1
chr17	5420211	+	XP_047292884.1
chr17	5488863	+	NP_001245148.1
chr17	6080659	+	NP_001375340.1
chr17	6445111	+	XP_047292266.1
chr17	6641083	+	NP_116120.1
chr17	6651914	+	NP_001098990.1
chr17	6756079	+	NP_001340064.1
chr17	6779869	+	NP_694962.1
chr17	6996118	+	NP_000688.2
chr17	7012684	+	NP_001004333.3
chr17	7014858	+	NP_001136270.1
chr17	7023672	+	NP_862827.2
chr17	7036383	+	NP_963860.1
chr17	7217146	+	NP_001257376.1
chr17	7252503	+	XP_011522081.1
chr17	7309636	+	XP_047291480.1
chr17	7336735	+	XP_047293108.1
chr17	7355205	+	XP_016880057.1
chr17	7382927	+	XP_011522347.1
chr17	7408256	+	XP_047292420.1
chr17	7426283	+	XP_006721534.1
chr17	7481517	+	XP_047292489.1
chr17	7549154	+	NP_003800.1
chr17	7563077	+	NP_056485.2
chr17	7572842	+	NP_001407.1
chr17	7579678	+	NP_001242.2
chr17	7583863	+	NP_001317002.1
chr17	7630173	+	NP_001031.2
chr17	7651519	+	NP_001669.3
chr17	7688649	+	NP_001137462.1
chr17	7705599	+	NP_001397.1
chr17	7719735	+	NP_001290199.1
chr17	7845555	+	NP_001073893.1
chr17	7855075	+	XP_005256913.1
chr17	7858135	+	NP_653208.2
chr17	7884807	+	XP_005256488.1
chr17	7933080	+	XP_016879630.1
chr17	8003048	+	NP_000171.1
chr17	8039156	+	NP_001132.2
chr17	8253938	+	XP_047292254.1
chr17	8288789	+	NP_001171273.1
chr17	8312040	+	XP_011522036.1
chr17	8340052	+	NP_694552.2
chr17	8444150	+	XP_016880675.1
chr17	9576696	+	NP_659491.4
chr17	9826064	+	XP_011522379.1
chr17	10704927	+	NP_064618.3
chr17	11598499	+	XP_016879784.1
chr17	11886918	+	NP_004653.2
chr17	12020887	+	XP_011522278.1
chr17	12666189	+	NP_001139784.1
chr17	12789839	+	NP_001308096.1
chr17	14069606	+	NP_001294.2
chr17	14301519	+	NP_006032.1
chr17	15699771	+	NP_001275571.1
chr17	15735349	+	NP_848666.2
chr17	15940402	+	XP_047291329.1
chr17	15999849	+	XP_024306582.1
chr17	16217227	+	XP_011522382.1
chr17	16381908	+	NP_001268645.1
chr17	16417669	+	XP_047292176.1
chr17	16666813	+	XP_016880918.1
chr17	17042753	+	XP_011522066.1
chr17	17303551	+	XP_011522264.1
chr17	17477042	+	NP_060489.1
chr17	17792949	+	XP_047291107.1
chr17	17977599	+	XP_047292831.1
chr17	18039465	+	NP_001397986.1
chr17	18088024	+	XP_005256556.1
chr17	18118801	+	XP_024306548.1
chr17	18184244	+	NP_060228.3
chr17	18225683	+	XP_011522156.1
chr17	18261714	+	XP_016879679.1
chr17	18380938	+	XP_011522289.1
chr17	18476855	+	XP_011522297.1
chr17	18744245	+	XP_016879510.1
chr17	18781294	+	NP_001303853.1
chr17	18856370	+	NP_001340027.1
chr17	18952206	+	XP_016879680.2
chr17	19127620	+	XP_011522159.1
chr17	19283120	+	NP_055779.2
chr17	19378901	+	XP_047292363.1
chr17	19411409	+	XP_006721634.1
chr17	19533940	+	NP_060712.2
chr17	19648972	+	NP_001356066.1
chr17	20057815	+	NP_001373013.1
chr17	20579744	+	NP_001177719.1
chr17	20995908	+	XP_047293201.1
chr17	21126972	+	XP_047291678.1
chr17	21284921	+	XP_016880346.2
chr17	21415343	+	NP_066292.2
chr17	21699934	+	XP_005276976.1
chr17	27294396	+	NP_056441.6
chr17	27456644	+	XP_016880768.1
chr17	27631266	+	XP_011523098.1
chr17	28042874	+	NP_057315.3
chr17	28319240	+	NP_055388.2
chr17	28339522	+	XP_016880482.1
chr17	28357671	+	NP_689677.1
chr17	28372033	+	NP_055892.2
chr17	28473713	+	XP_011523756.1
chr17	28523970	+	XP_016880720.1
chr17	28673402	+	XP_047292563.1
chr17	28720006	+	NP_000975.2
chr17	28728814	+	NP_835464.1
chr17	28744113	+	XP_011523806.1
chr17	28855035	+	NP_005693.1
chr17	29043226	+	NP_057602.2
chr17	29246864	+	NP_005199.2
chr17	29451549	+	NP_065842.1
chr17	29568759	+	NP_612358.3
chr17	29593196	+	XP_011522623.2
chr17	29941797	+	XP_047291905.1
chr17	30116844	+	XP_011523647.1
chr17	30378981	+	NP_001295.2
chr17	30477434	+	NP_004862.1
chr17	30832348	+	XP_011523575.1
chr17	30922015	+	XP_024306602.1
chr17	30958954	+	XP_047292885.1
chr17	31488243	+	NP_001290471.2
chr17	31937247	+	XP_047291663.1
chr17	32021147	+	NP_443120.2
chr17	32142693	+	XP_011523275.2
chr17	32266190	+	XP_047291463.1
chr17	32350286	+	NP_001091977.1
chr17	32444524	+	NP_001257411.1
chr17	32487621	+	NP_003876.1
chr17	32895433	+	NP_001388269.1
chr17	32931529	+	NP_001288675.1
chr17	32991939	+	NP_776246.1
chr17	34255350	+	NP_002973.1
chr17	34270291	+	NP_006264.2
chr17	34285809	+	NP_002977.1
chr17	34319502	+	NP_005614.2
chr17	34356527	+	NP_005399.1
chr17	34581077	+	NP_001291367.1
chr17	34961567	+	NP_443089.3
chr17	34980575	+	XP_006721959.1
chr17	35121694	+	NP_060029.1
chr17	35148264	+	XP_016879723.1
chr17	35258691	+	NP_659412.3
chr17	35594031	+	XP_047291468.1
chr17	35733797	+	XP_047292999.1
chr17	35760942	+	NP_660315.2
chr17	35809570	+	NP_631961.1
chr17	36064343	+	NP_002979.1
chr17	36103906	+	NP_002975.1
chr17	36182610	+	XP_054184409.1
chr17	36211142	+	NP_001278399.1
chr17	36274226	+	XP_047293206.1
chr17	36325412	+	XP_047291042.1
chr17	36486700	+	NP_001268362.1
chr17	36537102	+	NP_848612.2
chr17	36545725	+	XP_005257746.1
chr17	36592010	+	NP_077284.2
chr17	36601811	+	XP_005257751.1
chr17	36938198	+	XP_047291922.1
chr17	36949126	+	XP_047291704.1
chr17	37376093	+	NP_001308328.1
chr17	37411366	+	NP_001278847.1
chr17	37512273	+	XP_011522536.1
chr17	37926000	+	XP_011522476.1
chr17	38005561	+	XP_016879499.1
chr17	38129496	+	XP_006722317.1
chr17	38297184	+	NP_115727.5
chr17	38352053	+	NP_055413.2
chr17	38419391	+	XP_006722054.1
chr17	38705633	+	NP_005928.2
chr17	38730359	+	NP_001129970.1
chr17	38752827	+	NP_002786.2
chr17	38870190	+	NP_006139.1
chr17	38925694	+	NP_001401626.1
chr17	39200345	+	NP_000972.1
chr17	39462072	+	NP_057591.2
chr17	39627393	+	XP_016880705.1
chr17	39653532	+	XP_047291124.1
chr17	39665360	+	NP_003664.1
chr17	39668476	+	NP_002677.1
chr17	39699560	+	XP_047291546.1
chr17	39738906	+	NP_001229371.2
chr17	39868355	+	XP_047291274.1
chr17	39941524	+	NP_001182474.1
chr17	39965688	+	NP_835465.2
chr17	39980971	+	NP_002800.2
chr17	40015475	+	NP_000750.1
chr17	40074489	+	NP_955366.1
chr17	40122613	+	NP_001352850.1
chr17	40140549	+	XP_047291579.1
chr17	40177056	+	NP_001290462.1
chr17	40256460	+	XP_005257140.1
chr17	40289421	+	XP_011523844.1
chr17	40331219	+	XP_011523397.1
chr17	40443736	+	NP_001543.2
chr17	41238052	+	NP_114169.2
chr17	41265378	+	NP_001264260.1
chr17	41275698	+	NP_001264261.1
chr17	41689039	+	NP_005792.1
chr17	41715437	+	NP_000796.1
chr17	41813035	+	XP_011523401.1
chr17	41837933	+	NP_001316524.1
chr17	41930724	+	NP_113609.1
chr17	41966885	+	NP_149124.3
chr17	42021578	+	XP_047291779.1
chr17	42122851	+	NP_149971.1
chr17	42289412	+	NP_001398032.1
chr17	42460895	+	XP_047292260.1
chr17	42536273	+	XP_024306539.1
chr17	42552934	+	NP_001317148.1
chr17	42562412	+	NP_001035997.2
chr17	42567125	+	NP_733752.1
chr17	42609738	+	NP_001061.2
chr17	42659504	+	NP_001307438.1
chr17	42682830	+	NP_003623.1
chr17	42761262	+	NP_005845.2
chr17	42773476	+	NP_115729.1
chr17	42780699	+	XP_016880451.1
chr17	42798818	+	XP_024306337.1
chr17	42833632	+	NP_789839.1
chr17	42844627	+	NP_033720.2
chr17	42851344	+	XP_047292939.1
chr17	42900877	+	NP_000142.2
chr17	42980577	+	XP_005257135.1
chr17	42998751	+	NP_001336850.1
chr17	43006948	+	NP_005524.2
chr17	43025348	+	NP_005431.1
chr17	43175800	+	NP_001278500.1
chr17	43213042	+	NP_001278515.1
chr17	43399733	+	NP_001652.2
chr17	43484038	+	NP_004932.1
chr17	43780463	+	NP_001129955.1
chr17	43847217	+	XP_011522686.1
chr17	44004664	+	NP_694551.1
chr17	44070966	+	NP_612396.1
chr17	44142143	+	XP_011523496.1
chr17	44170790	+	NP_543139.4
chr17	44187709	+	NP_001340106.1
chr17	44308833	+	XP_016879527.1
chr17	44349165	+	NP_002078.1
chr17	44557689	+	NP_001457.1
chr17	44656614	+	XP_047291758.1
chr17	44708821	+	XP_006722161.1
chr17	44759200	+	XP_005257430.1
chr17	44848153	+	XP_011523193.1
chr17	44900999	+	NP_001245326.1
chr17	44903830	+	NP_001245329.1
chr17	45061330	+	NP_066565.1
chr17	45136145	+	XP_016880589.1
chr17	45149191	+	NP_006451.1
chr17	45160922	+	XP_011522610.4
chr17	45222125	+	NP_005883.3
chr17	45784545	+	NP_001138618.1
chr17	45844907	+	NP_787078.2
chr17	45962338	+	NP_001364197.1
chr17	46248059	+	XP_047293161.1
chr17	46372855	+	XP_047292103.1
chr17	46590776	+	NP_006169.2
chr17	46833346	+	XP_011523480.1
chr17	46923193	+	NP_001012529.1
chr17	47209423	+	XP_047292087.1
chr17	47253862	+	NP_000203.2
chr17	47328354	+	NP_001182121.1
chr17	47522987	+	NP_001317186.1
chr17	47650245	+	NP_002256.2
chr17	47696113	+	XP_047293113.1
chr17	47733455	+	NP_037483.1
chr17	47831990	+	NP_219481.1
chr17	47896287	+	NP_003101.3
chr17	47941676	+	NP_060599.1
chr17	47970643	+	XP_011523599.1
chr17	48051119	+	NP_003195.1
chr17	48112044	+	XP_005257317.1
chr17	48723705	+	NP_001269205.1
chr17	48841708	+	NP_001248320.1
chr17	48893418	+	NP_005166.1
chr17	48908504	+	NP_075567.2
chr17	48997746	+	XP_047291095.1
chr17	49132793	+	NP_001152859.1
chr17	49210725	+	XP_005257486.1
chr17	49495418	+	NP_002498.1
chr17	49576220	+	NP_009156.2
chr17	49788835	+	NP_008998.1
chr17	49969469	+	NP_612138.1
chr17	50056440	+	XP_047291878.1
chr17	50095436	+	NP_001186829.1
chr17	50166041	+	NP_000014.1
chr17	50274502	+	NP_001161687.1
chr17	50346141	+	NP_071450.2
chr17	50375209	+	XP_047291427.1
chr17	50426262	+	XP_006722173.1
chr17	50478885	+	NP_060816.1
chr17	50507959	+	XP_047292864.1
chr17	50536557	+	NP_060427.2
chr17	50547209	+	NP_073738.2
chr17	50561460	+	NP_001243254.1
chr17	50634937	+	NP_001137542.1
chr17	50719733	+	NP_057508.2
chr17	50835938	+	NP_783165.1
chr17	51154374	+	NP_937818.1
chr17	51260585	+	XP_006721993.2
chr17	53823034	+	NP_115948.4
chr17	54900866	+	NP_001308102.1
chr17	54986220	+	NP_001385411.1
chr17	55265485	+	XP_005257326.1
chr17	55751104	+	XP_047292460.1
chr17	56350782	+	XP_047291458.1
chr17	56594224	+	NP_005441.1
chr17	56834470	+	XP_011523698.1
chr17	56978160	+	XP_047292465.1
chr17	57105465	+	NP_003479.1
chr17	57487233	+	XP_047291271.1
chr17	58087091	+	NP_542408.1
chr17	58155154	+	NP_001373024.1
chr17	58169656	+	NP_001004707.1
chr17	58192847	+	NP_000493.1
chr17	58242980	+	NP_006142.1
chr17	58692644	+	NP_002867.1
chr17	58955696	+	XP_047291586.1
chr17	59169753	+	XP_024306596.1
chr17	59210052	+	NP_060619.4
chr17	59220610	+	NP_001159466.1
chr17	59353410	+	NP_001005404.1
chr17	59565672	+	NP_078888.4
chr17	59620132	+	NP_001275582.1
chr17	59731447	+	NP_001316323.1
chr17	59893185	+	NP_001356608.1
chr17	60150035	+	XP_047292606.1
chr17	60421384	+	XP_005257090.1
chr17	60600415	+	NP_003611.1
chr17	61400177	+	NP_005985.3
chr17	61455130	+	XP_011523797.1
chr17	62370289	+	NP_001138405.1
chr17	62423903	+	NP_859076.3
chr17	62471063	+	XP_024306320.1
chr17	62627803	+	XP_011523845.1
chr17	63477095	+	NP_000780.1
chr17	63523414	+	XP_011523613.1
chr17	63550678	+	NP_005819.3
chr17	63601084	+	NP_057444.2
chr17	63622760	+	XP_047292043.1
chr17	63787050	+	XP_047291238.1
chr17	63827491	+	XP_047292379.1
chr17	63998365	+	NP_001177960.1
chr17	64449169	+	XP_024306476.2
chr17	64507098	+	XP_047292972.1
chr17	65137541	+	NP_001159405.1
chr17	66641454	+	XP_047292344.1
chr17	66877333	+	NP_665810.1
chr17	66964912	+	NP_055220.1
chr17	67044661	+	NP_000718.1
chr17	67532823	+	XP_047291702.1
chr17	67717948	+	NP_056277.2
chr17	67825725	+	XP_047291574.1
chr17	68037133	+	NP_002257.1
chr17	68247942	+	NP_001333414.1
chr17	68307494	+	XP_047291609.1
chr17	68515400	+	NP_001265362.1
chr17	69414985	+	NP_002749.2
chr17	70130964	+	XP_016880098.1
chr17	70175040	+	NP_000882.1
chr17	72121392	+	NP_000337.1
chr17	73169320	+	NP_001041.1
chr17	73193070	+	NP_061184.1
chr17	73235483	+	NP_001373912.1
chr17	74203956	+	NP_000990.1
chr17	74213588	+	NP_116035.5
chr17	74281818	+	NP_001340096.1
chr17	74326350	+	XP_047291273.1
chr17	74367506	+	NP_861455.1
chr17	74432256	+	XP_047292354.1
chr17	74466704	+	XP_005257047.1
chr17	74671587	+	NP_783865.1
chr17	74748847	+	NP_004243.1
chr17	74777331	+	XP_016880287.1
chr17	74924633	+	NP_835454.1
chr17	74935802	+	NP_839947.1
chr17	74988044	+	NP_055418.2
chr17	75012687	+	NP_001536.1
chr17	75047251	+	NP_056168.1
chr17	75090291	+	XP_047292989.1
chr17	75110289	+	NP_001291202.1
chr17	75205762	+	XP_024306719.2
chr17	75261901	+	NP_057055.2
chr17	75471906	+	XP_047293126.1
chr17	75516561	+	NP_997229.2
chr17	75543427	+	NP_001015002.1
chr17	75588058	+	XP_047292754.1
chr17	75633471	+	XP_016880433.1
chr17	75647377	+	NP_001156469.1
chr17	75667373	+	XP_047291828.1
chr17	75722428	+	XP_047291882.1
chr17	75784881	+	NP_001073888.2
chr17	75986193	+	NP_001106795.2
chr17	76001426	+	NP_001249.1
chr17	76073769	+	XP_047292940.1
chr17	76079265	+	NP_851321.2
chr17	76265506	+	NP_872371.1
chr17	76385106	+	NP_892010.2
chr17	76466173	+	NP_001160051.1
chr17	76540142	+	XP_016880503.1
chr17	76729706	+	NP_001365280.1
chr17	76738353	+	NP_001229463.1
chr17	76869030	+	XP_011522656.1
chr17	77143597	+	NP_001191339.2
chr17	77320327	+	NP_006631.2
chr17	78004207	+	NP_001382438.1
chr17	78131589	+	NP_689681.2
chr17	78145975	+	XP_016879486.2
chr17	78168617	+	NP_001350707.1
chr17	78187371	+	NP_001378928.1
chr17	78214317	+	NP_001012271.1
chr17	78231474	+	XP_047291718.1
chr17	78378666	+	XP_047293061.1
chr17	79025225	+	XP_006721727.1
chr17	79074945	+	XP_006722082.1
chr17	79731047	+	XP_011523039.2
chr17	79778236	+	NP_116036.1
chr17	80104587	+	XP_047291675.1
chr17	80181439	+	XP_047292679.1
chr17	80221561	+	XP_047291762.1
chr17	80263682	+	NP_066005.2
chr17	80415195	+	XP_016879999.1
chr17	80991919	+	XP_005257725.1
chr17	81004259	+	XP_047293210.1
chr17	81035255	+	NP_001372074.1
chr17	81181227	+	NP_001341568.1
chr17	81239364	+	NP_001340331.1
chr17	81399740	+	XP_047292423.1
chr17	81528532	+	XP_011522892.1
chr17	81642413	+	NP_114151.3
chr17	81666767	+	NP_954981.1
chr17	81684067	+	NP_004703.1
chr17	81703502	+	NP_002940.2
chr17	81712427	+	XP_047291387.1
chr17	81809019	+	XP_016879935.1
chr17	81894478	+	NP_001276343.1
chr17	81902278	+	NP_683694.1
chr17	81977647	+	NP_001238817.1
chr17	82023644	+	XP_047291520.1
chr17	82031762	+	NP_001303236.1
chr17	82051932	+	XP_005256407.1
chr17	82236009	+	XP_024306791.1
chr17	82362151	+	NP_997342.1
chr17	82374325	+	NP_061822.1
chr17	82419800	+	XP_047291742.1
chr17	82458804	+	NP_114174.1
chr17	82519889	+	XP_047291876.1
chr17	82716756	+	NP_078895.2
chr17	82735637	+	NP_071441.1
chr17	82752194	+	XP_016880477.1
chr17	83054944	+	XP_047293211.1
chr17	83079816	+	NP_001004431.1
chr17	181107	-	XP_011533665.1
chr17	327467	-	NP_001177342.1
chr17	714623	-	XP_047292305.1
chr17	752133	-	XP_005256727.1
chr17	782166	-	XP_047292152.1
chr17	979319	-	XP_047292488.1
chr17	1179667	-	NP_001243776.1
chr17	1228793	-	NP_001309771.1
chr17	1400047	-	NP_006752.1
chr17	1455877	-	NP_058431.2
chr17	1492413	-	NP_203693.3
chr17	1516456	-	XP_047292250.1
chr17	1562541	-	XP_047292255.1
chr17	1629605	-	NP_001271428.1
chr17	1645597	-	NP_003684.2
chr17	1649577	-	NP_113618.2
chr17	1684472	-	XP_024306305.1
chr17	1710067	-	NP_001157879.1
chr17	1827861	-	XP_047291247.1
chr17	2024853	-	NP_848663.1
chr17	2303633	-	XP_047291656.1
chr17	2336331	-	NP_060598.3
chr17	2400640	-	XP_016880143.1
chr17	2502204	-	XP_047292654.1
chr17	2711562	-	NP_001353591.1
chr17	2735016	-	NP_001342502.1
chr17	3062669	-	NP_055381.1
chr17	3092058	-	NP_001373017.1
chr17	3126610	-	NP_003546.1
chr17	3279076	-	NP_002542.4
chr17	3291635	-	NP_002541.2
chr17	3397466	-	NP_003544.2
chr17	3432870	-	NP_003545.1
chr17	3469283	-	NP_001308265.1
chr17	3554732	-	NP_659505.1
chr17	3592067	-	NP_542435.2
chr17	3636052	-	NP_037408.2
chr17	3668488	-	NP_001191627.1
chr17	3695869	-	NP_778255.1
chr17	3801111	-	XP_011522130.2
chr17	3846041	-	NP_001385423.1
chr17	3890693	-	NP_115670.1
chr17	3916089	-	XP_047292115.1
chr17	3964174	-	XP_047292107.1
chr17	4142542	-	NP_055928.3
chr17	4263932	-	XP_047292181.1
chr17	4366271	-	NP_003333.1
chr17	4555127	-	NP_001099008.1
chr17	4560382	-	XP_024306340.2
chr17	4641517	-	NP_001131.3
chr17	4703863	-	NP_001265170.1
chr17	4739261	-	NP_001373738.1
chr17	4786158	-	NP_872372.1
chr17	4802247	-	NP_001382152.1
chr17	4904944	-	NP_000071.1
chr17	4939849	-	NP_001158890.1
chr17	4948263	-	NP_005013.1
chr17	4967720	-	NP_004881.2
chr17	4987593	-	NP_001164638.1
chr17	4994394	-	NP_001381720.1
chr17	5034477	-	XP_047292295.1
chr17	5111800	-	XP_047292627.1
chr17	5181833	-	NP_115919.1
chr17	5234735	-	NP_001258771.1
chr17	5419354	-	XP_047292111.1
chr17	5438842	-	NP_001203.1
chr17	5468571	-	XP_016880366.1
chr17	5486384	-	XP_047292142.1
chr17	5500031	-	XP_047293188.1
chr17	5500597	-	NP_001155843.1
chr17	5583687	-	NP_001028225.1
chr17	6435009	-	NP_001272331.1
chr17	6556385	-	NP_001159438.1
chr17	6635011	-	XP_047293149.1
chr17	6636780	-	NP_001382937.1
chr17	6651501	-	NP_057144.1
chr17	6713232	-	NP_001271439.1
chr17	6830187	-	NP_444515.1
chr17	7043312	-	NP_001357478.1
chr17	7078746	-	NP_001316999.1
chr17	7114947	-	XP_047292046.1
chr17	7178494	-	NP_001184145.1
chr17	7218831	-	NP_001308006.1
chr17	7234069	-	XP_047291478.1
chr17	7239586	-	XP_024306710.1
chr17	7242241	-	NP_009209.1
chr17	7294230	-	XP_016880202.1
chr17	7465711	-	XP_047292437.1
chr17	7589144	-	NP_008873.1
chr17	7614452	-	NP_004851.2
chr17	7627570	-	NP_001307775.1
chr17	7676521	-	NP_001263626.1
chr17	7845454	-	XP_047293221.1
chr17	7866491	-	NP_115732.2
chr17	7915679	-	NP_001345628.1
chr17	7929194	-	XP_011522370.1
chr17	7931731	-	NP_001160093.1
chr17	8087296	-	NP_001130.1
chr17	8118696	-	NP_067641.2
chr17	8125512	-	XP_047292896.1
chr17	8150432	-	NP_002607.2
chr17	8162878	-	NP_001317054.1
chr17	8176200	-	NP_001338209.1
chr17	8189067	-	NP_060092.2
chr17	8210177	-	XP_016880800.1
chr17	8248004	-	XP_047292763.1
chr17	8294433	-	NP_001307800.1
chr17	8371309	-	NP_001291876.1
chr17	8382143	-	NP_000978.1
chr17	8392799	-	NP_001140156.1
chr17	8622902	-	NP_001362195.1
chr17	8744527	-	NP_001151733.1
chr17	8758274	-	NP_001121548.1
chr17	8797360	-	NP_689812.3
chr17	8849782	-	XP_011521988.1
chr17	8911392	-	NP_001238781.1
chr17	9791131	-	NP_001099041.1
chr17	9821762	-	NP_001297148.1
chr17	9904800	-	NP_002894.1
chr17	10052231	-	NP_003635.2
chr17	10364327	-	NP_003793.2
chr17	10420018	-	NP_002463.2
chr17	10466542	-	XP_016880165.1
chr17	10516439	-	XP_016880164.1
chr17	10547717	-	NP_060004.3
chr17	10654861	-	XP_011522172.1
chr17	10697235	-	NP_004580.1
chr17	10729780	-	NP_001346576.1
chr17	10803724	-	NP_001375357.1
chr17	10825232	-	NP_001094857.1
chr17	11992443	-	XP_024306679.1
chr17	13017703	-	XP_024306629.1
chr17	13600531	-	XP_011522416.1
chr17	14236696	-	NP_001007531.1
chr17	15260650	-	NP_001268385.1
chr17	15331007	-	XP_016880443.1
chr17	15563437	-	NP_001191406.1
chr17	15619008	-	NP_001269469.1
chr17	15683036	-	NP_001335053.1
chr17	15999519	-	XP_047291322.1
chr17	16194462	-	NP_006302.2
chr17	16353027	-	NP_859067.2
chr17	16491745	-	XP_047291917.1
chr17	16568952	-	NP_001333100.1
chr17	16649658	-	XP_047292417.1
chr17	16972015	-	NP_036584.1
chr17	17205864	-	XP_016879799.3
chr17	17227889	-	XP_047291492.1
chr17	17281132	-	NP_001303283.1
chr17	17495896	-	NP_057168.1
chr17	17591597	-	XP_016879505.1
chr17	17836727	-	XP_047292537.1
chr17	17972262	-	NP_001275718.1
chr17	18038881	-	XP_016880792.1
chr17	18258628	-	XP_005256615.1
chr17	18314599	-	XP_047292590.1
chr17	18355886	-	XP_011522294.1
chr17	18641828	-	XP_016879911.1
chr17	18681615	-	NP_001355064.1
chr17	19003520	-	XP_016880442.1
chr17	19046849	-	XP_047291111.1
chr17	19362507	-	NP_001308148.1
chr17	19387150	-	NP_001185624.1
chr17	19716433	-	XP_016879711.1
chr17	19744968	-	XP_047291551.1
chr17	19867328	-	XP_047293103.1
chr17	19977592	-	NP_001317081.1
chr17	20467432	-	NP_001036150.1
chr17	21042665	-	XP_005256632.1
chr17	21214091	-	NP_003867.1
chr17	21253159	-	NP_690878.2
chr17	27798700	-	NP_000616.3
chr17	27889096	-	NP_001070148.1
chr17	28332146	-	NP_001254706.1
chr17	28357288	-	NP_001277074.1
chr17	28365121	-	NP_001074306.3
chr17	28370140	-	NP_000629.3
chr17	28405887	-	XP_047291236.1
chr17	28552338	-	NP_001317095.1
chr17	28571463	-	NP_149975.1
chr17	28575421	-	NP_005156.1
chr17	28598896	-	NP_006452.3
chr17	28614087	-	NP_001167574.1
chr17	28644989	-	NP_001350757.1
chr17	28661726	-	XP_047292472.1
chr17	28711570	-	XP_047291433.1
chr17	28718122	-	NP_001136097.2
chr17	28726756	-	XP_006721734.1
chr17	28766586	-	NP_001275569.1
chr17	28897526	-	XP_024306435.1
chr17	28902818	-	NP_653284.2
chr17	28950895	-	NP_001028733.1
chr17	29005815	-	XP_011522617.1
chr17	29165942	-	NP_001333697.1
chr17	29293783	-	XP_016880385.1
chr17	29566086	-	NP_937790.2
chr17	29589327	-	XP_047291814.1
chr17	29622688	-	NP_001338230.1
chr17	29761150	-	XP_005258117.1
chr17	30221616	-	NP_001036.1
chr17	30291807	-	NP_000377.1
chr17	30332052	-	XP_011523089.1
chr17	30824523	-	NP_057070.3
chr17	30906168	-	XP_006722147.1
chr17	31859101	-	NP_001317105.1
chr17	31901536	-	XP_047292346.1
chr17	32007376	-	XP_047293204.1
chr17	32342000	-	XP_016880430.1
chr17	32876778	-	NP_001290209.1
chr17	34363086	-	NP_002972.1
chr17	34961257	-	NP_001180459.1
chr17	35026374	-	NP_001017368.1
chr17	35119532	-	NP_002869.3
chr17	35142258	-	XP_016880266.1
chr17	35193291	-	NP_689675.1
chr17	35244111	-	XP_047293218.1
chr17	35362739	-	NP_001374089.1
chr17	35421990	-	NP_001275938.1
chr17	35444615	-	XP_047291420.1
chr17	35522279	-	NP_001182719.2
chr17	35557003	-	XP_016880067.1
chr17	35577896	-	NP_000277.1
chr17	35752466	-	NP_644814.1
chr17	35795267	-	XP_011523533.1
chr17	35868655	-	XP_006721865.1
chr17	35880230	-	NP_001265665.1
chr17	35930632	-	NP_001156596.1
chr17	35939218	-	NP_001186880.1
chr17	35981345	-	NP_004581.1
chr17	35986571	-	NP_116739.1
chr17	36001417	-	NP_116741.2
chr17	36017822	-	NP_665905.2
chr17	36089986	-	NP_002974.1
chr17	36174979	-	NP_001001417.6
chr17	36196598	-	NP_001001437.2
chr17	36262914	-	XP_006722289.1
chr17	36386824	-	XP_006722119.1
chr17	36437910	-	NP_115634.3
chr17	36532527	-	XP_047292800.1
chr17	37284838	-	XP_047291848.1
chr17	37609279	-	XP_016879570.1
chr17	37643334	-	XP_011522535.1
chr17	37744541	-	NP_001291215.1
chr17	37987449	-	NP_001278388.1
chr17	38066995	-	XP_047292038.1
chr17	38190958	-	NP_001116863.3
chr17	38342996	-	NP_001004334.3
chr17	38605684	-	XP_016880658.1
chr17	38673356	-	NP_001124149.1
chr17	38740291	-	XP_047292616.1
chr17	38799266	-	XP_047292846.1
chr17	38825166	-	NP_060218.1
chr17	38841183	-	NP_001073934.1
chr17	38853698	-	NP_000969.1
chr17	38962845	-	XP_011523168.1
chr17	39151362	-	XP_047292387.1
chr17	39165715	-	NP_001137440.1
chr17	39197412	-	XP_047292631.1
chr17	39225413	-	NP_001338289.1
chr17	39402173	-	XP_047292908.1
chr17	39451038	-	XP_006722020.1
chr17	39605451	-	NP_006151.3
chr17	39687834	-	XP_047293038.1
chr17	39730407	-	NP_115715.3
chr17	39864120	-	NP_001271445.1
chr17	39917082	-	NP_001375352.1
chr17	39924030	-	XP_047293049.1
chr17	40053469	-	NP_001254726.1
chr17	40100064	-	NP_068370.1
chr17	40362931	-	NP_689343.3
chr17	40417771	-	XP_005257689.1
chr17	40495987	-	XP_005257801.1
chr17	40565400	-	NP_001288643.1
chr17	40645796	-	NP_003070.3
chr17	40665004	-	NP_689562.1
chr17	40703079	-	NP_061889.2
chr17	40755474	-	NP_853512.1
chr17	40771673	-	NP_853517.2
chr17	40782050	-	NP_853515.2
chr17	40799444	-	NP_853513.2
chr17	40821959	-	NP_001366295.1
chr17	40866620	-	NP_000214.1
chr17	40884796	-	NP_061883.1
chr17	40936208	-	XP_005257257.1
chr17	40966389	-	NP_998821.3
chr17	40983827	-	NP_872303.2
chr17	40993801	-	NP_149441.1
chr17	40999557	-	NP_114165.1
chr17	41008778	-	NP_114164.1
chr17	41026631	-	NP_114163.1
chr17	41029713	-	NP_001244234.1
chr17	41034318	-	NP_112228.1
chr17	41040864	-	NP_112229.1
chr17	41046881	-	NP_001116859.1
chr17	41184414	-	NP_001373770.1
chr17	41347639	-	XP_011523088.1
chr17	41383604	-	XP_011523095.1
chr17	41440430	-	NP_006762.3
chr17	41466858	-	NP_002269.3
chr17	41480627	-	NP_002271.3
chr17	41489406	-	NP_003762.1
chr17	41505056	-	NP_705694.3
chr17	41518330	-	NP_002266.3
chr17	41527828	-	NP_002267.2
chr17	41571351	-	NP_000217.2
chr17	41586310	-	NP_000517.3
chr17	41612158	-	NP_005548.2
chr17	41624078	-	NP_000413.1
chr17	41734166	-	NP_001354391.1
chr17	41772547	-	NP_001339703.1
chr17	41811454	-	XP_006721703.2
chr17	41836182	-	XP_047291254.1
chr17	41864826	-	NP_060613.1
chr17	41918880	-	XP_005257452.1
chr17	42017340	-	XP_011523469.1
chr17	42062880	-	NP_001378947.1
chr17	42111725	-	NP_077024.2
chr17	42120966	-	XP_006721881.1
chr17	42131607	-	NP_004574.2
chr17	42180870	-	NP_036417.1
chr17	42185345	-	NP_001515.1
chr17	42193317	-	NP_115873.1
chr17	42232000	-	XP_047292549.1
chr17	42348389	-	XP_047292542.1
chr17	42422627	-	NP_036364.2
chr17	42577653	-	NP_001242945.1
chr17	42609086	-	XP_047291459.1
chr17	42676402	-	XP_016880605.1
chr17	42681800	-	NP_057686.2
chr17	42745011	-	XP_047291550.1
chr17	42798468	-	NP_001035521.1
chr17	42823748	-	XP_005257816.1
chr17	42980046	-	NP_001248363.1
chr17	43021936	-	NP_006364.2
chr17	43124017	-	NP_001394896.1
chr17	43228450	-	NP_001350183.1
chr17	43545558	-	XP_047291549.1
chr17	43661066	-	NP_001035091.1
chr17	43758522	-	NP_079513.1
chr17	43778800	-	NP_004081.1
chr17	43831882	-	XP_016880145.1
chr17	43909542	-	XP_047292052.1
chr17	43944011	-	NP_002713.1
chr17	43953296	-	NP_004151.4
chr17	44014816	-	NP_001291742.1
chr17	44066504	-	NP_001358374.1
chr17	44117494	-	XP_047291012.1
chr17	44198020	-	NP_001369238.1
chr17	44218172	-	NP_001070151.1
chr17	44262852	-	XP_005257650.1
chr17	44323478	-	NP_001353655.1
chr17	44363597	-	XP_016879979.1
chr17	44389286	-	XP_011523051.2
chr17	44503326	-	NP_001291871.1
chr17	44689550	-	NP_653210.2
chr17	44804627	-	XP_024306294.1
chr17	44894417	-	NP_001136077.1
chr17	44915026	-	NP_002046.1
chr17	44947221	-	NP_001252506.1
chr17	44967452	-	NP_006679.1
chr17	45034774	-	NP_001275583.1
chr17	45132248	-	NP_588614.1
chr17	45262004	-	XP_047291278.1
chr17	45290490	-	NP_003945.2
chr17	45429623	-	NP_001372327.1
chr17	45487728	-	XP_011523830.1
chr17	46223671	-	XP_047291756.1
chr17	46358250	-	NP_001096624.1
chr17	46576175	-	XP_005257496.1
chr17	46818518	-	NP_110380.1
chr17	46978645	-	NP_981945.1
chr17	47189146	-	NP_001339980.1
chr17	47820204	-	XP_047291249.1
chr17	47831460	-	NP_683685.1
chr17	47840670	-	XP_016880775.1
chr17	47847299	-	XP_006722178.1
chr17	47952923	-	NP_077296.1
chr17	48037667	-	XP_011523176.1
chr17	48076865	-	NP_001120700.1
chr17	48199324	-	XP_016880747.1
chr17	48530328	-	NP_002135.2
chr17	48544521	-	XP_005257332.1
chr17	48564214	-	NP_001371676.1
chr17	48577863	-	NP_076920.1
chr17	48593121	-	NP_002138.1
chr17	48603715	-	NP_061825.2
chr17	48610519	-	NP_004493.3
chr17	48614281	-	NP_076921.1
chr17	48625753	-	NP_076922.1
chr17	48722318	-	NP_115767.1
chr17	48727993	-	NP_006352.2
chr17	48816970	-	NP_001353243.1
chr17	48944681	-	NP_001304123.1
chr17	48967147	-	NP_004114.1
chr17	49207339	-	NP_001185685.1
chr17	49226647	-	NP_001137276.1
chr17	49317366	-	NP_055712.1
chr17	49413177	-	NP_001268426.1
chr17	49622733	-	NP_001007230.1
chr17	49707730	-	XP_011522482.1
chr17	49763892	-	XP_047292814.1
chr17	49847913	-	NP_733786.2
chr17	49994674	-	NP_005211.1
chr17	50124917	-	XP_016879811.1
chr17	50149143	-	NP_115984.3
chr17	50201411	-	XP_005257116.2
chr17	50373131	-	NP_057588.1
chr17	50397213	-	NP_060979.2
chr17	50468040	-	NP_001258.2
chr17	50707521	-	NP_443087.1
chr17	50766923	-	NP_001345612.1
chr17	50862980	-	NP_001230806.1
chr17	50945050	-	XP_047293219.1
chr17	51120354	-	XP_005257831.1
chr17	51259835	-	XP_047292280.1
chr17	54968281	-	XP_016879685.1
chr17	55421670	-	NP_036461.2
chr17	55527715	-	NP_001382350.1
chr17	55720666	-	XP_047292298.1
chr17	56815756	-	NP_001078899.2
chr17	56913392	-	NP_005073.2
chr17	56960775	-	NP_004636.1
chr17	57744811	-	NP_001269473.1
chr17	57849967	-	NP_057154.2
chr17	57885229	-	XP_011523114.1
chr17	57988079	-	NP_001317322.1
chr17	58006944	-	XP_047292482.1
chr17	58219151	-	XP_047292289.1
chr17	58280605	-	NP_000241.1
chr17	58327588	-	NP_077729.1
chr17	58352067	-	NP_003159.1
chr17	58415326	-	NP_001292474.1
chr17	58487725	-	NP_001073908.2
chr17	58516580	-	NP_001364996.1
chr17	58542626	-	XP_024306576.1
chr17	58651866	-	NP_112562.3
chr17	58660577	-	NP_001382895.1
chr17	59106441	-	XP_047292066.1
chr17	59155131	-	NP_872426.1
chr17	59698871	-	XP_011523189.1
chr17	59890831	-	NP_001180542.1
chr17	59964608	-	NP_057209.3
chr17	60078696	-	NP_071353.4
chr17	60377094	-	XP_047292901.1
chr17	60525794	-	XP_047291074.1
chr17	61590533	-	NP_954984.1
chr17	61861447	-	XP_047292849.1
chr17	61927935	-	NP_001317346.2
chr17	62065140	-	XP_011523855.1
chr17	62801646	-	XP_005257163.2
chr17	63440192	-	NP_001017916.1
chr17	63699257	-	XP_005257762.1
chr17	63728358	-	NP_001003788.1
chr17	63765912	-	NP_064583.2
chr17	63826836	-	NP_060117.3
chr17	63842459	-	NP_001317368.1
chr17	63873605	-	NP_072171.1
chr17	63881792	-	NP_072052.1
chr17	63896502	-	NP_001308.1
chr17	63911187	-	NP_001309.3
chr17	63918767	-	NP_072054.1
chr17	63932195	-	NP_067613.1
chr17	63972569	-	NP_000325.4
chr17	64006631	-	NP_001093259.1
chr17	64129976	-	NP_001424.3
chr17	64212574	-	XP_016880335.1
chr17	64390602	-	XP_016880230.1
chr17	64496407	-	NP_009146.2
chr17	64506076	-	NP_001307526.1
chr17	64661829	-	XP_047292502.1
chr17	64918750	-	NP_955372.2
chr17	65056311	-	NP_001269354.1
chr17	65557806	-	XP_047292828.1
chr17	65826138	-	NP_001032402.1
chr17	66229316	-	NP_000033.2
chr17	67218595	-	XP_047293183.1
chr17	67366412	-	NP_001303270.1
chr17	67996123	-	NP_858041.2
chr17	68291393	-	NP_004685.2
chr17	68457342	-	XP_016880297.1
chr17	68600263	-	NP_001230675.1
chr17	68941939	-	NP_001362701.1
chr17	69062009	-	XP_016879504.1
chr17	69140608	-	NP_525023.2
chr17	69225325	-	NP_525021.3
chr17	69314314	-	NP_758424.1
chr17	73232086	-	NP_001276341.1
chr17	73261716	-	XP_011523417.1
chr17	73285430	-	NP_036253.2
chr17	74362102	-	NP_001073935.1
chr17	74531311	-	XP_005257084.1
chr17	74545722	-	XP_016879522.1
chr17	74567283	-	XP_011523871.1
chr17	74588511	-	XP_047291002.1
chr17	74623582	-	NP_852114.2
chr17	74712824	-	XP_047291373.1
chr17	74775622	-	XP_005257269.1
chr17	74854694	-	XP_047291823.1
chr17	74872866	-	NP_001244945.2
chr17	74893587	-	XP_047291715.1
chr17	74922910	-	NP_001269418.1
chr17	74972591	-	XP_005257283.1
chr17	75042529	-	NP_001003785.1
chr17	75131534	-	NP_001239306.1
chr17	75154342	-	NP_001002032.1
chr17	75182814	-	NP_001005849.1
chr17	75261548	-	NP_001166175.1
chr17	75270114	-	NP_001229430.1
chr17	75286633	-	NP_001119594.1
chr17	75393551	-	NP_987102.1
chr17	75513711	-	NP_001136115.1
chr17	75666428	-	XP_011523788.1
chr17	75764972	-	NP_001368914.1
chr17	75779047	-	NP_005315.1
chr17	75844221	-	NP_954712.1
chr17	75855239	-	XP_047291668.1
chr17	75877874	-	XP_005257844.1
chr17	75896524	-	XP_047291540.1
chr17	75904809	-	NP_115867.2
chr17	75938147	-	NP_001306122.1
chr17	75978965	-	XP_047292138.1
chr17	76027101	-	NP_001979.2
chr17	76072308	-	NP_001247432.1
chr17	76103633	-	XP_047291646.1
chr17	76139898	-	NP_001445.2
chr17	76240153	-	XP_047291244.1
chr17	76307465	-	XP_006722199.1
chr17	76353534	-	NP_001353165.1
chr17	76452725	-	XP_016880424.1
chr17	76481375	-	XP_011523553.1
chr17	76537400	-	NP_599030.1
chr17	76585684	-	NP_006447.2
chr17	76643508	-	XP_011523298.1
chr17	76710605	-	NP_001374205.1
chr17	76726347	-	NP_001074930.1
chr17	76736799	-	NP_003007.2
chr17	77561868	-	XP_047293220.1
chr17	78126777	-	XP_011522559.1
chr17	78186929	-	NP_001350777.1
chr17	78358418	-	NP_001365862.1
chr17	78574713	-	XP_024306781.1
chr17	78782202	-	XP_011523780.1
chr17	78836111	-	XP_011523373.1
chr17	78924959	-	NP_003246.1
chr17	78977140	-	NP_005558.1
chr17	78996992	-	NP_001153245.1
chr17	79115494	-	NP_001372736.1
chr17	79796930	-	NP_065700.1
chr17	79839183	-	XP_011523701.1
chr17	80013367	-	XP_024306350.1
chr17	80220226	-	NP_000190.1
chr17	80476003	-	NP_002513.2
chr17	80890260	-	XP_047293209.1
chr17	81165938	-	NP_004911.2
chr17	81219880	-	XP_047291621.1
chr17	81238986	-	XP_016879693.1
chr17	81294823	-	XP_011522592.1
chr17	81552166	-	XP_047292804.1
chr17	81636916	-	NP_060391.2
chr17	81653160	-	NP_001352653.1
chr17	81666518	-	NP_001291923.1
chr17	81683693	-	NP_001316537.1
chr17	81826380	-	XP_047291870.1
chr17	81860327	-	NP_000909.2
chr17	81869741	-	NP_001288171.1
chr17	81891323	-	NP_005773.3
chr17	81911267	-	NP_001243364.1
chr17	81918039	-	XP_047292184.1
chr17	81923150	-	XP_047292026.1
chr17	81937180	-	NP_722546.1
chr17	81940818	-	NP_001138585.2
chr17	81960587	-	NP_848588.3
chr17	82022826	-	XP_024306407.1
chr17	82037631	-	NP_057370.1
chr17	82051500	-	XP_011521889.1
chr17	82064823	-	XP_006722352.1
chr17	82096319	-	XP_011521840.1
chr17	82209072	-	NP_001354757.1
chr17	82273306	-	NP_001350678.1
chr17	82317414	-	NP_006128.1
chr17	82327147	-	XP_005256449.1
chr17	82418412	-	XP_047292715.1
chr17	82449170	-	NP_001093878.1
chr17	82648274	-	XP_047292369.1
chr17	82698455	-	XP_016879531.1
chr17	82831019	-	NP_078978.2
chr17	83051737	-	NP_001307672.1
chr18	158699	+	NP_005142.1
chr18	580409	+	NP_004057.1
chr18	607080	+	XP_011523953.1
chr18	657743	+	NP_001062.1
chr18	904443	+	XP_005258138.2
chr18	2572986	+	NP_006092.1
chr18	2656076	+	XP_047293385.1
chr18	2846550	+	XP_047293843.1
chr18	3252323	+	XP_047293226.1
chr18	3272899	+	NP_291024.1
chr18	3447740	+	NP_775299.1
chr18	6729768	+	XP_047293750.1
chr18	7231139	+	NP_001099051.1
chr18	8609440	+	NP_001020471.3
chr18	8705661	+	XP_024306892.2
chr18	9102744	+	NP_066552.2
chr18	9182433	+	XP_011523940.1
chr18	9337230	+	NP_065699.1
chr18	9513046	+	XP_047293234.1
chr18	9708406	+	NP_006859.2
chr18	9886175	+	NP_001091999.1
chr18	9914257	+	NP_003565.4
chr18	10454982	+	NP_694545.1
chr18	10526103	+	NP_003817.1
chr18	10604847	+	XP_047293937.1
chr18	11609596	+	NP_001269229.1
chr18	11689564	+	XP_006722387.1
chr18	11981670	+	NP_055029.1
chr18	12094018	+	NP_001264262.1
chr18	12254384	+	NP_001270.1
chr18	12308293	+	NP_001290453.1
chr18	12407976	+	NP_001135877.1
chr18	12703108	+	NP_064617.2
chr18	12948122	+	XP_011524046.1
chr18	12999425	+	XP_047293535.1
chr18	13612705	+	NP_001003674.1
chr18	13731518	+	XP_011524051.1
chr18	13825766	+	NP_005904.1
chr18	14748420	+	XP_024306935.1
chr18	21383519	+	XP_047293780.1
chr18	21612430	+	NP_008869.1
chr18	21741584	+	XP_016881364.1
chr18	22171145	+	NP_005248.2
chr18	22936852	+	XP_047293684.1
chr18	23135763	+	NP_001094089.1
chr18	23453440	+	XP_047293868.1
chr18	23503619	+	XP_047293444.1
chr18	23689684	+	NP_001289925.1
chr18	23816463	+	XP_016881232.1
chr18	24014872	+	NP_001230354.1
chr18	24143115	+	NP_036321.2
chr18	24426757	+	NP_060909.2
chr18	24460729	+	NP_067637.2
chr18	26133966	+	NP_653263.2
chr18	26226934	+	XP_005258396.1
chr18	31318301	+	NP_001933.2
chr18	31376912	+	NP_817123.1
chr18	31447878	+	NP_001935.2
chr18	31498252	+	NP_001934.2
chr18	31591903	+	NP_000362.1
chr18	32018864	+	XP_047293517.1
chr18	32092777	+	NP_057355.2
chr18	32190071	+	NP_005916.2
chr18	33578632	+	XP_005258413.1
chr18	34755977	+	XP_047293295.1
chr18	34978518	+	NP_001137299.1
chr18	35242471	+	XP_011524531.1
chr18	35654663	+	XP_047293422.1
chr18	35972729	+	XP_005258421.1
chr18	36129934	+	XP_047293566.1
chr18	36187540	+	NP_060417.4
chr18	37067166	+	NP_001340849.1
chr18	41955292	+	XP_047293507.1
chr18	44701347	+	NP_001123582.1
chr18	44949998	+	XP_047293437.1
chr18	45624665	+	NP_001358248.1
chr18	45727272	+	XP_047293715.1
chr18	45825729	+	NP_998767.1
chr18	46104412	+	NP_612452.1
chr18	46215881	+	XP_011524124.1
chr18	46334275	+	XP_016881277.1
chr18	46946217	+	XP_011524521.1
chr18	48662944	+	XP_011524580.1
chr18	49561686	+	XP_047293900.1
chr18	50375831	+	NP_001034624.1
chr18	50663959	+	XP_016881328.1
chr18	50895821	+	NP_002387.1
chr18	50974405	+	NP_061166.1
chr18	51047047	+	NP_001393972.1
chr18	54269547	+	NP_001338542.1
chr18	54360573	+	XP_047293266.1
chr18	54587848	+	XP_011524225.1
chr18	54877586	+	XP_016881402.1
chr18	56672516	+	XP_047293379.1
chr18	57147313	+	NP_001244893.1
chr18	57352847	+	NP_056963.2
chr18	57435717	+	XP_047293904.1
chr18	58255641	+	XP_005266715.3
chr18	58671644	+	XP_011524096.1
chr18	58896553	+	XP_047293540.1
chr18	59139949	+	NP_150596.1
chr18	59219269	+	XP_011524235.1
chr18	59900178	+	NP_001369552.1
chr18	61490554	+	NP_114097.2
chr18	62187506	+	XP_047293648.1
chr18	62325353	+	XP_011524546.1
chr18	62523425	+	NP_060212.4
chr18	63484429	+	NP_002630.2
chr18	63519167	+	XP_005266835.2
chr18	63588668	+	NP_001294852.1
chr18	63710194	+	NP_536723.2
chr18	63782373	+	NP_001035237.1
chr18	63891445	+	XP_024306960.1
chr18	63915511	+	XP_011524329.1
chr18	63953456	+	NP_001116838.1
chr18	63978309	+	NP_001027018.1
chr18	65762843	+	NP_001304143.1
chr18	69677769	+	XP_016881099.1
chr18	70324669	+	XP_016881576.1
chr18	74148809	+	NP_054896.2
chr18	74317866	+	NP_001167594.1
chr18	74499974	+	XP_047293580.1
chr18	74534668	+	NP_116038.4
chr18	74631020	+	XP_006722563.1
chr18	75211877	+	NP_001295139.1
chr18	76822608	+	XP_011524471.1
chr18	77250549	+	XP_016881180.1
chr18	78980275	+	NP_741996.2
chr18	79145025	+	XP_047293944.1
chr18	79193228	+	XP_011524276.1
chr18	79396225	+	NP_765978.1
chr18	79679402	+	XP_047293878.1
chr18	79863668	+	NP_036415.1
chr18	79964736	+	NP_001129652.1
chr18	80034496	+	NP_079081.2
chr18	80117543	+	NP_055728.1
chr18	49501	-	XP_024306915.1
chr18	267966	-	XP_011524076.1
chr18	500508	-	XP_011524043.1
chr18	663006	-	XP_047293567.1
chr18	712504	-	XP_047293577.1
chr18	756557	-	XP_047293726.1
chr18	2566821	-	XP_005258190.1
chr18	3010928	-	NP_055461.1
chr18	3221804	-	XP_047293866.1
chr18	3879112	-	XP_047293892.1
chr18	5197452	-	NP_001138666.1
chr18	5293244	-	NP_001230633.1
chr18	5489001	-	XP_047293340.1
chr18	5890198	-	NP_001073678.1
chr18	6311554	-	XP_016881566.1
chr18	7117660	-	NP_005550.2
chr18	9615019	-	NP_001369491.1
chr18	11896984	-	NP_001229833.1
chr18	12229962	-	XP_047293938.1
chr18	12376969	-	XP_011523903.1
chr18	12657530	-	NP_001381253.1
chr18	12702486	-	XP_047293764.1
chr18	12884073	-	XP_047293653.1
chr18	13681605	-	NP_689565.2
chr18	13884625	-	NP_001278840.1
chr18	14132275	-	NP_660330.2
chr18	14542626	-	NP_001131143.1
chr18	21110818	-	NP_005397.1
chr18	21573314	-	XP_011524101.1
chr18	21704504	-	XP_016881063.1
chr18	23437781	-	XP_047293852.1
chr18	23586287	-	XP_005258336.1
chr18	23662710	-	XP_011524134.1
chr18	24303637	-	XP_047293243.1
chr18	25350907	-	XP_016881186.1
chr18	26090501	-	XP_047293725.1
chr18	26546728	-	NP_945342.1
chr18	26865658	-	NP_001351216.1
chr18	26978656	-	XP_005258419.1
chr18	28036470	-	XP_011524090.1
chr18	31042592	-	NP_001932.2
chr18	31101903	-	NP_001393435.1
chr18	31162532	-	NP_077739.1
chr18	31724494	-	NP_001365039.1
chr18	31759768	-	NP_001029344.4
chr18	31942608	-	XP_005258292.1
chr18	32310193	-	XP_024307002.1
chr18	32769645	-	NP_065856.1
chr18	33412031	-	XP_011524256.1
chr18	34023440	-	NP_001371401.1
chr18	35290084	-	NP_001275640.1
chr18	35340231	-	NP_001362744.1
chr18	35373876	-	XP_016881178.1
chr18	35497719	-	XP_005258253.1
chr18	36067254	-	NP_001290341.1
chr18	36126219	-	NP_036451.4
chr18	36828683	-	XP_016881191.1
chr18	37321833	-	NP_001340690.1
chr18	37565356	-	NP_001340630.1
chr18	37772360	-	XP_047293940.1
chr18	43115417	-	NP_001259006.1
chr18	43277248	-	NP_065834.1
chr18	45967177	-	XP_047293666.1
chr18	46072156	-	NP_077748.3
chr18	46098172	-	NP_001001935.1
chr18	46656904	-	NP_001138944.1
chr18	46756378	-	NP_001294916.1
chr18	46920059	-	NP_001340965.1
chr18	47033003	-	NP_057511.2
chr18	47136339	-	NP_001305694.1
chr18	47176187	-	NP_057181.1
chr18	47248410	-	NP_001264992.1
chr18	47896521	-	NP_001129409.1
chr18	48185324	-	NP_001358216.1
chr18	48949812	-	NP_001177752.1
chr18	49430255	-	XP_006722555.1
chr18	49491626	-	NP_001186275.1
chr18	49813469	-	NP_006102.2
chr18	50266336	-	NP_659457.2
chr18	50281164	-	NP_001310882.1
chr18	50287587	-	XP_016881207.1
chr18	50819897	-	XP_047293839.1
chr18	51196567	-	NP_057710.3
chr18	53568164	-	XP_047293942.1
chr18	54224018	-	NP_003918.1
chr18	54354484	-	NP_001358030.1
chr18	54942675	-	XP_011524501.1
chr18	55403621	-	NP_001335144.1
chr18	56638343	-	NP_004777.1
chr18	57586554	-	NP_001358024.1
chr18	57621708	-	XP_005266757.1
chr18	57731627	-	XP_047293503.1
chr18	58611689	-	NP_443179.3
chr18	59272918	-	NP_038463.2
chr18	59318296	-	NP_857637.1
chr18	59359031	-	NP_005561.1
chr18	60371351	-	NP_005903.2
chr18	61815852	-	XP_005266709.1
chr18	62161133	-	XP_047293417.1
chr18	63318082	-	XP_047293689.1
chr18	63367011	-	NP_002026.1
chr18	63422233	-	XP_047293905.1
chr18	63643413	-	NP_778206.1
chr18	63661052	-	NP_008850.1
chr18	66572010	-	XP_011524233.1
chr18	67510970	-	NP_115536.2
chr18	68714936	-	NP_001337445.1
chr18	69961592	-	NP_001290548.1
chr18	70205628	-	XP_047293427.1
chr18	72541804	-	XP_006722457.1
chr18	72867264	-	NP_001340947.2
chr18	74147670	-	NP_689889.1
chr18	74291747	-	NP_001177736.1
chr18	74457062	-	XP_016881040.1
chr18	75208850	-	XP_024306934.1
chr18	75427435	-	NP_001032408.1
chr18	76055029	-	XP_011524590.1
chr18	76441245	-	XP_047293909.1
chr18	77105211	-	NP_001020263.1
chr18	79950724	-	XP_011524490.1
chr18	79988264	-	NP_001292493.1
chr18	80247277	-	NP_115899.1
chr19	110679	+	NP_001005240.1
chr19	496500	+	NP_570116.2
chr19	507507	+	NP_277048.2
chr19	531932	+	XP_005259747.1
chr19	544072	+	NP_005308.2
chr19	572635	+	NP_001719.2
chr19	589946	+	NP_001185.3
chr19	639926	+	NP_065688.1
chr19	676424	+	NP_005851.1
chr19	709147	+	NP_002570.2
chr19	756947	+	XP_011525987.1
chr19	797498	+	NP_002810.1
chr19	827847	+	NP_001691.1
chr19	841009	+	XP_011526438.1
chr19	852329	+	NP_001963.1
chr19	859690	+	NP_001304264.1
chr19	917503	+	XP_047295501.1
chr19	929529	+	XP_016881934.1
chr19	984354	+	NP_001359014.1
chr19	1000438	+	NP_619635.1
chr19	1026662	+	NP_001290430.1
chr19	1041362	+	XP_047294012.1
chr19	1066026	+	XP_047294501.1
chr19	1104044	+	NP_001034936.1
chr19	1206914	+	NP_001394184.1
chr19	1241851	+	NP_001678.1
chr19	1250297	+	NP_001375235.1
chr19	1270934	+	NP_001287758.1
chr19	1275550	+	NP_060384.3
chr19	1284382	+	XP_016881938.1
chr19	1356393	+	NP_001356725.1
chr19	1383927	+	XP_016882257.2
chr19	1407774	+	NP_733829.1
chr19	1438426	+	NP_001009.1
chr19	1446288	+	XP_005259532.1
chr19	1491270	+	NP_001316485.1
chr19	1526997	+	NP_001230008.1
chr19	1753663	+	NP_001073957.1
chr19	1912048	+	NP_612431.2
chr19	1915020	+	NP_524558.1
chr19	1969773	+	XP_047294142.1
chr19	2096946	+	NP_001034935.1
chr19	2164185	+	NP_001398070.1
chr19	2243419	+	NP_009096.2
chr19	2249333	+	NP_000470.3
chr19	2269599	+	NP_004143.1
chr19	2328710	+	NP_001070706.1
chr19	2389786	+	NP_001382442.1
chr19	2476359	+	NP_056490.2
chr19	2785663	+	XP_047295255.1
chr19	2820072	+	XP_011525969.1
chr19	2841573	+	NP_690004.4
chr19	2867422	+	NP_079243.1
chr19	2901046	+	NP_775751.1
chr19	2978234	+	XP_011526602.1
chr19	3094652	+	NP_002058.2
chr19	3136451	+	NP_002059.3
chr19	3178793	+	NP_003766.1
chr19	3186031	+	NP_064555.2
chr19	3224740	+	XP_006722895.1
chr19	3359683	+	NP_001231934.1
chr19	3521052	+	XP_016882352.1
chr19	3539178	+	NP_001129052.1
chr19	3573310	+	NP_006330.2
chr19	3585598	+	NP_001398073.1
chr19	3721180	+	XP_047294567.1
chr19	3762701	+	NP_758455.1
chr19	3885768	+	NP_149053.1
chr19	3933672	+	NP_001276046.1
chr19	4007761	+	NP_056981.2
chr19	4153748	+	NP_115996.1
chr19	4182735	+	XP_011526058.2
chr19	4229551	+	NP_005746.2
chr19	4247147	+	NP_060544.2
chr19	4280064	+	NP_001358940.1
chr19	4304747	+	NP_077309.1
chr19	4343594	+	NP_001287791.1
chr19	4402763	+	NP_005474.2
chr19	4472351	+	NP_001001520.1
chr19	4651870	+	NP_689575.2
chr19	4791855	+	NP_061178.1
chr19	4910847	+	NP_037414.3
chr19	5032891	+	XP_011526124.1
chr19	5455492	+	NP_859061.3
chr19	5623206	+	NP_001188267.1
chr19	5684033	+	NP_001254797.1
chr19	5690508	+	NP_056229.2
chr19	5720738	+	XP_011526190.1
chr19	5824166	+	XP_047294846.1
chr19	6141544	+	XP_005259710.1
chr19	6361575	+	XP_047295442.1
chr19	6372821	+	NP_115682.1
chr19	6464702	+	NP_777378.1
chr19	6531037	+	NP_003802.1
chr19	6739762	+	XP_005259740.1
chr19	6772808	+	NP_005419.2
chr19	6887609	+	XP_011526096.1
chr19	7030612	+	NP_001129979.1
chr19	7049374	+	NP_653215.2
chr19	7075075	+	NP_077317.2
chr19	7355619	+	XP_011526143.1
chr19	7500823	+	NP_940936.2
chr19	7513987	+	XP_047294137.1
chr19	7522751	+	NP_065394.1
chr19	7535551	+	NP_006693.3
chr19	7596003	+	NP_001073898.1
chr19	7629834	+	NP_001164626.1
chr19	7637150	+	NP_001258963.1
chr19	7669327	+	NP_001372655.1
chr19	7677121	+	NP_777578.3
chr19	7682254	+	NP_777554.1
chr19	7763267	+	NP_055072.3
chr19	7846543	+	NP_001153416.1
chr19	7895604	+	XP_047295417.1
chr19	7903945	+	XP_006722863.1
chr19	7914857	+	NP_001406710.1
chr19	7920367	+	NP_003074.1
chr19	8052440	+	XP_047295161.1
chr19	8250867	+	XP_047295389.1
chr19	8321531	+	NP_001022.1
chr19	8364322	+	XP_005272541.1
chr19	8390417	+	NP_004209.2
chr19	8421841	+	NP_001356705.1
chr19	8444999	+	NP_005959.2
chr19	8676766	+	NP_001365528.1
chr19	8731029	+	NP_001004699.1
chr19	9093245	+	NP_001004456.1
chr19	9156017	+	NP_065984.3
chr19	9185782	+	NP_787079.1
chr19	9206991	+	XP_047294550.1
chr19	9324179	+	NP_001189337.1
chr19	9378312	+	NP_001189354.1
chr19	9828338	+	NP_077268.1
chr19	9835345	+	NP_006212.1
chr19	10013498	+	NP_056540.3
chr19	10086428	+	XP_011526424.1
chr19	10106395	+	NP_001333068.1
chr19	10252254	+	NP_666500.1
chr19	10271160	+	NP_000192.2
chr19	10287013	+	NP_001535.1
chr19	10290044	+	NP_003250.3
chr19	10416943	+	NP_001230050.1
chr19	10544091	+	NP_116274.3
chr19	10602531	+	XP_047295069.1
chr19	10670606	+	NP_001381750.1
chr19	10701461	+	NP_112486.1
chr19	10718243	+	NP_001005360.1
chr19	10848509	+	XP_005259903.1
chr19	10871703	+	NP_954592.1
chr19	10928823	+	NP_612367.1
chr19	10984152	+	XP_011526500.1
chr19	11089549	+	XP_047294787.1
chr19	11239638	+	NP_061157.3
chr19	11296298	+	NP_001269438.1
chr19	11346607	+	XP_016881747.1
chr19	11357674	+	NP_001380822.1
chr19	11374681	+	NP_787067.3
chr19	11436118	+	NP_001276032.1
chr19	11538928	+	NP_001290.2
chr19	11597628	+	NP_660338.1
chr19	11767194	+	NP_689568.2
chr19	11805954	+	XP_047294100.1
chr19	11814448	+	XP_005259788.1
chr19	11848868	+	NP_001335647.1
chr19	11887924	+	XP_006722936.1
chr19	12064874	+	NP_001129973.1
chr19	12163204	+	NP_003428.1
chr19	12611080	+	NP_699189.2
chr19	12669791	+	NP_001093207.1
chr19	12688049	+	NP_001303621.1
chr19	12737506	+	NP_001358418.1
chr19	12752593	+	NP_060152.2
chr19	12791772	+	NP_002220.1
chr19	12802072	+	NP_001373729.1
chr19	12806674	+	NP_006388.2
chr19	12838573	+	NP_055790.1
chr19	12891305	+	NP_000150.1
chr19	12938680	+	NP_004334.1
chr19	12945949	+	NP_005044.1
chr19	12969661	+	NP_689867.1
chr19	12995838	+	NP_002492.2
chr19	13135208	+	XP_005259778.1
chr19	13153187	+	NP_004898.2
chr19	13751809	+	XP_047295431.1
chr19	13764589	+	XP_011526659.1
chr19	13774478	+	NP_054766.1
chr19	13795649	+	XP_016882646.1
chr19	13906442	+	XP_047294968.1
chr19	14381524	+	NP_510966.1
chr19	14433522	+	NP_002732.3
chr19	14527775	+	XP_011526744.1
chr19	14583161	+	NP_001191047.1
chr19	14693492	+	NP_001339173.1
chr19	14941489	+	NP_036509.1
chr19	15010826	+	NP_775753.2
chr19	15052252	+	XP_011526163.1
chr19	15087066	+	NP_001004713.1
chr19	15107434	+	XP_047295535.1
chr19	15525337	+	XP_011525994.1
chr19	15615617	+	XP_024307109.1
chr19	15641416	+	XP_016882304.1
chr19	15673530	+	NP_076433.3
chr19	15728044	+	NP_039227.1
chr19	15741393	+	NP_039226.1
chr19	15794049	+	NP_001004466.1
chr19	15836402	+	XP_047295749.1
chr19	15949008	+	NP_001004465.1
chr19	16067625	+	NP_001138632.1
chr19	16111902	+	NP_005361.2
chr19	16148751	+	NP_001356738.1
chr19	16185443	+	NP_054796.1
chr19	16198027	+	NP_001123996.1
chr19	16324924	+	NP_057354.1
chr19	16500793	+	XP_047295460.1
chr19	16661218	+	NP_076979.1
chr19	16731198	+	XP_047294632.1
chr19	16829421	+	NP_056075.1
chr19	16889190	+	NP_003941.2
chr19	17101718	+	NP_001123537.1
chr19	17215406	+	NP_060937.2
chr19	17226248	+	XP_047295396.1
chr19	17268807	+	NP_001028721.1
chr19	17281921	+	NP_689576.6
chr19	17305893	+	NP_001387002.1
chr19	17309655	+	NP_076955.1
chr19	17335004	+	NP_001182351.1
chr19	17420136	+	NP_612410.1
chr19	17470541	+	XP_047294747.1
chr19	17511673	+	NP_036220.1
chr19	17523439	+	NP_001091994.2
chr19	17555714	+	NP_078932.2
chr19	17719503	+	NP_060644.4
chr19	17755165	+	NP_001154829.1
chr19	17807808	+	XP_011525928.1
chr19	17859957	+	NP_000971.1
chr19	17872320	+	XP_011526494.1
chr19	17936421	+	NP_001129675.1
chr19	17967150	+	XP_011526306.1
chr19	18001315	+	NP_001020775.1
chr19	18097793	+	NP_001380430.1
chr19	18155880	+	NP_005018.2
chr19	18173842	+	NP_006323.2
chr19	18193282	+	NP_116072.2
chr19	18340682	+	NP_060182.1
chr19	18386190	+	NP_004855.2
chr19	18402753	+	XP_047294326.1
chr19	18562057	+	XP_016882771.1
chr19	18572948	+	XP_016882687.2
chr19	18588802	+	NP_001093888.1
chr19	18612959	+	NP_036241.1
chr19	18637055	+	NP_001332914.1
chr19	18683703	+	NP_001091952.1
chr19	18832210	+	XP_016882594.1
chr19	18919742	+	NP_061943.2
chr19	19034210	+	XP_047295673.1
chr19	19096125	+	NP_848621.2
chr19	19193947	+	XP_005260191.1
chr19	19216954	+	NP_004377.2
chr19	19320860	+	XP_006722774.2
chr19	19436164	+	XP_047294965.1
chr19	19516239	+	NP_057049.5
chr19	19528933	+	NP_940939.2
chr19	19538350	+	NP_694953.2
chr19	19668964	+	NP_149981.2
chr19	19865997	+	NP_066385.2
chr19	19901089	+	NP_112495.2
chr19	20078133	+	NP_009069.1
chr19	20167331	+	NP_443084.2
chr19	20776448	+	NP_001342126.2
chr19	20923401	+	NP_001243101.1
chr19	21020801	+	NP_079465.3
chr19	21098269	+	NP_872321.2
chr19	21142184	+	NP_001306053.1
chr19	21359141	+	NP_001342170.1
chr19	21397238	+	NP_663299.2
chr19	21505772	+	NP_001001415.2
chr19	22052633	+	NP_258429.2
chr19	22286526	+	NP_001229609.1
chr19	22653400	+	NP_065906.1
chr19	22825305	+	XP_047295179.1
chr19	23075358	+	XP_016881604.1
chr19	23827162	+	NP_001342216.1
chr19	23914995	+	NP_001335618.1
chr19	24087308	+	NP_001265594.1
chr19	29526584	+	XP_011525204.1
chr19	29606319	+	NP_006618.1
chr19	29665557	+	XP_005259313.1
chr19	29812556	+	NP_001229.1
chr19	29923692	+	XP_005259419.1
chr19	30443563	+	XP_047295730.1
chr19	32352831	+	NP_001129628.1
chr19	32408254	+	XP_047294205.1
chr19	32581262	+	XP_005259449.1
chr19	32676264	+	NP_997274.2
chr19	32691961	+	NP_001099040.1
chr19	32720073	+	NP_001104292.1
chr19	32973197	+	NP_689479.1
chr19	33081194	+	XP_006723318.1
chr19	33132170	+	XP_011524752.1
chr19	33194786	+	XP_005259002.1
chr19	33379240	+	NP_001797.1
chr19	33689262	+	NP_001121367.1
chr19	33795632	+	XP_016882773.1
chr19	33800455	+	XP_047295357.1
chr19	34172643	+	XP_005258776.1
chr19	34364910	+	XP_011525056.1
chr19	34428433	+	XP_047293976.1
chr19	34481975	+	XP_006723077.1
chr19	34678805	+	XP_024307375.1
chr19	34735038	+	NP_001025168.2
chr19	34929948	+	XP_016882913.1
chr19	34996023	+	XP_011525455.1
chr19	35030821	+	NP_950238.1
chr19	35042507	+	NP_892028.1
chr19	35105262	+	XP_047295751.1
chr19	35117306	+	NP_001374284.1
chr19	35140026	+	XP_016882364.1
chr19	35143334	+	NP_071289.1
chr19	35155551	+	NP_001307841.1
chr19	35249023	+	NP_991403.2
chr19	35269102	+	XP_011525563.1
chr19	35282578	+	NP_066998.1
chr19	35295409	+	NP_542167.1
chr19	35332041	+	NP_001172029.1
chr19	35351552	+	NP_005294.1
chr19	35358426	+	XP_011525160.1
chr19	35371360	+	NP_001335124.1
chr19	35449715	+	NP_005297.1
chr19	35533528	+	NP_055179.1
chr19	35545740	+	NP_116024.1
chr19	35586260	+	NP_001382341.1
chr19	35612795	+	XP_047294481.1
chr19	35629154	+	NP_077297.2
chr19	35642461	+	XP_005258709.1
chr19	35651244	+	NP_001854.1
chr19	35666813	+	NP_001268372.1
chr19	35713029	+	XP_016882080.1
chr19	35718019	+	XP_011525864.1
chr19	35745931	+	NP_758844.1
chr19	35748725	+	NP_061977.1
chr19	35758216	+	NP_001382385.1
chr19	35775659	+	XP_047294090.1
chr19	35857120	+	XP_011525664.1
chr19	35868637	+	NP_001019978.1
chr19	35902594	+	XP_016881682.1
chr19	35939426	+	NP_078785.1
chr19	35995275	+	NP_001036096.2
chr19	36054972	+	XP_016882154.1
chr19	36111203	+	NP_001289686.1
chr19	36115561	+	NP_001272.2
chr19	36141012	+	XP_005259352.1
chr19	36236441	+	XP_047295322.1
chr19	36607614	+	NP_001385421.1
chr19	36689698	+	XP_047294276.1
chr19	36876831	+	XP_047294522.1
chr19	36922771	+	XP_047294743.1
chr19	37089119	+	XP_047294186.1
chr19	37230454	+	NP_001374526.1
chr19	37324922	+	XP_047294641.1
chr19	37374199	+	NP_115829.1
chr19	37467891	+	NP_001287922.1
chr19	37523440	+	XP_047294772.1
chr19	37598448	+	NP_689819.1
chr19	38081566	+	XP_047294446.1
chr19	38264893	+	NP_066925.1
chr19	38304262	+	NP_001304730.1
chr19	38319951	+	NP_004814.1
chr19	38337235	+	NP_067008.3
chr19	38374602	+	NP_002803.2
chr19	38390303	+	NP_001381265.1
chr19	38403154	+	XP_016881843.1
chr19	38433830	+	XP_047295158.1
chr19	38647746	+	XP_016882820.1
chr19	38900073	+	XP_006723289.2
chr19	39085270	+	XP_047294783.1
chr19	39169554	+	NP_001014831.1
chr19	39196983	+	XP_011525208.1
chr19	39356894	+	XP_047294986.1
chr19	39391423	+	NP_060062.2
chr19	39406905	+	NP_003398.3
chr19	39414087	+	NP_073746.2
chr19	39445891	+	NP_001104490.1
chr19	39480854	+	NP_001001563.2
chr19	39498975	+	NP_058637.1
chr19	39515213	+	NP_001337738.1
chr19	39602569	+	NP_037400.1
chr19	39655962	+	NP_001177370.2
chr19	39704529	+	NP_064514.1
chr19	40192032	+	XP_047294800.1
chr19	40366484	+	NP_036400.2
chr19	40472622	+	XP_016882541.1
chr19	40576900	+	XP_006723537.1
chr19	40593166	+	NP_003564.2
chr19	40717136	+	XP_047295425.1
chr19	40751409	+	NP_004587.1
chr19	40775543	+	NP_001189482.1
chr19	40778376	+	NP_057238.3
chr19	40800573	+	NP_542770.2
chr19	40991306	+	NP_000758.1
chr19	41088472	+	NP_000757.2
chr19	41116189	+	XP_047294238.1
chr19	41193265	+	XP_047294667.1
chr19	41219393	+	NP_068713.2
chr19	41264504	+	XP_005258516.1
chr19	41310311	+	NP_443080.1
chr19	41378310	+	NP_001356791.1
chr19	41397828	+	NP_000700.1
chr19	41443170	+	XP_016881608.1
chr19	41575860	+	XP_047295565.1
chr19	41708732	+	NP_004354.3
chr19	41755639	+	NP_002474.4
chr19	41796678	+	NP_001264092.1
chr19	41846044	+	XP_011525518.1
chr19	41860775	+	NP_001308413.1
chr19	41877305	+	NP_001774.1
chr19	41884468	+	XP_047295622.1
chr19	42068712	+	NP_001317448.1
chr19	42224404	+	NP_001300962.1
chr19	42271784	+	XP_011524969.1
chr19	42306924	+	XP_005258836.2
chr19	42313377	+	XP_011525094.1
chr19	42326244	+	NP_001258867.1
chr19	43353715	+	NP_065139.2
chr19	43406505	+	NP_113639.4
chr19	43534423	+	XP_011525095.1
chr19	43577120	+	XP_047294786.1
chr19	43597109	+	NP_077303.1
chr19	43612122	+	NP_001139113.1
chr19	43718448	+	XP_005259115.1
chr19	43831335	+	XP_047294594.1
chr19	43962727	+	NP_001284518.1
chr19	43988544	+	NP_001247415.2
chr19	44007079	+	NP_006291.2
chr19	44025437	+	XP_016882726.1
chr19	44055177	+	XP_016882747.1
chr19	44076390	+	XP_024307254.1
chr19	44097874	+	NP_001308574.1
chr19	44115828	+	XP_011525588.1
chr19	44144633	+	XP_047294017.1
chr19	44170081	+	XP_047295332.1
chr19	44217793	+	XP_047295333.1
chr19	44260085	+	XP_047294722.1
chr19	44613646	+	NP_001192209.1
chr19	44644097	+	NP_001129242.2
chr19	44671932	+	NP_064604.2
chr19	44701457	+	XP_016882284.1
chr19	44747993	+	XP_016882599.1
chr19	44777932	+	XP_047294507.1
chr19	44809125	+	NP_001013275.1
chr19	44846526	+	NP_002847.1
chr19	44891416	+	XP_005258468.1
chr19	44905869	+	NP_001289617.1
chr19	44914892	+	NP_001307995.1
chr19	44942278	+	NP_001637.1
chr19	44948479	+	NP_000474.2
chr19	44955056	+	NP_001269104.1
chr19	45001580	+	NP_006500.2
chr19	45040213	+	XP_047294072.1
chr19	45090115	+	NP_001305984.1
chr19	45093326	+	NP_061994.1
chr19	45179297	+	NP_997715.1
chr19	45251589	+	NP_113605.2
chr19	45345542	+	NP_803136.2
chr19	45406697	+	NP_001284519.1
chr19	45468587	+	NP_006723.2
chr19	45498473	+	XP_047294181.1
chr19	45507772	+	NP_003361.1
chr19	45669521	+	XP_011525018.1
chr19	45692704	+	XP_011525350.1
chr19	45734649	+	XP_011525873.1
chr19	45864457	+	NP_004488.2
chr19	46003019	+	NP_001254652.1
chr19	46148279	+	NP_001128585.1
chr19	46229775	+	NP_940943.1
chr19	46297077	+	XP_047295175.1
chr19	46347097	+	NP_006238.1
chr19	46601435	+	NP_005175.2
chr19	46755451	+	XP_047295382.1
chr19	46918676	+	XP_024307241.1
chr19	47021048	+	XP_047294839.1
chr19	47130931	+	NP_001139186.1
chr19	47258401	+	NP_056418.1
chr19	47274920	+	NP_848606.3
chr19	47307493	+	XP_047295256.1
chr19	47340800	+	NP_001258678.1
chr19	47353031	+	XP_047295717.1
chr19	47673575	+	NP_056526.3
chr19	47716613	+	NP_055416.2
chr19	47745560	+	NP_056525.2
chr19	47778786	+	NP_003000.1
chr19	47834444	+	NP_000545.1
chr19	47859247	+	NP_001384276.1
chr19	48007224	+	XP_016882619.1
chr19	48170957	+	XP_006723267.1
chr19	48279800	+	NP_705836.1
chr19	48326845	+	XP_011524907.1
chr19	48365843	+	XP_005258750.1
chr19	48398393	+	NP_000827.2
chr19	48446006	+	NP_113673.3
chr19	48461725	+	NP_037480.1
chr19	48469508	+	NP_059431.1
chr19	48552253	+	NP_814444.1
chr19	48606979	+	NP_598005.1
chr19	48620515	+	NP_001191088.1
chr19	48702957	+	NP_000502.4
chr19	48756237	+	NP_061986.1
chr19	48873234	+	NP_055145.3
chr19	48900797	+	XP_016882334.1
chr19	48933722	+	XP_047294573.1
chr19	48954929	+	NP_004315.1
chr19	48965508	+	NP_000137.2
chr19	48993912	+	NP_006657.1
chr19	49032096	+	NP_203696.2
chr19	49044210	+	NP_149032.1
chr19	49086415	+	NP_003080.2
chr19	49114405	+	XP_016882620.1
chr19	49127874	+	XP_047295538.1
chr19	49157867	+	NP_060106.2
chr19	49335541	+	XP_005259492.1
chr19	49360533	+	XP_011525027.1
chr19	49390884	+	XP_011524791.1
chr19	49426431	+	NP_001372116.1
chr19	49453332	+	NP_699160.2
chr19	49474640	+	NP_001191431.1
chr19	49487630	+	NP_036555.1
chr19	49496457	+	NP_001006.1
chr19	49513401	+	XP_047294368.1
chr19	49528473	+	XP_047295072.1
chr19	49583220	+	XP_006723349.1
chr19	49591655	+	NP_065770.1
chr19	49640523	+	XP_011525496.1
chr19	49665824	+	NP_001269449.1
chr19	49677281	+	NP_001527.3
chr19	49689838	+	NP_001094810.1
chr19	49692253	+	XP_047294107.1
chr19	49767134	+	NP_055018.2
chr19	49818342	+	NP_112235.2
chr19	49850881	+	XP_047294896.1
chr19	49877724	+	XP_011525619.1
chr19	49930851	+	NP_036200.2
chr19	49969702	+	NP_001335293.2
chr19	50031083	+	NP_056243.1
chr19	50210366	+	NP_001139281.1
chr19	50377606	+	NP_009052.4
chr19	50398852	+	XP_047294903.1
chr19	50418963	+	NP_003112.2
chr19	50432954	+	NP_004524.3
chr19	50476545	+	NP_778233.4
chr19	50649445	+	NP_001182005.1
chr19	50723526	+	NP_002966.1
chr19	50770601	+	NP_001497.1
chr19	50790415	+	NP_149059.1
chr19	50854956	+	NP_001025218.1
chr19	50873474	+	NP_001002231.1
chr19	51124975	+	XP_011525034.1
chr19	51142370	+	XP_047294561.1
chr19	51224707	+	XP_047295688.1
chr19	51264073	+	NP_001372395.1
chr19	51311848	+	XP_047294795.1
chr19	51478643	+	NP_001391990.1
chr19	51573330	+	NP_009078.1
chr19	51689492	+	NP_001303923.1
chr19	51768659	+	XP_006723183.1
chr19	51823749	+	NP_002021.3
chr19	51936221	+	NP_001026891.2
chr19	52190097	+	NP_055040.2
chr19	52269614	+	NP_001010851.1
chr19	52300413	+	NP_653285.2
chr19	52349173	+	XP_047294242.1
chr19	52369966	+	XP_016882301.1
chr19	52402014	+	NP_115799.2
chr19	52431432	+	NP_001338608.1
chr19	52501846	+	NP_001353111.1
chr19	52543285	+	NP_001308353.1
chr19	52572242	+	NP_001166126.1
chr19	53014091	+	NP_689686.2
chr19	53049252	+	NP_001177984.1
chr19	53197236	+	XP_047295761.1
chr19	53258376	+	NP_776255.2
chr19	53341308	+	NP_001308451.1
chr19	53372282	+	NP_001335085.1
chr19	53398016	+	NP_001035275.1
chr19	53447269	+	NP_001276882.1
chr19	53483823	+	NP_001004301.2
chr19	53569377	+	XP_047295005.1
chr19	53632107	+	XP_047294849.1
chr19	53873530	+	NP_001277122.1
chr19	53882495	+	NP_002730.1
chr19	53912832	+	NP_114102.2
chr19	53963143	+	NP_114101.4
chr19	53992878	+	NP_665813.1
chr19	54102879	+	NP_004533.1
chr19	54118279	+	XP_047294543.1
chr19	54142979	+	XP_047294836.1
chr19	54191365	+	XP_047295347.1
chr19	54201185	+	NP_001308631.1
chr19	54415553	+	NP_001188390.1
chr19	54451345	+	NP_001362567.1
chr19	54502919	+	NP_002279.2
chr19	54573879	+	XP_011524692.1
chr19	54594245	+	NP_001265248.1
chr19	54630631	+	XP_047294040.1
chr19	54663034	+	NP_001265359.2
chr19	54816501	+	NP_037421.2
chr19	54850476	+	XP_047294751.1
chr19	54885246	+	XP_047294362.1
chr19	54906188	+	XP_011525831.1
chr19	54970016	+	NP_001167552.1
chr19	55076445	+	XP_011525354.1
chr19	55284443	+	NP_115806.1
chr19	55341937	+	XP_011525717.1
chr19	55376854	+	NP_631911.1
chr19	55386358	+	NP_001129608.1
chr19	55479911	+	NP_149104.3
chr19	55485709	+	NP_065111.1
chr19	55488590	+	NP_001182196.1
chr19	55599802	+	XP_011524789.1
chr19	55613619	+	NP_001182534.1
chr19	55642509	+	NP_996998.1
chr19	55644572	+	XP_016882356.1
chr19	55649047	+	NP_001357396.1
chr19	55655105	+	NP_009210.1
chr19	55677172	+	NP_001123543.1
chr19	55759014	+	XP_011525217.1
chr19	55771805	+	NP_001264326.1
chr19	55852081	+	NP_604393.2
chr19	55947903	+	NP_789781.2
chr19	55999726	+	NP_703148.4
chr19	56146912	+	XP_024307343.1
chr19	56177109	+	NP_001139018.1
chr19	56205914	+	NP_001345342.1
chr19	56272835	+	NP_001341587.1
chr19	56407115	+	XP_047294190.1
chr19	56511572	+	XP_011525450.1
chr19	56537618	+	XP_011524765.2
chr19	56570312	+	NP_001001668.3
chr19	56601559	+	NP_001357144.1
chr19	56645668	+	NP_001180557.1
chr19	56864303	+	XP_047295756.1
chr19	57128676	+	NP_001376572.1
chr19	57191914	+	NP_003408.1
chr19	57231114	+	NP_001015879.1
chr19	57240892	+	NP_001018857.2
chr19	57280289	+	XP_047294035.1
chr19	57320854	+	NP_998763.2
chr19	57351665	+	NP_001277247.1
chr19	57364834	+	NP_001342133.1
chr19	57368556	+	NP_775902.2
chr19	57390100	+	NP_001166244.1
chr19	57411392	+	NP_008890.2
chr19	57435579	+	NP_001018855.2
chr19	57487951	+	NP_001091961.1
chr19	57500081	+	NP_940944.1
chr19	57527574	+	NP_001186224.2
chr19	57584357	+	NP_001010879.2
chr19	57600105	+	NP_065931.3
chr19	57619469	+	NP_003426.3
chr19	57633347	+	NP_001252526.1
chr19	57676146	+	NP_001371762.1
chr19	57682164	+	NP_612356.2
chr19	57747059	+	NP_775903.3
chr19	57769843	+	NP_060122.2
chr19	57830529	+	NP_001363152.1
chr19	57850039	+	NP_116217.1
chr19	58036483	+	XP_006723212.1
chr19	58059242	+	NP_001157999.1
chr19	58183966	+	NP_598009.1
chr19	58242206	+	NP_001374349.1
chr19	58279082	+	NP_066575.2
chr19	58312169	+	NP_001383009.1
chr19	58334803	+	XP_011525219.1
chr19	58388138	+	NP_001000.2
chr19	58396090	+	NP_001182064.1
chr19	58409148	+	XP_005258687.1
chr19	58439446	+	XP_047294763.1
chr19	58468179	+	XP_005258770.1
chr19	58477219	+	NP_060378.1
chr19	58544758	+	NP_005753.1
chr19	291285	-	NP_803545.1
chr19	303393	-	XP_047295745.1
chr19	344774	-	NP_001374086.1
chr19	375663	-	XP_024307300.2
chr19	407183	-	XP_011525996.1
chr19	410293	-	XP_047295746.1
chr19	460529	-	NP_001373985.1
chr19	474621	-	NP_001372527.1
chr19	633425	-	NP_001394763.1
chr19	663047	-	NP_001352947.1
chr19	695352	-	NP_001295138.2
chr19	821485	-	XP_011526619.1
chr19	890963	-	XP_016881609.1
chr19	913087	-	XP_047295615.1
chr19	1020772	-	XP_024307541.1
chr19	1095259	-	NP_001303252.1
chr19	1154184	-	XP_047294422.1
chr19	1238158	-	XP_016882047.1
chr19	1401296	-	NP_000147.1
chr19	1478774	-	NP_689695.2
chr19	1490779	-	XP_047294939.1
chr19	1511625	-	XP_047294714.1
chr19	1567464	-	NP_001167589.1
chr19	1592618	-	NP_001268382.1
chr19	1605360	-	NP_006821.1
chr19	1650177	-	XP_047295254.1
chr19	1811489	-	NP_620168.1
chr19	1848202	-	XP_011526448.1
chr19	1876110	-	NP_114124.1
chr19	1881235	-	XP_047295445.1
chr19	2015297	-	XP_047295024.1
chr19	2050801	-	NP_060042.2
chr19	2078140	-	XP_011525985.1
chr19	2151239	-	XP_047295555.1
chr19	2236155	-	NP_001287765.1
chr19	2255206	-	NP_653217.1
chr19	2280850	-	NP_940934.1
chr19	2289998	-	NP_001094861.1
chr19	2328561	-	NP_057283.1
chr19	2427414	-	NP_036590.1
chr19	2456670	-	NP_116126.3
chr19	2513525	-	XP_047295757.1
chr19	2520608	-	NP_443079.1
chr19	2718279	-	NP_660156.1
chr19	2737048	-	NP_653165.2
chr19	2768969	-	NP_003012.1
chr19	2944838	-	XP_016882570.1
chr19	3045726	-	NP_001138234.1
chr19	3062700	-	NP_945321.1
chr19	3480397	-	NP_001129975.1
chr19	3483202	-	NP_001382883.1
chr19	3496541	-	NP_001138637.1
chr19	3557133	-	XP_047294127.1
chr19	3599849	-	NP_963998.2
chr19	3626596	-	NP_067054.1
chr19	3700297	-	XP_047294491.1
chr19	3759689	-	XP_006723014.1
chr19	3771527	-	NP_116142.1
chr19	3789273	-	NP_647611.1
chr19	3868965	-	NP_055989.1
chr19	3969674	-	NP_001362587.1
chr19	3985378	-	NP_001952.1
chr19	4055374	-	NP_056982.1
chr19	4123784	-	XP_047295056.1
chr19	4182474	-	NP_001307991.1
chr19	4302340	-	NP_001295161.1
chr19	4338652	-	NP_001013863.1
chr19	4400324	-	XP_047295178.1
chr19	4457615	-	XP_016882814.2
chr19	4518222	-	NP_001380819.1
chr19	4534015	-	NP_001013728.2
chr19	4539982	-	NP_443204.1
chr19	4558337	-	NP_115484.2
chr19	4670161	-	NP_061980.1
chr19	4719851	-	NP_001371554.1
chr19	4818475	-	NP_001372608.1
chr19	4861329	-	NP_001157666.1
chr19	4902573	-	XP_011526483.1
chr19	5286050	-	XP_047295123.1
chr19	5567665	-	NP_001383337.1
chr19	5622530	-	NP_055464.1
chr19	5680458	-	NP_001295169.1
chr19	5720009	-	NP_001263409.1
chr19	5784531	-	NP_001127788.1
chr19	5791044	-	NP_001155091.1
chr19	5831525	-	XP_047294516.1
chr19	5978061	-	XP_011526696.1
chr19	6047407	-	XP_047295154.1
chr19	6279773	-	XP_016882308.1
chr19	6333459	-	XP_011525975.1
chr19	6375702	-	NP_004149.1
chr19	6392984	-	XP_047294666.1
chr19	6424453	-	NP_001353229.1
chr19	6459473	-	NP_001308227.1
chr19	6481679	-	XP_047295415.1
chr19	6502679	-	NP_001276060.1
chr19	6590841	-	NP_001317261.1
chr19	6669959	-	NP_003798.2
chr19	6720516	-	NP_000055.2
chr19	6737457	-	NP_001381653.1
chr19	6763680	-	NP_001373518.1
chr19	7021353	-	NP_001351603.1
chr19	7040100	-	NP_001157891.1
chr19	7058561	-	NP_001157897.1
chr19	7293792	-	XP_011526291.2
chr19	7488951	-	XP_011526730.1
chr19	7629477	-	NP_064581.2
chr19	7633407	-	XP_006722702.1
chr19	7699739	-	NP_001193948.2
chr19	7732084	-	NP_940894.1
chr19	7747466	-	NP_001138365.1
chr19	7873419	-	NP_001177396.1
chr19	7925290	-	NP_996664.1
chr19	7943607	-	NP_006342.2
chr19	8002052	-	NP_001410.2
chr19	8147314	-	XP_016882867.1
chr19	8308149	-	NP_001159367.1
chr19	8321308	-	NP_004992.2
chr19	8337795	-	NP_940873.2
chr19	8502565	-	XP_011526655.1
chr19	8514044	-	NP_001139647.1
chr19	8577307	-	NP_001335284.1
chr19	8605623	-	NP_001269281.1
chr19	8697451	-	NP_848620.3
chr19	8822629	-	XP_047294227.1
chr19	9102269	-	NP_001005193.2
chr19	9114828	-	NP_001005192.2
chr19	9126012	-	NP_001001958.1
chr19	9213899	-	NP_001005191.1
chr19	9305072	-	NP_940937.1
chr19	9420065	-	NP_006622.2
chr19	9475284	-	NP_001338607.1
chr19	9536208	-	NP_001304984.1
chr19	9568095	-	NP_001295198.1
chr19	9619432	-	XP_047295668.1
chr19	9660720	-	NP_001123504.1
chr19	9764936	-	NP_001382769.1
chr19	9818754	-	NP_001303869.1
chr19	9936304	-	NP_001291277.1
chr19	10010298	-	XP_016882338.1
chr19	10103007	-	NP_001374277.1
chr19	10119840	-	NP_003746.2
chr19	10194820	-	NP_001305660.1
chr19	10223844	-	NP_004221.3
chr19	10309349	-	NP_001096637.1
chr19	10315852	-	NP_001384335.1
chr19	10333289	-	XP_047294099.1
chr19	10339539	-	NP_001382305.1
chr19	10378214	-	XP_011526551.1
chr19	10403378	-	NP_008996.1
chr19	10499395	-	NP_987096.1
chr19	10513815	-	NP_001159687.1
chr19	10565906	-	XP_011526492.1
chr19	10568513	-	NP_524145.1
chr19	10587190	-	XP_047293974.1
chr19	10836009	-	XP_006722694.1
chr19	10928380	-	XP_047295342.1
chr19	11155617	-	NP_001381244.1
chr19	11194475	-	XP_047294532.1
chr19	11262397	-	XP_006722867.1
chr19	11337172	-	NP_004274.1
chr19	11345520	-	XP_024307269.1
chr19	11384093	-	NP_000112.1
chr19	11419246	-	NP_001030300.3
chr19	11435690	-	NP_001289383.1
chr19	11480600	-	XP_024307181.1
chr19	11505488	-	NP_620138.2
chr19	11519075	-	NP_001135937.1
chr19	11554232	-	NP_115753.1
chr19	11577057	-	NP_001104506.1
chr19	11738817	-	XP_016882431.1
chr19	12035537	-	XP_011526027.1
chr19	12052799	-	XP_016882685.1
chr19	12140180	-	NP_001190179.1
chr19	12156556	-	NP_660276.2
chr19	12294692	-	XP_047294880.1
chr19	12333480	-	XP_011526002.1
chr19	12365533	-	NP_001350703.1
chr19	12413959	-	NP_001309427.1
chr19	12440912	-	NP_005806.3
chr19	12484655	-	NP_689814.1
chr19	12551330	-	NP_659413.1
chr19	12610564	-	NP_065765.1
chr19	12666543	-	XP_047294797.1
chr19	12669354	-	NP_057229.1
chr19	12681560	-	NP_001356620.1
chr19	12696173	-	XP_005260153.1
chr19	12720879	-	NP_001369166.1
chr19	12734336	-	NP_001316667.1
chr19	12775405	-	NP_001386972.1
chr19	12801159	-	NP_005800.3
chr19	12835083	-	NP_001257370.2
chr19	12881290	-	NP_001366.1
chr19	12887054	-	NP_006554.1
chr19	12919243	-	XP_011526184.1
chr19	12933550	-	NP_004452.1
chr19	12956863	-	NP_443082.2
chr19	13100837	-	NP_005574.2
chr19	13116146	-	NP_001338691.1
chr19	13150139	-	NP_001258540.1
chr19	13905715	-	XP_047295386.1
chr19	13953119	-	XP_011526616.1
chr19	13993525	-	XP_011526472.1
chr19	14061940	-	XP_047294720.1
chr19	14085293	-	XP_011526486.1
chr19	14183533	-	XP_047294375.1
chr19	14413013	-	NP_005795.2
chr19	14473379	-	NP_000946.2
chr19	14482689	-	NP_974223.1
chr19	14518139	-	XP_047294701.1
chr19	14571889	-	XP_011526341.1
chr19	14674746	-	XP_011526676.1
chr19	14776726	-	XP_047294676.1
chr19	14799174	-	NP_001357414.2
chr19	14827282	-	NP_059976.1
chr19	14840948	-	NP_001005190.1
chr19	14880426	-	NP_112163.1
chr19	14972706	-	NP_001371598.1
chr19	15124925	-	XP_011525953.1
chr19	15200788	-	XP_005259981.1
chr19	15231969	-	XP_047295408.1
chr19	15272815	-	XP_047294497.1
chr19	15418911	-	NP_005849.1
chr19	15448103	-	XP_005260067.1
chr19	15464031	-	XP_011526488.1
chr19	15479311	-	NP_443122.3
chr19	15807081	-	NP_039228.1
chr19	15897414	-	NP_001073.3
chr19	15934211	-	NP_001122404.1
chr19	16173425	-	NP_001287851.1
chr19	16471913	-	XP_047295130.1
chr19	16496039	-	NP_659483.2
chr19	16542354	-	NP_006378.3
chr19	16571944	-	NP_079157.3
chr19	16627872	-	NP_004822.2
chr19	16660085	-	XP_047295374.1
chr19	17026551	-	XP_011526227.1
chr19	17075394	-	NP_219485.1
chr19	17244943	-	NP_005225.2
chr19	17264246	-	NP_001284632.1
chr19	17300856	-	NP_078803.4
chr19	17334565	-	NP_066010.1
chr19	17376920	-	NP_112600.1
chr19	17393835	-	NP_001382150.1
chr19	17405291	-	NP_004326.1
chr19	17448143	-	XP_011525905.1
chr19	17460544	-	NP_612463.1
chr19	17688178	-	XP_011526112.1
chr19	17821317	-	NP_005534.2
chr19	17844234	-	NP_000206.2
chr19	18098755	-	NP_001276952.1
chr19	18202513	-	NP_002857.1
chr19	18232950	-	NP_001356630.1
chr19	18255220	-	NP_001382965.1
chr19	18269466	-	NP_001138777.1
chr19	18280441	-	NP_005345.3
chr19	18323018	-	NP_001239058.1
chr19	18396185	-	XP_005259796.1
chr19	18437860	-	NP_001240318.1
chr19	18521921	-	XP_016882825.1
chr19	18541679	-	NP_001295302.1
chr19	18606542	-	NP_004741.1
chr19	18791191	-	NP_000086.2
chr19	18869983	-	NP_001374367.1
chr19	18895824	-	NP_067090.1
chr19	18919223	-	XP_047294075.1
chr19	18938969	-	NP_001139193.1
chr19	19033489	-	NP_001308626.1
chr19	19138426	-	XP_047294979.1
chr19	19150682	-	NP_005910.1
chr19	19192081	-	NP_001139256.1
chr19	19203023	-	NP_001287874.1
chr19	19262730	-	NP_075378.1
chr19	19273121	-	NP_001001524.2
chr19	19320463	-	XP_047295098.1
chr19	19514606	-	NP_114426.1
chr19	19618511	-	XP_016882818.1
chr19	19626543	-	NP_001382589.1
chr19	19643511	-	NP_001275927.1
chr19	19663271	-	NP_065143.2
chr19	19732956	-	NP_066358.2
chr19	19821601	-	NP_001138876.1
chr19	20039343	-	XP_047295613.1
chr19	20397325	-	XP_047295750.1
chr19	20565638	-	XP_047293964.1
chr19	20661444	-	NP_001070143.1
chr19	21329210	-	XP_016882692.1
chr19	21767427	-	NP_001338601.1
chr19	21851905	-	NP_001243580.1
chr19	22010792	-	NP_001316900.1
chr19	22215632	-	XP_047294317.1
chr19	22422195	-	NP_001092096.1
chr19	22784014	-	NP_001073878.2
chr19	23003028	-	NP_001254645.1
chr19	23250240	-	XP_024307288.1
chr19	23395325	-	XP_024307461.1
chr19	23687031	-	XP_047294335.1
chr19	23758747	-	NP_612143.2
chr19	29212905	-	NP_005994.2
chr19	29708684	-	NP_001269858.1
chr19	31349180	-	XP_047295088.1
chr19	32658914	-	NP_115515.2
chr19	32868448	-	XP_016881719.1
chr19	32971836	-	XP_047295518.1
chr19	33064784	-	NP_149094.3
chr19	33225553	-	XP_024307378.1
chr19	33301338	-	NP_001274353.1
chr19	33521744	-	NP_001159529.1
chr19	34594503	-	NP_001020762.1
chr19	34772824	-	XP_047294212.1
chr19	34963630	-	NP_787068.3
chr19	35134511	-	XP_016881917.1
chr19	35227959	-	NP_689694.1
chr19	35490356	-	NP_001231776.1
chr19	35513050	-	NP_001030593.2
chr19	35527907	-	NP_001159506.1
chr19	35563618	-	NP_000695.2
chr19	35741024	-	NP_001332934.1
chr19	35745348	-	NP_659424.2
chr19	35756811	-	NP_653218.1
chr19	35812632	-	NP_001365221.1
chr19	35851780	-	NP_004637.1
chr19	35902193	-	NP_001352634.1
chr19	35908168	-	NP_001166986.1
chr19	36008554	-	XP_047294306.1
chr19	36014175	-	NP_001372985.1
chr19	36032192	-	NP_056341.1
chr19	36054135	-	NP_001318032.1
chr19	36114798	-	NP_006224.1
chr19	36152393	-	NP_001855.1
chr19	36201977	-	XP_016881832.1
chr19	36367884	-	NP_065968.1
chr19	36409781	-	NP_001308848.1
chr19	36476549	-	XP_011525730.1
chr19	36514000	-	NP_001362525.1
chr19	36572333	-	NP_001339202.1
chr19	36664698	-	XP_011525788.1
chr19	36762595	-	NP_001254708.1
chr19	36825611	-	XP_047294754.1
chr19	36915796	-	XP_011525235.1
chr19	37169839	-	NP_689868.1
chr19	37207040	-	NP_689492.3
chr19	37454834	-	XP_016881868.1
chr19	37548653	-	XP_047295752.1
chr19	37586668	-	XP_016882347.1
chr19	37647814	-	NP_001307597.1
chr19	37711610	-	XP_047295509.1
chr19	37773661	-	NP_689573.3
chr19	37906583	-	NP_114157.4
chr19	38229559	-	XP_006723472.1
chr19	38256139	-	NP_001230876.1
chr19	38315869	-	NP_001138934.1
chr19	38385421	-	XP_011524905.1
chr19	38426069	-	NP_001139674.1
chr19	38617797	-	XP_011524706.1
chr19	38743929	-	XP_047294202.1
chr19	38812842	-	XP_011525275.1
chr19	38831309	-	XP_016881937.1
chr19	38849871	-	XP_047294695.1
chr19	38876693	-	XP_024307131.1
chr19	38899506	-	XP_047294424.1
chr19	38912098	-	XP_011525521.1
chr19	39031864	-	XP_016881779.1
chr19	39203860	-	NP_001073937.1
chr19	39313931	-	XP_016882522.1
chr19	39390818	-	NP_001243755.1
chr19	39435848	-	NP_001308040.1
chr19	39532317	-	NP_689574.1
chr19	39539369	-	NP_694964.3
chr19	39737938	-	NP_001819.2
chr19	39833267	-	XP_005259455.1
chr19	39846291	-	XP_011524925.1
chr19	40050324	-	XP_005258648.1
chr19	40084745	-	XP_016882108.1
chr19	40217955	-	NP_689692.2
chr19	40226375	-	NP_001398062.1
chr19	40265222	-	NP_001229957.1
chr19	40348437	-	XP_047294132.1
chr19	40389438	-	NP_653286.2
chr19	40414700	-	XP_016882536.1
chr19	40422836	-	NP_037508.2
chr19	40442489	-	NP_976219.1
chr19	40465610	-	NP_000704.1
chr19	40690460	-	NP_001276908.1
chr19	40714531	-	NP_079152.3
chr19	40749481	-	XP_047294589.1
chr19	40850247	-	NP_000753.3
chr19	40882031	-	NP_085079.2
chr19	41192980	-	XP_047295758.1
chr19	41352690	-	NP_000651.3
chr19	41363432	-	XP_011525652.1
chr19	41397181	-	NP_064543.3
chr19	41425585	-	NP_940942.1
chr19	41439882	-	NP_001307769.1
chr19	41626900	-	XP_016881689.1
chr19	41688102	-	NP_001278414.1
chr19	41844673	-	XP_005278442.1
chr19	41912853	-	NP_001352032.1
chr19	41959237	-	NP_006414.2
chr19	41994071	-	XP_047294818.1
chr19	42065692	-	NP_002079.3
chr19	42132384	-	XP_047294911.1
chr19	42216680	-	NP_001257543.1
chr19	42242183	-	NP_063937.2
chr19	42254978	-	XP_047294352.1
chr19	42302232	-	XP_016882337.1
chr19	42389489	-	NP_115877.2
chr19	42426267	-	NP_001403037.1
chr19	42442754	-	NP_940879.1
chr19	42528311	-	NP_001171742.1
chr19	42594765	-	NP_001807.2
chr19	42740321	-	XP_011525429.1
chr19	42765518	-	XP_047294805.1
chr19	42879518	-	NP_001171755.1
chr19	42917729	-	NP_001027020.1
chr19	42937013	-	NP_001193579.1
chr19	43026309	-	NP_001106881.1
chr19	43082506	-	NP_112536.2
chr19	43186342	-	NP_001123486.1
chr19	43205473	-	XP_047295061.1
chr19	43269368	-	NP_001288638.1
chr19	43465493	-	NP_055215.2
chr19	43503906	-	XP_005259227.1
chr19	43527097	-	NP_001307797.1
chr19	43575408	-	NP_006288.2
chr19	43594809	-	NP_001375238.1
chr19	43614229	-	NP_872304.2
chr19	43641963	-	XP_005258677.1
chr19	43670066	-	XP_047294887.1
chr19	43750592	-	XP_047295055.1
chr19	43780703	-	XP_047294750.1
chr19	43802317	-	NP_872379.2
chr19	43883956	-	NP_001028891.2
chr19	43922171	-	XP_047295305.1
chr19	44303390	-	NP_001398000.1
chr19	44367081	-	NP_001335213.1
chr19	44397199	-	NP_001278420.1
chr19	44442814	-	XP_006723435.1
chr19	44500198	-	NP_001275690.1
chr19	44529458	-	XP_011524734.1
chr19	45076076	-	NP_660331.1
chr19	45162446	-	NP_940880.3
chr19	45178135	-	NP_077013.1
chr19	45238523	-	NP_001369351.1
chr19	45319521	-	NP_001815.2
chr19	45370536	-	XP_011524913.1
chr19	45398264	-	NP_001135974.1
chr19	45423270	-	NP_001356341.1
chr19	45496792	-	NP_996784.1
chr19	45584623	-	NP_001017989.2
chr19	45590778	-	NP_005273.1
chr19	45645273	-	NP_001338980.1
chr19	45691887	-	NP_808210.2
chr19	45711684	-	NP_001316562.1
chr19	45768042	-	NP_787071.3
chr19	45782193	-	NP_001411095.1
chr19	45792316	-	NP_004934.1
chr19	45814527	-	NP_110412.1
chr19	45854391	-	NP_004810.2
chr19	45884020	-	NP_056464.1
chr19	45901275	-	NP_001012661.1
chr19	45914277	-	NP_001025032.1
chr19	45973267	-	XP_006723293.1
chr19	46022735	-	NP_005082.1
chr19	46040944	-	XP_047294807.1
chr19	46124625	-	XP_011525255.1
chr19	46411194	-	NP_114429.2
chr19	46427745	-	NP_001373722.1
chr19	46469938	-	XP_011525369.1
chr19	46493558	-	NP_065760.1
chr19	46623458	-	NP_000951.1
chr19	46634599	-	XP_016882994.1
chr19	46660816	-	XP_011524801.1
chr19	46716131	-	XP_005258773.2
chr19	46718646	-	XP_016883057.1
chr19	46746149	-	XP_047294671.1
chr19	46787400	-	NP_001138616.1
chr19	46850764	-	XP_011524725.1
chr19	46865393	-	XP_047295759.1
chr19	47048407	-	NP_060324.1
chr19	47112424	-	XP_047294474.1
chr19	47232515	-	NP_001120714.1
chr19	47422189	-	XP_024307385.1
chr19	47465729	-	NP_055878.1
chr19	47485693	-	NP_001278225.1
chr19	47514843	-	XP_011525738.1
chr19	47555550	-	XP_047295462.1
chr19	47818972	-	NP_001384275.1
chr19	47886122	-	NP_003158.2
chr19	47992009	-	XP_016881607.1
chr19	48043860	-	NP_062829.1
chr19	48110487	-	XP_047295541.1
chr19	48165550	-	XP_047294789.1
chr19	48240962	-	NP_001338716.1
chr19	48320299	-	NP_653178.3
chr19	48363898	-	NP_001290469.1
chr19	48397392	-	NP_006792.1
chr19	48513579	-	NP_001073903.2
chr19	48612908	-	XP_024307329.1
chr19	48619141	-	NP_001257419.1
chr19	48636856	-	NP_001343.2
chr19	48645566	-	NP_001208.2
chr19	48670356	-	NP_665806.1
chr19	48718974	-	XP_047294596.1
chr19	48740146	-	NP_060275.2
chr19	48745625	-	NP_001308794.1
chr19	48750184	-	NP_000139.1
chr19	48810984	-	NP_001271254.1
chr19	48836324	-	NP_057330.2
chr19	48867537	-	XP_011525464.1
chr19	48897837	-	NP_003314.2
chr19	48992995	-	NP_001155059.1
chr19	49017067	-	XP_047294788.1
chr19	49020375	-	NP_001382940.1
chr19	49023957	-	NP_000728.1
chr19	49036703	-	NP_001369350.1
chr19	49048725	-	NP_149439.1
chr19	49055361	-	NP_149133.1
chr19	49062639	-	NP_001382418.1
chr19	49072031	-	NP_114092.2
chr19	49118633	-	NP_060581.2
chr19	49153407	-	NP_002143.1
chr19	49340231	-	XP_047294660.1
chr19	49359844	-	XP_006723492.1
chr19	49423212	-	NP_848544.1
chr19	49441318	-	NP_064705.1
chr19	49451485	-	XP_024307338.1
chr19	49564155	-	XP_047294852.1
chr19	49639946	-	NP_006261.1
chr19	49664674	-	XP_047294740.1
chr19	49763078	-	NP_068379.1
chr19	49812996	-	XP_011525648.1
chr19	49867054	-	NP_009185.2
chr19	49876603	-	NP_001092102.1
chr19	49901639	-	NP_001372568.1
chr19	49908239	-	NP_001180286.1
chr19	49961006	-	XP_005258533.3
chr19	50016024	-	XP_005259029.1
chr19	50162963	-	XP_011524739.1
chr19	50328213	-	NP_004968.2
chr19	50365539	-	XP_016883001.1
chr19	50476130	-	NP_612420.1
chr19	50510286	-	NP_001257569.1
chr19	50514491	-	XP_024307353.1
chr19	50548542	-	XP_047295677.1
chr19	50637264	-	NP_001411275.1
chr19	50716665	-	XP_047294850.1
chr19	50786090	-	NP_001371526.1
chr19	50823703	-	NP_002248.1
chr19	50831450	-	XP_047295020.1
chr19	50910678	-	NP_001289890.1
chr19	50927078	-	XP_047295760.1
chr19	50952585	-	NP_001070960.1
chr19	50968065	-	XP_024307379.1
chr19	50983851	-	NP_001193982.1
chr19	51001098	-	NP_001268360.1
chr19	51009505	-	NP_036447.1
chr19	51019043	-	XP_047295058.1
chr19	51027457	-	NP_006844.1
chr19	51034585	-	NP_001357055.1
chr19	51065016	-	XP_047294534.1
chr19	51082722	-	NP_001298111.2
chr19	51104062	-	NP_660275.2
chr19	51342085	-	NP_001157394.1
chr19	51366270	-	NP_001014763.1
chr19	51368409	-	XP_047294094.1
chr19	51372379	-	XP_006723291.1
chr19	51387269	-	NP_085915.2
chr19	51390478	-	NP_001180552.1
chr19	51417545	-	XP_047295561.1
chr19	51457934	-	NP_001350477.1
chr19	51501307	-	NP_201586.1
chr19	51531582	-	NP_001171018.1
chr19	51630299	-	NP_001371638.1
chr19	51646723	-	NP_001092082.1
chr19	51723925	-	NP_001284365.1
chr19	51745942	-	NP_001180235.1
chr19	51880323	-	NP_001357386.1
chr19	51900093	-	XP_047295195.1
chr19	51974346	-	XP_047295143.1
chr19	52008141	-	XP_047294604.1
chr19	52025731	-	NP_079316.2
chr19	52046854	-	XP_024307574.1
chr19	52084787	-	NP_001356758.1
chr19	52130501	-	NP_848618.2
chr19	52168058	-	XP_011524861.1
chr19	52613014	-	NP_001264877.1
chr19	52660762	-	NP_001382945.1
chr19	52715832	-	NP_001154973.1
chr19	52833546	-	NP_940859.3
chr19	52854258	-	XP_047295571.1
chr19	52890241	-	XP_024307165.1
chr19	52917859	-	NP_001371585.1
chr19	52956027	-	NP_001189402.1
chr19	53086262	-	XP_047295594.1
chr19	53132749	-	NP_001339079.1
chr19	53153733	-	NP_115973.2
chr19	53193241	-	XP_047295407.1
chr19	53251536	-	NP_872415.1
chr19	53266760	-	NP_776256.2
chr19	53823886	-	XP_016882952.1
chr19	54063744	-	NP_001275720.1
chr19	54081307	-	NP_001317579.1
chr19	54100756	-	NP_573398.2
chr19	54115247	-	XP_005278318.1
chr19	54159564	-	NP_077292.2
chr19	54173039	-	NP_653287.2
chr19	54188433	-	NP_001139528.1
chr19	54222943	-	NP_006855.3
chr19	54242718	-	NP_077294.3
chr19	54257160	-	NP_001074912.2
chr19	54280463	-	NP_001265333.2
chr19	54313017	-	NP_871714.1
chr19	54339060	-	NP_036408.4
chr19	54370262	-	NP_001275952.2
chr19	54462090	-	NP_001288711.1
chr19	54465101	-	NP_659494.2
chr19	54941435	-	NP_001392460.1
chr19	55038203	-	NP_001077368.2
chr19	55062968	-	XP_011524710.1
chr19	55117223	-	NP_001258547.1
chr19	55147126	-	NP_001119605.1
chr19	55157579	-	NP_000354.4
chr19	55166512	-	NP_001243645.1
chr19	55178963	-	XP_047295213.1
chr19	55209383	-	XP_047295109.1
chr19	55253426	-	NP_001358942.1
chr19	55279399	-	XP_011524993.1
chr19	55320969	-	XP_011525152.1
chr19	55354410	-	NP_653214.2
chr19	55362917	-	NP_001138874.1
chr19	55370304	-	NP_001254647.1
chr19	55383729	-	NP_001177693.1
chr19	55407587	-	NP_055316.2
chr19	55442193	-	NP_001138648.1
chr19	55456349	-	NP_001129674.1
chr19	55464382	-	NP_001373723.1
chr19	55536042	-	NP_001357025.1
chr19	55545499	-	XP_047293965.1
chr19	55577999	-	XP_016881899.1
chr19	55597572	-	XP_011525728.2
chr19	55624484	-	NP_976308.1
chr19	55738095	-	NP_789790.2
chr19	55817904	-	NP_001284672.1
chr19	55931993	-	NP_001307986.1
chr19	56103139	-	NP_001002836.2
chr19	56192669	-	NP_001372567.1
chr19	56313283	-	NP_001309001.1
chr19	56391744	-	NP_653291.1
chr19	56462338	-	NP_001308284.1
chr19	56567083	-	XP_047295762.1
chr19	56663585	-	XP_005259439.1
chr19	56824262	-	NP_056178.3
chr19	57142629	-	NP_443114.1
chr19	57167419	-	NP_001012747.1
chr19	57455425	-	NP_065684.1
chr19	57477277	-	XP_005259001.1
chr19	57559656	-	NP_001264022.1
chr19	57578672	-	NP_001340334.1
chr19	57708939	-	XP_047295325.1
chr19	57727391	-	NP_001308304.1
chr19	57814711	-	XP_005259324.1
chr19	57888767	-	XP_016882686.1
chr19	57916379	-	XP_047294179.1
chr19	57935161	-	NP_001303959.1
chr19	57947442	-	NP_001362332.1
chr19	57974312	-	NP_689687.1
chr19	58001289	-	NP_001334954.1
chr19	58118348	-	NP_001139016.1
chr19	58142557	-	XP_006723447.1
chr19	58353404	-	NP_570602.2
chr19	58356139	-	NP_001193938.1
chr19	58367737	-	NP_612475.1
chr19	58439759	-	XP_047295317.1
chr19	58511520	-	NP_036386.1
chr19	58516395	-	NP_001303909.1
chr19	58554045	-	NP_055268.1
chr19	58558273	-	NP_003960.1
chr19	58573247	-	XP_016882695.1
chr20	87710	+	NP_697020.2
chr20	142629	+	NP_112193.1
chr20	157545	+	NP_620713.1
chr20	227289	+	NP_543021.1
chr20	257779	+	NP_997352.1
chr20	297587	+	NP_149080.2
chr20	325925	+	NP_008874.2
chr20	349644	+	NP_001310613.1
chr20	382546	+	NP_001288130.1
chr20	408739	+	NP_006453.1
chr20	844805	+	NP_001276074.1
chr20	1118774	+	NP_848693.2
chr20	1203586	+	NP_001381887.1
chr20	1228454	+	XP_006723666.1
chr20	1296240	+	XP_011527704.1
chr20	1895448	+	XP_047295873.1
chr20	2101882	+	NP_543026.2
chr20	2296064	+	NP_003236.3
chr20	2380969	+	NP_945345.2
chr20	2536622	+	NP_542789.2
chr20	2652661	+	NP_006383.2
chr20	2692834	+	NP_001103984.2
chr20	2815185	+	NP_001243467.1
chr20	2816335	+	NP_001305136.1
chr20	2840775	+	NP_072097.2
chr20	2923259	+	NP_001372231.1
chr20	3044415	+	NP_001492.1
chr20	3071656	+	NP_000906.1
chr20	3208521	+	XP_047296095.1
chr20	3471073	+	NP_001193976.1
chr20	3736341	+	XP_047295826.1
chr20	3787132	+	NP_001274445.1
chr20	3822118	+	NP_001191375.1
chr20	3854625	+	NP_065797.2
chr20	3889101	+	NP_001311121.1
chr20	4175056	+	NP_001257620.1
chr20	4699221	+	NP_001073592.1
chr20	4724552	+	NP_036541.2
chr20	5127093	+	XP_006723723.1
chr20	5750382	+	XP_011527482.1
chr20	5911634	+	NP_001810.2
chr20	5952016	+	XP_047296510.1
chr20	6006247	+	XP_011527565.1
chr20	6770127	+	NP_001191.1
chr20	9307815	+	XP_024307666.1
chr20	9514853	+	NP_036393.1
chr20	10038302	+	NP_071379.3
chr20	10275492	+	XP_047296347.1
chr20	10458205	+	NP_001009608.1
chr20	11918276	+	NP_001381934.1
chr20	13009268	+	XP_047296212.1
chr20	13221777	+	NP_543016.1
chr20	13785069	+	XP_047296426.1
chr20	15862805	+	NP_001338593.1
chr20	16731703	+	NP_003083.1
chr20	16748402	+	XP_016883448.1
chr20	17570209	+	NP_006861.1
chr20	17693689	+	NP_001152967.1
chr20	17969860	+	XP_016883617.1
chr20	18137956	+	NP_001158283.1
chr20	18298060	+	NP_001269925.2
chr20	18467507	+	XP_047295792.1
chr20	18510836	+	NP_116781.1
chr20	18567479	+	NP_001335886.1
chr20	18588073	+	NP_001304972.1
chr20	18813816	+	NP_848578.1
chr20	19886670	+	XP_047296168.1
chr20	20017397	+	NP_852669.1
chr20	20056654	+	NP_001161288.1
chr20	20368268	+	NP_002187.1
chr20	21126037	+	NP_001263318.1
chr20	21303399	+	NP_036387.2
chr20	21705713	+	NP_001244025.1
chr20	22744754	+	XP_047296593.1
chr20	23035484	+	NP_001043.2
chr20	23354042	+	NP_037380.1
chr20	23364384	+	XP_047296334.1
chr20	23440268	+	NP_612140.1
chr20	23491668	+	XP_047295772.1
chr20	24543098	+	XP_016883558.1
chr20	24949506	+	NP_003641.3
chr20	25195865	+	NP_001309322.2
chr20	25248179	+	XP_047296298.1
chr20	25407821	+	XP_047296581.1
chr20	30813844	+	XP_047296594.1
chr20	31257664	+	NP_001032819.1
chr20	31368651	+	NP_473453.1
chr20	31440699	+	NP_697019.1
chr20	31476446	+	XP_005260461.1
chr20	31514552	+	NP_848697.1
chr20	31605388	+	NP_851998.1
chr20	31639018	+	NP_115998.2
chr20	31757477	+	NP_036244.2
chr20	31819581	+	NP_149109.1
chr20	31871127	+	NP_001008409.1
chr20	31968176	+	NP_001011718.1
chr20	32010455	+	NP_542192.2
chr20	32052425	+	NP_002101.2
chr20	32109741	+	NP_055557.2
chr20	32207942	+	NP_758436.1
chr20	32309778	+	NP_004789.1
chr20	32358776	+	NP_001158075.1
chr20	32780116	+	XP_047295915.1
chr20	32825928	+	XP_011526998.1
chr20	32863793	+	XP_024307653.1
chr20	33008575	+	NP_079503.1
chr20	33031648	+	XP_016883152.1
chr20	33055436	+	NP_001363861.2
chr20	33081527	+	NP_872325.2
chr20	33169146	+	NP_001306093.1
chr20	33217537	+	NP_001035904.1
chr20	33237712	+	NP_570913.1
chr20	33286074	+	NP_149974.2
chr20	33490268	+	NP_001028171.1
chr20	33662346	+	NP_543015.1
chr20	33667498	+	NP_001019846.1
chr20	33732022	+	NP_001269862.1
chr20	33811469	+	NP_789782.1
chr20	34072075	+	XP_011526997.1
chr20	34260375	+	XP_011527123.1
chr20	34393812	+	XP_047296495.1
chr20	34516459	+	NP_001306086.1
chr20	34549978	+	XP_011527386.1
chr20	34708740	+	NP_067025.1
chr20	34875100	+	XP_011527211.1
chr20	34975495	+	XP_047296292.1
chr20	35171175	+	XP_047295786.1
chr20	35226739	+	NP_006681.1
chr20	35462368	+	XP_047295820.1
chr20	35542098	+	NP_938408.1
chr20	35616004	+	NP_003107.1
chr20	35699633	+	NP_542786.1
chr20	35801523	+	XP_047296136.1
chr20	35954580	+	XP_047295885.1
chr20	36125444	+	NP_001245259.1
chr20	36239869	+	XP_006723833.1
chr20	36431718	+	XP_047295967.1
chr20	36544885	+	NP_006088.2
chr20	36578775	+	NP_001186442.1
chr20	36876175	+	NP_001291712.1
chr20	37179357	+	XP_006723914.1
chr20	37384076	+	XP_047296363.1
chr20	37521332	+	NP_005377.1
chr20	37694123	+	NP_110517.2
chr20	37903351	+	NP_542174.1
chr20	38033948	+	NP_067038.1
chr20	38304212	+	XP_047296350.1
chr20	38346517	+	NP_004130.2
chr20	38430793	+	XP_047296592.1
chr20	38488433	+	XP_047296272.1
chr20	38581251	+	NP_001380745.1
chr20	38601943	+	NP_001157903.2
chr20	38724725	+	NP_542119.1
chr20	38748479	+	NP_079131.3
chr20	38835926	+	NP_056383.1
chr20	38926443	+	NP_112181.3
chr20	38962368	+	XP_047296311.1
chr20	41029068	+	NP_003277.1
chr20	41137642	+	XP_011527169.1
chr20	41345804	+	XP_006723926.1
chr20	43458034	+	XP_047296328.1
chr20	43513504	+	NP_001364232.1
chr20	43566496	+	NP_733794.1
chr20	43594699	+	NP_057088.2
chr20	43667284	+	NP_002457.1
chr20	43914892	+	XP_047296519.1
chr20	44247335	+	NP_001243666.1
chr20	44337158	+	NP_848586.1
chr20	44355805	+	NP_001025175.1
chr20	44480000	+	XP_024307769.1
chr20	44614557	+	NP_861521.1
chr20	44715391	+	NP_001310299.1
chr20	44745911	+	NP_071753.2
chr20	44901534	+	XP_016883529.1
chr20	44910144	+	XP_047296474.1
chr20	44966569	+	XP_016883522.1
chr20	45174923	+	NP_002629.1
chr20	45207054	+	NP_002998.1
chr20	45221390	+	NP_002999.1
chr20	45306923	+	NP_001268377.1
chr20	45363532	+	NP_001184058.1
chr20	45406452	+	NP_060948.3
chr20	45416157	+	NP_057021.2
chr20	45469782	+	NP_006094.3
chr20	45629814	+	NP_542791.1
chr20	45702124	+	NP_742002.1
chr20	45722368	+	NP_848550.1
chr20	45792005	+	NP_443183.1
chr20	45812696	+	NP_001268671.1
chr20	45833920	+	XP_047296536.1
chr20	45857826	+	NP_542790.2
chr20	45882593	+	XP_005260668.1
chr20	45891569	+	NP_001121167.1
chr20	45939000	+	XP_011527282.1
chr20	46008927	+	NP_004985.2
chr20	46021766	+	NP_001128243.1
chr20	46118344	+	XP_011527411.1
chr20	46708487	+	XP_011527365.1
chr20	46990011	+	NP_005235.3
chr20	47622248	+	NP_001167559.1
chr20	48921890	+	NP_006411.2
chr20	49058464	+	NP_001349691.1
chr20	49219449	+	NP_001335116.2
chr20	49812923	+	XP_011527047.1
chr20	49936413	+	NP_061153.1
chr20	49983060	+	NP_005976.2
chr20	50143729	+	XP_047296586.1
chr20	50191034	+	NP_005185.2
chr20	50191628	+	NP_001272808.1
chr20	50510528	+	NP_002818.1
chr20	50731787	+	NP_115910.1
chr20	50794994	+	XP_047296234.1
chr20	50958843	+	NP_055299.1
chr20	53185646	+	NP_001180350.1
chr20	54208101	+	XP_047296155.1
chr20	54475947	+	NP_001281090.1
chr20	56248844	+	NP_063941.3
chr20	56359006	+	NP_543011.2
chr20	56395553	+	NP_001028693.1
chr20	56412459	+	NP_001157588.1
chr20	56468698	+	NP_001269964.1
chr20	56524809	+	XP_047295921.1
chr20	56533342	+	NP_001013668.2
chr20	56629545	+	NP_003213.1
chr20	57329868	+	XP_005260439.1
chr20	57354039	+	XP_011527389.1
chr20	57391582	+	XP_011527187.1
chr20	57561412	+	NP_002582.3
chr20	58150965	+	NP_848551.1
chr20	58309977	+	NP_065724.1
chr20	58389460	+	NP_004729.1
chr20	58652007	+	NP_001001433.1
chr20	58691765	+	NP_001191801.1
chr20	58717595	+	XP_047296588.1
chr20	58840107	+	NP_057676.1
chr20	58840844	+	XP_047296069.1
chr20	58981256	+	XP_047296144.1
chr20	59019523	+	NP_110400.1
chr20	59191020	+	XP_011526842.1
chr20	59300813	+	NP_001411292.1
chr20	59743112	+	XP_016883115.1
chr20	59943944	+	NP_001177755.1
chr20	59958727	+	NP_817089.1
chr20	61743616	+	XP_047295768.1
chr20	62122667	+	XP_011526907.1
chr20	62143821	+	XP_005260446.1
chr20	62188839	+	XP_024307637.1
chr20	62256185	+	NP_653081.1
chr20	62303569	+	XP_011526805.1
chr20	62387339	+	NP_001015.1
chr20	62656455	+	XP_047296082.1
chr20	62709208	+	NP_002522.2
chr20	62796524	+	NP_060740.1
chr20	62804860	+	NP_031372.2
chr20	62817065	+	XP_047295851.1
chr20	62941503	+	XP_047296203.1
chr20	62952831	+	NP_071365.4
chr20	63236097	+	NP_647478.1
chr20	63244807	+	XP_047296589.1
chr20	63275581	+	XP_047296245.1
chr20	63295108	+	XP_011527240.1
chr20	63521309	+	NP_077275.1
chr20	63553694	+	XP_047296422.1
chr20	63659403	+	NP_116575.3
chr20	63696768	+	NP_003814.1
chr20	63708581	+	NP_001076582.1
chr20	63737550	+	NP_001292583.1
chr20	63739913	+	NP_064446.2
chr20	63861541	+	NP_542189.1
chr20	63865366	+	NP_955392.1
chr20	63919400	+	XP_047296590.1
chr20	63928346	+	XP_047296465.1
chr20	63981246	+	NP_036601.2
chr20	64036324	+	NP_001335019.1
chr20	64063313	+	XP_005260286.1
chr20	64086579	+	XP_011527130.1
chr20	64198862	+	NP_004526.1
chr20	64259966	+	NP_060727.2
chr20	189575	-	NP_001032821.1
chr20	290591	-	XP_047295855.1
chr20	348673	-	XP_047296591.1
chr20	462336	-	NP_653229.1
chr20	508451	-	NP_808228.1
chr20	609713	-	NP_004600.3
chr20	652976	-	NP_542763.1
chr20	675469	-	NP_149120.1
chr20	765208	-	XP_047295824.1
chr20	915906	-	XP_011527541.1
chr20	1002086	-	NP_001035096.1
chr20	1186504	-	NP_001374258.1
chr20	1320363	-	NP_056500.2
chr20	1392962	-	NP_001186715.1
chr20	1466720	-	XP_016883447.1
chr20	1491275	-	XP_047296085.1
chr20	1557581	-	XP_047295843.1
chr20	1619869	-	NP_001317568.1
chr20	1657642	-	XP_011527588.1
chr20	1982956	-	NP_001177828.1
chr20	2470688	-	NP_937859.1
chr20	2493778	-	NP_001269427.1
chr20	2664153	-	NP_777280.1
chr20	2800401	-	NP_001171628.1
chr20	2839789	-	NP_001258097.1
chr20	3084555	-	NP_000481.2
chr20	3123312	-	NP_955447.1
chr20	3146776	-	NP_068598.1
chr20	3167799	-	NP_001375122.1
chr20	3204537	-	NP_076424.1
chr20	3239095	-	XP_047296499.1
chr20	3407475	-	XP_011527510.1
chr20	3663354	-	NP_071422.1
chr20	3681908	-	XP_011527669.1
chr20	3707080	-	NP_001354018.1
chr20	3760082	-	XP_011527568.1
chr20	3781179	-	NP_056232.2
chr20	3784684	-	NP_001801.1
chr20	3989585	-	NP_001127809.1
chr20	4247847	-	NP_000669.1
chr20	4800972	-	XP_016883642.1
chr20	4932455	-	NP_976072.1
chr20	5112961	-	NP_001317916.1
chr20	5119578	-	NP_002583.1
chr20	5313912	-	XP_016883135.1
chr20	5604364	-	NP_062539.1
chr20	5950278	-	NP_001268396.1
chr20	6052145	-	NP_689824.2
chr20	6119404	-	XP_047296216.1
chr20	7940286	-	NP_060015.1
chr20	8019438	-	NP_066979.2
chr20	9644125	-	NP_817127.1
chr20	10412530	-	NP_740754.1
chr20	10413735	-	NP_001381078.1
chr20	10420546	-	NP_001381077.1
chr20	10673450	-	NP_000205.1
chr20	13629934	-	XP_047296232.1
chr20	13782504	-	NP_001263309.1
chr20	13990477	-	XP_006723717.1
chr20	14325557	-	NP_037413.1
chr20	17558692	-	NP_001265537.1
chr20	17659980	-	NP_001352542.1
chr20	17968375	-	NP_001269383.1
chr20	18057535	-	NP_001290391.1
chr20	18466862	-	XP_011527579.1
chr20	18497069	-	NP_006597.2
chr20	20055948	-	XP_047296143.1
chr20	20712375	-	XP_016883466.1
chr20	21396958	-	NP_149416.1
chr20	21513411	-	NP_001411340.1
chr20	22584192	-	XP_047296090.1
chr20	23047777	-	NP_000352.1
chr20	23084259	-	NP_036204.2
chr20	23421305	-	XP_047296314.1
chr20	23452584	-	NP_543020.2
chr20	23568211	-	NP_542177.1
chr20	23605610	-	NP_001008693.2
chr20	23637620	-	NP_001275543.1
chr20	23688742	-	NP_001890.1
chr20	23750639	-	NP_001889.2
chr20	23826433	-	NP_001313.1
chr20	23879446	-	NP_001891.2
chr20	23986436	-	XP_011527695.1
chr20	24992594	-	NP_065392.1
chr20	25057769	-	NP_001239606.1
chr20	25081673	-	NP_001243201.1
chr20	25390513	-	NP_056415.1
chr20	25584608	-	XP_011527500.1
chr20	25623859	-	NP_689880.1
chr20	25686391	-	XP_005260759.1
chr20	31308519	-	NP_001032820.1
chr20	31390423	-	NP_695021.2
chr20	31412622	-	NP_001011878.1
chr20	31472956	-	NP_001032589.1
chr20	31721844	-	NP_001304849.1
chr20	31844550	-	NP_004109.1
chr20	31870576	-	XP_016883145.1
chr20	31951875	-	NP_110442.1
chr20	32201919	-	NP_002648.1
chr20	32584570	-	NP_542183.2
chr20	32651018	-	NP_872390.2
chr20	32743308	-	XP_047295888.1
chr20	33004264	-	XP_011526877.1
chr20	33401428	-	XP_047296152.1
chr20	33443311	-	XP_024307739.1
chr20	33674224	-	XP_011527293.1
chr20	33686004	-	NP_005216.1
chr20	33720095	-	NP_009169.3
chr20	34112096	-	XP_016883607.1
chr20	34303243	-	XP_011526961.1
chr20	34676956	-	XP_011526844.1
chr20	34782121	-	XP_047296015.1
chr20	34872647	-	XP_011527085.1
chr20	34951724	-	NP_000169.1
chr20	35092614	-	XP_047296058.1
chr20	35147152	-	NP_001341937.1
chr20	35277714	-	NP_001341933.1
chr20	35284381	-	NP_852131.1
chr20	35291792	-	XP_047295848.1
chr20	35411940	-	XP_011527183.1
chr20	35437298	-	NP_001306067.1
chr20	35529065	-	XP_047295866.1
chr20	35653528	-	NP_001185792.1
chr20	35699192	-	NP_001185918.1
chr20	35740824	-	NP_001310352.1
chr20	35953745	-	NP_001372639.1
chr20	36641245	-	NP_115590.1
chr20	36721679	-	XP_011527228.1
chr20	36771425	-	NP_001138790.1
chr20	36862658	-	NP_954650.2
chr20	36951436	-	NP_001350658.1
chr20	37095773	-	NP_001310210.1
chr20	37518911	-	NP_006689.1
chr20	38011515	-	NP_001290386.1
chr20	38168373	-	NP_001310245.1
chr20	38260498	-	XP_024307781.1
chr20	40687879	-	NP_005452.2
chr20	41136758	-	XP_047296585.1
chr20	41202283	-	XP_005260398.1
chr20	41366468	-	NP_443078.1
chr20	41551305	-	XP_005260633.1
chr20	43726458	-	NP_789761.1
chr20	44186327	-	NP_065166.2
chr20	44206881	-	XP_016883362.1
chr20	44310976	-	NP_001073941.1
chr20	44521913	-	NP_945179.1
chr20	44651575	-	NP_001308979.1
chr20	44810175	-	NP_892015.1
chr20	44960207	-	XP_011526803.1
chr20	45099161	-	NP_001309728.1
chr20	45114999	-	XP_047295886.1
chr20	45124369	-	NP_543145.1
chr20	45254459	-	NP_003055.1
chr20	45305510	-	NP_003824.2
chr20	45348325	-	XP_011527279.1
chr20	45378189	-	XP_011527092.1
chr20	45515533	-	NP_006643.1
chr20	45547267	-	NP_543017.1
chr20	45579222	-	NP_852611.2
chr20	45610091	-	NP_671731.1
chr20	45650501	-	NP_671730.1
chr20	45704918	-	NP_742003.1
chr20	45791707	-	NP_542181.1
chr20	45827246	-	XP_011527333.1
chr20	45857188	-	XP_047295766.1
chr20	45887536	-	XP_024307594.1
chr20	45890250	-	NP_542787.1
chr20	45911353	-	NP_001229850.1
chr20	45971210	-	NP_071378.1
chr20	46079387	-	NP_001335077.1
chr20	46251040	-	XP_024307734.1
chr20	46358691	-	NP_001268388.1
chr20	46394405	-	XP_047296318.1
chr20	46512082	-	NP_001340745.1
chr20	46550517	-	NP_542452.1
chr20	46651311	-	NP_001180269.1
chr20	46689132	-	NP_291028.3
chr20	47356657	-	NP_001268709.1
chr20	47757189	-	XP_047296252.1
chr20	48726290	-	XP_047296290.1
chr20	49165997	-	NP_059348.2
chr20	49275779	-	NP_066363.1
chr20	49481914	-	XP_011527101.1
chr20	49568043	-	NP_000952.1
chr20	49713576	-	XP_047296544.1
chr20	49908155	-	NP_006029.1
chr20	50153517	-	NP_001269504.1
chr20	50691126	-	XP_011526887.1
chr20	50928651	-	XP_047296034.1
chr20	50958363	-	NP_001303965.1
chr20	51009565	-	NP_002228.2
chr20	51346887	-	XP_047296587.1
chr20	51562560	-	NP_001245224.1
chr20	51768302	-	NP_006036.1
chr20	51802279	-	XP_047296274.1
chr20	52191591	-	XP_006723885.1
chr20	53581461	-	XP_011527338.1
chr20	54058647	-	NP_001353226.1
chr20	54173322	-	XP_016883181.1
chr20	56003881	-	NP_542184.1
chr20	56388312	-	NP_940839.1
chr20	57265705	-	NP_001710.1
chr20	57523663	-	NP_001255972.1
chr20	57620262	-	XP_047296481.1
chr20	57710460	-	NP_954640.1
chr20	58228224	-	NP_001291298.1
chr20	58514659	-	NP_001291716.1
chr20	59006986	-	NP_001327.2
chr20	59032220	-	NP_008817.1
chr20	59042699	-	NP_001243332.1
chr20	59922390	-	XP_047295785.1
chr20	59939032	-	NP_006233.1
chr20	62064451	-	NP_003176.2
chr20	62143208	-	NP_002783.1
chr20	62219721	-	XP_016883112.2
chr20	62366949	-	XP_047296105.1
chr20	62406915	-	XP_047296486.1
chr20	62419587	-	NP_543023.2
chr20	62474999	-	NP_536721.1
chr20	62861024	-	XP_047295796.1
chr20	62910774	-	NP_149072.2
chr20	63006049	-	NP_542173.2
chr20	63215866	-	XP_024307682.1
chr20	63254397	-	NP_001350647.1
chr20	63361090	-	NP_001243502.1
chr20	63472168	-	XP_016883334.1
chr20	63497620	-	NP_001949.1
chr20	63537085	-	NP_005966.1
chr20	63547108	-	NP_543013.1
chr20	63572108	-	NP_208384.3
chr20	63619267	-	XP_006723839.1
chr20	63653327	-	NP_001263239.1
chr20	63706999	-	NP_001254475.1
chr20	63789821	-	XP_011526850.1
chr20	63956260	-	XP_047296200.1
chr20	63969814	-	XP_047296285.1
chr20	63979854	-	NP_542188.1
chr20	64049159	-	NP_060889.1
chr20	64077110	-	XP_005260240.1
chr20	64083818	-	XP_024307617.1
chr20	64105830	-	NP_005277.2
chr21	5012475	+	XP_047297020.1
chr21	5022680	+	XP_006723962.1
chr21	6112084	+	NP_001307572.1
chr21	6142327	+	XP_047297018.1
chr21	6560783	+	NP_001300979.1
chr21	7748976	+	NP_001381081.1
chr21	7775289	+	XP_047297012.1
chr21	10538724	+	NP_954870.3
chr21	13610229	+	XP_011527852.1
chr21	14216187	+	NP_001307531.1
chr21	15730394	+	XP_011527837.1
chr21	17513130	+	NP_001329.1
chr21	18241662	+	XP_047296638.1
chr21	21210562	+	NP_001339526.1
chr21	25639822	+	NP_001257337.1
chr21	25741599	+	XP_016883802.1
chr21	29027914	+	XP_016883747.1
chr21	29092473	+	XP_047296886.1
chr21	29321281	+	NP_001177.1
chr21	30396087	+	NP_853630.2
chr21	30430276	+	NP_853631.1
chr21	30440328	+	NP_853654.1
chr21	30592446	+	NP_853636.3
chr21	30601121	+	NP_853651.1
chr21	30616455	+	NP_853646.1
chr21	30620658	+	NP_001337906.1
chr21	30635264	+	NP_853647.1
chr21	30642889	+	NP_001121549.1
chr21	31659770	+	NP_000445.1
chr21	31873675	+	NP_055401.1
chr21	32298972	+	NP_848932.1
chr21	32412854	+	XP_047296890.1
chr21	33026863	+	NP_005797.1
chr21	33070247	+	NP_620450.2
chr21	33241923	+	NP_000865.2
chr21	33325056	+	NP_000620.2
chr21	33403544	+	NP_001316057.1
chr21	33543093	+	NP_001278340.2
chr21	33718829	+	XP_016883930.1
chr21	34073701	+	NP_115865.1
chr21	34370479	+	NP_751951.1
chr21	34379505	+	NP_001363828.1
chr21	34669389	+	NP_001303938.1
chr21	36070116	+	NP_001273718.1
chr21	36135193	+	XP_011528074.1
chr21	36164734	+	NP_001307643.1
chr21	36320265	+	NP_056173.1
chr21	36386137	+	NP_005432.1
chr21	36699747	+	XP_047296909.1
chr21	37006773	+	NP_061835.1
chr21	37073429	+	NP_001307632.1
chr21	37420375	+	NP_567824.1
chr21	38299262	+	NP_001263368.1
chr21	38805347	+	NP_001243224.1
chr21	39380385	+	NP_004618.2
chr21	39657882	+	NP_149362.2
chr21	39727623	+	XP_047296655.1
chr21	41168264	+	NP_036237.2
chr21	41304250	+	XP_011527951.1
chr21	41376907	+	NP_002454.1
chr21	41432071	+	XP_047296732.1
chr21	42071317	+	NP_775839.4
chr21	42201676	+	NP_997510.1
chr21	42403946	+	XP_011527911.1
chr21	42518455	+	XP_047296802.1
chr21	42653815	+	XP_011527902.1
chr21	42893334	+	XP_011527888.1
chr21	43004382	+	XP_047296782.1
chr21	43169100	+	NP_000385.1
chr21	43450110	+	XP_047297015.1
chr21	43565239	+	NP_059141.1
chr21	43659665	+	NP_055871.1
chr21	43719295	+	NP_003672.1
chr21	43789630	+	XP_016883974.1
chr21	43867323	+	XP_047296878.1
chr21	44012494	+	XP_047296932.1
chr21	44107417	+	NP_005040.2
chr21	44133698	+	NP_001307313.1
chr21	44286007	+	NP_000374.1
chr21	44300106	+	XP_005261192.1
chr21	44353701	+	XP_047296935.1
chr21	44456645	+	NP_112153.1
chr21	44573759	+	NP_941960.2
chr21	44600622	+	NP_941962.1
chr21	44612101	+	NP_941968.2
chr21	44627172	+	NP_941963.2
chr21	44637418	+	NP_859016.1
chr21	44646459	+	NP_941965.2
chr21	44657980	+	NP_941970.2
chr21	44697202	+	NP_941972.1
chr21	44940058	+	NP_478070.1
chr21	45134796	+	XP_047296618.1
chr21	45850086	+	XP_047296841.1
chr21	45981851	+	NP_001839.2
chr21	46111477	+	NP_478055.2
chr21	46286914	+	NP_001300955.1
chr21	46324229	+	NP_006022.3
chr21	46459132	+	NP_996774.1
chr21	46636952	+	NP_001229794.1
chr21	5128214	-	NP_001350690.1
chr21	5154623	-	NP_001355167.1
chr21	5165339	-	XP_011544384.4
chr21	5972953	-	XP_006723981.1
chr21	6135647	-	XP_047297017.1
chr21	6463663	-	XP_016883699.1
chr21	6499129	-	NP_001307580.1
chr21	7769793	-	NP_001351640.1
chr21	7793821	-	NP_001373749.1
chr21	7825374	-	NP_001356798.1
chr21	9376352	-	XP_011542311.1
chr21	14210800	-	NP_001289930.1
chr21	14383095	-	NP_008879.3
chr21	14658748	-	NP_001273452.1
chr21	14964716	-	XP_011528054.1
chr21	17611657	-	NP_006797.3
chr21	17818192	-	NP_059143.3
chr21	18403478	-	XP_047296869.1
chr21	25607403	-	XP_011527953.1
chr21	25734939	-	NP_001003697.1
chr21	26572868	-	NP_443186.3
chr21	26844225	-	NP_008919.3
chr21	26965288	-	XP_047296636.1
chr21	26971920	-	XP_047297019.1
chr21	28885212	-	NP_877426.4
chr21	28971622	-	XP_047296698.1
chr21	29071952	-	XP_047296624.1
chr21	30165943	-	NP_036263.1
chr21	30215248	-	NP_955360.1
chr21	30282168	-	NP_001078924.1
chr21	30289182	-	NP_001122070.1
chr21	30319403	-	NP_981950.1
chr21	30337045	-	NP_001071179.1
chr21	30348409	-	NP_853655.1
chr21	30371686	-	NP_853652.1
chr21	30425394	-	NP_853653.1
chr21	30480045	-	NP_853638.1
chr21	30487190	-	NP_853639.1
chr21	30491712	-	NP_853640.1
chr21	30496856	-	NP_853641.1
chr21	30501872	-	NP_853642.1
chr21	30541657	-	NP_853643.1
chr21	30561098	-	NP_853645.1
chr21	30590237	-	NP_001157906.1
chr21	30598686	-	NP_853635.1
chr21	30613689	-	NP_853633.1
chr21	30718583	-	NP_001157907.1
chr21	30746951	-	NP_853648.1
chr21	30755139	-	NP_853650.1
chr21	30813029	-	NP_787053.1
chr21	30829435	-	NP_853637.2
chr21	30881033	-	NP_787054.1
chr21	31038252	-	NP_001092689.1
chr21	31266010	-	NP_001340614.1
chr21	31731663	-	NP_001138916.1
chr21	32278681	-	XP_016883889.1
chr21	32392769	-	NP_055640.2
chr21	32612105	-	NP_653260.1
chr21	32727946	-	XP_047296995.1
chr21	32771326	-	XP_006724129.1
chr21	32793762	-	NP_001155968.2
chr21	33468787	-	XP_011528048.1
chr21	33488227	-	NP_001307675.1
chr21	33539171	-	XP_047296699.1
chr21	33588321	-	NP_060083.1
chr21	33631486	-	NP_665857.2
chr21	33915728	-	NP_001688.1
chr21	34400317	-	NP_001269466.1
chr21	34423833	-	NP_001354277.1
chr21	34449245	-	XP_047296720.1
chr21	34614760	-	NP_981962.1
chr21	34889677	-	NP_001001890.1
chr21	36058816	-	XP_011527945.1
chr21	36460976	-	NP_001139549.1
chr21	36966444	-	XP_024307833.1
chr21	37072434	-	NP_057514.2
chr21	37267238	-	NP_001317947.1
chr21	38575662	-	NP_001230358.1
chr21	39183252	-	XP_024307903.1
chr21	39313443	-	XP_011527915.1
chr21	39348903	-	XP_047296713.1
chr21	39428172	-	NP_001371221.1
chr21	41507950	-	NP_001369649.1
chr21	41766860	-	NP_065690.2
chr21	41878695	-	XP_047296896.1
chr21	41953370	-	NP_950251.1
chr21	41992493	-	NP_065778.3
chr21	42315293	-	NP_003217.4
chr21	42350879	-	NP_005414.1
chr21	42366411	-	NP_003216.1
chr21	42395324	-	NP_115780.1
chr21	42496133	-	XP_005261265.1
chr21	42879407	-	XP_024307816.1
chr21	42918524	-	NP_001295420.1
chr21	43071985	-	XP_047296988.1
chr21	43107451	-	XP_024307897.1
chr21	43328698	-	XP_047297013.1
chr21	43426023	-	XP_011527776.1
chr21	43658061	-	XP_016883758.1
chr21	43776204	-	NP_000091.1
chr21	44240804	-	XP_011527818.1
chr21	44261154	-	NP_787063.1
chr21	44339118	-	XP_047296942.1
chr21	44567785	-	NP_001258966.1
chr21	44579763	-	NP_941967.3
chr21	44591387	-	NP_941961.3
chr21	44654276	-	NP_941971.1
chr21	44666446	-	NP_859012.1
chr21	44681833	-	NP_859014.1
chr21	44801706	-	NP_001189418.1
chr21	44817948	-	NP_008867.2
chr21	44873502	-	NP_001273751.1
chr21	44910725	-	NP_001290167.1
chr21	45287741	-	XP_047296683.1
chr21	45544469	-	XP_047296919.1
chr21	46155470	-	NP_001307341.1
chr21	46182624	-	XP_011528058.1
chr21	46228732	-	NP_001138909.1
chr21	46284068	-	XP_005261262.1
chr21	46322639	-	XP_047296850.1
chr21	46602278	-	NP_006263.1
chr22	15528192	+	NP_001005239.2
chr22	15690078	+	NP_001129685.1
chr22	17085092	+	NP_055154.3
chr22	17369784	+	XP_047297301.1
chr22	17579945	+	NP_113669.1
chr22	17638694	+	XP_047297242.1
chr22	18078377	+	NP_001121121.1
chr22	18110866	+	NP_061816.1
chr22	18157664	+	NP_059110.2
chr22	18527981	+	NP_001229242.1
chr22	18633984	+	XP_047297071.1
chr22	18906375	+	XP_047297465.1
chr22	19029524	+	NP_001382956.1
chr22	19131400	+	NP_443732.3
chr22	19432555	+	NP_003767.2
chr22	19479557	+	XP_011528718.1
chr22	19714589	+	NP_002679.2
chr22	19723570	+	NP_000398.1
chr22	19759644	+	NP_542378.1
chr22	19936861	+	XP_047297645.1
chr22	19962527	+	NP_001349757.1
chr22	20036799	+	NP_001270177.1
chr22	20085964	+	NP_073557.3
chr22	20116185	+	NP_001265568.1
chr22	20131948	+	NP_037505.1
chr22	20353394	+	XP_047297655.1
chr22	20394629	+	NP_003417.2
chr22	20507679	+	XP_016884310.1
chr22	20779313	+	NP_000176.2
chr22	20859111	+	NP_004773.1
chr22	20917935	+	NP_005198.1
chr22	20967945	+	NP_653305.1
chr22	20982372	+	NP_006758.2
chr22	21015175	+	XP_011528804.1
chr22	21045987	+	XP_016884286.1
chr22	21383859	+	NP_001122107.1
chr22	21442832	+	NP_055909.2
chr22	21467460	+	NP_001193981.2
chr22	21549450	+	NP_001243284.1
chr22	21632984	+	XP_047297125.1
chr22	21642337	+	NP_071327.2
chr22	21666100	+	XP_024307961.1
chr22	22244803	+	NP_001290438.1
chr22	22646346	+	NP_001378839.1
chr22	22888054	+	NP_001171597.1
chr22	23095696	+	XP_016884275.1
chr22	23145366	+	XP_047297579.1
chr22	23180961	+	NP_004318.3
chr22	23538874	+	XP_047297646.1
chr22	23692031	+	NP_001316353.1
chr22	23763307	+	XP_016884107.1
chr22	23772871	+	NP_005931.2
chr22	23787170	+	NP_001349806.1
chr22	23856971	+	NP_001020109.1
chr22	23894475	+	NP_002406.1
chr22	23966915	+	XP_011528118.1
chr22	24035518	+	XP_047297205.1
chr22	24181520	+	NP_062547.1
chr22	24302232	+	NP_056145.5
chr22	24433405	+	NP_001265429.1
chr22	24495404	+	XP_011528525.1
chr22	24557675	+	NP_004166.1
chr22	24611082	+	NP_038347.2
chr22	24806326	+	NP_001035037.1
chr22	25028000	+	NP_001373859.1
chr22	25201397	+	XP_047297103.1
chr22	25221430	+	XP_006724204.1
chr22	25565041	+	XP_047297123.1
chr22	26433616	+	NP_065170.2
chr22	26483891	+	NP_001013716.2
chr22	26608060	+	XP_006724203.1
chr22	28742096	+	NP_001350785.1
chr22	28772850	+	NP_775781.1
chr22	28883767	+	NP_001193927.1
chr22	29073131	+	XP_011528731.1
chr22	29206039	+	XP_011528175.1
chr22	29268337	+	XP_047297158.1
chr22	29308106	+	NP_001349914.1
chr22	29438792	+	NP_066306.2
chr22	29480263	+	NP_066554.2
chr22	29603999	+	NP_057502.2
chr22	29720425	+	NP_872333.1
chr22	29767399	+	NP_001003684.1
chr22	29971060	+	NP_066576.1
chr22	30093953	+	XP_047297112.1
chr22	30366001	+	NP_001305264.1
chr22	30397117	+	NP_203740.1
chr22	30425880	+	NP_057582.2
chr22	30607332	+	NP_000346.2
chr22	30636451	+	NP_001001479.1
chr22	30822631	+	NP_001269670.1
chr22	30969357	+	NP_001385409.1
chr22	31080644	+	NP_001369571.1
chr22	31123015	+	NP_001410402.1
chr22	31187095	+	NP_689480.2
chr22	31212409	+	NP_005560.1
chr22	31399684	+	NP_004138.1
chr22	31508285	+	NP_001245254.1
chr22	31754922	+	NP_001007189.1
chr22	31944734	+	NP_003396.1
chr22	32043282	+	XP_011528633.1
chr22	32358072	+	NP_001092005.1
chr22	32475003	+	NP_036311.3
chr22	32802002	+	NP_000353.1
chr22	35067088	+	XP_047297554.1
chr22	35262391	+	XP_047297023.1
chr22	35299929	+	NP_001129204.1
chr22	35381174	+	NP_002124.1
chr22	35400439	+	NP_006730.2
chr22	35546810	+	NP_001363444.1
chr22	35656426	+	XP_011528694.1
chr22	35713708	+	XP_006724384.1
chr22	36253963	+	NP_663318.1
chr22	36861172	+	NP_038202.2
chr22	36922208	+	XP_011528205.1
chr22	37019837	+	XP_047297332.1
chr22	37051761	+	XP_011528676.2
chr22	37282570	+	NP_037517.1
chr22	37566350	+	NP_689449.1
chr22	37608861	+	XP_047297283.1
chr22	37639788	+	NP_061830.3
chr22	37658783	+	NP_064711.1
chr22	37675703	+	NP_002296.1
chr22	37686393	+	NP_077289.1
chr22	37701366	+	NP_001034230.1
chr22	37805545	+	NP_005309.1
chr22	37807968	+	NP_001165161.1
chr22	37823407	+	NP_003605.1
chr22	37849450	+	NP_057175.1
chr22	37906423	+	XP_011528778.1
chr22	37953788	+	NP_068809.1
chr22	38057810	+	NP_001034672.1
chr22	38213684	+	XP_047297226.1
chr22	38468234	+	NP_057839.1
chr22	38668055	+	NP_001002880.3
chr22	38681979	+	NP_064628.1
chr22	38705956	+	XP_047297573.1
chr22	38957692	+	NP_663745.1
chr22	38982454	+	NP_004891.5
chr22	39014363	+	NP_055323.2
chr22	39021520	+	XP_047297098.1
chr22	39040961	+	NP_001006667.1
chr22	39077362	+	NP_001336367.1
chr22	39100279	+	XP_011528292.1
chr22	39350011	+	NP_663783.1
chr22	39399803	+	NP_006107.1
chr22	39487348	+	NP_002400.3
chr22	39504231	+	NP_001401624.1
chr22	39511295	+	NP_061881.2
chr22	39521446	+	NP_001666.2
chr22	39570753	+	NP_066919.2
chr22	39901239	+	XP_047297564.1
chr22	39989405	+	XP_047297656.1
chr22	39995043	+	NP_612444.2
chr22	40125818	+	NP_001020014.1
chr22	40346559	+	NP_000017.1
chr22	40400807	+	NP_001336968.1
chr22	40679653	+	NP_005288.4
chr22	40857182	+	NP_001191756.1
chr22	40951399	+	NP_055063.1
chr22	41093005	+	NP_001420.2
chr22	41205363	+	XP_047297492.1
chr22	41320661	+	NP_060060.3
chr22	41367533	+	NP_001138870.1
chr22	41469147	+	NP_001089.1
chr22	41571966	+	NP_055275.1
chr22	41622005	+	NP_001275905.1
chr22	41699539	+	XP_011528257.1
chr22	41808891	+	NP_001369275.1
chr22	41833271	+	XP_016884411.1
chr22	41957686	+	NP_001382876.1
chr22	41971493	+	NP_001376597.1
chr22	41998819	+	XP_047297131.1
chr22	42077294	+	NP_001002034.2
chr22	42079769	+	NP_201575.3
chr22	42554021	+	XP_047297256.1
chr22	43124023	+	NP_001188.1
chr22	43159239	+	XP_047297435.1
chr22	43424986	+	NP_001037835.1
chr22	43923912	+	NP_079501.2
chr22	43955578	+	NP_056195.3
chr22	43999341	+	NP_001003828.1
chr22	44173003	+	XP_047297411.1
chr22	44679800	+	NP_001185650.1
chr22	45168178	+	NP_009103.2
chr22	45285014	+	NP_008884.1
chr22	45321693	+	XP_016884345.1
chr22	45413887	+	XP_016884255.1
chr22	45502986	+	NP_006478.3
chr22	45672064	+	XP_047297270.1
chr22	45884890	+	XP_047297649.1
chr22	46103480	+	XP_047297652.1
chr22	46198384	+	XP_047297385.1
chr22	46268040	+	XP_011528562.1
chr22	46297401	+	XP_047297348.1
chr22	46335765	+	NP_060476.2
chr22	46576059	+	XP_006724232.1
chr22	46762787	+	XP_016884236.1
chr22	48576481	+	NP_056196.2
chr22	49849748	+	XP_011528963.1
chr22	49883663	+	XP_047297641.1
chr22	49918770	+	XP_011528674.1
chr22	49960948	+	NP_001001852.2
chr22	50090089	+	XP_016884326.1
chr22	50170731	+	NP_443071.2
chr22	50193061	+	XP_047297459.1
chr22	50201037	+	NP_113642.1
chr22	50393406	+	XP_047297601.1
chr22	50481848	+	NP_001356811.1
chr22	50486898	+	XP_011529007.1
chr22	50508338	+	NP_055366.3
chr22	50546244	+	NP_612442.3
chr22	50600819	+	XP_011528981.1
chr22	16590877	-	NP_055221.1
chr22	16807739	-	XP_047297107.1
chr22	17007941	-	XP_011544419.1
chr22	17119391	-	NP_001156551.1
chr22	17165209	-	XP_047297296.1
chr22	17209356	-	NP_803124.1
chr22	17628603	-	NP_001034455.1
chr22	17773610	-	NP_001231499.1
chr22	17906549	-	NP_056056.2
chr22	18517722	-	XP_024308032.1
chr22	18606515	-	NP_056487.1
chr22	18936015	-	NP_001182155.2
chr22	19122128	-	NP_001167005.1
chr22	19144506	-	XP_006724392.1
chr22	19150025	-	NP_005306.1
chr22	19178580	-	NP_001274316.1
chr22	19291600	-	XP_011528703.1
chr22	19431440	-	NP_003316.3
chr22	19447665	-	NP_001159714.2
chr22	19479083	-	XP_047297443.1
chr22	19523599	-	NP_001124333.1
chr22	19821228	-	NP_443730.1
chr22	19851167	-	NP_078903.3
chr22	19941701	-	NP_001339231.1
chr22	19990585	-	XP_011528484.1
chr22	20116883	-	XP_011528444.1
chr22	20150468	-	XP_005261298.1
chr22	20268071	-	NP_075380.1
chr22	20319879	-	NP_150282.2
chr22	20437582	-	NP_878315.2
chr22	20493148	-	XP_016884507.2
chr22	20858570	-	XP_047297366.1
chr22	21001832	-	NP_085050.2
chr22	21030831	-	NP_004164.2
chr22	21360601	-	XP_047297072.1
chr22	21546057	-	NP_001122105.1
chr22	21629851	-	NP_001017964.1
chr22	21710628	-	NP_037445.1
chr22	21867322	-	NP_002736.3
chr22	21945843	-	NP_001397765.1
chr22	21975640	-	NP_001336777.1
chr22	22487767	-	XP_047297100.1
chr22	22514002	-	NP_542778.2
chr22	22556812	-	XP_011528336.1
chr22	23140222	-	XP_011528457.1
chr22	23579985	-	NP_064455.1
chr22	23631816	-	XP_011528512.1
chr22	23743800	-	XP_047297446.1
chr22	23754315	-	NP_037510.1
chr22	23767834	-	NP_998885.1
chr22	23838895	-	XP_047297552.1
chr22	23961020	-	NP_001350733.1
chr22	23974307	-	NP_001384414.1
chr22	24005245	-	XP_024307970.1
chr22	24244553	-	NP_001289394.1
chr22	24555615	-	NP_001271184.1
chr22	24592863	-	NP_997527.2
chr22	24762398	-	NP_001242904.1
chr22	24939335	-	NP_001001663.1
chr22	26481722	-	NP_001336834.1
chr22	26512394	-	NP_001333790.1
chr22	26550592	-	NP_001349851.1
chr22	26616140	-	XP_011528201.1
chr22	27796763	-	NP_002421.3
chr22	27919172	-	XP_047297225.1
chr22	28737260	-	XP_006724179.2
chr22	28800298	-	NP_001380928.1
chr22	29061790	-	XP_005261548.1
chr22	29265479	-	XP_024307977.1
chr22	29319309	-	NP_006468.1
chr22	29367207	-	NP_001365494.1
chr22	29549052	-	XP_005261858.1
chr22	29581045	-	NP_003625.2
chr22	29748418	-	NP_001305058.1
chr22	29832245	-	NP_001356876.1
chr22	30246677	-	XP_047297317.1
chr22	30266766	-	XP_047297343.1
chr22	30289385	-	NP_001032755.1
chr22	30326673	-	NP_114143.1
chr22	30356730	-	NP_005868.1
chr22	30387029	-	NP_001017981.1
chr22	30471905	-	NP_001363843.1
chr22	30505558	-	NP_001154840.1
chr22	30546629	-	NP_001340370.1
chr22	30572803	-	NP_001305032.1
chr22	30591810	-	NP_001269256.1
chr22	30663839	-	NP_001291724.1
chr22	30967822	-	XP_047297159.1
chr22	31107377	-	NP_536355.1
chr22	31139841	-	XP_011528507.1
chr22	31292275	-	NP_443112.2
chr22	31344332	-	NP_114439.1
chr22	31489905	-	NP_001157974.1
chr22	31662144	-	NP_001313344.1
chr22	31738387	-	NP_775837.2
chr22	32159901	-	NP_001010859.1
chr22	32202333	-	NP_001153017.1
chr22	32352877	-	XP_011528646.1
chr22	32412064	-	NP_055121.1
chr22	32457263	-	XP_047297259.1
chr22	33359372	-	XP_011528815.1
chr22	35617163	-	NP_001369742.1
chr22	35894813	-	XP_016884187.1
chr22	36160669	-	NP_663617.1
chr22	36201993	-	XP_024308042.1
chr22	36233153	-	NP_663612.2
chr22	36348904	-	NP_002464.1
chr22	36480575	-	NP_036605.2
chr22	36505896	-	NP_001349971.1
chr22	36525999	-	NP_003744.1
chr22	36702366	-	XP_016884020.1
chr22	36775674	-	XP_047297030.1
chr22	36816945	-	NP_002845.1
chr22	37003966	-	NP_848647.1
chr22	37018138	-	NP_001257412.1
chr22	37103216	-	XP_024307935.1
chr22	37144085	-	NP_001333151.1
chr22	37188163	-	NP_001352807.1
chr22	37206547	-	XP_005261778.1
chr22	37244114	-	NP_002863.1
chr22	37373072	-	NP_443138.2
chr22	37485923	-	NP_001159815.1
chr22	37518966	-	NP_055365.2
chr22	37579900	-	NP_006489.1
chr22	37747122	-	XP_047297647.1
chr22	37848229	-	XP_047297097.1
chr22	37953047	-	NP_001193991.1
chr22	37983357	-	NP_008872.1
chr22	38082660	-	NP_001381060.1
chr22	38110475	-	XP_011528690.1
chr22	38169218	-	NP_001336797.1
chr22	38272528	-	XP_047297275.1
chr22	38314082	-	NP_001276841.1
chr22	38426795	-	NP_690607.1
chr22	38505951	-	NP_006377.2
chr22	38568206	-	XP_011528137.1
chr22	38650067	-	XP_011528611.1
chr22	38699803	-	NP_001347164.1
chr22	38754898	-	NP_001381372.1
chr22	38782663	-	NP_005731.1
chr22	38843235	-	NP_055108.2
chr22	38872122	-	NP_001290423.1
chr22	39152376	-	NP_001333673.1
chr22	39243901	-	XP_047297350.1
chr22	39319595	-	NP_001029025.1
chr22	39532687	-	NP_919307.1
chr22	39887400	-	XP_011528232.1
chr22	40552106	-	NP_001269589.1
chr22	40819195	-	NP_001269655.1
chr22	40856431	-	NP_001265518.1
chr22	40861065	-	NP_660157.1
chr22	41240874	-	NP_612490.1
chr22	41285544	-	XP_047297409.1
chr22	41436311	-	NP_057356.1
chr22	41468602	-	NP_116147.1
chr22	41543991	-	XP_011528295.1
chr22	41589719	-	XP_047297367.1
chr22	41620752	-	XP_047297291.1
chr22	41690435	-	NP_004999.1
chr22	41914138	-	NP_001193949.1
chr22	41926638	-	NP_443177.1
chr22	41947020	-	XP_011528670.1
chr22	42070282	-	NP_001349779.1
chr22	42209651	-	XP_047297432.1
chr22	42432237	-	NP_001358291.1
chr22	42519714	-	NP_056518.2
chr22	42614799	-	NP_835237.1
chr22	42649295	-	NP_015565.1
chr22	42692890	-	XP_005261705.1
chr22	42857114	-	NP_001135765.1
chr22	42912021	-	NP_001336903.1
chr22	43075474	-	NP_036395.1
chr22	43142926	-	NP_775738.3
chr22	43186893	-	NP_055955.1
chr22	43343174	-	NP_766638.2
chr22	43797245	-	XP_047297420.1
chr22	43862214	-	XP_011528423.1
chr22	43891688	-	NP_001358339.1
chr22	44300879	-	XP_005261847.1
chr22	44496837	-	NP_115663.2
chr22	45009496	-	XP_047297065.1
chr22	45240640	-	NP_056079.1
chr22	45413459	-	XP_011528446.1
chr22	45976684	-	NP_001397735.1
chr22	46248172	-	XP_011528262.1
chr22	46256561	-	NP_006062.1
chr22	46533627	-	NP_055061.1
chr22	46738007	-	NP_073603.2
chr22	47116121	-	XP_047297654.1
chr22	49824462	-	NP_001381479.1
chr22	49849598	-	XP_047297657.1
chr22	49913604	-	XP_016884425.1
chr22	50012545	-	NP_001358346.1
chr22	50056869	-	NP_001337246.1
chr22	50084726	-	NP_001363413.1
chr22	50243719	-	NP_065194.3
chr22	50250974	-	NP_001152758.1
chr22	50261385	-	NP_001290181.1
chr22	50270177	-	XP_047297403.1
chr22	50301347	-	XP_047297222.1
chr22	50326812	-	NP_001001794.3
chr22	50474786	-	NP_001397724.1
chr22	50507582	-	XP_047297549.1
chr22	50523611	-	NP_001162580.1
chr22	50529496	-	NP_001244918.1
chr22	50531969	-	NP_001369736.1
chr22	50556297	-	NP_001116697.1
chr22	50577775	-	NP_001138606.1
chr22	50582558	-	NP_005189.2
chr22	50627556	-	NP_001349711.1
chr22	50782188	-	NP_009012.1
chrX	284188	+	XP_047298201.1
chrX	630898	+	NP_000442.1
chrX	1282704	+	XP_011544477.1
chrX	1341586	+	XP_047298046.1
chrX	1392008	+	XP_011544488.2
chrX	1593463	+	NP_005079.2
chrX	1615200	+	NP_001164509.1
chrX	2691361	+	NP_001308296.1
chrX	2752275	+	XP_005274644.1
chrX	2830189	+	XP_016885417.1
chrX	3006613	+	NP_001011719.1
chrX	3067017	+	XP_016885017.1
chrX	7190977	+	NP_001307679.1
chrX	7843204	+	NP_038480.2
chrX	8465451	+	NP_001001888.3
chrX	9653587	+	NP_001132938.1
chrX	9786546	+	NP_001640.1
chrX	9967358	+	NP_001182010.1
chrX	10015579	+	NP_056506.3
chrX	10185033	+	NP_001821.2
chrX	11112061	+	NP_005324.3
chrX	11294789	+	NP_872621.1
chrX	11758264	+	NP_523352.1
chrX	12791498	+	NP_001034180.1
chrX	12867579	+	NP_057646.1
chrX	12906707	+	NP_619542.1
chrX	12976262	+	NP_066932.1
chrX	13569862	+	NP_001161362.1
chrX	13659687	+	NP_689847.2
chrX	13708747	+	XP_047298601.1
chrX	13715762	+	XP_047298550.1
chrX	14531159	+	XP_006724550.1
chrX	14873529	+	NP_689794.1
chrX	15508354	+	XP_016885241.1
chrX	15750024	+	NP_009151.1
chrX	15790496	+	NP_005080.1
chrX	16123954	+	NP_005305.1
chrX	16170383	+	NP_001264236.1
chrX	16651007	+	XP_016885330.1
chrX	16719725	+	NP_116185.2
chrX	16786488	+	XP_047298205.1
chrX	16946862	+	XP_047298584.1
chrX	17635567	+	NP_001129496.1
chrX	17744187	+	XP_047298304.1
chrX	18507097	+	NP_001310218.1
chrX	18707781	+	XP_047298150.1
chrX	19344038	+	XP_016885063.1
chrX	21839735	+	NP_056968.1
chrX	21940825	+	NP_004586.2
chrX	22033006	+	XP_047298115.1
chrX	22272992	+	NP_689790.1
chrX	23000058	+	NP_874358.2
chrX	23334876	+	XP_011543751.1
chrX	23667571	+	NP_006397.1
chrX	23783278	+	NP_001401654.1
chrX	23910303	+	XP_011543775.1
chrX	24054969	+	NP_001406.1
chrX	24172743	+	XP_011543883.1
chrX	24362761	+	NP_001129706.3
chrX	24465456	+	NP_005382.1
chrX	24693962	+	XP_011543843.1
chrX	26138986	+	NP_775970.2
chrX	26160601	+	NP_001382958.1
chrX	26193847	+	NP_775794.2
chrX	26217302	+	NP_001258681.1
chrX	27746896	+	XP_024308140.1
chrX	27821307	+	NP_872312.2
chrX	30218581	+	XP_011543814.1
chrX	30235925	+	NP_002356.2
chrX	30242136	+	NP_002358.1
chrX	30250494	+	NP_002354.2
chrX	30653538	+	XP_011543793.1
chrX	34942832	+	NP_689844.2
chrX	35802197	+	NP_001093391.1
chrX	35919800	+	NP_689845.2
chrX	37008411	+	NP_001013758.1
chrX	37406250	+	NP_001166957.1
chrX	37571871	+	NP_940913.1
chrX	37685962	+	XP_011542280.1
chrX	37780078	+	NP_000388.2
chrX	37990840	+	NP_036406.1
chrX	37994344	+	NP_001382484.1
chrX	38033890	+	XP_016885461.1
chrX	38352697	+	XP_016885045.1
chrX	38561547	+	NP_004606.2
chrX	38804947	+	NP_067065.1
chrX	40581066	+	NP_005756.2
chrX	40623566	+	NP_001182451.1
chrX	41123629	+	NP_001397677.1
chrX	41334253	+	XP_011542194.1
chrX	41447905	+	NP_072089.2
chrX	41695634	+	NP_001091048.1
chrX	41727027	+	XP_047297947.1
chrX	43656342	+	NP_000231.1
chrX	44844133	+	NP_071359.3
chrX	45020692	+	XP_024308207.1
chrX	46450461	+	NP_001123371.1
chrX	46573932	+	NP_063939.2
chrX	46837101	+	NP_008846.2
chrX	46984895	+	NP_001070913.1
chrX	47081145	+	NP_690608.1
chrX	47145447	+	NP_001191397.1
chrX	47196433	+	XP_016885267.1
chrX	47218612	+	XP_016885058.1
chrX	47233044	+	NP_001358001.1
chrX	47370669	+	NP_003437.2
chrX	47562968	+	NP_001243126.1
chrX	47583416	+	NP_003245.1
chrX	47846268	+	NP_009068.2
chrX	48007803	+	NP_995328.2
chrX	48130688	+	NP_001073369.1
chrX	48257242	+	NP_001265620.1
chrX	48384054	+	NP_005627.1
chrX	48478048	+	XP_047297899.1
chrX	48509482	+	XP_047298329.1
chrX	48523772	+	NP_006570.1
chrX	48539798	+	NP_001335192.1
chrX	48575181	+	NP_006734.1
chrX	48597997	+	NP_060353.2
chrX	48683854	+	XP_016885275.1
chrX	48695820	+	NP_001269095.1
chrX	48761791	+	NP_001073958.2
chrX	48791110	+	NP_002040.1
chrX	48801837	+	XP_047297661.1
chrX	48829124	+	NP_853510.1
chrX	48898510	+	XP_016884696.1
chrX	49172001	+	NP_002659.1
chrX	49235637	+	NP_054727.1
chrX	49269870	+	NP_149992.3
chrX	49304860	+	NP_001091883.3
chrX	49323194	+	NP_001091876.2
chrX	49332738	+	NP_001091882.2
chrX	49342304	+	NP_001120817.2
chrX	49533332	+	NP_001091878.1
chrX	49542888	+	NP_001120671.1
chrX	49552444	+	NP_001091888.1
chrX	49561997	+	NP_001091875.1
chrX	49571555	+	NP_001341351.1
chrX	49581104	+	NP_001091880.1
chrX	49590651	+	NP_001120684.1
chrX	49600175	+	XP_011542198.1
chrX	49830429	+	NP_001305806.1
chrX	49880308	+	NP_001138545.1
chrX	49925299	+	NP_001259031.1
chrX	50285164	+	XP_016885404.1
chrX	50910784	+	NP_005439.2
chrX	51332966	+	NP_694853.1
chrX	51407017	+	NP_981952.1
chrX	51710512	+	NP_001342206.1
chrX	51743627	+	NP_060564.2
chrX	51894305	+	XP_011529137.1
chrX	52185923	+	NP_001092270.1
chrX	52370015	+	XP_011529138.1
chrX	52496039	+	XP_016885237.1
chrX	52752681	+	NP_001265630.1
chrX	52812567	+	NP_001373899.1
chrX	52907226	+	NP_001308110.1
chrX	53076622	+	XP_047298140.1
chrX	53082499	+	XP_047298309.1
chrX	53124273	+	NP_001384379.1
chrX	53426277	+	NP_659405.1
chrX	54440422	+	NP_477511.1
chrX	54532567	+	XP_047298146.1
chrX	54809332	+	NP_803182.1
chrX	54922247	+	NP_001258113.1
chrX	55000423	+	NP_055296.2
chrX	55029612	+	XP_011529087.1
chrX	55090021	+	XP_016884842.1
chrX	55220600	+	NP_569734.2
chrX	55452375	+	NP_054780.2
chrX	55623712	+	NP_940853.1
chrX	55718328	+	XP_047297720.1
chrX	56233276	+	XP_016884739.1
chrX	56563874	+	NP_038472.2
chrX	56729354	+	NP_001335058.1
chrX	57286826	+	XP_005262043.1
chrX	57592049	+	NP_009088.1
chrX	64206019	+	XP_047298661.1
chrX	65488802	+	NP_001010888.3
chrX	65588598	+	XP_005262326.1
chrX	66162728	+	XP_011529377.1
chrX	67545147	+	NP_001334993.1
chrX	68499067	+	NP_776195.2
chrX	68647883	+	XP_005262371.1
chrX	68829777	+	NP_004420.1
chrX	69505283	+	XP_011529210.1
chrX	69616309	+	XP_016884826.1
chrX	70062525	+	NP_997203.1
chrX	70133948	+	XP_047298040.1
chrX	70177583	+	NP_940914.1
chrX	70234696	+	NP_001013597.1
chrX	70269386	+	NP_004303.2
chrX	70282218	+	XP_011529250.1
chrX	70290459	+	NP_036442.3
chrX	70424985	+	NP_001164663.1
chrX	70445202	+	XP_006724688.1
chrX	71096529	+	NP_005929.2
chrX	71118755	+	XP_047298656.1
chrX	71146460	+	XP_006724725.2
chrX	71223708	+	NP_001091111.1
chrX	71290638	+	NP_001138880.1
chrX	71301807	+	NP_036410.1
chrX	71366375	+	XP_005262357.2
chrX	71533300	+	NP_858058.1
chrX	71580822	+	NP_443189.1
chrX	71667804	+	NP_001310004.1
chrX	71763424	+	NP_001138611.1
chrX	72069687	+	XP_047298023.1
chrX	72181711	+	NP_001164218.1
chrX	72845136	+	NP_001373901.1
chrX	72912715	+	NP_001338040.1
chrX	72938263	+	NP_001334999.1
chrX	73003643	+	NP_001035971.1
chrX	73447254	+	NP_005184.1
chrX	73563285	+	XP_016885073.1
chrX	74304267	+	NP_976048.1
chrX	74421638	+	NP_006508.2
chrX	75274255	+	XP_011529169.1
chrX	76173139	+	NP_057584.2
chrX	76427931	+	NP_065983.1
chrX	77447675	+	NP_003859.1
chrX	77899554	+	NP_001857.1
chrX	77971642	+	NP_000043.4
chrX	78104341	+	NP_000282.1
chrX	78754870	+	XP_047297970.1
chrX	78945784	+	NP_001311154.1
chrX	79171008	+	NP_115942.1
chrX	80022270	+	NP_001103348.1
chrX	80442540	+	NP_001164045.1
chrX	81202201	+	NP_003013.1
chrX	83508325	+	NP_000298.3
chrX	83861183	+	NP_066941.1
chrX	85003913	+	XP_016884761.1
chrX	85247573	+	XP_047298425.1
chrX	87517894	+	NP_061990.2
chrX	88753415	+	NP_149037.5
chrX	89922086	+	NP_620410.3
chrX	91435578	+	NP_543022.1
chrX	91811253	+	XP_047297951.1
chrX	93709420	+	XP_011529228.1
chrX	96884311	+	NP_037479.1
chrX	97847263	+	XP_011529387.1
chrX	100585019	+	NP_071427.2
chrX	100646323	+	NP_055282.1
chrX	100820417	+	XP_047297810.1
chrX	100973690	+	XP_011529253.1
chrX	101079003	+	NP_067650.1
chrX	101101071	+	XP_047297912.1
chrX	101231648	+	NP_001930.2
chrX	101391044	+	NP_066357.3
chrX	101488590	+	NP_001243084.2
chrX	101552931	+	NP_057692.1
chrX	101624980	+	NP_808817.1
chrX	102215839	+	NP_001391955.1
chrX	102307079	+	NP_071336.1
chrX	102602142	+	NP_001161951.1
chrX	102653914	+	NP_001171656.1
chrX	102714870	+	NP_001186747.1
chrX	102748996	+	NP_001337197.1
chrX	102937319	+	NP_001027004.1
chrX	103216154	+	NP_001121160.1
chrX	103331404	+	NP_689491.1
chrX	103357685	+	NP_057387.1
chrX	103376403	+	NP_001269603.1
chrX	103576470	+	NP_001287830.1
chrX	103609065	+	NP_001006934.1
chrX	103629917	+	NP_001006641.1
chrX	103712259	+	NP_872347.2
chrX	103776996	+	NP_001122306.1
chrX	103964523	+	NP_001337140.1
chrX	104039977	+	XP_011529224.1
chrX	104114112	+	XP_011529314.1
chrX	104166786	+	NP_997201.1
chrX	105822846	+	NP_940867.2
chrX	106205433	+	XP_047297779.1
chrX	106612081	+	XP_047298189.1
chrX	106694003	+	NP_078815.3
chrX	106802854	+	NP_942582.1
chrX	106928229	+	NP_001164563.1
chrX	107212876	+	NP_001162625.1
chrX	107522450	+	NP_115804.1
chrX	107628629	+	NP_002755.1
chrX	107794221	+	NP_001335301.1
chrX	107826427	+	NP_036348.2
chrX	108018951	+	XP_011529238.1
chrX	108088949	+	XP_047297757.1
chrX	108534543	+	XP_016884751.1
chrX	109535883	+	NP_061168.2
chrX	110003775	+	NP_001340778.1
chrX	110175773	+	XP_047298664.1
chrX	110450618	+	XP_047298240.1
chrX	110521130	+	NP_001384291.1
chrX	111123104	+	XP_011529273.1
chrX	111518858	+	NP_001341402.1
chrX	111681219	+	NP_001161857.1
chrX	111901850	+	NP_001182505.1
chrX	112454729	+	NP_001004308.2
chrX	114726937	+	NP_001243689.2
chrX	115189442	+	NP_001138818.1
chrX	115289760	+	NP_057467.1
chrX	115610251	+	NP_005023.2
chrX	116172281	+	NP_000677.2
chrX	116436710	+	NP_009162.1
chrX	118346504	+	NP_001171895.1
chrX	118495972	+	XP_005262425.1
chrX	118727639	+	NP_001551.1
chrX	118825245	+	NP_776159.1
chrX	118974781	+	XP_047298474.1
chrX	119073226	+	XP_047298370.1
chrX	119236364	+	NP_006658.1
chrX	119399404	+	XP_016884830.1
chrX	119468516	+	NP_001143.2
chrX	119758668	+	NP_001099046.1
chrX	119871912	+	NP_004532.1
chrX	119903224	+	NP_001008535.1
chrX	120158751	+	NP_115887.1
chrX	120253416	+	NP_001171671.1
chrX	120362169	+	XP_016884870.1
chrX	123184536	+	NP_001243672.1
chrX	123885663	+	NP_001365521.1
chrX	124022628	+	NP_001036214.1
chrX	124332918	+	NP_001342463.1
chrX	124346643	+	NP_002342.1
chrX	125320120	+	NP_001182201.1
chrX	126819844	+	NP_001116188.1
chrX	129540440	+	NP_001305713.1
chrX	129739214	+	NP_003390.4
chrX	129780098	+	XP_006724826.1
chrX	129906211	+	NP_006640.2
chrX	130005232	+	XP_005262510.2
chrX	130117356	+	XP_016885452.1
chrX	130339963	+	XP_005262546.1
chrX	130402033	+	NP_057108.2
chrX	131058387	+	NP_001269536.1
chrX	131544074	+	NP_001004486.1
chrX	132023618	+	NP_057626.2
chrX	134244801	+	NP_001340382.1
chrX	134377618	+	NP_115711.2
chrX	134460312	+	NP_000185.1
chrX	134804198	+	NP_001375373.1
chrX	134991096	+	NP_001156910.1
chrX	135032384	+	NP_001071639.1
chrX	135251974	+	XP_024308092.2
chrX	135309480	+	NP_001345378.1
chrX	135347119	+	XP_047297870.1
chrX	135422132	+	NP_976051.1
chrX	135520993	+	XP_016884838.1
chrX	135718941	+	XP_011529654.1
chrX	135896243	+	XP_016885111.1
chrX	135985503	+	XP_047297721.1
chrX	136196803	+	NP_001153173.1
chrX	136308778	+	XP_047297787.1
chrX	136488115	+	NP_001718.1
chrX	136497685	+	NP_001156752.1
chrX	136536021	+	NP_057351.1
chrX	136648249	+	NP_000065.1
chrX	137566692	+	NP_003404.1
chrX	139530765	+	NP_000124.1
chrX	140091743	+	NP_001258489.1
chrX	141002694	+	NP_115850.2
chrX	141589768	+	NP_663695.1
chrX	141838316	+	NP_619647.1
chrX	141905073	+	NP_005453.2
chrX	143026015	+	NP_001009613.1
chrX	145247587	+	NP_001009614.1
chrX	145822426	+	XP_005262400.1
chrX	146809792	+	NP_001231821.1
chrX	147912180	+	NP_002015.1
chrX	147981403	+	NP_689791.1
chrX	149541305	+	XP_047298586.1
chrX	149688976	+	NP_001011544.1
chrX	149774682	+	NP_057237.1
chrX	149786211	+	XP_024308149.1
chrX	149884273	+	NP_001159872.1
chrX	149929645	+	NP_001338043.1
chrX	150445517	+	NP_001387444.1
chrX	150591031	+	XP_047298088.1
chrX	150693531	+	XP_011529512.1
chrX	150980590	+	NP_001288160.1
chrX	151176722	+	NP_004215.2
chrX	151396840	+	NP_001350739.1
chrX	151601554	+	NP_775764.2
chrX	151698815	+	NP_076987.3
chrX	151716120	+	NP_149076.1
chrX	151738484	+	NP_005131.1
chrX	151923665	+	NP_001373125.1
chrX	152638203	+	XP_011529486.1
chrX	152700833	+	XP_006724881.1
chrX	152759371	+	XP_024308147.1
chrX	152834723	+	XP_016885053.1
chrX	152914490	+	XP_016885311.1
chrX	153057056	+	NP_037496.4
chrX	153073063	+	NP_116271.3
chrX	153182390	+	NP_004979.3
chrX	153271618	+	XP_047298374.1
chrX	153336680	+	NP_001354686.1
chrX	153418323	+	NP_001373874.1
chrX	153504632	+	NP_001702.1
chrX	153536248	+	NP_001375291.1
chrX	153643602	+	XP_011529425.1
chrX	153688575	+	NP_005620.1
chrX	153725267	+	XP_047297873.1
chrX	153765536	+	NP_005384.2
chrX	153781087	+	NP_055185.2
chrX	153794325	+	XP_047298345.1
chrX	153905146	+	NP_001139623.1
chrX	153982063	+	NP_003483.1
chrX	154144284	+	NP_064445.2
chrX	154182678	+	NP_000504.1
chrX	154219816	+	NP_001041646.1
chrX	154257620	+	NP_001316996.1
chrX	154295860	+	NP_036385.3
chrX	154379485	+	NP_000108.1
chrX	154398520	+	NP_001290555.1
chrX	154411844	+	XP_006724899.1
chrX	154428693	+	NP_001174.2
chrX	154437255	+	NP_001484.1
chrX	154444236	+	NP_004690.1
chrX	154460184	+	XP_047298203.1
chrX	154542264	+	NP_001093326.2
chrX	154585207	+	NP_640343.1
chrX	154762966	+	NP_001275676.1
chrX	154885050	+	NP_001017990.1
chrX	154886375	+	NP_036283.2
chrX	155026939	+	NP_076423.2
chrX	155071528	+	XP_005274808.1
chrX	155208904	+	NP_001290473.1
chrX	155380787	+	NP_001017991.1
chrX	155382115	+	NP_001007524.1
chrX	155773872	+	NP_001291919.1
chrX	155889629	+	XP_016885249.1
chrX	155997744	+	XP_047298050.1
chrX	318439	-	XP_047298502.1
chrX	386368	-	XP_047297960.1
chrX	1212556	-	NP_001012288.2
chrX	1391899	-	NP_001627.2
chrX	1452748	-	NP_001166944.1
chrX	1465479	-	NP_835230.1
chrX	2488635	-	NP_004720.1
chrX	2929232	-	XP_047298064.1
chrX	2968149	-	NP_001269557.1
chrX	3343646	-	NP_056234.2
chrX	3713088	-	NP_005035.1
chrX	6534396	-	NP_057463.2
chrX	7148053	-	NP_001171607.1
chrX	7925940	-	NP_001166143.1
chrX	8170542	-	NP_057462.2
chrX	8731830	-	NP_000207.2
chrX	8800081	-	NP_777611.1
chrX	9032959	-	NP_995321.1
chrX	9765568	-	XP_024308156.1
chrX	10567002	-	NP_150632.1
chrX	11254548	-	NP_038267.1
chrX	13044199	-	NP_777561.1
chrX	13319701	-	NP_001129467.1
chrX	13734050	-	NP_055378.1
chrX	13938507	-	XP_047297965.1
chrX	14026140	-	NP_001035945.1
chrX	14864560	-	NP_001397693.1
chrX	15270119	-	XP_047297798.1
chrX	15315425	-	NP_001012428.1
chrX	15335501	-	XP_011543841.1
chrX	15383857	-	NP_004460.1
chrX	15491162	-	NP_001018119.1
chrX	15600726	-	NP_001373188.1
chrX	15664718	-	XP_016885169.1
chrX	15854688	-	NP_003907.3
chrX	16709724	-	NP_062831.3
chrX	16870038	-	NP_001185648.1
chrX	17801876	-	NP_068557.4
chrX	18220726	-	XP_016884755.1
chrX	18334050	-	XP_016884711.1
chrX	18672017	-	XP_047298293.1
chrX	18983855	-	XP_011543840.1
chrX	19082702	-	XP_006724518.1
chrX	19514901	-	XP_011543813.1
chrX	19670862	-	XP_016884958.1
chrX	19970224	-	XP_047297921.1
chrX	20116750	-	NP_001161939.1
chrX	20141625	-	NP_001403.1
chrX	20266564	-	XP_047298291.1
chrX	21373983	-	XP_047298663.1
chrX	21655854	-	NP_695002.1
chrX	21754246	-	NP_055147.1
chrX	23743125	-	NP_001317188.1
chrX	23907694	-	XP_011543888.1
chrX	24005989	-	NP_085127.2
chrX	24310862	-	NP_001129705.3
chrX	24672570	-	NP_001156737.1
chrX	25015542	-	NP_620689.1
chrX	27460798	-	NP_997202.3
chrX	27979532	-	NP_001017930.1
chrX	30308196	-	NP_000466.2
chrX	30559450	-	NP_079435.1
chrX	30859487	-	NP_001386801.1
chrX	31071402	-	NP_114100.1
chrX	31266810	-	NP_004009.1
chrX	34129903	-	NP_981953.2
chrX	34656804	-	NP_113630.1
chrX	37847481	-	NP_006511.1
chrX	38220696	-	NP_001164221.1
chrX	38327340	-	XP_047298287.1
chrX	40077844	-	XP_047298158.1
chrX	40647305	-	NP_001317384.1
chrX	40735722	-	XP_047298598.1
chrX	41665277	-	XP_011542299.1
chrX	42777471	-	NP_079486.1
chrX	43882254	-	XP_016885013.1
chrX	43958472	-	NP_000257.1
chrX	44343547	-	XP_006724625.1
chrX	44542805	-	NP_776155.1
chrX	45200594	-	XP_006724622.1
chrX	46542073	-	NP_001139763.1
chrX	46758705	-	NP_115980.1
chrX	47144473	-	NP_061929.2
chrX	47467410	-	NP_001311068.1
chrX	47619352	-	NP_008881.2
chrX	47629769	-	NP_001138724.1
chrX	47641232	-	NP_005220.2
chrX	47658830	-	NP_004173.1
chrX	48002595	-	NP_008893.1
chrX	48066872	-	NP_001269131.1
chrX	48195290	-	NP_783729.1
chrX	48355181	-	NP_066294.1
chrX	48411304	-	NP_001035702.1
chrX	48468885	-	XP_006724632.1
chrX	48835419	-	NP_037403.1
chrX	48918774	-	XP_047297748.1
chrX	48956977	-	XP_011542236.1
chrX	49043111	-	XP_024308200.1
chrX	49186256	-	NP_001294908.1
chrX	49200151	-	NP_003170.1
chrX	49233285	-	XP_016885325.1
chrX	49258296	-	NP_001107849.1
chrX	49694708	-	NP_003776.2
chrX	50200863	-	NP_647450.1
chrX	50470034	-	NP_001013764.1
chrX	50813902	-	XP_016885173.1
chrX	51495951	-	NP_060629.2
chrX	51618055	-	NP_001342205.2
chrX	51682013	-	NP_001342207.1
chrX	52067963	-	NP_803879.1
chrX	52516660	-	NP_001091073.2
chrX	52653404	-	NP_775494.1
chrX	52705681	-	NP_001265626.1
chrX	52797274	-	NP_001009616.1
chrX	52867053	-	NP_573440.1
chrX	52947947	-	NP_001229426.1
chrX	53224740	-	NP_001340911.1
chrX	53320417	-	XP_006724645.1
chrX	53422492	-	NP_001268392.1
chrX	53434319	-	NP_001032900.1
chrX	53654063	-	XP_047297700.1
chrX	54044875	-	XP_047297891.1
chrX	54182500	-	NP_060318.4
chrX	54333137	-	XP_047298338.1
chrX	54495126	-	NP_004454.2
chrX	54798109	-	NP_940912.1
chrX	54998406	-	XP_016885067.1
chrX	55027751	-	NP_001033056.1
chrX	55161137	-	XP_024308243.1
chrX	55263820	-	NP_001290542.2
chrX	55486804	-	XP_016884790.1
chrX	56994171	-	XP_006724641.1
chrX	57121081	-	XP_011529090.1
chrX	57136373	-	XP_016885088.2
chrX	57680123	-	NP_001306896.1
chrX	57908021	-	NP_009087.1
chrX	63350070	-	NP_001012986.2
chrX	63785116	-	NP_001355974.1
chrX	64189879	-	NP_689637.3
chrX	64224828	-	NP_569059.3
chrX	64395340	-	NP_060147.2
chrX	64976325	-	NP_001171504.1
chrX	65534480	-	NP_001362261.1
chrX	66039944	-	NP_001244332.1
chrX	66615934	-	XP_047298279.1
chrX	69162946	-	NP_660095.1
chrX	70049848	-	NP_001002254.1
chrX	70258527	-	NP_002556.1
chrX	70289255	-	NP_001357107.1
chrX	70678804	-	XP_016885141.1
chrX	70929628	-	NP_001041629.1
chrX	71068154	-	XP_047297994.1
chrX	71106532	-	XP_005262301.1
chrX	71111425	-	NP_000197.1
chrX	71252589	-	XP_047298589.1
chrX	71618438	-	XP_047297966.1
chrX	71716928	-	NP_001138612.1
chrX	72129831	-	NP_001019626.1
chrX	72238844	-	NP_001009954.1
chrX	72277193	-	NP_000998.1
chrX	72305302	-	NP_001138358.1
chrX	72572651	-	XP_047298213.1
chrX	72713803	-	XP_047298118.1
chrX	72782525	-	NP_001335002.1
chrX	72808075	-	NP_001335131.1
chrX	72875631	-	NP_001373853.1
chrX	73078784	-	NP_001012995.1
chrX	73213110	-	NP_068798.1
chrX	74595809	-	NP_057204.2
chrX	74745572	-	NP_001008537.1
chrX	75156105	-	NP_001258627.1
chrX	75522889	-	XP_047297825.1
chrX	75783480	-	NP_619648.1
chrX	77785982	-	XP_005262213.2
chrX	77895309	-	NP_001354845.1
chrX	77968874	-	NP_001025062.1
chrX	78139561	-	NP_057059.2
chrX	78272733	-	NP_001269115.1
chrX	78656993	-	NP_689907.1
chrX	79367105	-	NP_001165052.1
chrX	80809441	-	XP_016884873.1
chrX	81121535	-	XP_047298470.1
chrX	84187819	-	XP_011529222.1
chrX	84475251	-	NP_001170949.1
chrX	85107328	-	NP_001354786.1
chrX	85379173	-	XP_005262260.1
chrX	86047484	-	XP_047297749.1
chrX	93671784	-	NP_004529.2
chrX	100406451	-	NP_065817.2
chrX	100636608	-	NP_001265671.1
chrX	100701928	-	NP_001357090.1
chrX	100874095	-	XP_016884896.1
chrX	100927970	-	XP_011529256.1
chrX	101042042	-	XP_005262258.1
chrX	101292790	-	NP_001397649.1
chrX	101348533	-	NP_004076.1
chrX	101390478	-	NP_000052.1
chrX	101407710	-	XP_047297946.1
chrX	101617292	-	NP_001009584.1
chrX	101655690	-	XP_016885477.1
chrX	101931717	-	NP_001269330.1
chrX	102140780	-	NP_001006939.2
chrX	102379994	-	NP_001093156.1
chrX	102471148	-	NP_001264352.1
chrX	102515064	-	NP_068832.1
chrX	103062897	-	NP_060946.3
chrX	103092996	-	NP_071335.1
chrX	103253626	-	NP_001006685.1
chrX	103273943	-	NP_001012997.1
chrX	103310586	-	NP_001161873.1
chrX	103499923	-	XP_047297799.1
chrX	103676161	-	NP_001135892.1
chrX	103825179	-	NP_057454.1
chrX	104013170	-	NP_001002916.4
chrX	104074241	-	NP_001382859.1
chrX	104104334	-	NP_001012773.2
chrX	104254768	-	NP_703149.1
chrX	105219963	-	NP_001278206.1
chrX	106036437	-	NP_000345.2
chrX	106903133	-	NP_001165177.1
chrX	106999868	-	NP_078933.3
chrX	107118766	-	NP_001381051.1
chrX	107175089	-	NP_060151.2
chrX	107775100	-	NP_001015881.1
chrX	107981669	-	NP_112563.1
chrX	108091407	-	NP_002805.1
chrX	108221865	-	XP_011529155.1
chrX	108732579	-	XP_011529363.1
chrX	109475207	-	NP_001513.2
chrX	109624592	-	NP_036414.1
chrX	109691003	-	XP_047297875.1
chrX	110317599	-	NP_001165160.1
chrX	110346703	-	NP_001382951.1
chrX	110792088	-	NP_001137455.2
chrX	111263772	-	NP_055104.2
chrX	111410754	-	NP_835366.1
chrX	111952043	-	NP_036603.1
chrX	112671009	-	XP_011529248.1
chrX	112822255	-	NP_573572.1
chrX	115017176	-	NP_000631.1
chrX	115233693	-	XP_006724787.2
chrX	116462782	-	NP_001017978.1
chrX	118028424	-	NP_001381795.1
chrX	119150937	-	NP_001381891.1
chrX	119693076	-	XP_011529619.1
chrX	119791574	-	NP_000991.1
chrX	119852773	-	XP_016885227.1
chrX	119870582	-	NP_008909.1
chrX	119943220	-	NP_078804.2
chrX	120077474	-	NP_001093155.1
chrX	120117570	-	NP_644811.1
chrX	120311252	-	XP_016885108.1
chrX	120469106	-	NP_001116078.1
chrX	120574551	-	NP_001356074.1
chrX	120874896	-	XP_016885223.1
chrX	120931301	-	NP_001229851.1
chrX	120936162	-	XP_011529621.1
chrX	120941023	-	NP_001073606.1
chrX	120945883	-	NP_001073607.1
chrX	120950744	-	NP_001073608.1
chrX	120955604	-	NP_001073609.1
chrX	120960487	-	NP_001073610.1
chrX	122030307	-	XP_047298665.1
chrX	123732952	-	XP_047298234.1
chrX	124561671	-	XP_011529539.1
chrX	126164533	-	NP_001013650.1
chrX	126551217	-	NP_848565.2
chrX	128051076	-	NP_612146.1
chrX	129523197	-	NP_001269804.1
chrX	129654564	-	NP_059109.3
chrX	129841779	-	NP_057116.2
chrX	130081256	-	XP_011529610.1
chrX	130165551	-	NP_001124318.2
chrX	130260419	-	XP_006724828.1
chrX	130384440	-	NP_848566.1
chrX	130709243	-	NP_001369450.1
chrX	131286605	-	XP_011529632.1
chrX	132127788	-	XP_016885438.1
chrX	132216996	-	XP_047298245.1
chrX	132488347	-	NP_001373845.1
chrX	132958175	-	XP_047298576.1
chrX	133025479	-	NP_114113.1
chrX	133217042	-	NP_057605.3
chrX	133414806	-	NP_001439.2
chrX	134566044	-	XP_047297745.1
chrX	134796108	-	NP_001164228.1
chrX	134899280	-	NP_001293117.1
chrX	135022118	-	NP_001071641.1
chrX	135051917	-	NP_001127793.1
chrX	135098397	-	NP_001335184.1
chrX	135119715	-	NP_001342448.1
chrX	135171078	-	NP_001026875.1
chrX	135341768	-	XP_005262528.1
chrX	135764276	-	NP_001357077.1
chrX	135781561	-	NP_001007552.2
chrX	135798825	-	NP_001017438.2
chrX	135816097	-	XP_011529691.1
chrX	135833365	-	XP_011529531.1
chrX	135850615	-	XP_011529543.1
chrX	135867893	-	NP_001308200.1
chrX	135885176	-	NP_001278458.1
chrX	135973597	-	NP_001316929.1
chrX	136256304	-	NP_001166988.1
chrX	136780718	-	NP_001293106.1
chrX	136879319	-	NP_001158275.1
chrX	137030148	-	NP_473362.1
chrX	138739242	-	NP_004105.1
chrX	139691915	-	NP_001165348.1
chrX	139936795	-	XP_047297983.1
chrX	139965409	-	NP_001013421.1
chrX	140503720	-	NP_005625.2
chrX	141176581	-	NP_036449.1
chrX	141242386	-	NP_073152.2
chrX	141584607	-	NP_038481.2
chrX	141698334	-	NP_115793.1
chrX	142202866	-	NP_057333.1
chrX	143517314	-	XP_016884753.1
chrX	143628595	-	NP_001171678.1
chrX	146814592	-	NP_001137536.1
chrX	149415334	-	NP_001382801.1
chrX	149505035	-	NP_001160022.1
chrX	149549370	-	NP_001310008.1
chrX	149582232	-	XP_024308204.1
chrX	149594137	-	NP_001157887.1
chrX	149631543	-	NP_001167563.1
chrX	149933622	-	XP_024308159.1
chrX	150898522	-	XP_047298516.1
chrX	151974570	-	XP_011529442.1
chrX	152115166	-	NP_001191740.1
chrX	152134511	-	NP_066386.3
chrX	152364431	-	NP_000799.1
chrX	152708850	-	XP_016885512.1
chrX	152732445	-	XP_047297814.1
chrX	152990252	-	XP_016884741.1
chrX	153318938	-	NP_001341909.1
chrX	153398707	-	XP_047298330.1
chrX	153444720	-	NP_542432.2
chrX	153470450	-	NP_001372412.1
chrX	153598962	-	XP_011529516.1
chrX	153674274	-	NP_001353904.1
chrX	153723508	-	NP_001243376.1
chrX	153794246	-	NP_004126.1
chrX	153830239	-	NP_001290442.1
chrX	153875761	-	NP_001137435.1
chrX	153926136	-	NP_001657.3
chrX	153944584	-	NP_001243049.1
chrX	153970648	-	XP_047298017.1
chrX	154019677	-	NP_001397630.1
chrX	154097604	-	NP_001373068.1
chrX	154294908	-	XP_011529420.1
chrX	154370873	-	NP_001447.2
chrX	154405434	-	NP_001009934.1
chrX	154478728	-	NP_006005.2
chrX	154486537	-	NP_055050.1
chrX	154489974	-	XP_011529503.1
chrX	154515760	-	XP_047298249.1
chrX	154546789	-	NP_001035810.1
chrX	154618950	-	NP_001318.1
chrX	154653247	-	NP_758965.2
chrX	154751492	-	XP_011529407.1
chrX	154805272	-	XP_047298079.1
chrX	154830715	-	NP_001156408.1
chrX	155022410	-	NP_063916.1
chrX	155063966	-	NP_001018024.1
chrX	155065906	-	NP_001018025.1
chrX	155264074	-	NP_741995.1
chrX	155334371	-	NP_001280.3
chrX	155457485	-	NP_001007525.1
chrX	155459580	-	NP_542451.1
chrX	155545096	-	XP_047298191.1
chrY	284188	+	XP_047298697.1
chrY	1282704	+	XP_011543930.1
chrY	1341586	+	XP_047298686.1
chrY	1391993	+	XP_047298743.1
chrY	2841625	+	NP_000999.1
chrY	2953937	+	NP_003402.2
chrY	3579245	+	NP_631960.1
chrY	5032697	+	NP_001265548.1
chrY	6246269	+	XP_005262626.1
chrY	7025085	+	NP_150600.1
chrY	9337510	+	XP_005272800.1
chrY	9357843	+	XP_005272801.1
chrY	9398467	+	XP_005272799.1
chrY	9467001	+	NP_001184171.1
chrY	9487313	+	XP_047298700.1
chrY	9527926	+	XP_016885514.1
chrY	12709448	+	NP_004645.2
chrY	12904937	+	XP_047298733.1
chrY	13704336	+	NP_004193.1
chrY	14056290	+	NP_870996.1
chrY	14622120	+	XP_047298678.1
chrY	18026115	+	NP_004816.1
chrY	18529812	+	XP_016885574.1
chrY	20575872	+	NP_004672.2
chrY	20756164	+	NP_001034656.1
chrY	21513351	+	NP_001006121.1
chrY	21536892	+	NP_005049.1
chrY	22405448	+	NP_001006117.2
chrY	22501565	+	NP_004667.2
chrY	22992344	+	NP_004669.2
chrY	23219741	+	NP_065096.2
chrY	24626085	+	NP_001002760.1
chrY	24834127	+	NP_001005375.1
chrY	25622443	+	NP_733841.1
chrY	57076149	+	XP_016885552.1
chrY	57184264	+	XP_047298690.1
chrY	276957	-	XP_047298741.1
chrY	318439	-	XP_047298718.1
chrY	386368	-	XP_047298682.1
chrY	1212556	-	XP_011543936.1
chrY	1465479	-	XP_005274835.1
chrY	2786989	-	NP_003131.1
chrY	6872555	-	NP_001134.1
chrY	13479514	-	NP_872600.1
chrY	13986339	-	NP_004670.1
chrY	17878267	-	NP_001001722.1
chrY	18790570	-	NP_001001877.1
chrY	19482409	-	XP_047298742.1
chrY	19744385	-	NP_001140178.1
chrY	21892405	-	XP_011529789.1
chrY	21915946	-	XP_011529796.1
chrY	22084771	-	NP_001002758.1
chrY	22180861	-	NP_001369313.1
chrY	23198798	-	NP_001375425.1
chrY	24046297	-	NP_001003895.1
chrY	24813183	-	NP_065097.2
chrY	25043946	-	NP_001002761.1
