chrom	tss	strand	gene_id
chr4	930	+	NP_001104092.2
chr4	72430	+	NP_001033798.1
chr4	134529	+	NP_726532.1
chr4	151751	+	NP_726538.1
chr4	210455	+	NP_001284711.1
chr4	228005	+	NP_651912.3
chr4	231954	+	NP_995588.1
chr4	255517	+	NP_001033802.2
chr4	308224	+	NP_001259052.1
chr4	316417	+	NP_001259053.1
chr4	360691	+	NP_995595.1
chr4	446920	+	NP_524622.1
chr4	467851	+	NP_001334686.1
chr4	521504	+	NP_001259059.1
chr4	560258	+	NP_524624.1
chr4	573749	+	NP_726584.1
chr4	583826	+	NP_651928.1
chr4	611403	+	NP_726588.2
chr4	629836	+	NP_726594.2
chr4	663701	+	NP_001259067.1
chr4	680709	+	NP_001259068.1
chr4	705165	+	NP_001014693.1
chr4	725717	+	NP_001259072.1
chr4	938430	+	NP_001284718.1
chr4	990252	+	NP_001259080.1
chr4	1031890	+	NP_001259081.1
chr4	1065108	+	NP_001284720.1
chr4	1092286	+	NP_001014699.1
chr4	1124265	+	NP_524631.1
chr4	1126750	+	NP_726648.2
chr4	1147547	+	NP_651939.4
chr4	1186518	+	NP_001014705.1
chr4	1199015	+	NP_001033808.1
chr4	1233170	+	NP_001027029.2
chr4	43424	-	NP_001245400.1
chr4	55868	-	NP_001245402.1
chr4	67180	-	NP_726518.1
chr4	129426	-	NP_001162819.1
chr4	155903	-	NP_001284709.1
chr4	174959	-	NP_001259046.1
chr4	179329	-	NP_001245408.1
chr4	189179	-	NP_726542.1
chr4	204700	-	NP_001245410.1
chr4	225834	-	NP_001284712.1
chr4	252953	-	NP_001096851.2
chr4	275660	-	NP_001259051.1
chr4	305176	-	NP_995593.2
chr4	313846	-	NP_001137855.2
chr4	355466	-	NP_001188516.1
chr4	391531	-	NP_001245422.1
chr4	443393	-	NP_651922.1
chr4	466669	-	NP_651923.2
chr4	485232	-	NP_001259055.1
chr4	553576	-	NP_001284715.1
chr4	570695	-	NP_001259064.1
chr4	606702	-	NP_001259065.1
chr4	625584	-	NP_524626.1
chr4	646520	-	NP_001036251.2
chr4	658337	-	NP_001014691.2
chr4	661973	-	NP_001368987.1
chr4	694389	-	NP_726606.1
chr4	787146	-	NP_726610.1
chr4	823599	-	NP_726612.1
chr4	839008	-	NP_651951.1
chr4	866266	-	NP_001162828.1
chr4	903342	-	NP_726615.1
chr4	929899	-	NP_524640.3
chr4	958031	-	NP_726619.2
chr4	972130	-	NP_001162830.1
chr4	1023471	-	NP_726627.1
chr4	1029249	-	NP_651944.1
chr4	1030810	-	NP_001245429.2
chr4	1050519	-	NP_001259082.1
chr4	1060778	-	NP_001245430.1
chr4	1083126	-	NP_651942.2
chr4	1121573	-	NP_001284722.1
chr4	1144005	-	NP_001284723.1
chr4	1181138	-	NP_726651.1
chr4	1196457	-	NP_001033805.1
chr4	1229973	-	NP_001033814.1
chrX	129082	+	NP_001284725.1
chrX	196281	+	NP_001368965.1
chrX	246850	+	NP_001259088.1
chrX	255069	+	NP_001138136.1
chrX	308208	+	NP_569838.1
chrX	315123	+	NP_525029.2
chrX	343820	+	NP_569839.2
chrX	350579	+	NP_001245445.1
chrX	353079	+	NP_001245446.1
chrX	356680	+	NP_476792.1
chrX	370094	+	NP_476824.1
chrX	396177	+	NP_476803.1
chrX	409796	+	NP_476623.1
chrX	460956	+	NP_476694.1
chrX	477147	+	NP_001096858.1
chrX	479644	+	NP_001259095.1
chrX	482132	+	NP_001259096.1
chrX	487990	+	NP_569844.2
chrX	495070	+	NP_001284741.1
chrX	496940	+	NP_996321.1
chrX	509512	+	NP_524875.1
chrX	531799	+	NP_001245451.1
chrX	582959	+	NP_001036253.1
chrX	621891	+	NP_525034.2
chrX	623682	+	NP_569850.1
chrX	625669	+	NP_652054.1
chrX	629886	+	NP_476593.2
chrX	638447	+	NP_476754.1
chrX	644896	+	NP_569851.2
chrX	647448	+	NP_001138143.2
chrX	657110	+	NP_726692.1
chrX	687699	+	NP_001162630.1
chrX	756336	+	NP_569856.2
chrX	759799	+	NP_726698.1
chrX	770229	+	NP_001284760.1
chrX	784905	+	NP_001259102.1
chrX	793162	+	NP_001284761.2
chrX	806485	+	NP_001259103.1
chrX	844837	+	NP_569864.1
chrX	862792	+	NP_001036255.1
chrX	875732	+	NP_569865.1
chrX	894606	+	NP_569868.1
chrX	928216	+	NP_569870.1
chrX	933539	+	NP_001284763.1
chrX	941194	+	NP_569873.1
chrX	990582	+	NP_659571.1
chrX	1012113	+	NP_569878.1
chrX	1026893	+	NP_652639.1
chrX	1030843	+	NP_001303571.1
chrX	1041111	+	NP_996323.1
chrX	1046485	+	NP_001036256.2
chrX	1051540	+	NP_569881.1
chrX	1145678	+	NP_569883.1
chrX	1171524	+	NP_001259120.1
chrX	1180264	+	NP_001284766.1
chrX	1182102	+	NP_569889.2
chrX	1185085	+	NP_569890.1
chrX	1191693	+	NP_001284767.1
chrX	1199618	+	NP_569892.1
chrX	1203862	+	NP_569894.2
chrX	1206769	+	NP_726719.1
chrX	1210097	+	NP_569895.1
chrX	1288046	+	NP_569899.3
chrX	1322574	+	NP_569901.1
chrX	1342492	+	NP_726727.1
chrX	1347280	+	NP_525037.1
chrX	1354095	+	NP_569906.1
chrX	1369360	+	NP_569907.1
chrX	1371308	+	NP_001284774.1
chrX	1375909	+	NP_726730.1
chrX	1389629	+	NP_726737.1
chrX	1393544	+	NP_001259132.1
chrX	1414262	+	NP_001245461.1
chrX	1452703	+	NP_001162633.1
chrX	1467811	+	NP_001284782.1
chrX	1469818	+	NP_569918.1
chrX	1472566	+	NP_569920.2
chrX	1477192	+	NP_001284783.1
chrX	1513463	+	NP_001284786.1
chrX	1624522	+	NP_001188527.1
chrX	1665123	+	NP_477286.2
chrX	1669920	+	NP_001259135.1
chrX	1683670	+	NP_001245468.1
chrX	1686777	+	NP_477365.1
chrX	1774172	+	NP_001245470.1
chrX	1789666	+	NP_726762.1
chrX	1825660	+	NP_001245481.1
chrX	1866014	+	NP_001138145.1
chrX	1868923	+	NP_569950.1
chrX	1874138	+	NP_569952.2
chrX	1877427	+	NP_569954.1
chrX	1880573	+	NP_569956.1
chrX	1890347	+	NP_001259148.1
chrX	1908353	+	NP_569958.2
chrX	1923758	+	NP_569962.2
chrX	1927786	+	NP_569963.1
chrX	1940387	+	NP_569965.1
chrX	1942865	+	NP_001259156.1
chrX	2014522	+	NP_001245484.1
chrX	2052746	+	NP_569971.3
chrX	2068607	+	NP_569975.1
chrX	2073711	+	NP_569977.1
chrX	2077083	+	NP_569979.1
chrX	2081106	+	NP_001259172.1
chrX	2094405	+	NP_477130.1
chrX	2143057	+	NP_726795.1
chrX	2145407	+	NP_476860.2
chrX	2168189	+	NP_001259178.1
chrX	2172643	+	NP_001284805.1
chrX	2176907	+	NP_001284806.1
chrX	2181300	+	NP_476684.1
chrX	2184965	+	NP_001284807.1
chrX	2186929	+	NP_001284808.1
chrX	2198802	+	NP_001284810.1
chrX	2223851	+	NP_001259181.1
chrX	2225711	+	NP_001259183.2
chrX	2242309	+	NP_477491.1
chrX	2246231	+	NP_525046.1
chrX	2262896	+	NP_569993.1
chrX	2275973	+	NP_001303573.1
chrX	2327207	+	NP_569999.1
chrX	2340886	+	NP_001096867.3
chrX	2448297	+	NP_525051.1
chrX	2572667	+	NP_001245501.1
chrX	2583040	+	NP_001188542.1
chrX	2586279	+	NP_001245503.1
chrX	2596215	+	NP_525052.1
chrX	2604303	+	NP_524901.2
chrX	2620310	+	NP_570012.1
chrX	2625018	+	NP_001259191.1
chrX	2642009	+	NP_726823.1
chrX	2688245	+	NP_525056.2
chrX	2698787	+	NP_001284832.1
chrX	2704718	+	NP_570020.1
chrX	2708964	+	NP_570022.2
chrX	2714130	+	NP_726828.2
chrX	2720568	+	NP_477494.2
chrX	2732565	+	NP_570028.1
chrX	2809967	+	NP_570030.1
chrX	2890881	+	NP_001096871.1
chrX	2920328	+	NP_726834.2
chrX	2929918	+	NP_726835.1
chrX	2935170	+	NP_570039.1
chrX	2937128	+	NP_570040.1
chrX	2939483	+	NP_570041.1
chrX	2941482	+	NP_570042.1
chrX	2943476	+	NP_570043.1
chrX	2945532	+	NP_570044.1
chrX	2947105	+	NP_570045.1
chrX	2948106	+	NP_001259199.1
chrX	3129278	+	NP_001245507.1
chrX	3135668	+	NP_476859.2
chrX	3175514	+	NP_570048.1
chrX	3242450	+	NP_476655.1
chrX	3244798	+	NP_726846.1
chrX	3375006	+	NP_001259204.1
chrX	3460628	+	NP_570058.1
chrX	3483045	+	NP_570062.1
chrX	3485841	+	NP_001259216.1
chrX	3515260	+	NP_570067.1
chrX	3569504	+	NP_001036260.3
chrX	3645471	+	NP_524700.1
chrX	3668044	+	NP_570070.1
chrX	3693485	+	NP_001162651.1
chrX	3721576	+	NP_001138152.1
chrX	3790164	+	NP_726885.1
chrX	3795092	+	NP_726887.1
chrX	3799247	+	NP_570074.3
chrX	3802557	+	NP_726889.3
chrX	3820737	+	NP_570078.2
chrX	3873158	+	NP_001284846.1
chrX	3880989	+	NP_570080.1
chrX	3888663	+	NP_570081.2
chrX	3936822	+	NP_001284848.1
chrX	3941060	+	NP_726900.2
chrX	3945256	+	NP_726901.2
chrX	3949650	+	NP_996346.2
chrX	4077916	+	NP_001259227.1
chrX	4101408	+	NP_572149.2
chrX	4104486	+	NP_476901.1
chrX	4109689	+	NP_726909.1
chrX	4114228	+	NP_001259231.1
chrX	4118418	+	NP_001162657.1
chrX	4131286	+	NP_726910.1
chrX	4213128	+	NP_001245522.1
chrX	4218226	+	NP_572154.1
chrX	4247343	+	NP_001245524.1
chrX	4248394	+	NP_001245525.1
chrX	4266160	+	NP_572157.1
chrX	4269031	+	NP_572158.1
chrX	4319628	+	NP_572160.1
chrX	4349408	+	NP_001162661.1
chrX	4366588	+	NP_572162.2
chrX	4428435	+	NP_525070.2
chrX	4531310	+	NP_001245529.1
chrX	4541003	+	NP_001284862.1
chrX	4542703	+	NP_572166.1
chrX	4549074	+	NP_572168.1
chrX	4552076	+	NP_572170.1
chrX	4558110	+	NP_572172.1
chrX	4619994	+	NP_001014722.1
chrX	4636453	+	NP_525072.2
chrX	4647967	+	NP_525073.1
chrX	4650330	+	NP_726938.1
chrX	4691737	+	NP_726942.1
chrX	4702532	+	NP_726946.1
chrX	4705564	+	NP_572182.1
chrX	4723368	+	NP_572183.1
chrX	4784198	+	NP_572188.1
chrX	4826004	+	NP_572190.1
chrX	4875792	+	NP_572191.2
chrX	4894689	+	NP_001284869.1
chrX	4906979	+	NP_572194.1
chrX	4909759	+	NP_001284870.1
chrX	4919197	+	NP_572198.1
chrX	4940647	+	NP_726967.1
chrX	4997539	+	NP_001284876.1
chrX	5049131	+	NP_001162673.1
chrX	5089987	+	NP_001284879.1
chrX	5301348	+	NP_572209.1
chrX	5309354	+	NP_511045.1
chrX	5312460	+	NP_001284882.1
chrX	5313433	+	NP_572213.1
chrX	5317504	+	NP_572215.1
chrX	5323997	+	NP_511048.2
chrX	5330102	+	NP_572217.1
chrX	5333405	+	NP_001245531.1
chrX	5351829	+	NP_726988.3
chrX	5422622	+	NP_726995.1
chrX	5427528	+	NP_572222.2
chrX	5430680	+	NP_001284891.1
chrX	5478771	+	NP_572225.1
chrX	5501874	+	NP_001284895.1
chrX	5517421	+	NP_001284896.1
chrX	5594547	+	NP_001284898.1
chrX	5622724	+	NP_572236.3
chrX	5666406	+	NP_001284899.1
chrX	5672520	+	NP_001284900.1
chrX	5680727	+	NP_511050.1
chrX	5683261	+	NP_001162677.1
chrX	5690769	+	NP_536786.1
chrX	5703116	+	NP_001162678.1
chrX	5732760	+	NP_001245535.1
chrX	5747869	+	NP_001259262.1
chrX	5752869	+	NP_001284907.1
chrX	5756055	+	NP_001284909.1
chrX	5764915	+	NP_572263.2
chrX	5789646	+	NP_572264.1
chrX	5792242	+	NP_572265.1
chrX	5804731	+	NP_572266.1
chrX	5809006	+	NP_572267.1
chrX	5819122	+	NP_572269.1
chrX	5845353	+	NP_572271.1
chrX	5853835	+	NP_001245538.1
chrX	5869182	+	NP_001284911.1
chrX	5881053	+	NP_572275.1
chrX	5902698	+	NP_001284915.1
chrX	5905957	+	NP_001259264.1
chrX	5908492	+	NP_572277.2
chrX	5938670	+	NP_572279.1
chrX	5942683	+	NP_001284918.1
chrX	5945761	+	NP_001284919.1
chrX	5948249	+	NP_572281.1
chrX	5952598	+	NP_572282.1
chrX	5955799	+	NP_572283.1
chrX	5966566	+	NP_572285.2
chrX	5989240	+	NP_572286.1
chrX	6037969	+	NP_572288.1
chrX	6040702	+	NP_572289.2
chrX	6059910	+	NP_001259265.1
chrX	6068091	+	NP_001033834.1
chrX	6096209	+	NP_001284926.1
chrX	6221382	+	NP_572299.1
chrX	6226175	+	NP_001245547.1
chrX	6237480	+	NP_001284934.1
chrX	6255911	+	NP_511058.1
chrX	6261269	+	NP_572303.4
chrX	6267907	+	NP_651962.2
chrX	6288154	+	NP_572307.1
chrX	6291407	+	NP_001245549.1
chrX	6295506	+	NP_572311.1
chrX	6304121	+	NP_572313.1
chrX	6316098	+	NP_001096891.1
chrX	6331057	+	NP_001284942.1
chrX	6342138	+	NP_001259271.1
chrX	6347505	+	NP_572317.2
chrX	6350736	+	NP_727091.1
chrX	6366857	+	NP_572320.2
chrX	6384355	+	NP_001027042.2
chrX	6524690	+	NP_572323.1
chrX	6529116	+	NP_511062.1
chrX	6534413	+	NP_511064.2
chrX	6543104	+	NP_001096892.1
chrX	6589491	+	NP_572327.1
chrX	6591584	+	NP_572328.1
chrX	6597094	+	NP_572329.3
chrX	6630938	+	NP_001284949.1
chrX	6655150	+	NP_727103.1
chrX	6665045	+	NP_572336.2
chrX	6674506	+	NP_511065.1
chrX	6678530	+	NP_572339.1
chrX	6684557	+	NP_001027049.1
chrX	6709720	+	NP_572344.2
chrX	6753776	+	NP_001188550.1
chrX	6760020	+	NP_572348.1
chrX	6771370	+	NP_651967.2
chrX	6805910	+	NP_001245554.1
chrX	6814118	+	NP_572353.1
chrX	6821093	+	NP_572355.1
chrX	6824638	+	NP_001284967.1
chrX	6844607	+	NP_572360.1
chrX	6849987	+	NP_572362.1
chrX	6869390	+	NP_001259295.1
chrX	6917560	+	NP_001284973.1
chrX	6970018	+	NP_572371.1
chrX	6986579	+	NP_572373.1
chrX	6999129	+	NP_001259301.1
chrX	7011603	+	NP_727153.2
chrX	7013977	+	NP_572377.2
chrX	7040690	+	NP_572379.1
chrX	7049586	+	NP_511067.3
chrX	7069953	+	NP_572380.1
chrX	7105156	+	NP_572384.1
chrX	7197309	+	NP_727173.2
chrX	7267041	+	NP_572386.1
chrX	7286853	+	NP_001188553.1
chrX	7308473	+	NP_511069.3
chrX	7324589	+	NP_572391.1
chrX	7329160	+	NP_996360.2
chrX	7337716	+	NP_511070.1
chrX	7359132	+	NP_572394.2
chrX	7378173	+	NP_572395.2
chrX	7407307	+	NP_727185.1
chrX	7412687	+	NP_001188556.1
chrX	7413892	+	NP_001284982.1
chrX	7417272	+	NP_001096901.1
chrX	7418725	+	NP_001284983.1
chrX	7452237	+	NP_652531.1
chrX	7528396	+	NP_001245563.1
chrX	7574598	+	NP_572398.1
chrX	7609416	+	NP_001259310.1
chrX	7722223	+	NP_572401.2
chrX	7729191	+	NP_572403.1
chrX	7735228	+	NP_001245568.1
chrX	7737470	+	NP_001259313.1
chrX	7764982	+	NP_572406.1
chrX	7768777	+	NP_001096903.2
chrX	7778275	+	NP_001259314.1
chrX	7826747	+	NP_001284986.1
chrX	7858230	+	NP_572409.2
chrX	7874826	+	NP_001245572.1
chrX	7884660	+	NP_001368933.1
chrX	7894127	+	NP_001284992.1
chrX	7901992	+	NP_511074.1
chrX	7909372	+	NP_572420.1
chrX	7912864	+	NP_001284993.1
chrX	7920676	+	NP_572423.1
chrX	7934034	+	NP_727218.1
chrX	7935203	+	NP_536352.1
chrX	7936969	+	NP_572428.3
chrX	7956122	+	NP_572430.1
chrX	7982447	+	NP_511076.3
chrX	7999388	+	NP_788884.1
chrX	8063958	+	NP_001284999.1
chrX	8076154	+	NP_572435.1
chrX	8117124	+	NP_572440.1
chrX	8129919	+	NP_572444.2
chrX	8132512	+	NP_572445.1
chrX	8135872	+	NP_572446.2
chrX	8145949	+	NP_572449.1
chrX	8148015	+	NP_572450.4
chrX	8153044	+	NP_572453.1
chrX	8157724	+	NP_001285008.1
chrX	8160113	+	NP_572455.1
chrX	8181431	+	NP_001259326.1
chrX	8240770	+	NP_572465.1
chrX	8242716	+	NP_511082.2
chrX	8253424	+	NP_572467.1
chrX	8273548	+	NP_001285013.1
chrX	8386189	+	NP_572473.1
chrX	8399395	+	NP_001285016.1
chrX	8423565	+	NP_001162701.1
chrX	8437291	+	NP_001285018.1
chrX	8461571	+	NP_572480.1
chrX	8470920	+	NP_001368953.1
chrX	8473874	+	NP_572484.1
chrX	8477127	+	NP_572485.1
chrX	8479357	+	NP_511087.1
chrX	8481914	+	NP_001162703.1
chrX	8491955	+	NP_001285022.1
chrX	8531947	+	NP_001245581.1
chrX	8563373	+	NP_996381.1
chrX	8583667	+	NP_001162709.1
chrX	8589151	+	NP_001259343.1
chrX	8593496	+	NP_001162710.2
chrX	8677207	+	NP_001259348.1
chrX	8687268	+	NP_001285023.1
chrX	8690488	+	NP_572499.2
chrX	8709809	+	NP_525081.1
chrX	8715029	+	NP_572502.1
chrX	8720606	+	NP_572504.1
chrX	8867664	+	NP_001245582.1
chrX	8901798	+	NP_001285026.1
chrX	8907715	+	NP_001188564.1
chrX	9030870	+	NP_001285029.1
chrX	9081359	+	NP_572521.2
chrX	9083054	+	NP_572522.2
chrX	9107145	+	NP_572526.1
chrX	9108931	+	NP_788891.2
chrX	9142868	+	NP_572529.2
chrX	9149423	+	NP_572530.1
chrX	9158677	+	NP_001259375.1
chrX	9162475	+	NP_001285038.1
chrX	9166539	+	NP_001259377.1
chrX	9191685	+	NP_572534.1
chrX	9214896	+	NP_727322.1
chrX	9216926	+	NP_001285041.1
chrX	9225456	+	NP_572544.1
chrX	9227295	+	NP_511097.3
chrX	9243876	+	NP_524795.2
chrX	9247799	+	NP_511098.1
chrX	9250770	+	NP_001285046.1
chrX	9256297	+	NP_001285048.1
chrX	9273514	+	NP_001285049.1
chrX	9285921	+	NP_511099.2
chrX	9319492	+	NP_001259381.1
chrX	9356920	+	NP_572562.1
chrX	9511524	+	NP_001033838.1
chrX	9533844	+	NP_001285057.1
chrX	9554710	+	NP_001285059.1
chrX	9586219	+	NP_524848.1
chrX	9601140	+	NP_572571.1
chrX	9609298	+	NP_001188572.1
chrX	9694674	+	NP_511100.1
chrX	9730564	+	NP_572579.3
chrX	9779062	+	NP_727363.1
chrX	9812099	+	NP_001285061.1
chrX	9865337	+	NP_572582.1
chrX	9878444	+	NP_572585.3
chrX	9879950	+	NP_572586.2
chrX	9882028	+	NP_572587.1
chrX	9884502	+	NP_727371.1
chrX	9965350	+	NP_001259392.1
chrX	9993046	+	NP_001285069.1
chrX	10009235	+	NP_001014730.1
chrX	10010571	+	NP_727386.1
chrX	10017724	+	NP_572598.3
chrX	10053917	+	NP_001285071.1
chrX	10061627	+	NP_727392.1
chrX	10083248	+	NP_001285072.1
chrX	10122197	+	NP_001036267.1
chrX	10153612	+	NP_001096935.1
chrX	10158810	+	NP_572608.2
chrX	10213287	+	NP_001285074.1
chrX	10220549	+	NP_001285075.1
chrX	10326618	+	NP_572616.1
chrX	10335839	+	NP_001259404.1
chrX	10368356	+	NP_572622.1
chrX	10386512	+	NP_001259407.1
chrX	10417496	+	NP_572627.1
chrX	10460922	+	NP_001259408.1
chrX	10475018	+	NP_572632.1
chrX	10479501	+	NP_727427.1
chrX	10589182	+	NP_727432.1
chrX	10596250	+	NP_572638.1
chrX	10657689	+	NP_572644.1
chrX	10699273	+	NP_001285085.1
chrX	10745820	+	NP_001259427.1
chrX	10768721	+	NP_572649.1
chrX	10772999	+	NP_572653.1
chrX	10839387	+	NP_652465.1
chrX	10842246	+	NP_572654.1
chrX	10847500	+	NP_572656.1
chrX	10857922	+	NP_001259433.1
chrX	10869380	+	NP_001285093.1
chrX	10900529	+	NP_001285099.1
chrX	10906084	+	NP_001096948.2
chrX	10924028	+	NP_511113.1
chrX	10927578	+	NP_572668.1
chrX	10938636	+	NP_001285103.1
chrX	11045118	+	NP_727478.1
chrX	11066612	+	NP_001285105.1
chrX	11089371	+	NP_001285106.1
chrX	11090579	+	NP_001285107.1
chrX	11093045	+	NP_001259437.1
chrX	11103476	+	NP_572683.1
chrX	11110041	+	NP_511115.2
chrX	11125313	+	NP_001285108.1
chrX	11138057	+	NP_572688.2
chrX	11142680	+	NP_001245618.1
chrX	11144153	+	NP_572691.1
chrX	11149714	+	NP_001285113.1
chrX	11155137	+	NP_727501.1
chrX	11183056	+	NP_572697.1
chrX	11202382	+	NP_572698.2
chrX	11248409	+	NP_572701.1
chrX	11328046	+	NP_572704.1
chrX	11340452	+	NP_001096954.1
chrX	11348205	+	NP_572708.1
chrX	11351704	+	NP_001285118.1
chrX	11356354	+	NP_511118.2
chrX	11359329	+	NP_572712.1
chrX	11368536	+	NP_001285120.1
chrX	11374492	+	NP_727518.1
chrX	11410054	+	NP_572715.2
chrX	11423062	+	NP_001285121.1
chrX	11443633	+	NP_727528.1
chrX	11455077	+	NP_996409.1
chrX	11459882	+	NP_572720.2
chrX	11477593	+	NP_727531.2
chrX	11483654	+	NP_572722.2
chrX	11493866	+	NP_001162724.1
chrX	11561973	+	NP_572727.1
chrX	11570710	+	NP_001303568.1
chrX	11572802	+	NP_572730.1
chrX	11576953	+	NP_001162725.1
chrX	11580924	+	NP_511125.2
chrX	11600087	+	NP_525084.1
chrX	11612178	+	NP_001285130.1
chrX	11616868	+	NP_001285132.1
chrX	11624103	+	NP_001259453.1
chrX	11680853	+	NP_001259456.1
chrX	11696449	+	NP_727548.1
chrX	11717074	+	NP_001188583.1
chrX	11720662	+	NP_727555.1
chrX	11724396	+	NP_001096957.1
chrX	11763204	+	NP_572747.1
chrX	11788939	+	NP_001285137.1
chrX	11793447	+	NP_542940.1
chrX	11823607	+	NP_001245632.1
chrX	11839610	+	NP_001259464.1
chrX	11855352	+	NP_001259466.1
chrX	11869247	+	NP_572758.1
chrX	11873501	+	NP_572760.1
chrX	11887397	+	NP_572763.3
chrX	11888496	+	NP_572764.1
chrX	11892038	+	NP_001285142.1
chrX	11894764	+	NP_001285144.1
chrX	12008270	+	NP_572773.1
chrX	12015519	+	NP_727588.2
chrX	12019181	+	NP_572777.2
chrX	12032814	+	NP_727590.1
chrX	12059846	+	NP_001285150.1
chrX	12070488	+	NP_001096962.1
chrX	12107297	+	NP_572787.2
chrX	12193881	+	NP_001162730.2
chrX	12373245	+	NP_572794.1
chrX	12408955	+	NP_572796.1
chrX	12435252	+	NP_511171.3
chrX	12454869	+	NP_572798.1
chrX	12464099	+	NP_572801.2
chrX	12487082	+	NP_572803.1
chrX	12490383	+	NP_511138.2
chrX	12497573	+	NP_572805.1
chrX	12553248	+	NP_572807.1
chrX	12597353	+	NP_001285158.1
chrX	12612482	+	NP_572814.1
chrX	12616677	+	NP_572815.3
chrX	12627233	+	NP_001245643.1
chrX	12629959	+	NP_572818.1
chrX	12636161	+	NP_572819.4
chrX	12655238	+	NP_001285163.1
chrX	12660784	+	NP_001259490.1
chrX	12706198	+	NP_572823.1
chrX	12744557	+	NP_001285166.1
chrX	12767164	+	NP_727641.1
chrX	12801708	+	NP_572831.2
chrX	12907188	+	NP_001285170.1
chrX	12910203	+	NP_572841.1
chrX	12942658	+	NP_001245647.1
chrX	12959282	+	NP_001285175.1
chrX	12967909	+	NP_727652.3
chrX	12970728	+	NP_572844.2
chrX	12984611	+	NP_727655.1
chrX	12989238	+	NP_001285177.1
chrX	13091483	+	NP_477162.1
chrX	13094573	+	NP_001285183.1
chrX	13115259	+	NP_572855.1
chrX	13129102	+	NP_001285187.1
chrX	13131797	+	NP_001285188.1
chrX	13139669	+	NP_727670.1
chrX	13155096	+	NP_572861.1
chrX	13159883	+	NP_572862.2
chrX	13178102	+	NP_727674.1
chrX	13184575	+	NP_727675.1
chrX	13212589	+	NP_001259502.1
chrX	13259246	+	NP_524877.1
chrX	13286351	+	NP_001285197.1
chrX	13288363	+	NP_572870.2
chrX	13297230	+	NP_001285199.1
chrX	13305880	+	NP_572873.2
chrX	13331122	+	NP_001285203.1
chrX	13338375	+	NP_727694.1
chrX	13363292	+	NP_572878.1
chrX	13368200	+	NP_511146.2
chrX	13385337	+	NP_572881.1
chrX	13388012	+	NP_572883.1
chrX	13397271	+	NP_572884.1
chrX	13404967	+	NP_572886.2
chrX	13413467	+	NP_572888.2
chrX	13483136	+	NP_727708.1
chrX	13528013	+	NP_572894.1
chrX	13534473	+	NP_572895.1
chrX	13543774	+	NP_572896.1
chrX	13556549	+	NP_727714.1
chrX	13561711	+	NP_572898.1
chrX	13575904	+	NP_001334677.1
chrX	13577506	+	NP_001259521.1
chrX	13606445	+	NP_727720.1
chrX	13612172	+	NP_572903.3
chrX	13617434	+	NP_001285217.1
chrX	13625457	+	NP_001259526.2
chrX	13668087	+	NP_001285220.1
chrX	13670560	+	NP_001259527.1
chrX	13676915	+	NP_572910.1
chrX	13682976	+	NP_572912.1
chrX	13692560	+	NP_001245655.1
chrX	13722354	+	NP_524909.1
chrX	13738249	+	NP_001259530.1
chrX	13739980	+	NP_572917.1
chrX	13757271	+	NP_572919.1
chrX	13759602	+	NP_001285228.1
chrX	13768080	+	NP_001162748.1
chrX	13782499	+	NP_001033842.2
chrX	13801679	+	NP_788901.1
chrX	13811759	+	NP_572927.1
chrX	13822927	+	NP_572929.1
chrX	13955421	+	NP_572936.1
chrX	13998161	+	NP_001245663.1
chrX	14000210	+	NP_727747.3
chrX	14169613	+	NP_572937.1
chrX	14174827	+	NP_572939.1
chrX	14176947	+	NP_001285235.1
chrX	14181098	+	NP_572941.1
chrX	14184596	+	NP_727758.1
chrX	14187279	+	NP_001033843.1
chrX	14189567	+	NP_572943.2
chrX	14193379	+	NP_511151.2
chrX	14201463	+	NP_572947.1
chrX	14226340	+	NP_511152.2
chrX	14238374	+	NP_001285237.1
chrX	14243829	+	NP_727768.1
chrX	14248120	+	NP_536743.3
chrX	14261360	+	NP_001334678.1
chrX	14267653	+	NP_001096981.2
chrX	14277829	+	NP_001368944.1
chrX	14378977	+	NP_727779.1
chrX	14380507	+	NP_572960.1
chrX	14408273	+	NP_727781.1
chrX	14496247	+	NP_572963.1
chrX	14580666	+	NP_001285240.1
chrX	14583753	+	NP_572965.1
chrX	14679604	+	NP_572967.2
chrX	14702358	+	NP_001245670.1
chrX	14775359	+	NP_572969.1
chrX	14776878	+	NP_572970.1
chrX	14833254	+	NP_572972.1
chrX	14836725	+	NP_572973.2
chrX	14840971	+	NP_001259553.1
chrX	14971720	+	NP_001259557.1
chrX	15024703	+	NP_572990.2
chrX	15049107	+	NP_996438.1
chrX	15064050	+	NP_001285260.1
chrX	15067193	+	NP_572995.1
chrX	15081549	+	NP_788903.1
chrX	15082877	+	NP_001285264.1
chrX	15086227	+	NP_573000.1
chrX	15093253	+	NP_001259559.1
chrX	15126033	+	NP_001033845.1
chrX	15178477	+	NP_001096985.2
chrX	15210456	+	NP_001285266.1
chrX	15293156	+	NP_573014.2
chrX	15310387	+	NP_001259566.1
chrX	15319781	+	NP_511161.2
chrX	15328444	+	NP_511162.1
chrX	15334061	+	NP_573017.2
chrX	15345406	+	NP_573020.2
chrX	15450391	+	NP_001285268.1
chrX	15453575	+	NP_573024.1
chrX	15462828	+	NP_727854.2
chrX	15465858	+	NP_788906.1
chrX	15467906	+	NP_573029.1
chrX	15472243	+	NP_573031.1
chrX	15477942	+	NP_001285273.1
chrX	15482475	+	NP_001259574.1
chrX	15487242	+	NP_788907.1
chrX	15569245	+	NP_573039.1
chrX	15578434	+	NP_573044.1
chrX	15583462	+	NP_001285279.1
chrX	15587789	+	NP_573047.1
chrX	15644291	+	NP_573049.2
chrX	15662585	+	NP_573050.1
chrX	15676407	+	NP_001138199.1
chrX	15698521	+	NP_573053.2
chrX	15704228	+	NP_001285283.1
chrX	15711124	+	NP_001285285.1
chrX	15714115	+	NP_001285290.1
chrX	15732191	+	NP_573060.1
chrX	15734369	+	NP_001259579.1
chrX	15739403	+	NP_001285294.1
chrX	15746771	+	NP_573066.1
chrX	15756394	+	NP_996446.1
chrX	15761334	+	NP_511166.2
chrX	15786172	+	NP_001285297.1
chrX	15790290	+	NP_996447.1
chrX	15799674	+	NP_001285298.1
chrX	15806288	+	NP_001303566.1
chrX	15838380	+	NP_573080.1
chrX	15845382	+	NP_001285303.1
chrX	15853446	+	NP_573084.1
chrX	15861774	+	NP_996462.1
chrX	15868336	+	NP_542445.1
chrX	15872192	+	NP_001285304.1
chrX	15890672	+	NP_573088.1
chrX	15893005	+	NP_996468.1
chrX	15912072	+	NP_001162769.1
chrX	15922102	+	NP_573090.3
chrX	15926152	+	NP_996469.1
chrX	15942452	+	NP_573091.1
chrX	15945056	+	NP_001285310.1
chrX	15974425	+	NP_523359.2
chrX	15983920	+	NP_573096.1
chrX	15993509	+	NP_523360.1
chrX	15997124	+	NP_573099.1
chrX	16006227	+	NP_573100.1
chrX	16065552	+	NP_573102.1
chrX	16083283	+	NP_573105.1
chrX	16271520	+	NP_573109.1
chrX	16276418	+	NP_525092.1
chrX	16279964	+	NP_001245707.1
chrX	16286410	+	NP_573110.1
chrX	16288951	+	NP_001259602.1
chrX	16296776	+	NP_001096996.1
chrX	16303990	+	NP_001259603.1
chrX	16313882	+	NP_573116.2
chrX	16323468	+	NP_001259606.1
chrX	16334390	+	NP_996485.1
chrX	16350586	+	NP_476726.2
chrX	16359340	+	NP_001285323.1
chrX	16375056	+	NP_001162773.1
chrX	16387012	+	NP_727972.1
chrX	16391761	+	NP_523369.2
chrX	16405730	+	NP_001245712.1
chrX	16415424	+	NP_727976.1
chrX	16423280	+	NP_727980.2
chrX	16441783	+	NP_573129.1
chrX	16448698	+	NP_524959.1
chrX	16588108	+	NP_573134.1
chrX	16594001	+	NP_001285334.1
chrX	16600155	+	NP_001138206.1
chrX	16611192	+	NP_523375.2
chrX	16638233	+	NP_001285338.1
chrX	16641477	+	NP_001285340.1
chrX	16651483	+	NP_001162776.1
chrX	16656398	+	NP_523377.1
chrX	16679315	+	NP_573146.1
chrX	16704088	+	NP_573150.2
chrX	16707687	+	NP_001033850.2
chrX	16711506	+	NP_573154.1
chrX	16721501	+	NP_728015.1
chrX	16731170	+	NP_728016.1
chrX	16735073	+	NP_728017.1
chrX	16738178	+	NP_728018.2
chrX	16741004	+	NP_001285351.1
chrX	16742923	+	NP_728020.1
chrX	16784075	+	NP_523379.2
chrX	16787950	+	NP_001285352.1
chrX	16792554	+	NP_001303562.1
chrX	16800960	+	NP_573166.1
chrX	16803760	+	NP_573168.1
chrX	16806307	+	NP_573169.2
chrX	16812003	+	NP_728030.2
chrX	16881455	+	NP_573173.2
chrX	16884601	+	NP_573175.2
chrX	16886967	+	NP_573177.1
chrX	16889810	+	NP_573178.1
chrX	16928695	+	NP_001285354.1
chrX	16948862	+	NP_573183.2
chrX	17022324	+	NP_001138213.1
chrX	17078934	+	NP_573188.1
chrX	17081584	+	NP_573189.1
chrX	17092120	+	NP_573191.1
chrX	17102253	+	NP_001259638.1
chrX	17124903	+	NP_573195.1
chrX	17149137	+	NP_573196.1
chrX	17161072	+	NP_001334669.1
chrX	17203195	+	NP_573198.1
chrX	17206475	+	NP_728056.1
chrX	17208436	+	NP_728057.1
chrX	17212328	+	NP_573201.1
chrX	17215333	+	NP_001285367.1
chrX	17218981	+	NP_001285368.1
chrX	17221547	+	NP_573204.2
chrX	17249802	+	NP_001188658.1
chrX	17302915	+	NP_001285371.1
chrX	17314870	+	NP_523386.1
chrX	17397694	+	NP_001259642.1
chrX	17423625	+	NP_573215.1
chrX	17590202	+	NP_001259653.1
chrX	17596700	+	NP_001259649.1
chrX	17600906	+	NP_001285376.1
chrX	17632422	+	NP_573228.1
chrX	17636368	+	NP_573230.1
chrX	17661184	+	NP_001259661.1
chrX	17703651	+	NP_573238.1
chrX	17711041	+	NP_573240.1
chrX	17768931	+	NP_001285390.1
chrX	17791067	+	NP_523389.3
chrX	17831321	+	NP_001285391.1
chrX	17842259	+	NP_523391.3
chrX	17845510	+	NP_001285392.1
chrX	17850541	+	NP_573248.2
chrX	17857261	+	NP_001188667.1
chrX	17861164	+	NP_001259663.1
chrX	17883808	+	NP_573255.1
chrX	17888189	+	NP_573254.1
chrX	17889991	+	NP_001285394.1
chrX	17900146	+	NP_001285395.1
chrX	17908578	+	NP_001285396.1
chrX	17918917	+	NP_001285397.1
chrX	18024475	+	NP_573262.2
chrX	18044004	+	NP_001097013.2
chrX	18064602	+	NP_523394.1
chrX	18085912	+	NP_523395.1
chrX	18091382	+	NP_523396.1
chrX	18095265	+	NP_001285401.1
chrX	18102060	+	NP_523397.1
chrX	18138631	+	NP_001245738.1
chrX	18161229	+	NP_001033853.1
chrX	18192500	+	NP_001259675.1
chrX	18209534	+	NP_573273.1
chrX	18277603	+	NP_001097014.1
chrX	18358903	+	NP_001285403.1
chrX	18372133	+	NP_001245740.1
chrX	18380188	+	NP_573288.1
chrX	18387949	+	NP_001285404.1
chrX	18415519	+	NP_573291.1
chrX	18422482	+	NP_001138219.1
chrX	18437504	+	NP_573294.1
chrX	18438896	+	NP_728169.2
chrX	18500182	+	NP_573302.1
chrX	18515590	+	NP_573305.2
chrX	18520830	+	NP_001259688.2
chrX	18648306	+	NP_573314.1
chrX	18657840	+	NP_477499.1
chrX	18685962	+	NP_001285414.1
chrX	18709895	+	NP_573320.1
chrX	18775579	+	NP_573323.1
chrX	18788832	+	NP_524861.2
chrX	18806992	+	NP_573327.2
chrX	18820665	+	NP_001259691.1
chrX	18830663	+	NP_573329.2
chrX	18838055	+	NP_001285415.1
chrX	18844032	+	NP_573330.3
chrX	18858295	+	NP_573334.1
chrX	18865440	+	NP_573336.3
chrX	18884817	+	NP_001285417.1
chrX	18894662	+	NP_001285420.1
chrX	18900943	+	NP_001285421.1
chrX	19011073	+	NP_001259698.1
chrX	19050473	+	NP_001285423.1
chrX	19065414	+	NP_573344.1
chrX	19077806	+	NP_573345.1
chrX	19081744	+	NP_573346.2
chrX	19180279	+	NP_573355.1
chrX	19183545	+	NP_996512.1
chrX	19188115	+	NP_573357.1
chrX	19193832	+	NP_573360.1
chrX	19213293	+	NP_573364.1
chrX	19215563	+	NP_001285431.1
chrX	19221030	+	NP_573366.1
chrX	19243740	+	NP_573368.2
chrX	19249141	+	NP_001259702.1
chrX	19262339	+	NP_728235.1
chrX	19464670	+	NP_001245746.1
chrX	19475167	+	NP_573383.1
chrX	19480622	+	NP_001285439.1
chrX	19492537	+	NP_573385.1
chrX	19498775	+	NP_477452.3
chrX	19509946	+	NP_573387.1
chrX	19523096	+	NP_001259706.1
chrX	19566342	+	NP_728266.1
chrX	19583642	+	NP_001259710.1
chrX	19592647	+	NP_608323.1
chrX	19598434	+	NP_728273.1
chrX	19605504	+	NP_001285446.1
chrX	19611757	+	NP_728278.2
chrX	19616276	+	NP_608328.1
chrX	19623210	+	NP_608332.2
chrX	19625738	+	NP_608333.1
chrX	19639310	+	NP_001259722.1
chrX	19643887	+	NP_001285450.1
chrX	19652456	+	NP_608340.2
chrX	19664646	+	NP_608342.1
chrX	19667602	+	NP_523411.1
chrX	19684001	+	NP_001285457.1
chrX	19697958	+	NP_001245762.1
chrX	19704411	+	NP_608349.1
chrX	19719735	+	NP_608350.2
chrX	19731400	+	NP_523415.1
chrX	19735989	+	NP_608351.1
chrX	19744529	+	NP_001285462.1
chrX	19746189	+	NP_001285464.1
chrX	19748913	+	NP_001259731.1
chrX	19751434	+	NP_001259734.1
chrX	19812801	+	NP_608357.2
chrX	19816138	+	NP_608358.1
chrX	19852348	+	NP_728308.1
chrX	19868410	+	NP_001259736.1
chrX	19963955	+	NP_001245776.1
chrX	20051456	+	NP_608368.1
chrX	20094398	+	NP_728315.1
chrX	20122484	+	NP_001097032.2
chrX	20133990	+	NP_001285479.1
chrX	20139853	+	NP_001162803.1
chrX	20141106	+	NP_001097033.1
chrX	20148259	+	NP_608372.1
chrX	20166765	+	NP_608375.1
chrX	20170349	+	NP_608377.1
chrX	20239978	+	NP_608378.2
chrX	20244883	+	NP_001245779.1
chrX	20251631	+	NP_523419.1
chrX	20259317	+	NP_001162806.1
chrX	20327604	+	NP_608383.1
chrX	20391536	+	NP_608387.1
chrX	20394880	+	NP_608388.2
chrX	20415769	+	NP_728338.2
chrX	20420138	+	NP_523421.2
chrX	20424154	+	NP_523422.4
chrX	20430254	+	NP_001285493.1
chrX	20434487	+	NP_728346.2
chrX	20446403	+	NP_001162807.1
chrX	20449945	+	NP_001285494.1
chrX	20467680	+	NP_001162808.1
chrX	20486362	+	NP_652291.1
chrX	20511908	+	NP_608397.1
chrX	20527665	+	NP_001162810.1
chrX	20540881	+	NP_001259745.1
chrX	20574324	+	NP_001162811.1
chrX	20658413	+	NP_001285499.1
chrX	20668431	+	NP_608404.1
chrX	20694693	+	NP_001285501.1
chrX	20824292	+	NP_608409.1
chrX	20934953	+	NP_608417.2
chrX	20978378	+	NP_001285504.1
chrX	20984721	+	NP_728377.1
chrX	21035614	+	NP_001097040.1
chrX	21042519	+	NP_001285507.1
chrX	21047190	+	NP_608424.1
chrX	21061009	+	NP_608426.1
chrX	21093985	+	NP_001400987.1
chrX	21117496	+	NP_728390.1
chrX	21132451	+	NP_001036286.1
chrX	21193383	+	NP_608438.1
chrX	21217904	+	NP_728401.1
chrX	21285357	+	NP_001259763.1
chrX	21316178	+	NP_608447.1
chrX	21324461	+	NP_608450.1
chrX	21339894	+	NP_525097.1
chrX	21345451	+	NP_523428.1
chrX	21350609	+	NP_476737.3
chrX	21358376	+	NP_523430.1
chrX	21363059	+	NP_001027089.1
chrX	21369749	+	NP_001027088.1
chrX	21376205	+	NP_001245792.1
chrX	21389012	+	NP_001285518.1
chrX	22143102	+	NP_001104071.2
chrX	22147833	+	NP_001401063.1
chrX	22152886	+	NP_001401064.1
chrX	22157931	+	NP_001401065.1
chrX	22162967	+	NP_001401066.1
chrX	22167699	+	NP_001401067.1
chrX	22172685	+	NP_001401068.1
chrX	22177549	+	NP_001401069.1
chrX	22182537	+	NP_001401070.1
chrX	22187414	+	NP_001401071.1
chrX	22192317	+	NP_001401072.1
chrX	22197218	+	NP_001401073.1
chrX	22202227	+	NP_001401074.1
chrX	22212372	+	NP_001401075.1
chrX	22217423	+	NP_001401076.1
chrX	22226617	+	NP_001401077.1
chrX	22231614	+	NP_001401078.1
chrX	22236609	+	NP_001401079.1
chrX	22241616	+	NP_001401080.1
chrX	22246644	+	NP_001401081.1
chrX	22251626	+	NP_001104090.1
chrX	22444981	+	NP_001285522.1
chrX	22449945	+	NP_608460.1
chrX	22457760	+	NP_001285527.1
chrX	22473810	+	NP_608464.1
chrX	22482737	+	NP_001285530.1
chrX	22487667	+	NP_001285534.1
chrX	22528093	+	NP_608469.1
chrX	22547130	+	NP_608471.1
chrX	22866189	+	NP_001036303.2
chrX	22945485	+	NP_001036309.1
chrX	23013582	+	NP_001036324.1
chrX	23023398	+	NP_001015260.3
chrX	23036145	+	NP_001104467.2
chrX	23068598	+	NP_001287645.1
chrX	23082844	+	NP_001015254.1
chrX	23097696	+	NP_001104480.2
chrX	23106104	+	NP_001104481.2
chrX	126630	-	NP_001245441.1
chrX	147332	-	NP_001284731.1
chrX	245681	-	NP_001284732.1
chrX	259661	-	NP_001259089.1
chrX	266968	-	NP_001259090.1
chrX	274417	-	NP_001014708.1
chrX	290341	-	NP_001284735.1
chrX	333793	-	NP_001138139.1
chrX	437409	-	NP_525030.1
chrX	469228	-	NP_525031.1
chrX	476396	-	NP_524879.2
chrX	487480	-	NP_569843.2
chrX	493417	-	NP_726672.1
chrX	521440	-	NP_001014713.1
chrX	529530	-	NP_001033816.1
chrX	615541	-	NP_001284749.1
chrX	621145	-	NP_569849.1
chrX	625090	-	NP_652500.1
chrX	628873	-	NP_001284750.1
chrX	635483	-	NP_001284751.1
chrX	654083	-	NP_569853.1
chrX	751169	-	NP_569854.1
chrX	753653	-	NP_569855.2
chrX	765095	-	NP_477134.1
chrX	790014	-	NP_569859.1
chrX	800785	-	NP_525036.2
chrX	804897	-	NP_569861.1
chrX	894292	-	NP_001259105.1
chrX	927447	-	NP_001259114.1
chrX	929984	-	NP_569871.2
chrX	932362	-	NP_652634.1
chrX	940733	-	NP_569872.1
chrX	945546	-	NP_569874.1
chrX	947484	-	NP_569875.2
chrX	951882	-	NP_001284764.1
chrX	1011545	-	NP_569877.1
chrX	1016523	-	NP_569879.1
chrX	1021587	-	NP_726716.2
chrX	1030327	-	NP_569880.1
chrX	1077438	-	NP_001259118.1
chrX	1160105	-	NP_726718.1
chrX	1176011	-	NP_569887.1
chrX	1215078	-	NP_001259122.2
chrX	1233913	-	NP_726720.3
chrX	1239782	-	NP_569898.1
chrX	1251597	-	NP_001259125.1
chrX	1308123	-	NP_569900.3
chrX	1333696	-	NP_001284772.1
chrX	1349246	-	NP_996325.1
chrX	1353488	-	NP_001284773.1
chrX	1357533	-	NP_477492.1
chrX	1380323	-	NP_651990.1
chrX	1465979	-	NP_569912.2
chrX	1469646	-	NP_726740.1
chrX	1476312	-	NP_569921.1
chrX	1482891	-	NP_726744.1
chrX	1502280	-	NP_001014715.1
chrX	1512766	-	NP_569925.2
chrX	1558172	-	NP_001188524.1
chrX	1669009	-	NP_569932.1
chrX	1691312	-	NP_001259136.1
chrX	1695472	-	NP_001259142.1
chrX	1710136	-	NP_001284790.1
chrX	1750413	-	NP_001162640.1
chrX	1820212	-	NP_001245482.1
chrX	1822277	-	NP_569942.2
chrX	1858902	-	NP_001259144.1
chrX	1861597	-	NP_001162642.1
chrX	1865736	-	NP_001284793.1
chrX	1868924	-	NP_569949.3
chrX	1873530	-	NP_001284795.1
chrX	1877139	-	NP_001284796.1
chrX	1879490	-	NP_001259146.1
chrX	1889775	-	NP_525040.2
chrX	1899010	-	NP_476665.2
chrX	1902787	-	NP_001259151.1
chrX	1907619	-	NP_001259152.1
chrX	1922823	-	NP_996329.1
chrX	1939954	-	NP_996330.1
chrX	2009296	-	NP_569968.2
chrX	2035068	-	NP_477485.1
chrX	2040913	-	NP_001259168.1
chrX	2043727	-	NP_001259169.1
chrX	2047646	-	NP_001188534.1
chrX	2060713	-	NP_569972.1
chrX	2071426	-	NP_569973.1
chrX	2075820	-	NP_569978.1
chrX	2080298	-	NP_569980.1
chrX	2121724	-	NP_001096865.1
chrX	2136051	-	NP_001284803.1
chrX	2149481	-	NP_477059.2
chrX	2157432	-	NP_726796.2
chrX	2162118	-	NP_476907.2
chrX	2175236	-	NP_652020.1
chrX	2184538	-	NP_477332.1
chrX	2192970	-	NP_001259180.1
chrX	2203795	-	NP_652021.1
chrX	2213775	-	NP_001284812.1
chrX	2220429	-	NP_001284813.1
chrX	2241902	-	NP_476591.1
chrX	2251837	-	NP_477118.1
chrX	2254087	-	NP_001284816.1
chrX	2258474	-	NP_001356930.1
chrX	2262036	-	NP_569992.1
chrX	2269099	-	NP_001284819.1
chrX	2274336	-	NP_001162645.1
chrX	2292689	-	NP_001259184.1
chrX	2325690	-	NP_001245487.1
chrX	2332139	-	NP_570000.1
chrX	2344535	-	NP_001259186.1
chrX	2349399	-	NP_001245488.1
chrX	2385726	-	NP_570001.5
chrX	2410796	-	NP_570003.1
chrX	2425705	-	NP_726810.1
chrX	2428852	-	NP_525049.1
chrX	2443785	-	NP_001245490.1
chrX	2452129	-	NP_726812.1
chrX	2544623	-	NP_001027034.2
chrX	2580214	-	NP_001284828.1
chrX	2585207	-	NP_570010.3
chrX	2603598	-	NP_525053.1
chrX	2608667	-	NP_524768.2
chrX	2610182	-	NP_570011.1
chrX	2619533	-	NP_001245504.1
chrX	2624524	-	NP_570013.3
chrX	2682824	-	NP_525055.1
chrX	2693820	-	NP_570016.1
chrX	2697983	-	NP_996339.2
chrX	2703520	-	NP_001138149.1
chrX	2707342	-	NP_570021.2
chrX	2713741	-	NP_570023.1
chrX	2720175	-	NP_570025.1
chrX	2732048	-	NP_001303557.1
chrX	2738462	-	NP_726829.1
chrX	2743483	-	NP_001259195.1
chrX	2789300	-	NP_001245509.1
chrX	2796308	-	NP_476787.1
chrX	2872821	-	NP_570031.1
chrX	2876523	-	NP_570032.1
chrX	2883633	-	NP_001259197.1
chrX	2885871	-	NP_570034.1
chrX	2927169	-	NP_570037.1
chrX	2957955	-	NP_001284835.1
chrX	3067562	-	NP_001259200.1
chrX	3174394	-	NP_001284836.1
chrX	3236652	-	NP_570050.1
chrX	3240534	-	NP_476941.2
chrX	3242057	-	NP_525060.1
chrX	3244188	-	NP_476944.1
chrX	3249233	-	NP_476677.2
chrX	3316280	-	NP_570054.2
chrX	3393414	-	NP_001284838.1
chrX	3435660	-	NP_001259207.1
chrX	3459875	-	NP_570057.1
chrX	3463926	-	NP_570059.2
chrX	3473148	-	NP_570060.1
chrX	3480948	-	NP_001284839.1
chrX	3485284	-	NP_570063.1
chrX	3504541	-	NP_001284840.1
chrX	3530420	-	NP_001259217.1
chrX	3573505	-	NP_001259219.1
chrX	3671367	-	NP_477321.2
chrX	3710221	-	NP_726881.1
chrX	3869764	-	NP_726894.1
chrX	3911775	-	NP_001259224.1
chrX	3935997	-	NP_001284847.1
chrX	3964754	-	NP_001284849.1
chrX	3968237	-	NP_570088.1
chrX	3971315	-	NP_001303565.1
chrX	4100641	-	NP_001284851.1
chrX	4104119	-	NP_476866.1
chrX	4113604	-	NP_652007.1
chrX	4116852	-	NP_572151.1
chrX	4203260	-	NP_001259237.1
chrX	4217353	-	NP_572153.1
chrX	4242769	-	NP_525067.2
chrX	4245769	-	NP_001284856.1
chrX	4252638	-	NP_572156.1
chrX	4276906	-	NP_652513.1
chrX	4277862	-	NP_652514.1
chrX	4302076	-	NP_001284857.1
chrX	4311703	-	NP_001284858.1
chrX	4318055	-	NP_525068.1
chrX	4322131	-	NP_524981.2
chrX	4329303	-	NP_572161.1
chrX	4540305	-	NP_001259239.1
chrX	4548428	-	NP_726931.2
chrX	4551807	-	NP_572169.1
chrX	4553982	-	NP_001284863.1
chrX	4571881	-	NP_572173.1
chrX	4630883	-	NP_001284864.1
chrX	4635900	-	NP_726937.3
chrX	4644784	-	NP_001284865.1
chrX	4646367	-	NP_001259243.1
chrX	4649765	-	NP_001284866.1
chrX	4654448	-	NP_572179.1
chrX	4660424	-	NP_001162666.2
chrX	4676375	-	NP_524852.2
chrX	4686156	-	NP_001284867.1
chrX	4770074	-	NP_572184.1
chrX	4771517	-	NP_572185.1
chrX	4777313	-	NP_572186.1
chrX	4782703	-	NP_001138156.1
chrX	4803770	-	NP_001401056.1
chrX	4918322	-	NP_572197.4
chrX	4929601	-	NP_001096880.1
chrX	4961077	-	NP_572200.2
chrX	5081073	-	NP_001259250.1
chrX	5182180	-	NP_572207.1
chrX	5305544	-	NP_572210.1
chrX	5307212	-	NP_572211.1
chrX	5308894	-	NP_511044.1
chrX	5311711	-	NP_001284881.1
chrX	5317282	-	NP_572214.2
chrX	5322407	-	NP_001096884.1
chrX	5329269	-	NP_001284885.1
chrX	5410566	-	NP_572219.1
chrX	5420238	-	NP_572221.1
chrX	5496045	-	NP_726999.2
chrX	5501163	-	NP_001284894.1
chrX	5559962	-	NP_001033832.1
chrX	5616166	-	NP_572233.2
chrX	5618677	-	NP_727007.1
chrX	5622419	-	NP_001245533.1
chrX	5643065	-	NP_572237.1
chrX	5662052	-	NP_001303575.1
chrX	5665868	-	NP_727013.2
chrX	5671661	-	NP_524744.2
chrX	5675483	-	NP_524792.1
chrX	5689401	-	NP_572245.1
chrX	5695065	-	NP_572246.1
chrX	5717714	-	NP_001284905.1
chrX	5737424	-	NP_001284906.1
chrX	5743836	-	NP_001259261.1
chrX	5754884	-	NP_001284908.1
chrX	5762659	-	NP_524769.1
chrX	5767694	-	NP_572259.1
chrX	5776579	-	NP_001245537.1
chrX	5781582	-	NP_572262.1
chrX	5812884	-	NP_001284910.1
chrX	5815766	-	NP_572268.1
chrX	5864967	-	NP_001245539.1
chrX	5873256	-	NP_572273.2
chrX	5876752	-	NP_511051.1
chrX	5879458	-	NP_572274.1
chrX	5916469	-	NP_001284916.1
chrX	5964157	-	NP_572284.4
chrX	6000196	-	NP_572287.1
chrX	6012822	-	NP_651971.2
chrX	6037090	-	NP_001245540.1
chrX	6066342	-	NP_001245542.1
chrX	6071867	-	NP_001259266.1
chrX	6076951	-	NP_001284923.1
chrX	6080496	-	NP_572293.1
chrX	6091294	-	NP_511055.1
chrX	6146166	-	NP_001259267.1
chrX	6198618	-	NP_727067.1
chrX	6199841	-	NP_001245546.1
chrX	6202542	-	NP_572297.1
chrX	6219294	-	NP_572298.1
chrX	6224004	-	NP_511057.1
chrX	6255348	-	NP_572302.2
chrX	6266591	-	NP_727075.1
chrX	6276639	-	NP_572304.5
chrX	6278748	-	NP_001284937.1
chrX	6283183	-	NP_572306.1
chrX	6287731	-	NP_001284938.1
chrX	6291123	-	NP_572308.3
chrX	6295053	-	NP_001027041.1
chrX	6301199	-	NP_572312.1
chrX	6350227	-	NP_001303559.1
chrX	6365596	-	NP_511060.2
chrX	6372816	-	NP_001259273.1
chrX	6399965	-	NP_001027043.2
chrX	6419299	-	NP_001027044.2
chrX	6485066	-	NP_001368973.1
chrX	6527803	-	NP_572324.1
chrX	6532504	-	NP_001284945.1
chrX	6654160	-	NP_572332.1
chrX	6661172	-	NP_572335.1
chrX	6673738	-	NP_572337.1
chrX	6678084	-	NP_572338.1
chrX	6688740	-	NP_001284953.1
chrX	6693956	-	NP_572342.1
chrX	6698285	-	NP_572343.1
chrX	6724245	-	NP_001284960.1
chrX	6743138	-	NP_727119.1
chrX	6774951	-	NP_001284964.1
chrX	6803128	-	NP_001138169.1
chrX	6820726	-	NP_572354.1
chrX	6832661	-	NP_572358.1
chrX	6843046	-	NP_001162682.2
chrX	6849471	-	NP_572361.1
chrX	6852690	-	NP_001284968.1
chrX	6968592	-	NP_727144.1
chrX	6973175	-	NP_572372.1
chrX	6977407	-	NP_001245557.1
chrX	6993413	-	NP_788872.1
chrX	7011091	-	NP_001259302.1
chrX	7013583	-	NP_001284974.1
chrX	7065644	-	NP_572378.3
chrX	7092767	-	NP_001259303.1
chrX	7100522	-	NP_572382.1
chrX	7104394	-	NP_572383.1
chrX	7109621	-	NP_727170.2
chrX	7284714	-	NP_727178.1
chrX	7290250	-	NP_001284978.1
chrX	7323672	-	NP_572390.1
chrX	7332177	-	NP_001188554.1
chrX	7347291	-	NP_001284980.1
chrX	7382907	-	NP_001188555.1
chrX	7403099	-	NP_572396.1
chrX	7411836	-	NP_001138173.1
chrX	7424812	-	NP_652530.1
chrX	7425726	-	NP_727188.1
chrX	7453295	-	NP_001245561.1
chrX	7512843	-	NP_727190.1
chrX	7536889	-	NP_727191.2
chrX	7585998	-	NP_572399.1
chrX	7689995	-	NP_001259312.1
chrX	7714483	-	NP_572400.1
chrX	7728283	-	NP_572402.1
chrX	7734132	-	NP_001245567.1
chrX	7854118	-	NP_572408.2
chrX	7873147	-	NP_572410.2
chrX	7878836	-	NP_001138175.1
chrX	7884026	-	NP_001138176.1
chrX	7888670	-	NP_001284987.1
chrX	7891499	-	NP_572415.1
chrX	7893486	-	NP_001162693.1
chrX	7901248	-	NP_727213.1
chrX	7907338	-	NP_001245573.1
chrX	7920131	-	NP_572422.1
chrX	7930302	-	NP_572424.1
chrX	7933193	-	NP_001259316.1
chrX	7946676	-	NP_996366.1
chrX	7955795	-	NP_572429.1
chrX	7967541	-	NP_727225.1
chrX	8021264	-	NP_572431.2
chrX	8037485	-	NP_572433.1
chrX	8055427	-	NP_001259321.1
chrX	8075155	-	NP_572434.1
chrX	8081449	-	NP_572436.1
chrX	8087107	-	NP_572437.2
chrX	8089860	-	NP_727233.1
chrX	8099524	-	NP_001285000.1
chrX	8105892	-	NP_001285001.1
chrX	8121031	-	NP_572441.1
chrX	8127605	-	NP_572442.1
chrX	8140682	-	NP_001285006.1
chrX	8145495	-	NP_001285007.1
chrX	8152143	-	NP_572452.1
chrX	8157261	-	NP_511080.2
chrX	8162628	-	NP_572456.1
chrX	8165708	-	NP_511081.1
chrX	8169896	-	NP_001259325.1
chrX	8176293	-	NP_001188559.1
chrX	8243076	-	NP_001285012.1
chrX	8251383	-	NP_511083.1
chrX	8271262	-	NP_001245578.1
chrX	8273207	-	NP_572469.1
chrX	8329403	-	NP_001285015.1
chrX	8406969	-	NP_572475.1
chrX	8409974	-	NP_001245579.1
chrX	8433794	-	NP_727262.2
chrX	8436347	-	NP_001285017.1
chrX	8442125	-	NP_572478.1
chrX	8454294	-	NP_001285019.1
chrX	8457560	-	NP_001285020.1
chrX	8460823	-	NP_572479.1
chrX	8464306	-	NP_727265.1
chrX	8466312	-	NP_996378.1
chrX	8468754	-	NP_572481.1
chrX	8488831	-	NP_001259332.1
chrX	8529525	-	NP_572487.3
chrX	8558698	-	NP_572488.1
chrX	8560023	-	NP_572489.2
chrX	8572906	-	NP_001259341.1
chrX	8591694	-	NP_001259344.1
chrX	8606188	-	NP_572495.1
chrX	8642646	-	NP_001356934.1
chrX	8689979	-	NP_001285024.1
chrX	8693463	-	NP_001259352.1
chrX	8714068	-	NP_001259353.1
chrX	8720165	-	NP_572503.1
chrX	8805006	-	NP_001259358.1
chrX	8880306	-	NP_727292.1
chrX	8900060	-	NP_001259362.1
chrX	8905378	-	NP_727293.1
chrX	8923618	-	NP_001259368.1
chrX	8974227	-	NP_788887.1
chrX	8984385	-	NP_572513.1
chrX	9058066	-	NP_572516.1
chrX	9070065	-	NP_001285032.1
chrX	9078378	-	NP_001285034.1
chrX	9080947	-	NP_572520.1
chrX	9103071	-	NP_001285036.1
chrX	9106447	-	NP_001259370.1
chrX	9134203	-	NP_001259372.1
chrX	9149012	-	NP_511094.1
chrX	9154661	-	NP_001259374.1
chrX	9158431	-	NP_511096.2
chrX	9159839	-	NP_001285037.1
chrX	9161974	-	NP_572532.1
chrX	9190581	-	NP_572533.1
chrX	9196102	-	NP_788893.1
chrX	9200177	-	NP_727320.1
chrX	9210284	-	NP_001285040.1
chrX	9223026	-	NP_572543.1
chrX	9232113	-	NP_572545.1
chrX	9236585	-	NP_727328.1
chrX	9243204	-	NP_572548.1
chrX	9247061	-	NP_524644.1
chrX	9265268	-	NP_001188568.1
chrX	9269794	-	NP_572555.1
chrX	9272889	-	NP_001188570.1
chrX	9282949	-	NP_001285050.1
chrX	9319122	-	NP_652605.1
chrX	9354553	-	NP_001259382.1
chrX	9472416	-	NP_001285053.1
chrX	9510632	-	NP_727345.1
chrX	9553515	-	NP_001285058.1
chrX	9556476	-	NP_572569.1
chrX	9571308	-	NP_727348.2
chrX	9579682	-	NP_001036265.1
chrX	9605875	-	NP_572572.1
chrX	9608750	-	NP_001188571.1
chrX	9662651	-	NP_727358.1
chrX	9682606	-	NP_001188576.1
chrX	9868416	-	NP_001285062.1
chrX	9871564	-	NP_001285063.1
chrX	9873964	-	NP_001285065.1
chrX	9875813	-	NP_572584.1
chrX	9889159	-	NP_001096928.1
chrX	9910955	-	NP_001285067.1
chrX	9930472	-	NP_001285068.1
chrX	9964774	-	NP_001096930.1
chrX	9970511	-	NP_572593.2
chrX	9980537	-	NP_001096932.1
chrX	10052583	-	NP_001285070.1
chrX	10070205	-	NP_727391.1
chrX	10082304	-	NP_727393.1
chrX	10085930	-	NP_572604.2
chrX	10207575	-	NP_001259394.1
chrX	10216554	-	NP_572612.2
chrX	10219078	-	NP_001259398.1
chrX	10232299	-	NP_001285081.1
chrX	10256175	-	NP_001259401.1
chrX	10265074	-	NP_652547.1
chrX	10324183	-	NP_511105.2
chrX	10329762	-	NP_511106.1
chrX	10331459	-	NP_572618.1
chrX	10367461	-	NP_001303556.1
chrX	10375173	-	NP_727414.1
chrX	10381256	-	NP_727416.1
chrX	10385053	-	NP_001285083.1
chrX	10452431	-	NP_727419.1
chrX	10459676	-	NP_511107.1
chrX	10471969	-	NP_001259409.1
chrX	10478423	-	NP_572633.1
chrX	10486246	-	NP_001259412.1
chrX	10578268	-	NP_001259419.1
chrX	10595592	-	NP_572637.2
chrX	10602562	-	NP_001259423.1
chrX	10618865	-	NP_001138185.2
chrX	10623158	-	NP_572642.1
chrX	10627110	-	NP_572643.1
chrX	10661758	-	NP_727438.1
chrX	10673368	-	NP_572645.1
chrX	10744149	-	NP_001259426.1
chrX	10757471	-	NP_001259428.1
chrX	10762411	-	NP_727446.1
chrX	10768070	-	NP_001285088.1
chrX	10780517	-	NP_788898.1
chrX	10782811	-	NP_001285090.1
chrX	10813361	-	NP_727457.1
chrX	10846588	-	NP_001356941.1
chrX	10854604	-	NP_572658.2
chrX	10857271	-	NP_001285092.1
chrX	10877553	-	NP_572662.1
chrX	10886135	-	NP_727466.1
chrX	10899191	-	NP_001285098.1
chrX	10950963	-	NP_727471.1
chrX	10952419	-	NP_727472.1
chrX	10966552	-	NP_572673.1
chrX	11037715	-	NP_572674.3
chrX	11053485	-	NP_001285104.1
chrX	11059421	-	NP_572677.2
chrX	11062842	-	NP_572678.1
chrX	11084125	-	NP_511114.2
chrX	11123598	-	NP_572685.2
chrX	11128974	-	NP_524887.2
chrX	11135916	-	NP_001285109.1
chrX	11141031	-	NP_727495.1
chrX	11146377	-	NP_001285111.1
chrX	11153677	-	NP_001259443.1
chrX	11159760	-	NP_727502.1
chrX	11169029	-	NP_572695.2
chrX	11170509	-	NP_001285115.1
chrX	11302649	-	NP_572699.2
chrX	11311208	-	NP_001096949.1
chrX	11322290	-	NP_511116.2
chrX	11325185	-	NP_511117.1
chrX	11339527	-	NP_001138186.1
chrX	11347882	-	NP_572707.4
chrX	11367462	-	NP_511119.2
chrX	11417403	-	NP_511121.1
chrX	11438894	-	NP_727526.2
chrX	11491523	-	NP_996410.1
chrX	11556300	-	NP_001285126.1
chrX	11569966	-	NP_511124.1
chrX	11572398	-	NP_572729.1
chrX	11576478	-	NP_524846.1
chrX	11584160	-	NP_996412.1
chrX	11603879	-	NP_572734.1
chrX	11610828	-	NP_572735.1
chrX	11615754	-	NP_001285131.1
chrX	11678434	-	NP_727546.1
chrX	11704928	-	NP_001285135.1
chrX	11709447	-	NP_572740.1
chrX	11713564	-	NP_727552.1
chrX	11728814	-	NP_001096958.1
chrX	11731646	-	NP_001096959.1
chrX	11732662	-	NP_001162726.1
chrX	11733894	-	NP_001096960.1
chrX	11764481	-	NP_572746.1
chrX	11776814	-	NP_511130.2
chrX	11805021	-	NP_511132.2
chrX	11815284	-	NP_001285141.1
chrX	11838010	-	NP_572751.1
chrX	11846051	-	NP_572753.2
chrX	11852262	-	NP_572754.1
chrX	11854658	-	NP_727572.1
chrX	11868737	-	NP_572757.2
chrX	11872546	-	NP_572759.1
chrX	11876902	-	NP_001259468.1
chrX	11884810	-	NP_572762.2
chrX	11904911	-	NP_572767.1
chrX	11906664	-	NP_001245634.1
chrX	11912407	-	NP_001245635.1
chrX	11924443	-	NP_001259475.1
chrX	11930513	-	NP_572771.1
chrX	11984894	-	NP_001356945.1
chrX	11988912	-	NP_001303552.1
chrX	11992666	-	NP_572772.1
chrX	12002096	-	NP_001096961.1
chrX	12012084	-	NP_001303553.1
chrX	12017873	-	NP_001285148.1
chrX	12027867	-	NP_572779.2
chrX	12031426	-	NP_572780.3
chrX	12056522	-	NP_572781.1
chrX	12072730	-	NP_572784.1
chrX	12086944	-	NP_572785.2
chrX	12103810	-	NP_572786.3
chrX	12178607	-	NP_572788.2
chrX	12235729	-	NP_727600.1
chrX	12377704	-	NP_572795.2
chrX	12408405	-	NP_727605.1
chrX	12457690	-	NP_572799.1
chrX	12461868	-	NP_572800.2
chrX	12496561	-	NP_572804.1
chrX	12565451	-	NP_572806.2
chrX	12582550	-	NP_001259486.1
chrX	12590448	-	NP_001162734.1
chrX	12595546	-	NP_572810.1
chrX	12611551	-	NP_572813.2
chrX	12629503	-	NP_001285162.1
chrX	12731439	-	NP_727634.2
chrX	12760373	-	NP_001259493.1
chrX	12763343	-	NP_001285167.1
chrX	12783434	-	NP_001285169.1
chrX	12831636	-	NP_727644.3
chrX	12857659	-	NP_572835.1
chrX	12900955	-	NP_727647.1
chrX	12903340	-	NP_727648.1
chrX	12905781	-	NP_572838.2
chrX	12909437	-	NP_572840.1
chrX	12954539	-	NP_572843.2
chrX	12976231	-	NP_572845.1
chrX	13004744	-	NP_001259499.1
chrX	13055292	-	NP_001285181.1
chrX	13089776	-	NP_001368982.1
chrX	13111843	-	NP_001285184.1
chrX	13128298	-	NP_727668.2
chrX	13154860	-	NP_572860.2
chrX	13159373	-	NP_511143.2
chrX	13188928	-	NP_001096966.2
chrX	13191772	-	NP_572864.2
chrX	13194348	-	NP_001285194.1
chrX	13211102	-	NP_511144.2
chrX	13256831	-	NP_001259503.1
chrX	13258235	-	NP_001138194.1
chrX	13282199	-	NP_001259508.1
chrX	13296547	-	NP_001285198.1
chrX	13336377	-	NP_524709.1
chrX	13384688	-	NP_001285207.1
chrX	13386932	-	NP_572882.1
chrX	13402714	-	NP_572885.1
chrX	13412696	-	NP_001162739.1
chrX	13457611	-	NP_001096972.1
chrX	13530104	-	NP_001285212.1
chrX	13554249	-	NP_001259515.1
chrX	13600092	-	NP_727719.1
chrX	13611965	-	NP_572902.1
chrX	13615980	-	NP_001285216.1
chrX	13624305	-	NP_001285218.1
chrX	13667740	-	NP_572907.1
chrX	13680153	-	NP_572911.1
chrX	13688403	-	NP_727727.1
chrX	13721676	-	NP_572915.1
chrX	13736040	-	NP_001259529.1
chrX	13744398	-	NP_524919.2
chrX	13751902	-	NP_001259533.1
chrX	13756760	-	NP_727732.1
chrX	13781929	-	NP_001259536.2
chrX	13791073	-	NP_572923.1
chrX	13797619	-	NP_572924.1
chrX	13822008	-	NP_572928.1
chrX	13830010	-	NP_001285232.1
chrX	13845475	-	NP_727740.2
chrX	13901623	-	NP_572932.2
chrX	14047465	-	NP_996421.2
chrX	14048704	-	NP_996422.2
chrX	14049973	-	NP_996423.2
chrX	14051242	-	NP_996424.2
chrX	14052511	-	NP_996425.2
chrX	14053781	-	NP_996426.2
chrX	14055050	-	NP_996427.2
chrX	14056319	-	NP_996428.2
chrX	14057588	-	NP_996429.2
chrX	14058858	-	NP_996430.3
chrX	14060127	-	NP_996431.2
chrX	14061395	-	NP_996432.2
chrX	14151914	-	NP_652484.1
chrX	14172470	-	NP_572938.2
chrX	14191986	-	NP_001285236.1
chrX	14211070	-	NP_001096980.2
chrX	14225803	-	NP_572948.1
chrX	14233541	-	NP_996434.2
chrX	14237323	-	NP_572951.1
chrX	14242581	-	NP_572952.1
chrX	14266179	-	NP_572954.2
chrX	14289364	-	NP_572957.1
chrX	14315412	-	NP_727777.1
chrX	14316979	-	NP_727778.1
chrX	14479775	-	NP_572962.1
chrX	14582893	-	NP_511153.1
chrX	14602510	-	NP_001285241.1
chrX	14653244	-	NP_001285243.1
chrX	14748630	-	NP_001259546.1
chrX	14760365	-	NP_001285245.1
chrX	14784006	-	NP_524689.2
chrX	14786210	-	NP_001259547.1
chrX	14801343	-	NP_001245672.1
chrX	14831782	-	NP_001285248.1
chrX	14839035	-	NP_572974.1
chrX	14844732	-	NP_572976.1
chrX	14848778	-	NP_644677.1
chrX	14853122	-	NP_572977.1
chrX	14856303	-	NP_572978.1
chrX	14865995	-	NP_572979.1
chrX	14878520	-	NP_001285251.1
chrX	14896217	-	NP_572981.1
chrX	14904936	-	NP_001285253.1
chrX	14909006	-	NP_001285254.1
chrX	14910819	-	NP_572984.1
chrX	14913797	-	NP_572985.1
chrX	14918744	-	NP_572986.1
chrX	14921606	-	NP_572987.1
chrX	14928775	-	NP_001285256.1
chrX	14950599	-	NP_001188590.1
chrX	14954996	-	NP_727815.2
chrX	15063092	-	NP_001285258.1
chrX	15066372	-	NP_727821.2
chrX	15075940	-	NP_001036276.1
chrX	15084534	-	NP_572998.1
chrX	15085790	-	NP_572999.1
chrX	15095959	-	NP_573002.1
chrX	15116372	-	NP_573003.2
chrX	15139254	-	NP_573005.1
chrX	15162654	-	NP_001259562.1
chrX	15206555	-	NP_727833.1
chrX	15221098	-	NP_001245677.1
chrX	15223483	-	NP_001245678.1
chrX	15229691	-	NP_573011.1
chrX	15244837	-	NP_573012.1
chrX	15271830	-	NP_573013.1
chrX	15332942	-	NP_573016.1
chrX	15341980	-	NP_573018.1
chrX	15344491	-	NP_573019.1
chrX	15378314	-	NP_001245684.1
chrX	15382680	-	NP_727847.1
chrX	15420115	-	NP_001356908.1
chrX	15449767	-	NP_001259572.1
chrX	15462335	-	NP_573025.2
chrX	15467469	-	NP_001285272.1
chrX	15472039	-	NP_573030.2
chrX	15475316	-	NP_573032.1
chrX	15539414	-	NP_001014745.1
chrX	15555975	-	NP_727865.2
chrX	15571665	-	NP_788909.1
chrX	15574498	-	NP_788910.1
chrX	15575663	-	NP_727866.2
chrX	15577889	-	NP_727868.1
chrX	15582768	-	NP_573045.1
chrX	15590823	-	NP_996440.2
chrX	15625724	-	NP_001259578.1
chrX	15669294	-	NP_001285281.1
chrX	15688789	-	NP_573052.4
chrX	15701087	-	NP_001245694.1
chrX	15703621	-	NP_573055.1
chrX	15708974	-	NP_573057.1
chrX	15733923	-	NP_573061.2
chrX	15737033	-	NP_511165.1
chrX	15738826	-	NP_573063.1
chrX	15746042	-	NP_573065.1
chrX	15758033	-	NP_996445.1
chrX	15766411	-	NP_573072.1
chrX	15783634	-	NP_573075.1
chrX	15785060	-	NP_525089.2
chrX	15795062	-	NP_996449.1
chrX	15798232	-	NP_001096988.2
chrX	15802707	-	NP_001245695.1
chrX	15834164	-	NP_001096994.1
chrX	15844081	-	NP_573081.1
chrX	15849164	-	NP_524682.1
chrX	15852289	-	NP_001162763.1
chrX	15857527	-	NP_996456.1
chrX	15859309	-	NP_001334682.1
chrX	15885894	-	NP_001259585.1
chrX	15889662	-	NP_001162765.1
chrX	15909109	-	NP_523355.2
chrX	15933603	-	NP_001188595.1
chrX	15939100	-	NP_996470.2
chrX	15966538	-	NP_001259590.1
chrX	15982520	-	NP_001285312.1
chrX	15986676	-	NP_001285313.1
chrX	15988829	-	NP_996480.1
chrX	15991104	-	NP_001334683.1
chrX	16003925	-	NP_001285314.1
chrX	16062774	-	NP_573101.1
chrX	16073082	-	NP_727932.1
chrX	16082186	-	NP_001162771.1
chrX	16095675	-	NP_001138201.1
chrX	16100218	-	NP_727936.2
chrX	16123194	-	NP_001259599.1
chrX	16213278	-	NP_523362.2
chrX	16266494	-	NP_573108.2
chrX	16275566	-	NP_523363.2
chrX	16288407	-	NP_001014746.1
chrX	16296366	-	NP_727949.1
chrX	16308275	-	NP_001285320.1
chrX	16312966	-	NP_001259604.1
chrX	16320336	-	NP_523366.2
chrX	16322953	-	NP_001259605.1
chrX	16330235	-	NP_001285321.1
chrX	16331953	-	NP_001259609.1
chrX	16358823	-	NP_001245709.1
chrX	16383511	-	NP_727971.1
chrX	16391354	-	NP_573123.1
chrX	16403481	-	NP_001259611.1
chrX	16420061	-	NP_001259615.1
chrX	16441202	-	NP_573128.2
chrX	16446879	-	NP_001285329.1
chrX	16448220	-	NP_001033848.1
chrX	16521772	-	NP_001259619.1
chrX	16525221	-	NP_573131.1
chrX	16540781	-	NP_573132.1
chrX	16547434	-	NP_001259620.1
chrX	16553391	-	NP_001097001.1
chrX	16559407	-	NP_001245715.1
chrX	16568030	-	NP_001245717.1
chrX	16593366	-	NP_523374.2
chrX	16598242	-	NP_001259623.1
chrX	16621346	-	NP_573137.1
chrX	16636283	-	NP_001285336.1
chrX	16640337	-	NP_573139.1
chrX	16654867	-	NP_573142.1
chrX	16664455	-	NP_573143.1
chrX	16670132	-	NP_001259627.1
chrX	16678843	-	NP_573145.1
chrX	16683440	-	NP_476777.1
chrX	16694202	-	NP_996489.1
chrX	16700138	-	NP_728008.1
chrX	16701897	-	NP_573148.2
chrX	16703862	-	NP_001285346.1
chrX	16706844	-	NP_573151.1
chrX	16720714	-	NP_001285348.1
chrX	16745833	-	NP_001285349.1
chrX	16780056	-	NP_728021.2
chrX	16786750	-	NP_573161.1
chrX	16791130	-	NP_001285353.1
chrX	16800608	-	NP_996491.1
chrX	16803251	-	NP_996492.1
chrX	16829086	-	NP_001097006.1
chrX	16835091	-	NP_001334684.1
chrX	16843807	-	NP_001245722.1
chrX	16849939	-	NP_573172.2
chrX	16884240	-	NP_573174.1
chrX	16886437	-	NP_001259630.1
chrX	16897094	-	NP_996494.1
chrX	16939973	-	NP_001285355.1
chrX	16942582	-	NP_573181.1
chrX	16948440	-	NP_573182.1
chrX	16967672	-	NP_001285356.1
chrX	17049439	-	NP_728041.3
chrX	17068457	-	NP_001245724.1
chrX	17076965	-	NP_001259637.1
chrX	17087612	-	NP_573190.1
chrX	17105775	-	NP_001259640.1
chrX	17142863	-	NP_001138215.1
chrX	17147199	-	NP_523382.1
chrX	17159214	-	NP_524773.2
chrX	17202518	-	NP_573197.2
chrX	17209961	-	NP_728059.1
chrX	17223786	-	NP_001097010.1
chrX	17226388	-	NP_728065.2
chrX	17230998	-	NP_001138216.1
chrX	17244911	-	NP_001285369.1
chrX	17246967	-	NP_001188661.1
chrX	17249302	-	NP_573209.1
chrX	17282693	-	NP_001285370.1
chrX	17284473	-	NP_573212.1
chrX	17301434	-	NP_728074.1
chrX	17422042	-	NP_788922.1
chrX	17423126	-	NP_001368986.1
chrX	17452328	-	NP_573216.1
chrX	17534618	-	NP_001285373.1
chrX	17569135	-	NP_001259646.1
chrX	17578744	-	NP_728083.2
chrX	17627450	-	NP_573225.1
chrX	17629423	-	NP_573226.1
chrX	17631999	-	NP_001285377.1
chrX	17635926	-	NP_001285379.1
chrX	17650228	-	NP_001259659.1
chrX	17656598	-	NP_573232.1
chrX	17671830	-	NP_573233.1
chrX	17695495	-	NP_996496.1
chrX	17702209	-	NP_001285384.1
chrX	17709441	-	NP_573239.1
chrX	17819615	-	NP_573243.1
chrX	17825855	-	NP_001259662.1
chrX	17844619	-	NP_573245.1
chrX	17849955	-	NP_728100.1
chrX	17856007	-	NP_728102.1
chrX	17860726	-	NP_573251.1
chrX	17877478	-	NP_728107.2
chrX	17907057	-	NP_573257.1
chrX	18039230	-	NP_001259666.2
chrX	18082287	-	NP_001285398.1
chrX	18090422	-	NP_996499.1
chrX	18099711	-	NP_573268.1
chrX	18114625	-	NP_001259669.1
chrX	18130137	-	NP_001245735.1
chrX	18136660	-	NP_001245736.1
chrX	18179434	-	NP_573272.2
chrX	18205120	-	NP_525094.1
chrX	18220034	-	NP_001259676.1
chrX	18243219	-	NP_001356882.1
chrX	18259448	-	NP_728153.2
chrX	18307599	-	NP_001285402.1
chrX	18315732	-	NP_573285.1
chrX	18330400	-	NP_001245739.1
chrX	18379753	-	NP_001259680.1
chrX	18385093	-	NP_523400.1
chrX	18408895	-	NP_728162.1
chrX	18440408	-	NP_573293.1
chrX	18462527	-	NP_001259682.1
chrX	18482636	-	NP_001097020.1
chrX	18486138	-	NP_573297.1
chrX	18489486	-	NP_573298.1
chrX	18491891	-	NP_573299.1
chrX	18494082	-	NP_001285405.1
chrX	18499436	-	NP_001285406.1
chrX	18504852	-	NP_001285407.1
chrX	18512048	-	NP_573303.1
chrX	18514709	-	NP_001285409.1
chrX	18522338	-	NP_573307.1
chrX	18528254	-	NP_573308.1
chrX	18612573	-	NP_573311.1
chrX	18629251	-	NP_728186.1
chrX	18647220	-	NP_001162791.1
chrX	18650270	-	NP_573315.1
chrX	18652963	-	NP_573316.1
chrX	18657143	-	NP_728189.1
chrX	18662148	-	NP_573318.1
chrX	18692218	-	NP_523403.2
chrX	18726572	-	NP_001097021.1
chrX	18739724	-	NP_573321.1
chrX	18748265	-	NP_728194.1
chrX	18773785	-	NP_001097023.1
chrX	18783375	-	NP_573324.1
chrX	18788060	-	NP_573325.1
chrX	18796293	-	NP_728202.1
chrX	18848288	-	NP_573331.1
chrX	18857376	-	NP_573333.2
chrX	18863682	-	NP_001259695.1
chrX	18893452	-	NP_001285418.1
chrX	19068767	-	NP_001285424.1
chrX	19083179	-	NP_573347.1
chrX	19124276	-	NP_573348.1
chrX	19127304	-	NP_001285425.1
chrX	19135843	-	NP_573350.1
chrX	19164678	-	NP_001138220.1
chrX	19170544	-	NP_573353.2
chrX	19174603	-	NP_001303572.1
chrX	19179679	-	NP_001285427.1
chrX	19193448	-	NP_573359.1
chrX	19201604	-	NP_573361.1
chrX	19207759	-	NP_573362.1
chrX	19211358	-	NP_001285430.1
chrX	19238467	-	NP_573367.1
chrX	19247114	-	NP_573369.1
chrX	19261050	-	NP_001285433.1
chrX	19268716	-	NP_573373.1
chrX	19280322	-	NP_728236.1
chrX	19297196	-	NP_001162794.1
chrX	19303924	-	NP_573377.1
chrX	19313689	-	NP_001285435.1
chrX	19343656	-	NP_728239.3
chrX	19479876	-	NP_728244.1
chrX	19491813	-	NP_001162796.1
chrX	19494902	-	NP_573386.2
chrX	19521699	-	NP_728257.2
chrX	19531621	-	NP_573390.1
chrX	19545356	-	NP_001285442.1
chrX	19565469	-	NP_001285444.1
chrX	19577494	-	NP_728269.1
chrX	19581659	-	NP_608320.2
chrX	19590071	-	NP_608322.1
chrX	19601690	-	NP_001245759.1
chrX	19618425	-	NP_001259712.1
chrX	19622965	-	NP_608330.2
chrX	19636437	-	NP_001259718.1
chrX	19642697	-	NP_608336.1
chrX	19645916	-	NP_001285452.1
chrX	19651300	-	NP_001285453.1
chrX	19661522	-	NP_608341.1
chrX	19675607	-	NP_001245761.1
chrX	19682970	-	NP_523412.1
chrX	19688925	-	NP_608345.2
chrX	19692957	-	NP_001285458.1
chrX	19694951	-	NP_001259726.1
chrX	19701728	-	NP_001245765.1
chrX	19704018	-	NP_608348.1
chrX	19711947	-	NP_652615.1
chrX	19741197	-	NP_728296.1
chrX	19742868	-	NP_728298.1
chrX	19762233	-	NP_001285465.1
chrX	19782286	-	NP_001245769.1
chrX	19823999	-	NP_608359.1
chrX	19851012	-	NP_728307.1
chrX	19865458	-	NP_608361.3
chrX	19887492	-	NP_523416.2
chrX	19909991	-	NP_001285467.1
chrX	19915155	-	NP_001285468.1
chrX	19920318	-	NP_001285469.1
chrX	19929052	-	NP_001285470.1
chrX	19934177	-	NP_001285471.1
chrX	19938868	-	NP_001285472.1
chrX	19944030	-	NP_001285473.1
chrX	19948756	-	NP_001285474.1
chrX	19953491	-	NP_001285475.1
chrX	19959367	-	NP_001285476.1
chrX	20001966	-	NP_608365.1
chrX	20028867	-	NP_001014759.1
chrX	20092385	-	NP_608369.1
chrX	20096474	-	NP_001162800.1
chrX	20110476	-	NP_652406.1
chrX	20143188	-	NP_525013.2
chrX	20158947	-	NP_001259738.1
chrX	20162636	-	NP_001259741.1
chrX	20169845	-	NP_608376.1
chrX	20173380	-	NP_476615.1
chrX	20178515	-	NP_524670.2
chrX	20186390	-	NP_001285481.1
chrX	20194120	-	NP_728323.3
chrX	20201836	-	NP_001303576.1
chrX	20209506	-	NP_001303577.1
chrX	20217162	-	NP_001303578.1
chrX	20224897	-	NP_001368966.1
chrX	20235663	-	NP_477078.1
chrX	20250953	-	NP_608379.1
chrX	20257037	-	NP_001285488.1
chrX	20269500	-	NP_572374.1
chrX	20315432	-	NP_001259744.1
chrX	20376392	-	NP_608385.1
chrX	20390768	-	NP_001097034.2
chrX	20393642	-	NP_523420.1
chrX	20414087	-	NP_608389.2
chrX	20418765	-	NP_608392.1
chrX	20422852	-	NP_001285489.1
chrX	20426990	-	NP_001285491.1
chrX	20429570	-	NP_001285492.1
chrX	20490870	-	NP_001162809.1
chrX	20523967	-	NP_001285498.1
chrX	20604635	-	NP_001259747.1
chrX	20676845	-	NP_728358.1
chrX	20735699	-	NP_001285502.1
chrX	20745747	-	NP_608407.1
chrX	20826346	-	NP_001097038.2
chrX	20869339	-	NP_608411.2
chrX	20882541	-	NP_728367.3
chrX	20933483	-	NP_608416.1
chrX	20963487	-	NP_523426.1
chrX	20965403	-	NP_608418.1
chrX	21025790	-	NP_608419.1
chrX	21028275	-	NP_001285505.1
chrX	21031859	-	NP_608421.1
chrX	21040438	-	NP_608423.1
chrX	21053710	-	NP_001259751.2
chrX	21067219	-	NP_001259754.1
chrX	21102086	-	NP_001285510.1
chrX	21106152	-	NP_001285511.1
chrX	21116343	-	NP_001285512.1
chrX	21146955	-	NP_001285514.1
chrX	21203212	-	NP_608439.2
chrX	21211756	-	NP_728397.1
chrX	21251025	-	NP_608443.1
chrX	21300362	-	NP_001259764.1
chrX	21315055	-	NP_728408.3
chrX	21319127	-	NP_001027086.1
chrX	21323229	-	NP_001285515.1
chrX	21336912	-	NP_001259769.1
chrX	21349751	-	NP_523429.1
chrX	21387851	-	NP_523434.2
chrX	21397280	-	NP_523436.1
chrX	21402717	-	NP_001285519.1
chrX	21442668	-	NP_001138226.1
chrX	21478945	-	NP_608456.1
chrX	21519138	-	NP_608457.1
chrX	21604569	-	NP_728435.1
chrX	21608858	-	NP_001285521.1
chrX	21611469	-	NP_996529.1
chrX	21614950	-	NP_728442.1
chrX	21617561	-	NP_728443.1
chrX	21621042	-	NP_728445.1
chrX	21623669	-	NP_728447.2
chrX	21630036	-	NP_001162816.1
chrX	22449235	-	NP_001285525.1
chrX	22454584	-	NP_001285526.1
chrX	22471776	-	NP_001259772.1
chrX	22480594	-	NP_728457.1
chrX	22540097	-	NP_001259780.1
chrX	22544223	-	NP_608470.1
chrX	22632564	-	NP_728468.1
chrX	22811802	-	NP_608475.1
chrX	22829239	-	NP_001259784.1
chrX	22959965	-	NP_001036311.2
chrX	22962339	-	NP_001036313.1
chrX	22995759	-	NP_001036318.2
chrX	23010734	-	NP_001036320.3
chrX	23013106	-	NP_001036322.1
chrX	23082129	-	NP_001245399.1
chrX	23092522	-	NP_001287648.1
chrY	9833	+	NP_001104152.3
chrY	573088	+	NP_001015505.5
chrY	702480	+	NP_001163844.1
chrY	3022564	+	NP_001303579.2
chrY	3263180	+	NP_001303592.1
chrY	3285012	+	NP_001303580.1
chrY	3289355	+	NP_001303581.1
chrY	3293621	+	NP_001303582.1
chrY	3301842	+	NP_001303583.1
chrY	3327571	+	NP_001303585.1
chrY	3336415	+	NP_001303586.1
chrY	3349666	+	NP_001303587.1
chrY	3354120	+	NP_001303584.1
chrY	3561745	+	NP_001015498.5
chrY	3649996	+	NP_001303589.1
chrY	137486	-	NP_001015499.4
chrY	192020	-	NP_001104126.3
chrY	3215855	-	NP_001303590.1
chrY	3253357	-	NP_001303591.1
chrY	3540600	-	NP_001015497.4
chr3R	3322810	+	NP_001104460.2
chr3R	3623217	+	NP_001104459.2
chr3R	3735023	+	NP_001015401.1
chr3R	3750458	+	NP_001015402.3
chr3R	3846891	+	NP_001104451.1
chr3R	4081690	+	NP_001287642.1
chr3R	4132920	+	NP_001188369.1
chr3R	4175393	+	NP_730781.1
chr3R	4197415	+	NP_649436.2
chr3R	4221143	+	NP_730785.1
chr3R	4233129	+	NP_524220.1
chr3R	4236764	+	NP_730790.2
chr3R	4247061	+	NP_649443.1
chr3R	4254780	+	NP_649446.1
chr3R	4256972	+	NP_730794.1
chr3R	4266974	+	NP_730797.2
chr3R	4284352	+	NP_001262248.1
chr3R	4307987	+	NP_001138002.1
chr3R	4311665	+	NP_001303458.1
chr3R	4319787	+	NP_788573.2
chr3R	4335117	+	NP_652325.2
chr3R	4338072	+	NP_649456.3
chr3R	4363308	+	NP_001262251.1
chr3R	4379456	+	NP_649460.3
chr3R	4381968	+	NP_649461.2
chr3R	4387930	+	NP_001189164.1
chr3R	4390426	+	NP_649462.1
chr3R	4400578	+	NP_649465.6
chr3R	4403202	+	NP_649466.1
chr3R	4416542	+	NP_730833.1
chr3R	4427169	+	NP_730837.1
chr3R	4434061	+	NP_649471.3
chr3R	4437628	+	NP_649473.1
chr3R	4480819	+	NP_649475.3
chr3R	4485106	+	NP_649476.1
chr3R	4541404	+	NP_649481.2
chr3R	4622580	+	NP_001163505.1
chr3R	4641996	+	NP_001287159.1
chr3R	4646064	+	NP_001246909.1
chr3R	4649687	+	NP_524226.1
chr3R	4655533	+	NP_649485.1
chr3R	4697432	+	NP_730865.1
chr3R	4775706	+	NP_001262263.1
chr3R	4813803	+	NP_001287164.1
chr3R	4816334	+	NP_649499.1
chr3R	4853106	+	NP_524228.2
chr3R	4906714	+	NP_001014605.1
chr3R	4917874	+	NP_649505.1
chr3R	4965584	+	NP_649509.1
chr3R	5128168	+	NP_649512.1
chr3R	5153932	+	NP_001287169.1
chr3R	5219707	+	NP_730894.2
chr3R	5224155	+	NP_001287170.1
chr3R	5226270	+	NP_001246927.1
chr3R	5232642	+	NP_649519.1
chr3R	5253456	+	NP_001262277.1
chr3R	5257565	+	NP_001287171.1
chr3R	5300192	+	NP_649526.2
chr3R	5355185	+	NP_001014606.2
chr3R	5369592	+	NP_001189179.1
chr3R	5375091	+	NP_001014607.1
chr3R	5376932	+	NP_001014608.1
chr3R	5394309	+	NP_001262280.1
chr3R	5437314	+	NP_001303485.1
chr3R	5468030	+	NP_730934.1
chr3R	5471059	+	NP_730935.1
chr3R	5475260	+	NP_001287175.1
chr3R	5485639	+	NP_001303495.1
chr3R	5527819	+	NP_001287180.1
chr3R	5555135	+	NP_649548.1
chr3R	5566142	+	NP_788583.1
chr3R	5569223	+	NP_730950.2
chr3R	5574262	+	NP_730952.1
chr3R	5588943	+	NP_649555.1
chr3R	5592006	+	NP_001287182.1
chr3R	5601556	+	NP_001262290.1
chr3R	5613462	+	NP_524240.1
chr3R	5624500	+	NP_001262291.1
chr3R	5627852	+	NP_730971.1
chr3R	5633692	+	NP_649563.1
chr3R	5637266	+	NP_649565.1
chr3R	5649382	+	NP_001246934.1
chr3R	5655206	+	NP_649569.1
chr3R	5660964	+	NP_730982.1
chr3R	5673709	+	NP_649573.2
chr3R	5687250	+	NP_001262297.1
chr3R	5733695	+	NP_001287185.1
chr3R	5736789	+	NP_649579.2
chr3R	5742985	+	NP_001303420.1
chr3R	5779428	+	NP_731002.1
chr3R	5781900	+	NP_001163526.1
chr3R	5789776	+	NP_649588.1
chr3R	5791973	+	NP_649589.1
chr3R	5794885	+	NP_001262301.1
chr3R	5803156	+	NP_001246936.1
chr3R	5815230	+	NP_001189181.1
chr3R	5822081	+	NP_001334689.1
chr3R	5824949	+	NP_649596.1
chr3R	5830154	+	NP_649597.3
chr3R	5844559	+	NP_731020.1
chr3R	5847298	+	NP_649600.1
chr3R	5853396	+	NP_001097693.1
chr3R	5856671	+	NP_649602.2
chr3R	6108187	+	NP_649612.1
chr3R	6122657	+	NP_001246944.1
chr3R	6167518	+	NP_649617.1
chr3R	6173645	+	NP_649618.1
chr3R	6189198	+	NP_524245.3
chr3R	6204445	+	NP_649620.2
chr3R	6211462	+	NP_001262303.1
chr3R	6216064	+	NP_001262304.1
chr3R	6227706	+	NP_649624.1
chr3R	6234736	+	NP_001287192.1
chr3R	6249207	+	NP_649626.1
chr3R	6255275	+	NP_649627.1
chr3R	6260413	+	NP_649628.2
chr3R	6263976	+	NP_001368940.1
chr3R	6266240	+	NP_001368993.1
chr3R	6278707	+	NP_649631.1
chr3R	6287867	+	NP_731062.1
chr3R	6291902	+	NP_649634.1
chr3R	6299251	+	NP_649635.1
chr3R	6301913	+	NP_649636.1
chr3R	6304042	+	NP_001368994.1
chr3R	6305270	+	NP_731065.1
chr3R	6306905	+	NP_001303496.1
chr3R	6309996	+	NP_731067.1
chr3R	6315887	+	NP_001262308.1
chr3R	6330351	+	NP_649639.1
chr3R	6335443	+	NP_649640.1
chr3R	6340188	+	NP_649641.1
chr3R	6342001	+	NP_649642.1
chr3R	6346193	+	NP_649646.3
chr3R	6349243	+	NP_649647.1
chr3R	6355021	+	NP_001262313.1
chr3R	6369017	+	NP_649649.1
chr3R	6374479	+	NP_649651.2
chr3R	6377820	+	NP_001163530.1
chr3R	6380596	+	NP_524246.1
chr3R	6385148	+	NP_731079.1
chr3R	6437656	+	NP_001262316.1
chr3R	6457287	+	NP_001262319.1
chr3R	6468673	+	NP_649658.1
chr3R	6479255	+	NP_001246950.1
chr3R	6527529	+	NP_649660.1
chr3R	6549218	+	NP_731093.2
chr3R	6580917	+	NP_731094.3
chr3R	6601310	+	NP_731097.1
chr3R	6630245	+	NP_649673.1
chr3R	6641322	+	NP_731103.1
chr3R	6646990	+	NP_001246952.1
chr3R	6658029	+	NP_649676.1
chr3R	6684506	+	NP_524247.1
chr3R	6686774	+	NP_649677.1
chr3R	6692798	+	NP_649680.1
chr3R	6704147	+	NP_649683.1
chr3R	6762980	+	NP_731114.2
chr3R	6792325	+	NP_477201.1
chr3R	6864394	+	NP_477498.1
chr3R	7052596	+	NP_477348.1
chr3R	7059398	+	NP_731118.3
chr3R	7060891	+	NP_649686.2
chr3R	7062320	+	NP_788591.1
chr3R	7067510	+	NP_001262325.1
chr3R	7076919	+	NP_001262326.1
chr3R	7082277	+	NP_649692.2
chr3R	7086742	+	NP_476772.1
chr3R	7094124	+	NP_001287204.1
chr3R	7124660	+	NP_649694.1
chr3R	7129520	+	NP_649696.1
chr3R	7131675	+	NP_731135.2
chr3R	7137166	+	NP_001262334.1
chr3R	7144816	+	NP_649699.1
chr3R	7164521	+	NP_001262337.1
chr3R	7187412	+	NP_001246958.1
chr3R	7201094	+	NP_001287205.1
chr3R	7225231	+	NP_001097699.2
chr3R	7241861	+	NP_649709.2
chr3R	7247250	+	NP_001287206.1
chr3R	7249878	+	NP_649713.1
chr3R	7266853	+	NP_477464.1
chr3R	7286105	+	NP_476703.1
chr3R	7304592	+	NP_001163539.1
chr3R	7345153	+	NP_731155.2
chr3R	7346833	+	NP_731156.1
chr3R	7365933	+	NP_524256.1
chr3R	7391482	+	NP_001189191.1
chr3R	7406869	+	NP_649720.2
chr3R	7420855	+	NP_649721.2
chr3R	7439847	+	NP_649722.1
chr3R	7531259	+	NP_524264.1
chr3R	7542850	+	NP_001262345.1
chr3R	7552099	+	NP_001287211.1
chr3R	7662597	+	NP_731172.2
chr3R	7722547	+	NP_001287212.1
chr3R	7758270	+	NP_649733.2
chr3R	7761187	+	NP_649734.2
chr3R	7790727	+	NP_649736.3
chr3R	7794209	+	NP_649737.1
chr3R	7810668	+	NP_731186.2
chr3R	7815219	+	NP_001246969.1
chr3R	7887107	+	NP_001262351.1
chr3R	7894512	+	NP_731194.1
chr3R	7907625	+	NP_649748.1
chr3R	7914084	+	NP_001246973.1
chr3R	7920529	+	NP_524850.2
chr3R	7978975	+	NP_001163543.1
chr3R	8000045	+	NP_001262358.1
chr3R	8001922	+	NP_001246975.1
chr3R	8009488	+	NP_649758.1
chr3R	8013838	+	NP_649760.1
chr3R	8030944	+	NP_001262365.1
chr3R	8033602	+	NP_001303425.1
chr3R	8041248	+	NP_001246979.1
chr3R	8049176	+	NP_001246981.1
chr3R	8082393	+	NP_649764.1
chr3R	8087542	+	NP_649765.1
chr3R	8094149	+	NP_001097707.1
chr3R	8105861	+	NP_524273.1
chr3R	8122853	+	NP_649767.1
chr3R	8126720	+	NP_001287226.1
chr3R	8218061	+	NP_649770.1
chr3R	8220198	+	NP_649771.1
chr3R	8234266	+	NP_731214.1
chr3R	8244213	+	NP_001287230.1
chr3R	8248449	+	NP_652183.2
chr3R	8252179	+	NP_649775.2
chr3R	8265101	+	NP_477121.1
chr3R	8278126	+	NP_731223.1
chr3R	8288039	+	NP_649778.1
chr3R	8291252	+	NP_731226.2
chr3R	8301512	+	NP_524275.1
chr3R	8312244	+	NP_649787.2
chr3R	8317737	+	NP_649790.1
chr3R	8321747	+	NP_524277.1
chr3R	8324377	+	NP_649791.1
chr3R	8341179	+	NP_476886.1
chr3R	8343773	+	NP_649793.1
chr3R	8344866	+	NP_731237.1
chr3R	8350134	+	NP_649796.1
chr3R	8357443	+	NP_731241.1
chr3R	8362880	+	NP_649798.3
chr3R	8519620	+	NP_649803.1
chr3R	8522026	+	NP_731250.1
chr3R	8524421	+	NP_001287233.1
chr3R	8552608	+	NP_524281.1
chr3R	8562883	+	NP_001287236.1
chr3R	8564255	+	NP_731254.2
chr3R	8591488	+	NP_001287238.1
chr3R	8651117	+	NP_649808.1
chr3R	8653121	+	NP_001262377.1
chr3R	8664483	+	NP_001262380.1
chr3R	8669825	+	NP_649812.2
chr3R	8674187	+	NP_524284.1
chr3R	8677114	+	NP_649814.1
chr3R	8713122	+	NP_001246991.1
chr3R	8717125	+	NP_001163553.1
chr3R	8719333	+	NP_649819.1
chr3R	8721540	+	NP_731272.1
chr3R	8725484	+	NP_649822.2
chr3R	8732133	+	NP_649826.3
chr3R	8752082	+	NP_001246993.1
chr3R	8769505	+	NP_649830.2
chr3R	8773444	+	NP_001097710.1
chr3R	8794684	+	NP_649833.1
chr3R	8801678	+	NP_649835.1
chr3R	8822098	+	NP_652187.1
chr3R	8824555	+	NP_996185.1
chr3R	8935146	+	NP_731295.1
chr3R	8938820	+	NP_001303476.1
chr3R	8981017	+	NP_001287242.1
chr3R	8985097	+	NP_001287243.1
chr3R	8993384	+	NP_001262394.1
chr3R	8997701	+	NP_649855.3
chr3R	9004051	+	NP_649857.1
chr3R	9006714	+	NP_649859.1
chr3R	9008586	+	NP_649860.1
chr3R	9015500	+	NP_649862.1
chr3R	9039962	+	NP_001163564.1
chr3R	9050961	+	NP_001262399.1
chr3R	9053628	+	NP_649864.2
chr3R	9065239	+	NP_649866.1
chr3R	9177562	+	NP_649867.1
chr3R	9247674	+	NP_649869.1
chr3R	9251871	+	NP_001287244.1
chr3R	9255094	+	NP_649872.2
chr3R	9259048	+	NP_649875.1
chr3R	9267122	+	NP_649877.1
chr3R	9321826	+	NP_649878.1
chr3R	9335562	+	NP_649883.1
chr3R	9354756	+	NP_001027162.1
chr3R	9363425	+	NP_731339.1
chr3R	9365457	+	NP_649886.1
chr3R	9398190	+	NP_524289.1
chr3R	9401567	+	NP_649888.1
chr3R	9404547	+	NP_001163568.1
chr3R	9412694	+	NP_001262413.1
chr3R	9432722	+	NP_001189199.1
chr3R	9494888	+	NP_649897.4
chr3R	9504725	+	NP_649898.1
chr3R	9513363	+	NP_477099.1
chr3R	9518275	+	NP_788611.1
chr3R	9552183	+	NP_649903.1
chr3R	9555875	+	NP_649905.1
chr3R	9559841	+	NP_001262421.1
chr3R	9564026	+	NP_649909.1
chr3R	9578180	+	NP_649914.1
chr3R	9581969	+	NP_649915.1
chr3R	9587363	+	NP_649916.1
chr3R	9621583	+	NP_649918.1
chr3R	9627398	+	NP_649920.2
chr3R	9631721	+	NP_731384.1
chr3R	9643492	+	NP_649922.2
chr3R	9675552	+	NP_649924.1
chr3R	9680081	+	NP_649926.2
chr3R	9685849	+	NP_649928.1
chr3R	9693169	+	NP_788618.1
chr3R	9711210	+	NP_524295.1
chr3R	9741009	+	NP_649934.1
chr3R	9744076	+	NP_731395.1
chr3R	9748218	+	NP_524946.1
chr3R	9756879	+	NP_649939.1
chr3R	9759902	+	NP_649940.1
chr3R	9763903	+	NP_649941.3
chr3R	9768138	+	NP_649942.1
chr3R	9775284	+	NP_649945.1
chr3R	9780187	+	NP_001097731.1
chr3R	9785907	+	NP_649948.1
chr3R	9791570	+	NP_649950.1
chr3R	9793452	+	NP_649951.1
chr3R	9801480	+	NP_649953.1
chr3R	9812805	+	NP_649955.1
chr3R	9875141	+	NP_001369001.1
chr3R	9997539	+	NP_649965.2
chr3R	10043347	+	NP_649969.1
chr3R	10045669	+	NP_649971.1
chr3R	10049296	+	NP_649973.1
chr3R	10053398	+	NP_731439.2
chr3R	10060297	+	NP_649976.1
chr3R	10062624	+	NP_001027166.1
chr3R	10064007	+	NP_001027167.1
chr3R	10066770	+	NP_001027168.1
chr3R	10071175	+	NP_524300.1
chr3R	10112786	+	NP_001287267.1
chr3R	10122026	+	NP_001097736.1
chr3R	10143087	+	NP_001189207.1
chr3R	10145401	+	NP_652072.1
chr3R	10195369	+	NP_731458.2
chr3R	10222758	+	NP_649985.1
chr3R	10224966	+	NP_001036703.1
chr3R	10251580	+	NP_649989.1
chr3R	10262343	+	NP_652608.1
chr3R	10291247	+	NP_996191.1
chr3R	10331619	+	NP_649996.1
chr3R	10333277	+	NP_731472.1
chr3R	10348920	+	NP_731476.1
chr3R	10350528	+	NP_524302.1
chr3R	10389379	+	NP_524775.1
chr3R	10401051	+	NP_731479.3
chr3R	10413373	+	NP_650001.2
chr3R	10434800	+	NP_650003.4
chr3R	10687242	+	NP_001027172.1
chr3R	10696732	+	NP_001369010.1
chr3R	10707003	+	NP_650007.1
chr3R	10714931	+	NP_650010.1
chr3R	10761583	+	NP_650014.2
chr3R	10779692	+	NP_650016.1
chr3R	10784607	+	NP_731510.1
chr3R	10788665	+	NP_524308.2
chr3R	10793033	+	NP_650018.1
chr3R	10815381	+	NP_650021.1
chr3R	10837859	+	NP_001247034.1
chr3R	10849985	+	NP_001247035.1
chr3R	10852742	+	NP_001097743.1
chr3R	10854856	+	NP_650026.1
chr3R	10857018	+	NP_650027.1
chr3R	10869033	+	NP_524309.1
chr3R	10873192	+	NP_650031.1
chr3R	10876455	+	NP_524311.1
chr3R	10885973	+	NP_650037.2
chr3R	10950432	+	NP_650038.2
chr3R	10993515	+	NP_001163586.1
chr3R	11088438	+	NP_001247039.1
chr3R	11137252	+	NP_650042.2
chr3R	11154655	+	NP_652625.2
chr3R	11157241	+	NP_652626.1
chr3R	11161229	+	NP_001262469.1
chr3R	11175572	+	NP_001262470.1
chr3R	11196106	+	NP_650044.1
chr3R	11197784	+	NP_731540.2
chr3R	11210381	+	NP_001303431.1
chr3R	11216613	+	NP_001097748.1
chr3R	11221930	+	NP_731547.1
chr3R	11225536	+	NP_001287282.1
chr3R	11232017	+	NP_650057.1
chr3R	11235409	+	NP_650059.1
chr3R	11241196	+	NP_650062.1
chr3R	11244442	+	NP_650064.1
chr3R	11372190	+	NP_001247045.1
chr3R	11407991	+	NP_524318.1
chr3R	11410138	+	NP_001262474.1
chr3R	11419089	+	NP_001287285.1
chr3R	11422395	+	NP_731570.2
chr3R	11430082	+	NP_001287286.1
chr3R	11431979	+	NP_650074.1
chr3R	11436180	+	NP_650076.1
chr3R	11464062	+	NP_650077.1
chr3R	11500353	+	NP_650080.3
chr3R	11554189	+	NP_650082.1
chr3R	11558435	+	NP_650083.1
chr3R	11569758	+	NP_650086.2
chr3R	11578873	+	NP_650088.2
chr3R	11583350	+	NP_650089.1
chr3R	11620210	+	NP_650092.4
chr3R	11623411	+	NP_650094.1
chr3R	11626994	+	NP_652712.2
chr3R	11628941	+	NP_650096.1
chr3R	11651008	+	NP_001262478.1
chr3R	11667572	+	NP_001036706.2
chr3R	11674282	+	NP_650101.1
chr3R	11679871	+	NP_524321.1
chr3R	11696646	+	NP_001262481.1
chr3R	11700746	+	NP_650107.1
chr3R	11704073	+	NP_524323.2
chr3R	11711740	+	NP_650108.2
chr3R	11727223	+	NP_001262482.1
chr3R	11735494	+	NP_650110.3
chr3R	11742154	+	NP_650111.3
chr3R	11750375	+	NP_001247057.1
chr3R	11787582	+	NP_996196.1
chr3R	11819712	+	NP_477217.1
chr3R	11877341	+	NP_650123.1
chr3R	11882874	+	NP_996198.2
chr3R	11897657	+	NP_001097753.2
chr3R	11931287	+	NP_650130.1
chr3R	11949805	+	NP_788642.1
chr3R	11958789	+	NP_524798.2
chr3R	11963292	+	NP_476749.1
chr3R	11969218	+	NP_001262490.1
chr3R	11971776	+	NP_731657.2
chr3R	12001210	+	NP_650142.1
chr3R	12010931	+	NP_001097755.1
chr3R	12017226	+	NP_650146.1
chr3R	12033265	+	NP_650149.1
chr3R	12040594	+	NP_731666.2
chr3R	12096677	+	NP_731670.1
chr3R	12195341	+	NP_001247073.1
chr3R	12198086	+	NP_731676.2
chr3R	12214811	+	NP_001247074.1
chr3R	12222483	+	NP_650164.1
chr3R	12229456	+	NP_650167.1
chr3R	12254307	+	NP_650171.2
chr3R	12260991	+	NP_001262500.1
chr3R	12262569	+	NP_001262498.1
chr3R	12270920	+	NP_650172.1
chr3R	12273180	+	NP_001163595.1
chr3R	12281595	+	NP_731681.1
chr3R	12311353	+	NP_650174.1
chr3R	12323651	+	NP_650175.2
chr3R	12341691	+	NP_001287300.1
chr3R	12360130	+	NP_650179.1
chr3R	12371998	+	NP_524912.1
chr3R	12375764	+	NP_524914.3
chr3R	12377172	+	NP_524915.1
chr3R	12378546	+	NP_525114.1
chr3R	12380036	+	NP_524916.1
chr3R	12384347	+	NP_001138040.1
chr3R	12386249	+	NP_001097756.1
chr3R	12406724	+	NP_650190.1
chr3R	12414157	+	NP_001247075.1
chr3R	12422859	+	NP_650194.1
chr3R	12426612	+	NP_650195.1
chr3R	12429670	+	NP_650197.1
chr3R	12434243	+	NP_650199.1
chr3R	12436421	+	NP_650201.1
chr3R	12444809	+	NP_652731.1
chr3R	12447737	+	NP_650202.1
chr3R	12449639	+	NP_650203.3
chr3R	12456624	+	NP_650205.1
chr3R	12460529	+	NP_001189212.1
chr3R	12502752	+	NP_788663.1
chr3R	12506035	+	NP_524927.2
chr3R	12509318	+	NP_650209.1
chr3R	12526356	+	NP_524329.1
chr3R	12628344	+	NP_731727.2
chr3R	12630715	+	NP_001303491.1
chr3R	12638481	+	NP_650218.3
chr3R	12648359	+	NP_650220.2
chr3R	12656854	+	NP_001097759.1
chr3R	12668794	+	NP_001262503.1
chr3R	12674649	+	NP_650223.1
chr3R	12691822	+	NP_524331.2
chr3R	12695371	+	NP_001097761.1
chr3R	12705161	+	NP_650227.1
chr3R	12739662	+	NP_650228.1
chr3R	12892055	+	NP_650235.1
chr3R	12918721	+	NP_001262511.1
chr3R	12961836	+	NP_650239.1
chr3R	12963823	+	NP_731751.1
chr3R	12978232	+	NP_650243.2
chr3R	12983740	+	NP_001262515.1
chr3R	12986224	+	NP_001097764.1
chr3R	12995691	+	NP_650248.1
chr3R	12998585	+	NP_001163599.2
chr3R	13010005	+	NP_650251.1
chr3R	13019620	+	NP_001262520.1
chr3R	13030982	+	NP_524942.1
chr3R	13032766	+	NP_524337.1
chr3R	13042092	+	NP_001368950.1
chr3R	13052409	+	NP_650257.1
chr3R	13062718	+	NP_001262527.1
chr3R	13086258	+	NP_001247082.1
chr3R	13088761	+	NP_524341.3
chr3R	13181346	+	NP_650260.1
chr3R	13188590	+	NP_650262.2
chr3R	13191701	+	NP_731776.1
chr3R	13261642	+	NP_001262531.1
chr3R	13264516	+	NP_524342.3
chr3R	13282402	+	NP_731781.1
chr3R	13290716	+	NP_731783.1
chr3R	13294790	+	NP_650273.2
chr3R	13299014	+	NP_650274.2
chr3R	13340170	+	NP_731790.1
chr3R	13353673	+	NP_731791.2
chr3R	13367761	+	NP_731793.1
chr3R	13369669	+	NP_650280.1
chr3R	13372664	+	NP_001097771.1
chr3R	13380140	+	NP_731802.1
chr3R	13383479	+	NP_650283.1
chr3R	13397867	+	NP_731810.1
chr3R	13420303	+	NP_650290.2
chr3R	13426604	+	NP_001287314.1
chr3R	13455915	+	NP_001247086.1
chr3R	13588187	+	NP_650294.1
chr3R	13616004	+	NP_650297.1
chr3R	13632062	+	NP_650299.1
chr3R	13649069	+	NP_731830.2
chr3R	13661734	+	NP_001163604.1
chr3R	13677110	+	NP_731843.1
chr3R	13687864	+	NP_650304.2
chr3R	13694053	+	NP_650305.1
chr3R	13700701	+	NP_650307.2
chr3R	13706934	+	NP_650308.3
chr3R	13744964	+	NP_001262552.1
chr3R	13765860	+	NP_650313.1
chr3R	13767679	+	NP_650314.1
chr3R	13772350	+	NP_001262553.1
chr3R	13779707	+	NP_001138048.1
chr3R	13782828	+	NP_731864.1
chr3R	13813526	+	NP_001138050.1
chr3R	13902179	+	NP_731868.1
chr3R	13948835	+	NP_001287322.1
chr3R	13958922	+	NP_731872.1
chr3R	13965008	+	NP_731873.1
chr3R	14029284	+	NP_650327.1
chr3R	14032690	+	NP_650328.1
chr3R	14066643	+	NP_996205.1
chr3R	14091317	+	NP_650331.1
chr3R	14109445	+	NP_524348.2
chr3R	14122712	+	NP_650338.1
chr3R	14125947	+	NP_001287323.1
chr3R	14162845	+	NP_650342.2
chr3R	14256153	+	NP_001247094.1
chr3R	14262461	+	NP_650351.2
chr3R	14290773	+	NP_001287325.1
chr3R	14302456	+	NP_650353.1
chr3R	14309187	+	NP_001287326.1
chr3R	14310516	+	NP_731899.1
chr3R	14314936	+	NP_524350.1
chr3R	14316612	+	NP_731900.1
chr3R	14327291	+	NP_001189221.1
chr3R	14328211	+	NP_476740.1
chr3R	14418792	+	NP_001097789.1
chr3R	14511924	+	NP_524351.1
chr3R	14517053	+	NP_001097790.1
chr3R	14521103	+	NP_650368.1
chr3R	14560982	+	NP_650371.1
chr3R	14562362	+	NP_650372.1
chr3R	14565946	+	NP_650373.1
chr3R	14583237	+	NP_001097792.1
chr3R	14615789	+	NP_650376.1
chr3R	14626050	+	NP_731927.1
chr3R	14634753	+	NP_731930.3
chr3R	14657498	+	NP_650380.2
chr3R	14663591	+	NP_650383.2
chr3R	14742178	+	NP_001247107.1
chr3R	14796551	+	NP_650390.2
chr3R	14799072	+	NP_650391.1
chr3R	14801805	+	NP_650392.1
chr3R	14845207	+	NP_650396.1
chr3R	14880516	+	NP_996212.1
chr3R	14886582	+	NP_996213.1
chr3R	14890358	+	NP_731954.1
chr3R	14894835	+	NP_650403.2
chr3R	14898753	+	NP_650405.2
chr3R	14918878	+	NP_001287331.1
chr3R	15014770	+	NP_650409.1
chr3R	15037423	+	NP_650410.1
chr3R	15137162	+	NP_650420.1
chr3R	15140047	+	NP_650421.3
chr3R	15186080	+	NP_001036711.1
chr3R	15198971	+	NP_001163614.1
chr3R	15209300	+	NP_650428.1
chr3R	15214033	+	NP_650430.1
chr3R	15219411	+	NP_650432.1
chr3R	15225893	+	NP_524354.1
chr3R	15229732	+	NP_731985.2
chr3R	15244360	+	NP_524356.1
chr3R	15250117	+	NP_001036713.2
chr3R	15263687	+	NP_650438.2
chr3R	15265661	+	NP_524358.2
chr3R	15268763	+	NP_650440.2
chr3R	15275614	+	NP_650441.1
chr3R	15284649	+	NP_001247119.1
chr3R	15312453	+	NP_732013.2
chr3R	15316643	+	NP_001138057.1
chr3R	15320425	+	NP_001262594.1
chr3R	15321418	+	NP_001262596.1
chr3R	15328933	+	NP_524362.2
chr3R	15333389	+	NP_650447.1
chr3R	15340836	+	NP_001262599.1
chr3R	15346305	+	NP_650449.1
chr3R	15351351	+	NP_650451.1
chr3R	15357318	+	NP_732020.2
chr3R	15361825	+	NP_650454.2
chr3R	15372152	+	NP_650459.1
chr3R	15374862	+	NP_001189227.1
chr3R	15409125	+	NP_732033.1
chr3R	15440616	+	NP_524367.1
chr3R	15482007	+	NP_650470.1
chr3R	15486143	+	NP_650472.2
chr3R	15494802	+	NP_650473.1
chr3R	15635468	+	NP_001247121.1
chr3R	15637168	+	NP_001247122.1
chr3R	15671959	+	NP_001262609.1
chr3R	15693130	+	NP_001262610.1
chr3R	15695334	+	NP_001262611.1
chr3R	15704754	+	NP_650482.1
chr3R	15731787	+	NP_001097807.1
chr3R	15744788	+	NP_001287340.1
chr3R	15763169	+	NP_650484.1
chr3R	15774496	+	NP_650486.1
chr3R	15779910	+	NP_650487.1
chr3R	15786764	+	NP_650488.1
chr3R	15792835	+	NP_001262612.1
chr3R	15794907	+	NP_001163624.1
chr3R	15802282	+	NP_650493.2
chr3R	15819011	+	NP_650494.2
chr3R	15826097	+	NP_650495.1
chr3R	15834766	+	NP_732075.3
chr3R	15837483	+	NP_476741.1
chr3R	15846780	+	NP_650501.1
chr3R	15860348	+	NP_650504.1
chr3R	15908593	+	NP_650508.1
chr3R	15926239	+	NP_001262616.1
chr3R	15929976	+	NP_650512.1
chr3R	15934152	+	NP_001287349.1
chr3R	15936126	+	NP_732094.1
chr3R	15964051	+	NP_650515.1
chr3R	15965606	+	NP_524372.1
chr3R	15977233	+	NP_732097.2
chr3R	15994226	+	NP_732098.1
chr3R	16012739	+	NP_650516.2
chr3R	16035080	+	NP_001262620.1
chr3R	16043617	+	NP_650518.1
chr3R	16049788	+	NP_650520.1
chr3R	16052145	+	NP_001247129.1
chr3R	16085733	+	NP_001287352.1
chr3R	16100944	+	NP_732113.3
chr3R	16139847	+	NP_001287355.1
chr3R	16147642	+	NP_001287357.1
chr3R	16155517	+	NP_001097812.1
chr3R	16172157	+	NP_650526.1
chr3R	16181175	+	NP_001034056.1
chr3R	16196037	+	NP_524378.1
chr3R	16203435	+	NP_001287362.1
chr3R	16226416	+	NP_524994.2
chr3R	16264353	+	NP_524379.2
chr3R	16267096	+	NP_650529.2
chr3R	16275144	+	NP_001014628.1
chr3R	16306171	+	NP_536747.2
chr3R	16321930	+	NP_001262628.1
chr3R	16323463	+	NP_650531.1
chr3R	16325573	+	NP_650532.2
chr3R	16327943	+	NP_650533.1
chr3R	16342394	+	NP_650534.2
chr3R	16349511	+	NP_477445.1
chr3R	16430821	+	NP_001163630.1
chr3R	16443288	+	NP_001262637.1
chr3R	16454567	+	NP_001036717.1
chr3R	16456411	+	NP_650547.1
chr3R	16470179	+	NP_477442.1
chr3R	16473370	+	NP_001036719.1
chr3R	16478827	+	NP_650551.1
chr3R	16513450	+	NP_001138063.2
chr3R	16571531	+	NP_650560.1
chr3R	16595098	+	NP_650562.1
chr3R	16610779	+	NP_001262642.1
chr3R	16615409	+	NP_650566.1
chr3R	16617981	+	NP_650567.1
chr3R	16620829	+	NP_650568.2
chr3R	16626112	+	NP_001262645.1
chr3R	16640328	+	NP_001262646.1
chr3R	16643885	+	NP_650570.1
chr3R	16647896	+	NP_732167.1
chr3R	16788348	+	NP_536732.1
chr3R	16975218	+	NP_650578.1
chr3R	16988925	+	NP_001262650.1
chr3R	16993137	+	NP_732186.1
chr3R	16996589	+	NP_650582.1
chr3R	17003076	+	NP_001262653.1
chr3R	17008870	+	NP_001247146.1
chr3R	17025406	+	NP_996223.1
chr3R	17028706	+	NP_650587.1
chr3R	17031817	+	NP_001247147.1
chr3R	17040847	+	NP_650590.1
chr3R	17043650	+	NP_001287369.1
chr3R	17057711	+	NP_477260.1
chr3R	17072798	+	NP_524382.1
chr3R	17082697	+	NP_650595.1
chr3R	17085798	+	NP_650596.1
chr3R	17088402	+	NP_650597.2
chr3R	17120479	+	NP_001097817.1
chr3R	17121593	+	NP_001287370.1
chr3R	17124489	+	NP_001287371.1
chr3R	17127131	+	NP_001097818.1
chr3R	17132685	+	NP_001138068.1
chr3R	17134220	+	NP_732214.1
chr3R	17136205	+	NP_650603.1
chr3R	17137911	+	NP_650604.1
chr3R	17149771	+	NP_650608.1
chr3R	17265476	+	NP_001287374.1
chr3R	17283814	+	NP_650615.2
chr3R	17384652	+	NP_001247150.1
chr3R	17391929	+	NP_650619.1
chr3R	17407001	+	NP_001189242.1
chr3R	17407882	+	NP_650621.1
chr3R	17413088	+	NP_001034060.2
chr3R	17415746	+	NP_650624.2
chr3R	17417484	+	NP_996225.1
chr3R	17418785	+	NP_001189244.1
chr3R	17420638	+	NP_001189245.1
chr3R	17426210	+	NP_650627.1
chr3R	17535036	+	NP_001262670.1
chr3R	17540625	+	NP_001262672.1
chr3R	17559364	+	NP_001287376.1
chr3R	17594423	+	NP_732246.1
chr3R	17596563	+	NP_001303448.1
chr3R	17606519	+	NP_001247153.1
chr3R	17609423	+	NP_650636.2
chr3R	17612901	+	NP_001097828.1
chr3R	17614004	+	NP_001287377.1
chr3R	17619133	+	NP_650639.1
chr3R	17625324	+	NP_524391.2
chr3R	17627127	+	NP_650641.2
chr3R	17644701	+	NP_001247154.1
chr3R	17647944	+	NP_001287379.1
chr3R	17671371	+	NP_650644.1
chr3R	17682789	+	NP_650646.1
chr3R	17685173	+	NP_732261.1
chr3R	17719571	+	NP_650648.3
chr3R	17728383	+	NP_732265.1
chr3R	17733638	+	NP_650650.1
chr3R	17739935	+	NP_001287380.1
chr3R	17795365	+	NP_001247158.1
chr3R	17852374	+	NP_732278.2
chr3R	17906529	+	NP_650668.1
chr3R	17911645	+	NP_001247174.1
chr3R	17966509	+	NP_001014631.3
chr3R	18019413	+	NP_650672.1
chr3R	18021714	+	NP_650673.1
chr3R	18023809	+	NP_650674.1
chr3R	18081121	+	NP_650675.1
chr3R	18096006	+	NP_524395.2
chr3R	18152215	+	NP_650676.2
chr3R	18158770	+	NP_650677.1
chr3R	18164729	+	NP_524396.1
chr3R	18169706	+	NP_650681.2
chr3R	18185820	+	NP_650684.1
chr3R	18189130	+	NP_650686.1
chr3R	18208939	+	NP_001262700.1
chr3R	18212409	+	NP_001262699.1
chr3R	18216297	+	NP_650690.1
chr3R	18220558	+	NP_650691.1
chr3R	18223819	+	NP_650694.2
chr3R	18226501	+	NP_650696.1
chr3R	18236497	+	NP_477026.1
chr3R	18242846	+	NP_732311.1
chr3R	18251144	+	NP_650698.1
chr3R	18255616	+	NP_001138073.1
chr3R	18269557	+	NP_650701.1
chr3R	18274938	+	NP_996231.1
chr3R	18283734	+	NP_650705.1
chr3R	18299422	+	NP_477356.1
chr3R	18362126	+	NP_650714.1
chr3R	18366720	+	NP_650716.2
chr3R	18385922	+	NP_650719.2
chr3R	18399792	+	NP_001138075.1
chr3R	18403540	+	NP_732341.1
chr3R	18405043	+	NP_650724.1
chr3R	18560282	+	NP_650728.1
chr3R	18581471	+	NP_001303449.2
chr3R	18590119	+	NP_650729.1
chr3R	18659705	+	NP_477453.1
chr3R	18663796	+	NP_650739.2
chr3R	18671351	+	NP_650740.1
chr3R	18677914	+	NP_650742.2
chr3R	18680998	+	NP_001334694.1
chr3R	18682440	+	NP_732369.1
chr3R	18695266	+	NP_001303509.1
chr3R	18705929	+	NP_477004.5
chr3R	18732706	+	NP_650749.2
chr3R	18746572	+	NP_524860.2
chr3R	18875785	+	NP_001262716.1
chr3R	18898293	+	NP_650756.1
chr3R	18907267	+	NP_001262717.1
chr3R	18920632	+	NP_650761.2
chr3R	18947299	+	NP_001247187.1
chr3R	18981572	+	NP_001262722.1
chr3R	18984506	+	NP_001097834.2
chr3R	19024147	+	NP_650772.1
chr3R	19027448	+	NP_650774.1
chr3R	19029169	+	NP_524400.2
chr3R	19031571	+	NP_650777.1
chr3R	19039512	+	NP_650778.2
chr3R	19095409	+	NP_001287401.1
chr3R	19124000	+	NP_650781.2
chr3R	19132685	+	NP_650782.1
chr3R	19135209	+	NP_650783.2
chr3R	19157501	+	NP_476658.1
chr3R	19168035	+	NP_524403.1
chr3R	19177052	+	NP_650788.1
chr3R	19190080	+	NP_732406.1
chr3R	19212341	+	NP_732407.1
chr3R	19229498	+	NP_650794.1
chr3R	19257706	+	NP_001287405.1
chr3R	19354116	+	NP_001247194.1
chr3R	19387994	+	NP_650802.1
chr3R	19393376	+	NP_650804.2
chr3R	19403670	+	NP_732422.1
chr3R	19408946	+	NP_001369023.1
chr3R	19416205	+	NP_732424.1
chr3R	19461348	+	NP_001262730.1
chr3R	19600674	+	NP_650814.2
chr3R	19604111	+	NP_001247196.1
chr3R	19607281	+	NP_650816.3
chr3R	19610267	+	NP_650817.1
chr3R	19613501	+	NP_650818.1
chr3R	19635020	+	NP_001036729.2
chr3R	19645165	+	NP_650821.2
chr3R	19648841	+	NP_732440.2
chr3R	19661592	+	NP_524406.1
chr3R	19665555	+	NP_650825.2
chr3R	19687212	+	NP_732446.1
chr3R	19752618	+	NP_001163655.1
chr3R	19778766	+	NP_650830.1
chr3R	19781308	+	NP_650831.1
chr3R	19783618	+	NP_650832.1
chr3R	19840996	+	NP_732454.1
chr3R	19847378	+	NP_001262741.1
chr3R	19861643	+	NP_650835.1
chr3R	19864833	+	NP_650837.1
chr3R	19877878	+	NP_650840.1
chr3R	19879924	+	NP_477089.3
chr3R	19892749	+	NP_001247198.1
chr3R	19905311	+	NP_001287417.1
chr3R	19918532	+	NP_650848.1
chr3R	19948485	+	NP_650851.1
chr3R	19972931	+	NP_001262752.1
chr3R	20009060	+	NP_650854.1
chr3R	20013983	+	NP_732477.2
chr3R	20022054	+	NP_650858.1
chr3R	20028155	+	NP_650860.1
chr3R	20031940	+	NP_650862.1
chr3R	20042854	+	NP_001027202.1
chr3R	20057854	+	NP_650865.1
chr3R	20114939	+	NP_650866.1
chr3R	20121060	+	NP_732489.2
chr3R	20169515	+	NP_650867.1
chr3R	20211255	+	NP_001287420.1
chr3R	20288081	+	NP_001262755.1
chr3R	20310203	+	NP_001189251.1
chr3R	20328589	+	NP_001287422.2
chr3R	20338973	+	NP_001097845.2
chr3R	20360346	+	NP_650882.1
chr3R	20408327	+	NP_650887.1
chr3R	20504795	+	NP_524414.2
chr3R	20535017	+	NP_788695.2
chr3R	20558398	+	NP_650892.2
chr3R	20561299	+	NP_650893.2
chr3R	20577139	+	NP_650895.1
chr3R	20580169	+	NP_650896.2
chr3R	20588825	+	NP_650898.1
chr3R	20593844	+	NP_524724.2
chr3R	20618091	+	NP_650901.2
chr3R	20622496	+	NP_732533.1
chr3R	20635638	+	NP_001262772.1
chr3R	20669731	+	NP_650905.2
chr3R	20731661	+	NP_001287432.1
chr3R	20735697	+	NP_001163666.1
chr3R	20746821	+	NP_001138091.2
chr3R	20757237	+	NP_001262776.1
chr3R	20822271	+	NP_524421.1
chr3R	20831188	+	NP_732563.2
chr3R	20835228	+	NP_001262787.1
chr3R	20842333	+	NP_650920.3
chr3R	20847111	+	NP_650921.1
chr3R	20850866	+	NP_001287433.1
chr3R	20871077	+	NP_536778.2
chr3R	20873032	+	NP_536779.2
chr3R	20877766	+	NP_536782.2
chr3R	20902116	+	NP_650927.1
chr3R	20925944	+	NP_001262789.1
chr3R	20948806	+	NP_732572.1
chr3R	20992568	+	NP_001287435.1
chr3R	21016285	+	NP_650932.1
chr3R	21017778	+	NP_650933.2
chr3R	21044093	+	NP_650934.1
chr3R	21067470	+	NP_001262797.1
chr3R	21074007	+	NP_524428.1
chr3R	21102277	+	NP_650941.3
chr3R	21108607	+	NP_524429.1
chr3R	21111816	+	NP_599137.1
chr3R	21116304	+	NP_476979.1
chr3R	21127978	+	NP_001247225.2
chr3R	21130444	+	NP_650946.3
chr3R	21134411	+	NP_650948.2
chr3R	21138861	+	NP_001097853.1
chr3R	21154927	+	NP_732594.1
chr3R	21215160	+	NP_650954.1
chr3R	21219222	+	NP_650956.1
chr3R	21223870	+	NP_650958.2
chr3R	21242641	+	NP_650959.2
chr3R	21258934	+	NP_001287439.1
chr3R	21270216	+	NP_650962.1
chr3R	21283275	+	NP_650965.1
chr3R	21360392	+	NP_001189255.3
chr3R	21366006	+	NP_001303526.2
chr3R	21369464	+	NP_001189263.2
chr3R	21379247	+	NP_524433.1
chr3R	21389015	+	NP_732637.1
chr3R	21404098	+	NP_001097860.1
chr3R	21407452	+	NP_650970.2
chr3R	21409127	+	NP_732641.2
chr3R	21482387	+	NP_001262806.1
chr3R	21500258	+	NP_476873.2
chr3R	21521056	+	NP_001163676.1
chr3R	21665578	+	NP_650976.1
chr3R	21740168	+	NP_001163679.1
chr3R	21745305	+	NP_732652.1
chr3R	21749990	+	NP_001303538.1
chr3R	21754569	+	NP_732654.1
chr3R	21758774	+	NP_732655.3
chr3R	21776138	+	NP_650984.1
chr3R	21832693	+	NP_524442.2
chr3R	21865278	+	NP_650987.1
chr3R	21868096	+	NP_650989.7
chr3R	21872035	+	NP_001247232.1
chr3R	21874159	+	NP_001138096.1
chr3R	21875490	+	NP_650991.1
chr3R	21878498	+	NP_788705.1
chr3R	21887507	+	NP_650996.1
chr3R	21911816	+	NP_650997.1
chr3R	21960814	+	NP_001097865.1
chr3R	22014828	+	NP_650999.1
chr3R	22023608	+	NP_651001.2
chr3R	22028021	+	NP_732692.1
chr3R	22034563	+	NP_651006.1
chr3R	22035835	+	NP_732694.2
chr3R	22043064	+	NP_732695.1
chr3R	22080462	+	NP_651007.1
chr3R	22087203	+	NP_001262824.1
chr3R	22103414	+	NP_651009.1
chr3R	22113427	+	NP_732699.1
chr3R	22124128	+	NP_001369029.1
chr3R	22174368	+	NP_001262826.1
chr3R	22300339	+	NP_001287460.1
chr3R	22329368	+	NP_651019.1
chr3R	22331069	+	NP_001036743.1
chr3R	22352330	+	NP_001262831.1
chr3R	22357629	+	NP_732718.1
chr3R	22362916	+	NP_001287464.1
chr3R	22369524	+	NP_524448.3
chr3R	22373237	+	NP_651030.1
chr3R	22376035	+	NP_651031.1
chr3R	22390042	+	NP_651034.2
chr3R	22404447	+	NP_651036.1
chr3R	22406035	+	NP_651037.1
chr3R	22411585	+	NP_732736.2
chr3R	22421589	+	NP_001262835.1
chr3R	22448416	+	NP_732741.1
chr3R	22462603	+	NP_651049.3
chr3R	22465275	+	NP_651050.1
chr3R	22470485	+	NP_001262841.1
chr3R	22487294	+	NP_001163688.1
chr3R	22491927	+	NP_651055.1
chr3R	22493016	+	NP_001163689.1
chr3R	22509789	+	NP_001163690.1
chr3R	22554700	+	NP_651062.3
chr3R	22570503	+	NP_788716.1
chr3R	22580895	+	NP_524451.1
chr3R	22584863	+	NP_651066.2
chr3R	22588281	+	NP_788718.3
chr3R	22609538	+	NP_651069.1
chr3R	22613764	+	NP_001287468.1
chr3R	22652428	+	NP_001287469.1
chr3R	22686904	+	NP_651078.1
chr3R	22690700	+	NP_651080.2
chr3R	22702926	+	NP_001303445.1
chr3R	22727307	+	NP_001287472.1
chr3R	22741317	+	NP_651091.1
chr3R	22745717	+	NP_651093.1
chr3R	22774954	+	NP_651099.1
chr3R	22784763	+	NP_788719.1
chr3R	22804356	+	NP_001287474.1
chr3R	22915408	+	NP_524454.2
chr3R	22966387	+	NP_732806.1
chr3R	22977308	+	NP_001287477.1
chr3R	22987281	+	NP_524455.1
chr3R	22989295	+	NP_524456.1
chr3R	23012514	+	NP_651110.1
chr3R	23042333	+	NP_651112.1
chr3R	23043990	+	NP_651113.1
chr3R	23051689	+	NP_732816.1
chr3R	23061660	+	NP_651118.1
chr3R	23091871	+	NP_001287478.1
chr3R	23095733	+	NP_001262859.1
chr3R	23097759	+	NP_651123.1
chr3R	23118789	+	NP_524458.1
chr3R	23170095	+	NP_001262862.1
chr3R	23251877	+	NP_732846.1
chr3R	23258478	+	NP_651137.3
chr3R	23281291	+	NP_477397.1
chr3R	23284774	+	NP_651138.1
chr3R	23348191	+	NP_524462.2
chr3R	23356666	+	NP_001287480.1
chr3R	23358855	+	NP_001287481.1
chr3R	23373120	+	NP_732863.2
chr3R	23402808	+	NP_001138099.1
chr3R	23481865	+	NP_732868.2
chr3R	23487501	+	NP_651148.2
chr3R	23567898	+	NP_651156.1
chr3R	23677410	+	NP_651165.1
chr3R	23678968	+	NP_651166.1
chr3R	23700655	+	NP_651172.1
chr3R	23710158	+	NP_651173.2
chr3R	23728857	+	NP_732897.1
chr3R	23747144	+	NP_732900.1
chr3R	23753014	+	NP_524464.1
chr3R	23758517	+	NP_651180.3
chr3R	23764313	+	NP_651183.3
chr3R	23767802	+	NP_651185.1
chr3R	23782340	+	NP_001247267.1
chr3R	23821530	+	NP_001287488.1
chr3R	23923378	+	NP_732912.2
chr3R	23929323	+	NP_732915.1
chr3R	23931713	+	NP_651194.1
chr3R	23934027	+	NP_651196.1
chr3R	23958796	+	NP_001262892.1
chr3R	23966591	+	NP_001097895.1
chr3R	23987428	+	NP_651201.1
chr3R	23994002	+	NP_524472.1
chr3R	23995736	+	NP_001163706.1
chr3R	24032197	+	NP_651204.1
chr3R	24038509	+	NP_001287494.1
chr3R	24048332	+	NP_651207.1
chr3R	24052047	+	NP_651208.1
chr3R	24054495	+	NP_001287495.1
chr3R	24058401	+	NP_651211.2
chr3R	24107449	+	NP_651212.1
chr3R	24109396	+	NP_651213.1
chr3R	24120303	+	NP_001287497.1
chr3R	24130666	+	NP_477415.1
chr3R	24134914	+	NP_651218.1
chr3R	24138053	+	NP_651219.1
chr3R	24145224	+	NP_651220.3
chr3R	24153097	+	NP_651221.1
chr3R	24161790	+	NP_651223.2
chr3R	24164174	+	NP_001334699.1
chr3R	24173104	+	NP_651225.1
chr3R	24186480	+	NP_651226.1
chr3R	24193901	+	NP_651229.2
chr3R	24221742	+	NP_732971.2
chr3R	24227124	+	NP_651233.1
chr3R	24228992	+	NP_524898.1
chr3R	24231724	+	NP_001247280.1
chr3R	24273430	+	NP_001262907.1
chr3R	24276945	+	NP_524479.1
chr3R	24279631	+	NP_651239.1
chr3R	24284729	+	NP_651240.1
chr3R	24290251	+	NP_001247281.1
chr3R	24295627	+	NP_001247284.1
chr3R	24319115	+	NP_732982.1
chr3R	24333493	+	NP_651246.2
chr3R	24342829	+	NP_001287503.1
chr3R	24349308	+	NP_651249.2
chr3R	24361847	+	NP_996280.2
chr3R	24365554	+	NP_001097900.2
chr3R	24368358	+	NP_996282.1
chr3R	24376865	+	NP_001097904.1
chr3R	24390592	+	NP_651261.2
chr3R	24392923	+	NP_001287504.1
chr3R	24469441	+	NP_733000.1
chr3R	24485949	+	NP_524482.1
chr3R	24515595	+	NP_651263.1
chr3R	24518659	+	NP_001262919.1
chr3R	24524973	+	NP_651265.1
chr3R	24528177	+	NP_651266.1
chr3R	24530786	+	NP_733008.2
chr3R	24549760	+	NP_733011.2
chr3R	24590771	+	NP_001247289.1
chr3R	24631897	+	NP_651274.1
chr3R	24650229	+	NP_788735.1
chr3R	24655284	+	NP_996288.1
chr3R	24668862	+	NP_001014662.1
chr3R	24712907	+	NP_001334700.1
chr3R	24727870	+	NP_733035.1
chr3R	24749796	+	NP_524487.2
chr3R	24754041	+	NP_524488.3
chr3R	24769522	+	NP_001287512.1
chr3R	24775621	+	NP_651282.2
chr3R	24788246	+	NP_651286.3
chr3R	24807686	+	NP_651289.1
chr3R	24814277	+	NP_001036756.2
chr3R	24817617	+	NP_001303447.1
chr3R	24830439	+	NP_001247294.1
chr3R	24837073	+	NP_651295.1
chr3R	24847238	+	NP_001189282.1
chr3R	24862981	+	NP_651301.1
chr3R	24865370	+	NP_001262933.1
chr3R	24877352	+	NP_733057.1
chr3R	24895112	+	NP_651307.2
chr3R	24901223	+	NP_651309.2
chr3R	24918652	+	NP_001163715.2
chr3R	24925571	+	NP_651313.1
chr3R	24932133	+	NP_651314.1
chr3R	24945258	+	NP_733064.2
chr3R	25001406	+	NP_001247300.1
chr3R	25023370	+	NP_651319.2
chr3R	25025544	+	NP_524493.1
chr3R	25036987	+	NP_733068.2
chr3R	25039450	+	NP_651323.3
chr3R	25046373	+	NP_001097906.1
chr3R	25051164	+	NP_651327.1
chr3R	25056446	+	NP_001262947.1
chr3R	25065878	+	NP_651331.1
chr3R	25069965	+	NP_733077.3
chr3R	25071418	+	NP_001356925.1
chr3R	25074937	+	NP_651335.2
chr3R	25083552	+	NP_001287516.1
chr3R	25095118	+	NP_524496.1
chr3R	25098006	+	NP_001287518.1
chr3R	25100130	+	NP_001027210.1
chr3R	25102567	+	NP_001287519.1
chr3R	25123399	+	NP_733083.1
chr3R	25127811	+	NP_651341.2
chr3R	25132595	+	NP_651342.3
chr3R	25138233	+	NP_651343.1
chr3R	25189939	+	NP_001262949.1
chr3R	25195560	+	NP_651348.1
chr3R	25199999	+	NP_651350.2
chr3R	25216365	+	NP_733086.2
chr3R	25219347	+	NP_001097914.1
chr3R	25237713	+	NP_651357.1
chr3R	25240190	+	NP_001287525.1
chr3R	25242058	+	NP_651358.4
chr3R	25247963	+	NP_001262950.1
chr3R	25249631	+	NP_001247302.1
chr3R	25259364	+	NP_651362.1
chr3R	25262810	+	NP_651364.1
chr3R	25265907	+	NP_651365.1
chr3R	25270231	+	NP_651367.1
chr3R	25273848	+	NP_651369.1
chr3R	25281706	+	NP_733089.1
chr3R	25283691	+	NP_651373.2
chr3R	25287485	+	NP_651374.2
chr3R	25289927	+	NP_651375.1
chr3R	25300911	+	NP_651378.1
chr3R	25335400	+	NP_651389.3
chr3R	25340419	+	NP_651390.2
chr3R	25358308	+	NP_651392.2
chr3R	25383716	+	NP_733105.1
chr3R	25473516	+	NP_651395.1
chr3R	25477102	+	NP_651397.1
chr3R	25483166	+	NP_001163729.1
chr3R	25491558	+	NP_651400.1
chr3R	25505217	+	NP_651401.1
chr3R	25519623	+	NP_001262960.1
chr3R	25613866	+	NP_651405.1
chr3R	25618479	+	NP_733111.1
chr3R	25648899	+	NP_001334702.1
chr3R	25662415	+	NP_651411.1
chr3R	25667155	+	NP_733115.1
chr3R	25678777	+	NP_651414.1
chr3R	25680967	+	NP_001097924.1
chr3R	25806467	+	NP_001036758.1
chr3R	25811205	+	NP_651431.1
chr3R	25815558	+	NP_651433.1
chr3R	25832249	+	NP_651434.3
chr3R	25851733	+	NP_651435.1
chr3R	25867304	+	NP_001287534.1
chr3R	25885538	+	NP_001163740.1
chr3R	25889778	+	NP_001287537.1
chr3R	25893570	+	NP_651439.2
chr3R	25895880	+	NP_651440.1
chr3R	25900594	+	NP_733127.1
chr3R	25902697	+	NP_733128.1
chr3R	25907663	+	NP_001138112.1
chr3R	25959476	+	NP_651451.1
chr3R	25963564	+	NP_542440.1
chr3R	25970861	+	NP_651453.3
chr3R	25983292	+	NP_733132.2
chr3R	25997732	+	NP_524503.2
chr3R	25999943	+	NP_524504.2
chr3R	26010963	+	NP_524506.1
chr3R	26014816	+	NP_001262980.1
chr3R	26022020	+	NP_524509.2
chr3R	26032984	+	NP_524512.2
chr3R	26037163	+	NP_536753.1
chr3R	26040324	+	NP_524513.1
chr3R	26043344	+	NP_001247309.1
chr3R	26052917	+	NP_651455.1
chr3R	26056657	+	NP_651458.1
chr3R	26059580	+	NP_651461.1
chr3R	26124474	+	NP_001262983.1
chr3R	26134995	+	NP_651466.1
chr3R	26183892	+	NP_651467.1
chr3R	26185660	+	NP_001247312.1
chr3R	26230705	+	NP_001287540.1
chr3R	26268452	+	NP_651471.2
chr3R	26331408	+	NP_001287542.1
chr3R	26414132	+	NP_651476.1
chr3R	26447540	+	NP_001287543.1
chr3R	26452861	+	NP_651478.1
chr3R	26454813	+	NP_001247316.1
chr3R	26456877	+	NP_651479.2
chr3R	26458353	+	NP_651480.1
chr3R	26466682	+	NP_651481.1
chr3R	26537623	+	NP_733156.1
chr3R	26619167	+	NP_651484.1
chr3R	26629956	+	NP_651489.2
chr3R	26631931	+	NP_733160.1
chr3R	26633794	+	NP_651490.1
chr3R	26636714	+	NP_651491.1
chr3R	26640075	+	NP_651492.1
chr3R	26656529	+	NP_651494.1
chr3R	26717978	+	NP_651498.1
chr3R	26726141	+	NP_652259.2
chr3R	26728761	+	NP_001287548.1
chr3R	26729769	+	NP_001287547.1
chr3R	26737809	+	NP_651502.2
chr3R	26837737	+	NP_524518.1
chr3R	26863470	+	NP_651507.1
chr3R	26867093	+	NP_001262997.1
chr3R	26875956	+	NP_651510.1
chr3R	26879594	+	NP_651511.1
chr3R	26883956	+	NP_001262999.1
chr3R	26925237	+	NP_001263001.1
chr3R	26945580	+	NP_651513.1
chr3R	26947916	+	NP_651514.1
chr3R	26967444	+	NP_001163748.1
chr3R	26978663	+	NP_001334703.1
chr3R	26994934	+	NP_651519.1
chr3R	26999758	+	NP_733185.2
chr3R	27028022	+	NP_001287553.1
chr3R	27062276	+	NP_001097941.1
chr3R	27065560	+	NP_001263004.1
chr3R	27076253	+	NP_651528.2
chr3R	27093179	+	NP_651531.1
chr3R	27094653	+	NP_651532.1
chr3R	27101477	+	NP_001356927.1
chr3R	27112628	+	NP_733196.1
chr3R	27116883	+	NP_651539.3
chr3R	27151890	+	NP_001163749.1
chr3R	27158039	+	NP_651543.1
chr3R	27161335	+	NP_651544.1
chr3R	27165804	+	NP_733200.1
chr3R	27233772	+	NP_733205.3
chr3R	27239274	+	NP_733206.3
chr3R	27253602	+	NP_476995.1
chr3R	27265487	+	NP_001263011.1
chr3R	27273831	+	NP_651552.1
chr3R	27275658	+	NP_733212.1
chr3R	27283842	+	NP_651555.1
chr3R	27288930	+	NP_477159.1
chr3R	27340622	+	NP_651560.2
chr3R	27440407	+	NP_001247336.1
chr3R	27464257	+	NP_651562.2
chr3R	27478707	+	NP_001287562.1
chr3R	27488206	+	NP_651564.1
chr3R	27520945	+	NP_001263012.2
chr3R	27542497	+	NP_733213.1
chr3R	27544443	+	NP_524531.2
chr3R	27583088	+	NP_524999.2
chr3R	27615395	+	NP_001189303.1
chr3R	27637888	+	NP_733223.1
chr3R	27652836	+	NP_651576.1
chr3R	27663196	+	NP_001263024.1
chr3R	27677684	+	NP_651578.1
chr3R	27686186	+	NP_651580.3
chr3R	27694318	+	NP_001247340.1
chr3R	27700585	+	NP_733229.2
chr3R	27707210	+	NP_001034073.1
chr3R	27737092	+	NP_524535.2
chr3R	27845950	+	NP_524536.2
chr3R	27912568	+	NP_651592.2
chr3R	27917002	+	NP_524537.1
chr3R	27922917	+	NP_524538.2
chr3R	27925881	+	NP_651597.1
chr3R	27938695	+	NP_001163751.1
chr3R	27948862	+	NP_651601.1
chr3R	27955021	+	NP_651603.1
chr3R	27963688	+	NP_651605.1
chr3R	28030688	+	NP_001163754.3
chr3R	28147972	+	NP_001163756.2
chr3R	28282586	+	NP_001097954.1
chr3R	28291459	+	NP_524899.1
chr3R	28340435	+	NP_733246.1
chr3R	28352242	+	NP_524540.4
chr3R	28462055	+	NP_001263035.1
chr3R	28484652	+	NP_651620.1
chr3R	28487483	+	NP_524541.3
chr3R	28599952	+	NP_733249.1
chr3R	28606168	+	NP_651623.1
chr3R	28636423	+	NP_651625.1
chr3R	28669233	+	NP_996301.2
chr3R	28675579	+	NP_651628.1
chr3R	28696332	+	NP_001263041.1
chr3R	28789617	+	NP_001097956.1
chr3R	28806726	+	NP_652269.3
chr3R	28812115	+	NP_001097958.1
chr3R	28820338	+	NP_651636.1
chr3R	28845967	+	NP_001138118.2
chr3R	28872915	+	NP_651641.1
chr3R	28875646	+	NP_651643.1
chr3R	28880803	+	NP_651645.1
chr3R	28883693	+	NP_651646.2
chr3R	28888328	+	NP_001014680.1
chr3R	28923120	+	NP_651648.5
chr3R	29024972	+	NP_651653.2
chr3R	29027343	+	NP_651655.1
chr3R	29034663	+	NP_651658.1
chr3R	29041272	+	NP_524545.2
chr3R	29049600	+	NP_651660.1
chr3R	29052701	+	NP_651662.1
chr3R	29054548	+	NP_001287578.1
chr3R	29064582	+	NP_651666.2
chr3R	29113258	+	NP_733267.1
chr3R	29116468	+	NP_651669.1
chr3R	29125414	+	NP_651670.1
chr3R	29131709	+	NP_733272.1
chr3R	29138742	+	NP_651674.3
chr3R	29148450	+	NP_524546.2
chr3R	29153731	+	NP_001263058.1
chr3R	29158611	+	NP_651678.1
chr3R	29165793	+	NP_651679.2
chr3R	29197634	+	NP_651681.2
chr3R	29200521	+	NP_652046.1
chr3R	29220297	+	NP_001189308.1
chr3R	29223570	+	NP_651685.2
chr3R	29230336	+	NP_001263061.1
chr3R	29256664	+	NP_001287581.1
chr3R	29369357	+	NP_001287583.1
chr3R	29383277	+	NP_651691.4
chr3R	29489545	+	NP_651693.2
chr3R	29493879	+	NP_651695.1
chr3R	29495718	+	NP_651696.1
chr3R	29515845	+	NP_001287584.1
chr3R	29556636	+	NP_477324.1
chr3R	29593351	+	NP_001247356.1
chr3R	29608477	+	NP_001247357.1
chr3R	29619531	+	NP_651703.1
chr3R	29664779	+	NP_001263073.1
chr3R	29669158	+	NP_001263076.1
chr3R	29671716	+	NP_651707.1
chr3R	29675730	+	NP_651709.1
chr3R	29683402	+	NP_477088.2
chr3R	29692807	+	NP_524549.1
chr3R	29714539	+	NP_651712.1
chr3R	29719097	+	NP_651714.1
chr3R	29725255	+	NP_001287588.1
chr3R	29727028	+	NP_001287590.1
chr3R	29737044	+	NP_651718.1
chr3R	29739977	+	NP_001263079.1
chr3R	29745470	+	NP_651721.1
chr3R	29749791	+	NP_001263082.1
chr3R	29766985	+	NP_001027580.1
chr3R	29794636	+	NP_651725.1
chr3R	29799898	+	NP_524551.2
chr3R	29803302	+	NP_651728.1
chr3R	29807335	+	NP_733309.3
chr3R	29822381	+	NP_996306.1
chr3R	29836626	+	NP_651735.3
chr3R	29845604	+	NP_001189311.1
chr3R	29861931	+	NP_001287597.1
chr3R	29869708	+	NP_001036772.2
chr3R	29878372	+	NP_733328.1
chr3R	29905498	+	NP_001263088.1
chr3R	29908294	+	NP_733329.1
chr3R	29922242	+	NP_001287598.1
chr3R	29927995	+	NP_001263091.1
chr3R	29933387	+	NP_651751.1
chr3R	29936174	+	NP_996310.2
chr3R	29985598	+	NP_651754.1
chr3R	29995367	+	NP_651756.1
chr3R	29998347	+	NP_651758.1
chr3R	30005034	+	NP_524557.1
chr3R	30030951	+	NP_001163773.1
chr3R	30039813	+	NP_001303451.1
chr3R	30043479	+	NP_524581.1
chr3R	30047090	+	NP_733341.1
chr3R	30052799	+	NP_651768.1
chr3R	30056136	+	NP_651769.1
chr3R	30058925	+	NP_001138129.1
chr3R	30152181	+	NP_001303487.1
chr3R	30177977	+	NP_733354.1
chr3R	30180356	+	NP_651778.1
chr3R	30209985	+	NP_001287605.1
chr3R	30210948	+	NP_524588.1
chr3R	30212238	+	NP_524589.1
chr3R	30216577	+	NP_524591.1
chr3R	30249593	+	NP_001247364.1
chr3R	30251107	+	NP_651785.4
chr3R	30278944	+	NP_001263103.1
chr3R	30389211	+	NP_524802.2
chr3R	30424012	+	NP_524593.1
chr3R	30428842	+	NP_651791.2
chr3R	30432064	+	NP_651792.1
chr3R	30462841	+	NP_001263109.1
chr3R	30474044	+	NP_733371.1
chr3R	30488988	+	NP_651800.2
chr3R	30505989	+	NP_001036776.1
chr3R	30514824	+	NP_651806.2
chr3R	30533286	+	NP_001263111.1
chr3R	30579661	+	NP_651810.1
chr3R	30597004	+	NP_733391.1
chr3R	30602285	+	NP_733392.2
chr3R	30649167	+	NP_001097983.1
chr3R	30690663	+	NP_651818.1
chr3R	30726310	+	NP_001263122.1
chr3R	30742944	+	NP_001287617.1
chr3R	30766284	+	NP_476850.1
chr3R	30807198	+	NP_651825.4
chr3R	30809271	+	NP_001263129.1
chr3R	30833819	+	NP_001263130.1
chr3R	30852547	+	NP_524596.1
chr3R	30867672	+	NP_651829.1
chr3R	30894171	+	NP_524598.1
chr3R	30916190	+	NP_996314.1
chr3R	30959807	+	NP_651836.2
chr3R	31035389	+	NP_001027213.1
chr3R	31040139	+	NP_001247378.2
chr3R	31049163	+	NP_524601.2
chr3R	31065439	+	NP_651839.1
chr3R	31126237	+	NP_651844.3
chr3R	31137501	+	NP_524603.2
chr3R	31193385	+	NP_524604.2
chr3R	31197012	+	NP_651849.1
chr3R	31213544	+	NP_651850.1
chr3R	31221366	+	NP_651853.1
chr3R	31252919	+	NP_524606.1
chr3R	31255243	+	NP_651858.1
chr3R	31257786	+	NP_001097987.1
chr3R	31262688	+	NP_001097988.2
chr3R	31265730	+	NP_651860.2
chr3R	31340498	+	NP_001368952.1
chr3R	31372562	+	NP_733426.1
chr3R	31387111	+	NP_651865.1
chr3R	31395991	+	NP_477230.1
chr3R	31433837	+	NP_476867.1
chr3R	31463350	+	NP_651869.1
chr3R	31502235	+	NP_651870.3
chr3R	31558132	+	NP_651871.2
chr3R	31572239	+	NP_524608.1
chr3R	31581023	+	NP_476705.1
chr3R	31588753	+	NP_651873.3
chr3R	31593120	+	NP_651875.1
chr3R	31611681	+	NP_733439.2
chr3R	31616402	+	NP_651878.1
chr3R	31618538	+	NP_651879.1
chr3R	31658918	+	NP_651880.1
chr3R	31670779	+	NP_733442.1
chr3R	31727291	+	NP_733447.1
chr3R	31737142	+	NP_651884.1
chr3R	31740347	+	NP_524611.1
chr3R	31743629	+	NP_651885.1
chr3R	31748006	+	NP_651888.1
chr3R	31772554	+	NP_001263152.1
chr3R	31778466	+	NP_733455.1
chr3R	31794368	+	NP_536734.2
chr3R	31800963	+	NP_651898.2
chr3R	31805594	+	NP_651900.1
chr3R	31818032	+	NP_001163785.1
chr3R	31989299	+	NP_001287631.1
chr3R	32038483	+	NP_001287632.1
chr3R	32052735	+	NP_524614.2
chr3R	3586979	-	NP_001104452.1
chr3R	4162207	-	NP_001263173.1
chr3R	4190233	-	NP_524845.2
chr3R	4205765	-	NP_649437.2
chr3R	4219696	-	NP_730784.1
chr3R	4229143	-	NP_649439.1
chr3R	4232242	-	NP_649440.3
chr3R	4243136	-	NP_001246901.1
chr3R	4249921	-	NP_001287155.1
chr3R	4252975	-	NP_001262246.1
chr3R	4277793	-	NP_001097672.1
chr3R	4294647	-	NP_649449.1
chr3R	4310831	-	NP_001303457.1
chr3R	4318627	-	NP_001262249.1
chr3R	4333912	-	NP_649455.1
chr3R	4337606	-	NP_730815.2
chr3R	4346503	-	NP_524221.1
chr3R	4394046	-	NP_001246902.1
chr3R	4397636	-	NP_001262253.1
chr3R	4399893	-	NP_001287156.1
chr3R	4415737	-	NP_788574.3
chr3R	4426979	-	NP_730835.2
chr3R	4433747	-	NP_730838.3
chr3R	4437107	-	NP_649472.1
chr3R	4447758	-	NP_001246906.1
chr3R	4468524	-	NP_730846.1
chr3R	4538429	-	NP_001356914.1
chr3R	4578593	-	NP_788575.1
chr3R	4640222	-	NP_001262257.1
chr3R	4645568	-	NP_524224.2
chr3R	4690608	-	NP_001027147.1
chr3R	4714085	-	NP_649489.1
chr3R	4731562	-	NP_001262260.1
chr3R	4748883	-	NP_001262261.1
chr3R	4770674	-	NP_730869.1
chr3R	4775046	-	NP_001262266.1
chr3R	4780074	-	NP_649494.1
chr3R	4784684	-	NP_649495.1
chr3R	4801723	-	NP_001189172.2
chr3R	4809259	-	NP_477426.1
chr3R	4820919	-	NP_001262268.1
chr3R	4830465	-	NP_649502.1
chr3R	4831263	-	NP_649503.1
chr3R	4878479	-	NP_649504.1
chr3R	4952496	-	NP_524230.2
chr3R	4954405	-	NP_001246918.1
chr3R	4960960	-	NP_001246919.1
chr3R	4984063	-	NP_649510.2
chr3R	4988689	-	NP_649511.2
chr3R	5086025	-	NP_001246922.1
chr3R	5109166	-	NP_001246924.1
chr3R	5137477	-	NP_001287168.1
chr3R	5203328	-	NP_001262271.1
chr3R	5219436	-	NP_649515.3
chr3R	5223131	-	NP_730897.1
chr3R	5232068	-	NP_524997.2
chr3R	5237259	-	NP_649520.1
chr3R	5251531	-	NP_649521.1
chr3R	5256603	-	NP_649523.1
chr3R	5259145	-	NP_649524.1
chr3R	5334754	-	NP_001138006.1
chr3R	5354621	-	NP_649527.1
chr3R	5358075	-	NP_649529.1
chr3R	5361709	-	NP_730923.1
chr3R	5374497	-	NP_001303424.1
chr3R	5385811	-	NP_730928.2
chr3R	5387593	-	NP_649533.1
chr3R	5399196	-	NP_524234.2
chr3R	5401811	-	NP_730931.1
chr3R	5409923	-	NP_001097687.1
chr3R	5427177	-	NP_649536.1
chr3R	5464432	-	NP_001262283.1
chr3R	5466374	-	NP_649539.1
chr3R	5470578	-	NP_649541.1
chr3R	5474489	-	NP_651978.2
chr3R	5483637	-	NP_001287178.1
chr3R	5502296	-	NP_730939.1
chr3R	5516388	-	NP_730940.1
chr3R	5522658	-	NP_001334688.1
chr3R	5546675	-	NP_996153.1
chr3R	5550620	-	NP_649547.3
chr3R	5554183	-	NP_536756.1
chr3R	5563129	-	NP_001368992.1
chr3R	5564725	-	NP_001262288.1
chr3R	5568521	-	NP_649552.1
chr3R	5587817	-	NP_649554.1
chr3R	5591332	-	NP_477114.1
chr3R	5599353	-	NP_730958.1
chr3R	5606446	-	NP_649557.2
chr3R	5610620	-	NP_730966.1
chr3R	5618727	-	NP_730968.1
chr3R	5622688	-	NP_001097689.1
chr3R	5636805	-	NP_730973.1
chr3R	5648524	-	NP_001262293.1
chr3R	5654722	-	NP_001262295.1
chr3R	5659630	-	NP_649570.1
chr3R	5668827	-	NP_649572.4
chr3R	5682741	-	NP_649574.1
chr3R	5693242	-	NP_001262299.1
chr3R	5716612	-	NP_001262300.1
chr3R	5736256	-	NP_001163512.1
chr3R	5742128	-	NP_649580.1
chr3R	5777011	-	NP_649582.1
chr3R	5788832	-	NP_731006.1
chr3R	5794222	-	NP_649590.1
chr3R	5821332	-	NP_649594.1
chr3R	5824441	-	NP_649595.1
chr3R	5855908	-	NP_524734.2
chr3R	5862277	-	NP_731026.1
chr3R	5939523	-	NP_001036681.1
chr3R	5960945	-	NP_652319.1
chr3R	5973382	-	NP_524241.1
chr3R	5976803	-	NP_524242.2
chr3R	6008470	-	NP_731033.1
chr3R	6011932	-	NP_649607.1
chr3R	6027202	-	NP_001287191.1
chr3R	6057490	-	NP_649610.1
chr3R	6078283	-	NP_524244.2
chr3R	6100752	-	NP_001097694.1
chr3R	6111008	-	NP_731042.1
chr3R	6112246	-	NP_731043.1
chr3R	6157056	-	NP_731045.1
chr3R	6221662	-	NP_649623.2
chr3R	6268688	-	NP_649630.1
chr3R	6285160	-	NP_649632.2
chr3R	6345772	-	NP_649645.1
chr3R	6368085	-	NP_001189184.1
chr3R	6373845	-	NP_001303419.1
chr3R	6380164	-	NP_649652.4
chr3R	6393873	-	NP_001138016.1
chr3R	6456021	-	NP_001262317.1
chr3R	6566255	-	NP_001262320.1
chr3R	6597936	-	NP_649667.1
chr3R	6608838	-	NP_001262321.1
chr3R	6627753	-	NP_649671.2
chr3R	6629190	-	NP_001262323.1
chr3R	6644386	-	NP_001262324.1
chr3R	6657336	-	NP_001287202.1
chr3R	6660022	-	NP_001303422.1
chr3R	6678346	-	NP_001246953.1
chr3R	6690186	-	NP_649678.1
chr3R	6691703	-	NP_649679.1
chr3R	6696182	-	NP_649681.1
chr3R	6702819	-	NP_649682.1
chr3R	6740099	-	NP_996161.1
chr3R	6744074	-	NP_001138017.1
chr3R	6747963	-	NP_001097696.1
chr3R	6754148	-	NP_476793.1
chr3R	6759271	-	NP_788588.1
chr3R	6842180	-	NP_001368995.1
chr3R	6909910	-	NP_996173.1
chr3R	6958116	-	NP_001368997.1
chr3R	7067038	-	NP_649688.1
chr3R	7074325	-	NP_001246957.1
chr3R	7080209	-	NP_651968.1
chr3R	7085980	-	NP_731129.1
chr3R	7123938	-	NP_001097697.2
chr3R	7127822	-	NP_649695.1
chr3R	7144256	-	NP_649698.2
chr3R	7150630	-	NP_001014609.2
chr3R	7155064	-	NP_649702.2
chr3R	7186571	-	NP_649703.1
chr3R	7208310	-	NP_649705.2
chr3R	7217018	-	NP_649706.1
chr3R	7219467	-	NP_649707.3
chr3R	7246883	-	NP_649710.1
chr3R	7249420	-	NP_649712.1
chr3R	7251957	-	NP_476990.1
chr3R	7257484	-	NP_001350861.1
chr3R	7308327	-	NP_001262343.1
chr3R	7317169	-	NP_649716.1
chr3R	7349517	-	NP_001246961.1
chr3R	7362031	-	NP_731158.1
chr3R	7363616	-	NP_524253.1
chr3R	7364529	-	NP_001097701.1
chr3R	7365505	-	NP_524255.2
chr3R	7369305	-	NP_649719.2
chr3R	7473737	-	NP_788592.1
chr3R	7493823	-	NP_001246963.1
chr3R	7504557	-	NP_731165.2
chr3R	7515208	-	NP_524259.2
chr3R	7523643	-	NP_524260.1
chr3R	7529794	-	NP_524262.1
chr3R	7541199	-	NP_001246965.1
chr3R	7548938	-	NP_524269.3
chr3R	7603747	-	NP_731170.2
chr3R	7739539	-	NP_001246967.1
chr3R	7749986	-	NP_649732.1
chr3R	7771700	-	NP_649735.1
chr3R	7783401	-	NP_652650.2
chr3R	7787843	-	NP_652648.1
chr3R	7790107	-	NP_652649.1
chr3R	7798747	-	NP_652647.2
chr3R	7802029	-	NP_001138022.2
chr3R	7804276	-	NP_649739.1
chr3R	7809153	-	NP_001262347.1
chr3R	7885910	-	NP_001097705.1
chr3R	7902632	-	NP_524270.2
chr3R	7907222	-	NP_001287216.1
chr3R	7911609	-	NP_524271.2
chr3R	7913013	-	NP_649749.2
chr3R	7920012	-	NP_001246974.1
chr3R	7960805	-	NP_001262353.1
chr3R	7978065	-	NP_001262355.1
chr3R	7980293	-	NP_001163544.1
chr3R	7995422	-	NP_649754.1
chr3R	8001285	-	NP_001163546.2
chr3R	8009051	-	NP_649757.1
chr3R	8013069	-	NP_649759.1
chr3R	8026841	-	NP_001163548.1
chr3R	8029481	-	NP_524908.1
chr3R	8032907	-	NP_001303469.1
chr3R	8126315	-	NP_001287224.1
chr3R	8179676	-	NP_001262366.1
chr3R	8204822	-	NP_001027150.1
chr3R	8240423	-	NP_001027151.1
chr3R	8243535	-	NP_731216.2
chr3R	8264370	-	NP_524274.1
chr3R	8269842	-	NP_649777.1
chr3R	8290548	-	NP_001262368.1
chr3R	8299898	-	NP_001246984.1
chr3R	8303925	-	NP_649782.1
chr3R	8305122	-	NP_649783.2
chr3R	8310005	-	NP_649784.1
chr3R	8312068	-	NP_649786.1
chr3R	8316390	-	NP_649789.1
chr3R	8333124	-	NP_001036687.1
chr3R	8340930	-	NP_001246986.1
chr3R	8343442	-	NP_649792.3
chr3R	8362474	-	NP_649797.2
chr3R	8443531	-	NP_001246988.1
chr3R	8513022	-	NP_524279.2
chr3R	8528863	-	NP_001097709.1
chr3R	8562508	-	NP_001287235.1
chr3R	8635878	-	NP_001262374.1
chr3R	8645370	-	NP_001287239.1
chr3R	8650511	-	NP_001262375.1
chr3R	8652784	-	NP_599138.3
chr3R	8654109	-	NP_001189193.1
chr3R	8660007	-	NP_001262379.1
chr3R	8663726	-	NP_001303455.1
chr3R	8676518	-	NP_649813.1
chr3R	8680011	-	NP_996182.2
chr3R	8685024	-	NP_001262382.1
chr3R	8694154	-	NP_731267.1
chr3R	8715797	-	NP_001262383.1
chr3R	8731582	-	NP_649824.1
chr3R	8738911	-	NP_996184.1
chr3R	8750915	-	NP_001262385.1
chr3R	8755669	-	NP_001246994.1
chr3R	8772672	-	NP_649831.1
chr3R	8797901	-	NP_001303499.1
chr3R	8805498	-	NP_001262388.1
chr3R	8809782	-	NP_001163557.2
chr3R	8818720	-	NP_001262390.1
chr3R	8824071	-	NP_649840.1
chr3R	8931256	-	NP_731291.2
chr3R	8944985	-	NP_649847.1
chr3R	8953850	-	NP_649848.2
chr3R	8984224	-	NP_649850.1
chr3R	8992865	-	NP_649852.2
chr3R	9003590	-	NP_731299.1
chr3R	9006071	-	NP_649858.1
chr3R	9013331	-	NP_731305.2
chr3R	9015264	-	NP_652189.1
chr3R	9019682	-	NP_731308.1
chr3R	9039179	-	NP_731311.1
chr3R	9050377	-	NP_476930.1
chr3R	9064989	-	NP_649865.1
chr3R	9233861	-	NP_001262404.1
chr3R	9239904	-	NP_731320.1
chr3R	9245753	-	NP_649868.1
chr3R	9258440	-	NP_649873.1
chr3R	9263742	-	NP_731326.2
chr3R	9266791	-	NP_524826.1
chr3R	9327020	-	NP_001163567.1
chr3R	9330325	-	NP_649880.1
chr3R	9334597	-	NP_649881.1
chr3R	9392936	-	NP_001368998.1
chr3R	9401006	-	NP_001036690.1
chr3R	9404039	-	NP_649889.1
chr3R	9408145	-	NP_001287251.1
chr3R	9410052	-	NP_524290.2
chr3R	9412017	-	NP_649891.1
chr3R	9456445	-	NP_649894.1
chr3R	9460294	-	NP_649895.1
chr3R	9478562	-	NP_001262416.1
chr3R	9498265	-	NP_524292.1
chr3R	9510010	-	NP_649899.1
chr3R	9512291	-	NP_476699.1
chr3R	9515866	-	NP_788610.1
chr3R	9532984	-	NP_649901.1
chr3R	9547186	-	NP_649902.2
chr3R	9555389	-	NP_649904.2
chr3R	9559249	-	NP_649906.1
chr3R	9563522	-	NP_649908.1
chr3R	9571379	-	NP_649911.1
chr3R	9573519	-	NP_001262425.1
chr3R	9577267	-	NP_788614.1
chr3R	9583222	-	NP_001027165.1
chr3R	9590929	-	NP_001014611.1
chr3R	9626915	-	NP_649919.1
chr3R	9630765	-	NP_001262430.1
chr3R	9637155	-	NP_731385.1
chr3R	9646127	-	NP_524294.2
chr3R	9674643	-	NP_649923.4
chr3R	9683983	-	NP_001262431.1
chr3R	9685379	-	NP_788616.1
chr3R	9692699	-	NP_731391.1
chr3R	9704948	-	NP_001287259.1
chr3R	9709515	-	NP_649931.1
chr3R	9725525	-	NP_524296.2
chr3R	9729433	-	NP_001247011.1
chr3R	9733148	-	NP_524297.1
chr3R	9739320	-	NP_001262432.1
chr3R	9745795	-	NP_001097728.2
chr3R	9747269	-	NP_001287263.1
chr3R	9756163	-	NP_649937.1
chr3R	9762849	-	NP_524298.1
chr3R	9767358	-	NP_731403.2
chr3R	9771368	-	NP_649943.2
chr3R	9773974	-	NP_001262435.1
chr3R	9784245	-	NP_001262438.1
chr3R	9791090	-	NP_001303482.1
chr3R	9800730	-	NP_001369000.1
chr3R	9808682	-	NP_001262441.1
chr3R	9816957	-	NP_649957.1
chr3R	9818366	-	NP_649958.2
chr3R	9819867	-	NP_731419.1
chr3R	9821102	-	NP_001189206.1
chr3R	9823611	-	NP_001097733.2
chr3R	9865738	-	NP_001262442.1
chr3R	9985679	-	NP_001262445.1
chr3R	9996789	-	NP_731426.1
chr3R	10001201	-	NP_001247013.1
chr3R	10021382	-	NP_001247015.1
chr3R	10023427	-	NP_001287265.1
chr3R	10045415	-	NP_649970.1
chr3R	10048536	-	NP_649972.1
chr3R	10052806	-	NP_001287266.1
chr3R	10056079	-	NP_649975.1
chr3R	10075366	-	NP_649978.2
chr3R	10108889	-	NP_731445.1
chr3R	10121374	-	NP_649980.1
chr3R	10125219	-	NP_649981.1
chr3R	10134993	-	NP_476881.1
chr3R	10144071	-	NP_001262450.1
chr3R	10151880	-	NP_001356898.1
chr3R	10161261	-	NP_649983.2
chr3R	10167319	-	NP_001138033.1
chr3R	10188020	-	NP_649984.3
chr3R	10205382	-	NP_731461.1
chr3R	10224656	-	NP_001036701.1
chr3R	10261740	-	NP_649990.2
chr3R	10311494	-	NP_001262459.1
chr3R	10331187	-	NP_001262462.1
chr3R	10372986	-	NP_001262464.1
chr3R	10407017	-	NP_650000.1
chr3R	10412815	-	NP_524303.2
chr3R	10415984	-	NP_650002.1
chr3R	10428303	-	NP_001303504.1
chr3R	10612999	-	NP_476576.1
chr3R	10677160	-	NP_650004.1
chr3R	10680777	-	NP_001097740.1
chr3R	10706734	-	NP_731491.2
chr3R	10711139	-	NP_731494.1
chr3R	10735852	-	NP_650011.1
chr3R	10750279	-	NP_001097741.1
chr3R	10755562	-	NP_650012.2
chr3R	10759189	-	NP_650013.3
chr3R	10760933	-	NP_731500.1
chr3R	10767699	-	NP_524305.2
chr3R	10777251	-	NP_001287275.1
chr3R	10784009	-	NP_001163583.1
chr3R	10788114	-	NP_650017.1
chr3R	10803909	-	NP_650019.6
chr3R	10814977	-	NP_996194.1
chr3R	10854361	-	NP_001097742.1
chr3R	10859803	-	NP_650028.1
chr3R	10862613	-	NP_650029.1
chr3R	10868041	-	NP_996195.1
chr3R	10872275	-	NP_524310.1
chr3R	10879273	-	NP_650032.1
chr3R	10881004	-	NP_650034.1
chr3R	10884834	-	NP_650035.1
chr3R	10888310	-	NP_001287279.1
chr3R	10893182	-	NP_001189210.1
chr3R	11115597	-	NP_650041.1
chr3R	11128313	-	NP_001097744.1
chr3R	11145142	-	NP_001027174.1
chr3R	11153796	-	NP_001287281.1
chr3R	11167963	-	NP_652622.3
chr3R	11170210	-	NP_524313.2
chr3R	11172624	-	NP_524314.2
chr3R	11175395	-	NP_652619.1
chr3R	11209799	-	NP_001262472.1
chr3R	11214128	-	NP_650049.1
chr3R	11216261	-	NP_524315.2
chr3R	11221404	-	NP_650051.1
chr3R	11231708	-	NP_650055.1
chr3R	11234730	-	NP_650058.1
chr3R	11240979	-	NP_650061.1
chr3R	11243875	-	NP_650063.1
chr3R	11350645	-	NP_001163587.1
chr3R	11409768	-	NP_650067.1
chr3R	11418582	-	NP_650069.2
chr3R	11421660	-	NP_001247047.1
chr3R	11431489	-	NP_650073.1
chr3R	11435576	-	NP_650075.1
chr3R	11451671	-	NP_731574.1
chr3R	11460552	-	NP_001247053.1
chr3R	11539979	-	NP_001014616.2
chr3R	11566987	-	NP_001027176.1
chr3R	11578740	-	NP_650087.2
chr3R	11589810	-	NP_731594.1
chr3R	11619747	-	NP_731600.1
chr3R	11623037	-	NP_731602.1
chr3R	11626586	-	NP_001163590.1
chr3R	11646845	-	NP_731607.1
chr3R	11678016	-	NP_731615.1
chr3R	11679213	-	NP_731617.2
chr3R	11684253	-	NP_650103.1
chr3R	11691799	-	NP_650104.2
chr3R	11694226	-	NP_524322.1
chr3R	11741657	-	NP_524319.2
chr3R	11748889	-	NP_001262484.1
chr3R	11763646	-	NP_731624.1
chr3R	11777678	-	NP_001262485.1
chr3R	11786368	-	NP_650115.1
chr3R	11796435	-	NP_731633.2
chr3R	11810540	-	NP_731634.2
chr3R	11818942	-	NP_731639.1
chr3R	11821819	-	NP_731644.2
chr3R	11824907	-	NP_650122.1
chr3R	11882424	-	NP_650124.1
chr3R	11886835	-	NP_650126.2
chr3R	11893201	-	NP_650128.1
chr3R	11902193	-	NP_731649.2
chr3R	11956289	-	NP_731651.1
chr3R	11962712	-	NP_650132.1
chr3R	11967347	-	NP_001262489.1
chr3R	11974613	-	NP_001303462.1
chr3R	11977088	-	NP_650137.3
chr3R	11982021	-	NP_650138.1
chr3R	11992812	-	NP_650140.1
chr3R	11996022	-	NP_001262493.1
chr3R	12010373	-	NP_731664.1
chr3R	12016818	-	NP_001262495.1
chr3R	12031701	-	NP_001163593.1
chr3R	12048972	-	NP_650151.1
chr3R	12062846	-	NP_650152.1
chr3R	12082608	-	NP_001247068.1
chr3R	12123859	-	NP_001247071.1
chr3R	12156169	-	NP_001287299.1
chr3R	12165550	-	NP_731673.1
chr3R	12194952	-	NP_731675.1
chr3R	12210305	-	NP_650160.1
chr3R	12221450	-	NP_001262497.1
chr3R	12226338	-	NP_650165.2
chr3R	12239109	-	NP_652041.2
chr3R	12356143	-	NP_731685.1
chr3R	12365545	-	NP_650180.1
chr3R	12366897	-	NP_650181.1
chr3R	12368571	-	NP_524326.1
chr3R	12382660	-	NP_001287304.1
chr3R	12392902	-	NP_001303463.1
chr3R	12395969	-	NP_001303465.1
chr3R	12401745	-	NP_001350862.1
chr3R	12405908	-	NP_650189.1
chr3R	12413383	-	NP_001287306.1
chr3R	12422343	-	NP_524327.1
chr3R	12425688	-	NP_524937.1
chr3R	12429201	-	NP_650196.1
chr3R	12433731	-	NP_650198.1
chr3R	12439070	-	NP_001369012.1
chr3R	12459888	-	NP_001189211.1
chr3R	12467557	-	NP_650208.1
chr3R	12522309	-	NP_001034043.2
chr3R	12560954	-	NP_001163596.2
chr3R	12627521	-	NP_476908.1
chr3R	12642104	-	NP_650219.2
chr3R	12676256	-	NP_001247079.1
chr3R	12681305	-	NP_524330.2
chr3R	12688088	-	NP_652025.2
chr3R	12691438	-	NP_536750.2
chr3R	12692550	-	NP_731735.1
chr3R	12694747	-	NP_650225.2
chr3R	12712207	-	NP_524333.1
chr3R	12722197	-	NP_001262509.1
chr3R	12743676	-	NP_650229.2
chr3R	12777795	-	NP_001356887.1
chr3R	12813921	-	NP_731744.1
chr3R	12847024	-	NP_001262510.1
chr3R	12859217	-	NP_650234.3
chr3R	12911230	-	NP_650236.1
chr3R	12967600	-	NP_650240.1
chr3R	12972068	-	NP_001262513.1
chr3R	12988498	-	NP_650245.1
chr3R	12995105	-	NP_001262517.1
chr3R	12997522	-	NP_001262519.1
chr3R	13011180	-	NP_650252.1
chr3R	13030051	-	NP_731765.1
chr3R	13041681	-	NP_001097766.1
chr3R	13051406	-	NP_650256.2
chr3R	13132335	-	NP_001262529.1
chr3R	13186468	-	NP_650261.1
chr3R	13214178	-	NP_650264.1
chr3R	13220463	-	NP_731777.1
chr3R	13246132	-	NP_001262530.1
chr3R	13263998	-	NP_731779.1
chr3R	13271841	-	NP_731780.1
chr3R	13286491	-	NP_001034050.1
chr3R	13288706	-	NP_650270.1
chr3R	13293138	-	NP_650272.1
chr3R	13313167	-	NP_001262532.1
chr3R	13319243	-	NP_001287312.1
chr3R	13332251	-	NP_731788.1
chr3R	13362848	-	NP_001189215.1
chr3R	13371746	-	NP_477331.1
chr3R	13379090	-	NP_731796.1
chr3R	13381709	-	NP_001262535.1
chr3R	13388601	-	NP_650284.2
chr3R	13391940	-	NP_650285.1
chr3R	13397108	-	NP_731809.1
chr3R	13401750	-	NP_650287.3
chr3R	13404806	-	NP_001034051.1
chr3R	13406933	-	NP_650289.2
chr3R	13411602	-	NP_524344.1
chr3R	13434272	-	NP_001138044.1
chr3R	13523535	-	NP_650293.1
chr3R	13529274	-	NP_001189218.3
chr3R	13545215	-	NP_731817.1
chr3R	13592614	-	NP_650295.1
chr3R	13609198	-	NP_731821.1
chr3R	13612377	-	NP_001262537.1
chr3R	13645919	-	NP_996203.1
chr3R	13656304	-	NP_476935.1
chr3R	13660387	-	NP_001262538.1
chr3R	13672101	-	NP_001262539.1
chr3R	13676529	-	NP_650301.1
chr3R	13683133	-	NP_001262542.1
chr3R	13700099	-	NP_001097774.1
chr3R	13705327	-	NP_524345.2
chr3R	13711690	-	NP_731853.2
chr3R	13718039	-	NP_650309.1
chr3R	13827470	-	NP_001287317.1
chr3R	13837912	-	NP_001287319.1
chr3R	13839799	-	NP_731866.1
chr3R	13855449	-	NP_650320.1
chr3R	13874179	-	NP_524825.1
chr3R	13943402	-	NP_650321.1
chr3R	13945782	-	NP_650322.1
chr3R	13951078	-	NP_001303460.1
chr3R	13963874	-	NP_650324.1
chr3R	14023659	-	NP_731877.1
chr3R	14035929	-	NP_001262556.1
chr3R	14096659	-	NP_001097784.1
chr3R	14097905	-	NP_650333.1
chr3R	14102717	-	NP_001247089.1
chr3R	14107815	-	NP_001303481.1
chr3R	14115227	-	NP_650336.2
chr3R	14122101	-	NP_001247090.1
chr3R	14125476	-	NP_001262561.1
chr3R	14131872	-	NP_650339.1
chr3R	14151799	-	NP_650340.1
chr3R	14153759	-	NP_001262562.1
chr3R	14160182	-	NP_001334693.1
chr3R	14214322	-	NP_001262563.1
chr3R	14217742	-	NP_650343.1
chr3R	14221579	-	NP_650344.2
chr3R	14224079	-	NP_996209.2
chr3R	14226716	-	NP_650345.1
chr3R	14229069	-	NP_650346.1
chr3R	14245457	-	NP_001287324.1
chr3R	14262416	-	NP_001303507.1
chr3R	14277391	-	NP_599108.1
chr3R	14307955	-	NP_524349.1
chr3R	14326281	-	NP_001247102.1
chr3R	14345170	-	NP_001247103.1
chr3R	14361137	-	NP_731905.1
chr3R	14381529	-	NP_650358.1
chr3R	14433180	-	NP_731907.1
chr3R	14511406	-	NP_001262565.1
chr3R	14513547	-	NP_650367.1
chr3R	14529791	-	NP_001262566.1
chr3R	14560047	-	NP_001097791.1
chr3R	14564782	-	NP_731917.1
chr3R	14567398	-	NP_731919.1
chr3R	14569608	-	NP_650374.1
chr3R	14574873	-	NP_650375.1
chr3R	14576611	-	NP_001262570.1
chr3R	14625245	-	NP_001262575.1
chr3R	14629946	-	NP_650378.1
chr3R	14649267	-	NP_001287328.1
chr3R	14663149	-	NP_650382.3
chr3R	14696605	-	NP_001027575.1
chr3R	14723573	-	NP_001287329.1
chr3R	14730615	-	NP_001262577.1
chr3R	14740403	-	NP_001262579.1
chr3R	14751129	-	NP_731942.1
chr3R	14754316	-	NP_650388.2
chr3R	14859838	-	NP_001138055.1
chr3R	14885942	-	NP_001287330.1
chr3R	14890057	-	NP_476848.1
chr3R	14893869	-	NP_650402.1
chr3R	14898287	-	NP_650404.1
chr3R	14901477	-	NP_650406.2
chr3R	14903872	-	NP_001247111.1
chr3R	15071824	-	NP_001287332.1
chr3R	15079285	-	NP_650414.1
chr3R	15094926	-	NP_001287333.1
chr3R	15112176	-	NP_001189222.1
chr3R	15136925	-	NP_650419.1
chr3R	15145377	-	NP_731968.1
chr3R	15179129	-	NP_001262585.1
chr3R	15196026	-	NP_650425.1
chr3R	15204536	-	NP_788678.1
chr3R	15208104	-	NP_650427.1
chr3R	15213585	-	NP_650429.1
chr3R	15218777	-	NP_650431.1
chr3R	15225146	-	NP_731983.1
chr3R	15229265	-	NP_731984.1
chr3R	15242143	-	NP_001036712.1
chr3R	15249137	-	NP_001097800.1
chr3R	15263347	-	NP_731994.1
chr3R	15268372	-	NP_001036714.1
chr3R	15274516	-	NP_524359.2
chr3R	15278621	-	NP_650442.1
chr3R	15290643	-	NP_001287336.1
chr3R	15319913	-	NP_650445.3
chr3R	15328045	-	NP_732014.2
chr3R	15333028	-	NP_524364.2
chr3R	15342314	-	NP_650448.1
chr3R	15345959	-	NP_477222.1
chr3R	15350920	-	NP_650450.1
chr3R	15356628	-	NP_650452.1
chr3R	15361577	-	NP_524366.1
chr3R	15363768	-	NP_001097801.1
chr3R	15367434	-	NP_650456.2
chr3R	15369778	-	NP_650458.1
chr3R	15371813	-	NP_001262600.1
chr3R	15382869	-	NP_650462.1
chr3R	15406931	-	NP_732032.1
chr3R	15434184	-	NP_001097805.1
chr3R	15475288	-	NP_732036.2
chr3R	15485336	-	NP_650471.2
chr3R	15509899	-	NP_732043.1
chr3R	15531473	-	NP_001262608.1
chr3R	15537075	-	NP_650475.1
chr3R	15547394	-	NP_732047.2
chr3R	15552772	-	NP_650478.1
chr3R	15716493	-	NP_732055.1
chr3R	15767383	-	NP_650485.1
chr3R	15775321	-	NP_001369016.1
chr3R	15792442	-	NP_650490.1
chr3R	15834365	-	NP_732072.1
chr3R	15837029	-	NP_524719.1
chr3R	15839412	-	NP_650499.1
chr3R	15853308	-	NP_732076.1
chr3R	15856937	-	NP_650503.1
chr3R	15870052	-	NP_001287342.1
chr3R	15890115	-	NP_650507.1
chr3R	15897933	-	NP_001287343.1
chr3R	15917804	-	NP_732086.1
chr3R	15933686	-	NP_650513.1
chr3R	15950907	-	NP_001356895.1
chr3R	15963539	-	NP_001163626.1
chr3R	15965184	-	NP_001189229.1
chr3R	15972812	-	NP_001189230.1
chr3R	16045909	-	NP_001262622.1
chr3R	16049320	-	NP_524751.3
chr3R	16067512	-	NP_650521.1
chr3R	16097588	-	NP_001262623.1
chr3R	16146574	-	NP_001303436.1
chr3R	16151220	-	NP_001287360.1
chr3R	16186777	-	NP_001303441.1
chr3R	16202833	-	NP_650528.1
chr3R	16205236	-	NP_536744.2
chr3R	16263952	-	NP_001247135.1
chr3R	16272334	-	NP_650530.2
chr3R	16315131	-	NP_001262627.1
chr3R	16341891	-	NP_001247139.1
chr3R	16348884	-	NP_001262629.1
chr3R	16352331	-	NP_001287364.1
chr3R	16365603	-	NP_001287365.1
chr3R	16370331	-	NP_001138059.2
chr3R	16401895	-	NP_001163629.2
chr3R	16436480	-	NP_524380.1
chr3R	16441418	-	NP_001262635.1
chr3R	16442917	-	NP_001262636.1
chr3R	16452910	-	NP_001262638.1
chr3R	16469407	-	NP_001138060.1
chr3R	16482361	-	NP_650552.3
chr3R	16483954	-	NP_650553.1
chr3R	16495360	-	NP_650554.3
chr3R	16501003	-	NP_650555.2
chr3R	16573718	-	NP_650561.1
chr3R	16579047	-	NP_524381.1
chr3R	16604324	-	NP_650563.2
chr3R	16614348	-	NP_650564.2
chr3R	16624620	-	NP_650569.1
chr3R	16646927	-	NP_650571.2
chr3R	16655506	-	NP_650573.1
chr3R	16733463	-	NP_996219.1
chr3R	16751273	-	NP_732175.1
chr3R	16828003	-	NP_001247145.1
chr3R	16831573	-	NP_001401044.1
chr3R	16933031	-	NP_001262648.1
chr3R	16977619	-	NP_524801.1
chr3R	16981689	-	NP_996222.1
chr3R	16984583	-	NP_650579.1
chr3R	16991767	-	NP_001262651.1
chr3R	16995959	-	NP_650581.1
chr3R	17002259	-	NP_650583.1
chr3R	17020994	-	NP_650586.2
chr3R	17036018	-	NP_001262655.1
chr3R	17040100	-	NP_001287368.1
chr3R	17043062	-	NP_650591.1
chr3R	17072603	-	NP_732199.2
chr3R	17077905	-	NP_788685.1
chr3R	17125238	-	NP_001262656.1
chr3R	17126930	-	NP_650598.1
chr3R	17130383	-	NP_001287372.1
chr3R	17132156	-	NP_650601.2
chr3R	17142312	-	NP_650606.2
chr3R	17148894	-	NP_001262660.1
chr3R	17170001	-	NP_650611.2
chr3R	17219432	-	NP_732222.2
chr3R	17247538	-	NP_001163635.2
chr3R	17254071	-	NP_001287373.1
chr3R	17345582	-	NP_524384.3
chr3R	17391162	-	NP_650616.2
chr3R	17394259	-	NP_001247152.1
chr3R	17399499	-	NP_001262665.1
chr3R	17403701	-	NP_001097819.1
chr3R	17405105	-	NP_001097822.2
chr3R	17406511	-	NP_001189241.1
chr3R	17422176	-	NP_650625.1
chr3R	17434408	-	NP_001262667.1
chr3R	17440704	-	NP_001097824.1
chr3R	17447459	-	NP_001262668.1
chr3R	17456776	-	NP_650628.1
chr3R	17498305	-	NP_996226.2
chr3R	17533923	-	NP_001262669.1
chr3R	17539863	-	NP_001303435.1
chr3R	17546388	-	NP_524387.1
chr3R	17611477	-	NP_001163638.1
chr3R	17618775	-	NP_732250.1
chr3R	17622100	-	NP_732252.1
chr3R	17670797	-	NP_650643.2
chr3R	17678120	-	NP_001262679.1
chr3R	17684845	-	NP_732260.2
chr3R	17686965	-	NP_732262.1
chr3R	17716766	-	NP_001262680.1
chr3R	17724910	-	NP_001303480.1
chr3R	17757561	-	NP_001287382.1
chr3R	17784653	-	NP_001262684.1
chr3R	17798109	-	NP_650656.1
chr3R	17801161	-	NP_001303488.1
chr3R	17805168	-	NP_650658.1
chr3R	17807069	-	NP_650660.2
chr3R	17811039	-	NP_650661.1
chr3R	17908740	-	NP_001247167.2
chr3R	18047920	-	NP_524394.2
chr3R	18164302	-	NP_001287385.1
chr3R	18167178	-	NP_650679.3
chr3R	18185588	-	NP_001262696.1
chr3R	18188605	-	NP_650685.1
chr3R	18191803	-	NP_650687.1
chr3R	18196513	-	NP_001262698.1
chr3R	18220223	-	NP_650692.2
chr3R	18223430	-	NP_650693.1
chr3R	18225677	-	NP_650695.1
chr3R	18242058	-	NP_650697.1
chr3R	18255380	-	NP_001303479.1
chr3R	18274353	-	NP_650702.1
chr3R	18279285	-	NP_650703.1
chr3R	18283454	-	NP_650704.1
chr3R	18288567	-	NP_650706.1
chr3R	18291498	-	NP_652051.1
chr3R	18302849	-	NP_650708.1
chr3R	18309107	-	NP_001262705.1
chr3R	18328818	-	NP_001287387.1
chr3R	18355527	-	NP_650713.2
chr3R	18366095	-	NP_001287389.1
chr3R	18371778	-	NP_001262708.1
chr3R	18380353	-	NP_996233.1
chr3R	18385001	-	NP_650718.2
chr3R	18389718	-	NP_650720.1
chr3R	18393388	-	NP_650722.1
chr3R	18402467	-	NP_650723.1
chr3R	18411370	-	NP_001356888.1
chr3R	18515332	-	NP_524397.2
chr3R	18565132	-	NP_001287392.1
chr3R	18620407	-	NP_650731.3
chr3R	18640724	-	NP_650734.2
chr3R	18656983	-	NP_001287396.1
chr3R	18663455	-	NP_650738.1
chr3R	18677493	-	NP_650741.1
chr3R	18692719	-	NP_001287398.1
chr3R	18693666	-	NP_001014639.1
chr3R	18722522	-	NP_001097831.1
chr3R	18726352	-	NP_650747.1
chr3R	18728414	-	NP_650748.2
chr3R	18743236	-	NP_650750.4
chr3R	18745793	-	NP_650751.3
chr3R	18758770	-	NP_001247184.1
chr3R	18769082	-	NP_001287399.1
chr3R	18848391	-	NP_001262715.1
chr3R	18851650	-	NP_732379.1
chr3R	18902907	-	NP_650757.3
chr3R	18905606	-	NP_650759.1
chr3R	18912834	-	NP_650760.1
chr3R	18928256	-	NP_001262720.1
chr3R	18980845	-	NP_650765.1
chr3R	18983540	-	NP_650767.1
chr3R	19023944	-	NP_001287400.1
chr3R	19028751	-	NP_650775.2
chr3R	19031193	-	NP_650776.1
chr3R	19087782	-	NP_524401.2
chr3R	19094818	-	NP_650780.1
chr3R	19147260	-	NP_650784.3
chr3R	19153462	-	NP_650785.1
chr3R	19159705	-	NP_732403.1
chr3R	19162238	-	NP_650787.1
chr3R	19180420	-	NP_650789.1
chr3R	19226031	-	NP_001262726.1
chr3R	19229227	-	NP_650792.1
chr3R	19245791	-	NP_001287403.1
chr3R	19248027	-	NP_650796.1
chr3R	19297528	-	NP_001262728.1
chr3R	19325538	-	NP_477264.1
chr3R	19402995	-	NP_732413.1
chr3R	19425057	-	NP_650807.1
chr3R	19462964	-	NP_650809.1
chr3R	19490972	-	NP_650810.1
chr3R	19598834	-	NP_650813.2
chr3R	19619183	-	NP_732436.1
chr3R	19642415	-	NP_732439.1
chr3R	19644287	-	NP_001287407.1
chr3R	19648292	-	NP_650822.1
chr3R	19657656	-	NP_650824.1
chr3R	19715833	-	NP_001262739.1
chr3R	19773175	-	NP_650828.1
chr3R	19777230	-	NP_650829.1
chr3R	19828488	-	NP_732452.1
chr3R	19861014	-	NP_001097839.1
chr3R	19864170	-	NP_732457.1
chr3R	19874421	-	NP_001262747.1
chr3R	19877417	-	NP_650839.1
chr3R	19888030	-	NP_524407.1
chr3R	19902898	-	NP_001287413.1
chr3R	19904788	-	NP_524408.1
chr3R	19915294	-	NP_001262749.1
chr3R	19917778	-	NP_650847.1
chr3R	19923938	-	NP_650849.1
chr3R	19928595	-	NP_650850.1
chr3R	20006420	-	NP_001262750.1
chr3R	20013450	-	NP_001247200.1
chr3R	20020882	-	NP_650857.3
chr3R	20027960	-	NP_650859.3
chr3R	20031210	-	NP_650861.1
chr3R	20035918	-	NP_650863.3
chr3R	20049709	-	NP_001163659.1
chr3R	20059695	-	NP_650864.1
chr3R	20082426	-	NP_524411.1
chr3R	20107883	-	NP_732487.1
chr3R	20209721	-	NP_650868.1
chr3R	20304955	-	NP_001287421.2
chr3R	20307507	-	NP_650876.1
chr3R	20327536	-	NP_650879.1
chr3R	20465049	-	NP_001262756.1
chr3R	20501943	-	NP_732513.1
chr3R	20503530	-	NP_001287426.1
chr3R	20510070	-	NP_650889.1
chr3R	20534634	-	NP_001287427.1
chr3R	20541804	-	NP_001262757.1
chr3R	20554898	-	NP_001287429.1
chr3R	20560047	-	NP_001262763.1
chr3R	20563969	-	NP_650894.1
chr3R	20576873	-	NP_732527.1
chr3R	20579456	-	NP_524416.1
chr3R	20581500	-	NP_001034062.1
chr3R	20585472	-	NP_650897.3
chr3R	20588271	-	NP_001262764.1
chr3R	20592596	-	NP_650899.1
chr3R	20616844	-	NP_001262769.1
chr3R	20633522	-	NP_732536.1
chr3R	20652288	-	NP_001036733.1
chr3R	20659518	-	NP_650904.3
chr3R	20677282	-	NP_650906.1
chr3R	20700845	-	NP_001262774.1
chr3R	20738722	-	NP_650907.2
chr3R	20743765	-	NP_732546.1
chr3R	20745323	-	NP_650909.1
chr3R	20749018	-	NP_650910.1
chr3R	20762147	-	NP_732553.2
chr3R	20772568	-	NP_732554.1
chr3R	20816093	-	NP_996246.1
chr3R	20818710	-	NP_650915.1
chr3R	20821711	-	NP_001036734.1
chr3R	20824095	-	NP_650917.1
chr3R	20830446	-	NP_650918.1
chr3R	20859945	-	NP_650924.3
chr3R	20866012	-	NP_650925.1
chr3R	20897136	-	NP_001303467.1
chr3R	20905488	-	NP_536781.2
chr3R	20945170	-	NP_732570.1
chr3R	20987629	-	NP_001247216.1
chr3R	21006974	-	NP_650931.1
chr3R	21022698	-	NP_652230.1
chr3R	21042419	-	NP_524424.2
chr3R	21046983	-	NP_732580.3
chr3R	21048726	-	NP_001287436.1
chr3R	21050948	-	NP_650937.3
chr3R	21058467	-	NP_001262795.1
chr3R	21064064	-	NP_001247224.1
chr3R	21073218	-	NP_524427.1
chr3R	21080683	-	NP_650938.2
chr3R	21097270	-	NP_650939.2
chr3R	21101572	-	NP_650940.2
chr3R	21107893	-	NP_650942.1
chr3R	21118784	-	NP_650943.1
chr3R	21126994	-	NP_001262802.1
chr3R	21129717	-	NP_650945.1
chr3R	21133825	-	NP_650947.1
chr3R	21161054	-	NP_650951.1
chr3R	21168128	-	NP_001262803.1
chr3R	21218708	-	NP_650955.1
chr3R	21223533	-	NP_001303427.1
chr3R	21233017	-	NP_524431.2
chr3R	21268793	-	NP_732610.1
chr3R	21269953	-	NP_650961.2
chr3R	21273530	-	NP_650963.2
chr3R	21276211	-	NP_732612.1
chr3R	21292068	-	NP_001163674.1
chr3R	21348494	-	NP_001287443.1
chr3R	21377032	-	NP_732623.2
chr3R	21399725	-	NP_001097859.4
chr3R	21433967	-	NP_001262805.1
chr3R	21446093	-	NP_524435.2
chr3R	21556858	-	NP_001262808.1
chr3R	21569028	-	NP_650974.1
chr3R	21580481	-	NP_001138093.1
chr3R	21626497	-	NP_001287455.1
chr3R	21662864	-	NP_650975.1
chr3R	21671645	-	NP_536736.2
chr3R	21719340	-	NP_732650.1
chr3R	21737356	-	NP_001163677.1
chr3R	21739099	-	NP_001163678.1
chr3R	21775333	-	NP_732658.1
chr3R	21777766	-	NP_524439.1
chr3R	21779761	-	NP_732660.1
chr3R	21820705	-	NP_001262811.1
chr3R	21846659	-	NP_732664.2
chr3R	21855919	-	NP_524443.2
chr3R	21867843	-	NP_732669.1
chr3R	21869514	-	NP_001262814.1
chr3R	21878588	-	NP_001303539.1
chr3R	21887142	-	NP_650993.1
chr3R	22019033	-	NP_651000.1
chr3R	22022931	-	NP_524444.3
chr3R	22025404	-	NP_651002.3
chr3R	22027037	-	NP_651003.1
chr3R	22031723	-	NP_651004.1
chr3R	22034186	-	NP_651005.1
chr3R	22086323	-	NP_651008.1
chr3R	22119454	-	NP_732700.2
chr3R	22318954	-	NP_001303543.1
chr3R	22334000	-	NP_651021.1
chr3R	22337619	-	NP_001287462.1
chr3R	22342214	-	NP_651023.1
chr3R	22362295	-	NP_001262832.1
chr3R	22367154	-	NP_732721.1
chr3R	22388395	-	NP_001262833.1
chr3R	22393518	-	NP_651035.1
chr3R	22410663	-	NP_651038.3
chr3R	22420956	-	NP_651040.3
chr3R	22424690	-	NP_001287466.1
chr3R	22435667	-	NP_001262836.1
chr3R	22447216	-	NP_651044.1
chr3R	22461922	-	NP_651048.1
chr3R	22467982	-	NP_651052.1
chr3R	22491331	-	NP_651054.1
chr3R	22526872	-	NP_651058.1
chr3R	22531883	-	NP_788714.1
chr3R	22533767	-	NP_651060.1
chr3R	22547077	-	NP_732759.2
chr3R	22560309	-	NP_651063.1
chr3R	22584644	-	NP_524452.4
chr3R	22586625	-	NP_732768.1
chr3R	22613500	-	NP_651070.3
chr3R	22638939	-	NP_001247241.1
chr3R	22686350	-	NP_001262845.1
chr3R	22690296	-	NP_001189267.1
chr3R	22701479	-	NP_651083.2
chr3R	22707190	-	NP_651085.2
chr3R	22710723	-	NP_651086.1
chr3R	22720523	-	NP_732791.2
chr3R	22724524	-	NP_477371.1
chr3R	22726269	-	NP_651088.1
chr3R	22741030	-	NP_651090.2
chr3R	22745524	-	NP_651092.1
chr3R	22750524	-	NP_651094.2
chr3R	22761071	-	NP_651096.1
chr3R	22766102	-	NP_651097.1
chr3R	22767665	-	NP_652241.1
chr3R	22771770	-	NP_001247246.1
chr3R	22816037	-	NP_651102.3
chr3R	22845312	-	NP_001287476.1
chr3R	22998180	-	NP_732807.1
chr3R	23008316	-	NP_651109.3
chr3R	23026451	-	NP_001262856.1
chr3R	23035507	-	NP_651111.1
chr3R	23048020	-	NP_651114.1
chr3R	23054008	-	NP_001247252.2
chr3R	23056253	-	NP_788720.2
chr3R	23061183	-	NP_001189269.1
chr3R	23066741	-	NP_651119.2
chr3R	23112344	-	NP_001097883.2
chr3R	23117538	-	NP_651126.3
chr3R	23127780	-	NP_732827.1
chr3R	23141521	-	NP_001034065.1
chr3R	23159239	-	NP_001262860.1
chr3R	23161318	-	NP_651129.1
chr3R	23223075	-	NP_001262864.1
chr3R	23245408	-	NP_651133.2
chr3R	23251224	-	NP_001163698.1
chr3R	23257999	-	NP_651136.1
chr3R	23279076	-	NP_732850.1
chr3R	23290098	-	NP_651139.1
chr3R	23340514	-	NP_001262872.1
chr3R	23355785	-	NP_001262873.1
chr3R	23363574	-	NP_001287482.1
chr3R	23382533	-	NP_001287484.1
chr3R	23388871	-	NP_732865.2
chr3R	23403683	-	NP_651145.2
chr3R	23412607	-	NP_651146.2
chr3R	23425883	-	NP_001262875.1
chr3R	23507395	-	NP_001138100.1
chr3R	23518705	-	NP_001163700.1
chr3R	23521443	-	NP_651150.1
chr3R	23528873	-	NP_732875.1
chr3R	23538721	-	NP_651152.1
chr3R	23556007	-	NP_001163701.1
chr3R	23592769	-	NP_651158.1
chr3R	23599034	-	NP_651159.3
chr3R	23605024	-	NP_651161.1
chr3R	23632528	-	NP_001356923.1
chr3R	23694448	-	NP_732888.1
chr3R	23698880	-	NP_651171.1
chr3R	23700201	-	NP_001262879.1
chr3R	23717956	-	NP_001163702.1
chr3R	23721424	-	NP_651175.4
chr3R	23732905	-	NP_732899.1
chr3R	23752719	-	NP_001262881.1
chr3R	23757638	-	NP_001262882.1
chr3R	23763105	-	NP_651181.1
chr3R	23767398	-	NP_651184.1
chr3R	23781164	-	NP_524465.1
chr3R	23808010	-	NP_001014646.1
chr3R	23817011	-	NP_001287489.1
chr3R	23889067	-	NP_001097890.1
chr3R	23890955	-	NP_524467.1
chr3R	23893252	-	NP_001369030.1
chr3R	23920800	-	NP_001262888.1
chr3R	23928978	-	NP_001262890.1
chr3R	23931326	-	NP_001287493.1
chr3R	23933395	-	NP_001262891.1
chr3R	23943011	-	NP_996273.2
chr3R	23946830	-	NP_788727.1
chr3R	23958285	-	NP_732925.1
chr3R	23986485	-	NP_651200.1
chr3R	23992796	-	NP_001262894.1
chr3R	24030768	-	NP_732934.2
chr3R	24037548	-	NP_001262895.1
chr3R	24045665	-	NP_732945.1
chr3R	24050637	-	NP_651209.1
chr3R	24057104	-	NP_524474.1
chr3R	24108507	-	NP_788729.1
chr3R	24112322	-	NP_651214.2
chr3R	24116076	-	NP_001189278.1
chr3R	24130183	-	NP_651217.2
chr3R	24151702	-	NP_732958.1
chr3R	24161030	-	NP_996279.1
chr3R	24163485	-	NP_524476.1
chr3R	24169453	-	NP_651224.1
chr3R	24188591	-	NP_001262901.1
chr3R	24193233	-	NP_651228.1
chr3R	24220847	-	NP_732968.1
chr3R	24226655	-	NP_001262902.1
chr3R	24229957	-	NP_001247279.1
chr3R	24252553	-	NP_651237.1
chr3R	24259241	-	NP_524478.4
chr3R	24289790	-	NP_001097899.2
chr3R	24294370	-	NP_651242.1
chr3R	24318256	-	NP_651243.1
chr3R	24333221	-	NP_651245.1
chr3R	24348474	-	NP_001262914.1
chr3R	24360066	-	NP_651250.2
chr3R	24361551	-	NP_651252.1
chr3R	24364980	-	NP_651254.1
chr3R	24368127	-	NP_001189279.1
chr3R	24372736	-	NP_651257.1
chr3R	24374910	-	NP_651258.1
chr3R	24384884	-	NP_651259.1
chr3R	24390325	-	NP_732997.3
chr3R	24421886	-	NP_001262916.1
chr3R	24514970	-	NP_524483.1
chr3R	24523432	-	NP_651264.2
chr3R	24530301	-	NP_651267.1
chr3R	24541542	-	NP_651269.1
chr3R	24562842	-	NP_001036752.1
chr3R	24585080	-	NP_651272.1
chr3R	24625473	-	NP_524485.1
chr3R	24629866	-	NP_733018.1
chr3R	24635011	-	NP_001247291.1
chr3R	24649686	-	NP_001262923.1
chr3R	24654569	-	NP_733025.1
chr3R	24661725	-	NP_651278.2
chr3R	24719281	-	NP_651281.1
chr3R	24761774	-	NP_524489.2
chr3R	24786672	-	NP_001287513.1
chr3R	24789790	-	NP_651285.1
chr3R	24799505	-	NP_001287514.1
chr3R	24813650	-	NP_651288.1
chr3R	24816952	-	NP_651291.1
chr3R	24825383	-	NP_651293.1
chr3R	24827959	-	NP_733043.1
chr3R	24829854	-	NP_733044.1
chr3R	24841163	-	NP_001027209.1
chr3R	24860320	-	NP_001247296.1
chr3R	24862131	-	NP_651300.1
chr3R	24864706	-	NP_651302.1
chr3R	24870528	-	NP_001262934.1
chr3R	24875990	-	NP_733056.3
chr3R	24885138	-	NP_733058.1
chr3R	24905378	-	NP_001262938.1
chr3R	24917763	-	NP_733060.1
chr3R	24937859	-	NP_477271.1
chr3R	24944474	-	NP_733063.1
chr3R	25024932	-	NP_651320.1
chr3R	25033352	-	NP_651321.1
chr3R	25038863	-	NP_733067.1
chr3R	25045049	-	NP_001356900.1
chr3R	25054499	-	NP_001262946.1
chr3R	25056097	-	NP_733074.1
chr3R	25065514	-	NP_651330.1
chr3R	25069554	-	NP_524494.1
chr3R	25074361	-	NP_001097911.1
chr3R	25112170	-	NP_001034068.2
chr3R	25116149	-	NP_733081.1
chr3R	25121029	-	NP_733082.1
chr3R	25127346	-	NP_651340.1
chr3R	25193654	-	NP_001036757.1
chr3R	25207048	-	NP_651349.1
chr3R	25215138	-	NP_651351.1
chr3R	25230693	-	NP_001163727.1
chr3R	25235397	-	NP_651356.1
chr3R	25244976	-	NP_476800.1
chr3R	25247438	-	NP_651359.1
chr3R	25262400	-	NP_651363.1
chr3R	25265674	-	NP_524841.1
chr3R	25277194	-	NP_651370.2
chr3R	25279808	-	NP_651371.1
chr3R	25292870	-	NP_733091.1
chr3R	25295301	-	NP_733092.2
chr3R	25299500	-	NP_733093.2
chr3R	25307902	-	NP_651380.2
chr3R	25312653	-	NP_733099.1
chr3R	25316104	-	NP_651382.2
chr3R	25318074	-	NP_651383.1
chr3R	25320056	-	NP_651384.2
chr3R	25322678	-	NP_651385.3
chr3R	25331146	-	NP_001097918.1
chr3R	25335147	-	NP_001163728.1
chr3R	25346886	-	NP_651391.1
chr3R	25400618	-	NP_733102.1
chr3R	25476853	-	NP_651396.1
chr3R	25482345	-	NP_001287527.1
chr3R	25489088	-	NP_001262957.1
chr3R	25494411	-	NP_001262958.1
chr3R	25582964	-	NP_651403.1
chr3R	25609031	-	NP_001287531.1
chr3R	25626637	-	NP_651407.3
chr3R	25660787	-	NP_001262963.1
chr3R	25678537	-	NP_001262964.1
chr3R	25680486	-	NP_651415.1
chr3R	25684502	-	NP_001262968.1
chr3R	25686815	-	NP_001262969.1
chr3R	25739610	-	NP_001097929.1
chr3R	25761302	-	NP_001097932.1
chr3R	25778229	-	NP_001287532.1
chr3R	25787222	-	NP_001287533.1
chr3R	25790455	-	NP_733121.1
chr3R	25830211	-	NP_524498.2
chr3R	25830904	-	NP_524499.2
chr3R	25831876	-	NP_524906.1
chr3R	25851191	-	NP_652254.3
chr3R	25881081	-	NP_001262976.1
chr3R	25922497	-	NP_651448.2
chr3R	25941625	-	NP_001368957.1
chr3R	25996892	-	NP_001247308.1
chr3R	26005893	-	NP_524505.2
chr3R	26017362	-	NP_524508.1
chr3R	26024493	-	NP_524510.1
chr3R	26029652	-	NP_524511.1
chr3R	26052229	-	NP_651454.1
chr3R	26056491	-	NP_651456.1
chr3R	26059044	-	NP_651459.2
chr3R	26062229	-	NP_651462.1
chr3R	26098145	-	NP_001097935.1
chr3R	26191200	-	NP_651468.1
chr3R	26258020	-	NP_733141.1
chr3R	26345446	-	NP_651472.2
chr3R	26403656	-	NP_001097937.1
chr3R	26425508	-	NP_652258.2
chr3R	26456063	-	NP_524517.1
chr3R	26532224	-	NP_001247317.1
chr3R	26621324	-	NP_651485.1
chr3R	26623496	-	NP_651486.1
chr3R	26626697	-	NP_733159.1
chr3R	26628707	-	NP_651488.1
chr3R	26681434	-	NP_733162.2
chr3R	26693523	-	NP_651496.1
chr3R	26713723	-	NP_477318.1
chr3R	26717264	-	NP_651497.1
chr3R	26724712	-	NP_001287545.1
chr3R	26736248	-	NP_001287549.1
chr3R	26784187	-	NP_001262991.2
chr3R	26862693	-	NP_733167.2
chr3R	26866524	-	NP_651508.1
chr3R	26870354	-	NP_651509.2
chr3R	26875612	-	NP_524520.1
chr3R	26881105	-	NP_733173.1
chr3R	26912760	-	NP_001263000.1
chr3R	26956575	-	NP_733175.1
chr3R	26966472	-	NP_001287550.1
chr3R	26988443	-	NP_001247324.1
chr3R	26989786	-	NP_733184.2
chr3R	27007030	-	NP_651520.1
chr3R	27019727	-	NP_651522.1
chr3R	27021353	-	NP_651524.1
chr3R	27023187	-	NP_651525.1
chr3R	27026088	-	NP_651526.1
chr3R	27063391	-	NP_733186.2
chr3R	27069209	-	NP_001138116.1
chr3R	27086349	-	NP_001263006.1
chr3R	27090991	-	NP_651530.1
chr3R	27099660	-	NP_651533.3
chr3R	27106123	-	NP_651535.1
chr3R	27111719	-	NP_651536.1
chr3R	27116622	-	NP_651538.1
chr3R	27124564	-	NP_651541.2
chr3R	27150429	-	NP_001287556.1
chr3R	27165528	-	NP_001287557.1
chr3R	27191742	-	NP_001287558.1
chr3R	27238900	-	NP_001303547.1
chr3R	27243828	-	NP_733207.1
chr3R	27247818	-	NP_651548.1
chr3R	27252957	-	NP_651549.1
chr3R	27263392	-	NP_001247326.1
chr3R	27265406	-	NP_651550.1
chr3R	27271773	-	NP_733209.1
chr3R	27279991	-	NP_001247327.1
chr3R	27288469	-	NP_651556.2
chr3R	27291956	-	NP_652261.1
chr3R	27322325	-	NP_001036762.2
chr3R	27330681	-	NP_651558.2
chr3R	27367044	-	NP_001350865.1
chr3R	27418525	-	NP_001247335.1
chr3R	27440905	-	NP_001287561.1
chr3R	27502928	-	NP_001247338.1
chr3R	27517257	-	NP_651566.1
chr3R	27558372	-	NP_001247339.1
chr3R	27561220	-	NP_651568.1
chr3R	27568109	-	NP_733217.1
chr3R	27593538	-	NP_651570.1
chr3R	27607040	-	NP_001263013.1
chr3R	27625914	-	NP_651572.2
chr3R	27636039	-	NP_001263016.2
chr3R	27656449	-	NP_001287564.1
chr3R	27660112	-	NP_476639.1
chr3R	27681915	-	NP_477509.1
chr3R	27688035	-	NP_733227.1
chr3R	27699979	-	NP_651582.1
chr3R	27705841	-	NP_733231.1
chr3R	27834119	-	NP_001247342.1
chr3R	27872343	-	NP_651591.2
chr3R	27916428	-	NP_651593.1
chr3R	27919283	-	NP_788749.1
chr3R	27922273	-	NP_651595.1
chr3R	27928156	-	NP_733236.1
chr3R	27937749	-	NP_001263029.1
chr3R	27947310	-	NP_651600.1
chr3R	27954052	-	NP_001097950.1
chr3R	27960534	-	NP_001287572.1
chr3R	27963180	-	NP_733243.2
chr3R	27988155	-	NP_651606.2
chr3R	27990563	-	NP_651607.1
chr3R	28264744	-	NP_001247344.1
chr3R	28304567	-	NP_651615.2
chr3R	28334518	-	NP_733245.1
chr3R	28339546	-	NP_651617.1
chr3R	28520427	-	NP_733247.1
chr3R	28539941	-	NP_001163760.1
chr3R	28544725	-	NP_651621.2
chr3R	28584553	-	NP_001263038.1
chr3R	28599221	-	NP_651622.2
chr3R	28616026	-	NP_651624.2
chr3R	28642888	-	NP_001034074.1
chr3R	28650446	-	NP_001263039.1
chr3R	28744025	-	NP_524544.1
chr3R	28751569	-	NP_651630.3
chr3R	28758234	-	NP_001263043.1
chr3R	28811085	-	NP_476900.1
chr3R	28819514	-	NP_651635.2
chr3R	28830618	-	NP_788755.1
chr3R	28840761	-	NP_477152.1
chr3R	28857305	-	NP_001263050.1
chr3R	28886916	-	NP_001138119.2
chr3R	28927771	-	NP_651649.1
chr3R	28997716	-	NP_651652.2
chr3R	29027001	-	NP_651654.1
chr3R	29033919	-	NP_651656.2
chr3R	29038990	-	NP_651659.2
chr3R	29062890	-	NP_651665.2
chr3R	29112497	-	NP_651667.1
chr3R	29122201	-	NP_001263054.1
chr3R	29130891	-	NP_651671.1
chr3R	29138526	-	NP_651673.1
chr3R	29148054	-	NP_651675.1
chr3R	29151689	-	NP_477481.1
chr3R	29153139	-	NP_477480.1
chr3R	29181711	-	NP_001263059.1
chr3R	29203735	-	NP_651682.1
chr3R	29223339	-	NP_651684.1
chr3R	29227677	-	NP_001097964.1
chr3R	29238128	-	NP_001350853.2
chr3R	29243842	-	NP_001263064.1
chr3R	29248406	-	NP_652618.1
chr3R	29254928	-	NP_524547.1
chr3R	29297094	-	NP_001263067.1
chr3R	29319374	-	NP_733286.1
chr3R	29489176	-	NP_001263068.1
chr3R	29491038	-	NP_788760.1
chr3R	29492721	-	NP_651694.1
chr3R	29503125	-	NP_001263070.1
chr3R	29588066	-	NP_651699.1
chr3R	29590882	-	NP_001287585.1
chr3R	29600862	-	NP_001263071.1
chr3R	29642073	-	NP_001263072.1
chr3R	29668877	-	NP_001263074.1
chr3R	29675308	-	NP_001287587.1
chr3R	29681866	-	NP_001247358.1
chr3R	29686723	-	NP_001263077.1
chr3R	29715349	-	NP_996305.1
chr3R	29716787	-	NP_001263078.1
chr3R	29724866	-	NP_651715.1
chr3R	29736651	-	NP_651717.1
chr3R	29744999	-	NP_651720.3
chr3R	29748747	-	NP_733305.1
chr3R	29780356	-	NP_651724.1
chr3R	29799269	-	NP_651726.1
chr3R	29802840	-	NP_733307.1
chr3R	29806626	-	NP_001287592.1
chr3R	29816406	-	NP_651731.1
chr3R	29817728	-	NP_651732.1
chr3R	29834845	-	NP_733311.2
chr3R	29836239	-	NP_001163770.1
chr3R	29858871	-	NP_651737.1
chr3R	29861354	-	NP_001263084.1
chr3R	29865267	-	NP_001189315.1
chr3R	29903801	-	NP_651745.1
chr3R	29920063	-	NP_524552.1
chr3R	29924587	-	NP_524554.1
chr3R	29926174	-	NP_524555.1
chr3R	29933028	-	NP_733331.1
chr3R	29935827	-	NP_651752.1
chr3R	29961882	-	NP_001263092.1
chr3R	29993195	-	NP_524917.1
chr3R	29995158	-	NP_001263093.1
chr3R	29997574	-	NP_651757.1
chr3R	30004603	-	NP_651760.1
chr3R	30009029	-	NP_651761.2
chr3R	30014995	-	NP_651762.1
chr3R	30019610	-	NP_001014684.1
chr3R	30022598	-	NP_651764.1
chr3R	30039434	-	NP_651765.1
chr3R	30045921	-	NP_733340.1
chr3R	30051938	-	NP_651767.2
chr3R	30055939	-	NP_733342.1
chr3R	30123078	-	NP_001287600.1
chr3R	30124735	-	NP_001287601.1
chr3R	30132213	-	NP_733346.1
chr3R	30134533	-	NP_788765.1
chr3R	30138525	-	NP_001263101.1
chr3R	30156437	-	NP_651774.2
chr3R	30171067	-	NP_001036775.1
chr3R	30174486	-	NP_524586.1
chr3R	30177546	-	NP_001287602.1
chr3R	30190741	-	NP_001287604.1
chr3R	30198893	-	NP_651780.1
chr3R	30208657	-	NP_733356.2
chr3R	30213725	-	NP_524590.1
chr3R	30237720	-	NP_001247363.1
chr3R	30243200	-	NP_651783.1
chr3R	30246621	-	NP_001287606.1
chr3R	30306640	-	NP_001247365.1
chr3R	30387530	-	NP_001287608.1
chr3R	30419232	-	NP_001287611.1
chr3R	30422585	-	NP_001287610.1
chr3R	30423832	-	NP_001287612.1
chr3R	30425137	-	NP_651789.1
chr3R	30427840	-	NP_651790.1
chr3R	30443241	-	NP_001287614.1
chr3R	30445034	-	NP_651794.2
chr3R	30455716	-	NP_001263107.1
chr3R	30459041	-	NP_001263108.1
chr3R	30487903	-	NP_651799.1
chr3R	30496088	-	NP_524594.2
chr3R	30500222	-	NP_733374.1
chr3R	30505630	-	NP_733375.2
chr3R	30514346	-	NP_733378.1
chr3R	30526329	-	NP_733380.1
chr3R	30556760	-	NP_001036778.1
chr3R	30583523	-	NP_651811.1
chr3R	30587068	-	NP_651812.1
chr3R	30601220	-	NP_001189324.1
chr3R	30619073	-	NP_001287616.1
chr3R	30628831	-	NP_001263120.1
chr3R	30645833	-	NP_733394.3
chr3R	30648496	-	NP_733395.1
chr3R	30696968	-	NP_651819.1
chr3R	30705906	-	NP_733398.1
chr3R	30731146	-	NP_001263123.1
chr3R	30745233	-	NP_651823.1
chr3R	30746260	-	NP_733400.1
chr3R	30800160	-	NP_733403.1
chr3R	30872280	-	NP_651830.1
chr3R	30876134	-	NP_651831.1
chr3R	30879891	-	NP_788769.2
chr3R	30883399	-	NP_651833.1
chr3R	30888933	-	NP_733408.2
chr3R	30902123	-	NP_996313.2
chr3R	30937098	-	NP_651834.2
chr3R	30964260	-	NP_651837.1
chr3R	30971578	-	NP_001263131.1
chr3R	30989916	-	NP_733411.1
chr3R	30992417	-	NP_733412.2
chr3R	31045105	-	NP_001027214.1
chr3R	31053713	-	NP_651838.1
chr3R	31057851	-	NP_001263132.1
chr3R	31097069	-	NP_651840.1
chr3R	31101074	-	NP_651841.3
chr3R	31109079	-	NP_651842.3
chr3R	31123381	-	NP_651843.1
chr3R	31130350	-	NP_651845.2
chr3R	31168473	-	NP_733417.1
chr3R	31195454	-	NP_001163781.1
chr3R	31210263	-	NP_001263137.1
chr3R	31213289	-	NP_733421.1
chr3R	31215881	-	NP_651851.1
chr3R	31218990	-	NP_651852.1
chr3R	31235281	-	NP_651854.2
chr3R	31251894	-	NP_733425.1
chr3R	31254854	-	NP_651857.2
chr3R	31305082	-	NP_001303470.1
chr3R	31395254	-	NP_733428.2
chr3R	31404557	-	NP_001163783.1
chr3R	31461945	-	NP_524607.1
chr3R	31579630	-	NP_651872.1
chr3R	31596158	-	NP_733433.1
chr3R	31602210	-	NP_001263146.1
chr3R	31616003	-	NP_001263148.1
chr3R	31679797	-	NP_651882.1
chr3R	31708340	-	NP_001189328.1
chr3R	31736880	-	NP_651883.1
chr3R	31745943	-	NP_001287624.1
chr3R	31747475	-	NP_651887.1
chr3R	31754618	-	NP_001287626.1
chr3R	31758007	-	NP_651890.1
chr3R	31761471	-	NP_651891.2
chr3R	31764665	-	NP_651892.1
chr3R	31771758	-	NP_651893.1
chr3R	31776552	-	NP_001263153.1
chr3R	31793618	-	NP_733456.1
chr3R	31805106	-	NP_651899.2
chr3R	31809741	-	NP_651901.3
chr3R	31812210	-	NP_733459.2
chr3R	31972513	-	NP_001163789.1
chr3R	32051839	-	NP_524988.1
chr3R	32067996	-	NP_001263154.1
chr2R	854872	+	NP_001334712.1
chr2R	1072282	+	NP_001104350.1
chr2R	1264458	+	NP_001015176.1
chr2R	1367588	+	NP_001104357.1
chr2R	1590654	+	NP_001104016.2
chr2R	1649893	+	NP_001188462.1
chr2R	3066587	+	NP_001163838.2
chr2R	3647397	+	NP_001104382.3
chr2R	4014165	+	NP_001015349.2
chr2R	4131062	+	NP_001036430.1
chr2R	4546748	+	NP_001036442.1
chr2R	4595428	+	NP_001036444.1
chr2R	4619066	+	NP_001036446.2
chr2R	4672180	+	NP_001036449.1
chr2R	4749272	+	NP_001036457.1
chr2R	4829307	+	NP_001286137.1
chr2R	4917519	+	NP_995744.4
chr2R	5091899	+	NP_724396.1
chr2R	5144831	+	NP_995745.1
chr2R	5294265	+	NP_610163.1
chr2R	5307499	+	NP_724407.1
chr2R	5350809	+	NP_610167.3
chr2R	5354125	+	NP_610168.1
chr2R	5413952	+	NP_724412.1
chr2R	5527297	+	NP_724417.3
chr2R	5608716	+	NP_001246141.1
chr2R	5653707	+	NP_001260711.1
chr2R	5668694	+	NP_610178.2
chr2R	5671835	+	NP_610179.2
chr2R	5697971	+	NP_610181.2
chr2R	5702878	+	NP_001163056.1
chr2R	5754616	+	NP_001260713.1
chr2R	5757764	+	NP_001097193.1
chr2R	5760908	+	NP_001260714.1
chr2R	5795473	+	NP_001260715.1
chr2R	5847353	+	NP_610186.2
chr2R	5920933	+	NP_610188.2
chr2R	5957873	+	NP_610189.2
chr2R	5982418	+	NP_001400983.1
chr2R	6017833	+	NP_724444.3
chr2R	6042928	+	NP_610197.2
chr2R	6047220	+	NP_001097195.1
chr2R	6062881	+	NP_001163060.1
chr2R	6076976	+	NP_610201.1
chr2R	6137427	+	NP_610204.1
chr2R	6173716	+	NP_001286145.1
chr2R	6179738	+	NP_610207.1
chr2R	6200917	+	NP_610210.2
chr2R	6202947	+	NP_610211.1
chr2R	6225725	+	NP_610213.1
chr2R	6233691	+	NP_523626.2
chr2R	6246434	+	NP_001137610.1
chr2R	6503039	+	NP_001097200.1
chr2R	6636689	+	NP_610216.1
chr2R	6649279	+	NP_788278.1
chr2R	6653315	+	NP_724479.1
chr2R	6657512	+	NP_610219.2
chr2R	6662448	+	NP_995750.1
chr2R	6668185	+	NP_610220.1
chr2R	6673682	+	NP_724485.1
chr2R	6683239	+	NP_610225.1
chr2R	6691718	+	NP_610227.2
chr2R	6693440	+	NP_610228.1
chr2R	6696884	+	NP_477090.1
chr2R	6742744	+	NP_610232.1
chr2R	6746485	+	NP_652724.1
chr2R	6752664	+	NP_724495.2
chr2R	6807755	+	NP_477101.1
chr2R	6811929	+	NP_724502.1
chr2R	6829916	+	NP_610241.1
chr2R	6881763	+	NP_001246154.1
chr2R	6886418	+	NP_610246.3
chr2R	6906196	+	NP_652315.2
chr2R	6923506	+	NP_001246156.2
chr2R	6949505	+	NP_995765.1
chr2R	6986345	+	NP_610253.1
chr2R	6993128	+	NP_001163069.1
chr2R	6994425	+	NP_652646.1
chr2R	7005218	+	NP_724526.1
chr2R	7006573	+	NP_523629.1
chr2R	7013057	+	NP_523631.1
chr2R	7018760	+	NP_001400991.1
chr2R	7020133	+	NP_001260755.1
chr2R	7025385	+	NP_523632.2
chr2R	7029099	+	NP_523633.1
chr2R	7033659	+	NP_523634.1
chr2R	7035336	+	NP_523635.2
chr2R	7040478	+	NP_523636.1
chr2R	7045954	+	NP_523638.1
chr2R	7050044	+	NP_001260757.1
chr2R	7052936	+	NP_001260758.1
chr2R	7054877	+	NP_523641.2
chr2R	7064493	+	NP_523644.1
chr2R	7068672	+	NP_001286153.2
chr2R	7106942	+	NP_001260760.1
chr2R	7147728	+	NP_524805.1
chr2R	7151493	+	NP_724534.1
chr2R	7249421	+	NP_610264.1
chr2R	7278729	+	NP_001286156.1
chr2R	7285821	+	NP_610267.2
chr2R	7311483	+	NP_001286157.1
chr2R	7387528	+	NP_610269.1
chr2R	7400787	+	NP_001097207.1
chr2R	7424331	+	NP_476733.1
chr2R	7440779	+	NP_610276.1
chr2R	7447654	+	NP_001260771.1
chr2R	7463590	+	NP_610283.1
chr2R	7500479	+	NP_724570.1
chr2R	7519374	+	NP_610292.2
chr2R	7533611	+	NP_610294.1
chr2R	7554873	+	NP_610297.2
chr2R	7567265	+	NP_001260781.1
chr2R	7590444	+	NP_001014502.1
chr2R	7626925	+	NP_001097210.2
chr2R	7655420	+	NP_610306.1
chr2R	7657213	+	NP_001260785.1
chr2R	7662037	+	NP_001260786.1
chr2R	7664040	+	NP_001260787.1
chr2R	7665937	+	NP_610310.2
chr2R	7674552	+	NP_610314.1
chr2R	7699327	+	NP_724594.1
chr2R	7710516	+	NP_001286162.1
chr2R	7712762	+	NP_610318.1
chr2R	7714983	+	NP_610319.2
chr2R	7786266	+	NP_001246192.1
chr2R	7789256	+	NP_610322.1
chr2R	7790402	+	NP_610323.2
chr2R	7793696	+	NP_524881.2
chr2R	7806538	+	NP_001246193.1
chr2R	7812858	+	NP_001286170.1
chr2R	7825504	+	NP_523653.2
chr2R	7829194	+	NP_724615.1
chr2R	7832304	+	NP_610327.1
chr2R	7900953	+	NP_001286171.1
chr2R	7917964	+	NP_724623.1
chr2R	7926747	+	NP_610332.3
chr2R	7932516	+	NP_477436.1
chr2R	7939956	+	NP_724626.2
chr2R	7943442	+	NP_001097222.1
chr2R	7949889	+	NP_610336.1
chr2R	7956209	+	NP_001097225.1
chr2R	7962843	+	NP_610339.1
chr2R	7972616	+	NP_477444.1
chr2R	7989953	+	NP_724637.1
chr2R	8004851	+	NP_477052.2
chr2R	8007264	+	NP_477053.2
chr2R	8031958	+	NP_524695.2
chr2R	8069899	+	NP_001260794.1
chr2R	8083293	+	NP_523658.1
chr2R	8087440	+	NP_524732.1
chr2R	8095214	+	NP_610349.1
chr2R	8099564	+	NP_610351.1
chr2R	8106456	+	NP_610353.1
chr2R	8123138	+	NP_610355.1
chr2R	8127705	+	NP_523659.1
chr2R	8132034	+	NP_476902.1
chr2R	8164956	+	NP_001286188.1
chr2R	8170293	+	NP_001260799.1
chr2R	8174657	+	NP_001260800.2
chr2R	8238057	+	NP_724659.1
chr2R	8254256	+	NP_610366.1
chr2R	8259407	+	NP_724661.1
chr2R	8347539	+	NP_001188885.2
chr2R	8421111	+	NP_610379.2
chr2R	8435489	+	NP_001260803.1
chr2R	8437696	+	NP_476622.1
chr2R	8444771	+	NP_001286196.1
chr2R	8453649	+	NP_476625.2
chr2R	8458824	+	NP_610381.1
chr2R	8462845	+	NP_610382.2
chr2R	8471983	+	NP_610384.1
chr2R	8570531	+	NP_610390.1
chr2R	8590570	+	NP_610393.1
chr2R	8592321	+	NP_001246203.1
chr2R	8600582	+	NP_001163089.2
chr2R	8616078	+	NP_610397.4
chr2R	8625526	+	NP_610398.1
chr2R	8628042	+	NP_610400.1
chr2R	8650422	+	NP_523661.2
chr2R	8666283	+	NP_001014512.1
chr2R	8691469	+	NP_001286203.1
chr2R	8696619	+	NP_610403.1
chr2R	8701915	+	NP_610405.3
chr2R	8709763	+	NP_610407.1
chr2R	8713476	+	NP_001286209.1
chr2R	8716967	+	NP_610410.1
chr2R	8726638	+	NP_001286210.1
chr2R	8737427	+	NP_001163091.1
chr2R	8746040	+	NP_001137621.1
chr2R	8792750	+	NP_610412.2
chr2R	8799065	+	NP_001036532.1
chr2R	8862957	+	NP_001246209.1
chr2R	8891954	+	NP_524690.1
chr2R	8893945	+	NP_001286215.1
chr2R	8900342	+	NP_610416.1
chr2R	8902348	+	NP_523662.1
chr2R	8907591	+	NP_610421.1
chr2R	8915101	+	NP_524815.1
chr2R	8922998	+	NP_610424.1
chr2R	8925762	+	NP_610425.1
chr2R	8928300	+	NP_610427.2
chr2R	8933428	+	NP_001400997.1
chr2R	8940469	+	NP_610430.1
chr2R	8951793	+	NP_001286220.1
chr2R	8952972	+	NP_476999.1
chr2R	9017967	+	NP_610440.1
chr2R	9062436	+	NP_001286226.1
chr2R	9080116	+	NP_610446.1
chr2R	9087911	+	NP_476927.1
chr2R	9098594	+	NP_610452.2
chr2R	9110896	+	NP_610454.2
chr2R	9114348	+	NP_610456.4
chr2R	9122354	+	NP_001188889.1
chr2R	9133154	+	NP_001188892.1
chr2R	9140069	+	NP_610461.1
chr2R	9144128	+	NP_610463.2
chr2R	9148827	+	NP_724760.2
chr2R	9165735	+	NP_610466.2
chr2R	9195334	+	NP_477146.1
chr2R	9207765	+	NP_610470.1
chr2R	9237552	+	NP_610472.1
chr2R	9252163	+	NP_724774.1
chr2R	9286848	+	NP_610476.1
chr2R	9292858	+	NP_610478.1
chr2R	9345422	+	NP_523666.3
chr2R	9390370	+	NP_001260823.1
chr2R	9399089	+	NP_788296.1
chr2R	9415061	+	NP_524991.1
chr2R	9424601	+	NP_001260824.1
chr2R	9427250	+	NP_001246224.1
chr2R	9446433	+	NP_001286250.1
chr2R	9495198	+	NP_476810.1
chr2R	9508118	+	NP_001400998.1
chr2R	9559598	+	NP_523667.1
chr2R	9561699	+	NP_610496.1
chr2R	9577554	+	NP_724801.2
chr2R	9584787	+	NP_610501.1
chr2R	9587483	+	NP_724804.1
chr2R	9589150	+	NP_610504.4
chr2R	9591029	+	NP_476952.1
chr2R	9598584	+	NP_724811.1
chr2R	9603882	+	NP_610507.1
chr2R	9606087	+	NP_610509.2
chr2R	9704407	+	NP_001163100.1
chr2R	9706292	+	NP_610512.1
chr2R	9712940	+	NP_476948.1
chr2R	9748800	+	NP_001027399.1
chr2R	9755730	+	NP_724822.1
chr2R	9795435	+	NP_610517.1
chr2R	9815515	+	NP_001163102.1
chr2R	9817320	+	NP_652633.1
chr2R	9820569	+	NP_001033937.1
chr2R	9837189	+	NP_610521.1
chr2R	9839828	+	NP_610523.2
chr2R	9843804	+	NP_610525.4
chr2R	9848125	+	NP_610526.1
chr2R	9863817	+	NP_001260836.2
chr2R	9865704	+	NP_001350855.1
chr2R	9871750	+	NP_610529.1
chr2R	9875514	+	NP_610530.1
chr2R	9887750	+	NP_001260840.1
chr2R	9889980	+	NP_724853.1
chr2R	9892109	+	NP_724855.2
chr2R	9909139	+	NP_523669.2
chr2R	9911255	+	NP_610536.1
chr2R	9960201	+	NP_001286259.1
chr2R	9967265	+	NP_610540.2
chr2R	9969220	+	NP_610541.1
chr2R	9971394	+	NP_610542.1
chr2R	9979415	+	NP_523670.2
chr2R	9989287	+	NP_477369.1
chr2R	10026923	+	NP_610543.1
chr2R	10033401	+	NP_610545.1
chr2R	10049561	+	NP_001286268.1
chr2R	10050471	+	NP_001286270.1
chr2R	10057269	+	NP_724871.1
chr2R	10066814	+	NP_523673.1
chr2R	10069190	+	NP_610550.1
chr2R	10079012	+	NP_724878.2
chr2R	10090598	+	NP_001246233.1
chr2R	10097267	+	NP_724882.1
chr2R	10104348	+	NP_724884.1
chr2R	10109842	+	NP_001260847.1
chr2R	10118102	+	NP_001246235.1
chr2R	10126440	+	NP_001334716.1
chr2R	10127206	+	NP_610556.1
chr2R	10137807	+	NP_610558.2
chr2R	10241097	+	NP_001260856.1
chr2R	10248132	+	NP_001286276.1
chr2R	10252987	+	NP_001286277.1
chr2R	10256857	+	NP_001137635.1
chr2R	10265130	+	NP_001260857.1
chr2R	10310235	+	NP_610573.1
chr2R	10314274	+	NP_995796.2
chr2R	10353516	+	NP_001246248.2
chr2R	10360213	+	NP_001246252.1
chr2R	10362305	+	NP_523682.3
chr2R	10418805	+	NP_523683.1
chr2R	10422233	+	NP_995800.1
chr2R	10424532	+	NP_724931.1
chr2R	10430586	+	NP_724932.1
chr2R	10439514	+	NP_724934.1
chr2R	10468634	+	NP_724939.1
chr2R	10480255	+	NP_610592.1
chr2R	10561805	+	NP_001303343.1
chr2R	10637534	+	NP_001286289.1
chr2R	10645849	+	NP_610600.1
chr2R	10706500	+	NP_001246258.1
chr2R	10725476	+	NP_610602.2
chr2R	10731773	+	NP_610604.3
chr2R	10791459	+	NP_788325.2
chr2R	10809789	+	NP_610609.1
chr2R	10811125	+	NP_610611.1
chr2R	10814077	+	NP_001286295.1
chr2R	10820073	+	NP_652014.1
chr2R	10821813	+	NP_610616.1
chr2R	10823700	+	NP_001286296.1
chr2R	10875837	+	NP_610623.1
chr2R	10880007	+	NP_001027403.2
chr2R	10883632	+	NP_001027401.1
chr2R	10886977	+	NP_610627.2
chr2R	10894603	+	NP_610628.2
chr2R	10903661	+	NP_001286301.1
chr2R	10909923	+	NP_610632.1
chr2R	11085638	+	NP_001246260.1
chr2R	11135928	+	NP_610636.1
chr2R	11146368	+	NP_610638.1
chr2R	11154928	+	NP_652388.1
chr2R	11174775	+	NP_995813.1
chr2R	11220324	+	NP_995814.1
chr2R	11223599	+	NP_001286308.1
chr2R	11234003	+	NP_610645.1
chr2R	11235290	+	NP_610646.1
chr2R	11244290	+	NP_610651.1
chr2R	11248188	+	NP_001097269.1
chr2R	11249648	+	NP_001246262.1
chr2R	11250378	+	NP_523689.1
chr2R	11255245	+	NP_610655.1
chr2R	11256601	+	NP_610656.1
chr2R	11265316	+	NP_610659.1
chr2R	11279878	+	NP_524986.1
chr2R	11284498	+	NP_001260887.1
chr2R	11292548	+	NP_725023.1
chr2R	11303450	+	NP_610670.2
chr2R	11307947	+	NP_610671.1
chr2R	11310856	+	NP_001246264.1
chr2R	11329262	+	NP_001137645.1
chr2R	11336860	+	NP_610673.1
chr2R	11346342	+	NP_001286314.1
chr2R	11350827	+	NP_725035.1
chr2R	11355333	+	NP_523694.2
chr2R	11356743	+	NP_523695.1
chr2R	11360825	+	NP_524779.1
chr2R	11366915	+	NP_610678.1
chr2R	11373979	+	NP_610680.2
chr2R	11405686	+	NP_725048.1
chr2R	11414556	+	NP_001356907.1
chr2R	11439833	+	NP_610686.1
chr2R	11444712	+	NP_001286318.1
chr2R	11454317	+	NP_523698.2
chr2R	11475976	+	NP_725057.2
chr2R	11651942	+	NP_001097274.1
chr2R	11654898	+	NP_610690.1
chr2R	11668579	+	NP_610693.1
chr2R	11676047	+	NP_610694.1
chr2R	11687461	+	NP_523702.1
chr2R	11691390	+	NP_001286319.1
chr2R	11713129	+	NP_001097275.1
chr2R	11768453	+	NP_610699.1
chr2R	11770580	+	NP_001246268.1
chr2R	11825416	+	NP_610702.1
chr2R	11841724	+	NP_001097276.1
chr2R	11844514	+	NP_001246270.1
chr2R	11846078	+	NP_610706.1
chr2R	11852756	+	NP_001260903.1
chr2R	11861357	+	NP_001097277.1
chr2R	11864204	+	NP_001260904.1
chr2R	11886111	+	NP_610709.1
chr2R	11893575	+	NP_001286322.1
chr2R	11899962	+	NP_610712.1
chr2R	11950073	+	NP_725091.1
chr2R	11970982	+	NP_610716.1
chr2R	11986071	+	NP_001097280.2
chr2R	11989250	+	NP_725098.2
chr2R	12028575	+	NP_001246271.1
chr2R	12034135	+	NP_610720.1
chr2R	12037423	+	NP_536733.1
chr2R	12044864	+	NP_610721.2
chr2R	12052976	+	NP_001286329.1
chr2R	12056021	+	NP_610723.2
chr2R	12081318	+	NP_610725.1
chr2R	12138858	+	NP_001260911.1
chr2R	12140951	+	NP_610730.1
chr2R	12145760	+	NP_610732.1
chr2R	12153513	+	NP_001163124.1
chr2R	12163792	+	NP_001286332.1
chr2R	12168877	+	NP_725106.1
chr2R	12174921	+	NP_523707.1
chr2R	12180701	+	NP_001286334.1
chr2R	12182796	+	NP_610740.1
chr2R	12186438	+	NP_001286335.1
chr2R	12190687	+	NP_610745.1
chr2R	12214030	+	NP_610748.1
chr2R	12240409	+	NP_610750.1
chr2R	12242546	+	NP_610751.2
chr2R	12254361	+	NP_001286336.1
chr2R	12257355	+	NP_610753.1
chr2R	12260186	+	NP_001246276.1
chr2R	12280288	+	NP_001286340.1
chr2R	12307288	+	NP_610757.1
chr2R	12321343	+	NP_001286342.1
chr2R	12326674	+	NP_001246278.1
chr2R	12335486	+	NP_001163125.1
chr2R	12336987	+	NP_001033942.1
chr2R	12338420	+	NP_001163126.1
chr2R	12345086	+	NP_610765.1
chr2R	12351841	+	NP_725141.1
chr2R	12359500	+	NP_725143.1
chr2R	12367410	+	NP_788335.2
chr2R	12371662	+	NP_001260918.1
chr2R	12376698	+	NP_001097285.1
chr2R	12378457	+	NP_610769.1
chr2R	12383910	+	NP_610771.2
chr2R	12387057	+	NP_001163127.1
chr2R	12393483	+	NP_523711.3
chr2R	12402322	+	NP_610774.3
chr2R	12406005	+	NP_001286347.1
chr2R	12407864	+	NP_610776.1
chr2R	12408964	+	NP_725159.2
chr2R	12414062	+	NP_610777.1
chr2R	12416455	+	NP_610778.2
chr2R	12423710	+	NP_610780.1
chr2R	12430613	+	NP_001246279.1
chr2R	12436197	+	NP_725169.3
chr2R	12437390	+	NP_725172.2
chr2R	12453517	+	NP_523713.2
chr2R	12468753	+	NP_610786.2
chr2R	12480934	+	NP_725175.3
chr2R	12495838	+	NP_610792.2
chr2R	12515444	+	NP_610793.1
chr2R	12519233	+	NP_610795.1
chr2R	12522023	+	NP_001036537.1
chr2R	12529727	+	NP_523716.2
chr2R	12566358	+	NP_610796.1
chr2R	12570449	+	NP_476752.1
chr2R	12594000	+	NP_523717.1
chr2R	12612847	+	NP_001286356.1
chr2R	12616297	+	NP_725192.2
chr2R	12623726	+	NP_001036538.3
chr2R	12626799	+	NP_001036539.1
chr2R	12632674	+	NP_001027411.2
chr2R	12636943	+	NP_523719.1
chr2R	12653188	+	NP_725207.1
chr2R	12657284	+	NP_610807.3
chr2R	12687007	+	NP_001260923.1
chr2R	12700304	+	NP_001097291.1
chr2R	12722972	+	NP_001188915.1
chr2R	12756554	+	NP_610818.1
chr2R	12757745	+	NP_725228.1
chr2R	12762153	+	NP_610819.1
chr2R	12780863	+	NP_725230.2
chr2R	12806698	+	NP_652384.1
chr2R	12843139	+	NP_523721.1
chr2R	12870403	+	NP_476853.1
chr2R	12880790	+	NP_001260931.1
chr2R	12887145	+	NP_001401005.1
chr2R	12918398	+	NP_001033943.2
chr2R	12923949	+	NP_610825.2
chr2R	12928932	+	NP_610826.1
chr2R	12938453	+	NP_610829.1
chr2R	12953657	+	NP_001286367.1
chr2R	12993897	+	NP_001027414.1
chr2R	12999336	+	NP_001163134.1
chr2R	13104146	+	NP_001286372.1
chr2R	13123161	+	NP_001286373.1
chr2R	13133314	+	NP_995827.2
chr2R	13158748	+	NP_001097296.1
chr2R	13168841	+	NP_725255.1
chr2R	13171520	+	NP_788342.1
chr2R	13175436	+	NP_788343.3
chr2R	13198999	+	NP_001260946.1
chr2R	13207092	+	NP_995828.1
chr2R	13214901	+	NP_610846.2
chr2R	13220378	+	NP_652383.1
chr2R	13223046	+	NP_477039.1
chr2R	13230650	+	NP_610851.2
chr2R	13236015	+	NP_610853.1
chr2R	13239788	+	NP_610855.1
chr2R	13246743	+	NP_476643.1
chr2R	13256683	+	NP_725273.1
chr2R	13257951	+	NP_610859.1
chr2R	13260688	+	NP_001097301.1
chr2R	13299655	+	NP_001286385.1
chr2R	13393769	+	NP_523729.3
chr2R	13407043	+	NP_725287.3
chr2R	13411770	+	NP_995830.1
chr2R	13433137	+	NP_725294.1
chr2R	13434212	+	NP_610874.1
chr2R	13450825	+	NP_610875.1
chr2R	13477359	+	NP_001246299.1
chr2R	13485691	+	NP_523730.2
chr2R	13503036	+	NP_001286388.1
chr2R	13506769	+	NP_610879.1
chr2R	13515336	+	NP_610880.1
chr2R	13521979	+	NP_725310.1
chr2R	13525479	+	NP_610883.1
chr2R	13554181	+	NP_610886.2
chr2R	13555988	+	NP_610887.1
chr2R	13558567	+	NP_001246301.1
chr2R	13593726	+	NP_610891.1
chr2R	13654397	+	NP_523731.2
chr2R	13755344	+	NP_610898.1
chr2R	13770975	+	NP_610899.1
chr2R	13795176	+	NP_610901.1
chr2R	13806603	+	NP_610902.1
chr2R	13824920	+	NP_610903.2
chr2R	13829808	+	NP_001286393.1
chr2R	13837719	+	NP_610906.1
chr2R	13840078	+	NP_610907.1
chr2R	13846853	+	NP_610909.2
chr2R	13858998	+	NP_610913.1
chr2R	13862097	+	NP_610915.2
chr2R	13954300	+	NP_725343.1
chr2R	13961194	+	NP_523735.2
chr2R	13968409	+	NP_477283.1
chr2R	13983687	+	NP_001260960.1
chr2R	14010486	+	NP_525115.1
chr2R	14090376	+	NP_001137665.1
chr2R	14153249	+	NP_610928.1
chr2R	14157867	+	NP_610929.2
chr2R	14161463	+	NP_001286406.1
chr2R	14165278	+	NP_610933.1
chr2R	14168856	+	NP_725361.1
chr2R	14174447	+	NP_001286409.1
chr2R	14185819	+	NP_610937.4
chr2R	14227414	+	NP_610940.1
chr2R	14240030	+	NP_610943.2
chr2R	14243938	+	NP_610944.1
chr2R	14247070	+	NP_523740.3
chr2R	14256647	+	NP_610945.1
chr2R	14259164	+	NP_610946.1
chr2R	14271170	+	NP_610948.2
chr2R	14279572	+	NP_001137669.1
chr2R	14315324	+	NP_001286417.1
chr2R	14352382	+	NP_610953.1
chr2R	14362040	+	NP_610956.1
chr2R	14363360	+	NP_610957.1
chr2R	14371249	+	NP_725386.1
chr2R	14376019	+	NP_725390.1
chr2R	14382206	+	NP_610960.1
chr2R	14390800	+	NP_610961.1
chr2R	14411907	+	NP_610963.1
chr2R	14421039	+	NP_001286419.1
chr2R	14436118	+	NP_001188929.1
chr2R	14481581	+	NP_001303349.1
chr2R	14505247	+	NP_001260970.1
chr2R	14514081	+	NP_725399.1
chr2R	14527192	+	NP_001260971.1
chr2R	14592762	+	NP_610969.1
chr2R	14601343	+	NP_725401.2
chr2R	14618900	+	NP_652037.1
chr2R	14629921	+	NP_610974.1
chr2R	14638558	+	NP_001286423.1
chr2R	14645356	+	NP_610976.1
chr2R	14668416	+	NP_001286426.1
chr2R	14745990	+	NP_001246324.1
chr2R	14747391	+	NP_523745.1
chr2R	14749255	+	NP_001163152.1
chr2R	14752590	+	NP_725413.1
chr2R	14756585	+	NP_610985.1
chr2R	14770586	+	NP_523747.1
chr2R	14808583	+	NP_725421.1
chr2R	14832932	+	NP_610993.1
chr2R	14852965	+	NP_477468.1
chr2R	14855512	+	NP_610997.1
chr2R	14871803	+	NP_001286431.1
chr2R	14873980	+	NP_001286433.1
chr2R	14882132	+	NP_611002.3
chr2R	14899495	+	NP_001286435.1
chr2R	14933668	+	NP_652377.1
chr2R	14936146	+	NP_001188938.1
chr2R	14942952	+	NP_611008.2
chr2R	14971779	+	NP_611009.1
chr2R	14981782	+	NP_611010.4
chr2R	15011791	+	NP_001286439.1
chr2R	15138215	+	NP_001246334.1
chr2R	15147966	+	NP_001163156.1
chr2R	15155918	+	NP_477060.1
chr2R	15201616	+	NP_001260990.1
chr2R	15207993	+	NP_725440.1
chr2R	15216300	+	NP_611021.1
chr2R	15218464	+	NP_001286443.1
chr2R	15249296	+	NP_523750.2
chr2R	15258767	+	NP_611025.2
chr2R	15311780	+	NP_001246336.1
chr2R	15323484	+	NP_725454.1
chr2R	15331601	+	NP_611032.2
chr2R	15357028	+	NP_001286450.1
chr2R	15381912	+	NP_725458.1
chr2R	15408876	+	NP_523752.1
chr2R	15415517	+	NP_001369088.1
chr2R	15499632	+	NP_611041.2
chr2R	15504201	+	NP_725470.1
chr2R	15506582	+	NP_611042.2
chr2R	15512104	+	NP_611043.1
chr2R	15535195	+	NP_001261001.1
chr2R	15538314	+	NP_611044.1
chr2R	15541537	+	NP_651987.1
chr2R	15555495	+	NP_001261002.1
chr2R	15569515	+	NP_001286463.1
chr2R	15615242	+	NP_001286465.1
chr2R	15680571	+	NP_725484.1
chr2R	15689848	+	NP_725487.1
chr2R	15732144	+	NP_611056.2
chr2R	15849621	+	NP_001286468.1
chr2R	15855961	+	NP_788360.2
chr2R	15934896	+	NP_611065.1
chr2R	15943066	+	NP_611067.2
chr2R	15955118	+	NP_611068.3
chr2R	15992707	+	NP_611072.2
chr2R	16001932	+	NP_611073.2
chr2R	16011993	+	NP_611076.2
chr2R	16014978	+	NP_725517.2
chr2R	16021904	+	NP_001286472.1
chr2R	16028607	+	NP_725520.3
chr2R	16038325	+	NP_001286474.1
chr2R	16047794	+	NP_001286475.1
chr2R	16098993	+	NP_001036552.1
chr2R	16103619	+	NP_599135.1
chr2R	16110620	+	NP_001246358.1
chr2R	16120432	+	NP_523758.3
chr2R	16123484	+	NP_725529.1
chr2R	16125377	+	NP_725533.1
chr2R	16138385	+	NP_725534.1
chr2R	16142288	+	NP_725535.1
chr2R	16164227	+	NP_611091.2
chr2R	16182053	+	NP_477160.1
chr2R	16186923	+	NP_611095.1
chr2R	16196471	+	NP_001188957.1
chr2R	16197328	+	NP_001188959.1
chr2R	16226643	+	NP_523759.1
chr2R	16230308	+	NP_611100.1
chr2R	16236856	+	NP_611102.1
chr2R	16264747	+	NP_477184.1
chr2R	16272312	+	NP_001286482.1
chr2R	16280193	+	NP_611108.1
chr2R	16281022	+	NP_611109.1
chr2R	16283435	+	NP_611111.1
chr2R	16289372	+	NP_523761.2
chr2R	16294521	+	NP_611114.1
chr2R	16309567	+	NP_001286486.1
chr2R	16322332	+	NP_611118.3
chr2R	16339480	+	NP_524711.1
chr2R	16344581	+	NP_611120.1
chr2R	16359853	+	NP_611123.2
chr2R	16380558	+	NP_001286491.1
chr2R	16399094	+	NP_001261025.1
chr2R	16432313	+	NP_611126.1
chr2R	16443250	+	NP_001097337.1
chr2R	16446272	+	NP_725583.1
chr2R	16466709	+	NP_001014530.1
chr2R	16468209	+	NP_001014531.1
chr2R	16486674	+	NP_995854.2
chr2R	16491317	+	NP_611132.1
chr2R	16503548	+	NP_725586.1
chr2R	16535197	+	NP_001097338.1
chr2R	16554618	+	NP_788381.1
chr2R	16566936	+	NP_788383.1
chr2R	16572108	+	NP_001033953.1
chr2R	16580913	+	NP_725595.1
chr2R	16586223	+	NP_523764.1
chr2R	16598968	+	NP_611142.3
chr2R	16619273	+	NP_611143.1
chr2R	16642952	+	NP_001261032.1
chr2R	16670485	+	NP_001097339.1
chr2R	16691770	+	NP_001286499.1
chr2R	16754507	+	NP_001097347.1
chr2R	16766869	+	NP_001246375.1
chr2R	16774262	+	NP_477037.2
chr2R	16778365	+	NP_001014533.1
chr2R	16780548	+	NP_995860.1
chr2R	16788201	+	NP_725615.1
chr2R	16792657	+	NP_652374.2
chr2R	16816614	+	NP_001246376.1
chr2R	16825600	+	NP_001286505.1
chr2R	16850530	+	NP_611162.2
chr2R	16856301	+	NP_995861.2
chr2R	16868312	+	NP_001286506.1
chr2R	16872306	+	NP_652048.2
chr2R	16880945	+	NP_611166.2
chr2R	16898645	+	NP_476863.1
chr2R	16926608	+	NP_001261035.1
chr2R	16945599	+	NP_611168.2
chr2R	16952238	+	NP_001097354.1
chr2R	16955753	+	NP_001286509.1
chr2R	16984340	+	NP_476838.1
chr2R	17002032	+	NP_611176.1
chr2R	17005761	+	NP_611178.1
chr2R	17021401	+	NP_725638.1
chr2R	17028996	+	NP_995868.1
chr2R	17044978	+	NP_001261039.1
chr2R	17049310	+	NP_611183.1
chr2R	17054099	+	NP_477435.1
chr2R	17063184	+	NP_725650.3
chr2R	17092013	+	NP_611187.1
chr2R	17102867	+	NP_611188.3
chr2R	17108993	+	NP_611189.2
chr2R	17124800	+	NP_523768.1
chr2R	17128833	+	NP_001286519.1
chr2R	17133523	+	NP_001036554.1
chr2R	17134208	+	NP_001286520.1
chr2R	17136498	+	NP_611194.1
chr2R	17154742	+	NP_001286522.1
chr2R	17195373	+	NP_611200.2
chr2R	17205335	+	NP_001246387.1
chr2R	17255265	+	NP_001246388.2
chr2R	17275410	+	NP_001401012.1
chr2R	17403897	+	NP_524712.1
chr2R	17412911	+	NP_725669.1
chr2R	17420509	+	NP_611206.3
chr2R	17428043	+	NP_001286525.1
chr2R	17431160	+	NP_611210.3
chr2R	17441515	+	NP_611211.3
chr2R	17453422	+	NP_611213.2
chr2R	17456571	+	NP_523771.1
chr2R	17462695	+	NP_001286530.1
chr2R	17470610	+	NP_725680.2
chr2R	17479824	+	NP_001286533.1
chr2R	17490940	+	NP_611218.1
chr2R	17493775	+	NP_725682.2
chr2R	17502909	+	NP_001027437.1
chr2R	17509983	+	NP_001286534.1
chr2R	17512368	+	NP_725686.1
chr2R	17514738	+	NP_611222.2
chr2R	17518291	+	NP_611224.1
chr2R	17536465	+	NP_611228.1
chr2R	17539322	+	NP_611229.2
chr2R	17549087	+	NP_001097359.1
chr2R	17557116	+	NP_001303355.1
chr2R	17569064	+	NP_523776.1
chr2R	17572923	+	NP_001137692.1
chr2R	17591033	+	NP_611237.2
chr2R	17593850	+	NP_001261061.1
chr2R	17666067	+	NP_001286545.1
chr2R	17669486	+	NP_725705.2
chr2R	17671100	+	NP_001369097.1
chr2R	17683718	+	NP_725707.1
chr2R	17722418	+	NP_611250.1
chr2R	17726938	+	NP_001137693.2
chr2R	17731204	+	NP_001163183.1
chr2R	17733469	+	NP_001097360.1
chr2R	17739979	+	NP_611258.2
chr2R	17744101	+	NP_611259.2
chr2R	17749018	+	NP_611261.1
chr2R	17757575	+	NP_477302.1
chr2R	17761266	+	NP_611264.2
chr2R	17786203	+	NP_477413.1
chr2R	17789747	+	NP_611270.1
chr2R	17795127	+	NP_001286550.1
chr2R	17808411	+	NP_001286551.1
chr2R	17847432	+	NP_611272.1
chr2R	17851098	+	NP_611273.1
chr2R	17860799	+	NP_611274.1
chr2R	17895078	+	NP_611276.1
chr2R	17898304	+	NP_001286553.1
chr2R	18018693	+	NP_001286556.1
chr2R	18020292	+	NP_611280.2
chr2R	18048135	+	NP_001033957.2
chr2R	18062922	+	NP_611289.2
chr2R	18095761	+	NP_001097363.1
chr2R	18110000	+	NP_001097364.1
chr2R	18126440	+	NP_524953.1
chr2R	18128677	+	NP_525003.2
chr2R	18135924	+	NP_001261067.1
chr2R	18141507	+	NP_725750.1
chr2R	18151894	+	NP_611296.2
chr2R	18158296	+	NP_611297.3
chr2R	18161029	+	NP_001286565.1
chr2R	18167317	+	NP_788400.1
chr2R	18173810	+	NP_001261070.1
chr2R	18180722	+	NP_001261071.1
chr2R	18187722	+	NP_001261072.4
chr2R	18188990	+	NP_611309.1
chr2R	18207907	+	NP_725765.1
chr2R	18231565	+	NP_001356964.1
chr2R	18234110	+	NP_477483.1
chr2R	18277621	+	NP_001286566.1
chr2R	18293875	+	NP_001163192.1
chr2R	18311822	+	NP_652369.1
chr2R	18384023	+	NP_611319.1
chr2R	18386673	+	NP_725776.1
chr2R	18388185	+	NP_001286569.1
chr2R	18389100	+	NP_652367.1
chr2R	18389989	+	NP_652366.1
chr2R	18393708	+	NP_611321.3
chr2R	18398432	+	NP_611323.1
chr2R	18400757	+	NP_611325.2
chr2R	18403275	+	NP_611326.1
chr2R	18404634	+	NP_611327.1
chr2R	18406042	+	NP_611328.1
chr2R	18409091	+	NP_725784.1
chr2R	18415250	+	NP_995885.1
chr2R	18421544	+	NP_725790.2
chr2R	18426729	+	NP_611332.1
chr2R	18441474	+	NP_523782.1
chr2R	18446638	+	NP_001137699.1
chr2R	18447714	+	NP_725795.2
chr2R	18451376	+	NP_611335.1
chr2R	18503752	+	NP_001286575.1
chr2R	18519182	+	NP_611340.1
chr2R	18527766	+	NP_611341.1
chr2R	18536793	+	NP_001286576.1
chr2R	18543921	+	NP_611342.1
chr2R	18613127	+	NP_611345.1
chr2R	18615161	+	NP_611346.1
chr2R	18621792	+	NP_611349.2
chr2R	18625343	+	NP_611351.1
chr2R	18640194	+	NP_001027438.1
chr2R	18687449	+	NP_001188968.1
chr2R	18692665	+	NP_611359.1
chr2R	18706084	+	NP_611362.2
chr2R	18738501	+	NP_001033959.1
chr2R	18745917	+	NP_001286589.1
chr2R	18755123	+	NP_611370.2
chr2R	18762218	+	NP_001286590.1
chr2R	18789332	+	NP_611374.1
chr2R	18819633	+	NP_001097373.1
chr2R	18831246	+	NP_001261080.1
chr2R	18835392	+	NP_611380.1
chr2R	18850936	+	NP_611383.1
chr2R	18862886	+	NP_001246412.1
chr2R	18863992	+	NP_001246413.1
chr2R	18865809	+	NP_476808.1
chr2R	18867422	+	NP_523787.2
chr2R	18955111	+	NP_001286595.1
chr2R	18973327	+	NP_001261083.1
chr2R	18977828	+	NP_001188974.1
chr2R	18993925	+	NP_001286598.1
chr2R	19030022	+	NP_001246416.1
chr2R	19059619	+	NP_611394.3
chr2R	19090524	+	NP_725849.1
chr2R	19129690	+	NP_523790.1
chr2R	19138230	+	NP_611397.1
chr2R	19152023	+	NP_001286602.1
chr2R	19170673	+	NP_001401017.1
chr2R	19179733	+	NP_001286604.1
chr2R	19227406	+	NP_611400.1
chr2R	19235516	+	NP_725864.1
chr2R	19249825	+	NP_001286609.1
chr2R	19260065	+	NP_611401.2
chr2R	19278129	+	NP_001261084.1
chr2R	19287983	+	NP_611405.2
chr2R	19299200	+	NP_611408.2
chr2R	19305224	+	NP_001286611.1
chr2R	19330975	+	NP_001033961.2
chr2R	19342084	+	NP_611412.1
chr2R	19357806	+	NP_611413.2
chr2R	19364306	+	NP_611414.1
chr2R	19375909	+	NP_001261089.1
chr2R	19380571	+	NP_001261090.1
chr2R	19385968	+	NP_611418.1
chr2R	19390181	+	NP_611419.1
chr2R	19426045	+	NP_477048.1
chr2R	19437972	+	NP_652610.1
chr2R	19442484	+	NP_001286614.1
chr2R	19444217	+	NP_611421.1
chr2R	19452689	+	NP_611422.2
chr2R	19458052	+	NP_995901.1
chr2R	19459933	+	NP_001014542.1
chr2R	19492224	+	NP_477420.1
chr2R	19497802	+	NP_611428.1
chr2R	19503188	+	NP_001286617.1
chr2R	19508167	+	NP_001401019.1
chr2R	19552111	+	NP_001246435.1
chr2R	19587316	+	NP_001356904.1
chr2R	19593892	+	NP_611433.3
chr2R	19635407	+	NP_001188978.1
chr2R	19636660	+	NP_663311.1
chr2R	19643038	+	NP_611435.1
chr2R	19657870	+	NP_611437.2
chr2R	19662543	+	NP_611438.1
chr2R	19670755	+	NP_001261098.1
chr2R	19690845	+	NP_652363.1
chr2R	19697770	+	NP_611442.1
chr2R	19712397	+	NP_611445.1
chr2R	19713419	+	NP_725926.1
chr2R	19815577	+	NP_611448.2
chr2R	19826905	+	NP_523797.1
chr2R	19865147	+	NP_001188980.1
chr2R	19947333	+	NP_001163212.1
chr2R	19951455	+	NP_611450.1
chr2R	19953891	+	NP_001286622.1
chr2R	19956276	+	NP_001286623.1
chr2R	19982309	+	NP_001246442.1
chr2R	20111885	+	NP_476814.1
chr2R	20146147	+	NP_611453.2
chr2R	20232245	+	NP_611456.1
chr2R	20236638	+	NP_611457.1
chr2R	20240107	+	NP_611459.1
chr2R	20258193	+	NP_611463.1
chr2R	20264108	+	NP_725943.1
chr2R	20274691	+	NP_611466.2
chr2R	20287627	+	NP_001097380.1
chr2R	20289679	+	NP_477407.1
chr2R	20317408	+	NP_611473.1
chr2R	20319813	+	NP_001163213.1
chr2R	20328059	+	NP_611476.3
chr2R	20342107	+	NP_611477.1
chr2R	20343910	+	NP_725961.1
chr2R	20347131	+	NP_652708.3
chr2R	20429635	+	NP_725963.3
chr2R	20503667	+	NP_611481.1
chr2R	20526333	+	NP_611483.1
chr2R	20533392	+	NP_665881.1
chr2R	20534526	+	NP_001286633.1
chr2R	20536689	+	NP_611485.1
chr2R	20556958	+	NP_611491.2
chr2R	20589661	+	NP_995906.1
chr2R	20618709	+	NP_611494.1
chr2R	20623616	+	NP_611496.1
chr2R	20636472	+	NP_611498.1
chr2R	20641086	+	NP_001286639.1
chr2R	20644171	+	NP_611503.1
chr2R	20646964	+	NP_001286640.1
chr2R	20661749	+	NP_611507.1
chr2R	20671384	+	NP_001286643.1
chr2R	20692870	+	NP_611510.1
chr2R	20699186	+	NP_995908.2
chr2R	20750947	+	NP_001097385.1
chr2R	20773729	+	NP_611513.1
chr2R	20793009	+	NP_611516.2
chr2R	20866089	+	NP_611519.2
chr2R	20870425	+	NP_001033962.1
chr2R	20871672	+	NP_611522.1
chr2R	20880049	+	NP_611523.3
chr2R	20909756	+	NP_611525.1
chr2R	20917049	+	NP_726006.3
chr2R	20944117	+	NP_523800.1
chr2R	20950219	+	NP_001027445.1
chr2R	20975594	+	NP_001036564.1
chr2R	20979506	+	NP_001286656.1
chr2R	20994991	+	NP_476691.1
chr2R	20996890	+	NP_001261112.1
chr2R	21012046	+	NP_611535.1
chr2R	21019387	+	NP_001261114.1
chr2R	21025347	+	NP_611538.1
chr2R	21058022	+	NP_611539.1
chr2R	21060913	+	NP_611541.1
chr2R	21077090	+	NP_726024.1
chr2R	21092500	+	NP_001097392.1
chr2R	21102576	+	NP_611549.2
chr2R	21128694	+	NP_476636.1
chr2R	21142475	+	NP_611552.1
chr2R	21143877	+	NP_524722.2
chr2R	21146301	+	NP_611553.1
chr2R	21168997	+	NP_611558.2
chr2R	21171062	+	NP_726036.2
chr2R	21175475	+	NP_726037.1
chr2R	21184086	+	NP_476773.1
chr2R	21197611	+	NP_611561.1
chr2R	21200652	+	NP_001286667.1
chr2R	21264321	+	NP_001027446.2
chr2R	21282543	+	NP_726048.1
chr2R	21294060	+	NP_726053.1
chr2R	21296885	+	NP_001369104.1
chr2R	21313456	+	NP_726062.2
chr2R	21324200	+	NP_788424.1
chr2R	21341985	+	NP_001137727.2
chr2R	21386682	+	NP_523802.1
chr2R	21482225	+	NP_524729.2
chr2R	21498631	+	NP_001369107.1
chr2R	21507514	+	NP_726078.1
chr2R	21523089	+	NP_476758.1
chr2R	21583571	+	NP_001286681.1
chr2R	21590340	+	NP_001286682.1
chr2R	21625196	+	NP_001246451.1
chr2R	21632286	+	NP_611593.1
chr2R	21635404	+	NP_611594.1
chr2R	21650226	+	NP_726095.2
chr2R	21658353	+	NP_001163241.1
chr2R	21664514	+	NP_001286687.1
chr2R	21670247	+	NP_611601.2
chr2R	21676515	+	NP_611603.3
chr2R	21685376	+	NP_611604.1
chr2R	21689043	+	NP_611605.1
chr2R	21691696	+	NP_001286692.1
chr2R	21715468	+	NP_001286696.1
chr2R	21717931	+	NP_726113.1
chr2R	21720902	+	NP_726114.1
chr2R	21757491	+	NP_611609.1
chr2R	21764394	+	NP_001261126.1
chr2R	21765539	+	NP_726116.2
chr2R	21773398	+	NP_611610.2
chr2R	21796540	+	NP_001286698.1
chr2R	21860851	+	NP_995920.1
chr2R	21929520	+	NP_001097402.1
chr2R	21951627	+	NP_001286699.1
chr2R	21964173	+	NP_001286700.1
chr2R	21973131	+	NP_001286701.1
chr2R	21976662	+	NP_726133.2
chr2R	21979860	+	NP_726135.2
chr2R	22034921	+	NP_611629.1
chr2R	22061559	+	NP_611632.3
chr2R	22076350	+	NP_611636.1
chr2R	22081180	+	NP_569729.1
chr2R	22103252	+	NP_611639.1
chr2R	22113597	+	NP_611641.6
chr2R	22122998	+	NP_476634.1
chr2R	22127855	+	NP_651958.2
chr2R	22138942	+	NP_611644.1
chr2R	22140148	+	NP_524659.1
chr2R	22162920	+	NP_726168.1
chr2R	22175137	+	NP_611647.1
chr2R	22181276	+	NP_611649.1
chr2R	22183211	+	NP_611650.2
chr2R	22211441	+	NP_611656.2
chr2R	22213441	+	NP_477374.1
chr2R	22244682	+	NP_477242.1
chr2R	22293927	+	NP_001246458.1
chr2R	22322970	+	NP_477049.2
chr2R	22332197	+	NP_001097412.1
chr2R	22333152	+	NP_001097413.1
chr2R	22348371	+	NP_611664.1
chr2R	22375192	+	NP_001286717.1
chr2R	22379802	+	NP_477404.1
chr2R	22386465	+	NP_001286718.1
chr2R	22404406	+	NP_001163252.2
chr2R	22408783	+	NP_001286720.1
chr2R	22411854	+	NP_001163253.1
chr2R	22416066	+	NP_001286724.1
chr2R	22421099	+	NP_001246461.1
chr2R	22427479	+	NP_611672.1
chr2R	22460092	+	NP_001163254.2
chr2R	22478431	+	NP_611675.2
chr2R	22550208	+	NP_611678.1
chr2R	22562394	+	NP_611679.1
chr2R	22594752	+	NP_611681.1
chr2R	22599439	+	NP_001286730.1
chr2R	22606158	+	NP_001286731.1
chr2R	22608544	+	NP_611686.2
chr2R	22621114	+	NP_788426.1
chr2R	22637853	+	NP_611691.1
chr2R	22650637	+	NP_001286736.1
chr2R	22657989	+	NP_001286739.1
chr2R	22659712	+	NP_001246466.1
chr2R	22662733	+	NP_001286740.1
chr2R	22663745	+	NP_001246468.1
chr2R	22665684	+	NP_001188983.1
chr2R	22667182	+	NP_726223.1
chr2R	22669600	+	NP_001286741.1
chr2R	22671107	+	NP_001286742.1
chr2R	22702717	+	NP_788429.1
chr2R	22704710	+	NP_611709.1
chr2R	22706948	+	NP_611711.1
chr2R	22755325	+	NP_611714.1
chr2R	22763804	+	NP_611716.3
chr2R	22784346	+	NP_001356893.1
chr2R	22799204	+	NP_726243.1
chr2R	22808779	+	NP_001246469.1
chr2R	22817643	+	NP_001188986.2
chr2R	22829697	+	NP_726254.1
chr2R	22832662	+	NP_611721.2
chr2R	22837436	+	NP_611723.3
chr2R	22840835	+	NP_995924.2
chr2R	22846017	+	NP_611725.2
chr2R	22854517	+	NP_523813.1
chr2R	22868502	+	NP_523814.1
chr2R	22871796	+	NP_611728.1
chr2R	22875029	+	NP_001369113.1
chr2R	22886643	+	NP_611733.1
chr2R	22889014	+	NP_611735.1
chr2R	22904278	+	NP_001246474.1
chr2R	22925581	+	NP_001097425.1
chr2R	22937864	+	NP_611740.1
chr2R	22943209	+	NP_001261147.1
chr2R	23046483	+	NP_001286752.1
chr2R	23057517	+	NP_995925.2
chr2R	23064829	+	NP_524760.1
chr2R	23067727	+	NP_726285.1
chr2R	23075255	+	NP_001261149.1
chr2R	23080561	+	NP_726287.2
chr2R	23087266	+	NP_611755.2
chr2R	23138675	+	NP_726294.1
chr2R	23142166	+	NP_611762.1
chr2R	23152794	+	NP_001246476.1
chr2R	23158969	+	NP_611764.1
chr2R	23184467	+	NP_001286759.1
chr2R	23232793	+	NP_611770.1
chr2R	23270508	+	NP_611773.2
chr2R	23284304	+	NP_001286762.1
chr2R	23323778	+	NP_611778.1
chr2R	23346668	+	NP_611780.3
chr2R	23351623	+	NP_001097430.1
chr2R	23355354	+	NP_001246480.1
chr2R	23357755	+	NP_001163262.1
chr2R	23367104	+	NP_611786.1
chr2R	23378866	+	NP_523820.2
chr2R	23381259	+	NP_611788.1
chr2R	23386798	+	NP_611790.1
chr2R	23416068	+	NP_726325.1
chr2R	23456490	+	NP_001097435.2
chr2R	23499732	+	NP_611800.1
chr2R	23503330	+	NP_611801.1
chr2R	23524350	+	NP_611803.1
chr2R	23542510	+	NP_788432.1
chr2R	23548290	+	NP_611805.1
chr2R	23551723	+	NP_476974.1
chr2R	23556756	+	NP_611808.2
chr2R	23602717	+	NP_611810.1
chr2R	23633178	+	NP_788434.1
chr2R	23665294	+	NP_001401020.1
chr2R	23681704	+	NP_611815.3
chr2R	23683397	+	NP_001137744.1
chr2R	23688295	+	NP_001286776.1
chr2R	23694118	+	NP_477204.1
chr2R	23698224	+	NP_523828.1
chr2R	23702635	+	NP_524871.1
chr2R	23707154	+	NP_001286777.1
chr2R	23722273	+	NP_001369114.1
chr2R	23747599	+	NP_001286780.1
chr2R	23750685	+	NP_611824.1
chr2R	23751949	+	NP_611825.1
chr2R	23801647	+	NP_726366.1
chr2R	23804939	+	NP_001286782.1
chr2R	23809359	+	NP_611832.1
chr2R	23829996	+	NP_611836.2
chr2R	23841053	+	NP_001369115.1
chr2R	23845159	+	NP_001286784.1
chr2R	23851755	+	NP_477340.1
chr2R	23865523	+	NP_611840.1
chr2R	23870872	+	NP_523833.1
chr2R	23878893	+	NP_001033968.1
chr2R	23887078	+	NP_611841.1
chr2R	23890596	+	NP_611843.2
chr2R	23895263	+	NP_611845.2
chr2R	23898670	+	NP_611847.2
chr2R	23909698	+	NP_001286793.1
chr2R	23940430	+	NP_523835.2
chr2R	23944465	+	NP_477505.1
chr2R	23949429	+	NP_611853.2
chr2R	23954164	+	NP_611856.1
chr2R	23958190	+	NP_652073.2
chr2R	23963060	+	NP_611859.1
chr2R	23968020	+	NP_536793.1
chr2R	23970695	+	NP_611861.1
chr2R	23972509	+	NP_611862.1
chr2R	23980212	+	NP_001286801.1
chr2R	23986720	+	NP_726395.1
chr2R	23988831	+	NP_611864.1
chr2R	24017514	+	NP_611869.1
chr2R	24022574	+	NP_611871.2
chr2R	24027015	+	NP_001286808.1
chr2R	24029378	+	NP_611872.1
chr2R	24034698	+	NP_001286812.1
chr2R	24038062	+	NP_611875.1
chr2R	24049431	+	NP_001286814.1
chr2R	24055471	+	NP_001097443.1
chr2R	24058486	+	NP_726411.1
chr2R	24060538	+	NP_726413.1
chr2R	24063439	+	NP_477402.1
chr2R	24069200	+	NP_001286819.1
chr2R	24075223	+	NP_788435.1
chr2R	24081023	+	NP_611882.1
chr2R	24083030	+	NP_001286822.1
chr2R	24087551	+	NP_001246487.1
chr2R	24099881	+	NP_001286823.1
chr2R	24115056	+	NP_001246488.1
chr2R	24119999	+	NP_611887.2
chr2R	24134016	+	NP_611890.1
chr2R	24154977	+	NP_001401022.1
chr2R	24159471	+	NP_524664.1
chr2R	24166474	+	NP_001369116.1
chr2R	24174955	+	NP_001163289.1
chr2R	24188358	+	NP_001188998.1
chr2R	24195872	+	NP_611895.1
chr2R	24198101	+	NP_611896.1
chr2R	24244707	+	NP_611900.1
chr2R	24255389	+	NP_611903.1
chr2R	24261831	+	NP_001246491.1
chr2R	24276129	+	NP_523841.3
chr2R	24294221	+	NP_726437.2
chr2R	24306082	+	NP_523842.2
chr2R	24344090	+	NP_001137751.1
chr2R	24378127	+	NP_611907.2
chr2R	24403190	+	NP_001261168.1
chr2R	24411963	+	NP_001286840.1
chr2R	24414778	+	NP_001286842.1
chr2R	24445553	+	NP_611912.1
chr2R	24472838	+	NP_611914.1
chr2R	24483047	+	NP_611917.2
chr2R	24494606	+	NP_524736.1
chr2R	24506963	+	NP_611921.1
chr2R	24515725	+	NP_001137755.1
chr2R	24519423	+	NP_001137757.2
chr2R	24526301	+	NP_611925.2
chr2R	24532470	+	NP_611928.1
chr2R	24536199	+	NP_611930.1
chr2R	24555354	+	NP_001036569.2
chr2R	24561860	+	NP_611932.2
chr2R	24565586	+	NP_611933.1
chr2R	24571906	+	NP_611935.1
chr2R	24574990	+	NP_995939.1
chr2R	24588755	+	NP_611938.2
chr2R	24597995	+	NP_611939.1
chr2R	24600048	+	NP_611941.1
chr2R	24602522	+	NP_611942.1
chr2R	24607366	+	NP_611946.2
chr2R	24612175	+	NP_611947.2
chr2R	24631186	+	NP_523850.1
chr2R	24639696	+	NP_611950.1
chr2R	24661595	+	NP_611952.1
chr2R	24664551	+	NP_611954.2
chr2R	24669571	+	NP_523851.1
chr2R	24744267	+	NP_611959.2
chr2R	24757495	+	NP_611961.1
chr2R	24761288	+	NP_611962.2
chr2R	24763255	+	NP_611963.5
chr2R	24780958	+	NP_523855.1
chr2R	24783655	+	NP_611968.1
chr2R	24797925	+	NP_611969.2
chr2R	24809462	+	NP_001189006.2
chr2R	24815437	+	NP_001137759.1
chr2R	24849012	+	NP_611971.1
chr2R	24870210	+	NP_001033973.1
chr2R	24877204	+	NP_611974.2
chr2R	24882960	+	NP_001163297.1
chr2R	24894570	+	NP_001261174.1
chr2R	24938461	+	NP_001246513.1
chr2R	24945761	+	NP_611985.2
chr2R	24949633	+	NP_001286866.1
chr2R	24969847	+	NP_001286868.1
chr2R	24988215	+	NP_611992.3
chr2R	25027776	+	NP_001286875.1
chr2R	25032608	+	NP_001036570.1
chr2R	25062148	+	NP_523863.1
chr2R	25129611	+	NP_726509.1
chr2R	25167934	+	NP_001033975.2
chr2R	25226952	+	NP_001261181.1
chr2R	25246529	+	NP_726512.1
chr2R	25253439	+	NP_726513.1
chr2R	927562	-	NP_001104344.2
chr2R	1345085	-	NP_001287636.1
chr2R	1516620	-	NP_001104014.1
chr2R	2119185	-	NP_001263157.1
chr2R	2553873	-	NP_001015096.2
chr2R	2846706	-	NP_001263159.1
chr2R	2967146	-	NP_001263160.1
chr2R	3364402	-	NP_001104375.2
chr2R	3943067	-	NP_001104391.2
chr2R	4188014	-	NP_001260699.1
chr2R	4242847	-	NP_001036437.1
chr2R	4470882	-	NP_001286135.1
chr2R	4516319	-	NP_001260700.1
chr2R	4728499	-	NP_001163052.1
chr2R	4788586	-	NP_001286136.1
chr2R	4819935	-	NP_001036462.1
chr2R	4907656	-	NP_001260705.2
chr2R	5069987	-	NP_001246139.1
chr2R	5121462	-	NP_724399.2
chr2R	5250965	-	NP_001097192.2
chr2R	5340742	-	NP_610165.1
chr2R	5352116	-	NP_724409.3
chr2R	5362738	-	NP_724410.1
chr2R	5495606	-	NP_610172.1
chr2R	5507686	-	NP_001163055.1
chr2R	5604754	-	NP_652100.1
chr2R	5647821	-	NP_001286141.1
chr2R	5662643	-	NP_001260712.1
chr2R	5688002	-	NP_610180.1
chr2R	5725859	-	NP_523621.2
chr2R	5760312	-	NP_610183.1
chr2R	5778494	-	NP_724431.1
chr2R	5792963	-	NP_523622.2
chr2R	5798512	-	NP_523624.2
chr2R	5879648	-	NP_001286143.1
chr2R	5966709	-	NP_001286144.1
chr2R	5974283	-	NP_477382.1
chr2R	5980694	-	NP_724440.1
chr2R	6015400	-	NP_523625.1
chr2R	6023042	-	NP_001260718.1
chr2R	6035506	-	NP_788277.1
chr2R	6038400	-	NP_001188865.1
chr2R	6050122	-	NP_001188866.1
chr2R	6059435	-	NP_610198.1
chr2R	6076258	-	NP_001188867.1
chr2R	6085225	-	NP_610202.3
chr2R	6152493	-	NP_001163061.1
chr2R	6181619	-	NP_610208.1
chr2R	6189421	-	NP_001246146.1
chr2R	6198219	-	NP_724464.2
chr2R	6209308	-	NP_610212.1
chr2R	6213941	-	NP_001246147.1
chr2R	6600978	-	NP_610214.2
chr2R	6624577	-	NP_001027393.1
chr2R	6632111	-	NP_476801.1
chr2R	6635987	-	NP_477439.2
chr2R	6645011	-	NP_610217.1
chr2R	6656229	-	NP_610218.1
chr2R	6661928	-	NP_525106.2
chr2R	6673041	-	NP_001163062.1
chr2R	6675690	-	NP_610224.1
chr2R	6680179	-	NP_610226.2
chr2R	6688502	-	NP_724489.1
chr2R	6696399	-	NP_610229.1
chr2R	6704393	-	NP_001163063.1
chr2R	6705831	-	NP_001286148.1
chr2R	6717676	-	NP_525107.1
chr2R	6719533	-	NP_610231.2
chr2R	6740252	-	NP_001036474.2
chr2R	6756967	-	NP_610234.3
chr2R	6758771	-	NP_610235.1
chr2R	6796940	-	NP_724498.1
chr2R	6810437	-	NP_610238.2
chr2R	6831762	-	NP_001097204.1
chr2R	6838802	-	NP_652314.1
chr2R	6866884	-	NP_610242.1
chr2R	6880715	-	NP_610243.4
chr2R	6962951	-	NP_001188870.1
chr2R	6974869	-	NP_001286150.1
chr2R	6985418	-	NP_477305.1
chr2R	7011651	-	NP_001286152.1
chr2R	7037669	-	NP_001246160.1
chr2R	7057535	-	NP_001260759.1
chr2R	7061356	-	NP_610256.1
chr2R	7063498	-	NP_523643.2
chr2R	7073895	-	NP_001286154.1
chr2R	7129777	-	NP_523645.1
chr2R	7132089	-	NP_523646.1
chr2R	7149637	-	NP_001097206.1
chr2R	7155358	-	NP_001027395.1
chr2R	7158147	-	NP_524851.1
chr2R	7234892	-	NP_523647.2
chr2R	7245301	-	NP_651995.1
chr2R	7261138	-	NP_610265.1
chr2R	7277882	-	NP_001286155.1
chr2R	7377594	-	NP_001260764.1
chr2R	7386979	-	NP_477092.1
chr2R	7393149	-	NP_523650.2
chr2R	7395866	-	NP_610270.1
chr2R	7406332	-	NP_724550.1
chr2R	7409360	-	NP_001260767.1
chr2R	7428553	-	NP_610275.2
chr2R	7445695	-	NP_001137612.1
chr2R	7449768	-	NP_610279.3
chr2R	7458737	-	NP_477405.1
chr2R	7463004	-	NP_001286159.1
chr2R	7475494	-	NP_610284.1
chr2R	7486105	-	NP_724568.1
chr2R	7492189	-	NP_610286.2
chr2R	7496261	-	NP_610287.2
chr2R	7499774	-	NP_001286160.1
chr2R	7510111	-	NP_610288.1
chr2R	7512695	-	NP_610289.2
chr2R	7516264	-	NP_001260778.1
chr2R	7518860	-	NP_610291.2
chr2R	7525586	-	NP_477303.1
chr2R	7529077	-	NP_724572.1
chr2R	7539590	-	NP_610296.2
chr2R	7566662	-	NP_610298.2
chr2R	7585110	-	NP_001163074.1
chr2R	7589689	-	NP_610300.1
chr2R	7606088	-	NP_001188873.1
chr2R	7655126	-	NP_610305.1
chr2R	7660588	-	NP_610307.2
chr2R	7668945	-	NP_610311.1
chr2R	7671002	-	NP_610312.1
chr2R	7674303	-	NP_610313.1
chr2R	7676235	-	NP_610315.1
chr2R	7698146	-	NP_001163076.1
chr2R	7708945	-	NP_001097213.2
chr2R	7729704	-	NP_001260789.1
chr2R	7779464	-	NP_001356960.1
chr2R	7785029	-	NP_523651.4
chr2R	7793120	-	NP_525108.2
chr2R	7804736	-	NP_610324.2
chr2R	7811986	-	NP_610325.1
chr2R	7823466	-	NP_001334714.1
chr2R	7825123	-	NP_724612.2
chr2R	7828485	-	NP_724614.1
chr2R	7831595	-	NP_001163078.1
chr2R	7861070	-	NP_001260792.1
chr2R	7916352	-	NP_995776.1
chr2R	7922543	-	NP_523656.2
chr2R	7924916	-	NP_001246194.1
chr2R	7932349	-	NP_001097221.1
chr2R	7939558	-	NP_610333.1
chr2R	7954045	-	NP_788283.1
chr2R	7959710	-	NP_610338.1
chr2R	7961649	-	NP_651961.1
chr2R	7968008	-	NP_001369065.1
chr2R	7971738	-	NP_724634.1
chr2R	7985761	-	NP_001097227.2
chr2R	7994927	-	NP_610344.2
chr2R	7998092	-	NP_523657.1
chr2R	8001964	-	NP_001286180.1
chr2R	8012728	-	NP_610346.1
chr2R	8057343	-	NP_724641.1
chr2R	8067444	-	NP_652401.1
chr2R	8079950	-	NP_001260796.1
chr2R	8082091	-	NP_001286182.1
chr2R	8098320	-	NP_724644.1
chr2R	8105849	-	NP_610352.2
chr2R	8122385	-	NP_001163085.1
chr2R	8127199	-	NP_001286184.1
chr2R	8131144	-	NP_724647.1
chr2R	8135011	-	NP_001286186.1
chr2R	8142822	-	NP_001188881.1
chr2R	8148283	-	NP_724649.1
chr2R	8163324	-	NP_610360.2
chr2R	8164602	-	NP_001286189.1
chr2R	8173497	-	NP_610363.1
chr2R	8205683	-	NP_610364.1
chr2R	8228615	-	NP_001097229.1
chr2R	8232048	-	NP_476923.1
chr2R	8249332	-	NP_001286190.1
chr2R	8261200	-	NP_001286192.1
chr2R	8264293	-	NP_610369.1
chr2R	8269308	-	NP_724665.1
chr2R	8366385	-	NP_001286195.1
chr2R	8367808	-	NP_610374.2
chr2R	8369920	-	NP_724676.1
chr2R	8411582	-	NP_610378.1
chr2R	8417706	-	NP_001246202.1
chr2R	8431201	-	NP_001260801.1
chr2R	8434533	-	NP_001260802.1
chr2R	8442752	-	NP_001260805.1
chr2R	8451884	-	NP_476627.3
chr2R	8457856	-	NP_476628.2
chr2R	8471649	-	NP_001286198.1
chr2R	8521558	-	NP_001260806.1
chr2R	8552253	-	NP_610388.1
chr2R	8565937	-	NP_001286199.1
chr2R	8583624	-	NP_610391.1
chr2R	8594863	-	NP_610394.2
chr2R	8599837	-	NP_001286201.1
chr2R	8614155	-	NP_610396.2
chr2R	8627584	-	NP_610399.1
chr2R	8631704	-	NP_610401.1
chr2R	8679828	-	NP_724698.1
chr2R	8695235	-	NP_001286205.1
chr2R	8701628	-	NP_610404.1
chr2R	8709368	-	NP_001097232.2
chr2R	8712913	-	NP_610408.2
chr2R	8723430	-	NP_652400.3
chr2R	8733876	-	NP_724709.1
chr2R	8891300	-	NP_001260812.1
chr2R	8900120	-	NP_001286216.1
chr2R	8901307	-	NP_610417.1
chr2R	8906912	-	NP_610418.1
chr2R	8910349	-	NP_610420.1
chr2R	8913566	-	NP_724723.1
chr2R	8918814	-	NP_001097233.1
chr2R	8922649	-	NP_001286218.1
chr2R	8928099	-	NP_610426.2
chr2R	8939753	-	NP_610429.2
chr2R	8947271	-	NP_610431.1
chr2R	8950756	-	NP_001246212.1
chr2R	8965476	-	NP_610434.1
chr2R	8985158	-	NP_610435.4
chr2R	9001606	-	NP_001246213.1
chr2R	9013181	-	NP_001286222.1
chr2R	9016679	-	NP_610439.1
chr2R	9023392	-	NP_610441.2
chr2R	9044620	-	NP_001286223.1
chr2R	9059323	-	NP_001246214.1
chr2R	9061860	-	NP_001286225.1
chr2R	9087557	-	NP_610448.2
chr2R	9092471	-	NP_001260817.1
chr2R	9094531	-	NP_788289.1
chr2R	9098450	-	NP_610451.1
chr2R	9109394	-	NP_610453.1
chr2R	9113871	-	NP_610455.1
chr2R	9131499	-	NP_001188890.1
chr2R	9137599	-	NP_995783.1
chr2R	9143797	-	NP_610462.3
chr2R	9161162	-	NP_610464.1
chr2R	9164950	-	NP_610465.2
chr2R	9167463	-	NP_523665.2
chr2R	9176779	-	NP_001286236.1
chr2R	9186133	-	NP_001286238.1
chr2R	9191748	-	NP_724769.2
chr2R	9207024	-	NP_610469.3
chr2R	9246894	-	NP_724772.1
chr2R	9283848	-	NP_788294.1
chr2R	9286507	-	NP_610475.1
chr2R	9291457	-	NP_610477.2
chr2R	9307794	-	NP_001260821.1
chr2R	9374236	-	NP_001260822.1
chr2R	9398631	-	NP_610483.1
chr2R	9400048	-	NP_001027396.1
chr2R	9409510	-	NP_477193.1
chr2R	9423622	-	NP_610486.1
chr2R	9444683	-	NP_610488.1
chr2R	9454948	-	NP_001027397.1
chr2R	9546903	-	NP_001260828.1
chr2R	9578289	-	NP_001097244.1
chr2R	9584233	-	NP_724802.1
chr2R	9586665	-	NP_610502.1
chr2R	9602860	-	NP_001097246.3
chr2R	9609409	-	NP_610510.2
chr2R	9682932	-	NP_001260830.1
chr2R	9693040	-	NP_001260831.1
chr2R	9744897	-	NP_001260832.1
chr2R	9757869	-	NP_001260833.1
chr2R	9779738	-	NP_610516.1
chr2R	9819858	-	NP_724824.1
chr2R	9827125	-	NP_724825.2
chr2R	9829797	-	NP_724829.1
chr2R	9839413	-	NP_610522.1
chr2R	9842050	-	NP_610524.1
chr2R	9847717	-	NP_477319.1
chr2R	9856182	-	NP_610527.1
chr2R	9865509	-	NP_724848.1
chr2R	9881192	-	NP_001286258.1
chr2R	9891402	-	NP_001260838.1
chr2R	9901142	-	NP_610535.1
chr2R	9921663	-	NP_001260842.1
chr2R	9959675	-	NP_610538.1
chr2R	9964716	-	NP_610539.1
chr2R	10005370	-	NP_724860.2
chr2R	10032529	-	NP_001260843.1
chr2R	10048346	-	NP_001286266.1
chr2R	10051886	-	NP_610547.1
chr2R	10054567	-	NP_523672.1
chr2R	10066486	-	NP_610549.1
chr2R	10068634	-	NP_523674.1
chr2R	10075605	-	NP_610551.1
chr2R	10086963	-	NP_523675.1
chr2R	10099486	-	NP_610554.1
chr2R	10122524	-	NP_652029.3
chr2R	10154774	-	NP_001137632.1
chr2R	10158049	-	NP_001260853.1
chr2R	10199583	-	NP_001286272.1
chr2R	10237040	-	NP_001260854.1
chr2R	10247414	-	NP_610565.2
chr2R	10251974	-	NP_523680.1
chr2R	10309663	-	NP_724916.1
chr2R	10312023	-	NP_610574.1
chr2R	10320370	-	NP_001097257.1
chr2R	10412315	-	NP_001260861.1
chr2R	10421166	-	NP_001260866.1
chr2R	10427819	-	NP_610584.2
chr2R	10437337	-	NP_001260868.1
chr2R	10456127	-	NP_724937.1
chr2R	10468445	-	NP_610589.2
chr2R	10473409	-	NP_523685.2
chr2R	10480038	-	NP_610591.1
chr2R	10533749	-	NP_001260870.2
chr2R	10645130	-	NP_610599.3
chr2R	10725030	-	NP_523687.1
chr2R	10730861	-	NP_001286292.1
chr2R	10739720	-	NP_610605.1
chr2R	10757450	-	NP_001188904.1
chr2R	10805686	-	NP_610608.1
chr2R	10810876	-	NP_610610.1
chr2R	10812749	-	NP_610612.1
chr2R	10819100	-	NP_610614.1
chr2R	10821610	-	NP_610615.1
chr2R	10823263	-	NP_610617.1
chr2R	10833869	-	NP_001286299.1
chr2R	10838649	-	NP_001286300.1
chr2R	10861247	-	NP_001097263.1
chr2R	10875371	-	NP_724982.1
chr2R	10879605	-	NP_476957.1
chr2R	10893969	-	NP_477207.1
chr2R	10897793	-	NP_001260877.1
chr2R	10898964	-	NP_001260878.1
chr2R	10941588	-	NP_001286302.1
chr2R	11099633	-	NP_001260879.1
chr2R	11121848	-	NP_001286304.1
chr2R	11125614	-	NP_995812.1
chr2R	11142929	-	NP_001260881.1
chr2R	11149777	-	NP_610639.1
chr2R	11219167	-	NP_001286306.1
chr2R	11229982	-	NP_001286309.1
chr2R	11233704	-	NP_610644.1
chr2R	11236608	-	NP_610647.1
chr2R	11237616	-	NP_001097266.1
chr2R	11238963	-	NP_610648.1
chr2R	11240018	-	NP_610649.1
chr2R	11242166	-	NP_610650.1
chr2R	11252891	-	NP_610654.1
chr2R	11259839	-	NP_610657.1
chr2R	11261790	-	NP_610658.1
chr2R	11272391	-	NP_001188905.1
chr2R	11275232	-	NP_001286310.1
chr2R	11278406	-	NP_610661.1
chr2R	11279595	-	NP_610662.1
chr2R	11283725	-	NP_001260886.1
chr2R	11288544	-	NP_725020.1
chr2R	11293017	-	NP_610666.1
chr2R	11297355	-	NP_652387.1
chr2R	11302976	-	NP_610669.1
chr2R	11307442	-	NP_477380.1
chr2R	11317493	-	NP_725030.2
chr2R	11321312	-	NP_523690.3
chr2R	11338684	-	NP_610674.5
chr2R	11340099	-	NP_523691.1
chr2R	11341423	-	NP_523692.1
chr2R	11342742	-	NP_523693.1
chr2R	11346047	-	NP_476771.1
chr2R	11349855	-	NP_725034.1
chr2R	11354359	-	NP_725036.1
chr2R	11356472	-	NP_610675.1
chr2R	11359003	-	NP_610676.2
chr2R	11360085	-	NP_610677.1
chr2R	11371012	-	NP_001286315.1
chr2R	11379027	-	NP_725044.1
chr2R	11382311	-	NP_001036536.1
chr2R	11391148	-	NP_610683.1
chr2R	11410423	-	NP_725049.3
chr2R	11429068	-	NP_001286316.1
chr2R	11527670	-	NP_725059.1
chr2R	11592119	-	NP_725062.2
chr2R	11618971	-	NP_610687.1
chr2R	11625192	-	NP_001369081.1
chr2R	11650850	-	NP_001260901.1
chr2R	11678365	-	NP_001163119.1
chr2R	11686414	-	NP_610695.1
chr2R	11690719	-	NP_476975.1
chr2R	11702449	-	NP_610697.1
chr2R	11789493	-	NP_610700.1
chr2R	11839353	-	NP_610703.3
chr2R	11843953	-	NP_610705.1
chr2R	11863215	-	NP_610707.2
chr2R	11866354	-	NP_001303345.1
chr2R	11885446	-	NP_001097279.2
chr2R	11890819	-	NP_725084.2
chr2R	11903773	-	NP_001163122.1
chr2R	11906447	-	NP_610713.2
chr2R	11968451	-	NP_001260905.1
chr2R	11980485	-	NP_725096.2
chr2R	11982724	-	NP_788328.1
chr2R	11985266	-	NP_525111.1
chr2R	11988669	-	NP_001286324.1
chr2R	12018929	-	NP_523705.2
chr2R	12024888	-	NP_612571.1
chr2R	12027248	-	NP_612572.3
chr2R	12037165	-	NP_001246272.1
chr2R	12051627	-	NP_725100.1
chr2R	12079318	-	NP_610724.1
chr2R	12118060	-	NP_001260910.1
chr2R	12139924	-	NP_610729.1
chr2R	12144509	-	NP_610731.2
chr2R	12149977	-	NP_610733.1
chr2R	12162693	-	NP_610735.1
chr2R	12165634	-	NP_001097283.1
chr2R	12174116	-	NP_725105.1
chr2R	12178473	-	NP_610737.1
chr2R	12179793	-	NP_610738.1
chr2R	12184189	-	NP_523708.2
chr2R	12190362	-	NP_610744.1
chr2R	12198830	-	NP_610746.1
chr2R	12200786	-	NP_725114.1
chr2R	12211143	-	NP_001188908.1
chr2R	12226343	-	NP_001260914.1
chr2R	12244662	-	NP_001246275.1
chr2R	12301123	-	NP_610755.2
chr2R	12306098	-	NP_610756.2
chr2R	12325900	-	NP_725132.1
chr2R	12341670	-	NP_610764.1
chr2R	12380421	-	NP_610770.1
chr2R	12391654	-	NP_610773.1
chr2R	12419294	-	NP_001303346.1
chr2R	12422483	-	NP_610779.1
chr2R	12427779	-	NP_610782.1
chr2R	12430936	-	NP_610783.1
chr2R	12435281	-	NP_725167.1
chr2R	12441189	-	NP_725170.1
chr2R	12468072	-	NP_610785.1
chr2R	12487367	-	NP_001097289.2
chr2R	12504568	-	NP_001356962.1
chr2R	12510439	-	NP_523714.2
chr2R	12514244	-	NP_725182.1
chr2R	12518807	-	NP_610794.1
chr2R	12564901	-	NP_001027410.1
chr2R	12569726	-	NP_610797.1
chr2R	12585711	-	NP_725188.1
chr2R	12632156	-	NP_001260921.1
chr2R	12636084	-	NP_001027412.1
chr2R	12643986	-	NP_610804.1
chr2R	12652405	-	NP_610805.1
chr2R	12667953	-	NP_725210.1
chr2R	12679402	-	NP_610809.3
chr2R	12686072	-	NP_610810.2
chr2R	12690920	-	NP_725221.1
chr2R	12692619	-	NP_610813.3
chr2R	12756058	-	NP_610817.1
chr2R	12757429	-	NP_476985.1
chr2R	12760515	-	NP_477216.1
chr2R	12842521	-	NP_610820.1
chr2R	12848965	-	NP_610821.1
chr2R	12869045	-	NP_001246286.1
chr2R	12876790	-	NP_610823.1
chr2R	12879203	-	NP_725240.1
chr2R	12933738	-	NP_610827.2
chr2R	12935953	-	NP_610828.2
chr2R	12938270	-	NP_725245.1
chr2R	12945187	-	NP_001163132.1
chr2R	12952176	-	NP_001286366.1
chr2R	12978163	-	NP_001286369.1
chr2R	13047216	-	NP_001286370.1
chr2R	13049618	-	NP_610833.1
chr2R	13072698	-	NP_001286371.1
chr2R	13128938	-	NP_610837.1
chr2R	13132372	-	NP_610838.1
chr2R	13158935	-	NP_477086.2
chr2R	13166561	-	NP_610841.1
chr2R	13187825	-	NP_001260943.1
chr2R	13206508	-	NP_476904.1
chr2R	13212175	-	NP_001097299.1
chr2R	13213928	-	NP_001163140.1
chr2R	13218145	-	NP_001260948.1
chr2R	13220196	-	NP_001286382.1
chr2R	13222169	-	NP_610849.1
chr2R	13229958	-	NP_610850.1
chr2R	13234897	-	NP_001286383.1
chr2R	13239326	-	NP_610854.1
chr2R	13254225	-	NP_725272.2
chr2R	13278140	-	NP_001260951.1
chr2R	13298467	-	NP_610864.1
chr2R	13354333	-	NP_001188918.1
chr2R	13377688	-	NP_610868.1
chr2R	13393218	-	NP_001286386.1
chr2R	13399327	-	NP_610871.1
chr2R	13409817	-	NP_725289.1
chr2R	13414544	-	NP_610872.1
chr2R	13438679	-	NP_725292.2
chr2R	13450358	-	NP_001014523.1
chr2R	13481968	-	NP_524737.2
chr2R	13485284	-	NP_610876.1
chr2R	13494471	-	NP_001246300.1
chr2R	13501890	-	NP_725306.1
chr2R	13528365	-	NP_001260956.1
chr2R	13547577	-	NP_725315.1
chr2R	13553161	-	NP_788348.1
chr2R	13572530	-	NP_725321.2
chr2R	13574182	-	NP_001188920.1
chr2R	13591772	-	NP_001260958.1
chr2R	13601012	-	NP_001246302.1
chr2R	13605334	-	NP_001286390.1
chr2R	13609125	-	NP_610893.1
chr2R	13663498	-	NP_610894.1
chr2R	13693275	-	NP_610897.1
chr2R	13779942	-	NP_610900.1
chr2R	13824128	-	NP_725327.1
chr2R	13835062	-	NP_001286395.1
chr2R	13845794	-	NP_610908.1
chr2R	13854198	-	NP_610910.1
chr2R	13855752	-	NP_610911.1
chr2R	13858485	-	NP_610912.2
chr2R	13861842	-	NP_610914.2
chr2R	13933726	-	NP_001246311.1
chr2R	13943353	-	NP_610916.1
chr2R	13954807	-	NP_523734.1
chr2R	13960088	-	NP_610917.1
chr2R	13971127	-	NP_001286398.1
chr2R	13972677	-	NP_001286399.1
chr2R	13979340	-	NP_610920.3
chr2R	13983235	-	NP_610921.1
chr2R	13989836	-	NP_001260961.1
chr2R	14092160	-	NP_001246315.2
chr2R	14153001	-	NP_725358.1
chr2R	14157404	-	NP_652380.2
chr2R	14161161	-	NP_001286405.1
chr2R	14164531	-	NP_610932.1
chr2R	14173485	-	NP_523737.1
chr2R	14200721	-	NP_610938.1
chr2R	14211340	-	NP_523739.2
chr2R	14216533	-	NP_610939.2
chr2R	14235314	-	NP_001286412.1
chr2R	14239121	-	NP_610942.2
chr2R	14255923	-	NP_523741.2
chr2R	14264197	-	NP_001286415.1
chr2R	14270162	-	NP_725374.1
chr2R	14302245	-	NP_610950.2
chr2R	14357198	-	NP_610954.1
chr2R	14360200	-	NP_610955.1
chr2R	14371024	-	NP_725385.1
chr2R	14375331	-	NP_001097314.1
chr2R	14411411	-	NP_001286418.1
chr2R	14432093	-	NP_725394.1
chr2R	14503364	-	NP_995833.1
chr2R	14515128	-	NP_610968.1
chr2R	14546258	-	NP_725400.2
chr2R	14554309	-	NP_001260973.1
chr2R	14575625	-	NP_523742.2
chr2R	14601118	-	NP_523743.1
chr2R	14604099	-	NP_476766.1
chr2R	14617866	-	NP_610971.2
chr2R	14621252	-	NP_610973.3
chr2R	14640626	-	NP_610975.1
chr2R	14658665	-	NP_610977.1
chr2R	14666691	-	NP_610978.2
chr2R	14713268	-	NP_001286427.1
chr2R	14739209	-	NP_001369086.1
chr2R	14744018	-	NP_001246323.1
chr2R	14752836	-	NP_001246325.1
chr2R	14755574	-	NP_725414.1
chr2R	14759556	-	NP_610986.1
chr2R	14768023	-	NP_001260979.1
chr2R	14807061	-	NP_001260980.1
chr2R	14819915	-	NP_610992.2
chr2R	14845437	-	NP_525116.2
chr2R	14852554	-	NP_001260982.1
chr2R	14854959	-	NP_610996.1
chr2R	14860639	-	NP_001014528.1
chr2R	14870231	-	NP_001286430.1
chr2R	14881326	-	NP_523748.2
chr2R	14886865	-	NP_611003.2
chr2R	14888980	-	NP_523749.2
chr2R	14926323	-	NP_001188934.1
chr2R	14932979	-	NP_001188936.1
chr2R	14961774	-	NP_001260987.1
chr2R	14989443	-	NP_995838.1
chr2R	14993751	-	NP_611012.1
chr2R	15013499	-	NP_001246329.1
chr2R	15024839	-	NP_725436.1
chr2R	15056241	-	NP_995840.1
chr2R	15147755	-	NP_001097319.1
chr2R	15193221	-	NP_001163157.1
chr2R	15194505	-	NP_001260989.1
chr2R	15201030	-	NP_611016.2
chr2R	15213489	-	NP_001260992.1
chr2R	15215600	-	NP_001286441.1
chr2R	15217564	-	NP_611022.2
chr2R	15220264	-	NP_524674.1
chr2R	15236491	-	NP_001286445.1
chr2R	15293507	-	NP_001097320.1
chr2R	15298282	-	NP_611027.1
chr2R	15311050	-	NP_611028.1
chr2R	15322020	-	NP_611029.3
chr2R	15326362	-	NP_001286449.1
chr2R	15328244	-	NP_611031.3
chr2R	15371444	-	NP_477023.1
chr2R	15380399	-	NP_524878.1
chr2R	15424055	-	NP_725463.2
chr2R	15427974	-	NP_001097326.1
chr2R	15482417	-	NP_001286459.1
chr2R	15496987	-	NP_611040.2
chr2R	15531189	-	NP_001261000.1
chr2R	15541272	-	NP_611045.1
chr2R	15549760	-	NP_611047.2
chr2R	15564811	-	NP_611049.1
chr2R	15569170	-	NP_477358.1
chr2R	15571302	-	NP_477080.1
chr2R	15573733	-	NP_611050.1
chr2R	15672120	-	NP_001246347.1
chr2R	15678827	-	NP_611051.2
chr2R	15679982	-	NP_476969.1
chr2R	15686082	-	NP_001188942.1
chr2R	15688980	-	NP_611053.1
chr2R	15699863	-	NP_001188945.1
chr2R	15701675	-	NP_001188947.1
chr2R	15712642	-	NP_725492.3
chr2R	15803471	-	NP_001261010.1
chr2R	15821085	-	NP_001033950.2
chr2R	15831043	-	NP_001261016.1
chr2R	15846146	-	NP_001246350.1
chr2R	15860702	-	NP_611063.1
chr2R	15869006	-	NP_725497.1
chr2R	15890603	-	NP_001261017.1
chr2R	15896563	-	NP_995846.2
chr2R	15927555	-	NP_001286469.1
chr2R	15934570	-	NP_788362.1
chr2R	15939965	-	NP_001246354.1
chr2R	15941483	-	NP_611066.1
chr2R	15988924	-	NP_725509.2
chr2R	15992272	-	NP_611070.1
chr2R	15999963	-	NP_001137674.2
chr2R	16007567	-	NP_611074.1
chr2R	16011338	-	NP_611075.1
chr2R	16014696	-	NP_652031.2
chr2R	16017068	-	NP_611078.1
chr2R	16027922	-	NP_995848.1
chr2R	16089681	-	NP_788363.1
chr2R	16102527	-	NP_611084.2
chr2R	16109846	-	NP_477211.1
chr2R	16149614	-	NP_725536.1
chr2R	16158563	-	NP_611090.1
chr2R	16176653	-	NP_611092.2
chr2R	16185985	-	NP_001246362.1
chr2R	16195909	-	NP_788374.1
chr2R	16202827	-	NP_524743.2
chr2R	16205965	-	NP_001246363.1
chr2R	16222627	-	NP_611098.1
chr2R	16225167	-	NP_611099.2
chr2R	16234936	-	NP_611101.1
chr2R	16241835	-	NP_611103.2
chr2R	16255316	-	NP_477116.1
chr2R	16264500	-	NP_523760.1
chr2R	16271485	-	NP_476590.1
chr2R	16278358	-	NP_477344.1
chr2R	16282861	-	NP_611110.2
chr2R	16288924	-	NP_725558.1
chr2R	16294034	-	NP_611113.1
chr2R	16321896	-	NP_611117.2
chr2R	16333412	-	NP_001137679.1
chr2R	16343186	-	NP_725571.1
chr2R	16348466	-	NP_611121.1
chr2R	16355215	-	NP_725573.2
chr2R	16364204	-	NP_001286490.1
chr2R	16419189	-	NP_001163167.1
chr2R	16435797	-	NP_611127.1
chr2R	16485540	-	NP_611131.2
chr2R	16499349	-	NP_611133.1
chr2R	16563957	-	NP_001261026.1
chr2R	16571197	-	NP_725591.1
chr2R	16576293	-	NP_001246369.1
chr2R	16589048	-	NP_611139.1
chr2R	16594090	-	NP_611140.3
chr2R	16598197	-	NP_001286495.1
chr2R	16634653	-	NP_001261027.1
chr2R	16652697	-	NP_477262.1
chr2R	16655046	-	NP_611145.1
chr2R	16663578	-	NP_725600.1
chr2R	16705899	-	NP_001097343.1
chr2R	16745085	-	NP_001286500.1
chr2R	16746483	-	NP_611151.1
chr2R	16750283	-	NP_001286501.1
chr2R	16751234	-	NP_001188961.1
chr2R	16763297	-	NP_001261033.1
chr2R	16765614	-	NP_001137681.1
chr2R	16773789	-	NP_001286503.1
chr2R	16796259	-	NP_611159.2
chr2R	16845007	-	NP_525007.2
chr2R	16855338	-	NP_523765.1
chr2R	16867397	-	NP_725623.2
chr2R	16894269	-	NP_611167.2
chr2R	16948178	-	NP_001097351.1
chr2R	16955155	-	NP_995863.1
chr2R	16960095	-	NP_611172.1
chr2R	17001862	-	NP_001286514.1
chr2R	17005058	-	NP_611177.1
chr2R	17015052	-	NP_001137683.2
chr2R	17018908	-	NP_995867.1
chr2R	17034512	-	NP_725642.3
chr2R	17056732	-	NP_523766.1
chr2R	17062606	-	NP_001246384.1
chr2R	17081257	-	NP_995870.1
chr2R	17091512	-	NP_652032.1
chr2R	17095035	-	NP_001261040.1
chr2R	17120270	-	NP_001286518.1
chr2R	17124227	-	NP_001036553.1
chr2R	17126959	-	NP_611191.1
chr2R	17131509	-	NP_001369094.1
chr2R	17139872	-	NP_001246385.1
chr2R	17140821	-	NP_001246386.1
chr2R	17158982	-	NP_611197.1
chr2R	17160785	-	NP_611198.1
chr2R	17166455	-	NP_001261042.1
chr2R	17187671	-	NP_001334725.1
chr2R	17246269	-	NP_611201.2
chr2R	17247222	-	NP_611202.1
chr2R	17257811	-	NP_001246390.1
chr2R	17407348	-	NP_001286523.1
chr2R	17410111	-	NP_611205.1
chr2R	17419468	-	NP_001286524.1
chr2R	17427421	-	NP_611207.1
chr2R	17430840	-	NP_611209.1
chr2R	17444452	-	NP_523770.2
chr2R	17447228	-	NP_788394.1
chr2R	17451029	-	NP_663308.1
chr2R	17456161	-	NP_001286528.1
chr2R	17469067	-	NP_611215.1
chr2R	17475966	-	NP_001286531.1
chr2R	17484026	-	NP_001286532.1
chr2R	17518109	-	NP_611223.4
chr2R	17534855	-	NP_001261056.1
chr2R	17547426	-	NP_523774.1
chr2R	17568328	-	NP_611232.1
chr2R	17572704	-	NP_001261057.1
chr2R	17581426	-	NP_001286540.1
chr2R	17583943	-	NP_611234.1
chr2R	17586038	-	NP_001286541.1
chr2R	17590354	-	NP_611236.2
chr2R	17592417	-	NP_725699.1
chr2R	17599607	-	NP_001286542.1
chr2R	17637311	-	NP_611239.1
chr2R	17654296	-	NP_611241.2
chr2R	17672534	-	NP_611243.1
chr2R	17678404	-	NP_611244.1
chr2R	17695084	-	NP_611247.3
chr2R	17698254	-	NP_611248.3
chr2R	17708039	-	NP_725709.1
chr2R	17716729	-	NP_001334727.1
chr2R	17726724	-	NP_611252.1
chr2R	17737005	-	NP_725714.1
chr2R	17739549	-	NP_001286547.1
chr2R	17747978	-	NP_611260.1
chr2R	17756378	-	NP_611263.1
chr2R	17772552	-	NP_001286549.1
chr2R	17781781	-	NP_611269.1
chr2R	17789102	-	NP_477414.1
chr2R	17865850	-	NP_001286552.1
chr2R	17871376	-	NP_523780.1
chr2R	17882151	-	NP_725733.1
chr2R	17889900	-	NP_476812.1
chr2R	17894342	-	NP_611275.2
chr2R	17956488	-	NP_476689.1
chr2R	18007148	-	NP_001033956.2
chr2R	18043588	-	NP_001286558.1
chr2R	18045046	-	NP_611282.1
chr2R	18047442	-	NP_611283.1
chr2R	18049706	-	NP_611284.2
chr2R	18052050	-	NP_001286561.1
chr2R	18054006	-	NP_611286.1
chr2R	18057029	-	NP_611287.1
chr2R	18094665	-	NP_001261065.1
chr2R	18105309	-	NP_725747.1
chr2R	18124878	-	NP_725748.1
chr2R	18134080	-	NP_476575.1
chr2R	18147882	-	NP_611294.1
chr2R	18151307	-	NP_001261069.1
chr2R	18155993	-	NP_524778.1
chr2R	18167071	-	NP_611300.2
chr2R	18171220	-	NP_611302.1
chr2R	18179832	-	NP_611304.1
chr2R	18183990	-	NP_611306.1
chr2R	18191637	-	NP_001033958.1
chr2R	18277079	-	NP_476664.2
chr2R	18289585	-	NP_001261074.1
chr2R	18303952	-	NP_001036558.1
chr2R	18381763	-	NP_001246405.1
chr2R	18383203	-	NP_611318.2
chr2R	18385571	-	NP_611320.2
chr2R	18390593	-	NP_788402.1
chr2R	18397465	-	NP_001286570.1
chr2R	18411410	-	NP_001286572.1
chr2R	18439954	-	NP_001097366.1
chr2R	18450908	-	NP_523783.1
chr2R	18454399	-	NP_611336.1
chr2R	18476678	-	NP_611337.2
chr2R	18610732	-	NP_611343.4
chr2R	18612695	-	NP_001188967.1
chr2R	18614943	-	NP_523785.2
chr2R	18617737	-	NP_001246409.1
chr2R	18624959	-	NP_725809.1
chr2R	18631624	-	NP_001286580.1
chr2R	18638960	-	NP_611354.2
chr2R	18642657	-	NP_611355.2
chr2R	18660480	-	NP_611356.1
chr2R	18665678	-	NP_001286584.1
chr2R	18668362	-	NP_523786.2
chr2R	18686616	-	NP_001286585.1
chr2R	18710775	-	NP_611363.2
chr2R	18730239	-	NP_611364.2
chr2R	18744723	-	NP_611365.2
chr2R	18759612	-	NP_001261076.1
chr2R	18776824	-	NP_611373.1
chr2R	18796537	-	NP_725828.1
chr2R	18802066	-	NP_001286591.1
chr2R	18814691	-	NP_725830.1
chr2R	18826044	-	NP_001261079.1
chr2R	18834662	-	NP_611379.2
chr2R	18845863	-	NP_001261081.1
chr2R	18850490	-	NP_611382.1
chr2R	18852763	-	NP_611384.2
chr2R	18855053	-	NP_611385.1
chr2R	18857850	-	NP_788413.4
chr2R	18861926	-	NP_611387.1
chr2R	18865193	-	NP_001286594.1
chr2R	18868153	-	NP_001246415.1
chr2R	18911714	-	NP_725837.1
chr2R	18971008	-	NP_725841.1
chr2R	18972433	-	NP_660193.1
chr2R	19028936	-	NP_001137708.2
chr2R	19036387	-	NP_611391.2
chr2R	19055913	-	NP_611393.2
chr2R	19096174	-	NP_725850.1
chr2R	19129000	-	NP_001286601.1
chr2R	19137043	-	NP_725854.1
chr2R	19251666	-	NP_995887.1
chr2R	19253185	-	NP_001286610.1
chr2R	19283782	-	NP_611402.2
chr2R	19286598	-	NP_611403.1
chr2R	19292097	-	NP_611407.1
chr2R	19310552	-	NP_725873.1
chr2R	19346097	-	NP_001261087.1
chr2R	19370614	-	NP_001261088.1
chr2R	19395743	-	NP_725881.1
chr2R	19396662	-	NP_611420.1
chr2R	19411255	-	NP_001188977.2
chr2R	19436596	-	NP_001137719.2
chr2R	19446139	-	NP_725894.1
chr2R	19451489	-	NP_725896.1
chr2R	19491736	-	NP_611425.1
chr2R	19496748	-	NP_001261092.1
chr2R	19501052	-	NP_001286616.1
chr2R	19513571	-	NP_611432.1
chr2R	19628630	-	NP_001246431.1
chr2R	19647568	-	NP_611436.2
chr2R	19668248	-	NP_001261097.1
chr2R	19681276	-	NP_663310.1
chr2R	19682899	-	NP_001097379.1
chr2R	19687882	-	NP_611441.1
chr2R	19699317	-	NP_611443.1
chr2R	19701068	-	NP_725925.3
chr2R	19703750	-	NP_001286619.1
chr2R	19771233	-	NP_523796.2
chr2R	19784020	-	NP_611447.1
chr2R	19843195	-	NP_001286621.1
chr2R	19880853	-	NP_611449.1
chr2R	19946671	-	NP_001246438.1
chr2R	20004973	-	NP_611452.2
chr2R	20076461	-	NP_001369099.1
chr2R	20212486	-	NP_611455.1
chr2R	20239399	-	NP_611458.2
chr2R	20245249	-	NP_611460.1
chr2R	20247507	-	NP_611461.3
chr2R	20250226	-	NP_001261100.1
chr2R	20257282	-	NP_477394.3
chr2R	20263661	-	NP_476905.1
chr2R	20274238	-	NP_611465.2
chr2R	20280427	-	NP_611467.1
chr2R	20286734	-	NP_611469.1
chr2R	20291833	-	NP_611470.1
chr2R	20306595	-	NP_001286630.1
chr2R	20313023	-	NP_001368955.1
chr2R	20326722	-	NP_722456.1
chr2R	20355053	-	NP_611479.2
chr2R	20513112	-	NP_611482.1
chr2R	20529440	-	NP_725968.1
chr2R	20540401	-	NP_611486.1
chr2R	20551986	-	NP_001286634.1
chr2R	20561770	-	NP_525117.2
chr2R	20562853	-	NP_001286636.1
chr2R	20581633	-	NP_001286637.1
chr2R	20587173	-	NP_611492.1
chr2R	20614694	-	NP_611493.2
chr2R	20623303	-	NP_611495.1
chr2R	20630848	-	NP_611497.1
chr2R	20640581	-	NP_611499.3
chr2R	20643724	-	NP_001027444.1
chr2R	20655006	-	NP_001286641.1
chr2R	20656492	-	NP_611505.1
chr2R	20667194	-	NP_725993.1
chr2R	20670350	-	NP_001163218.1
chr2R	20686910	-	NP_523798.1
chr2R	20730501	-	NP_611511.3
chr2R	20779487	-	NP_001261104.1
chr2R	20783216	-	NP_001356965.1
chr2R	20792138	-	NP_001261107.1
chr2R	20825550	-	NP_477024.1
chr2R	20830370	-	NP_477206.1
chr2R	20852048	-	NP_611517.1
chr2R	20869257	-	NP_001286648.1
chr2R	20902058	-	NP_001356966.1
chr2R	20960587	-	NP_788420.1
chr2R	20973940	-	NP_001163220.1
chr2R	20978237	-	NP_001286655.1
chr2R	20986202	-	NP_611531.2
chr2R	20991171	-	NP_611532.2
chr2R	20994323	-	NP_611533.2
chr2R	21011845	-	NP_726016.1
chr2R	21017200	-	NP_611536.1
chr2R	21056473	-	NP_476722.1
chr2R	21060468	-	NP_611540.1
chr2R	21064820	-	NP_726022.1
chr2R	21067058	-	NP_524962.2
chr2R	21069272	-	NP_611543.3
chr2R	21072734	-	NP_611544.1
chr2R	21090926	-	NP_611545.1
chr2R	21097231	-	NP_477043.1
chr2R	21127019	-	NP_477246.2
chr2R	21138973	-	NP_611551.1
chr2R	21148114	-	NP_611554.1
chr2R	21156943	-	NP_001261117.1
chr2R	21168461	-	NP_001286664.1
chr2R	21170594	-	NP_611559.1
chr2R	21178537	-	NP_611560.1
chr2R	21214905	-	NP_611563.1
chr2R	21217339	-	NP_611564.2
chr2R	21238873	-	NP_001261122.1
chr2R	21267515	-	NP_611566.2
chr2R	21281595	-	NP_001097397.1
chr2R	21290328	-	NP_611571.2
chr2R	21293359	-	NP_001286672.1
chr2R	21295522	-	NP_611573.1
chr2R	21312072	-	NP_611576.1
chr2R	21322882	-	NP_001163236.1
chr2R	21347846	-	NP_611581.1
chr2R	21350435	-	NP_611582.1
chr2R	21366843	-	NP_524809.2
chr2R	21386151	-	NP_001356967.1
chr2R	21480183	-	NP_001356968.1
chr2R	21495324	-	NP_726074.2
chr2R	21501545	-	NP_611585.1
chr2R	21521833	-	NP_611586.1
chr2R	21540573	-	NP_726082.3
chr2R	21571427	-	NP_611588.1
chr2R	21606792	-	NP_001286683.1
chr2R	21612804	-	NP_611591.3
chr2R	21618972	-	NP_001286684.1
chr2R	21624237	-	NP_726092.1
chr2R	21651923	-	NP_726097.1
chr2R	21659932	-	NP_611597.1
chr2R	21661917	-	NP_001286686.1
chr2R	21669818	-	NP_611600.1
chr2R	21687452	-	NP_523805.1
chr2R	21688510	-	NP_726103.1
chr2R	21691109	-	NP_611606.1
chr2R	21696625	-	NP_001286693.1
chr2R	21698540	-	NP_726106.1
chr2R	21711468	-	NP_726108.3
chr2R	21719635	-	NP_001286697.1
chr2R	21791551	-	NP_523806.2
chr2R	21800831	-	NP_652645.1
chr2R	21831348	-	NP_726121.3
chr2R	21833507	-	NP_001033963.1
chr2R	21836313	-	NP_611613.1
chr2R	21838798	-	NP_611615.1
chr2R	21866793	-	NP_611617.1
chr2R	21882448	-	NP_477384.1
chr2R	21936834	-	NP_001261130.1
chr2R	21954772	-	NP_001369109.1
chr2R	21971172	-	NP_001033964.1
chr2R	21979672	-	NP_523808.2
chr2R	21986644	-	NP_726137.2
chr2R	22037530	-	NP_001097404.2
chr2R	22042853	-	NP_524707.1
chr2R	22057681	-	NP_611630.1
chr2R	22060660	-	NP_001286702.1
chr2R	22075205	-	NP_611633.2
chr2R	22088579	-	NP_611637.1
chr2R	22099081	-	NP_001246456.1
chr2R	22112711	-	NP_001163248.1
chr2R	22127362	-	NP_611642.2
chr2R	22131210	-	NP_001097407.1
chr2R	22164594	-	NP_001097408.1
chr2R	22174599	-	NP_611646.1
chr2R	22178487	-	NP_001286707.1
chr2R	22191827	-	NP_611652.2
chr2R	22205550	-	NP_611653.1
chr2R	22207969	-	NP_611654.1
chr2R	22210723	-	NP_001286709.1
chr2R	22226941	-	NP_001286711.1
chr2R	22300939	-	NP_726189.1
chr2R	22329720	-	NP_001097410.1
chr2R	22332044	-	NP_477209.2
chr2R	22346157	-	NP_611663.2
chr2R	22401699	-	NP_001286719.1
chr2R	22411449	-	NP_001286721.1
chr2R	22415395	-	NP_001286722.1
chr2R	22420299	-	NP_523811.1
chr2R	22426913	-	NP_611671.1
chr2R	22477270	-	NP_001286727.1
chr2R	22556783	-	NP_001369112.1
chr2R	22592410	-	NP_001261137.1
chr2R	22605563	-	NP_611684.3
chr2R	22613220	-	NP_611687.1
chr2R	22637590	-	NP_611690.2
chr2R	22640019	-	NP_611692.1
chr2R	22641095	-	NP_611693.1
chr2R	22643807	-	NP_001286734.1
chr2R	22648453	-	NP_726217.2
chr2R	22649736	-	NP_001286735.1
chr2R	22656978	-	NP_611698.1
chr2R	22688721	-	NP_001261138.1
chr2R	22699952	-	NP_476899.1
chr2R	22704398	-	NP_611708.2
chr2R	22706660	-	NP_611710.1
chr2R	22736841	-	NP_001261140.1
chr2R	22777242	-	NP_001356969.1
chr2R	22806681	-	NP_726247.1
chr2R	22853697	-	NP_001286748.1
chr2R	22858598	-	NP_726260.1
chr2R	22882599	-	NP_611731.1
chr2R	22885942	-	NP_001261142.1
chr2R	22888759	-	NP_611734.1
chr2R	22924654	-	NP_726265.4
chr2R	22933447	-	NP_001188991.1
chr2R	22936512	-	NP_611739.1
chr2R	22941090	-	NP_611741.1
chr2R	22986328	-	NP_001188996.1
chr2R	22996428	-	NP_611745.1
chr2R	23041620	-	NP_611747.2
chr2R	23064221	-	NP_001261148.1
chr2R	23074594	-	NP_523817.1
chr2R	23079689	-	NP_611753.4
chr2R	23086217	-	NP_611754.1
chr2R	23093969	-	NP_611756.1
chr2R	23100373	-	NP_611757.1
chr2R	23101692	-	NP_001188997.1
chr2R	23105169	-	NP_726292.1
chr2R	23125907	-	NP_611759.1
chr2R	23130117	-	NP_611760.2
chr2R	23140478	-	NP_611761.1
chr2R	23158113	-	NP_611763.2
chr2R	23191239	-	NP_611765.2
chr2R	23211498	-	NP_611769.2
chr2R	23244833	-	NP_523819.2
chr2R	23247723	-	NP_611771.1
chr2R	23265395	-	NP_611772.2
chr2R	23273774	-	NP_726303.1
chr2R	23283968	-	NP_611774.1
chr2R	23309728	-	NP_611776.1
chr2R	23313298	-	NP_001246478.1
chr2R	23319337	-	NP_726305.1
chr2R	23323294	-	NP_726306.3
chr2R	23327556	-	NP_726307.1
chr2R	23330025	-	NP_726308.1
chr2R	23346461	-	NP_611781.3
chr2R	23357288	-	NP_611783.1
chr2R	23366254	-	NP_524900.1
chr2R	23376914	-	NP_611787.2
chr2R	23383097	-	NP_652302.1
chr2R	23385326	-	NP_001163264.1
chr2R	23386297	-	NP_726319.1
chr2R	23401898	-	NP_001097433.1
chr2R	23419286	-	NP_611793.3
chr2R	23431792	-	NP_001286768.1
chr2R	23441065	-	NP_523821.1
chr2R	23458686	-	NP_611796.1
chr2R	23471710	-	NP_523822.1
chr2R	23473603	-	NP_523823.1
chr2R	23476409	-	NP_611798.1
chr2R	23512200	-	NP_611802.1
chr2R	23523270	-	NP_524713.1
chr2R	23542379	-	NP_523824.1
chr2R	23547610	-	NP_001097436.1
chr2R	23554416	-	NP_726339.2
chr2R	23556138	-	NP_611807.1
chr2R	23602435	-	NP_001163266.1
chr2R	23616602	-	NP_611811.3
chr2R	23685382	-	NP_523827.1
chr2R	23697675	-	NP_001137745.2
chr2R	23700864	-	NP_726357.1
chr2R	23709713	-	NP_523829.2
chr2R	23719845	-	NP_611822.1
chr2R	23744502	-	NP_726360.3
chr2R	23749852	-	NP_001036567.1
chr2R	23792067	-	NP_001261157.1
chr2R	23808863	-	NP_611830.3
chr2R	23818064	-	NP_611833.1
chr2R	23824868	-	NP_611835.1
chr2R	23843194	-	NP_611837.1
chr2R	23844646	-	NP_523831.1
chr2R	23850812	-	NP_001286785.1
chr2R	23858699	-	NP_001286787.1
chr2R	23861446	-	NP_599145.1
chr2R	23864348	-	NP_477376.1
chr2R	23868525	-	NP_477378.1
chr2R	23882317	-	NP_001286791.1
chr2R	23884312	-	NP_523834.1
chr2R	23890192	-	NP_611842.1
chr2R	23894767	-	NP_726375.1
chr2R	23898147	-	NP_611846.1
chr2R	23906700	-	NP_477128.1
chr2R	23932784	-	NP_476832.1
chr2R	23939682	-	NP_001286797.1
chr2R	23948557	-	NP_611852.2
chr2R	23953915	-	NP_611855.1
chr2R	23957182	-	NP_611857.3
chr2R	23962447	-	NP_611858.2
chr2R	23967692	-	NP_001097439.2
chr2R	23970006	-	NP_001286800.1
chr2R	23976891	-	NP_611863.1
chr2R	23988302	-	NP_477225.1
chr2R	23994567	-	NP_611865.1
chr2R	24013861	-	NP_001286805.1
chr2R	24016815	-	NP_001286807.1
chr2R	24021981	-	NP_611870.3
chr2R	24028734	-	NP_001286810.1
chr2R	24031165	-	NP_001286811.1
chr2R	24033700	-	NP_477082.1
chr2R	24037640	-	NP_001286813.1
chr2R	24046668	-	NP_477034.1
chr2R	24048833	-	NP_477469.1
chr2R	24054873	-	NP_001097442.2
chr2R	24062390	-	NP_477314.1
chr2R	24068315	-	NP_726414.3
chr2R	24080476	-	NP_611881.1
chr2R	24098525	-	NP_523837.2
chr2R	24114006	-	NP_611885.3
chr2R	24126551	-	NP_001261163.1
chr2R	24130399	-	NP_726426.1
chr2R	24137913	-	NP_001014546.1
chr2R	24159188	-	NP_001163284.1
chr2R	24174367	-	NP_525119.1
chr2R	24208203	-	NP_611897.2
chr2R	24229453	-	NP_611899.1
chr2R	24251303	-	NP_611901.1
chr2R	24269092	-	NP_001286834.1
chr2R	24333770	-	NP_523843.1
chr2R	24351353	-	NP_001286838.1
chr2R	24384879	-	NP_726440.1
chr2R	24401369	-	NP_726441.1
chr2R	24409572	-	NP_001369117.1
chr2R	24425973	-	NP_001137753.1
chr2R	24430613	-	NP_611910.2
chr2R	24432696	-	NP_611911.1
chr2R	24453005	-	NP_611913.1
chr2R	24493948	-	NP_611918.2
chr2R	24500192	-	NP_523848.2
chr2R	24502187	-	NP_001286844.1
chr2R	24514608	-	NP_611922.1
chr2R	24525472	-	NP_001246493.1
chr2R	24531272	-	NP_611927.3
chr2R	24535324	-	NP_001033971.2
chr2R	24561060	-	NP_001137758.1
chr2R	24571524	-	NP_001286846.1
chr2R	24579598	-	NP_001246496.1
chr2R	24599695	-	NP_611940.1
chr2R	24606901	-	NP_611944.1
chr2R	24614910	-	NP_001286850.1
chr2R	24625002	-	NP_001286852.1
chr2R	24642212	-	NP_611951.1
chr2R	24664329	-	NP_001286853.1
chr2R	24669231	-	NP_001097444.1
chr2R	24682315	-	NP_726473.2
chr2R	24693452	-	NP_726474.1
chr2R	24726598	-	NP_001261170.1
chr2R	24762972	-	NP_652307.1
chr2R	24767569	-	NP_611964.1
chr2R	24774973	-	NP_726481.1
chr2R	24780369	-	NP_611966.3
chr2R	24783429	-	NP_611967.1
chr2R	24787041	-	NP_523856.2
chr2R	24792904	-	NP_001246504.1
chr2R	24797292	-	NP_524699.1
chr2R	24874640	-	NP_611973.2
chr2R	24875780	-	NP_726490.3
chr2R	24890911	-	NP_573392.2
chr2R	24900504	-	NP_001246511.1
chr2R	24903892	-	NP_001014551.1
chr2R	24924632	-	NP_001261177.1
chr2R	24934831	-	NP_726498.1
chr2R	24942264	-	NP_001286862.1
chr2R	24944422	-	NP_001286863.1
chr2R	24948353	-	NP_611986.2
chr2R	24961680	-	NP_611988.2
chr2R	24967246	-	NP_001097454.1
chr2R	24969473	-	NP_476631.1
chr2R	24971304	-	NP_001286870.1
chr2R	24975258	-	NP_611991.1
chr2R	24984674	-	NP_726505.1
chr2R	25011341	-	NP_726506.1
chr2R	25052008	-	NP_523862.1
chr2R	25077931	-	NP_001163300.1
chr2R	25096463	-	NP_611994.3
chr2R	25139541	-	NP_001246518.1
chr2R	25172695	-	NP_001286878.1
chr2R	25174182	-	NP_001286879.1
chr2R	25176692	-	NP_001261178.1
chr2R	25188194	-	NP_001036571.2
chr2R	25250316	-	NP_001027448.1
chr2L	67625	+	NP_001245812.1
chr2L	72013	+	NP_001245813.1
chr2L	94852	+	NP_608489.2
chr2L	102459	+	NP_608490.1
chr2L	108686	+	NP_001245814.1
chr2L	132483	+	NP_722606.1
chr2L	143378	+	NP_608497.1
chr2L	155572	+	NP_001259792.1
chr2L	162823	+	NP_524718.2
chr2L	203870	+	NP_523440.1
chr2L	207512	+	NP_001259806.1
chr2L	232572	+	NP_608505.1
chr2L	269192	+	NP_608509.1
chr2L	273986	+	NP_001285544.1
chr2L	277826	+	NP_523443.1
chr2L	292569	+	NP_608516.1
chr2L	295272	+	NP_477354.1
chr2L	299062	+	NP_001259817.1
chr2L	318028	+	NP_995606.1
chr2L	384551	+	NP_722629.1
chr2L	404384	+	NP_476708.1
chr2L	415389	+	NP_477329.1
chr2L	420075	+	NP_001259822.1
chr2L	421800	+	NP_608523.1
chr2L	423452	+	NP_608524.1
chr2L	438425	+	NP_476840.2
chr2L	453262	+	NP_608525.1
chr2L	455801	+	NP_001259827.1
chr2L	473113	+	NP_608528.1
chr2L	491316	+	NP_001259831.1
chr2L	545192	+	NP_525098.1
chr2L	559699	+	NP_608531.1
chr2L	564227	+	NP_608533.1
chr2L	568406	+	NP_001259837.1
chr2L	574641	+	NP_001259838.1
chr2L	577993	+	NP_477330.1
chr2L	602871	+	NP_001259839.1
chr2L	624644	+	NP_652642.2
chr2L	728508	+	NP_524925.1
chr2L	753119	+	NP_001285553.1
chr2L	773595	+	NP_608541.1
chr2L	776542	+	NP_652360.1
chr2L	779204	+	NP_608542.1
chr2L	781297	+	NP_523448.2
chr2L	784421	+	NP_001259842.1
chr2L	810646	+	NP_722652.1
chr2L	816083	+	NP_001259844.1
chr2L	820079	+	NP_477156.1
chr2L	821552	+	NP_001245827.1
chr2L	829536	+	NP_722657.1
chr2L	852936	+	NP_477265.1
chr2L	855550	+	NP_608552.1
chr2L	860321	+	NP_001334728.1
chr2L	871574	+	NP_001014455.1
chr2L	877362	+	NP_476656.1
chr2L	898732	+	NP_001285556.1
chr2L	914198	+	NP_608557.4
chr2L	930335	+	NP_608558.1
chr2L	1037379	+	NP_608561.2
chr2L	1078035	+	NP_523451.2
chr2L	1081244	+	NP_001259852.1
chr2L	1108701	+	NP_608566.1
chr2L	1129489	+	NP_608569.1
chr2L	1134859	+	NP_001259855.1
chr2L	1143371	+	NP_608572.1
chr2L	1147865	+	NP_608573.1
chr2L	1150863	+	NP_608575.1
chr2L	1158976	+	NP_608577.2
chr2L	1164540	+	NP_608579.1
chr2L	1170234	+	NP_722687.1
chr2L	1173201	+	NP_001259859.1
chr2L	1177950	+	NP_001245830.2
chr2L	1184166	+	NP_608585.1
chr2L	1191684	+	NP_001245832.1
chr2L	1199450	+	NP_001259862.1
chr2L	1200240	+	NP_001259863.1
chr2L	1204316	+	NP_608588.2
chr2L	1219363	+	NP_608590.2
chr2L	1240068	+	NP_001259865.1
chr2L	1256891	+	NP_608592.2
chr2L	1329178	+	NP_476998.1
chr2L	1334269	+	NP_001285558.1
chr2L	1344616	+	NP_001245836.1
chr2L	1368242	+	NP_722703.2
chr2L	1428668	+	NP_001285562.1
chr2L	1442787	+	NP_001285563.1
chr2L	1492314	+	NP_001259869.1
chr2L	1494146	+	NP_787961.1
chr2L	1520613	+	NP_523453.1
chr2L	1522703	+	NP_477425.1
chr2L	1600634	+	NP_001259874.1
chr2L	1611508	+	NP_608609.1
chr2L	1690638	+	NP_001245839.1
chr2L	1705112	+	NP_477005.1
chr2L	1710526	+	NP_608613.1
chr2L	1728829	+	NP_001285565.1
chr2L	1741701	+	NP_722727.1
chr2L	1752383	+	NP_608620.1
chr2L	1784062	+	NP_722731.1
chr2L	1842999	+	NP_722737.3
chr2L	1869912	+	NP_001259885.1
chr2L	1910072	+	NP_608630.2
chr2L	1974236	+	NP_001259892.1
chr2L	1981310	+	NP_608634.1
chr2L	1988389	+	NP_608637.1
chr2L	2008530	+	NP_001259893.1
chr2L	2010118	+	NP_001097053.2
chr2L	2039992	+	NP_722753.1
chr2L	2045610	+	NP_722756.1
chr2L	2054589	+	NP_523454.2
chr2L	2080077	+	NP_608644.1
chr2L	2131012	+	NP_722762.1
chr2L	2147647	+	NP_608648.1
chr2L	2152035	+	NP_001259907.1
chr2L	2155783	+	NP_608650.1
chr2L	2214312	+	NP_001097057.1
chr2L	2217427	+	NP_608656.1
chr2L	2223329	+	NP_722773.1
chr2L	2227069	+	NP_001014460.1
chr2L	2242522	+	NP_001259919.1
chr2L	2253079	+	NP_722785.1
chr2L	2263558	+	NP_722786.1
chr2L	2285174	+	NP_608665.1
chr2L	2300181	+	NP_001188683.1
chr2L	2308027	+	NP_608668.2
chr2L	2323766	+	NP_001027571.3
chr2L	2366321	+	NP_001259928.1
chr2L	2374756	+	NP_608676.2
chr2L	2377202	+	NP_608677.1
chr2L	2381334	+	NP_608678.1
chr2L	2391776	+	NP_001369118.1
chr2L	2402245	+	NP_608681.2
chr2L	2420896	+	NP_001259941.1
chr2L	2424841	+	NP_001259942.1
chr2L	2455071	+	NP_477311.1
chr2L	2493030	+	NP_477040.1
chr2L	2577863	+	NP_608691.1
chr2L	2580369	+	NP_001259945.1
chr2L	2592160	+	NP_001259947.1
chr2L	2610167	+	NP_608696.3
chr2L	2620433	+	NP_001245849.1
chr2L	2647924	+	NP_001259948.1
chr2L	2653147	+	NP_608698.2
chr2L	2665143	+	NP_608699.1
chr2L	2669823	+	NP_523459.3
chr2L	2684123	+	NP_995615.2
chr2L	2725730	+	NP_001259954.1
chr2L	2740181	+	NP_722830.2
chr2L	2745199	+	NP_608705.1
chr2L	2753415	+	NP_001259960.1
chr2L	2760033	+	NP_001259961.1
chr2L	2766315	+	NP_001259963.1
chr2L	2767981	+	NP_477463.1
chr2L	2770151	+	NP_608711.3
chr2L	2809311	+	NP_001259967.1
chr2L	2812538	+	NP_608713.2
chr2L	2838474	+	NP_608718.1
chr2L	2840997	+	NP_608719.1
chr2L	2847641	+	NP_608723.2
chr2L	2856256	+	NP_523462.2
chr2L	2864984	+	NP_722856.1
chr2L	2869746	+	NP_608727.1
chr2L	2875388	+	NP_608729.1
chr2L	2878593	+	NP_001259971.1
chr2L	2890882	+	NP_001334729.1
chr2L	2961231	+	NP_476937.3
chr2L	2973059	+	NP_476804.1
chr2L	2977242	+	NP_608732.1
chr2L	2988245	+	NP_477372.1
chr2L	2993735	+	NP_001259976.1
chr2L	3013502	+	NP_608734.2
chr2L	3018950	+	NP_608736.2
chr2L	3023388	+	NP_608738.1
chr2L	3029420	+	NP_608740.2
chr2L	3037594	+	NP_001285575.1
chr2L	3040228	+	NP_001259984.1
chr2L	3043037	+	NP_001259985.1
chr2L	3045712	+	NP_001259986.1
chr2L	3057108	+	NP_001137778.2
chr2L	3109720	+	NP_524947.1
chr2L	3128765	+	NP_608749.2
chr2L	3160073	+	NP_523465.2
chr2L	3163920	+	NP_001245852.1
chr2L	3173992	+	NP_001285577.1
chr2L	3269817	+	NP_722887.2
chr2L	3309427	+	NP_608761.2
chr2L	3313347	+	NP_608762.3
chr2L	3320590	+	NP_001285582.1
chr2L	3324367	+	NP_995620.1
chr2L	3327936	+	NP_001097067.1
chr2L	3330963	+	NP_608766.1
chr2L	3357750	+	NP_608769.2
chr2L	3377099	+	NP_523466.2
chr2L	3398135	+	NP_001097073.1
chr2L	3410690	+	NP_608774.1
chr2L	3416865	+	NP_001285585.1
chr2L	3446038	+	NP_608776.1
chr2L	3449795	+	NP_608777.1
chr2L	3452617	+	NP_001097074.1
chr2L	3457406	+	NP_608780.1
chr2L	3466335	+	NP_722908.1
chr2L	3470214	+	NP_722909.2
chr2L	3478616	+	NP_477295.1
chr2L	3514984	+	NP_001259998.1
chr2L	3519712	+	NP_722917.2
chr2L	3525209	+	NP_608790.2
chr2L	3530903	+	NP_608792.1
chr2L	3545587	+	NP_536788.2
chr2L	3576264	+	NP_001259999.1
chr2L	3619286	+	NP_001285591.1
chr2L	3673205	+	NP_001285592.1
chr2L	3699493	+	NP_001162863.1
chr2L	3703731	+	NP_608803.2
chr2L	3714093	+	NP_608804.1
chr2L	3721336	+	NP_001137782.1
chr2L	3745692	+	NP_001368939.1
chr2L	3757898	+	NP_001260006.1
chr2L	3779726	+	NP_722940.1
chr2L	3785030	+	NP_722942.1
chr2L	3790663	+	NP_001245864.1
chr2L	3806750	+	NP_722945.2
chr2L	3825784	+	NP_476730.1
chr2L	3837198	+	NP_476834.1
chr2L	3863581	+	NP_608810.1
chr2L	3867982	+	NP_608811.2
chr2L	4000042	+	NP_001260012.1
chr2L	4004131	+	NP_001097076.1
chr2L	4005056	+	NP_608814.1
chr2L	4006113	+	NP_608815.1
chr2L	4007703	+	NP_001137789.1
chr2L	4008712	+	NP_608816.2
chr2L	4032676	+	NP_001260014.1
chr2L	4120363	+	NP_524747.1
chr2L	4149349	+	NP_608817.1
chr2L	4188148	+	NP_652641.1
chr2L	4228025	+	NP_001260018.1
chr2L	4257650	+	NP_608820.1
chr2L	4295225	+	NP_722969.1
chr2L	4324908	+	NP_608822.1
chr2L	4336674	+	NP_001097079.1
chr2L	4353049	+	NP_608823.2
chr2L	4362549	+	NP_001097080.2
chr2L	4388725	+	NP_608827.1
chr2L	4394338	+	NP_001260023.1
chr2L	4401120	+	NP_001137790.1
chr2L	4411157	+	NP_001245867.1
chr2L	4433960	+	NP_001097081.1
chr2L	4437819	+	NP_001245868.1
chr2L	4442498	+	NP_001260027.1
chr2L	4444811	+	NP_608834.1
chr2L	4454729	+	NP_652341.1
chr2L	4459978	+	NP_001285603.1
chr2L	4463846	+	NP_608840.1
chr2L	4641313	+	NP_001285604.1
chr2L	4647100	+	NP_001260043.1
chr2L	4651490	+	NP_723001.1
chr2L	4682824	+	NP_608849.1
chr2L	4687649	+	NP_608850.1
chr2L	4705737	+	NP_001097085.1
chr2L	4762981	+	NP_001260045.1
chr2L	4794672	+	NP_787976.1
chr2L	4813354	+	NP_608859.1
chr2L	4825610	+	NP_001260047.1
chr2L	4839303	+	NP_608865.2
chr2L	4847855	+	NP_608867.1
chr2L	4850751	+	NP_608868.1
chr2L	4865303	+	NP_723019.2
chr2L	4883647	+	NP_608871.1
chr2L	4890077	+	NP_608872.1
chr2L	4893955	+	NP_608873.1
chr2L	4937441	+	NP_523475.3
chr2L	4942852	+	NP_608879.1
chr2L	4945904	+	NP_525100.2
chr2L	4955583	+	NP_608883.1
chr2L	4969085	+	NP_608885.1
chr2L	4971812	+	NP_608886.1
chr2L	4974137	+	NP_001260063.1
chr2L	4977598	+	NP_608889.1
chr2L	4982029	+	NP_001260067.1
chr2L	5011190	+	NP_001260070.1
chr2L	5030218	+	NP_723045.1
chr2L	5038122	+	NP_001036337.1
chr2L	5044608	+	NP_001033875.1
chr2L	5053084	+	NP_608902.1
chr2L	5055259	+	NP_523479.1
chr2L	5062743	+	NP_523480.2
chr2L	5071155	+	NP_001188691.1
chr2L	5094106	+	NP_001260085.1
chr2L	5096651	+	NP_608908.1
chr2L	5102798	+	NP_001188696.1
chr2L	5207308	+	NP_608911.1
chr2L	5210502	+	NP_608912.1
chr2L	5218351	+	NP_001285619.1
chr2L	5264034	+	NP_608916.1
chr2L	5266432	+	NP_608917.3
chr2L	5279360	+	NP_001285621.1
chr2L	5306025	+	NP_001285624.1
chr2L	5327507	+	NP_001245886.1
chr2L	5329890	+	NP_523482.1
chr2L	5346858	+	NP_001303309.1
chr2L	5404880	+	NP_608926.2
chr2L	5461918	+	NP_608927.2
chr2L	5517842	+	NP_608928.1
chr2L	5520401	+	NP_001260098.1
chr2L	5524410	+	NP_608932.1
chr2L	5543332	+	NP_001285629.1
chr2L	5547815	+	NP_001245896.1
chr2L	5552046	+	NP_608940.1
chr2L	5553978	+	NP_608942.1
chr2L	5555304	+	NP_523484.2
chr2L	5559451	+	NP_523485.3
chr2L	5596939	+	NP_608945.1
chr2L	5668949	+	NP_723104.2
chr2L	5678698	+	NP_608949.2
chr2L	5706752	+	NP_001285635.1
chr2L	5716960	+	NP_001033878.3
chr2L	5721136	+	NP_001285636.1
chr2L	5725220	+	NP_001260103.1
chr2L	5784120	+	NP_723119.1
chr2L	5802405	+	NP_608960.2
chr2L	5805479	+	NP_001285637.1
chr2L	5811593	+	NP_001245900.1
chr2L	5845352	+	NP_001260108.1
chr2L	5883782	+	NP_001285643.1
chr2L	5885173	+	NP_001285644.1
chr2L	5886020	+	NP_001285645.1
chr2L	5908345	+	NP_608968.2
chr2L	5926192	+	NP_001260109.1
chr2L	5944110	+	NP_001260111.1
chr2L	5949900	+	NP_001260114.1
chr2L	5957066	+	NP_001285648.1
chr2L	5968683	+	NP_608976.1
chr2L	5981834	+	NP_001245907.1
chr2L	5986495	+	NP_476594.1
chr2L	6000312	+	NP_001097093.1
chr2L	6020850	+	NP_608980.1
chr2L	6038203	+	NP_723145.1
chr2L	6048877	+	NP_723149.1
chr2L	6051678	+	NP_001285656.1
chr2L	6057054	+	NP_608986.1
chr2L	6060544	+	NP_001097096.1
chr2L	6063023	+	NP_608988.1
chr2L	6066278	+	NP_001285660.1
chr2L	6069221	+	NP_608992.1
chr2L	6072456	+	NP_523490.1
chr2L	6091569	+	NP_001285664.1
chr2L	6101771	+	NP_723156.1
chr2L	6125249	+	NP_608996.1
chr2L	6131187	+	NP_608999.2
chr2L	6139549	+	NP_609000.2
chr2L	6152048	+	NP_652552.1
chr2L	6160532	+	NP_609001.2
chr2L	6190471	+	NP_001260124.1
chr2L	6225079	+	NP_525008.2
chr2L	6255876	+	NP_001285667.1
chr2L	6272817	+	NP_001162895.2
chr2L	6325268	+	NP_609012.2
chr2L	6342174	+	NP_477158.1
chr2L	6354956	+	NP_609017.2
chr2L	6368141	+	NP_609019.1
chr2L	6373577	+	NP_609020.3
chr2L	6381298	+	NP_609022.1
chr2L	6412704	+	NP_609025.1
chr2L	6424526	+	NP_609026.1
chr2L	6456471	+	NP_995637.1
chr2L	6481200	+	NP_609035.2
chr2L	6489191	+	NP_609037.1
chr2L	6491235	+	NP_723186.2
chr2L	6497134	+	NP_609042.1
chr2L	6498876	+	NP_609043.1
chr2L	6557903	+	NP_609046.1
chr2L	6562697	+	NP_001285680.1
chr2L	6612566	+	NP_609052.1
chr2L	6623123	+	NP_001097101.1
chr2L	6649533	+	NP_609058.2
chr2L	6658592	+	NP_609060.1
chr2L	6664150	+	NP_001285687.1
chr2L	6717711	+	NP_609066.1
chr2L	6724848	+	NP_001260153.1
chr2L	6733249	+	NP_609068.2
chr2L	6743017	+	NP_001285688.1
chr2L	6774693	+	NP_609073.2
chr2L	6799371	+	NP_001369119.1
chr2L	6803052	+	NP_609075.1
chr2L	6822600	+	NP_001285692.1
chr2L	6852422	+	NP_477214.1
chr2L	6854246	+	NP_609079.2
chr2L	6897428	+	NP_001245916.1
chr2L	6908166	+	NP_609082.1
chr2L	6923906	+	NP_001245919.1
chr2L	6932251	+	NP_001303311.1
chr2L	6950539	+	NP_477268.2
chr2L	6957098	+	NP_542438.1
chr2L	6960443	+	NP_001285696.1
chr2L	6964519	+	NP_001285697.1
chr2L	7012327	+	NP_001245925.1
chr2L	7013496	+	NP_609092.1
chr2L	7021715	+	NP_476673.1
chr2L	7027811	+	NP_609093.1
chr2L	7032965	+	NP_001285700.1
chr2L	7040606	+	NP_542943.2
chr2L	7057407	+	NP_723252.2
chr2L	7064086	+	NP_652555.1
chr2L	7067983	+	NP_609097.2
chr2L	7182347	+	NP_001097110.1
chr2L	7227763	+	NP_001260184.1
chr2L	7257732	+	NP_001162900.1
chr2L	7307592	+	NP_523502.1
chr2L	7335044	+	NP_609108.3
chr2L	7364790	+	NP_609109.4
chr2L	7378401	+	NP_001260189.1
chr2L	7388676	+	NP_609111.1
chr2L	7401438	+	NP_001188709.1
chr2L	7405318	+	NP_001260191.1
chr2L	7410955	+	NP_609116.1
chr2L	7412507	+	NP_001245930.1
chr2L	7427201	+	NP_609118.1
chr2L	7443646	+	NP_001260197.1
chr2L	7471546	+	NP_609122.1
chr2L	7474907	+	NP_723282.3
chr2L	7581935	+	NP_609128.2
chr2L	7605682	+	NP_609129.2
chr2L	7613405	+	NP_001260210.1
chr2L	7666077	+	NP_723295.2
chr2L	7693143	+	NP_001245931.1
chr2L	7703147	+	NP_523507.2
chr2L	7711026	+	NP_609135.1
chr2L	7747381	+	NP_609142.1
chr2L	7754335	+	NP_001285714.1
chr2L	7771320	+	NP_609146.3
chr2L	7780118	+	NP_476779.1
chr2L	7800503	+	NP_609152.1
chr2L	7814948	+	NP_476618.1
chr2L	7821269	+	NP_001260215.1
chr2L	7828052	+	NP_001285724.1
chr2L	7840539	+	NP_609155.1
chr2L	7857121	+	NP_001285727.1
chr2L	7885649	+	NP_001036344.1
chr2L	7984768	+	NP_723327.1
chr2L	7999113	+	NP_001285734.1
chr2L	8011745	+	NP_609174.1
chr2L	8029608	+	NP_001260220.1
chr2L	8032258	+	NP_723334.1
chr2L	8041149	+	NP_609178.1
chr2L	8043715	+	NP_609180.3
chr2L	8072971	+	NP_476939.1
chr2L	8089664	+	NP_723341.1
chr2L	8124392	+	NP_609182.1
chr2L	8131426	+	NP_001285740.1
chr2L	8147630	+	NP_723348.1
chr2L	8152635	+	NP_001285743.1
chr2L	8160092	+	NP_609186.1
chr2L	8173146	+	NP_001260226.1
chr2L	8197293	+	NP_609190.2
chr2L	8206279	+	NP_609193.1
chr2L	8211446	+	NP_477136.1
chr2L	8213219	+	NP_001260232.1
chr2L	8215986	+	NP_609197.2
chr2L	8242667	+	NP_001303315.1
chr2L	8303541	+	NP_523510.1
chr2L	8308544	+	NP_609205.1
chr2L	8311569	+	NP_609207.1
chr2L	8320409	+	NP_609209.2
chr2L	8329704	+	NP_609211.1
chr2L	8338440	+	NP_609212.2
chr2L	8342929	+	NP_609213.2
chr2L	8346805	+	NP_001285746.1
chr2L	8352308	+	NP_723377.1
chr2L	8364923	+	NP_723378.2
chr2L	8366311	+	NP_001285748.1
chr2L	8372598	+	NP_001285750.1
chr2L	8377084	+	NP_609219.1
chr2L	8382956	+	NP_609221.1
chr2L	8384860	+	NP_723383.1
chr2L	8396740	+	NP_609225.1
chr2L	8399044	+	NP_609226.1
chr2L	8400476	+	NP_723390.1
chr2L	8404288	+	NP_723391.2
chr2L	8426911	+	NP_787998.1
chr2L	8437505	+	NP_476646.2
chr2L	8464610	+	NP_001260253.1
chr2L	8476291	+	NP_001188730.1
chr2L	8489031	+	NP_609234.2
chr2L	8515153	+	NP_609238.1
chr2L	8517667	+	NP_001260256.1
chr2L	8519717	+	NP_001260257.1
chr2L	8522278	+	NP_001260258.1
chr2L	8536060	+	NP_001260264.1
chr2L	8564059	+	NP_001260266.1
chr2L	8673202	+	NP_477504.1
chr2L	8686318	+	NP_609247.1
chr2L	8705695	+	NP_001260268.1
chr2L	8752400	+	NP_609249.1
chr2L	8826494	+	NP_524735.1
chr2L	8862807	+	NP_788006.1
chr2L	8891507	+	NP_001188736.1
chr2L	8915835	+	NP_001162914.2
chr2L	8934990	+	NP_001162915.1
chr2L	8937551	+	NP_001137809.1
chr2L	8947306	+	NP_001369121.1
chr2L	8962539	+	NP_788013.2
chr2L	8967570	+	NP_001260272.1
chr2L	8980732	+	NP_652561.1
chr2L	8992063	+	NP_001285770.1
chr2L	8994463	+	NP_609266.1
chr2L	8997664	+	NP_652562.2
chr2L	9010660	+	NP_609267.1
chr2L	9012264	+	NP_001245948.1
chr2L	9077242	+	NP_001285774.1
chr2L	9084107	+	NP_523519.2
chr2L	9097627	+	NP_723444.2
chr2L	9111814	+	NP_523520.2
chr2L	9127023	+	NP_001162916.1
chr2L	9164348	+	NP_609276.1
chr2L	9191785	+	NP_001245949.1
chr2L	9272495	+	NP_723452.1
chr2L	9327800	+	NP_001260285.1
chr2L	9331055	+	NP_476947.1
chr2L	9338155	+	NP_477428.1
chr2L	9342995	+	NP_995663.2
chr2L	9349557	+	NP_001260288.1
chr2L	9350548	+	NP_609282.1
chr2L	9367706	+	NP_001097130.1
chr2L	9387768	+	NP_609285.1
chr2L	9420671	+	NP_001188754.1
chr2L	9426935	+	NP_001285777.1
chr2L	9431714	+	NP_524905.1
chr2L	9435510	+	NP_609289.1
chr2L	9460288	+	NP_001260291.1
chr2L	9503792	+	NP_995665.1
chr2L	9528528	+	NP_609292.2
chr2L	9533582	+	NP_723463.1
chr2L	9540644	+	NP_609294.1
chr2L	9542947	+	NP_609295.1
chr2L	9544175	+	NP_609296.1
chr2L	9546017	+	NP_609297.2
chr2L	9571509	+	NP_723469.1
chr2L	9589666	+	NP_001188759.1
chr2L	9608898	+	NP_609302.1
chr2L	9613517	+	NP_723475.1
chr2L	9616480	+	NP_723476.1
chr2L	9641746	+	NP_995670.2
chr2L	9656645	+	NP_995671.2
chr2L	9699935	+	NP_001260293.1
chr2L	9701053	+	NP_476982.1
chr2L	9730004	+	NP_609306.2
chr2L	9736710	+	NP_001260298.1
chr2L	9758750	+	NP_477301.1
chr2L	9763629	+	NP_477373.1
chr2L	9767072	+	NP_609309.1
chr2L	9769084	+	NP_609310.2
chr2L	9782785	+	NP_609313.2
chr2L	9790970	+	NP_001188762.1
chr2L	9888143	+	NP_001285784.1
chr2L	9890910	+	NP_001097135.1
chr2L	9895378	+	NP_524867.2
chr2L	9913048	+	NP_477347.1
chr2L	9915348	+	NP_523528.1
chr2L	9918881	+	NP_001260304.1
chr2L	9920374	+	NP_001260305.1
chr2L	9926613	+	NP_723501.2
chr2L	9930626	+	NP_723502.2
chr2L	9938964	+	NP_609329.3
chr2L	9954514	+	NP_001285788.1
chr2L	9957589	+	NP_001285790.1
chr2L	9967635	+	NP_523530.1
chr2L	9984950	+	NP_476837.1
chr2L	10004047	+	NP_001188767.1
chr2L	10009501	+	NP_001285792.1
chr2L	10026762	+	NP_609338.1
chr2L	10032893	+	NP_609339.1
chr2L	10049616	+	NP_001285793.1
chr2L	10054356	+	NP_995678.1
chr2L	10057697	+	NP_477041.1
chr2L	10062572	+	NP_609341.1
chr2L	10101188	+	NP_001036351.2
chr2L	10147085	+	NP_609349.1
chr2L	10172734	+	NP_609350.2
chr2L	10201230	+	NP_001285794.1
chr2L	10211422	+	NP_001334734.1
chr2L	10221443	+	NP_001285798.1
chr2L	10223146	+	NP_723532.1
chr2L	10232573	+	NP_609361.1
chr2L	10239536	+	NP_523533.2
chr2L	10250819	+	NP_723543.1
chr2L	10264208	+	NP_723547.1
chr2L	10268961	+	NP_609366.2
chr2L	10307045	+	NP_609375.1
chr2L	10314914	+	NP_609378.1
chr2L	10322793	+	NP_723564.1
chr2L	10331610	+	NP_609382.1
chr2L	10334075	+	NP_001260326.1
chr2L	10339515	+	NP_477223.2
chr2L	10344654	+	NP_609384.1
chr2L	10356915	+	NP_001260332.1
chr2L	10363099	+	NP_001260334.1
chr2L	10365118	+	NP_001188775.1
chr2L	10366876	+	NP_609391.1
chr2L	10377322	+	NP_001260336.1
chr2L	10380149	+	NP_609393.1
chr2L	10382340	+	NP_723576.1
chr2L	10386744	+	NP_001260339.1
chr2L	10390062	+	NP_001260340.1
chr2L	10398115	+	NP_001260343.1
chr2L	10405752	+	NP_723585.2
chr2L	10408767	+	NP_477379.1
chr2L	10414602	+	NP_609398.2
chr2L	10419265	+	NP_609399.1
chr2L	10423520	+	NP_001188779.1
chr2L	10427171	+	NP_723587.1
chr2L	10428848	+	NP_609401.2
chr2L	10431403	+	NP_001260349.1
chr2L	10436086	+	NP_609404.2
chr2L	10437839	+	NP_477441.1
chr2L	10444760	+	NP_001162939.2
chr2L	10457852	+	NP_609408.1
chr2L	10477386	+	NP_001260352.1
chr2L	10488959	+	NP_001033895.1
chr2L	10507194	+	NP_001260353.1
chr2L	10517426	+	NP_001260355.1
chr2L	10527790	+	NP_001260356.1
chr2L	10534973	+	NP_609420.1
chr2L	10545404	+	NP_001188786.1
chr2L	10639946	+	NP_001285806.1
chr2L	10643995	+	NP_001285807.1
chr2L	10646435	+	NP_609429.1
chr2L	10652115	+	NP_609430.1
chr2L	10658358	+	NP_001285808.1
chr2L	10662509	+	NP_723607.1
chr2L	10677908	+	NP_001260358.1
chr2L	10681047	+	NP_001285810.1
chr2L	10681991	+	NP_001260359.1
chr2L	10703634	+	NP_609441.1
chr2L	10724274	+	NP_001188790.1
chr2L	10729240	+	NP_609443.1
chr2L	10732818	+	NP_609445.1
chr2L	10737888	+	NP_609448.1
chr2L	10761506	+	NP_609451.1
chr2L	10770985	+	NP_001137813.1
chr2L	10790352	+	NP_001285815.1
chr2L	10819123	+	NP_609457.1
chr2L	10851332	+	NP_001245962.1
chr2L	10858835	+	NP_477448.1
chr2L	10870240	+	NP_609465.1
chr2L	10937385	+	NP_001245964.1
chr2L	10970554	+	NP_001285823.1
chr2L	10972508	+	NP_001260367.1
chr2L	10977962	+	NP_001260368.1
chr2L	10987835	+	NP_652056.2
chr2L	10990185	+	NP_001245971.1
chr2L	11002083	+	NP_001097145.1
chr2L	11004980	+	NP_001285827.1
chr2L	11011441	+	NP_609479.1
chr2L	11015645	+	NP_477328.2
chr2L	11017172	+	NP_001097146.1
chr2L	11034852	+	NP_652565.1
chr2L	11071061	+	NP_609482.1
chr2L	11075548	+	NP_001260374.1
chr2L	11087097	+	NP_001285831.1
chr2L	11091567	+	NP_609485.4
chr2L	11107065	+	NP_001245976.1
chr2L	11114183	+	NP_523543.3
chr2L	11123879	+	NP_609493.1
chr2L	11130865	+	NP_609495.1
chr2L	11136433	+	NP_523544.2
chr2L	11179232	+	NP_609499.1
chr2L	11235597	+	NP_001260378.1
chr2L	11269904	+	NP_001027247.1
chr2L	11278113	+	NP_001027250.1
chr2L	11280372	+	NP_609500.1
chr2L	11282180	+	NP_523547.1
chr2L	11366413	+	NP_001245983.1
chr2L	11485215	+	NP_001245988.1
chr2L	11502123	+	NP_609504.2
chr2L	11517492	+	NP_001027253.1
chr2L	11531881	+	NP_001097149.2
chr2L	11536546	+	NP_001245990.1
chr2L	11621819	+	NP_523551.1
chr2L	11652655	+	NP_001285846.1
chr2L	11657469	+	NP_001245992.1
chr2L	11663311	+	NP_001285847.1
chr2L	11694880	+	NP_609514.1
chr2L	11741551	+	NP_001260388.1
chr2L	11788542	+	NP_001260389.1
chr2L	11790004	+	NP_001162956.1
chr2L	11834139	+	NP_001285849.1
chr2L	11837259	+	NP_001162957.1
chr2L	11839935	+	NP_001162959.1
chr2L	11842849	+	NP_001369127.1
chr2L	11847231	+	NP_609522.1
chr2L	11850355	+	NP_001188791.2
chr2L	11853513	+	NP_001188792.1
chr2L	11934505	+	NP_523553.1
chr2L	11944235	+	NP_001285854.1
chr2L	11948110	+	NP_001285855.1
chr2L	11981632	+	NP_609528.3
chr2L	11988318	+	NP_001097150.1
chr2L	11990024	+	NP_001285856.1
chr2L	11992993	+	NP_723703.1
chr2L	11995814	+	NP_001260401.1
chr2L	11996904	+	NP_723707.1
chr2L	11999725	+	NP_609533.1
chr2L	12008449	+	NP_001285859.1
chr2L	12027782	+	NP_620115.2
chr2L	12034225	+	NP_652665.3
chr2L	12050096	+	NP_723716.1
chr2L	12056422	+	NP_001285865.1
chr2L	12057893	+	NP_001097152.1
chr2L	12076823	+	NP_609546.1
chr2L	12093862	+	NP_723722.2
chr2L	12096586	+	NP_001036355.1
chr2L	12103895	+	NP_001285868.1
chr2L	12109643	+	NP_001285870.1
chr2L	12111148	+	NP_001285871.1
chr2L	12125098	+	NP_609552.1
chr2L	12138073	+	NP_525102.4
chr2L	12153528	+	NP_001162962.1
chr2L	12170657	+	NP_609555.1
chr2L	12173070	+	NP_609557.1
chr2L	12208216	+	NP_723736.2
chr2L	12241080	+	NP_001400994.1
chr2L	12338870	+	NP_723741.1
chr2L	12351996	+	NP_001245998.1
chr2L	12398383	+	NP_609561.2
chr2L	12424938	+	NP_609564.1
chr2L	12428057	+	NP_609566.1
chr2L	12434997	+	NP_001260415.1
chr2L	12448662	+	NP_609570.1
chr2L	12508117	+	NP_001368958.1
chr2L	12593998	+	NP_001097153.1
chr2L	12660466	+	NP_001285878.1
chr2L	12693083	+	NP_001162966.2
chr2L	12695116	+	NP_001285881.1
chr2L	12704792	+	NP_609586.1
chr2L	12707771	+	NP_609588.1
chr2L	12722431	+	NP_995699.1
chr2L	12912589	+	NP_001033902.1
chr2L	12966749	+	NP_609594.2
chr2L	12975637	+	NP_001260425.1
chr2L	12978900	+	NP_609595.1
chr2L	13004786	+	NP_001260427.1
chr2L	13106885	+	NP_001260430.1
chr2L	13119496	+	NP_001246017.1
chr2L	13130722	+	NP_609601.1
chr2L	13158879	+	NP_609603.1
chr2L	13160806	+	NP_609604.1
chr2L	13165991	+	NP_477351.1
chr2L	13176537	+	NP_001260433.1
chr2L	13179478	+	NP_609608.1
chr2L	13192943	+	NP_609611.1
chr2L	13204190	+	NP_723789.2
chr2L	13220087	+	NP_609617.1
chr2L	13222729	+	NP_609619.1
chr2L	13227853	+	NP_001260438.1
chr2L	13229906	+	NP_609622.2
chr2L	13232108	+	NP_609623.1
chr2L	13236635	+	NP_609625.2
chr2L	13240197	+	NP_001260439.1
chr2L	13246650	+	NP_609627.1
chr2L	13252179	+	NP_723797.3
chr2L	13261682	+	NP_001097156.1
chr2L	13286940	+	NP_609632.1
chr2L	13290687	+	NP_609634.1
chr2L	13306841	+	NP_001260443.1
chr2L	13347797	+	NP_001285888.1
chr2L	13366531	+	NP_609641.1
chr2L	13374504	+	NP_001285891.1
chr2L	13379022	+	NP_524836.2
chr2L	13382940	+	NP_001188796.1
chr2L	13387636	+	NP_609648.1
chr2L	13399220	+	NP_609652.3
chr2L	13412593	+	NP_609653.1
chr2L	13420303	+	NP_001260444.1
chr2L	13435749	+	NP_001285901.1
chr2L	13457636	+	NP_001188797.1
chr2L	13459816	+	NP_609657.2
chr2L	13475222	+	NP_001188798.2
chr2L	13527841	+	NP_001027255.2
chr2L	13529042	+	NP_001027256.1
chr2L	13540800	+	NP_609661.3
chr2L	13542652	+	NP_609663.2
chr2L	13551603	+	NP_001097159.2
chr2L	13665826	+	NP_723827.1
chr2L	13708515	+	NP_001246023.1
chr2L	13736193	+	NP_001285906.1
chr2L	13771241	+	NP_001285907.1
chr2L	13774033	+	NP_001246024.1
chr2L	13781000	+	NP_477361.1
chr2L	13784170	+	NP_001162974.1
chr2L	13791028	+	NP_001036361.1
chr2L	13793848	+	NP_609675.2
chr2L	13803929	+	NP_523561.1
chr2L	13811645	+	NP_001260451.1
chr2L	13814214	+	NP_476597.2
chr2L	13821387	+	NP_001246025.1
chr2L	13830037	+	NP_477132.1
chr2L	13833424	+	NP_477419.1
chr2L	13836057	+	NP_723849.1
chr2L	13906587	+	NP_477046.1
chr2L	13909640	+	NP_788042.1
chr2L	13912201	+	NP_001285916.1
chr2L	13915008	+	NP_001285917.1
chr2L	13957850	+	NP_001246026.1
chr2L	13963548	+	NP_001260452.1
chr2L	13970559	+	NP_001285919.1
chr2L	13977360	+	NP_609694.1
chr2L	13980210	+	NP_001285922.1
chr2L	14008189	+	NP_001188803.1
chr2L	14015796	+	NP_001285923.1
chr2L	14027032	+	NP_609696.1
chr2L	14047631	+	NP_609698.2
chr2L	14061611	+	NP_995707.2
chr2L	14104654	+	NP_001334738.1
chr2L	14263721	+	NP_476790.3
chr2L	14328469	+	NP_609705.1
chr2L	14334311	+	NP_001285928.1
chr2L	14352156	+	NP_001246030.1
chr2L	14357208	+	NP_788056.1
chr2L	14359380	+	NP_652069.2
chr2L	14362138	+	NP_001246031.1
chr2L	14491246	+	NP_476917.1
chr2L	14524511	+	NP_001285933.1
chr2L	14616339	+	NP_001027269.1
chr2L	14712742	+	NP_001285939.1
chr2L	14713829	+	NP_001285940.1
chr2L	14735951	+	NP_723881.1
chr2L	14740022	+	NP_001162977.1
chr2L	14743296	+	NP_001285942.1
chr2L	14744435	+	NP_001188812.1
chr2L	14760971	+	NP_609719.1
chr2L	14762861	+	NP_609720.1
chr2L	14766007	+	NP_609721.1
chr2L	14802438	+	NP_995716.2
chr2L	14810807	+	NP_995717.2
chr2L	14842387	+	NP_001188813.2
chr2L	14924735	+	NP_609731.1
chr2L	15005825	+	NP_723893.1
chr2L	15007918	+	NP_609736.1
chr2L	15010018	+	NP_523568.2
chr2L	15021095	+	NP_001246033.1
chr2L	15035564	+	NP_001285947.1
chr2L	15039937	+	NP_476868.1
chr2L	15058303	+	NP_001027273.1
chr2L	15068406	+	NP_001027274.2
chr2L	15075645	+	NP_001246034.1
chr2L	15109585	+	NP_609739.2
chr2L	15113890	+	NP_476599.1
chr2L	15215432	+	NP_001246035.1
chr2L	15249139	+	NP_001260463.1
chr2L	15256651	+	NP_609744.2
chr2L	15285027	+	NP_609748.1
chr2L	15292737	+	NP_723911.2
chr2L	15297947	+	NP_609750.1
chr2L	15334094	+	NP_476600.1
chr2L	15433455	+	NP_001285955.1
chr2L	15484837	+	NP_001285956.1
chr2L	15499221	+	NP_476614.1
chr2L	15547565	+	NP_001162985.1
chr2L	15550472	+	NP_001246036.1
chr2L	15578953	+	NP_001162986.1
chr2L	15617002	+	NP_609759.1
chr2L	15628684	+	NP_609760.1
chr2L	15630193	+	NP_001285960.1
chr2L	15661046	+	NP_609763.1
chr2L	15670239	+	NP_609764.1
chr2L	15696043	+	NP_723920.1
chr2L	15705236	+	NP_723923.1
chr2L	15752357	+	NP_524929.1
chr2L	15764376	+	NP_001246038.1
chr2L	15784255	+	NP_723933.1
chr2L	15852697	+	NP_001260475.1
chr2L	15895637	+	NP_723937.4
chr2L	15916938	+	NP_609772.1
chr2L	15923410	+	NP_723941.2
chr2L	15941506	+	NP_723942.2
chr2L	15957941	+	NP_723944.2
chr2L	15979572	+	NP_001246039.1
chr2L	16004694	+	NP_001260479.1
chr2L	16014135	+	NP_001285970.1
chr2L	16043087	+	NP_001285974.1
chr2L	16044055	+	NP_476865.1
chr2L	16056275	+	NP_001285975.1
chr2L	16095036	+	NP_609777.1
chr2L	16133573	+	NP_609778.3
chr2L	16169897	+	NP_723953.2
chr2L	16211588	+	NP_723954.1
chr2L	16232074	+	NP_001260486.1
chr2L	16242081	+	NP_001188821.1
chr2L	16258114	+	NP_001260489.1
chr2L	16262200	+	NP_609782.2
chr2L	16288444	+	NP_609783.1
chr2L	16291342	+	NP_609784.2
chr2L	16294351	+	NP_001285977.1
chr2L	16299983	+	NP_001260494.1
chr2L	16303352	+	NP_609788.1
chr2L	16307660	+	NP_599132.2
chr2L	16311101	+	NP_477501.1
chr2L	16327157	+	NP_609790.1
chr2L	16330008	+	NP_001260497.1
chr2L	16353095	+	NP_609791.1
chr2L	16365919	+	NP_001285980.1
chr2L	16445329	+	NP_477258.1
chr2L	16447397	+	NP_477257.2
chr2L	16451190	+	NP_723967.1
chr2L	16488203	+	NP_609795.2
chr2L	16491912	+	NP_001260501.1
chr2L	16542673	+	NP_723977.1
chr2L	16558129	+	NP_001137829.1
chr2L	16677383	+	NP_001260506.1
chr2L	16680719	+	NP_995722.1
chr2L	16682619	+	NP_001014488.1
chr2L	16691089	+	NP_723986.1
chr2L	16719135	+	NP_477164.1
chr2L	16722050	+	NP_477176.1
chr2L	16729778	+	NP_723994.2
chr2L	16732632	+	NP_609805.1
chr2L	16738996	+	NP_609806.1
chr2L	16743530	+	NP_609808.1
chr2L	16755699	+	NP_001285987.1
chr2L	16768681	+	NP_724008.1
chr2L	16791772	+	NP_609810.1
chr2L	16794236	+	NP_001260516.1
chr2L	16796595	+	NP_652628.2
chr2L	16799808	+	NP_724013.1
chr2L	16811665	+	NP_001260518.1
chr2L	16820123	+	NP_724017.1
chr2L	16827477	+	NP_001260520.2
chr2L	16839227	+	NP_001285995.1
chr2L	16840296	+	NP_001285992.1
chr2L	16879546	+	NP_001097169.1
chr2L	16889003	+	NP_001286002.1
chr2L	16976975	+	NP_001137832.1
chr2L	17087725	+	NP_001260525.1
chr2L	17133618	+	NP_609829.5
chr2L	17171480	+	NP_001286008.1
chr2L	17173597	+	NP_001097170.1
chr2L	17176618	+	NP_724038.2
chr2L	17178781	+	NP_724039.1
chr2L	17286294	+	NP_001097171.2
chr2L	17363597	+	NP_724045.1
chr2L	17385631	+	NP_001137833.2
chr2L	17410781	+	NP_609837.1
chr2L	17433974	+	NP_609838.1
chr2L	17453225	+	NP_609839.2
chr2L	17473588	+	NP_001246058.1
chr2L	17481334	+	NP_001246062.1
chr2L	17484578	+	NP_609845.1
chr2L	17501467	+	NP_001369131.1
chr2L	17590240	+	NP_001286017.1
chr2L	17592324	+	NP_001188832.1
chr2L	17627901	+	NP_001246068.1
chr2L	17704842	+	NP_001246069.1
chr2L	17963546	+	NP_724077.1
chr2L	17986528	+	NP_609858.1
chr2L	17990499	+	NP_001286022.1
chr2L	18006783	+	NP_652582.1
chr2L	18007568	+	NP_001188835.1
chr2L	18051461	+	NP_001286024.1
chr2L	18078388	+	NP_001246073.1
chr2L	18081665	+	NP_001188836.1
chr2L	18084268	+	NP_724088.2
chr2L	18096692	+	NP_609864.1
chr2L	18114683	+	NP_609865.1
chr2L	18123605	+	NP_001286029.1
chr2L	18153417	+	NP_724098.2
chr2L	18292548	+	NP_001286036.1
chr2L	18295149	+	NP_001286037.1
chr2L	18320688	+	NP_001097173.1
chr2L	18454767	+	NP_609878.1
chr2L	18485968	+	NP_001260538.1
chr2L	18511623	+	NP_001246079.1
chr2L	18518181	+	NP_001286043.1
chr2L	18591214	+	NP_609886.1
chr2L	18605942	+	NP_001286050.1
chr2L	18606924	+	NP_609888.2
chr2L	18649625	+	NP_523597.2
chr2L	18678854	+	NP_724122.1
chr2L	18689794	+	NP_609895.2
chr2L	18696142	+	NP_001286056.1
chr2L	18698835	+	NP_609898.1
chr2L	18703553	+	NP_609900.1
chr2L	18708938	+	NP_609902.3
chr2L	18740410	+	NP_609906.1
chr2L	18813100	+	NP_001286064.1
chr2L	18820256	+	NP_609909.1
chr2L	18824306	+	NP_001246084.1
chr2L	18827002	+	NP_724134.1
chr2L	18831342	+	NP_524715.2
chr2L	18853112	+	NP_001286067.1
chr2L	18946386	+	NP_001334744.1
chr2L	18948998	+	NP_609918.1
chr2L	18969099	+	NP_609922.2
chr2L	18974777	+	NP_609924.2
chr2L	18987789	+	NP_609926.1
chr2L	18991075	+	NP_609928.1
chr2L	18992659	+	NP_001369132.1
chr2L	18997979	+	NP_001260548.1
chr2L	19003669	+	NP_609930.4
chr2L	19010996	+	NP_609931.1
chr2L	19023179	+	NP_001260551.1
chr2L	19028057	+	NP_523599.1
chr2L	19035799	+	NP_609933.1
chr2L	19041946	+	NP_524931.1
chr2L	19045567	+	NP_001260556.1
chr2L	19049175	+	NP_609936.1
chr2L	19052054	+	NP_477300.1
chr2L	19054851	+	NP_609937.1
chr2L	19059647	+	NP_001260558.1
chr2L	19102168	+	NP_001260560.1
chr2L	19110271	+	NP_724162.1
chr2L	19114836	+	NP_476608.1
chr2L	19127273	+	NP_609947.1
chr2L	19132400	+	NP_609949.1
chr2L	19168146	+	NP_476945.1
chr2L	19186129	+	NP_001188844.1
chr2L	19190729	+	NP_477139.1
chr2L	19300373	+	NP_001286084.1
chr2L	19364394	+	NP_001260568.1
chr2L	19370644	+	NP_609957.2
chr2L	19381012	+	NP_609958.1
chr2L	19394229	+	NP_724182.1
chr2L	19417460	+	NP_477200.1
chr2L	19427248	+	NP_001260576.1
chr2L	19430771	+	NP_609965.1
chr2L	19432872	+	NP_609966.1
chr2L	19445186	+	NP_476712.1
chr2L	19456181	+	NP_609968.3
chr2L	19464756	+	NP_609969.2
chr2L	19484973	+	NP_609971.1
chr2L	19487524	+	NP_995727.1
chr2L	19490486	+	NP_001260584.1
chr2L	19493899	+	NP_001260586.1
chr2L	19498238	+	NP_523602.2
chr2L	19520585	+	NP_609979.2
chr2L	19526772	+	NP_609981.1
chr2L	19533809	+	NP_788074.1
chr2L	19538496	+	NP_609984.2
chr2L	19540693	+	NP_001286087.1
chr2L	19542817	+	NP_001014491.1
chr2L	19549846	+	NP_001260590.1
chr2L	19564338	+	NP_609989.1
chr2L	19566136	+	NP_609990.1
chr2L	19577798	+	NP_609991.1
chr2L	19584346	+	NP_609995.1
chr2L	19611042	+	NP_001303331.1
chr2L	19736136	+	NP_609997.1
chr2L	19758912	+	NP_610000.1
chr2L	19792227	+	NP_001260601.1
chr2L	19807526	+	NP_001260603.1
chr2L	19959280	+	NP_995732.1
chr2L	19962725	+	NP_610015.2
chr2L	20054113	+	NP_724239.1
chr2L	20061877	+	NP_001246100.1
chr2L	20066761	+	NP_610020.1
chr2L	20075857	+	NP_476817.1
chr2L	20091693	+	NP_001260619.1
chr2L	20094209	+	NP_610025.1
chr2L	20100947	+	NP_001260620.1
chr2L	20294886	+	NP_001286098.1
chr2L	20311820	+	NP_001286099.1
chr2L	20355410	+	NP_001260623.1
chr2L	20417594	+	NP_001286102.1
chr2L	20432501	+	NP_001246105.1
chr2L	20450301	+	NP_001260627.1
chr2L	20459418	+	NP_610036.2
chr2L	20495106	+	NP_001286104.1
chr2L	20531177	+	NP_001286105.1
chr2L	20614681	+	NP_610039.1
chr2L	20634565	+	NP_610040.1
chr2L	20640150	+	NP_724273.1
chr2L	20646095	+	NP_610042.1
chr2L	20649037	+	NP_652670.2
chr2L	20656510	+	NP_610045.1
chr2L	20676305	+	NP_610048.2
chr2L	20682449	+	NP_610050.1
chr2L	20735373	+	NP_001246109.1
chr2L	20752612	+	NP_610055.1
chr2L	20760438	+	NP_001246112.1
chr2L	20771108	+	NP_001260641.1
chr2L	20787783	+	NP_610057.1
chr2L	20810313	+	NP_610059.1
chr2L	20825421	+	NP_001286107.1
chr2L	20829670	+	NP_001286110.1
chr2L	20840978	+	NP_001286113.1
chr2L	20849386	+	NP_610066.2
chr2L	20852749	+	NP_610067.1
chr2L	20859273	+	NP_610069.2
chr2L	20865293	+	NP_001260646.1
chr2L	20868146	+	NP_724298.1
chr2L	20870134	+	NP_610072.2
chr2L	21053134	+	NP_523608.2
chr2L	21075702	+	NP_610082.2
chr2L	21089567	+	NP_001260659.1
chr2L	21091367	+	NP_001163027.1
chr2L	21097189	+	NP_001036371.1
chr2L	21102883	+	NP_610087.2
chr2L	21104635	+	NP_001334745.1
chr2L	21114682	+	NP_001137848.1
chr2L	21143306	+	NP_610090.1
chr2L	21156971	+	NP_523609.3
chr2L	21159009	+	NP_610093.1
chr2L	21163679	+	NP_610095.1
chr2L	21168772	+	NP_001286119.1
chr2L	21173288	+	NP_724314.2
chr2L	21180031	+	NP_610097.2
chr2L	21206650	+	NP_001036373.1
chr2L	21221552	+	NP_001286123.1
chr2L	21253670	+	NP_476933.1
chr2L	21261235	+	NP_001260668.1
chr2L	21273596	+	NP_001286124.1
chr2L	21290734	+	NP_724329.1
chr2L	21311875	+	NP_001260672.1
chr2L	21339111	+	NP_001260674.1
chr2L	21355532	+	NP_523612.3
chr2L	21361379	+	NP_724335.2
chr2L	21371351	+	NP_610107.1
chr2L	21382204	+	NP_724339.1
chr2L	21417112	+	NP_001027282.1
chr2L	21420186	+	NP_001027285.1
chr2L	21422014	+	NP_724341.1
chr2L	21423789	+	NP_724343.1
chr2L	21425250	+	NP_724345.1
chr2L	21427075	+	NP_001027286.1
chr2L	21430312	+	NP_001027289.1
chr2L	21432122	+	NP_001027290.1
chr2L	21433897	+	NP_001027292.1
chr2L	21435356	+	NP_001027294.1
chr2L	21437170	+	NP_001027295.1
chr2L	21440244	+	NP_001027298.1
chr2L	21451211	+	NP_001027299.1
chr2L	21452986	+	NP_001027301.1
chr2L	21454445	+	NP_001027303.1
chr2L	21456272	+	NP_001027304.1
chr2L	21458047	+	NP_001027306.1
chr2L	21459504	+	NP_001027308.1
chr2L	21461332	+	NP_001027309.1
chr2L	21463107	+	NP_001027311.1
chr2L	21464564	+	NP_001027313.1
chr2L	21466375	+	NP_001027314.1
chr2L	21468150	+	NP_001027316.1
chr2L	21469607	+	NP_001027318.1
chr2L	21471418	+	NP_001027319.1
chr2L	21473193	+	NP_001027321.1
chr2L	21474650	+	NP_001027323.1
chr2L	21476461	+	NP_001027324.1
chr2L	21478236	+	NP_001027326.1
chr2L	21479693	+	NP_001027328.1
chr2L	21481504	+	NP_001027329.1
chr2L	21483279	+	NP_001027331.1
chr2L	21484738	+	NP_001027333.1
chr2L	21486655	+	NP_001027334.1
chr2L	21488430	+	NP_001027336.1
chr2L	21489887	+	NP_001027338.1
chr2L	21491700	+	NP_001027339.1
chr2L	21493475	+	NP_001027341.1
chr2L	21494932	+	NP_001027343.1
chr2L	21496745	+	NP_001027344.1
chr2L	21498520	+	NP_001027346.1
chr2L	21499977	+	NP_001027348.1
chr2L	21501792	+	NP_001027349.1
chr2L	21503573	+	NP_001027351.1
chr2L	21505030	+	NP_001027353.1
chr2L	21506843	+	NP_001027354.1
chr2L	21508618	+	NP_001027356.1
chr2L	21510075	+	NP_001027358.1
chr2L	21511887	+	NP_001027359.1
chr2L	21513662	+	NP_001027361.1
chr2L	21515119	+	NP_001027363.1
chr2L	21516932	+	NP_001027364.1
chr2L	21518707	+	NP_001027366.1
chr2L	21520166	+	NP_001027368.1
chr2L	21521775	+	NP_001027369.1
chr2L	21523550	+	NP_001027371.1
chr2L	21525009	+	NP_001027373.1
chr2L	21526618	+	NP_001027374.1
chr2L	21528393	+	NP_001027376.1
chr2L	21529852	+	NP_001027378.1
chr2L	21531461	+	NP_001027379.1
chr2L	21533236	+	NP_001027381.1
chr2L	21534693	+	NP_001027383.1
chr2L	21536505	+	NP_001027384.1
chr2L	21538280	+	NP_001027386.1
chr2L	21541210	+	NP_001027387.1
chr2L	21573495	+	NP_610111.3
chr2L	21633627	+	NP_001014496.1
chr2L	21659154	+	NP_724352.1
chr2L	21688499	+	NP_724360.1
chr2L	21758212	+	NP_610121.2
chr2L	21829806	+	NP_523615.2
chr2L	21903150	+	NP_610126.1
chr2L	21906353	+	NP_610127.1
chr2L	21916405	+	NP_001286129.1
chr2L	22015233	+	NP_724369.2
chr2L	22020035	+	NP_001260679.1
chr2L	22038032	+	NP_001260680.1
chr2L	22071301	+	NP_724373.1
chr2L	22079688	+	NP_610130.1
chr2L	22109116	+	NP_610132.3
chr2L	22121872	+	NP_001260682.1
chr2L	22140824	+	NP_001097188.1
chr2L	22175450	+	NP_001246131.1
chr2L	22239932	+	NP_001260688.1
chr2L	22250099	+	NP_788084.1
chr2L	22325827	+	NP_724393.2
chr2L	22538312	+	NP_001286134.1
chr2L	22550559	+	NP_001260692.1
chr2L	22579841	+	NP_001036399.1
chr2L	22844571	+	NP_001036407.1
chr2L	22924896	+	NP_001036415.2
chr2L	22982198	+	NP_001260696.1
chr2L	23311778	+	NP_001104335.1
chr2L	19944	-	NP_722587.1
chr2L	25151	-	NP_001097043.1
chr2L	58150	-	NP_001245806.1
chr2L	87092	-	NP_524820.2
chr2L	106642	-	NP_608491.3
chr2L	116117	-	NP_608492.1
chr2L	120032	-	NP_001033861.1
chr2L	130551	-	NP_608494.2
chr2L	142487	-	NP_722607.1
chr2L	153106	-	NP_001259801.1
chr2L	155247	-	NP_608500.1
chr2L	158603	-	NP_001027215.1
chr2L	206044	-	NP_608502.1
chr2L	242287	-	NP_722617.1
chr2L	254379	-	NP_001259808.1
chr2L	266688	-	NP_001245821.1
chr2L	273634	-	NP_608511.1
chr2L	277142	-	NP_001259812.1
chr2L	283147	-	NP_001285546.1
chr2L	291010	-	NP_608514.1
chr2L	294484	-	NP_001259814.1
chr2L	319233	-	NP_608517.1
chr2L	321221	-	NP_608518.1
chr2L	332132	-	NP_722626.2
chr2L	357686	-	NP_001259820.1
chr2L	401663	-	NP_608520.1
chr2L	413459	-	NP_995607.1
chr2L	419600	-	NP_608521.1
chr2L	421366	-	NP_608522.1
chr2L	450794	-	NP_001259825.1
chr2L	464933	-	NP_608527.2
chr2L	479475	-	NP_001259832.1
chr2L	542247	-	NP_001259833.1
chr2L	544542	-	NP_523444.1
chr2L	551857	-	NP_001097047.1
chr2L	559574	-	NP_995608.1
chr2L	563181	-	NP_001285549.1
chr2L	568064	-	NP_477294.2
chr2L	574135	-	NP_608535.1
chr2L	576600	-	NP_001303304.1
chr2L	594380	-	NP_001303305.1
chr2L	621182	-	NP_608539.2
chr2L	707766	-	NP_523446.2
chr2L	740995	-	NP_477427.1
chr2L	790629	-	NP_477213.1
chr2L	815831	-	NP_001259843.1
chr2L	817898	-	NP_608547.2
chr2L	819334	-	NP_608548.1
chr2L	825797	-	NP_608550.1
chr2L	850068	-	NP_001162849.1
chr2L	852629	-	NP_001259846.1
chr2L	864908	-	NP_523449.2
chr2L	869776	-	NP_477240.1
chr2L	885052	-	NP_001285555.1
chr2L	1042988	-	NP_722672.3
chr2L	1062146	-	NP_523450.1
chr2L	1087862	-	NP_722676.3
chr2L	1108202	-	NP_001259853.1
chr2L	1128345	-	NP_608568.1
chr2L	1134073	-	NP_608570.1
chr2L	1150647	-	NP_608574.2
chr2L	1155968	-	NP_001033869.1
chr2L	1163088	-	NP_608578.1
chr2L	1169785	-	NP_001285557.1
chr2L	1172619	-	NP_608581.2
chr2L	1183919	-	NP_608584.1
chr2L	1199138	-	NP_608587.1
chr2L	1342095	-	NP_001027216.2
chr2L	1344171	-	NP_001027217.1
chr2L	1355768	-	NP_608595.2
chr2L	1361657	-	NP_001162852.1
chr2L	1420165	-	NP_001259868.1
chr2L	1500192	-	NP_722708.2
chr2L	1502628	-	NP_001259871.1
chr2L	1518061	-	NP_608603.1
chr2L	1587032	-	NP_608605.1
chr2L	1611071	-	NP_608608.2
chr2L	1614076	-	NP_001259876.1
chr2L	1710315	-	NP_608612.3
chr2L	1715556	-	NP_001259880.1
chr2L	1723928	-	NP_001245841.1
chr2L	1727833	-	NP_477421.1
chr2L	1732263	-	NP_001259881.1
chr2L	1752025	-	NP_608619.1
chr2L	1756451	-	NP_722729.2
chr2L	1759052	-	NP_608621.1
chr2L	1794917	-	NP_001259882.1
chr2L	1823291	-	NP_722734.1
chr2L	1826478	-	NP_001356905.1
chr2L	1832454	-	NP_608623.2
chr2L	1880114	-	NP_001259884.1
chr2L	1883173	-	NP_001303306.2
chr2L	1946663	-	NP_001259888.1
chr2L	1954325	-	NP_001259891.2
chr2L	1980612	-	NP_608633.1
chr2L	1987652	-	NP_722745.1
chr2L	1992152	-	NP_722746.2
chr2L	2005615	-	NP_001014458.3
chr2L	2007146	-	NP_652353.2
chr2L	2035936	-	NP_652638.2
chr2L	2037247	-	NP_001137766.1
chr2L	2094797	-	NP_001259902.1
chr2L	2129207	-	NP_001259904.1
chr2L	2145031	-	NP_722763.1
chr2L	2147024	-	NP_001259906.1
chr2L	2160491	-	NP_523455.2
chr2L	2192822	-	NP_722768.2
chr2L	2206028	-	NP_001097055.2
chr2L	2208906	-	NP_001097056.3
chr2L	2212375	-	NP_608654.1
chr2L	2213931	-	NP_476940.1
chr2L	2217142	-	NP_001259916.1
chr2L	2226205	-	NP_001097058.1
chr2L	2236541	-	NP_001259918.1
chr2L	2240502	-	NP_608660.3
chr2L	2252330	-	NP_523456.1
chr2L	2255040	-	NP_608662.1
chr2L	2265311	-	NP_001033871.2
chr2L	2269093	-	NP_001259921.1
chr2L	2287795	-	NP_722789.1
chr2L	2289207	-	NP_608666.1
chr2L	2290622	-	NP_001259922.1
chr2L	2310427	-	NP_001259923.1
chr2L	2361428	-	NP_722797.1
chr2L	2371426	-	NP_608674.1
chr2L	2373701	-	NP_608675.1
chr2L	2385702	-	NP_001259936.1
chr2L	2390635	-	NP_001259938.1
chr2L	2414902	-	NP_608682.3
chr2L	2417965	-	NP_722808.2
chr2L	2419764	-	NP_001097060.1
chr2L	2492520	-	NP_001137769.2
chr2L	2517956	-	NP_608686.1
chr2L	2552754	-	NP_608687.2
chr2L	2576645	-	NP_001259943.1
chr2L	2579954	-	NP_001137770.1
chr2L	2585271	-	NP_001259946.1
chr2L	2647645	-	NP_608697.1
chr2L	2652291	-	NP_787964.2
chr2L	2696407	-	NP_608700.2
chr2L	2744924	-	NP_608704.2
chr2L	2748381	-	NP_001259958.1
chr2L	2759647	-	NP_001027221.1
chr2L	2765502	-	NP_001259962.1
chr2L	2767777	-	NP_477418.1
chr2L	2769565	-	NP_477221.1
chr2L	2771735	-	NP_608712.1
chr2L	2793888	-	NP_001285568.1
chr2L	2815689	-	NP_001097063.1
chr2L	2827768	-	NP_001259968.1
chr2L	2837788	-	NP_608717.2
chr2L	2847197	-	NP_608720.2
chr2L	2853262	-	NP_608724.1
chr2L	2873672	-	NP_722858.1
chr2L	2878137	-	NP_523463.2
chr2L	2885022	-	NP_722862.1
chr2L	2972297	-	NP_477367.1
chr2L	2976785	-	NP_722865.1
chr2L	2979205	-	NP_001285572.1
chr2L	2987520	-	NP_001245851.1
chr2L	2992709	-	NP_476661.1
chr2L	3017969	-	NP_001162855.1
chr2L	3022949	-	NP_608737.1
chr2L	3029087	-	NP_001259979.1
chr2L	3037150	-	NP_001259980.1
chr2L	3039720	-	NP_608745.1
chr2L	3144347	-	NP_001259988.1
chr2L	3145684	-	NP_001259991.1
chr2L	3152432	-	NP_477017.1
chr2L	3170951	-	NP_608754.1
chr2L	3173825	-	NP_001285576.1
chr2L	3192886	-	NP_608753.2
chr2L	3280363	-	NP_001285581.1
chr2L	3293552	-	NP_722889.1
chr2L	3301615	-	NP_608760.2
chr2L	3319806	-	NP_001259995.1
chr2L	3353392	-	NP_524648.3
chr2L	3373047	-	NP_001245856.1
chr2L	3375408	-	NP_001097072.1
chr2L	3376619	-	NP_001259997.1
chr2L	3388398	-	NP_001162856.1
chr2L	3421574	-	NP_995625.2
chr2L	3457035	-	NP_608779.1
chr2L	3461851	-	NP_608781.2
chr2L	3465639	-	NP_722907.1
chr2L	3469894	-	NP_001285587.1
chr2L	3481916	-	NP_608784.1
chr2L	3504526	-	NP_001137780.2
chr2L	3510072	-	NP_722915.1
chr2L	3514532	-	NP_001285589.1
chr2L	3519463	-	NP_608787.1
chr2L	3523960	-	NP_608789.1
chr2L	3530286	-	NP_608791.2
chr2L	3580179	-	NP_476882.1
chr2L	3606358	-	NP_722922.1
chr2L	3621506	-	NP_608794.1
chr2L	3640455	-	NP_001356955.1
chr2L	3670527	-	NP_001162859.1
chr2L	3693860	-	NP_001285593.1
chr2L	3695356	-	NP_001245858.1
chr2L	3696598	-	NP_001285594.1
chr2L	3697771	-	NP_001285595.1
chr2L	3699040	-	NP_608802.2
chr2L	3704973	-	NP_722932.1
chr2L	3711618	-	NP_722933.1
chr2L	3712782	-	NP_001285597.1
chr2L	3717728	-	NP_652637.1
chr2L	3813330	-	NP_608809.1
chr2L	3893589	-	NP_001260011.1
chr2L	3989420	-	NP_001245866.1
chr2L	4166134	-	NP_523470.3
chr2L	4187483	-	NP_722959.1
chr2L	4196565	-	NP_001260015.1
chr2L	4217840	-	NP_477497.1
chr2L	4226888	-	NP_608819.1
chr2L	4279290	-	NP_001285600.1
chr2L	4387008	-	NP_722973.1
chr2L	4393790	-	NP_608828.2
chr2L	4409353	-	NP_608831.1
chr2L	4442051	-	NP_001162870.1
chr2L	4444607	-	NP_608833.1
chr2L	4448427	-	NP_608835.1
chr2L	4454362	-	NP_608836.1
chr2L	4456449	-	NP_477229.3
chr2L	4458291	-	NP_001188689.2
chr2L	4459532	-	NP_001260028.1
chr2L	4462960	-	NP_001260029.1
chr2L	4474977	-	NP_477013.1
chr2L	4574337	-	NP_001245876.1
chr2L	4578103	-	NP_608842.1
chr2L	4684373	-	NP_523472.2
chr2L	4690600	-	NP_608851.1
chr2L	4701468	-	NP_608852.1
chr2L	4734426	-	NP_001285606.1
chr2L	4793680	-	NP_787975.1
chr2L	4799878	-	NP_608858.3
chr2L	4818166	-	NP_608860.1
chr2L	4834949	-	NP_001260048.1
chr2L	4837616	-	NP_723014.1
chr2L	4846043	-	NP_001260055.1
chr2L	4850363	-	NP_523473.2
chr2L	4882392	-	NP_001350854.1
chr2L	4905822	-	NP_723022.1
chr2L	4932092	-	NP_001260059.1
chr2L	4936341	-	NP_608878.1
chr2L	4945275	-	NP_523476.1
chr2L	4950748	-	NP_001036332.1
chr2L	4953114	-	NP_001285608.1
chr2L	4955123	-	NP_001033873.1
chr2L	4968825	-	NP_523478.1
chr2L	4971296	-	NP_001260062.1
chr2L	4976929	-	NP_608888.2
chr2L	4981174	-	NP_608890.1
chr2L	5009375	-	NP_787988.1
chr2L	5010766	-	NP_608895.1
chr2L	5027129	-	NP_001260071.1
chr2L	5042713	-	NP_001162881.1
chr2L	5052735	-	NP_001285610.1
chr2L	5054952	-	NP_608903.1
chr2L	5059550	-	NP_608904.1
chr2L	5078988	-	NP_001036338.1
chr2L	5100141	-	NP_001285613.1
chr2L	5214586	-	NP_001285616.1
chr2L	5216514	-	NP_001285618.1
chr2L	5271323	-	NP_787992.1
chr2L	5278189	-	NP_723073.1
chr2L	5313884	-	NP_001260094.1
chr2L	5325966	-	NP_001097088.3
chr2L	5328633	-	NP_608922.1
chr2L	5332414	-	NP_608923.1
chr2L	5342055	-	NP_608924.1
chr2L	5519812	-	NP_608929.1
chr2L	5523816	-	NP_608931.1
chr2L	5532147	-	NP_608934.1
chr2L	5536726	-	NP_608936.1
chr2L	5539110	-	NP_608937.1
chr2L	5541921	-	NP_723091.1
chr2L	5550807	-	NP_608939.2
chr2L	5553715	-	NP_608941.1
chr2L	5580891	-	NP_723100.1
chr2L	5588291	-	NP_001285630.1
chr2L	5613494	-	NP_608946.3
chr2L	5623740	-	NP_001285631.1
chr2L	5651916	-	NP_723103.1
chr2L	5716650	-	NP_001097090.2
chr2L	5719962	-	NP_001162890.1
chr2L	5728752	-	NP_001260104.1
chr2L	5736924	-	NP_608954.1
chr2L	5766015	-	NP_723116.1
chr2L	5771202	-	NP_001162891.1
chr2L	5801886	-	NP_001260107.1
chr2L	5818385	-	NP_001285639.1
chr2L	5861607	-	NP_608965.1
chr2L	5884751	-	NP_001162892.1
chr2L	5893871	-	NP_599099.1
chr2L	5904661	-	NP_001285647.1
chr2L	5910244	-	NP_608969.1
chr2L	5923471	-	NP_723127.1
chr2L	5943254	-	NP_001260110.1
chr2L	5956805	-	NP_608972.1
chr2L	5958591	-	NP_608973.1
chr2L	5960259	-	NP_001260115.1
chr2L	5964283	-	NP_608974.2
chr2L	5967498	-	NP_001245903.1
chr2L	5979522	-	NP_995635.1
chr2L	5996490	-	NP_001285649.1
chr2L	6006689	-	NP_001260120.1
chr2L	6012236	-	NP_001260121.1
chr2L	6019193	-	NP_523488.2
chr2L	6024464	-	NP_723144.1
chr2L	6034323	-	NP_608982.2
chr2L	6037815	-	NP_001285651.1
chr2L	6045517	-	NP_723146.1
chr2L	6048643	-	NP_001285653.1
chr2L	6062687	-	NP_608987.1
chr2L	6065765	-	NP_608989.1
chr2L	6068579	-	NP_608991.2
chr2L	6070589	-	NP_001285662.1
chr2L	6098696	-	NP_723155.1
chr2L	6130550	-	NP_608997.3
chr2L	6154875	-	NP_723163.1
chr2L	6264453	-	NP_609006.1
chr2L	6308702	-	NP_001260125.1
chr2L	6338142	-	NP_001260127.1
chr2L	6348151	-	NP_001260130.1
chr2L	6350961	-	NP_609015.2
chr2L	6354331	-	NP_609016.2
chr2L	6358295	-	NP_609018.3
chr2L	6408383	-	NP_001137799.1
chr2L	6422509	-	NP_001285670.1
chr2L	6447961	-	NP_001137800.1
chr2L	6455597	-	NP_001260132.1
chr2L	6463843	-	NP_609030.1
chr2L	6467608	-	NP_609031.2
chr2L	6473691	-	NP_001285673.1
chr2L	6476745	-	NP_001188706.1
chr2L	6480330	-	NP_001285674.1
chr2L	6488551	-	NP_001285676.1
chr2L	6490757	-	NP_609038.1
chr2L	6494438	-	NP_609040.1
chr2L	6546502	-	NP_001245913.1
chr2L	6557431	-	NP_609045.2
chr2L	6561567	-	NP_001285679.1
chr2L	6566117	-	NP_001285681.1
chr2L	6586530	-	NP_609051.1
chr2L	6621510	-	NP_001097100.1
chr2L	6632318	-	NP_609055.2
chr2L	6646668	-	NP_001260139.1
chr2L	6657738	-	NP_723199.1
chr2L	6663577	-	NP_609061.2
chr2L	6667689	-	NP_609062.2
chr2L	6673175	-	NP_001260143.1
chr2L	6677548	-	NP_523494.1
chr2L	6683948	-	NP_001097105.3
chr2L	6701834	-	NP_609065.1
chr2L	6714691	-	NP_995639.1
chr2L	6723197	-	NP_001036341.2
chr2L	6740176	-	NP_609069.1
chr2L	6745542	-	NP_723211.1
chr2L	6747843	-	NP_001285689.1
chr2L	6759494	-	NP_609071.2
chr2L	6770644	-	NP_001260157.1
chr2L	6786414	-	NP_477167.1
chr2L	6796481	-	NP_001014476.1
chr2L	6800681	-	NP_652707.1
chr2L	6802637	-	NP_723219.2
chr2L	6805677	-	NP_001260165.1
chr2L	6864427	-	NP_609080.1
chr2L	6907777	-	NP_609081.1
chr2L	6913927	-	NP_001260167.1
chr2L	6919942	-	NP_001260168.1
chr2L	6940918	-	NP_001260169.1
chr2L	6944996	-	NP_001260171.1
chr2L	6948413	-	NP_609085.1
chr2L	6950116	-	NP_609086.1
chr2L	6956872	-	NP_001285695.1
chr2L	6960253	-	NP_609088.1
chr2L	6963817	-	NP_609090.2
chr2L	6967300	-	NP_477411.1
chr2L	6971462	-	NP_001260173.1
chr2L	6999856	-	NP_609091.4
chr2L	7023705	-	NP_001285698.1
chr2L	7026777	-	NP_001285699.1
chr2L	7032105	-	NP_609094.1
chr2L	7060709	-	NP_001285705.1
chr2L	7065765	-	NP_609096.2
chr2L	7083623	-	NP_523499.2
chr2L	7156665	-	NP_001097108.1
chr2L	7187636	-	NP_609101.1
chr2L	7193363	-	NP_001188707.1
chr2L	7196674	-	NP_609103.1
chr2L	7219111	-	NP_001260176.1
chr2L	7222980	-	NP_609105.1
chr2L	7245050	-	NP_001260177.1
chr2L	7252772	-	NP_609106.2
chr2L	7276009	-	NP_476972.2
chr2L	7388103	-	NP_609110.1
chr2L	7392382	-	NP_609112.1
chr2L	7409704	-	NP_609115.1
chr2L	7433176	-	NP_609119.2
chr2L	7447647	-	NP_723277.3
chr2L	7454169	-	NP_523504.2
chr2L	7462247	-	NP_995640.1
chr2L	7495608	-	NP_001260200.1
chr2L	7497329	-	NP_523505.1
chr2L	7578559	-	NP_001014478.1
chr2L	7662833	-	NP_001260211.1
chr2L	7692669	-	NP_001260213.1
chr2L	7701421	-	NP_723299.2
chr2L	7719390	-	NP_001285711.1
chr2L	7722645	-	NP_609137.2
chr2L	7726095	-	NP_001285712.1
chr2L	7730558	-	NP_001137807.1
chr2L	7736698	-	NP_723311.1
chr2L	7741481	-	NP_477115.1
chr2L	7744753	-	NP_609141.1
chr2L	7753107	-	NP_001285713.1
chr2L	7777985	-	NP_723315.3
chr2L	7790078	-	NP_001285717.1
chr2L	7795834	-	NP_001285719.1
chr2L	7799512	-	NP_609151.2
chr2L	7807044	-	NP_001285721.1
chr2L	7827169	-	NP_001260218.1
chr2L	7853301	-	NP_001285726.1
chr2L	7860700	-	NP_609157.3
chr2L	7870443	-	NP_609158.2
chr2L	7879146	-	NP_609160.2
chr2L	7887052	-	NP_001285729.1
chr2L	7890692	-	NP_001036345.1
chr2L	7976190	-	NP_001097116.1
chr2L	7991480	-	NP_723328.2
chr2L	7996752	-	NP_001285733.1
chr2L	8007132	-	NP_001285735.1
chr2L	8010635	-	NP_001285736.1
chr2L	8028691	-	NP_609175.2
chr2L	8042825	-	NP_001285737.1
chr2L	8072761	-	NP_476986.1
chr2L	8080610	-	NP_524688.1
chr2L	8123814	-	NP_001033884.2
chr2L	8126681	-	NP_609183.1
chr2L	8159432	-	NP_001188714.1
chr2L	8162325	-	NP_001285744.1
chr2L	8196815	-	NP_001036347.1
chr2L	8204695	-	NP_609192.1
chr2L	8210843	-	NP_476755.1
chr2L	8212709	-	NP_609194.1
chr2L	8217899	-	NP_609198.1
chr2L	8220628	-	NP_609199.1
chr2L	8230194	-	NP_001162910.1
chr2L	8241766	-	NP_524957.2
chr2L	8252851	-	NP_001260236.1
chr2L	8298322	-	NP_001260244.1
chr2L	8302823	-	NP_609202.1
chr2L	8308069	-	NP_609204.2
chr2L	8311123	-	NP_609206.1
chr2L	8319676	-	NP_609208.2
chr2L	8325013	-	NP_001285745.1
chr2L	8361177	-	NP_001245943.1
chr2L	8364563	-	NP_001285747.1
chr2L	8376773	-	NP_609218.1
chr2L	8381442	-	NP_523511.2
chr2L	8382707	-	NP_001260247.1
chr2L	8384012	-	NP_609222.1
chr2L	8389269	-	NP_001188728.1
chr2L	8394881	-	NP_995659.1
chr2L	8396062	-	NP_524983.1
chr2L	8403081	-	NP_477500.1
chr2L	8411544	-	NP_001260251.1
chr2L	8414879	-	NP_001260252.1
chr2L	8433082	-	NP_476568.2
chr2L	8437175	-	NP_609228.2
chr2L	8449424	-	NP_609230.2
chr2L	8450969	-	NP_609231.2
chr2L	8493835	-	NP_523514.1
chr2L	8496268	-	NP_001285756.1
chr2L	8511768	-	NP_001285757.1
chr2L	8514754	-	NP_609237.1
chr2L	8517292	-	NP_609239.1
chr2L	8528309	-	NP_001260259.1
chr2L	8679782	-	NP_609244.1
chr2L	8684350	-	NP_609245.1
chr2L	8685803	-	NP_609246.1
chr2L	8704457	-	NP_001285758.1
chr2L	8740413	-	NP_001285759.1
chr2L	8751967	-	NP_001285761.1
chr2L	8768669	-	NP_001285762.1
chr2L	8772344	-	NP_609251.2
chr2L	8776196	-	NP_001285763.1
chr2L	8781186	-	NP_609253.1
chr2L	8782403	-	NP_001188734.1
chr2L	8941724	-	NP_001285768.1
chr2L	8943218	-	NP_001285769.1
chr2L	8945400	-	NP_723428.1
chr2L	8958977	-	NP_609259.2
chr2L	8962354	-	NP_001260270.1
chr2L	8974931	-	NP_609263.2
chr2L	8980158	-	NP_723433.1
chr2L	8989037	-	NP_001260274.1
chr2L	8997263	-	NP_001260276.1
chr2L	9013922	-	NP_609269.1
chr2L	9025366	-	NP_001285773.1
chr2L	9066401	-	NP_001188744.1
chr2L	9166384	-	NP_609277.1
chr2L	9251008	-	NP_001285775.1
chr2L	9252986	-	NP_609279.1
chr2L	9254831	-	NP_652635.2
chr2L	9405875	-	NP_609284.3
chr2L	9430930	-	NP_001285780.1
chr2L	9440740	-	NP_001027235.1
chr2L	9494615	-	NP_001285781.1
chr2L	9555938	-	NP_001097133.1
chr2L	9557214	-	NP_001369125.1
chr2L	9576593	-	NP_723470.1
chr2L	9581592	-	NP_001285782.1
chr2L	9600853	-	NP_609301.2
chr2L	9625223	-	NP_723477.1
chr2L	9697566	-	NP_723479.1
chr2L	9703539	-	NP_001260294.1
chr2L	9711137	-	NP_609305.1
chr2L	9743284	-	NP_001260296.1
chr2L	9750020	-	NP_523527.1
chr2L	9763174	-	NP_723484.1
chr2L	9775030	-	NP_609308.3
chr2L	9793006	-	NP_001260300.1
chr2L	9869598	-	NP_609316.4
chr2L	9890740	-	NP_001097134.1
chr2L	9893419	-	NP_609318.1
chr2L	9897130	-	NP_001285785.1
chr2L	9903117	-	NP_995676.4
chr2L	9906173	-	NP_001162928.1
chr2L	9912476	-	NP_609320.2
chr2L	9918081	-	NP_001303317.1
chr2L	9924860	-	NP_609325.2
chr2L	9933092	-	NP_723504.1
chr2L	9938738	-	NP_609327.3
chr2L	9944655	-	NP_001285786.1
chr2L	9954093	-	NP_001285787.1
chr2L	9956993	-	NP_609333.1
chr2L	9963392	-	NP_001260310.1
chr2L	9966885	-	NP_523529.1
chr2L	10001428	-	NP_001188765.1
chr2L	10017331	-	NP_609337.2
chr2L	10137355	-	NP_001260314.1
chr2L	10198623	-	NP_001334732.1
chr2L	10200538	-	NP_609351.1
chr2L	10204188	-	NP_001097137.1
chr2L	10208796	-	NP_609353.1
chr2L	10210603	-	NP_609355.1
chr2L	10218871	-	NP_001188771.1
chr2L	10225750	-	NP_001285799.1
chr2L	10229950	-	NP_609360.2
chr2L	10237845	-	NP_723538.3
chr2L	10246021	-	NP_001188772.1
chr2L	10249210	-	NP_723541.1
chr2L	10255815	-	NP_609362.1
chr2L	10259575	-	NP_477424.1
chr2L	10263418	-	NP_001260318.1
chr2L	10272209	-	NP_476767.2
chr2L	10280830	-	NP_723550.2
chr2L	10290490	-	NP_609369.1
chr2L	10295299	-	NP_609370.2
chr2L	10299204	-	NP_723556.1
chr2L	10301955	-	NP_723559.2
chr2L	10305505	-	NP_001285800.1
chr2L	10310304	-	NP_001260320.1
chr2L	10314311	-	NP_609376.1
chr2L	10320019	-	NP_001260323.1
chr2L	10330579	-	NP_477027.1
chr2L	10353631	-	NP_001162934.1
chr2L	10356276	-	NP_609387.1
chr2L	10362507	-	NP_001260333.1
chr2L	10372898	-	NP_995679.1
chr2L	10375733	-	NP_001260335.1
chr2L	10386177	-	NP_476797.1
chr2L	10396217	-	NP_001285803.1
chr2L	10405136	-	NP_001027236.1
chr2L	10413430	-	NP_609397.2
chr2L	10422643	-	NP_001260348.1
chr2L	10426496	-	NP_001188780.1
chr2L	10430714	-	NP_609402.1
chr2L	10435337	-	NP_609403.2
chr2L	10452201	-	NP_001033894.1
chr2L	10455822	-	NP_001260350.1
chr2L	10472171	-	NP_723594.1
chr2L	10488497	-	NP_609413.1
chr2L	10491364	-	NP_609415.1
chr2L	10506014	-	NP_523538.1
chr2L	10510238	-	NP_609417.1
chr2L	10517129	-	NP_723597.1
chr2L	10577717	-	NP_609423.1
chr2L	10581637	-	NP_001097143.1
chr2L	10630995	-	NP_001260357.1
chr2L	10684372	-	NP_001188788.2
chr2L	10686947	-	NP_001260361.1
chr2L	10689196	-	NP_609438.1
chr2L	10694060	-	NP_609439.1
chr2L	10698024	-	NP_001188789.2
chr2L	10701363	-	NP_523540.1
chr2L	10706190	-	NP_001285812.1
chr2L	10732334	-	NP_609444.1
chr2L	10736957	-	NP_609446.1
chr2L	10743874	-	NP_609449.1
chr2L	10745997	-	NP_723615.1
chr2L	10766991	-	NP_001260362.1
chr2L	10769733	-	NP_001260363.1
chr2L	10788970	-	NP_001137814.1
chr2L	10831927	-	NP_001027243.2
chr2L	10842188	-	NP_609459.1
chr2L	10846898	-	NP_001033897.1
chr2L	10848863	-	NP_599110.1
chr2L	10856278	-	NP_477449.1
chr2L	10857977	-	NP_477336.1
chr2L	10888778	-	NP_001245963.1
chr2L	10901695	-	NP_001285818.1
chr2L	10908812	-	NP_609468.4
chr2L	10910535	-	NP_001285819.1
chr2L	10961224	-	NP_001162945.3
chr2L	10970122	-	NP_788024.1
chr2L	10975212	-	NP_524784.1
chr2L	10976290	-	NP_001036354.1
chr2L	10987332	-	NP_476875.1
chr2L	11001365	-	NP_001097144.1
chr2L	11003751	-	NP_001285826.1
chr2L	11010992	-	NP_609478.1
chr2L	11055377	-	NP_525101.2
chr2L	11077221	-	NP_001162948.1
chr2L	11085170	-	NP_609483.2
chr2L	11100559	-	NP_723654.1
chr2L	11106213	-	NP_001245975.1
chr2L	11112949	-	NP_609489.1
chr2L	11120171	-	NP_609490.1
chr2L	11121585	-	NP_609491.1
chr2L	11123470	-	NP_609492.1
chr2L	11130171	-	NP_001285833.1
chr2L	11148875	-	NP_001285834.1
chr2L	11155601	-	NP_609496.1
chr2L	11170439	-	NP_001260376.1
chr2L	11171634	-	NP_001285837.1
chr2L	11268846	-	NP_001260382.1
chr2L	11285603	-	NP_609501.1
chr2L	11343168	-	NP_001285841.1
chr2L	11445178	-	NP_723670.2
chr2L	11498882	-	NP_609503.2
chr2L	11515780	-	NP_723672.1
chr2L	11521259	-	NP_609508.1
chr2L	11522379	-	NP_001245989.1
chr2L	11525666	-	NP_995687.1
chr2L	11530994	-	NP_001260387.1
chr2L	11586603	-	NP_602306.1
chr2L	11591668	-	NP_523550.3
chr2L	11611664	-	NP_609510.2
chr2L	11648779	-	NP_001285845.1
chr2L	11651939	-	NP_609512.1
chr2L	11754479	-	NP_001162953.1
chr2L	11794047	-	NP_523552.1
chr2L	11803439	-	NP_001260391.1
chr2L	11812431	-	NP_001260394.1
chr2L	11896562	-	NP_609520.1
chr2L	11987945	-	NP_609529.2
chr2L	11989824	-	NP_609530.1
chr2L	11995317	-	NP_723704.1
chr2L	11999228	-	NP_652664.2
chr2L	12002151	-	NP_609534.1
chr2L	12020741	-	NP_609535.1
chr2L	12038130	-	NP_723711.1
chr2L	12040581	-	NP_609537.1
chr2L	12042991	-	NP_609538.2
chr2L	12045975	-	NP_609539.1
chr2L	12048861	-	NP_001285862.1
chr2L	12055296	-	NP_001285864.1
chr2L	12065292	-	NP_723718.2
chr2L	12085529	-	NP_523556.1
chr2L	12096420	-	NP_477479.1
chr2L	12103144	-	NP_001356894.1
chr2L	12108799	-	NP_001285869.1
chr2L	12133339	-	NP_788038.1
chr2L	12172474	-	NP_609556.2
chr2L	12177598	-	NP_609558.3
chr2L	12343877	-	NP_001260409.1
chr2L	12421704	-	NP_001246003.1
chr2L	12427567	-	NP_001260414.1
chr2L	12430787	-	NP_001285873.1
chr2L	12433912	-	NP_995689.1
chr2L	12444388	-	NP_001260417.1
chr2L	12448113	-	NP_001260418.1
chr2L	12453230	-	NP_609571.1
chr2L	12539654	-	NP_723756.1
chr2L	12611381	-	NP_001246007.1
chr2L	12669274	-	NP_609577.2
chr2L	12692822	-	NP_609579.1
chr2L	12694912	-	NP_609581.3
chr2L	12697271	-	NP_609583.1
chr2L	12700514	-	NP_609584.1
chr2L	12704400	-	NP_001260420.1
chr2L	12707529	-	NP_609587.1
chr2L	12712306	-	NP_001260422.1
chr2L	12721721	-	NP_609590.1
chr2L	12761792	-	NP_609592.1
chr2L	12821660	-	NP_523559.3
chr2L	13000541	-	NP_609596.1
chr2L	13003659	-	NP_523560.2
chr2L	13018056	-	NP_609597.1
chr2L	13021178	-	NP_609598.1
chr2L	13031333	-	NP_001260429.1
chr2L	13119105	-	NP_001369128.1
chr2L	13143597	-	NP_001285884.1
chr2L	13164893	-	NP_001260431.1
chr2L	13175813	-	NP_723786.1
chr2L	13182452	-	NP_723787.1
chr2L	13189573	-	NP_001246018.1
chr2L	13203000	-	NP_609612.2
chr2L	13211781	-	NP_609614.2
chr2L	13214671	-	NP_001260436.1
chr2L	13219492	-	NP_609616.1
chr2L	13222221	-	NP_001260437.1
chr2L	13225206	-	NP_609620.1
chr2L	13234595	-	NP_609624.1
chr2L	13259635	-	NP_723799.1
chr2L	13265784	-	NP_723803.2
chr2L	13286409	-	NP_609631.1
chr2L	13310097	-	NP_001369129.1
chr2L	13354449	-	NP_001162973.2
chr2L	13361483	-	NP_609640.1
chr2L	13366076	-	NP_651976.1
chr2L	13370939	-	NP_609642.1
chr2L	13373703	-	NP_001285890.1
chr2L	13378357	-	NP_609645.2
chr2L	13387213	-	NP_723814.1
chr2L	13398421	-	NP_001285895.1
chr2L	13411585	-	NP_476785.1
chr2L	13414516	-	NP_609654.1
chr2L	13445560	-	NP_609655.2
chr2L	13449346	-	NP_609656.1
chr2L	13513293	-	NP_001260445.1
chr2L	13535721	-	NP_609660.1
chr2L	13542468	-	NP_609662.1
chr2L	13596997	-	NP_609664.1
chr2L	13641248	-	NP_001285903.1
chr2L	13714138	-	NP_723828.1
chr2L	13723437	-	NP_609668.2
chr2L	13779732	-	NP_609670.1
chr2L	13783437	-	NP_001285909.1
chr2L	13811450	-	NP_609676.1
chr2L	13813234	-	NP_609678.1
chr2L	13827691	-	NP_476821.1
chr2L	13829418	-	NP_723845.1
chr2L	13833071	-	NP_001027262.1
chr2L	13834982	-	NP_723847.1
chr2L	13841479	-	NP_001285911.1
chr2L	13843706	-	NP_995706.1
chr2L	13845262	-	NP_001285912.1
chr2L	13903920	-	NP_723851.1
chr2L	13923360	-	NP_001188800.1
chr2L	13931335	-	NP_001188801.2
chr2L	13934609	-	NP_609689.3
chr2L	13947100	-	NP_609690.1
chr2L	13966924	-	NP_723857.1
chr2L	13969908	-	NP_001033905.1
chr2L	13972889	-	NP_652734.2
chr2L	13976689	-	NP_001285921.1
chr2L	13993487	-	NP_476702.1
chr2L	14020163	-	NP_524928.2
chr2L	14031534	-	NP_001188805.1
chr2L	14110685	-	NP_001285925.1
chr2L	14163121	-	NP_001246028.1
chr2L	14180307	-	NP_788051.1
chr2L	14197680	-	NP_001260455.1
chr2L	14346654	-	NP_609708.2
chr2L	14348706	-	NP_609709.1
chr2L	14349780	-	NP_001285930.1
chr2L	14354997	-	NP_609711.1
chr2L	14381134	-	NP_477232.1
chr2L	14408436	-	NP_995712.1
chr2L	14417318	-	NP_609712.1
chr2L	14425131	-	NP_609713.1
chr2L	14450860	-	NP_652574.3
chr2L	14548953	-	NP_001285936.1
chr2L	14563579	-	NP_001285937.1
chr2L	14588234	-	NP_001188810.1
chr2L	14688678	-	NP_001162975.1
chr2L	14730046	-	NP_609717.5
chr2L	14737730	-	NP_723882.1
chr2L	14741801	-	NP_001162979.1
chr2L	14745185	-	NP_001162981.1
chr2L	14774976	-	NP_609722.2
chr2L	14784586	-	NP_995714.2
chr2L	14796537	-	NP_995715.1
chr2L	14849122	-	NP_723885.1
chr2L	14871957	-	NP_001188814.1
chr2L	14876221	-	NP_001285944.2
chr2L	14879618	-	NP_477050.1
chr2L	14882687	-	NP_477051.1
chr2L	14963046	-	NP_001285946.1
chr2L	14992471	-	NP_723890.2
chr2L	15007341	-	NP_609735.1
chr2L	15009597	-	NP_001188815.1
chr2L	15031720	-	NP_723894.2
chr2L	15038775	-	NP_524938.1
chr2L	15053431	-	NP_523571.1
chr2L	15060498	-	NP_001260457.1
chr2L	15067627	-	NP_723898.1
chr2L	15178320	-	NP_001285953.1
chr2L	15202064	-	NP_001162982.1
chr2L	15247594	-	NP_723901.1
chr2L	15256263	-	NP_001188816.1
chr2L	15264126	-	NP_001303325.1
chr2L	15270964	-	NP_723909.2
chr2L	15274986	-	NP_001260465.1
chr2L	15292173	-	NP_609749.2
chr2L	15318846	-	NP_523574.4
chr2L	15361588	-	NP_609751.1
chr2L	15418239	-	NP_001285954.1
chr2L	15425430	-	NP_476601.1
chr2L	15478107	-	NP_476732.1
chr2L	15611685	-	NP_001285958.1
chr2L	15613326	-	NP_609756.1
chr2L	15614791	-	NP_001285959.1
chr2L	15616333	-	NP_609758.1
chr2L	15623558	-	NP_723916.1
chr2L	15714237	-	NP_001260466.2
chr2L	15746483	-	NP_476960.1
chr2L	15750976	-	NP_723927.2
chr2L	15760568	-	NP_723929.1
chr2L	15768231	-	NP_001260472.1
chr2L	15772541	-	NP_609767.2
chr2L	15776769	-	NP_001260474.1
chr2L	15812130	-	NP_001285965.1
chr2L	15835608	-	NP_609768.1
chr2L	15865423	-	NP_001285966.1
chr2L	15880065	-	NP_001356886.1
chr2L	15883173	-	NP_001285967.1
chr2L	15893719	-	NP_523578.1
chr2L	15900446	-	NP_723939.1
chr2L	15902377	-	NP_001285968.1
chr2L	15939433	-	NP_523579.1
chr2L	16003444	-	NP_001097165.1
chr2L	16006094	-	NP_001246040.1
chr2L	16135088	-	NP_001097166.1
chr2L	16248950	-	NP_609780.1
chr2L	16251758	-	NP_001334740.1
chr2L	16261505	-	NP_476633.1
chr2L	16287189	-	NP_001285976.1
chr2L	16292970	-	NP_001246041.1
chr2L	16299312	-	NP_523581.1
chr2L	16302773	-	NP_609787.2
chr2L	16307014	-	NP_609789.1
chr2L	16310590	-	NP_001260495.1
chr2L	16325027	-	NP_476942.1
chr2L	16329082	-	NP_524939.1
chr2L	16352026	-	NP_723962.2
chr2L	16356552	-	NP_001285979.1
chr2L	16405924	-	NP_609794.1
chr2L	16484742	-	NP_001014486.1
chr2L	16528184	-	NP_001162989.1
chr2L	16549886	-	NP_001260505.1
chr2L	16669663	-	NP_723983.1
chr2L	16682366	-	NP_001285983.1
chr2L	16705692	-	NP_001188822.1
chr2L	16727666	-	NP_001260510.1
chr2L	16732033	-	NP_609803.1
chr2L	16738277	-	NP_723996.1
chr2L	16743060	-	NP_001285985.1
chr2L	16760113	-	NP_001285988.1
chr2L	16790632	-	NP_001260514.1
chr2L	16825066	-	NP_001260517.1
chr2L	16833900	-	NP_001260521.1
chr2L	16837218	-	NP_609815.1
chr2L	16847505	-	NP_001285997.1
chr2L	16852332	-	NP_724023.1
chr2L	16858453	-	NP_001097168.1
chr2L	16861419	-	NP_609817.1
chr2L	16879216	-	NP_001285999.1
chr2L	16887834	-	NP_001286001.1
chr2L	16902151	-	NP_001246052.1
chr2L	16910157	-	NP_477409.1
chr2L	16982301	-	NP_001286005.1
chr2L	17012935	-	NP_001286007.1
chr2L	17047981	-	NP_001260524.1
chr2L	17125875	-	NP_724035.2
chr2L	17251563	-	NP_609830.2
chr2L	17292108	-	NP_001286009.1
chr2L	17311759	-	NP_001286010.1
chr2L	17320530	-	NP_001286011.1
chr2L	17383782	-	NP_724046.1
chr2L	17410304	-	NP_609836.1
chr2L	17412587	-	NP_724049.1
chr2L	17420093	-	NP_001162999.1
chr2L	17442986	-	NP_001027276.1
chr2L	17455896	-	NP_609840.1
chr2L	17458025	-	NP_609841.2
chr2L	17472324	-	NP_001260531.1
chr2L	17477717	-	NP_477454.1
chr2L	17480901	-	NP_001246059.1
chr2L	17484158	-	NP_609844.1
chr2L	17496761	-	NP_724061.1
chr2L	17498762	-	NP_609846.1
chr2L	17500668	-	NP_609847.1
chr2L	17524521	-	NP_609848.1
chr2L	17532234	-	NP_609849.2
chr2L	17555611	-	NP_609851.2
chr2L	17592111	-	NP_001286018.1
chr2L	17626218	-	NP_609854.1
chr2L	17739518	-	NP_724071.1
chr2L	17827472	-	NP_609855.3
chr2L	17914671	-	NP_001286020.1
chr2L	17982472	-	NP_001036369.3
chr2L	18011376	-	NP_001163003.1
chr2L	18092238	-	NP_609863.1
chr2L	18113135	-	NP_001286026.1
chr2L	18125435	-	NP_724093.2
chr2L	18137931	-	NP_476589.4
chr2L	18142527	-	NP_523593.5
chr2L	18158540	-	NP_001286031.1
chr2L	18210860	-	NP_001286032.1
chr2L	18257838	-	NP_001286035.1
chr2L	18285634	-	NP_724105.1
chr2L	18291428	-	NP_001246076.1
chr2L	18309407	-	NP_001246078.1
chr2L	18359022	-	NP_001286040.1
chr2L	18443062	-	NP_001286042.1
chr2L	18448854	-	NP_609877.2
chr2L	18454486	-	NP_523596.2
chr2L	18483969	-	NP_001163007.1
chr2L	18500800	-	NP_001260539.1
chr2L	18565437	-	NP_001286044.1
chr2L	18596906	-	NP_477446.1
chr2L	18604920	-	NP_001286048.1
chr2L	18612178	-	NP_609889.1
chr2L	18615819	-	NP_609890.2
chr2L	18652944	-	NP_609891.1
chr2L	18671187	-	NP_724119.1
chr2L	18676932	-	NP_001286052.1
chr2L	18681958	-	NP_477145.1
chr2L	18688425	-	NP_476896.1
chr2L	18695124	-	NP_001286055.1
chr2L	18702913	-	NP_609899.1
chr2L	18705377	-	NP_609901.6
chr2L	18708238	-	NP_001286057.1
chr2L	18713535	-	NP_609903.2
chr2L	18716452	-	NP_001286059.1
chr2L	18740006	-	NP_001188839.1
chr2L	18782304	-	NP_001260544.1
chr2L	18805236	-	NP_001260546.1
chr2L	18810871	-	NP_001286062.1
chr2L	18830584	-	NP_001286066.1
chr2L	18839393	-	NP_001260547.1
chr2L	18844426	-	NP_724136.3
chr2L	18859160	-	NP_724139.1
chr2L	18880795	-	NP_476775.1
chr2L	18943466	-	NP_001286069.1
chr2L	18951715	-	NP_001286070.1
chr2L	18953560	-	NP_609920.1
chr2L	18957045	-	NP_001286074.1
chr2L	18968415	-	NP_477166.2
chr2L	18974038	-	NP_609923.2
chr2L	18986910	-	NP_001286079.1
chr2L	18990227	-	NP_001286080.1
chr2L	18995854	-	NP_001286081.1
chr2L	19009115	-	NP_001260550.2
chr2L	19034456	-	NP_476573.1
chr2L	19044903	-	NP_609934.3
chr2L	19051498	-	NP_536791.1
chr2L	19068577	-	NP_001188841.1
chr2L	19074024	-	NP_609941.2
chr2L	19078995	-	NP_609942.1
chr2L	19106071	-	NP_001260559.1
chr2L	19119417	-	NP_724164.1
chr2L	19126923	-	NP_001163012.2
chr2L	19131830	-	NP_001260561.1
chr2L	19134980	-	NP_609950.1
chr2L	19181603	-	NP_609951.2
chr2L	19182405	-	NP_001260564.1
chr2L	19183335	-	NP_001303330.1
chr2L	19185652	-	NP_001260565.1
chr2L	19262133	-	NP_724173.1
chr2L	19299727	-	NP_609954.1
chr2L	19362839	-	NP_001260567.1
chr2L	19386135	-	NP_609959.1
chr2L	19388534	-	NP_724178.1
chr2L	19393631	-	NP_609961.2
chr2L	19426218	-	NP_001246089.1
chr2L	19440721	-	NP_001246091.1
chr2L	19444619	-	NP_477339.1
chr2L	19452285	-	NP_001260580.1
chr2L	19484601	-	NP_001260583.1
chr2L	19490071	-	NP_609973.1
chr2L	19492893	-	NP_001260585.1
chr2L	19508186	-	NP_001260588.1
chr2L	19516492	-	NP_609978.4
chr2L	19526324	-	NP_609980.1
chr2L	19528252	-	NP_001188850.1
chr2L	19546811	-	NP_609986.1
chr2L	19568997	-	NP_476909.2
chr2L	19580130	-	NP_609992.1
chr2L	19582370	-	NP_788075.2
chr2L	19583927	-	NP_609994.1
chr2L	19700922	-	NP_001286088.1
chr2L	19735836	-	NP_001033915.1
chr2L	19756520	-	NP_609998.1
chr2L	19758573	-	NP_609999.2
chr2L	19763447	-	NP_001286090.1
chr2L	19768929	-	NP_995728.2
chr2L	19782792	-	NP_001260600.1
chr2L	19795746	-	NP_524940.1
chr2L	19814317	-	NP_001260611.1
chr2L	19892529	-	NP_995731.1
chr2L	19912332	-	NP_536780.3
chr2L	19913516	-	NP_788077.2
chr2L	19962298	-	NP_001188852.1
chr2L	19967654	-	NP_652666.2
chr2L	19971816	-	NP_001260615.1
chr2L	20025781	-	NP_610018.1
chr2L	20060723	-	NP_001286094.1
chr2L	20065598	-	NP_610019.2
chr2L	20072188	-	NP_610021.3
chr2L	20075025	-	NP_724244.1
chr2L	20084734	-	NP_001188854.1
chr2L	20091073	-	NP_001260618.1
chr2L	20093768	-	NP_610024.1
chr2L	20097149	-	NP_523606.1
chr2L	20104063	-	NP_610027.1
chr2L	20134901	-	NP_001286095.1
chr2L	20256930	-	NP_001286096.1
chr2L	20264299	-	NP_610110.1
chr2L	20349924	-	NP_477014.1
chr2L	20374093	-	NP_523607.2
chr2L	20381932	-	NP_610030.1
chr2L	20387531	-	NP_610031.1
chr2L	20416704	-	NP_001286101.1
chr2L	20424599	-	NP_610034.2
chr2L	20449528	-	NP_724265.2
chr2L	20458645	-	NP_001260628.1
chr2L	20463370	-	NP_610037.1
chr2L	20473303	-	NP_001246106.1
chr2L	20604100	-	NP_724270.1
chr2L	20643104	-	NP_610041.1
chr2L	20645330	-	NP_724274.1
chr2L	20655784	-	NP_610044.2
chr2L	20675689	-	NP_001137844.1
chr2L	20681492	-	NP_610049.1
chr2L	20713469	-	NP_001163024.1
chr2L	20726456	-	NP_610051.2
chr2L	20730252	-	NP_610052.1
chr2L	20734063	-	NP_001260637.1
chr2L	20752196	-	NP_001260638.1
chr2L	20757782	-	NP_001260639.1
chr2L	20796758	-	NP_724289.2
chr2L	20817262	-	NP_995734.1
chr2L	20818532	-	NP_995736.1
chr2L	20820867	-	NP_610061.2
chr2L	20835607	-	NP_610064.2
chr2L	20837974	-	NP_001286112.1
chr2L	20857891	-	NP_610068.2
chr2L	20903480	-	NP_724304.1
chr2L	20922752	-	NP_610075.2
chr2L	20927799	-	NP_610077.1
chr2L	20933977	-	NP_995741.2
chr2L	21051859	-	NP_001260653.1
chr2L	21069564	-	NP_001260655.1
chr2L	21086374	-	NP_001014492.2
chr2L	21088730	-	NP_001014495.1
chr2L	21102261	-	NP_610086.3
chr2L	21141788	-	NP_001246118.1
chr2L	21148362	-	NP_001260666.1
chr2L	21156043	-	NP_001286115.1
chr2L	21158563	-	NP_610092.2
chr2L	21163002	-	NP_610094.1
chr2L	21168214	-	NP_001286118.1
chr2L	21177660	-	NP_001286120.1
chr2L	21195129	-	NP_477044.1
chr2L	21199937	-	NP_001286121.1
chr2L	21202252	-	NP_001286122.1
chr2L	21220297	-	NP_001260667.1
chr2L	21233637	-	NP_724320.1
chr2L	21308787	-	NP_724327.1
chr2L	21369706	-	NP_724336.1
chr2L	21418660	-	NP_001027283.1
chr2L	21419887	-	NP_001027284.1
chr2L	21423562	-	NP_724342.1
chr2L	21424949	-	NP_724344.1
chr2L	21428623	-	NP_001027287.1
chr2L	21430011	-	NP_001027288.1
chr2L	21433670	-	NP_001027291.1
chr2L	21435059	-	NP_001027293.1
chr2L	21438718	-	NP_001027296.1
chr2L	21439945	-	NP_001027297.1
chr2L	21452759	-	NP_001027300.1
chr2L	21454146	-	NP_001027302.1
chr2L	21457820	-	NP_001027305.1
chr2L	21459209	-	NP_001027307.1
chr2L	21462880	-	NP_001027310.1
chr2L	21464269	-	NP_001027312.1
chr2L	21467923	-	NP_001027315.1
chr2L	21469312	-	NP_001027317.1
chr2L	21472966	-	NP_001027320.1
chr2L	21474355	-	NP_001027322.1
chr2L	21478009	-	NP_001027325.1
chr2L	21479398	-	NP_001027327.1
chr2L	21483052	-	NP_001027330.1
chr2L	21484441	-	NP_001027332.1
chr2L	21488203	-	NP_001027335.1
chr2L	21489590	-	NP_001027337.1
chr2L	21493248	-	NP_001027340.1
chr2L	21494635	-	NP_001027342.1
chr2L	21498293	-	NP_001027345.1
chr2L	21499680	-	NP_001027347.1
chr2L	21503346	-	NP_001027350.1
chr2L	21504733	-	NP_001027352.1
chr2L	21508391	-	NP_001027355.1
chr2L	21509778	-	NP_001027357.1
chr2L	21513435	-	NP_001027360.1
chr2L	21514822	-	NP_001027362.1
chr2L	21518480	-	NP_001027365.1
chr2L	21519867	-	NP_001027367.1
chr2L	21523323	-	NP_001027370.1
chr2L	21524710	-	NP_001027372.1
chr2L	21528166	-	NP_001027375.1
chr2L	21529553	-	NP_001027377.1
chr2L	21533009	-	NP_001027380.1
chr2L	21534396	-	NP_001027382.1
chr2L	21538053	-	NP_001027385.1
chr2L	21589355	-	NP_724347.3
chr2L	21623386	-	NP_610115.2
chr2L	21629692	-	NP_001027388.1
chr2L	21673050	-	NP_610118.2
chr2L	21682041	-	NP_724357.2
chr2L	21757242	-	NP_001260678.1
chr2L	21775440	-	NP_724363.1
chr2L	21784013	-	NP_610124.1
chr2L	21898261	-	NP_610125.1
chr2L	21915302	-	NP_001286128.1
chr2L	21992879	-	NP_001303334.1
chr2L	22043687	-	NP_724371.2
chr2L	22054112	-	NP_001097187.1
chr2L	22065193	-	NP_001163043.1
chr2L	22104223	-	NP_724376.1
chr2L	22105401	-	NP_652176.1
chr2L	22107244	-	NP_610131.1
chr2L	22129723	-	NP_001286131.1
chr2L	22168535	-	NP_001014498.1
chr2L	22214265	-	NP_001286132.1
chr2L	22247705	-	NP_001260689.1
chr2L	22536539	-	NP_001036391.2
chr2L	22756124	-	NP_001036401.1
chr2L	22798218	-	NP_001036403.1
chr2L	23016070	-	NP_001036422.1
chr2L	23068316	-	NP_001036424.1
chr2L	23174461	-	NP_001163833.1
chr2L	23313380	-	NP_001015387.1
chr3L	24193	+	NP_001261182.1
chr3L	66515	+	NP_523868.1
chr3L	129823	+	NP_001261183.1
chr3L	146504	+	NP_612000.3
chr3L	153071	+	NP_001097456.2
chr3L	180777	+	NP_001261185.1
chr3L	184864	+	NP_001246526.1
chr3L	200472	+	NP_728484.1
chr3L	203860	+	NP_525122.1
chr3L	206192	+	NP_612009.1
chr3L	212750	+	NP_728490.1
chr3L	217421	+	NP_001027091.1
chr3L	224254	+	NP_001286887.1
chr3L	248001	+	NP_728509.1
chr3L	258392	+	NP_001261194.1
chr3L	264852	+	NP_001261196.1
chr3L	268243	+	NP_001261197.1
chr3L	273565	+	NP_001261201.1
chr3L	278200	+	NP_001261202.1
chr3L	317208	+	NP_001137865.1
chr3L	351626	+	NP_728523.2
chr3L	356422	+	NP_612032.1
chr3L	358031	+	NP_652613.1
chr3L	361658	+	NP_612034.1
chr3L	501025	+	NP_001097465.1
chr3L	528419	+	NP_001097466.1
chr3L	541041	+	NP_612037.1
chr3L	547779	+	NP_728531.1
chr3L	581563	+	NP_612039.1
chr3L	593426	+	NP_728534.2
chr3L	649180	+	NP_612044.1
chr3L	654442	+	NP_612047.1
chr3L	690620	+	NP_612052.1
chr3L	749664	+	NP_523876.2
chr3L	834177	+	NP_612060.2
chr3L	838121	+	NP_001246538.1
chr3L	841718	+	NP_001286892.1
chr3L	844366	+	NP_001261227.1
chr3L	867995	+	NP_612067.2
chr3L	873420	+	NP_728554.1
chr3L	896115	+	NP_001033979.1
chr3L	902898	+	NP_612072.2
chr3L	909298	+	NP_524783.1
chr3L	967517	+	NP_001097468.1
chr3L	994061	+	NP_995949.1
chr3L	1035374	+	NP_612075.1
chr3L	1189805	+	NP_612079.1
chr3L	1196543	+	NP_728573.1
chr3L	1206065	+	NP_001261244.1
chr3L	1236571	+	NP_612084.1
chr3L	1248291	+	NP_001189016.1
chr3L	1250877	+	NP_612088.2
chr3L	1252167	+	NP_001027095.1
chr3L	1257162	+	NP_612091.1
chr3L	1283736	+	NP_001014555.1
chr3L	1296026	+	NP_612093.1
chr3L	1303051	+	NP_612094.2
chr3L	1307700	+	NP_788449.1
chr3L	1314010	+	NP_728591.1
chr3L	1324571	+	NP_476934.2
chr3L	1330141	+	NP_477003.1
chr3L	1335241	+	NP_612103.1
chr3L	1351186	+	NP_612105.1
chr3L	1384517	+	NP_524790.1
chr3L	1398604	+	NP_001097472.3
chr3L	1411082	+	NP_612106.2
chr3L	1416462	+	NP_612107.1
chr3L	1465487	+	NP_001261255.1
chr3L	1477721	+	NP_612110.1
chr3L	1517692	+	NP_728614.1
chr3L	1537710	+	NP_995954.1
chr3L	1550794	+	NP_001286898.1
chr3L	1553897	+	NP_647622.1
chr3L	1558832	+	NP_647624.1
chr3L	1565553	+	NP_647625.2
chr3L	1571987	+	NP_647627.1
chr3L	1593670	+	NP_001261266.1
chr3L	1603031	+	NP_001027098.1
chr3L	1618501	+	NP_728642.2
chr3L	1639995	+	NP_477065.3
chr3L	1645542	+	NP_647637.1
chr3L	1647905	+	NP_477066.2
chr3L	1649385	+	NP_001286902.1
chr3L	1652876	+	NP_001303378.1
chr3L	1665251	+	NP_001261273.1
chr3L	1675122	+	NP_647649.2
chr3L	1724561	+	NP_647652.1
chr3L	1743213	+	NP_001286904.1
chr3L	1747234	+	NP_995957.1
chr3L	1756427	+	NP_647657.1
chr3L	1775681	+	NP_647659.1
chr3L	1777516	+	NP_647661.1
chr3L	1795700	+	NP_477006.1
chr3L	1799149	+	NP_477342.1
chr3L	1803210	+	NP_001261291.1
chr3L	1812682	+	NP_728678.1
chr3L	1857245	+	NP_647670.3
chr3L	1865757	+	NP_001286907.1
chr3L	1870019	+	NP_001189024.1
chr3L	1889807	+	NP_728691.1
chr3L	1921415	+	NP_647677.2
chr3L	1941176	+	NP_647679.1
chr3L	1947860	+	NP_647680.1
chr3L	1963474	+	NP_728699.1
chr3L	1971817	+	NP_647686.1
chr3L	2026991	+	NP_001097479.2
chr3L	2185982	+	NP_647697.2
chr3L	2197540	+	NP_647698.1
chr3L	2229646	+	NP_647700.2
chr3L	2238428	+	NP_001261320.1
chr3L	2244530	+	NP_001261321.1
chr3L	2257754	+	NP_001261322.1
chr3L	2262973	+	NP_647706.1
chr3L	2266502	+	NP_647708.1
chr3L	2276598	+	NP_647710.1
chr3L	2297662	+	NP_728735.2
chr3L	2338922	+	NP_647713.2
chr3L	2360566	+	NP_647714.1
chr3L	2372282	+	NP_647716.1
chr3L	2373796	+	NP_647717.1
chr3L	2388767	+	NP_647719.2
chr3L	2587753	+	NP_728756.1
chr3L	2589487	+	NP_523890.2
chr3L	2595870	+	NP_647729.1
chr3L	2599357	+	NP_647730.1
chr3L	2600870	+	NP_647732.1
chr3L	2631812	+	NP_001137876.1
chr3L	2637133	+	NP_001137875.1
chr3L	2645441	+	NP_001261335.1
chr3L	2648532	+	NP_001189036.1
chr3L	2652134	+	NP_001137877.1
chr3L	2659709	+	NP_995979.3
chr3L	2739773	+	NP_523892.1
chr3L	2767268	+	NP_647745.1
chr3L	2774693	+	NP_001261341.1
chr3L	2781013	+	NP_523893.1
chr3L	2782901	+	NP_728779.1
chr3L	2924082	+	NP_001097485.3
chr3L	2961744	+	NP_001163331.1
chr3L	2981123	+	NP_647756.1
chr3L	2995250	+	NP_647757.2
chr3L	3008746	+	NP_001286925.1
chr3L	3035294	+	NP_001163332.2
chr3L	3043052	+	NP_525002.1
chr3L	3047190	+	NP_647762.3
chr3L	3050539	+	NP_728794.1
chr3L	3052674	+	NP_647763.1
chr3L	3073445	+	NP_728799.1
chr3L	3143992	+	NP_647772.1
chr3L	3149983	+	NP_001261356.1
chr3L	3160097	+	NP_523897.2
chr3L	3167979	+	NP_001286927.1
chr3L	3169502	+	NP_728821.2
chr3L	3179353	+	NP_001261359.1
chr3L	3185396	+	NP_001163334.1
chr3L	3189994	+	NP_647782.1
chr3L	3194499	+	NP_001261362.1
chr3L	3199434	+	NP_647785.3
chr3L	3219304	+	NP_647790.1
chr3L	3223499	+	NP_647792.1
chr3L	3226524	+	NP_647793.1
chr3L	3248664	+	NP_001246594.1
chr3L	3266651	+	NP_728847.2
chr3L	3268495	+	NP_001097491.1
chr3L	3271277	+	NP_647797.1
chr3L	3280562	+	NP_001246595.1
chr3L	3295006	+	NP_647799.1
chr3L	3310530	+	NP_728856.1
chr3L	3314375	+	NP_728860.2
chr3L	3316835	+	NP_647803.1
chr3L	3319797	+	NP_001163338.1
chr3L	3326632	+	NP_728868.1
chr3L	3330142	+	NP_647808.1
chr3L	3350255	+	NP_001097492.2
chr3L	3369619	+	NP_523901.1
chr3L	3374321	+	NP_728878.1
chr3L	3378285	+	NP_647814.1
chr3L	3461575	+	NP_001369037.1
chr3L	3472687	+	NP_647818.3
chr3L	3516774	+	NP_001189042.1
chr3L	3612325	+	NP_001137882.1
chr3L	3627082	+	NP_001097493.1
chr3L	3659132	+	NP_001246605.1
chr3L	3714133	+	NP_001286930.1
chr3L	3790844	+	NP_728900.1
chr3L	3806812	+	NP_647830.1
chr3L	3811545	+	NP_647832.1
chr3L	3814319	+	NP_523905.2
chr3L	3818918	+	NP_001261377.1
chr3L	3846742	+	NP_523907.2
chr3L	3892846	+	NP_573393.1
chr3L	3896937	+	NP_647834.3
chr3L	3903541	+	NP_647836.2
chr3L	3943595	+	NP_001261385.1
chr3L	3947934	+	NP_647842.1
chr3L	3973051	+	NP_001261389.1
chr3L	3985064	+	NP_001261390.1
chr3L	4003599	+	NP_001246608.1
chr3L	4019094	+	NP_001246609.1
chr3L	4026769	+	NP_728920.1
chr3L	4040629	+	NP_647852.1
chr3L	4046992	+	NP_647853.1
chr3L	4059922	+	NP_652703.1
chr3L	4069629	+	NP_728929.2
chr3L	4088967	+	NP_001246612.1
chr3L	4093239	+	NP_647856.2
chr3L	4104260	+	NP_647858.2
chr3L	4110501	+	NP_647859.1
chr3L	4139179	+	NP_523917.2
chr3L	4141586	+	NP_523918.1
chr3L	4148929	+	NP_647862.1
chr3L	4170652	+	NP_647865.2
chr3L	4173953	+	NP_652334.2
chr3L	4194285	+	NP_001189048.2
chr3L	4240396	+	NP_728963.1
chr3L	4254815	+	NP_647878.1
chr3L	4259543	+	NP_647880.1
chr3L	4262814	+	NP_001097500.1
chr3L	4272111	+	NP_647883.1
chr3L	4278134	+	NP_647884.1
chr3L	4283964	+	NP_647887.1
chr3L	4287150	+	NP_523923.1
chr3L	4289095	+	NP_728975.1
chr3L	4292624	+	NP_647889.2
chr3L	4313635	+	NP_001286934.1
chr3L	4319051	+	NP_728982.1
chr3L	4364701	+	NP_001246623.1
chr3L	4390491	+	NP_647898.3
chr3L	4403827	+	NP_523926.1
chr3L	4418122	+	NP_001097503.1
chr3L	4423789	+	NP_647901.1
chr3L	4429652	+	NP_728994.1
chr3L	4436889	+	NP_647902.1
chr3L	4446675	+	NP_001137884.1
chr3L	4470007	+	NP_729001.2
chr3L	4471765	+	NP_729002.2
chr3L	4473077	+	NP_647908.2
chr3L	4480331	+	NP_647909.1
chr3L	4482844	+	NP_647910.1
chr3L	4535994	+	NP_647915.1
chr3L	4551098	+	NP_001246626.1
chr3L	4556169	+	NP_729016.2
chr3L	4621265	+	NP_729020.2
chr3L	4626940	+	NP_647918.2
chr3L	4648672	+	NP_729025.1
chr3L	4677851	+	NP_001097507.1
chr3L	4697679	+	NP_652709.1
chr3L	4758029	+	NP_647928.1
chr3L	4764890	+	NP_729032.1
chr3L	4825953	+	NP_647932.1
chr3L	4861460	+	NP_001137885.1
chr3L	4896916	+	NP_647938.1
chr3L	4898997	+	NP_647939.1
chr3L	4910694	+	NP_647940.1
chr3L	5129507	+	NP_647952.2
chr3L	5131604	+	NP_652458.1
chr3L	5134391	+	NP_001261436.1
chr3L	5136472	+	NP_647949.1
chr3L	5139745	+	NP_647947.1
chr3L	5142305	+	NP_647945.1
chr3L	5146195	+	NP_523932.2
chr3L	5152846	+	NP_523931.1
chr3L	5234627	+	NP_647956.2
chr3L	5360340	+	NP_647958.1
chr3L	5366599	+	NP_647960.1
chr3L	5429514	+	NP_001261441.1
chr3L	5479850	+	NP_647965.3
chr3L	5563861	+	NP_524673.3
chr3L	5565625	+	NP_647972.1
chr3L	5584007	+	NP_647974.1
chr3L	5595586	+	NP_001286944.1
chr3L	5604894	+	NP_788462.2
chr3L	5644213	+	NP_001286945.1
chr3L	5654980	+	NP_647983.1
chr3L	5665971	+	NP_001334710.1
chr3L	5756245	+	NP_996001.2
chr3L	5766010	+	NP_523938.2
chr3L	5769603	+	NP_001246639.1
chr3L	5780111	+	NP_001027110.2
chr3L	5803033	+	NP_729101.2
chr3L	5811079	+	NP_001261452.1
chr3L	5871598	+	NP_647992.1
chr3L	5882407	+	NP_647994.1
chr3L	5897648	+	NP_647996.1
chr3L	5907805	+	NP_001261455.1
chr3L	5922646	+	NP_729113.1
chr3L	5924105	+	NP_001246642.1
chr3L	6019337	+	NP_729124.1
chr3L	6035243	+	NP_523944.1
chr3L	6037111	+	NP_648011.1
chr3L	6039196	+	NP_648012.1
chr3L	6050777	+	NP_648013.1
chr3L	6052350	+	NP_648014.1
chr3L	6055608	+	NP_001261460.1
chr3L	6059946	+	NP_648016.1
chr3L	6066495	+	NP_648019.2
chr3L	6072144	+	NP_648020.1
chr3L	6075640	+	NP_648022.1
chr3L	6077040	+	NP_001286952.1
chr3L	6087269	+	NP_001261463.1
chr3L	6095197	+	NP_729140.2
chr3L	6100530	+	NP_729142.1
chr3L	6143469	+	NP_001261466.1
chr3L	6144911	+	NP_477279.1
chr3L	6146722	+	NP_788469.1
chr3L	6149593	+	NP_524814.2
chr3L	6151333	+	NP_477280.1
chr3L	6160814	+	NP_648031.1
chr3L	6163157	+	NP_648032.1
chr3L	6174295	+	NP_001261471.1
chr3L	6185396	+	NP_001246645.1
chr3L	6189814	+	NP_648036.1
chr3L	6194052	+	NP_477368.1
chr3L	6200540	+	NP_648038.1
chr3L	6220644	+	NP_001303406.1
chr3L	6275827	+	NP_001246646.1
chr3L	6320611	+	NP_729161.1
chr3L	6325612	+	NP_729162.3
chr3L	6327608	+	NP_729163.2
chr3L	6350310	+	NP_001163353.1
chr3L	6461666	+	NP_648045.2
chr3L	6488761	+	NP_648047.2
chr3L	6523030	+	NP_001401032.1
chr3L	6551833	+	NP_001246647.1
chr3L	6606317	+	NP_729177.1
chr3L	6609470	+	NP_648051.1
chr3L	6624570	+	NP_476855.1
chr3L	6705483	+	NP_648054.2
chr3L	6753107	+	NP_648057.2
chr3L	6790826	+	NP_001286957.1
chr3L	6932960	+	NP_648060.1
chr3L	6944691	+	NP_001261488.1
chr3L	6956235	+	NP_001261492.1
chr3L	6958433	+	NP_524758.1
chr3L	6969832	+	NP_648067.2
chr3L	6990831	+	NP_523950.2
chr3L	7012190	+	NP_001286961.1
chr3L	7066384	+	NP_648074.1
chr3L	7093284	+	NP_648077.1
chr3L	7111285	+	NP_001097527.1
chr3L	7125926	+	NP_648080.1
chr3L	7128952	+	NP_001286963.1
chr3L	7131002	+	NP_648083.1
chr3L	7132666	+	NP_729218.1
chr3L	7139223	+	NP_001261495.1
chr3L	7158247	+	NP_652453.1
chr3L	7234784	+	NP_648088.1
chr3L	7238635	+	NP_648090.1
chr3L	7241875	+	NP_523955.1
chr3L	7244388	+	NP_523956.1
chr3L	7320133	+	NP_648100.2
chr3L	7323728	+	NP_648102.2
chr3L	7329239	+	NP_001286967.1
chr3L	7340069	+	NP_729239.1
chr3L	7348610	+	NP_001163370.1
chr3L	7360908	+	NP_648111.1
chr3L	7371835	+	NP_001189059.1
chr3L	7381955	+	NP_523959.2
chr3L	7391431	+	NP_001261515.1
chr3L	7396466	+	NP_729252.2
chr3L	7445461	+	NP_996010.2
chr3L	7456189	+	NP_648125.3
chr3L	7465552	+	NP_001286968.1
chr3L	7471610	+	NP_648127.1
chr3L	7475630	+	NP_001246658.1
chr3L	7486070	+	NP_788473.1
chr3L	7491864	+	NP_648129.2
chr3L	7511377	+	NP_001261523.1
chr3L	7519685	+	NP_001261524.1
chr3L	7532828	+	NP_001261527.1
chr3L	7563079	+	NP_648137.3
chr3L	7583507	+	NP_648138.1
chr3L	7593278	+	NP_996016.2
chr3L	7651205	+	NP_648145.1
chr3L	7719440	+	NP_648149.1
chr3L	7747617	+	NP_001261541.1
chr3L	7754530	+	NP_648155.1
chr3L	7757110	+	NP_996019.1
chr3L	7760627	+	NP_523963.2
chr3L	7869592	+	NP_001286974.1
chr3L	7895039	+	NP_648160.2
chr3L	7912607	+	NP_648161.1
chr3L	7936475	+	NP_648163.1
chr3L	7948366	+	NP_648164.1
chr3L	7970669	+	NP_523966.2
chr3L	7976525	+	NP_648167.1
chr3L	7980819	+	NP_729319.1
chr3L	8071800	+	NP_001261556.1
chr3L	8109278	+	NP_524657.2
chr3L	8110499	+	NP_001261557.1
chr3L	8116440	+	NP_524780.1
chr3L	8121919	+	NP_996022.1
chr3L	8128259	+	NP_001286976.1
chr3L	8137837	+	NP_648178.1
chr3L	8181041	+	NP_648182.1
chr3L	8187506	+	NP_001286977.1
chr3L	8191389	+	NP_648185.1
chr3L	8198292	+	NP_001261569.1
chr3L	8202859	+	NP_729345.1
chr3L	8211965	+	NP_648191.1
chr3L	8215502	+	NP_001246664.1
chr3L	8222203	+	NP_648193.1
chr3L	8229382	+	NP_648194.1
chr3L	8248900	+	NP_001137909.1
chr3L	8297260	+	NP_001261575.1
chr3L	8300116	+	NP_648202.1
chr3L	8304193	+	NP_648204.1
chr3L	8320836	+	NP_648207.1
chr3L	8326023	+	NP_001261576.1
chr3L	8328680	+	NP_001097548.1
chr3L	8336737	+	NP_648209.1
chr3L	8339155	+	NP_648210.1
chr3L	8341153	+	NP_648211.1
chr3L	8342975	+	NP_523972.2
chr3L	8347170	+	NP_001097549.1
chr3L	8374976	+	NP_729371.1
chr3L	8391558	+	NP_729372.1
chr3L	8399676	+	NP_001261578.1
chr3L	8405540	+	NP_729378.1
chr3L	8411961	+	NP_648222.3
chr3L	8425309	+	NP_729382.1
chr3L	8462041	+	NP_523973.2
chr3L	8510085	+	NP_648231.1
chr3L	8515089	+	NP_001261583.1
chr3L	8518954	+	NP_648234.1
chr3L	8530721	+	NP_001286985.1
chr3L	8535006	+	NP_788479.1
chr3L	8561482	+	NP_001261589.1
chr3L	8579513	+	NP_001163379.1
chr3L	8601035	+	NP_523975.1
chr3L	8610165	+	NP_001163381.1
chr3L	8617437	+	NP_648244.1
chr3L	8620144	+	NP_729394.1
chr3L	8624483	+	NP_001163386.1
chr3L	8640554	+	NP_729400.1
chr3L	8649547	+	NP_648251.1
chr3L	8676250	+	NP_001014577.1
chr3L	8721589	+	NP_001261597.1
chr3L	8726835	+	NP_523978.1
chr3L	8728527	+	NP_523979.1
chr3L	8729908	+	NP_523980.1
chr3L	8731991	+	NP_523981.1
chr3L	8754475	+	NP_001261599.1
chr3L	8802472	+	NP_001097552.1
chr3L	8804779	+	NP_001097553.2
chr3L	8807625	+	NP_729417.2
chr3L	8810411	+	NP_648262.2
chr3L	8828233	+	NP_001246685.1
chr3L	8891749	+	NP_523984.1
chr3L	8926127	+	NP_729423.1
chr3L	8955026	+	NP_523986.2
chr3L	8958977	+	NP_648267.1
chr3L	8966969	+	NP_001163390.1
chr3L	8968915	+	NP_648271.3
chr3L	8975124	+	NP_648273.1
chr3L	8982723	+	NP_001189073.1
chr3L	8986885	+	NP_001261609.1
chr3L	8998455	+	NP_648279.1
chr3L	9005318	+	NP_648280.1
chr3L	9041540	+	NP_648283.1
chr3L	9047496	+	NP_648284.1
chr3L	9073207	+	NP_648286.1
chr3L	9093132	+	NP_729454.1
chr3L	9097011	+	NP_652443.1
chr3L	9134807	+	NP_523990.1
chr3L	9138677	+	NP_001246690.1
chr3L	9212668	+	NP_648293.1
chr3L	9250256	+	NP_648295.1
chr3L	9256370	+	NP_001261622.1
chr3L	9334630	+	NP_996027.1
chr3L	9342328	+	NP_001163396.1
chr3L	9349686	+	NP_648299.3
chr3L	9354336	+	NP_729470.1
chr3L	9359125	+	NP_001286998.1
chr3L	9360670	+	NP_996031.1
chr3L	9364417	+	NP_648302.2
chr3L	9367525	+	NP_001261625.1
chr3L	9372975	+	NP_001189076.1
chr3L	9374251	+	NP_001027115.1
chr3L	9375484	+	NP_648304.1
chr3L	9381998	+	NP_001246694.1
chr3L	9384186	+	NP_001287001.1
chr3L	9404889	+	NP_648306.1
chr3L	9411276	+	NP_648308.1
chr3L	9423550	+	NP_524001.2
chr3L	9427143	+	NP_524683.2
chr3L	9430522	+	NP_001097560.1
chr3L	9443331	+	NP_001287004.1
chr3L	9446996	+	NP_648315.1
chr3L	9451980	+	NP_729495.1
chr3L	9457989	+	NP_001137926.1
chr3L	9463444	+	NP_648321.2
chr3L	9477507	+	NP_648324.1
chr3L	9529921	+	NP_524005.2
chr3L	9553435	+	NP_729509.1
chr3L	9597854	+	NP_001303362.1
chr3L	9617247	+	NP_524006.1
chr3L	9624337	+	NP_648337.1
chr3L	9630221	+	NP_729517.1
chr3L	9638127	+	NP_648339.1
chr3L	9641032	+	NP_648341.1
chr3L	9644836	+	NP_001027122.2
chr3L	9679908	+	NP_648343.1
chr3L	9681414	+	NP_524009.2
chr3L	9685255	+	NP_648344.1
chr3L	9698693	+	NP_001287014.1
chr3L	9704771	+	NP_729532.1
chr3L	9714551	+	NP_729534.1
chr3L	9719340	+	NP_648351.1
chr3L	9723542	+	NP_648352.2
chr3L	9727553	+	NP_001137929.1
chr3L	9730068	+	NP_524011.1
chr3L	9771842	+	NP_001261653.1
chr3L	9798434	+	NP_648359.1
chr3L	9820441	+	NP_001261661.1
chr3L	9865099	+	NP_729568.1
chr3L	9879540	+	NP_001097565.1
chr3L	9889284	+	NP_524016.4
chr3L	9898731	+	NP_001356979.1
chr3L	9900005	+	NP_001137930.1
chr3L	9945320	+	NP_001369043.1
chr3L	9968888	+	NP_524017.1
chr3L	9972923	+	NP_001163406.1
chr3L	10004032	+	NP_652439.1
chr3L	10151964	+	NP_648384.1
chr3L	10215712	+	NP_001287020.1
chr3L	10273204	+	NP_648390.2
chr3L	10413037	+	NP_729606.1
chr3L	10463901	+	NP_729611.1
chr3L	10466512	+	NP_729612.1
chr3L	10478537	+	NP_001369044.1
chr3L	10491174	+	NP_729613.1
chr3L	10506501	+	NP_001246707.1
chr3L	10626568	+	NP_001097576.1
chr3L	10631176	+	NP_001033999.2
chr3L	10638304	+	NP_648400.1
chr3L	10641974	+	NP_648403.1
chr3L	10643543	+	NP_648404.1
chr3L	10661575	+	NP_001261683.1
chr3L	10663446	+	NP_001097577.1
chr3L	10685050	+	NP_001261685.1
chr3L	10691176	+	NP_648408.1
chr3L	10772356	+	NP_001246709.1
chr3L	10801230	+	NP_001287022.1
chr3L	10815069	+	NP_001189080.1
chr3L	10835528	+	NP_001368945.1
chr3L	10879170	+	NP_648414.1
chr3L	10882963	+	NP_648416.1
chr3L	10890049	+	NP_648418.1
chr3L	10891768	+	NP_648419.1
chr3L	10894191	+	NP_648420.1
chr3L	10972738	+	NP_648422.1
chr3L	11023539	+	NP_651966.2
chr3L	11025561	+	NP_729645.3
chr3L	11057179	+	NP_648425.1
chr3L	11061639	+	NP_648427.1
chr3L	11065168	+	NP_001287025.1
chr3L	11070815	+	NP_788495.1
chr3L	11074861	+	NP_648431.3
chr3L	11097013	+	NP_001303412.1
chr3L	11098685	+	NP_648435.1
chr3L	11108263	+	NP_648438.1
chr3L	11109837	+	NP_648439.1
chr3L	11120941	+	NP_524022.1
chr3L	11129688	+	NP_648441.1
chr3L	11134997	+	NP_648442.1
chr3L	11151513	+	NP_729679.2
chr3L	11165076	+	NP_729680.1
chr3L	11170135	+	NP_648446.1
chr3L	11173575	+	NP_001163416.1
chr3L	11199677	+	NP_648449.1
chr3L	11201463	+	NP_648450.3
chr3L	11210937	+	NP_648453.1
chr3L	11216829	+	NP_001246715.1
chr3L	11252891	+	NP_996043.2
chr3L	11311797	+	NP_729695.2
chr3L	11394771	+	NP_648461.1
chr3L	11397542	+	NP_001287033.1
chr3L	11425182	+	NP_648462.1
chr3L	11445299	+	NP_648464.1
chr3L	11458560	+	NP_648466.1
chr3L	11473408	+	NP_001189086.1
chr3L	11474998	+	NP_729707.1
chr3L	11488535	+	NP_648470.2
chr3L	11508637	+	NP_996044.1
chr3L	11509896	+	NP_476718.1
chr3L	11512235	+	NP_524024.1
chr3L	11514864	+	NP_001097585.3
chr3L	11562735	+	NP_001261714.1
chr3L	11564742	+	NP_996046.2
chr3L	11589695	+	NP_996052.1
chr3L	11600377	+	NP_001369047.1
chr3L	11602723	+	NP_001036599.1
chr3L	11610135	+	NP_001189087.1
chr3L	11626480	+	NP_648486.1
chr3L	11628454	+	NP_652674.1
chr3L	11635101	+	NP_729728.1
chr3L	11648841	+	NP_001261720.1
chr3L	11682312	+	NP_524026.1
chr3L	11684582	+	NP_648493.3
chr3L	11691694	+	NP_001261721.1
chr3L	11709084	+	NP_996062.3
chr3L	11721125	+	NP_648501.1
chr3L	11728417	+	NP_729739.3
chr3L	11751305	+	NP_524027.2
chr3L	11777222	+	NP_648506.1
chr3L	11793587	+	NP_648508.1
chr3L	11795957	+	NP_524029.2
chr3L	11815500	+	NP_648511.2
chr3L	11822886	+	NP_729753.1
chr3L	11829435	+	NP_648515.1
chr3L	11879221	+	NP_001163425.2
chr3L	11921616	+	NP_001261729.1
chr3L	11932006	+	NP_001261730.1
chr3L	11942104	+	NP_001287039.1
chr3L	11947722	+	NP_648527.1
chr3L	11949873	+	NP_648528.1
chr3L	11954245	+	NP_648530.1
chr3L	11958322	+	NP_001356903.1
chr3L	11974922	+	NP_001261731.1
chr3L	11985974	+	NP_648535.2
chr3L	12005265	+	NP_001261735.1
chr3L	12032570	+	NP_001261740.1
chr3L	12042410	+	NP_648541.1
chr3L	12044713	+	NP_001261741.1
chr3L	12088704	+	NP_648544.2
chr3L	12116232	+	NP_648545.1
chr3L	12120082	+	NP_001303392.1
chr3L	12128099	+	NP_001097591.1
chr3L	12129410	+	NP_001287042.1
chr3L	12132223	+	NP_648549.1
chr3L	12137016	+	NP_648551.3
chr3L	12140092	+	NP_001401037.1
chr3L	12146855	+	NP_729787.2
chr3L	12180098	+	NP_648555.1
chr3L	12186040	+	NP_648556.3
chr3L	12188859	+	NP_001261749.1
chr3L	12197907	+	NP_648558.1
chr3L	12267630	+	NP_729797.1
chr3L	12278660	+	NP_648566.1
chr3L	12311047	+	NP_001287046.1
chr3L	12329470	+	NP_729801.1
chr3L	12336715	+	NP_648570.1
chr3L	12396206	+	NP_524039.2
chr3L	12471837	+	NP_001287048.1
chr3L	12482609	+	NP_001287049.1
chr3L	12501781	+	NP_001261766.1
chr3L	12504546	+	NP_648582.1
chr3L	12515452	+	NP_001261771.1
chr3L	12524441	+	NP_648587.1
chr3L	12534067	+	NP_001137940.1
chr3L	12581103	+	NP_524045.2
chr3L	12610769	+	NP_524046.2
chr3L	12694312	+	NP_524047.2
chr3L	12735153	+	NP_524048.2
chr3L	12741861	+	NP_001261779.1
chr3L	12750607	+	NP_729824.2
chr3L	12755146	+	NP_729825.2
chr3L	12781462	+	NP_648599.1
chr3L	12791581	+	NP_648600.1
chr3L	12806265	+	NP_729834.1
chr3L	12814532	+	NP_648604.2
chr3L	12850276	+	NP_001261787.1
chr3L	12854049	+	NP_001287052.1
chr3L	12885052	+	NP_648610.1
chr3L	12890224	+	NP_001034004.1
chr3L	12892713	+	NP_648612.1
chr3L	12972526	+	NP_648616.1
chr3L	12995184	+	NP_648617.2
chr3L	13006912	+	NP_648618.1
chr3L	13016162	+	NP_648622.1
chr3L	13018381	+	NP_648623.1
chr3L	13023509	+	NP_729866.1
chr3L	13029292	+	NP_001036603.1
chr3L	13037253	+	NP_648627.1
chr3L	13042012	+	NP_001287055.1
chr3L	13044920	+	NP_524054.1
chr3L	13047081	+	NP_001287056.1
chr3L	13061828	+	NP_001097597.2
chr3L	13115298	+	NP_524055.2
chr3L	13136269	+	NP_996071.2
chr3L	13174478	+	NP_648633.2
chr3L	13275689	+	NP_524056.3
chr3L	13301638	+	NP_524057.2
chr3L	13329218	+	NP_652431.1
chr3L	13349152	+	NP_001368937.1
chr3L	13356599	+	NP_001287059.1
chr3L	13377987	+	NP_648636.2
chr3L	13382805	+	NP_524058.2
chr3L	13384811	+	NP_648638.1
chr3L	13412942	+	NP_648642.1
chr3L	13437986	+	NP_648647.1
chr3L	13441226	+	NP_001261800.1
chr3L	13460263	+	NP_729905.2
chr3L	13478228	+	NP_001261804.1
chr3L	13487670	+	NP_648658.1
chr3L	13503349	+	NP_001034005.2
chr3L	13513592	+	NP_729920.1
chr3L	13837802	+	NP_001246744.1
chr3L	13843861	+	NP_729926.1
chr3L	13846208	+	NP_524060.2
chr3L	13882655	+	NP_648666.1
chr3L	13929849	+	NP_524061.1
chr3L	13941026	+	NP_729935.1
chr3L	13965346	+	NP_001287065.1
chr3L	13974571	+	NP_524063.1
chr3L	13986655	+	NP_648676.2
chr3L	13987942	+	NP_648677.1
chr3L	13994352	+	NP_620470.1
chr3L	13997206	+	NP_648678.3
chr3L	14007850	+	NP_001261819.1
chr3L	14032228	+	NP_648685.1
chr3L	14034925	+	NP_648686.3
chr3L	14037644	+	NP_001261822.1
chr3L	14051336	+	NP_648689.1
chr3L	14054068	+	NP_001261824.1
chr3L	14071968	+	NP_652016.1
chr3L	14079612	+	NP_729956.1
chr3L	14083628	+	NP_001303379.1
chr3L	14199968	+	NP_001246749.1
chr3L	14233487	+	NP_648698.1
chr3L	14236768	+	NP_001261835.1
chr3L	14275055	+	NP_524812.1
chr3L	14381965	+	NP_001246754.1
chr3L	14411095	+	NP_001261840.1
chr3L	14517992	+	NP_648706.2
chr3L	14536634	+	NP_001246756.1
chr3L	14538032	+	NP_524069.2
chr3L	14560086	+	NP_001034012.2
chr3L	14567683	+	NP_001189106.1
chr3L	14619445	+	NP_001261843.1
chr3L	14626873	+	NP_729982.1
chr3L	14633073	+	NP_524071.2
chr3L	14680377	+	NP_001137955.1
chr3L	14763940	+	NP_001261847.1
chr3L	14786847	+	NP_648724.1
chr3L	14792131	+	NP_996084.1
chr3L	14864855	+	NP_001036606.1
chr3L	14904237	+	NP_648728.2
chr3L	14969427	+	NP_524073.2
chr3L	14972739	+	NP_476889.1
chr3L	14975304	+	NP_536775.2
chr3L	14979638	+	NP_648730.2
chr3L	14982935	+	NP_001246760.1
chr3L	14987952	+	NP_730006.1
chr3L	14992472	+	NP_001303364.1
chr3L	15000068	+	NP_524076.2
chr3L	15023566	+	NP_730009.1
chr3L	15054822	+	NP_648740.1
chr3L	15095262	+	NP_730022.1
chr3L	15098351	+	NP_001287067.1
chr3L	15113770	+	NP_648748.1
chr3L	15116861	+	NP_001261869.1
chr3L	15144782	+	NP_001261871.1
chr3L	15150916	+	NP_648754.2
chr3L	15159170	+	NP_648756.1
chr3L	15162003	+	NP_648757.1
chr3L	15207926	+	NP_648759.1
chr3L	15236121	+	NP_524757.1
chr3L	15298989	+	NP_001097609.1
chr3L	15306558	+	NP_001034016.1
chr3L	15337225	+	NP_001246766.1
chr3L	15407849	+	NP_996090.1
chr3L	15496715	+	NP_648765.1
chr3L	15501091	+	NP_648768.1
chr3L	15509124	+	NP_524083.2
chr3L	15520620	+	NP_648772.1
chr3L	15536402	+	NP_996096.1
chr3L	15554207	+	NP_648775.1
chr3L	15563727	+	NP_648777.1
chr3L	15568307	+	NP_001261884.1
chr3L	15576664	+	NP_648779.1
chr3L	15580890	+	NP_648781.1
chr3L	15589548	+	NP_648784.1
chr3L	15620038	+	NP_648789.3
chr3L	15648576	+	NP_001246772.1
chr3L	15649984	+	NP_524089.2
chr3L	15652598	+	NP_524091.1
chr3L	15657665	+	NP_524094.2
chr3L	15659742	+	NP_001261889.1
chr3L	15661272	+	NP_648797.1
chr3L	15679720	+	NP_996098.1
chr3L	15683969	+	NP_648800.1
chr3L	15716534	+	NP_001163448.2
chr3L	15808418	+	NP_996099.1
chr3L	15809498	+	NP_648803.1
chr3L	15817048	+	NP_524096.2
chr3L	15828003	+	NP_524989.2
chr3L	15832528	+	NP_648806.1
chr3L	15955220	+	NP_001137957.1
chr3L	15956750	+	NP_648816.1
chr3L	15959266	+	NP_648817.1
chr3L	15968370	+	NP_648819.2
chr3L	15975458	+	NP_648820.1
chr3L	15977076	+	NP_001261908.1
chr3L	15980370	+	NP_001261909.1
chr3L	15983277	+	NP_524098.2
chr3L	15988625	+	NP_001261911.1
chr3L	16005290	+	NP_524100.1
chr3L	16023845	+	NP_730096.2
chr3L	16033778	+	NP_001189116.1
chr3L	16035570	+	NP_648828.3
chr3L	16053306	+	NP_001246787.1
chr3L	16082592	+	NP_001034027.2
chr3L	16084036	+	NP_648831.1
chr3L	16090832	+	NP_001261922.1
chr3L	16097904	+	NP_648836.2
chr3L	16105852	+	NP_001246788.1
chr3L	16114472	+	NP_524102.1
chr3L	16122187	+	NP_001163454.1
chr3L	16129909	+	NP_524103.2
chr3L	16132514	+	NP_996103.1
chr3L	16197868	+	NP_001027130.2
chr3L	16199220	+	NP_001027131.1
chr3L	16229301	+	NP_648847.3
chr3L	16232202	+	NP_001261931.1
chr3L	16233196	+	NP_001097616.1
chr3L	16234777	+	NP_730119.1
chr3L	16237758	+	NP_730120.1
chr3L	16262837	+	NP_001189117.1
chr3L	16265430	+	NP_652418.1
chr3L	16269435	+	NP_648856.1
chr3L	16271340	+	NP_648857.1
chr3L	16272967	+	NP_652417.2
chr3L	16277487	+	NP_648858.1
chr3L	16280479	+	NP_996106.1
chr3L	16301484	+	NP_648866.1
chr3L	16304300	+	NP_001246791.1
chr3L	16306647	+	NP_648869.1
chr3L	16314527	+	NP_648871.3
chr3L	16318058	+	NP_652710.1
chr3L	16319926	+	NP_648873.1
chr3L	16323731	+	NP_648874.2
chr3L	16328868	+	NP_648877.1
chr3L	16331402	+	NP_788513.2
chr3L	16333335	+	NP_652414.2
chr3L	16340444	+	NP_001036609.1
chr3L	16346323	+	NP_996107.1
chr3L	16348167	+	NP_524104.2
chr3L	16352054	+	NP_648880.1
chr3L	16362650	+	NP_648882.1
chr3L	16364997	+	NP_648883.1
chr3L	16368457	+	NP_648885.1
chr3L	16386637	+	NP_730163.1
chr3L	16394950	+	NP_001287081.1
chr3L	16412845	+	NP_001261947.1
chr3L	16419794	+	NP_788515.1
chr3L	16497739	+	NP_524108.1
chr3L	16556896	+	NP_648903.1
chr3L	16566853	+	NP_001246794.1
chr3L	16574853	+	NP_001246796.1
chr3L	16583100	+	NP_648904.1
chr3L	16584400	+	NP_648905.1
chr3L	16587369	+	NP_730181.1
chr3L	16588852	+	NP_524933.1
chr3L	16595534	+	NP_001287084.1
chr3L	16603212	+	NP_001401038.1
chr3L	16612576	+	NP_648908.1
chr3L	16674148	+	NP_648911.1
chr3L	16705017	+	NP_788516.1
chr3L	16712898	+	NP_001246801.1
chr3L	16724891	+	NP_648914.1
chr3L	16726548	+	NP_648916.1
chr3L	16733760	+	NP_648918.1
chr3L	16755500	+	NP_001189120.1
chr3L	16773757	+	NP_476798.1
chr3L	16780657	+	NP_648920.1
chr3L	16783309	+	NP_648921.2
chr3L	16808545	+	NP_001246805.1
chr3L	16842632	+	NP_524120.1
chr3L	16845501	+	NP_648926.3
chr3L	16856418	+	NP_476725.1
chr3L	16859258	+	NP_648927.1
chr3L	16863246	+	NP_648929.1
chr3L	16866866	+	NP_648930.1
chr3L	16923331	+	NP_996114.1
chr3L	16944423	+	NP_001097628.1
chr3L	16959121	+	NP_730226.3
chr3L	16980681	+	NP_001097630.2
chr3L	17016639	+	NP_648945.1
chr3L	17024658	+	NP_648947.1
chr3L	17027669	+	NP_788521.2
chr3L	17035699	+	NP_648950.1
chr3L	17043066	+	NP_648954.1
chr3L	17046257	+	NP_001287091.1
chr3L	17049727	+	NP_730244.1
chr3L	17057030	+	NP_648957.1
chr3L	17243529	+	NP_648962.1
chr3L	17264500	+	NP_648964.1
chr3L	17322841	+	NP_648966.1
chr3L	17353158	+	NP_001303377.1
chr3L	17359793	+	NP_524124.1
chr3L	17425595	+	NP_652413.1
chr3L	17433937	+	NP_730271.1
chr3L	17449407	+	NP_001261984.1
chr3L	17466126	+	NP_648983.1
chr3L	17470707	+	NP_001261986.1
chr3L	17475325	+	NP_001401040.1
chr3L	17476311	+	NP_001097633.1
chr3L	17479362	+	NP_648987.1
chr3L	17494889	+	NP_730278.1
chr3L	17507897	+	NP_001163460.1
chr3L	17514468	+	NP_001287098.1
chr3L	17530847	+	NP_648993.1
chr3L	17549837	+	NP_001287099.1
chr3L	17622303	+	NP_001261995.1
chr3L	17633740	+	NP_001287100.1
chr3L	17654688	+	NP_649000.1
chr3L	17673657	+	NP_001097634.1
chr3L	17715970	+	NP_730294.1
chr3L	17758165	+	NP_730299.1
chr3L	17760146	+	NP_730300.2
chr3L	17829314	+	NP_524131.1
chr3L	17847197	+	NP_649017.1
chr3L	17849880	+	NP_649018.2
chr3L	17858474	+	NP_001034029.2
chr3L	17880163	+	NP_649020.1
chr3L	17889349	+	NP_649023.1
chr3L	17908254	+	NP_649025.1
chr3L	18040420	+	NP_730325.1
chr3L	18042844	+	NP_001137967.1
chr3L	18106662	+	NP_524134.1
chr3L	18109915	+	NP_524135.3
chr3L	18114426	+	NP_730328.1
chr3L	18119817	+	NP_730329.1
chr3L	18139789	+	NP_524980.1
chr3L	18149046	+	NP_001262009.1
chr3L	18201505	+	NP_649034.3
chr3L	18252088	+	NP_649035.2
chr3L	18526990	+	NP_730339.1
chr3L	18573840	+	NP_649040.2
chr3L	18588859	+	NP_649041.1
chr3L	18603440	+	NP_649043.3
chr3L	18622787	+	NP_649048.1
chr3L	18661898	+	NP_001262017.1
chr3L	18667435	+	NP_001163464.1
chr3L	18676006	+	NP_524142.2
chr3L	18682277	+	NP_730354.2
chr3L	18694273	+	NP_001369058.1
chr3L	18744509	+	NP_649056.1
chr3L	18748818	+	NP_649059.1
chr3L	18821307	+	NP_730362.1
chr3L	18822786	+	NP_536731.1
chr3L	18863721	+	NP_001246825.1
chr3L	18866339	+	NP_001246826.1
chr3L	18867880	+	NP_649064.1
chr3L	18869503	+	NP_001246827.1
chr3L	18872950	+	NP_524151.2
chr3L	18892383	+	NP_649068.1
chr3L	18899320	+	NP_001262025.1
chr3L	18901731	+	NP_649072.1
chr3L	18905494	+	NP_001303371.1
chr3L	18917581	+	NP_649076.1
chr3L	18925169	+	NP_001246829.1
chr3L	18953763	+	NP_649079.2
chr3L	18985014	+	NP_649080.1
chr3L	19063701	+	NP_649086.2
chr3L	19092810	+	NP_001262033.1
chr3L	19098163	+	NP_649091.1
chr3L	19236360	+	NP_001027136.1
chr3L	19255515	+	NP_524156.1
chr3L	19261750	+	NP_730391.1
chr3L	19264497	+	NP_001287115.1
chr3L	19269440	+	NP_649101.2
chr3L	19276593	+	NP_649102.3
chr3L	19297046	+	NP_001303382.1
chr3L	19387602	+	NP_649109.3
chr3L	19447249	+	NP_649111.1
chr3L	19467400	+	NP_001262045.1
chr3L	19472543	+	NP_001262046.1
chr3L	19475890	+	NP_730413.2
chr3L	19487954	+	NP_730416.1
chr3L	19519695	+	NP_649121.1
chr3L	19521380	+	NP_001262051.1
chr3L	19533090	+	NP_001262052.1
chr3L	19545181	+	NP_001369062.1
chr3L	19552476	+	NP_649127.1
chr3L	19586382	+	NP_649129.1
chr3L	19599160	+	NP_524161.2
chr3L	19601773	+	NP_001262057.1
chr3L	19606581	+	NP_649132.1
chr3L	19612551	+	NP_649134.3
chr3L	19619179	+	NP_524163.1
chr3L	19620607	+	NP_649136.1
chr3L	19687728	+	NP_523720.2
chr3L	19729416	+	NP_001163471.1
chr3L	19760831	+	NP_649146.1
chr3L	19794910	+	NP_001262064.1
chr3L	19799278	+	NP_001097647.3
chr3L	19806202	+	NP_730454.2
chr3L	19807937	+	NP_524167.1
chr3L	19818535	+	NP_001262069.1
chr3L	19834801	+	NP_730456.2
chr3L	19845589	+	NP_730459.1
chr3L	19871394	+	NP_001262074.2
chr3L	19910478	+	NP_649156.1
chr3L	19915191	+	NP_649158.1
chr3L	19923822	+	NP_001262079.1
chr3L	19925061	+	NP_649160.1
chr3L	19930831	+	NP_649162.1
chr3L	19949422	+	NP_001246838.1
chr3L	19981685	+	NP_001189135.1
chr3L	19986164	+	NP_649166.1
chr3L	19994625	+	NP_001287124.1
chr3L	19996711	+	NP_788543.1
chr3L	20001167	+	NP_001262085.1
chr3L	20002918	+	NP_730478.2
chr3L	20008826	+	NP_001287126.1
chr3L	20106121	+	NP_649175.1
chr3L	20129309	+	NP_524177.1
chr3L	20188712	+	NP_730487.1
chr3L	20200118	+	NP_001189138.1
chr3L	20207625	+	NP_001262094.1
chr3L	20221852	+	NP_001262098.1
chr3L	20224023	+	NP_001262099.1
chr3L	20226816	+	NP_649194.1
chr3L	20231720	+	NP_649195.1
chr3L	20242798	+	NP_001163480.1
chr3L	20244167	+	NP_730502.1
chr3L	20256371	+	NP_788545.3
chr3L	20265814	+	NP_730504.1
chr3L	20303233	+	NP_001287127.1
chr3L	20310310	+	NP_524179.2
chr3L	20313793	+	NP_524180.1
chr3L	20317773	+	NP_001287128.1
chr3L	20321041	+	NP_649206.1
chr3L	20342738	+	NP_649207.1
chr3L	20349121	+	NP_001262104.1
chr3L	20354226	+	NP_649211.1
chr3L	20367316	+	NP_788548.1
chr3L	20370512	+	NP_649215.2
chr3L	20378460	+	NP_649216.2
chr3L	20384813	+	NP_597678.1
chr3L	20417232	+	NP_649220.1
chr3L	20432842	+	NP_524184.1
chr3L	20436382	+	NP_001287129.1
chr3L	20446020	+	NP_649226.1
chr3L	20460704	+	NP_649229.1
chr3L	20467012	+	NP_649230.1
chr3L	20473898	+	NP_788549.1
chr3L	20495480	+	NP_649234.1
chr3L	20497636	+	NP_001097649.1
chr3L	20521156	+	NP_649241.1
chr3L	20526654	+	NP_649243.1
chr3L	20533709	+	NP_649245.1
chr3L	20637230	+	NP_649246.1
chr3L	20714100	+	NP_001262120.1
chr3L	20737386	+	NP_649248.3
chr3L	20758916	+	NP_001246850.1
chr3L	20769641	+	NP_001287132.1
chr3L	20771800	+	NP_649251.2
chr3L	20778933	+	NP_649253.1
chr3L	20798790	+	NP_730568.1
chr3L	20809803	+	NP_649261.1
chr3L	20816660	+	NP_001189147.1
chr3L	20836211	+	NP_001287133.1
chr3L	20838382	+	NP_001262129.1
chr3L	20842051	+	NP_001163484.1
chr3L	20897718	+	NP_001262132.1
chr3L	20905845	+	NP_652283.1
chr3L	20927951	+	NP_649269.1
chr3L	20956981	+	NP_001287135.1
chr3L	20991716	+	NP_649276.2
chr3L	21028308	+	NP_649277.1
chr3L	21031889	+	NP_524192.2
chr3L	21034919	+	NP_730594.1
chr3L	21122273	+	NP_001262136.1
chr3L	21124315	+	NP_996131.1
chr3L	21131797	+	NP_649283.1
chr3L	21173200	+	NP_996132.1
chr3L	21178133	+	NP_730596.1
chr3L	21196896	+	NP_001097656.1
chr3L	21203091	+	NP_649289.2
chr3L	21210731	+	NP_001246859.1
chr3L	21217064	+	NP_001246860.1
chr3L	21220768	+	NP_001246861.1
chr3L	21227473	+	NP_001246862.1
chr3L	21286437	+	NP_649297.1
chr3L	21295566	+	NP_001262144.1
chr3L	21298702	+	NP_001262145.1
chr3L	21300621	+	NP_649300.1
chr3L	21304921	+	NP_649302.1
chr3L	21319945	+	NP_001287142.1
chr3L	21335323	+	NP_649304.1
chr3L	21344108	+	NP_730622.1
chr3L	21357864	+	NP_730625.1
chr3L	21360364	+	NP_730626.1
chr3L	21419746	+	NP_649312.1
chr3L	21428059	+	NP_996136.2
chr3L	21435220	+	NP_730631.1
chr3L	21446255	+	NP_730633.1
chr3L	21493185	+	NP_649318.1
chr3L	21501465	+	NP_649321.1
chr3L	21508264	+	NP_001287143.1
chr3L	21517582	+	NP_730643.1
chr3L	21525258	+	NP_001163489.1
chr3L	21534660	+	NP_001246869.1
chr3L	21539988	+	NP_001262170.1
chr3L	21542429	+	NP_996139.1
chr3L	21565520	+	NP_649332.1
chr3L	21569379	+	NP_730660.3
chr3L	21574255	+	NP_730661.2
chr3L	21586858	+	NP_001262180.1
chr3L	21618368	+	NP_001163490.1
chr3L	21626359	+	NP_001262182.1
chr3L	21635385	+	NP_730669.1
chr3L	21636986	+	NP_730670.1
chr3L	21639476	+	NP_730671.1
chr3L	21641190	+	NP_730672.1
chr3L	21652271	+	NP_996142.1
chr3L	21672191	+	NP_649346.1
chr3L	21680307	+	NP_001262186.1
chr3L	21729193	+	NP_649352.1
chr3L	21734131	+	NP_649356.1
chr3L	21741577	+	NP_649359.1
chr3L	21757157	+	NP_649361.1
chr3L	21770198	+	NP_649363.1
chr3L	21814779	+	NP_730689.1
chr3L	21822006	+	NP_524207.1
chr3L	21825038	+	NP_001189155.1
chr3L	21832879	+	NP_001262195.1
chr3L	21907822	+	NP_001246873.1
chr3L	21934963	+	NP_649370.1
chr3L	21943746	+	NP_001262199.1
chr3L	21955302	+	NP_649374.1
chr3L	21962431	+	NP_524209.3
chr3L	21972147	+	NP_001246877.1
chr3L	21985351	+	NP_001262200.1
chr3L	22061081	+	NP_524419.2
chr3L	22066133	+	NP_001262201.1
chr3L	22076288	+	NP_001262202.1
chr3L	22080339	+	NP_001163495.1
chr3L	22082833	+	NP_001262203.1
chr3L	22184093	+	NP_001262204.1
chr3L	22263483	+	NP_524212.2
chr3L	22267753	+	NP_001262207.1
chr3L	22274558	+	NP_001189161.1
chr3L	22288797	+	NP_730716.1
chr3L	22329894	+	NP_730717.1
chr3L	22454373	+	NP_649390.1
chr3L	22466910	+	NP_001287145.1
chr3L	22468873	+	NP_649393.1
chr3L	22472218	+	NP_649394.1
chr3L	22474833	+	NP_649395.1
chr3L	22501615	+	NP_001246883.1
chr3L	22548460	+	NP_649397.1
chr3L	22550321	+	NP_524216.1
chr3L	22606439	+	NP_649399.1
chr3L	22645627	+	NP_001027140.1
chr3L	22678633	+	NP_001014600.1
chr3L	22687385	+	NP_001137998.1
chr3L	22694102	+	NP_649406.2
chr3L	22695970	+	NP_649407.1
chr3L	22697247	+	NP_001287146.1
chr3L	22699474	+	NP_001287147.1
chr3L	22712305	+	NP_649408.1
chr3L	22717978	+	NP_001287148.1
chr3L	22724566	+	NP_001303390.1
chr3L	22728411	+	NP_649412.1
chr3L	22745477	+	NP_649415.2
chr3L	22749618	+	NP_730742.1
chr3L	22788521	+	NP_649418.1
chr3L	22837146	+	NP_649420.2
chr3L	22860787	+	NP_649422.1
chr3L	22863983	+	NP_788568.1
chr3L	22864911	+	NP_001138000.1
chr3L	22872281	+	NP_730761.1
chr3L	22879366	+	NP_649427.1
chr3L	22891367	+	NP_730764.1
chr3L	22899268	+	NP_001262228.1
chr3L	22902004	+	NP_649430.1
chr3L	22911926	+	NP_001262231.1
chr3L	22945787	+	NP_730768.1
chr3L	22987669	+	NP_730771.1
chr3L	23002308	+	NP_001036621.1
chr3L	23102252	+	NP_001287153.1
chr3L	23126208	+	NP_996147.1
chr3L	23174467	+	NP_001246894.1
chr3L	23211008	+	NP_001097669.2
chr3L	23339435	+	NP_001262235.1
chr3L	23566842	+	NP_001163498.1
chr3L	23715125	+	NP_001138001.1
chr3L	23726867	+	NP_001036631.1
chr3L	23740212	+	NP_001036633.2
chr3L	23784253	+	NP_001262238.1
chr3L	24028678	+	NP_001036640.1
chr3L	24325056	+	NP_001097670.1
chr3L	24537475	+	NP_001036651.1
chr3L	24725865	+	NP_001104399.1
chr3L	24927264	+	NP_001163845.1
chr3L	24976346	+	NP_001015476.1
chr3L	25109345	+	NP_001163848.1
chr3L	25120902	+	NP_001163853.1
chr3L	26224649	+	NP_001263165.1
chr3L	27136612	+	NP_001287640.1
chr3L	27267610	+	NP_001245398.1
chr3L	27279375	+	NP_001015152.2
chr3L	54669	-	NP_001246520.1
chr3L	75210	-	NP_001246522.1
chr3L	98329	-	NP_652326.1
chr3L	152397	-	NP_612001.1
chr3L	177837	-	NP_612003.1
chr3L	184364	-	NP_001286882.1
chr3L	198587	-	NP_001246528.1
chr3L	205637	-	NP_728486.1
chr3L	212687	-	NP_001286886.1
chr3L	222611	-	NP_728501.1
chr3L	233351	-	NP_001189014.1
chr3L	246216	-	NP_001261190.1
chr3L	257625	-	NP_001246530.1
chr3L	264210	-	NP_001261195.1
chr3L	265908	-	NP_001097459.1
chr3L	273370	-	NP_728511.1
chr3L	314027	-	NP_001356971.1
chr3L	324655	-	NP_612028.4
chr3L	327641	-	NP_001246531.1
chr3L	331936	-	NP_612029.1
chr3L	336682	-	NP_001261206.1
chr3L	345881	-	NP_728521.1
chr3L	361128	-	NP_612033.1
chr3L	366322	-	NP_612035.1
chr3L	391760	-	NP_001261207.1
chr3L	433706	-	NP_612036.1
chr3L	508511	-	NP_001286889.1
chr3L	542852	-	NP_523874.1
chr3L	585441	-	NP_612040.1
chr3L	603424	-	NP_612042.3
chr3L	606500	-	NP_612043.1
chr3L	654010	-	NP_612045.1
chr3L	679745	-	NP_728537.1
chr3L	681786	-	NP_001261218.1
chr3L	685147	-	NP_612050.1
chr3L	687868	-	NP_612051.1
chr3L	690081	-	NP_728540.1
chr3L	692778	-	NP_612053.1
chr3L	694869	-	NP_612054.1
chr3L	707901	-	NP_612055.3
chr3L	710357	-	NP_001286890.1
chr3L	711757	-	NP_001137867.1
chr3L	755415	-	NP_612057.1
chr3L	803973	-	NP_612058.1
chr3L	832940	-	NP_728546.1
chr3L	837451	-	NP_001261224.1
chr3L	841314	-	NP_001261225.1
chr3L	856670	-	NP_612066.1
chr3L	880903	-	NP_612069.1
chr3L	1033828	-	NP_728563.1
chr3L	1100636	-	NP_001261239.1
chr3L	1174497	-	NP_001261242.1
chr3L	1193090	-	NP_612080.1
chr3L	1195295	-	NP_523881.1
chr3L	1204639	-	NP_728575.2
chr3L	1211177	-	NP_476823.1
chr3L	1218682	-	NP_476828.1
chr3L	1238235	-	NP_612085.1
chr3L	1247674	-	NP_476818.1
chr3L	1302346	-	NP_001261247.1
chr3L	1307288	-	NP_001286897.1
chr3L	1312912	-	NP_612097.1
chr3L	1322782	-	NP_612099.1
chr3L	1334521	-	NP_612101.1
chr3L	1424880	-	NP_612104.1
chr3L	1437643	-	NP_612109.3
chr3L	1472005	-	NP_728606.1
chr3L	1488416	-	NP_788451.1
chr3L	1494890	-	NP_001261257.1
chr3L	1502469	-	NP_728610.1
chr3L	1517006	-	NP_612113.2
chr3L	1533908	-	NP_647618.1
chr3L	1536561	-	NP_001261261.1
chr3L	1545694	-	NP_728625.2
chr3L	1557882	-	NP_728629.1
chr3L	1564108	-	NP_728631.1
chr3L	1602571	-	NP_001286900.1
chr3L	1615575	-	NP_001261268.1
chr3L	1618102	-	NP_647633.1
chr3L	1625661	-	NP_523885.2
chr3L	1627949	-	NP_647635.1
chr3L	1636819	-	NP_728645.1
chr3L	1639136	-	NP_647636.3
chr3L	1644957	-	NP_728648.1
chr3L	1647400	-	NP_647638.1
chr3L	1652799	-	NP_647640.1
chr3L	1664770	-	NP_001401026.1
chr3L	1672705	-	NP_001356972.1
chr3L	1702302	-	NP_001261274.1
chr3L	1724092	-	NP_477450.1
chr3L	1735589	-	NP_647653.1
chr3L	1737799	-	NP_001261279.1
chr3L	1754342	-	NP_001246550.1
chr3L	1771650	-	NP_995958.2
chr3L	1774791	-	NP_001261285.1
chr3L	1777330	-	NP_647660.1
chr3L	1788896	-	NP_476739.1
chr3L	1793415	-	NP_728672.1
chr3L	1802693	-	NP_001261289.1
chr3L	1825180	-	NP_647666.2
chr3L	1834958	-	NP_647667.1
chr3L	1842004	-	NP_647668.1
chr3L	1852240	-	NP_001189021.1
chr3L	1861211	-	NP_476857.1
chr3L	1865045	-	NP_001286906.1
chr3L	1876178	-	NP_728686.2
chr3L	1881272	-	NP_001261298.1
chr3L	1884785	-	NP_001286908.1
chr3L	1902697	-	NP_647675.3
chr3L	1936280	-	NP_001286910.1
chr3L	1938593	-	NP_001401029.1
chr3L	1947449	-	NP_728695.1
chr3L	1962913	-	NP_647681.2
chr3L	1969617	-	NP_001261302.1
chr3L	1971130	-	NP_647685.1
chr3L	2005546	-	NP_001261303.1
chr3L	2023391	-	NP_001137870.1
chr3L	2038041	-	NP_001286911.1
chr3L	2114297	-	NP_001261314.1
chr3L	2150089	-	NP_001036578.2
chr3L	2161797	-	NP_001261318.1
chr3L	2168969	-	NP_647694.1
chr3L	2170846	-	NP_001286912.1
chr3L	2174142	-	NP_647696.1
chr3L	2191990	-	NP_001246564.1
chr3L	2212388	-	NP_647699.1
chr3L	2236951	-	NP_647701.1
chr3L	2256621	-	NP_995963.1
chr3L	2262405	-	NP_647705.1
chr3L	2265775	-	NP_647707.1
chr3L	2272691	-	NP_523888.1
chr3L	2371662	-	NP_001286913.1
chr3L	2373422	-	NP_001261325.1
chr3L	2377432	-	NP_647718.1
chr3L	2390935	-	NP_001137874.1
chr3L	2475594	-	NP_647722.1
chr3L	2478308	-	NP_647723.2
chr3L	2503273	-	NP_995970.1
chr3L	2536211	-	NP_001246571.1
chr3L	2585682	-	NP_995973.1
chr3L	2599319	-	NP_001261334.1
chr3L	2629310	-	NP_523891.2
chr3L	2643346	-	NP_647734.1
chr3L	2651748	-	NP_647737.1
chr3L	2689524	-	NP_001261340.1
chr3L	2761686	-	NP_001246580.1
chr3L	2771789	-	NP_647746.1
chr3L	2773902	-	NP_647747.1
chr3L	2871710	-	NP_001246583.1
chr3L	2889163	-	NP_647753.1
chr3L	2916588	-	NP_647754.1
chr3L	2951523	-	NP_728784.1
chr3L	2961003	-	NP_001033987.2
chr3L	3017215	-	NP_001286926.1
chr3L	3026424	-	NP_524857.3
chr3L	3046751	-	NP_647761.1
chr3L	3070539	-	NP_647765.1
chr3L	3106676	-	NP_647768.3
chr3L	3114443	-	NP_001246586.1
chr3L	3121070	-	NP_001246587.1
chr3L	3142908	-	NP_728812.1
chr3L	3148045	-	NP_001246589.1
chr3L	3159472	-	NP_647775.1
chr3L	3165075	-	NP_001261357.1
chr3L	3172541	-	NP_647778.1
chr3L	3178279	-	NP_647779.2
chr3L	3189732	-	NP_001261361.1
chr3L	3192430	-	NP_647783.3
chr3L	3197520	-	NP_647784.1
chr3L	3198835	-	NP_728831.1
chr3L	3203060	-	NP_728833.1
chr3L	3206363	-	NP_788455.1
chr3L	3208939	-	NP_647788.1
chr3L	3218804	-	NP_647789.2
chr3L	3221974	-	NP_728839.1
chr3L	3238893	-	NP_728844.1
chr3L	3244178	-	NP_001246593.1
chr3L	3300797	-	NP_647800.1
chr3L	3319192	-	NP_001350858.1
chr3L	3328869	-	NP_001261366.1
chr3L	3334557	-	NP_647809.3
chr3L	3336362	-	NP_728872.1
chr3L	3374034	-	NP_728876.1
chr3L	3404725	-	NP_728881.1
chr3L	3460242	-	NP_001246601.1
chr3L	3471002	-	NP_647817.2
chr3L	3472041	-	NP_728885.1
chr3L	3484620	-	NP_001246604.1
chr3L	3512602	-	NP_476580.1
chr3L	3620965	-	NP_001303361.1
chr3L	3654636	-	NP_647823.1
chr3L	3805959	-	NP_001189043.1
chr3L	3810970	-	NP_647831.1
chr3L	3816345	-	NP_523906.2
chr3L	3896603	-	NP_001137883.1
chr3L	3901759	-	NP_647835.1
chr3L	3909780	-	NP_523910.1
chr3L	3933282	-	NP_001189047.1
chr3L	3937746	-	NP_001286931.1
chr3L	3940084	-	NP_647839.1
chr3L	3942432	-	NP_647840.1
chr3L	3949292	-	NP_647843.1
chr3L	3952348	-	NP_001261386.1
chr3L	3962061	-	NP_995996.1
chr3L	4025130	-	NP_728918.1
chr3L	4040100	-	NP_647851.3
chr3L	4047449	-	NP_001261393.1
chr3L	4068210	-	NP_001261395.1
chr3L	4073840	-	NP_524830.2
chr3L	4084790	-	NP_728930.1
chr3L	4101556	-	NP_647857.3
chr3L	4122209	-	NP_001261398.1
chr3L	4135983	-	NP_001286933.1
chr3L	4138814	-	NP_001261404.1
chr3L	4160649	-	NP_001014557.3
chr3L	4165588	-	NP_001261408.1
chr3L	4177643	-	NP_647866.2
chr3L	4181801	-	NP_647867.1
chr3L	4184663	-	NP_652335.1
chr3L	4186768	-	NP_647868.1
chr3L	4204117	-	NP_647870.1
chr3L	4209092	-	NP_647872.1
chr3L	4211472	-	NP_647873.2
chr3L	4212873	-	NP_647874.1
chr3L	4235908	-	NP_001261409.1
chr3L	4251801	-	NP_523922.1
chr3L	4259127	-	NP_647879.1
chr3L	4262366	-	NP_647881.1
chr3L	4267503	-	NP_001027107.1
chr3L	4283478	-	NP_001033989.1
chr3L	4292153	-	NP_001163347.1
chr3L	4298595	-	NP_728979.1
chr3L	4322197	-	NP_647892.1
chr3L	4364000	-	NP_001246618.1
chr3L	4367414	-	NP_647896.1
chr3L	4370730	-	NP_001014560.1
chr3L	4381486	-	NP_728987.1
chr3L	4405970	-	NP_001097502.1
chr3L	4458112	-	NP_647904.2
chr3L	4461319	-	NP_647905.1
chr3L	4463723	-	NP_652336.2
chr3L	4466624	-	NP_729000.2
chr3L	4490652	-	NP_647911.2
chr3L	4497658	-	NP_647912.1
chr3L	4500438	-	NP_647913.3
chr3L	4505855	-	NP_001261418.1
chr3L	4524510	-	NP_523928.1
chr3L	4541168	-	NP_729014.1
chr3L	4555236	-	NP_001027108.1
chr3L	4598418	-	NP_001246628.1
chr3L	4675904	-	NP_001261423.1
chr3L	4689989	-	NP_647923.1
chr3L	4694739	-	NP_647925.1
chr3L	4709856	-	NP_647926.1
chr3L	4753613	-	NP_001261426.1
chr3L	4805257	-	NP_647931.1
chr3L	4825571	-	NP_652668.1
chr3L	4833074	-	NP_001261433.1
chr3L	4839900	-	NP_647934.2
chr3L	4852401	-	NP_729037.1
chr3L	4860098	-	NP_729038.1
chr3L	4956845	-	NP_001246635.1
chr3L	4980637	-	NP_647941.1
chr3L	4996877	-	NP_729045.1
chr3L	5012095	-	NP_647942.1
chr3L	5133145	-	NP_652459.1
chr3L	5136233	-	NP_647950.1
chr3L	5139354	-	NP_647948.1
chr3L	5141550	-	NP_647946.1
chr3L	5145897	-	NP_647944.2
chr3L	5152301	-	NP_647943.2
chr3L	5276322	-	NP_001261439.1
chr3L	5346356	-	NP_729060.2
chr3L	5359254	-	NP_523934.1
chr3L	5366156	-	NP_729062.1
chr3L	5367944	-	NP_647961.1
chr3L	5382821	-	NP_647962.1
chr3L	5498848	-	NP_647966.1
chr3L	5510820	-	NP_001097509.3
chr3L	5518577	-	NP_647968.3
chr3L	5535657	-	NP_001246638.1
chr3L	5550807	-	NP_001137889.1
chr3L	5563543	-	NP_647971.3
chr3L	5576933	-	NP_729078.1
chr3L	5592218	-	NP_001286943.1
chr3L	5595210	-	NP_647976.1
chr3L	5599657	-	NP_647978.1
chr3L	5603798	-	NP_647979.1
chr3L	5608233	-	NP_647981.1
chr3L	5662154	-	NP_523935.1
chr3L	5751593	-	NP_523936.2
chr3L	5765428	-	NP_001286949.1
chr3L	5768759	-	NP_647985.1
chr3L	5779541	-	NP_729096.1
chr3L	5784455	-	NP_523939.1
chr3L	5793845	-	NP_001286950.1
chr3L	5796302	-	NP_001097520.2
chr3L	5810400	-	NP_001261450.1
chr3L	5843558	-	NP_647991.1
chr3L	5897379	-	NP_647995.1
chr3L	5906699	-	NP_729109.1
chr3L	5921205	-	NP_001356974.1
chr3L	5932281	-	NP_523943.1
chr3L	5937968	-	NP_001163352.1
chr3L	5975737	-	NP_648006.1
chr3L	6010951	-	NP_648007.1
chr3L	6034605	-	NP_648010.1
chr3L	6054416	-	NP_001286951.1
chr3L	6062893	-	NP_648017.1
chr3L	6075117	-	NP_648021.1
chr3L	6094395	-	NP_648025.1
chr3L	6128561	-	NP_001303395.1
chr3L	6132081	-	NP_652662.1
chr3L	6133532	-	NP_477272.1
chr3L	6135213	-	NP_477273.1
chr3L	6136740	-	NP_477274.1
chr3L	6138078	-	NP_788468.1
chr3L	6139861	-	NP_729146.1
chr3L	6142383	-	NP_001246643.1
chr3L	6147939	-	NP_001097523.1
chr3L	6150810	-	NP_001261467.1
chr3L	6152679	-	NP_477282.2
chr3L	6157347	-	NP_648030.2
chr3L	6158564	-	NP_001097524.1
chr3L	6173436	-	NP_001261469.1
chr3L	6181767	-	NP_001097525.1
chr3L	6184801	-	NP_477297.1
chr3L	6188979	-	NP_477304.1
chr3L	6192982	-	NP_648037.1
chr3L	6217815	-	NP_476617.1
chr3L	6232921	-	NP_648039.1
chr3L	6239589	-	NP_001189053.1
chr3L	6245302	-	NP_476831.1
chr3L	6253570	-	NP_729159.2
chr3L	6258760	-	NP_648042.1
chr3L	6260882	-	NP_001261474.1
chr3L	6332896	-	NP_648043.1
chr3L	6488341	-	NP_001261477.1
chr3L	6495190	-	NP_648048.1
chr3L	6584189	-	NP_729175.3
chr3L	6603098	-	NP_523947.2
chr3L	6605909	-	NP_001261478.1
chr3L	6665507	-	NP_648052.1
chr3L	6667816	-	NP_729182.3
chr3L	6692453	-	NP_729184.1
chr3L	6719073	-	NP_001286955.1
chr3L	6741942	-	NP_001261480.1
chr3L	6751433	-	NP_788470.1
chr3L	6756404	-	NP_001261485.1
chr3L	6763128	-	NP_648059.1
chr3L	6914689	-	NP_729191.1
chr3L	6931894	-	NP_001286958.1
chr3L	6955388	-	NP_648062.2
chr3L	6958021	-	NP_648064.1
chr3L	6964546	-	NP_476980.1
chr3L	6968934	-	NP_648065.1
chr3L	6972358	-	NP_648068.1
chr3L	6979638	-	NP_477502.1
chr3L	6984502	-	NP_001246650.1
chr3L	7026748	-	NP_648070.1
chr3L	7062874	-	NP_001261494.1
chr3L	7069199	-	NP_001163365.2
chr3L	7075247	-	NP_001033993.1
chr3L	7086568	-	NP_648075.1
chr3L	7088709	-	NP_648076.3
chr3L	7125422	-	NP_523951.1
chr3L	7128229	-	NP_648081.1
chr3L	7147847	-	NP_001261496.1
chr3L	7189315	-	NP_001286964.1
chr3L	7238099	-	NP_648089.2
chr3L	7241228	-	NP_648091.1
chr3L	7243889	-	NP_648092.1
chr3L	7248681	-	NP_001261503.1
chr3L	7250444	-	NP_648094.1
chr3L	7252198	-	NP_001246654.1
chr3L	7285037	-	NP_001261504.1
chr3L	7323310	-	NP_729232.1
chr3L	7328328	-	NP_648103.1
chr3L	7334835	-	NP_001261507.1
chr3L	7338891	-	NP_648106.1
chr3L	7343859	-	NP_648107.3
chr3L	7347921	-	NP_648108.1
chr3L	7356457	-	NP_648109.1
chr3L	7360024	-	NP_729244.2
chr3L	7368934	-	NP_001189056.1
chr3L	7381230	-	NP_648114.1
chr3L	7387536	-	NP_648115.1
chr3L	7403903	-	NP_648120.3
chr3L	7434510	-	NP_001261517.1
chr3L	7437332	-	NP_648122.1
chr3L	7439405	-	NP_729255.2
chr3L	7440733	-	NP_001303408.1
chr3L	7470235	-	NP_648126.1
chr3L	7496185	-	NP_523961.2
chr3L	7498633	-	NP_001261520.1
chr3L	7506201	-	NP_648131.1
chr3L	7542457	-	NP_648134.1
chr3L	7559822	-	NP_648136.2
chr3L	7590918	-	NP_648139.1
chr3L	7641583	-	NP_996018.2
chr3L	7654091	-	NP_648146.1
chr3L	7717840	-	NP_001097536.1
chr3L	7726355	-	NP_001303376.1
chr3L	7731987	-	NP_648151.2
chr3L	7742078	-	NP_001261539.1
chr3L	7770060	-	NP_996021.2
chr3L	7804406	-	NP_001246660.1
chr3L	7867283	-	NP_001261544.1
chr3L	7911458	-	NP_001246661.1
chr3L	7915033	-	NP_648162.2
chr3L	7935479	-	NP_001163374.1
chr3L	7946284	-	NP_001261554.1
chr3L	7974901	-	NP_648165.1
chr3L	7976044	-	NP_648166.2
chr3L	7978605	-	NP_648168.1
chr3L	8058046	-	NP_001163375.1
chr3L	8069938	-	NP_001163376.1
chr3L	8091637	-	NP_648171.1
chr3L	8115725	-	NP_523968.1
chr3L	8127704	-	NP_648176.1
chr3L	8137213	-	NP_648177.1
chr3L	8146415	-	NP_648179.3
chr3L	8155187	-	NP_001163378.1
chr3L	8159641	-	NP_001261562.1
chr3L	8164360	-	NP_001261563.1
chr3L	8175856	-	NP_652607.1
chr3L	8180514	-	NP_523969.1
chr3L	8185589	-	NP_729340.1
chr3L	8193008	-	NP_648186.3
chr3L	8197621	-	NP_001261568.1
chr3L	8202326	-	NP_648189.1
chr3L	8210671	-	NP_729346.1
chr3L	8218917	-	NP_648192.1
chr3L	8240477	-	NP_648195.1
chr3L	8289448	-	NP_001261573.1
chr3L	8291745	-	NP_648200.1
chr3L	8299290	-	NP_648201.1
chr3L	8303990	-	NP_648203.1
chr3L	8308763	-	NP_523971.3
chr3L	8315137	-	NP_001246665.1
chr3L	8318868	-	NP_001246666.1
chr3L	8346069	-	NP_001286979.1
chr3L	8358657	-	NP_729364.1
chr3L	8393646	-	NP_648217.1
chr3L	8405197	-	NP_729375.1
chr3L	8411493	-	NP_001286982.1
chr3L	8421066	-	NP_729380.1
chr3L	8438229	-	NP_001246669.1
chr3L	8449185	-	NP_001286984.1
chr3L	8494262	-	NP_648228.2
chr3L	8509644	-	NP_648230.1
chr3L	8514847	-	NP_648232.1
chr3L	8524802	-	NP_729388.1
chr3L	8575995	-	NP_648239.1
chr3L	8600743	-	NP_648241.1
chr3L	8603997	-	NP_001261594.1
chr3L	8623774	-	NP_648245.2
chr3L	8633949	-	NP_648247.1
chr3L	8646530	-	NP_001137913.1
chr3L	8648825	-	NP_523976.1
chr3L	8721032	-	NP_001261596.1
chr3L	8725763	-	NP_001261598.1
chr3L	8745085	-	NP_729406.1
chr3L	8749559	-	NP_652444.1
chr3L	8788514	-	NP_648255.1
chr3L	8800472	-	NP_648257.1
chr3L	8802128	-	NP_648258.1
chr3L	8804178	-	NP_729415.2
chr3L	8807198	-	NP_648260.1
chr3L	8888531	-	NP_001246686.1
chr3L	8903680	-	NP_001097554.4
chr3L	8912057	-	NP_001137921.1
chr3L	8949681	-	NP_001261603.1
chr3L	8966362	-	NP_001286988.1
chr3L	8974346	-	NP_648272.1
chr3L	8979627	-	NP_648274.1
chr3L	8985225	-	NP_729438.1
chr3L	8990133	-	NP_648278.1
chr3L	8995467	-	NP_729441.1
chr3L	9009761	-	NP_001261611.1
chr3L	9018891	-	NP_648282.1
chr3L	9064507	-	NP_001286989.1
chr3L	9072630	-	NP_001286990.1
chr3L	9113487	-	NP_001261614.1
chr3L	9137103	-	NP_648289.2
chr3L	9177233	-	NP_001261615.1
chr3L	9205500	-	NP_648292.1
chr3L	9236606	-	NP_648294.1
chr3L	9358641	-	NP_001163400.1
chr3L	9366789	-	NP_001286999.1
chr3L	9371018	-	NP_001189075.1
chr3L	9372317	-	NP_523994.1
chr3L	9377188	-	NP_001287000.1
chr3L	9379439	-	NP_523998.1
chr3L	9398586	-	NP_001246695.1
chr3L	9402303	-	NP_524829.1
chr3L	9409966	-	NP_001246697.1
chr3L	9419201	-	NP_648310.1
chr3L	9429697	-	NP_524002.1
chr3L	9435399	-	NP_001163401.1
chr3L	9442162	-	NP_648312.3
chr3L	9451531	-	NP_648316.1
chr3L	9455539	-	NP_001287005.1
chr3L	9457649	-	NP_648318.2
chr3L	9460717	-	NP_648320.1
chr3L	9476847	-	NP_524003.1
chr3L	9489134	-	NP_648325.2
chr3L	9491799	-	NP_001261633.1
chr3L	9499178	-	NP_729505.2
chr3L	9509452	-	NP_001261635.1
chr3L	9511278	-	NP_001287008.1
chr3L	9513409	-	NP_001027119.1
chr3L	9514831	-	NP_001027121.3
chr3L	9543999	-	NP_648329.3
chr3L	9601305	-	NP_648334.1
chr3L	9629193	-	NP_524007.2
chr3L	9678826	-	NP_001261637.1
chr3L	9695232	-	NP_648345.1
chr3L	9703595	-	NP_001261645.1
chr3L	9713685	-	NP_648348.1
chr3L	9718983	-	NP_648350.1
chr3L	9723123	-	NP_001246702.1
chr3L	9733802	-	NP_648354.1
chr3L	9753376	-	NP_001261649.1
chr3L	9797526	-	NP_001261655.1
chr3L	9802049	-	NP_648360.2
chr3L	9804113	-	NP_648361.1
chr3L	9823873	-	NP_996037.2
chr3L	9836505	-	NP_524013.1
chr3L	9838605	-	NP_536735.2
chr3L	9854812	-	NP_001261664.1
chr3L	9859489	-	NP_001163403.1
chr3L	9864202	-	NP_729565.2
chr3L	9888569	-	NP_729571.1
chr3L	9894670	-	NP_001097567.1
chr3L	9898055	-	NP_729576.1
chr3L	9968294	-	NP_001261671.1
chr3L	9971972	-	NP_001261672.1
chr3L	10089135	-	NP_648380.2
chr3L	10092305	-	NP_729587.1
chr3L	10094719	-	NP_729588.1
chr3L	10098001	-	NP_729590.1
chr3L	10100881	-	NP_001189079.1
chr3L	10182282	-	NP_729592.1
chr3L	10196433	-	NP_524706.2
chr3L	10220164	-	NP_729599.1
chr3L	10225030	-	NP_729601.1
chr3L	10244706	-	NP_524018.2
chr3L	10267065	-	NP_524827.1
chr3L	10434105	-	NP_648393.1
chr3L	10463026	-	NP_001261678.1
chr3L	10558925	-	NP_001287021.1
chr3L	10623563	-	NP_001163407.1
chr3L	10625563	-	NP_001097575.2
chr3L	10628453	-	NP_648399.2
chr3L	10630891	-	NP_001163411.1
chr3L	10637761	-	NP_524021.2
chr3L	10659547	-	NP_729619.1
chr3L	10694017	-	NP_001261686.1
chr3L	10696644	-	NP_001261687.1
chr3L	10878945	-	NP_648413.1
chr3L	10882018	-	NP_001287023.1
chr3L	10885985	-	NP_729634.1
chr3L	10896877	-	NP_729640.1
chr3L	10984901	-	NP_001261690.1
chr3L	11051279	-	NP_001261692.1
chr3L	11061129	-	NP_648426.1
chr3L	11064660	-	NP_729654.1
chr3L	11069844	-	NP_648429.2
chr3L	11074246	-	NP_001261696.1
chr3L	11091639	-	NP_001261697.1
chr3L	11096049	-	NP_001369045.1
chr3L	11098110	-	NP_001261698.1
chr3L	11103873	-	NP_001097580.1
chr3L	11107357	-	NP_001287026.1
chr3L	11109475	-	NP_001034001.1
chr3L	11113639	-	NP_476735.1
chr3L	11118014	-	NP_001261701.1
chr3L	11123048	-	NP_524023.1
chr3L	11132320	-	NP_729676.1
chr3L	11150670	-	NP_996042.1
chr3L	11169445	-	NP_729681.1
chr3L	11183834	-	NP_001246714.1
chr3L	11205812	-	NP_729687.1
chr3L	11210206	-	NP_648452.1
chr3L	11235938	-	NP_001287031.1
chr3L	11294588	-	NP_001261707.1
chr3L	11321719	-	NP_001287032.1
chr3L	11364771	-	NP_648460.1
chr3L	11435461	-	NP_648463.2
chr3L	11458292	-	NP_648465.2
chr3L	11465307	-	NP_001261710.1
chr3L	11509355	-	NP_476719.2
chr3L	11510589	-	NP_996045.1
chr3L	11520746	-	NP_001303363.1
chr3L	11522568	-	NP_001303393.1
chr3L	11561898	-	NP_729716.1
chr3L	11563989	-	NP_001369046.1
chr3L	11577435	-	NP_996047.1
chr3L	11578553	-	NP_996050.1
chr3L	11579899	-	NP_001246718.1
chr3L	11580986	-	NP_001246719.1
chr3L	11587332	-	NP_001246720.1
chr3L	11591222	-	NP_996053.1
chr3L	11599947	-	NP_648480.1
chr3L	11608837	-	NP_729724.2
chr3L	11620072	-	NP_996054.1
chr3L	11625984	-	NP_648484.1
chr3L	11648299	-	NP_648488.1
chr3L	11675482	-	NP_729732.1
chr3L	11691333	-	NP_648494.2
chr3L	11695574	-	NP_648496.1
chr3L	11699226	-	NP_001261723.1
chr3L	11707411	-	NP_996060.1
chr3L	11711278	-	NP_648500.1
chr3L	11715122	-	NP_001097586.1
chr3L	11759896	-	NP_001368949.1
chr3L	11772141	-	NP_648504.2
chr3L	11774412	-	NP_648505.1
chr3L	11788212	-	NP_001163420.1
chr3L	11793129	-	NP_648507.1
chr3L	11800755	-	NP_648509.1
chr3L	11814533	-	NP_729748.3
chr3L	11821857	-	NP_729751.1
chr3L	11825586	-	NP_729755.1
chr3L	11833068	-	NP_001246724.1
chr3L	11836692	-	NP_001287036.1
chr3L	11847714	-	NP_652433.1
chr3L	11938340	-	NP_648516.2
chr3L	11944802	-	NP_648526.2
chr3L	11953293	-	NP_648529.1
chr3L	11957724	-	NP_001356902.1
chr3L	11965177	-	NP_524658.2
chr3L	11973754	-	NP_996064.1
chr3L	11993044	-	NP_524032.2
chr3L	11998050	-	NP_648537.2
chr3L	12002594	-	NP_001369048.1
chr3L	12061908	-	NP_001261738.1
chr3L	12081351	-	NP_001163430.1
chr3L	12124886	-	NP_524033.2
chr3L	12127394	-	NP_648548.1
chr3L	12136634	-	NP_648550.1
chr3L	12138401	-	NP_652042.1
chr3L	12145988	-	NP_648553.1
chr3L	12159582	-	NP_001261746.1
chr3L	12168374	-	NP_524035.2
chr3L	12193603	-	NP_001303370.1
chr3L	12203721	-	NP_729792.1
chr3L	12206005	-	NP_648559.1
chr3L	12220168	-	NP_001246733.2
chr3L	12271275	-	NP_001261752.1
chr3L	12277174	-	NP_001287044.1
chr3L	12295870	-	NP_648567.2
chr3L	12347967	-	NP_001261755.1
chr3L	12379413	-	NP_648572.1
chr3L	12401820	-	NP_648573.2
chr3L	12413903	-	NP_001261760.1
chr3L	12417212	-	NP_001261761.1
chr3L	12432313	-	NP_524041.2
chr3L	12467618	-	NP_001287047.1
chr3L	12469423	-	NP_729804.1
chr3L	12479774	-	NP_001097593.2
chr3L	12489974	-	NP_001261765.1
chr3L	12497010	-	NP_648579.3
chr3L	12501236	-	NP_001287050.1
chr3L	12503827	-	NP_648581.1
chr3L	12507710	-	NP_001261767.1
chr3L	12514667	-	NP_648584.1
chr3L	12523903	-	NP_648586.2
chr3L	12526603	-	NP_524043.1
chr3L	12530035	-	NP_648588.1
chr3L	12533612	-	NP_524044.1
chr3L	12537222	-	NP_648590.1
chr3L	12572438	-	NP_729816.4
chr3L	12734516	-	NP_524774.1
chr3L	12748657	-	NP_524049.1
chr3L	12754718	-	NP_001034002.1
chr3L	12773310	-	NP_729827.1
chr3L	12781021	-	NP_001246736.1
chr3L	12804444	-	NP_648601.1
chr3L	12813907	-	NP_648603.1
chr3L	12832062	-	NP_729843.1
chr3L	12850035	-	NP_729845.2
chr3L	12861284	-	NP_001261789.2
chr3L	12862718	-	NP_648609.1
chr3L	12903672	-	NP_001097596.1
chr3L	12913527	-	NP_729854.1
chr3L	12954537	-	NP_648614.1
chr3L	12967733	-	NP_996069.1
chr3L	12972331	-	NP_648615.1
chr3L	13011569	-	NP_648620.1
chr3L	13015137	-	NP_648621.1
chr3L	13017762	-	NP_524051.1
chr3L	13022454	-	NP_729863.1
chr3L	13026359	-	NP_648625.1
chr3L	13061394	-	NP_648629.1
chr3L	13087166	-	NP_648631.1
chr3L	13089828	-	NP_648632.1
chr3L	13248632	-	NP_729879.1
chr3L	13296856	-	NP_001287057.1
chr3L	13299020	-	NP_001261798.1
chr3L	13300151	-	NP_001246741.1
chr3L	13381276	-	NP_648637.2
chr3L	13387774	-	NP_729888.1
chr3L	13389872	-	NP_001261799.1
chr3L	13400907	-	NP_524818.1
chr3L	13412452	-	NP_001287060.1
chr3L	13420094	-	NP_001097599.1
chr3L	13426636	-	NP_996072.1
chr3L	13430937	-	NP_648645.1
chr3L	13437096	-	NP_648646.2
chr3L	13440435	-	NP_648648.2
chr3L	13450259	-	NP_648651.1
chr3L	13457238	-	NP_648652.1
chr3L	13469797	-	NP_001261803.1
chr3L	13485857	-	NP_648657.1
chr3L	13513024	-	NP_648660.1
chr3L	13518658	-	NP_648662.1
chr3L	13664478	-	NP_001369050.1
chr3L	13842890	-	NP_648664.2
chr3L	13866691	-	NP_648665.1
chr3L	13892067	-	NP_001261810.1
chr3L	13921725	-	NP_001261814.1
chr3L	13928908	-	NP_648669.1
chr3L	13964629	-	NP_001261815.1
chr3L	13973440	-	NP_648673.1
chr3L	13985508	-	NP_648674.3
chr3L	13999182	-	NP_648679.1
chr3L	14001626	-	NP_729945.1
chr3L	14028844	-	NP_729947.2
chr3L	14030992	-	NP_001261820.1
chr3L	14049669	-	NP_648688.2
chr3L	14052996	-	NP_648690.1
chr3L	14097959	-	NP_729959.1
chr3L	14107074	-	NP_001261827.1
chr3L	14126072	-	NP_001261829.1
chr3L	14177338	-	NP_524066.1
chr3L	14189422	-	NP_648696.2
chr3L	14235639	-	NP_001261834.1
chr3L	14369643	-	NP_001261837.1
chr3L	14402698	-	NP_648702.1
chr3L	14409762	-	NP_001261838.1
chr3L	14513248	-	NP_001137950.1
chr3L	14521667	-	NP_001261841.1
chr3L	14550089	-	NP_729979.1
chr3L	14560730	-	NP_524893.2
chr3L	14598935	-	NP_652614.1
chr3L	14631983	-	NP_729983.1
chr3L	14672400	-	NP_001246758.1
chr3L	14677758	-	NP_648711.1
chr3L	14701678	-	NP_648714.1
chr3L	14733449	-	NP_648718.1
chr3L	14757095	-	NP_001163444.1
chr3L	14761832	-	NP_001036605.2
chr3L	14775995	-	NP_648721.1
chr3L	14786078	-	NP_001163445.1
chr3L	14803259	-	NP_001261849.1
chr3L	14894326	-	NP_001189107.1
chr3L	14944292	-	NP_525000.1
chr3L	14946068	-	NP_525087.2
chr3L	14999609	-	NP_524075.2
chr3L	15011520	-	NP_001261853.1
chr3L	15051214	-	NP_648734.1
chr3L	15052475	-	NP_648738.1
chr3L	15053295	-	NP_001261857.1
chr3L	15054103	-	NP_001261858.1
chr3L	15061676	-	NP_648741.2
chr3L	15089818	-	NP_001027573.1
chr3L	15093261	-	NP_648745.1
chr3L	15123054	-	NP_001287069.1
chr3L	15131289	-	NP_730028.1
chr3L	15136300	-	NP_648752.1
chr3L	15142453	-	NP_001287070.1
chr3L	15144009	-	NP_730035.1
chr3L	15158487	-	NP_648755.1
chr3L	15163495	-	NP_648758.1
chr3L	15302740	-	NP_730039.1
chr3L	15473578	-	NP_648764.1
chr3L	15485358	-	NP_524082.1
chr3L	15494891	-	NP_001163447.1
chr3L	15504813	-	NP_648769.2
chr3L	15507850	-	NP_001261876.1
chr3L	15517026	-	NP_648771.1
chr3L	15519509	-	NP_001261880.1
chr3L	15523717	-	NP_730051.1
chr3L	15525223	-	NP_001034017.2
chr3L	15529230	-	NP_001034018.1
chr3L	15530806	-	NP_001261881.2
chr3L	15562935	-	NP_648776.1
chr3L	15580506	-	NP_648780.1
chr3L	15587565	-	NP_001261885.1
chr3L	15647617	-	NP_648786.1
chr3L	15649612	-	NP_524088.2
chr3L	15652215	-	NP_524090.2
chr3L	15655986	-	NP_524092.2
chr3L	15657357	-	NP_524093.2
chr3L	15659417	-	NP_648794.3
chr3L	15661003	-	NP_648796.1
chr3L	15683297	-	NP_648799.1
chr3L	15687632	-	NP_001287073.1
chr3L	15692056	-	NP_001246775.1
chr3L	15699661	-	NP_648801.2
chr3L	15728204	-	NP_001261891.1
chr3L	15816276	-	NP_648804.1
chr3L	15825579	-	NP_730074.2
chr3L	15834877	-	NP_001246777.1
chr3L	15836923	-	NP_001246778.1
chr3L	15841085	-	NP_730077.1
chr3L	15870797	-	NP_001356981.1
chr3L	15911241	-	NP_001261901.1
chr3L	15954756	-	NP_524097.2
chr3L	15967752	-	NP_648818.3
chr3L	15982508	-	NP_001261906.1
chr3L	15987718	-	NP_524099.2
chr3L	16003980	-	NP_648825.1
chr3L	16011648	-	NP_001261913.1
chr3L	16033157	-	NP_001189115.1
chr3L	16039988	-	NP_001261918.1
chr3L	16087440	-	NP_001261920.1
chr3L	16090252	-	NP_648833.1
chr3L	16097489	-	NP_648835.1
chr3L	16105563	-	NP_648838.3
chr3L	16111869	-	NP_001261924.1
chr3L	16128490	-	NP_524675.1
chr3L	16131582	-	NP_648841.1
chr3L	16137061	-	NP_648843.1
chr3L	16143785	-	NP_001246790.1
chr3L	16170106	-	NP_001027128.1
chr3L	16171380	-	NP_001027129.2
chr3L	16214106	-	NP_648845.1
chr3L	16228627	-	NP_648846.2
chr3L	16231902	-	NP_648848.1
chr3L	16252049	-	NP_001261932.1
chr3L	16257035	-	NP_648852.1
chr3L	16259426	-	NP_001261933.1
chr3L	16261576	-	NP_001097617.1
chr3L	16265065	-	NP_001097618.1
chr3L	16268141	-	NP_001261934.1
chr3L	16270862	-	NP_001097619.1
chr3L	16279209	-	NP_648859.1
chr3L	16281866	-	NP_730133.1
chr3L	16283657	-	NP_001261935.1
chr3L	16285355	-	NP_648862.2
chr3L	16288322	-	NP_648863.2
chr3L	16290797	-	NP_648864.1
chr3L	16295483	-	NP_648865.1
chr3L	16303113	-	NP_648867.1
chr3L	16305791	-	NP_648868.2
chr3L	16308415	-	NP_648870.1
chr3L	16319459	-	NP_648872.1
chr3L	16321219	-	NP_001189119.1
chr3L	16325768	-	NP_001261936.1
chr3L	16326681	-	NP_648876.1
chr3L	16327728	-	NP_652415.2
chr3L	16351839	-	NP_648879.1
chr3L	16354281	-	NP_001137959.1
chr3L	16356029	-	NP_648881.1
chr3L	16367308	-	NP_648884.1
chr3L	16377237	-	NP_001261940.1
chr3L	16380636	-	NP_648887.1
chr3L	16385454	-	NP_730162.1
chr3L	16400057	-	NP_001261944.1
chr3L	16411418	-	NP_001261945.1
chr3L	16419243	-	NP_648894.2
chr3L	16451613	-	NP_730169.1
chr3L	16483076	-	NP_524107.2
chr3L	16495314	-	NP_648899.2
chr3L	16530633	-	NP_001097622.2
chr3L	16545536	-	NP_648902.1
chr3L	16565863	-	NP_001287082.1
chr3L	16579897	-	NP_524111.3
chr3L	16581182	-	NP_001261954.1
chr3L	16586978	-	NP_524113.1
chr3L	16594966	-	NP_524114.1
chr3L	16612117	-	NP_660192.1
chr3L	16615169	-	NP_524117.1
chr3L	16647143	-	NP_001261965.1
chr3L	16659411	-	NP_648909.1
chr3L	16667601	-	NP_524118.1
chr3L	16673499	-	NP_730188.1
chr3L	16711011	-	NP_001261966.1
chr3L	16726124	-	NP_001287087.1
chr3L	16727983	-	NP_648917.1
chr3L	16730734	-	NP_476833.1
chr3L	16779481	-	NP_648919.1
chr3L	16786833	-	NP_477385.1
chr3L	16799792	-	NP_788517.1
chr3L	16828488	-	NP_648924.2
chr3L	16844861	-	NP_001246807.1
chr3L	16862470	-	NP_476701.1
chr3L	16925984	-	NP_001287090.1
chr3L	16935208	-	NP_730215.2
chr3L	16942723	-	NP_648937.2
chr3L	17011666	-	NP_001261978.1
chr3L	17015256	-	NP_730233.1
chr3L	17022633	-	NP_648946.3
chr3L	17023721	-	NP_524121.2
chr3L	17031897	-	NP_648949.2
chr3L	17042459	-	NP_001014589.1
chr3L	17045025	-	NP_001163458.1
chr3L	17235437	-	NP_001246812.1
chr3L	17241868	-	NP_730250.1
chr3L	17253823	-	NP_001261980.1
chr3L	17320729	-	NP_648965.1
chr3L	17325424	-	NP_648967.1
chr3L	17329169	-	NP_524123.1
chr3L	17339179	-	NP_730256.1
chr3L	17341316	-	NP_648969.1
chr3L	17344669	-	NP_001261982.1
chr3L	17346053	-	NP_648971.1
chr3L	17378436	-	NP_648973.1
chr3L	17382633	-	NP_648974.3
chr3L	17388747	-	NP_730262.3
chr3L	17409863	-	NP_001287093.1
chr3L	17425099	-	NP_648976.2
chr3L	17427069	-	NP_788522.1
chr3L	17430337	-	NP_788523.1
chr3L	17432975	-	NP_001137962.1
chr3L	17436247	-	NP_648980.1
chr3L	17478806	-	NP_648986.1
chr3L	17480865	-	NP_001163459.1
chr3L	17513781	-	NP_648990.1
chr3L	17529468	-	NP_648992.1
chr3L	17549112	-	NP_001189126.2
chr3L	17557072	-	NP_001261993.1
chr3L	17599024	-	NP_001014590.1
chr3L	17621378	-	NP_001261994.1
chr3L	17643986	-	NP_001246817.1
chr3L	17646440	-	NP_001261996.1
chr3L	17649244	-	NP_730291.1
chr3L	17650532	-	NP_524129.1
chr3L	17664619	-	NP_001261997.1
chr3L	17719854	-	NP_001027134.1
chr3L	17729319	-	NP_649002.3
chr3L	17746812	-	NP_649005.1
chr3L	17750493	-	NP_649006.2
chr3L	17754318	-	NP_996119.1
chr3L	17756840	-	NP_001036613.1
chr3L	17791461	-	NP_001189127.1
chr3L	17797140	-	NP_730301.3
chr3L	17802134	-	NP_649008.2
chr3L	17808747	-	NP_649009.1
chr3L	17810989	-	NP_649011.1
chr3L	17822834	-	NP_649012.2
chr3L	17833594	-	NP_730308.1
chr3L	17835141	-	NP_730309.1
chr3L	17843416	-	NP_001303369.1
chr3L	17846191	-	NP_001287103.1
chr3L	17856671	-	NP_730312.1
chr3L	17884345	-	NP_649021.1
chr3L	17886641	-	NP_649022.2
chr3L	17893377	-	NP_730317.1
chr3L	17901753	-	NP_649024.1
chr3L	17912311	-	NP_649026.1
chr3L	18059584	-	NP_730323.1
chr3L	18073829	-	NP_001262002.1
chr3L	18087197	-	NP_001097636.1
chr3L	18090562	-	NP_649027.1
chr3L	18109392	-	NP_649028.3
chr3L	18121927	-	NP_001189128.1
chr3L	18132066	-	NP_001262008.1
chr3L	18159966	-	NP_649033.1
chr3L	18185122	-	NP_524136.2
chr3L	18294228	-	NP_649036.1
chr3L	18301133	-	NP_001262012.1
chr3L	18304099	-	NP_524137.2
chr3L	18398235	-	NP_524138.1
chr3L	18439827	-	NP_524139.1
chr3L	18460880	-	NP_001262014.1
chr3L	18463068	-	NP_649038.1
chr3L	18469598	-	NP_651980.1
chr3L	18472364	-	NP_730336.1
chr3L	18488804	-	NP_001303398.1
chr3L	18593611	-	NP_524882.2
chr3L	18602052	-	NP_001034032.2
chr3L	18617157	-	NP_001034030.1
chr3L	18622112	-	NP_001287106.1
chr3L	18673011	-	NP_001287107.1
chr3L	18675342	-	NP_730351.1
chr3L	18681688	-	NP_001097638.1
chr3L	18683901	-	NP_001287108.1
chr3L	18686293	-	NP_001287109.1
chr3L	18698271	-	NP_001262021.1
chr3L	18723127	-	NP_649055.1
chr3L	18748308	-	NP_649058.1
chr3L	18798731	-	NP_001246824.1
chr3L	18809412	-	NP_001262022.1
chr3L	18846059	-	NP_730364.1
chr3L	18872484	-	NP_649066.1
chr3L	18887619	-	NP_001262024.1
chr3L	18898175	-	NP_649069.2
chr3L	18901472	-	NP_649071.1
chr3L	18904794	-	NP_524152.2
chr3L	18911182	-	NP_649074.2
chr3L	18914070	-	NP_649075.1
chr3L	18922092	-	NP_649077.1
chr3L	18932865	-	NP_001369059.1
chr3L	18988158	-	NP_649081.1
chr3L	18989722	-	NP_001097642.2
chr3L	18998012	-	NP_001262028.1
chr3L	19000520	-	NP_649083.2
chr3L	19003086	-	NP_649084.1
chr3L	19044367	-	NP_524788.2
chr3L	19052026	-	NP_001246831.1
chr3L	19053297	-	NP_001287110.1
chr3L	19062448	-	NP_001287111.1
chr3L	19085723	-	NP_001262031.1
chr3L	19096142	-	NP_649089.2
chr3L	19097632	-	NP_649090.1
chr3L	19100269	-	NP_001262034.1
chr3L	19112419	-	NP_001262035.1
chr3L	19129665	-	NP_001036614.1
chr3L	19146286	-	NP_001401042.1
chr3L	19254979	-	NP_001287112.1
chr3L	19260223	-	NP_524157.2
chr3L	19264025	-	NP_001287114.1
chr3L	19268459	-	NP_649099.1
chr3L	19270642	-	NP_649100.2
chr3L	19280800	-	NP_649103.1
chr3L	19285391	-	NP_001287118.1
chr3L	19337430	-	NP_524158.2
chr3L	19386125	-	NP_788538.2
chr3L	19446118	-	NP_001189130.1
chr3L	19464690	-	NP_649112.1
chr3L	19467029	-	NP_649113.1
chr3L	19472177	-	NP_730410.2
chr3L	19475524	-	NP_649115.2
chr3L	19486469	-	NP_649116.1
chr3L	19496712	-	NP_001262049.2
chr3L	19503622	-	NP_001262050.1
chr3L	19518275	-	NP_649120.1
chr3L	19552267	-	NP_730426.1
chr3L	19574695	-	NP_001097646.1
chr3L	19585915	-	NP_001287120.1
chr3L	19590478	-	NP_649130.2
chr3L	19598236	-	NP_524160.2
chr3L	19605251	-	NP_524162.1
chr3L	19612082	-	NP_649133.1
chr3L	19618445	-	NP_001262058.1
chr3L	19634380	-	NP_001189132.1
chr3L	19642667	-	NP_649138.2
chr3L	19649760	-	NP_649139.1
chr3L	19663395	-	NP_001262060.1
chr3L	19687235	-	NP_730439.2
chr3L	19695024	-	NP_730442.2
chr3L	19707474	-	NP_730444.1
chr3L	19718068	-	NP_649145.1
chr3L	19726815	-	NP_001007097.1
chr3L	19749484	-	NP_001163472.1
chr3L	19758230	-	NP_001163474.1
chr3L	19801236	-	NP_649147.2
chr3L	19806003	-	NP_001262065.1
chr3L	19807146	-	NP_652408.2
chr3L	19813202	-	NP_649151.1
chr3L	19817752	-	NP_524168.2
chr3L	19834092	-	NP_001262071.1
chr3L	19870504	-	NP_001246836.1
chr3L	19910079	-	NP_001262078.1
chr3L	19913629	-	NP_649157.1
chr3L	19922988	-	NP_730465.1
chr3L	19928437	-	NP_649161.1
chr3L	19954510	-	NP_730469.1
chr3L	19955752	-	NP_001137983.2
chr3L	19979762	-	NP_001262083.1
chr3L	19985775	-	NP_649165.1
chr3L	19988978	-	NP_730474.2
chr3L	19990630	-	NP_524174.1
chr3L	20000157	-	NP_001163479.1
chr3L	20028952	-	NP_649172.3
chr3L	20075915	-	NP_001262086.1
chr3L	20103360	-	NP_649174.1
chr3L	20111437	-	NP_649176.1
chr3L	20112825	-	NP_001262087.1
chr3L	20126207	-	NP_649178.1
chr3L	20133258	-	NP_649179.2
chr3L	20140283	-	NP_649181.1
chr3L	20192274	-	NP_001262091.1
chr3L	20201597	-	NP_649186.1
chr3L	20203602	-	NP_649187.3
chr3L	20206001	-	NP_001262093.1
chr3L	20212033	-	NP_001262095.1
chr3L	20220351	-	NP_001262096.1
chr3L	20240495	-	NP_001246841.1
chr3L	20279826	-	NP_649200.2
chr3L	20296900	-	NP_649202.1
chr3L	20302021	-	NP_730508.1
chr3L	20306169	-	NP_730511.1
chr3L	20347909	-	NP_649209.1
chr3L	20361507	-	NP_652001.2
chr3L	20365918	-	NP_649214.1
chr3L	20375487	-	NP_524182.3
chr3L	20384023	-	NP_730525.2
chr3L	20393481	-	NP_001034035.2
chr3L	20401255	-	NP_524672.1
chr3L	20410404	-	NP_649219.1
chr3L	20427570	-	NP_649221.1
chr3L	20432260	-	NP_001262109.1
chr3L	20436090	-	NP_524185.1
chr3L	20439774	-	NP_649225.1
chr3L	20452575	-	NP_001262112.1
chr3L	20459556	-	NP_001262114.1
chr3L	20465904	-	NP_001189140.1
chr3L	20472974	-	NP_001189142.1
chr3L	20488318	-	NP_649233.2
chr3L	20519007	-	NP_996125.1
chr3L	20520740	-	NP_649240.1
chr3L	20525826	-	NP_001262118.1
chr3L	20538949	-	NP_649244.3
chr3L	20617414	-	NP_788552.1
chr3L	20694456	-	NP_524187.1
chr3L	20717145	-	NP_001097652.1
chr3L	20739430	-	NP_730560.1
chr3L	20755685	-	NP_001027139.1
chr3L	20769476	-	NP_001287131.2
chr3L	20771057	-	NP_001262121.1
chr3L	20778154	-	NP_649252.1
chr3L	20784607	-	NP_649254.2
chr3L	20788102	-	NP_649255.1
chr3L	20792287	-	NP_649256.1
chr3L	20798351	-	NP_649257.1
chr3L	20808977	-	NP_649260.1
chr3L	20815799	-	NP_001189143.1
chr3L	20817878	-	NP_524188.1
chr3L	20841464	-	NP_524190.2
chr3L	20881633	-	NP_001262131.1
chr3L	20897398	-	NP_001287134.1
chr3L	20949301	-	NP_524191.1
chr3L	20956729	-	NP_649270.1
chr3L	20974659	-	NP_649272.1
chr3L	21025020	-	NP_730590.1
chr3L	21031249	-	NP_649278.1
chr3L	21034192	-	NP_649279.2
chr3L	21099595	-	NP_524193.2
chr3L	21135877	-	NP_001246856.1
chr3L	21160681	-	NP_001262138.1
chr3L	21189705	-	NP_001246858.1
chr3L	21196702	-	NP_730600.1
chr3L	21200294	-	NP_788553.1
chr3L	21209994	-	NP_649291.2
chr3L	21216721	-	NP_649293.1
chr3L	21267859	-	NP_730610.3
chr3L	21270426	-	NP_649295.1
chr3L	21279785	-	NP_524196.2
chr3L	21281302	-	NP_524197.1
chr3L	21285135	-	NP_001262142.1
chr3L	21292667	-	NP_649298.2
chr3L	21297727	-	NP_524198.1
chr3L	21304011	-	NP_001287141.1
chr3L	21317910	-	NP_524199.1
chr3L	21343619	-	NP_001262153.1
chr3L	21346754	-	NP_001246865.1
chr3L	21356495	-	NP_649309.2
chr3L	21406696	-	NP_649311.1
chr3L	21425537	-	NP_730629.1
chr3L	21441169	-	NP_649314.2
chr3L	21444750	-	NP_649315.1
chr3L	21476194	-	NP_524202.1
chr3L	21490001	-	NP_001262160.1
chr3L	21492706	-	NP_649317.1
chr3L	21496859	-	NP_524203.2
chr3L	21507126	-	NP_788563.1
chr3L	21515751	-	NP_649324.1
chr3L	21529241	-	NP_730651.1
chr3L	21533120	-	NP_524704.1
chr3L	21539354	-	NP_001262169.1
chr3L	21554143	-	NP_001262173.2
chr3L	21557760	-	NP_649330.1
chr3L	21562000	-	NP_996140.1
chr3L	21568833	-	NP_649333.1
chr3L	21617307	-	NP_649337.2
chr3L	21625473	-	NP_649339.2
chr3L	21634295	-	NP_649341.1
chr3L	21666956	-	NP_649345.1
chr3L	21679498	-	NP_649347.1
chr3L	21683842	-	NP_001163491.1
chr3L	21706153	-	NP_001262188.1
chr3L	21726738	-	NP_001262189.1
chr3L	21730428	-	NP_649353.1
chr3L	21731521	-	NP_649354.1
chr3L	21733452	-	NP_649355.1
chr3L	21738334	-	NP_649357.1
chr3L	21740266	-	NP_001262190.1
chr3L	21744234	-	NP_649360.1
chr3L	21761199	-	NP_730686.3
chr3L	21813253	-	NP_001262194.1
chr3L	21828169	-	NP_001189157.1
chr3L	21832096	-	NP_649366.1
chr3L	21839730	-	NP_730698.1
chr3L	21842355	-	NP_649369.1
chr3L	21941769	-	NP_649371.2
chr3L	22028181	-	NP_649376.3
chr3L	22029728	-	NP_001246878.1
chr3L	22071526	-	NP_649378.1
chr3L	22074336	-	NP_649379.1
chr3L	22075634	-	NP_649380.1
chr3L	22262678	-	NP_001262205.1
chr3L	22266554	-	NP_649386.1
chr3L	22287987	-	NP_524214.1
chr3L	22407192	-	NP_001262211.1
chr3L	22460558	-	NP_649391.1
chr3L	22505178	-	NP_001246884.1
chr3L	22615726	-	NP_001356912.1
chr3L	22652525	-	NP_001027146.4
chr3L	22687083	-	NP_649402.2
chr3L	22692512	-	NP_649404.1
chr3L	22693789	-	NP_649405.2
chr3L	22717051	-	NP_649409.1
chr3L	22722041	-	NP_649410.1
chr3L	22727716	-	NP_649411.1
chr3L	22738269	-	NP_001303389.1
chr3L	22741176	-	NP_649414.1
chr3L	22801314	-	NP_001262221.1
chr3L	22837022	-	NP_001287149.1
chr3L	22853248	-	NP_730750.1
chr3L	22855995	-	NP_730752.1
chr3L	22868152	-	NP_001303388.1
chr3L	22869989	-	NP_730759.1
chr3L	22877994	-	NP_001287150.1
chr3L	22955285	-	NP_730770.1
chr3L	23095297	-	NP_001262233.1
chr3L	23150387	-	NP_730776.1
chr3L	23338046	-	NP_524219.1
chr3L	23986308	-	NP_001036635.1
chr3L	25115703	-	NP_001015224.1
chr3L	25762670	-	NP_001015405.3
chr3L	25978136	-	NP_001015187.2
chr3L	26305572	-	NP_001104417.3
chr3L	26356237	-	NP_001163857.2
chr3L	27083839	-	NP_001104426.1
chr3L	27858203	-	NP_001015319.1
chr3L	28012551	-	NP_001015316.1
