nodename	taxid	distance_bin	pair_label	symbol1	symbol2	alg_code1	alg_code2	ortholog1	ortholog2	pair_key	mean_in	sd_in	mean_out	sd_out	occupancy_in	occupancy_out	sd_in_out_ratio_log_sigma	stable_in_clade	go_hits_pair	go_terms_shared	entangle_fold	fusion_category	score	n_anchors_resolved_Vertebrata	n_subclades_resolved_Vertebrata	n_anchors_resolved_Arthropoda	n_subclades_resolved_Arthropoda	forced	selection_basis	target_mean_in_bp
Annelida	6340	intermediate	KCNA2/SNRNP70	KCNA2	SNRNP70	O1	O1	Simakov2022BCnS_genefamily_3818	Simakov2022BCnS_genefamily_8135	Simakov2022BCnS_genefamily_3818|Simakov2022BCnS_genefamily_8135	32377.36585365853	43453.961579595525	11806437.327146173	26139924.6016622	0.6507936507936508	0.2245571378951024	-13.128695540401251	1	50.0	0			0.5534566028115184	1	1	5	4	False	bin_intermediate	
Annelida	6340	intermediate	MTR/STX5	MTR	STX5	A1a	A1a	Simakov2022BCnS_genefamily_10881	Simakov2022BCnS_genefamily_11624	Simakov2022BCnS_genefamily_10881|Simakov2022BCnS_genefamily_11624	37185.425	26187.794827308742	16610388.761578044	44516666.26234777	0.6349206349206349	0.1012504341785342	-15.414154334214397	1	15.0	0			0.5995437294689291	1	1	5	3	False	bin_intermediate	
Annelida	6340	intermediate	RBBP4/REPS1	RBBP4	REPS1	K	K	Simakov2022BCnS_genefamily_1098	Simakov2022BCnS_genefamily_817	Simakov2022BCnS_genefamily_1098|Simakov2022BCnS_genefamily_817	57419.16216216216	63879.48977442925	7596295.34384858	28090027.21227519	0.5873015873015873	0.2752691906912122	-12.43931114575633	1	126.0	0			-0.29025084924544564	2	2	4	4	False	bin_intermediate	
Annelida	6340	intermediate	PTPN9/UBE2R2	PTPN9	UBE2R2	C1	C1	Simakov2022BCnS_genefamily_1384	Simakov2022BCnS_genefamily_2801	Simakov2022BCnS_genefamily_1384|Simakov2022BCnS_genefamily_2801	60177.15	57623.068179736976	31475527.93045897	112783513.0566968	0.6349206349206349	0.124869746439736	-15.724314648846171	1	25.0	0			0.6572204059875169	2	2	1	1	False	bin_intermediate	
Annelida	6340	intermediate	ERLIN2/WAPL	ERLIN2	WAPL	Qd	Qa	Simakov2022BCnS_genefamily_2836	Simakov2022BCnS_genefamily_3600	Simakov2022BCnS_genefamily_2836|Simakov2022BCnS_genefamily_3600	91434.02631578948	75339.81352766344	36698113.44765343	87889577.5688902	0.6031746031746031	0.1443209447724904	-14.585830303059868	1	33.0	0	2.788261855093044	shared	0.2323246185615469	1	1	1	1	False	bin_intermediate	
Annelida	6340	long_range	CFAP184/TK1	CFAP184	TK1	H	H	Simakov2022BCnS_genefamily_12137	Simakov2022BCnS_genefamily_4525	Simakov2022BCnS_genefamily_12137|Simakov2022BCnS_genefamily_4525	149560.17073170733	486803.8816883638	9572336.29434698	31130020.00046981	0.6507936507936508	0.0890934352205626	-8.19733105702898	1	8.0	0			0.6122153649801718	0	0	1	1	False	bin_long_range	
Annelida	6340	long_range	MRTFA/PDPK1	MRTFA	PDPK1	H	H	Simakov2022BCnS_genefamily_5590	Simakov2022BCnS_genefamily_6036	Simakov2022BCnS_genefamily_5590|Simakov2022BCnS_genefamily_6036	514019.0256410256	1832617.018060212	6348660.500968054	17151285.828661155	0.6190476190476191	0.7176102813476901	-3.969357864833517	1	82.0	5			0.1818641500937602	1	1	9	6	False	bin_long_range	
Annelida	6340	long_range	TAF4/LSM14A	TAF4	LSM14A	D	D	Simakov2022BCnS_genefamily_2428	Simakov2022BCnS_genefamily_2806	Simakov2022BCnS_genefamily_2428|Simakov2022BCnS_genefamily_2806	585641.2352941176	1671030.435790939	14595885.9886557	48380751.94045212	0.8095238095238095	0.3061827023271969	-6.453978797154916	1	36.0	0			1.2075071713189234	3	3	4	2	False	bin_long_range	
Annelida	6340	long_range	WDR5/BRD2	WDR5	BRD2	M	M	Simakov2022BCnS_genefamily_3914	Simakov2022BCnS_genefamily_8914	Simakov2022BCnS_genefamily_3914|Simakov2022BCnS_genefamily_8914	735355.9772727273	2563616.6156593994	7544542.231572287	31520494.08075516	0.6984126984126984	0.5489753386592567	-4.569738734960561	1	45.0	5			0.6979918324333555	3	3	5	3	False	bin_long_range	
Annelida	6340	long_range	GSPT1/LUC7L3	GSPT1	LUC7L3	H	H	Simakov2022BCnS_genefamily_10861	Simakov2022BCnS_genefamily_4638	Simakov2022BCnS_genefamily_10861|Simakov2022BCnS_genefamily_4638	854536.976744186	1892722.5445157208	12582199.47204739	32105230.36512076	0.6825396825396826	0.4690864883640153	-5.277687821043867	1	36.0	0			0.1957059087427685	2	2	3	3	False	bin_long_range	
Annelida	6340	ultra_long	MACO1/CCT8	MACO1	CCT8	K	K	Simakov2022BCnS_genefamily_2283	Simakov2022BCnS_genefamily_3046	Simakov2022BCnS_genefamily_2283|Simakov2022BCnS_genefamily_3046	2320848.1041666665	4446823.094646197	26505735.3827265	66484482.38373464	0.7619047619047619	0.205105939562348	-4.99998521124353	1	30.0	0			3.2651543284379114	1	1	3	1	False	bin_ultra_long	
Annelida	6340	ultra_long	GINS1/MAPKBP1	GINS1	MAPKBP1	A1a	A1a	Simakov2022BCnS_genefamily_4034	Simakov2022BCnS_genefamily_6947	Simakov2022BCnS_genefamily_4034|Simakov2022BCnS_genefamily_6947	2577949.564102564	6586803.2813506	40791382.54796321	75933661.60829504	0.6190476190476191	0.1321639458145189	-4.427994358451957	1	8.0	3			2.6471653166647324	3	2	1	1	False	bin_ultra_long	
Annelida	6340	ultra_long	PKN2/FPGS	PKN2	FPGS	M	M	Simakov2022BCnS_genefamily_12301	Simakov2022BCnS_genefamily_605	Simakov2022BCnS_genefamily_12301|Simakov2022BCnS_genefamily_605	17999957.230769232	18178250.34546838	33854977.10951009	90280954.9298341	0.8253968253968254	0.1205279610976033	-2.5753284657674778	1	12.0	6			3.2035039229942033	0	0	1	1	False	bin_ultra_long	
Annelida	6340	ultra_long	ABCF1/SKIC2	ABCF1	SKIC2	M	M	Simakov2022BCnS_genefamily_11697	Simakov2022BCnS_genefamily_9625	Simakov2022BCnS_genefamily_11697|Simakov2022BCnS_genefamily_9625	21910251.45238095	19200123.51409724	15499078.040329972	91422270.56652376	0.6666666666666666	0.3789510246613407	-2.482642972411242	1	20.0	9			3.0646137014710804	7	4	0	0	False	bin_ultra_long	
Annelida	6340	ultra_long	CCT7/SMC3	CCT7	SMC3	I	I	Simakov2022BCnS_genefamily_11524	Simakov2022BCnS_genefamily_2155	Simakov2022BCnS_genefamily_11524|Simakov2022BCnS_genefamily_2155	22288030.166666668	19315631.168263867	40011624.9686747	94587045.74519512	0.6666666666666666	0.1441472733588051	-2.544318750702584	1	18.0	9			3.1041394994469624	0	0	0	0	False	bin_ultra_long	
Arthropoda	6656	ultra_long	MIX23/KPNA6	MIX23	KPNA6	K	K	Simakov2022BCnS_genefamily_3226	Simakov2022BCnS_genefamily_4977	Simakov2022BCnS_genefamily_3226|Simakov2022BCnS_genefamily_4977	1979208.0318471333	9436455.950802537	29919134.34782609	92806294.71277122	0.5371193978788915	0.1111111111111111	-2.308662505495932	1	21.0	0			-0.4959545306379483	2	2	8	5	False	percentile_p5	1380337
Arthropoda	6656	ultra_long	BRAF/PBX1	BRAF	PBX1	Eb	M	Simakov2022BCnS_genefamily_2752	Simakov2022BCnS_genefamily_9294	Simakov2022BCnS_genefamily_2752|Simakov2022BCnS_genefamily_9294	4280561.187898089	11920660.278040629	52320433.42622951	126806522.14622264	0.7519671570304481	0.0210489993098688	-2.426538471880212	1	47.0	6		shared	1.154624691918804	0	0	7	4	False	percentile_p15	4883574
Arthropoda	6656	ultra_long	WDR59/DNAH7	WDR59	DNAH7	D	B3	Simakov2022BCnS_genefamily_12561	Simakov2022BCnS_genefamily_3762	Simakov2022BCnS_genefamily_12561|Simakov2022BCnS_genefamily_3762	9228434.27569872	20465908.761080746	116131071.80392157	223796700.17977887	0.722203215874102	0.0175983436853002	-2.46798844017415	1	35.0	0		nematoda_only	0.7778218035471062	0	0	7	4	False	percentile_p25	7596764
Arthropoda	6656	ultra_long	SF3B1/CDR2	SF3B1	CDR2	B1	H	Simakov2022BCnS_genefamily_10682	Simakov2022BCnS_genefamily_2543	Simakov2022BCnS_genefamily_10682|Simakov2022BCnS_genefamily_2543	10471390.767182965	15049598.834329998	113467984.21153846	227659730.4527576	0.7068080738966815	0.017943409247757	-2.955570832087846	1	70.0	0		shared	1.2310478209715858	0	0	7	5	False	percentile_p35	8793340
Arthropoda	6656	ultra_long	CDK13/HPD	CDK13	HPD	B1	G	Simakov2022BCnS_genefamily_11602	Simakov2022BCnS_genefamily_4874	Simakov2022BCnS_genefamily_11602|Simakov2022BCnS_genefamily_4874	11538342.71845532	14417201.74273648	63684174.23571429	188206483.14663705	0.7618884707492303	0.0483091787439613	-2.7341338957046943	1	53.0	6		nematoda_only	1.5242534604154458	0	0	7	4	False	percentile_p45	9464622
Arthropoda	6656	ultra_long	BPTF/RNF40	BPTF	RNF40	H	G	Simakov2022BCnS_genefamily_6525	Simakov2022BCnS_genefamily_8065	Simakov2022BCnS_genefamily_6525|Simakov2022BCnS_genefamily_8065	16076976.768884892	27814361.268585406	156835034.33333334	292912377.11095774	0.7608621279507356	0.0144927536231884	-2.411411136551607	1	54.0	13		shared	1.4603699284804523	1	1	7	4	False	percentile_p95	16136079
Bilateria	33213	long_range	DCLK1/DCLK1	DCLK1	DCLK1	F	B2	Simakov2022BCnS_genefamily_10555	Simakov2022BCnS_genefamily_4077	Simakov2022BCnS_genefamily_10555|Simakov2022BCnS_genefamily_4077	524093.8635477583	7217998.663712875	4378327.0	17057799.476347238	0.5457446808510639	0.1160220994475138	-2.489159971482424	1	0.0	0		nematoda_only	0.0	3	1	1	1	False	bin_long_range	
Bilateria	33213	ultra_long	ATP6V1A/NAA50	ATP6V1A	NAA50	A2	A2	Simakov2022BCnS_genefamily_10367	Simakov2022BCnS_genefamily_10764	Simakov2022BCnS_genefamily_10367|Simakov2022BCnS_genefamily_10764	5768676.161958111	15578584.591947762	11001365.402597403	26552748.69377702	0.7280141843971631	0.850828729281768	-2.0209893603040685	1	305.0	5			0.855127330739139	5	2	5	4	False	bin_ultra_long	
Bilateria	33213	ultra_long	NOP2/PEX5	NOP2	PEX5	P	P	Simakov2022BCnS_genefamily_3270	Simakov2022BCnS_genefamily_82	Simakov2022BCnS_genefamily_3270|Simakov2022BCnS_genefamily_82	6172837.410205103	14269714.601330165	14830233.670212766	34394547.42740859	0.7088652482269504	0.5193370165745856	-2.517423792066899	1	93.0	0			0.5354553533053695	9	6	4	3	False	bin_ultra_long	
Bilateria	33213	ultra_long	FCF1/KIF26B	FCF1	KIF26B	A1a	A1b	Simakov2022BCnS_genefamily_11925	Simakov2022BCnS_genefamily_1272	Simakov2022BCnS_genefamily_11925|Simakov2022BCnS_genefamily_1272	14161838.564060804	28582759.471167013	75462470.5	94032430.42802373	0.6531914893617021	0.011049723756906	-2.9630788751703627	1	63.0	0	3139.105224831604	nematoda_only	0.5362783145251883	5	5	5	3	False	bin_ultra_long	
Bilateria	33213	ultra_long	EIF2AK4/RALGAPA1	EIF2AK4	RALGAPA1	A1b	A1a	Simakov2022BCnS_genefamily_10251	Simakov2022BCnS_genefamily_6476	Simakov2022BCnS_genefamily_10251|Simakov2022BCnS_genefamily_6476	15807822.30574033	26756163.1841518	95594674.75	101363083.4777095	0.7196808510638298	0.0220994475138121	-3.165232889804037	1	170.0	0	3139.105224831604	nematoda_only	1.06086682544016	4	4	3	3	False	bin_ultra_long	
Bilateria	33213	ultra_long	STAU2/PDIA4	STAU2	PDIA4	J1	B1	Simakov2022BCnS_genefamily_10985	Simakov2022BCnS_genefamily_12308	Simakov2022BCnS_genefamily_10985|Simakov2022BCnS_genefamily_12308	19549237.837565105	41647415.07723171	186475585.0	263635580.4625308	0.5446808510638298	0.011049723756906	-3.9007165833553463	1	127.0	14		neither	1.313604949874476	3	3	5	3	False	bin_ultra_long	
Bivalvia	6544	intermediate	ENKD1/C2orf81	ENKD1	C2orf81	Qa	Qa	Simakov2022BCnS_genefamily_12759	Simakov2022BCnS_genefamily_7426	Simakov2022BCnS_genefamily_12759|Simakov2022BCnS_genefamily_7426	19652.685950413223	27089.104738683443	10494574.319148935	48331029.57097147	0.9453125	0.0825575267872826	-15.728818105066152	1	54.0	0			0.3660783238384598	0	0	2	2	False	bin_intermediate	
Bivalvia	6544	intermediate	TAF4/LSM14A	TAF4	LSM14A	D	D	Simakov2022BCnS_genefamily_2428	Simakov2022BCnS_genefamily_2806	Simakov2022BCnS_genefamily_2428|Simakov2022BCnS_genefamily_2806	28602.73983739837	29749.05480121937	15232937.057362508	49300857.32897525	0.9609375	0.2970314421219041	-15.555004180974755	1	138.0	4			0.6337446913406006	3	3	4	2	False	bin_intermediate	
Bivalvia	6544	intermediate	EEF1G/PPP3R1	EEF1G	PPP3R1	A1a	A1a	Simakov2022BCnS_genefamily_11615	Simakov2022BCnS_genefamily_6598	Simakov2022BCnS_genefamily_11615|Simakov2022BCnS_genefamily_6598	38367.90677966102	30992.38107589328	6488433.247146793	26651373.725081176	0.921875	0.4463376075882663	-14.00984555702147	1	67.0	10			0.33730447887719445	1	1	5	4	False	bin_intermediate	
Bivalvia	6544	intermediate	WDR5/BRD2	WDR5	BRD2	M	M	Simakov2022BCnS_genefamily_3914	Simakov2022BCnS_genefamily_8914	Simakov2022BCnS_genefamily_3914|Simakov2022BCnS_genefamily_8914	52936.08	41699.96165056732	7751310.599675325	31907865.76303944	0.9765625	0.5410152819251712	-13.734875694528313	1	66.0	11			0.6163903711218283	3	3	5	3	False	bin_intermediate	
Bivalvia	6544	intermediate	DYRK2/FBXL5	DYRK2	FBXL5	Ea	Ea	Simakov2022BCnS_genefamily_7948	Simakov2022BCnS_genefamily_97	Simakov2022BCnS_genefamily_7948|Simakov2022BCnS_genefamily_97	93490.10256410256	54029.38386638572	19891027.988986783	65117049.06857368	0.9140625	0.0797470577902687	-14.804886216668493	1	117.0	24			0.8823019843350104	0	0	0	0	False	bin_intermediate	
Bivalvia	6544	long_range	TMEM86A/ANKS1A	TMEM86A	ANKS1A	O1	O1	Simakov2022BCnS_genefamily_1171	Simakov2022BCnS_genefamily_9260	Simakov2022BCnS_genefamily_1171|Simakov2022BCnS_genefamily_9260	139623.06666666668	101350.22875486324	19256161.25840336	40301429.61079269	0.9375	0.1672229053223256	-12.193243569076376	1	6.0	2			2.4243156918421325	0	0	3	3	False	bin_long_range	
Bivalvia	6544	long_range	GOLGA5/NAPA	GOLGA5	NAPA	A1a	A1a	Simakov2022BCnS_genefamily_2174	Simakov2022BCnS_genefamily_4591	Simakov2022BCnS_genefamily_2174|Simakov2022BCnS_genefamily_4591	207568.0081300813	1577377.442663533	21312368.35614702	67025442.19150236	0.9609375	0.1385912524152468	-6.926281473875053	1	22.0	0			0.48128144088531055	2	2	5	4	False	bin_long_range	
Bivalvia	6544	long_range	SPAG9/ADCY9	SPAG9	ADCY9	F	F	Simakov2022BCnS_genefamily_1615	Simakov2022BCnS_genefamily_7774	Simakov2022BCnS_genefamily_1615|Simakov2022BCnS_genefamily_7774	214940.888	669763.0298802478	20102170.69793104	33788946.590023495	0.9765625	0.1273493764271913	-7.330577537942493	1	18.0	0			0.6081425438894004	3	3	0	0	False	bin_long_range	
Bivalvia	6544	long_range	FERMT2/DHTKD1	FERMT2	DHTKD1	A1a	A1a	Simakov2022BCnS_genefamily_12745	Simakov2022BCnS_genefamily_4778	Simakov2022BCnS_genefamily_12745|Simakov2022BCnS_genefamily_4778	233041.611570248	1588109.0040097367	32365250.38278388	67498475.80121642	0.9453125	0.1918145090461971	-6.926875834471549	1	61.0	0			0.5308699679452185	0	0	2	2	False	bin_long_range	
Bivalvia	6544	long_range	RPL34/FBF1	RPL34	FBF1	Qa	H	Simakov2022BCnS_genefamily_6695	Simakov2022BCnS_genefamily_9980	Simakov2022BCnS_genefamily_6695|Simakov2022BCnS_genefamily_9980	552104.6854838709	2396577.8115252247	33174696.25409836	105754063.31221764	0.96875	0.0428596522044616	-7.015229832933972	1	25.0	0		neither	0.5430340740245788	0	0	0	0	False	bin_long_range	
Bivalvia	6544	ultra_long	PTPN9/UBE2R2	PTPN9	UBE2R2	C1	C1	Simakov2022BCnS_genefamily_1384	Simakov2022BCnS_genefamily_2801	Simakov2022BCnS_genefamily_1384|Simakov2022BCnS_genefamily_2801	1712533.105691057	5857023.422646274	35255770.591194965	119383536.38015728	0.9609375	0.1117161426313016	-5.196083752746494	1	3.0	0			2.698916163792407	2	2	1	1	False	bin_ultra_long	
Bivalvia	6544	ultra_long	NME5/RPL34	NME5	RPL34	Qd	Qa	Simakov2022BCnS_genefamily_1187	Simakov2022BCnS_genefamily_6695	Simakov2022BCnS_genefamily_1187|Simakov2022BCnS_genefamily_6695	2972292.0166666666	12737360.316332247	30189144.14583333	72268074.51397622	0.9375	0.0590198489372914	-2.184038717056316	1	27.0	3		shared	3.5218681994498304	0	0	2	2	False	bin_ultra_long	
Bivalvia	6544	ultra_long	RUNX2/ATF6	RUNX2	ATF6	M	M	Simakov2022BCnS_genefamily_5854	Simakov2022BCnS_genefamily_8738	Simakov2022BCnS_genefamily_5854|Simakov2022BCnS_genefamily_8738	19979665.728070177	12693418.529422766	38494985.85995624	179866211.43980765	0.890625	0.0802740207272088	-4.339780231872864	1	4.0	1			2.885154984550743	1	1	2	2	False	bin_ultra_long	
Bivalvia	6544	ultra_long	ENKD1/FBF1	ENKD1	FBF1	Qa	H	Simakov2022BCnS_genefamily_12759	Simakov2022BCnS_genefamily_9980	Simakov2022BCnS_genefamily_12759|Simakov2022BCnS_genefamily_9980	31626235.350427352	24915525.429458	47130116.52597403	142260564.40237364	0.9140625	0.0270507640962585	-2.198938555190141	1	73.0	10		neither	11.13762829564533	1	1	0	0	False	bin_ultra_long	
Bivalvia	6544	ultra_long	ENKD1/FOXJ1	ENKD1	FOXJ1	Qa	H	Simakov2022BCnS_genefamily_12759	Simakov2022BCnS_genefamily_7033	Simakov2022BCnS_genefamily_12759|Simakov2022BCnS_genefamily_7033	38360665.452991456	25561031.827993568	74678543.54935622	181017735.0597513	0.9140625	0.0409274547690145	-2.7061606266295524	1	87.0	4		neither	5.338429006570427	1	1	2	2	False	bin_ultra_long	
Cephalopoda	6605	intermediate	DNAAF10/MED6	DNAAF10	MED6	A1a	A1a	Simakov2022BCnS_genefamily_7351	Simakov2022BCnS_genefamily_9565	Simakov2022BCnS_genefamily_7351|Simakov2022BCnS_genefamily_9565	15007.0	5489.430060255463	20235518.19762684	47006405.80549809	0.9523809523809524	0.4213793103448275	-9.148175862968737	1	36.0	8			0.9755248139526861	1	1	4	3	False	bin_intermediate	
Cephalopoda	6605	intermediate	PSMD1/RPL9	PSMD1	RPL9	N	F	Simakov2022BCnS_genefamily_2004	Simakov2022BCnS_genefamily_9747	Simakov2022BCnS_genefamily_2004|Simakov2022BCnS_genefamily_9747	27264.75	11156.654515583235	40772724.61780105	63240296.62179581	0.9523809523809524	0.0329310344827586	-8.682701363472525	1	140.0	11		cnidaria_only	1.0639112548858587	0	0	1	1	False	bin_intermediate	
Cephalopoda	6605	intermediate	GSPT1/LUC7L3	GSPT1	LUC7L3	H	H	Simakov2022BCnS_genefamily_10861	Simakov2022BCnS_genefamily_4638	Simakov2022BCnS_genefamily_10861|Simakov2022BCnS_genefamily_4638	33233.857142857145	12041.287543433977	12493781.840984209	31990940.614090923	1.0	0.4694827586206896	-7.827700646596095	1	53.0	12			0.8404834814167927	2	2	3	3	False	bin_intermediate	
Cephalopoda	6605	intermediate	IQUB/BABAM2	IQUB	BABAM2	Eb	A1a	Simakov2022BCnS_genefamily_12951	Simakov2022BCnS_genefamily_9761	Simakov2022BCnS_genefamily_12951|Simakov2022BCnS_genefamily_9761	40882.15	17095.44859804061	46405184.6119403	66846307.72662471	0.9523809523809524	0.011551724137931	-8.263748066446105	1	121.0	8		shared	0.7993883102376014	0	0	0	0	False	bin_intermediate	
Cephalopoda	6605	intermediate	MSH6/RNF8	MSH6	RNF8	J1	A1a	Simakov2022BCnS_genefamily_3029	Simakov2022BCnS_genefamily_469	Simakov2022BCnS_genefamily_3029|Simakov2022BCnS_genefamily_469	63635.7	34854.842549015724	48225833.37469587	122242208.0021116	0.9523809523809524	0.0708620689655172	-8.141023833415359	1	198.0	46		nematoda_only	2.1547465875836824	4	4	2	1	False	bin_intermediate	
Cephalopoda	6605	long_range	PLK4/HMGCR	PLK4	HMGCR	F	C1	Simakov2022BCnS_genefamily_134	Simakov2022BCnS_genefamily_8879	Simakov2022BCnS_genefamily_134|Simakov2022BCnS_genefamily_8879	101054.52631578948	42774.83395562241	108229434.23766816	214182827.4490361	0.9047619047619048	0.0384482758620689	-8.542766391201406	1	60.0	8		cnidaria_only	2.149266074658034	2	2	0	0	False	bin_long_range	
Cephalopoda	6605	long_range	RNF26/CEP290	RNF26	CEP290	M	O2	Simakov2022BCnS_genefamily_5583	Simakov2022BCnS_genefamily_608	Simakov2022BCnS_genefamily_5583|Simakov2022BCnS_genefamily_608	105847.94736842104	80414.22386859963	89305326.08064516	154640200.25399148	0.9047619047619048	0.0213793103448275	-7.463040460173025	1	48.0	6		cnidaria_only	1.6325384256522708	0	0	0	0	False	bin_long_range	
Cephalopoda	6605	long_range	DICER1/RPL9	DICER1	RPL9	A1a	F	Simakov2022BCnS_genefamily_1517	Simakov2022BCnS_genefamily_9747	Simakov2022BCnS_genefamily_1517|Simakov2022BCnS_genefamily_9747	154886.25	63462.45441950944	55671930.69117648	77898761.34238797	0.9523809523809524	0.0468965517241379	-6.956502841884487	1	137.0	13		cnidaria_only	2.767717374498518	0	0	1	1	False	bin_long_range	
Cephalopoda	6605	long_range	UPF1/USP34	UPF1	USP34	C1	A1a	Simakov2022BCnS_genefamily_5858	Simakov2022BCnS_genefamily_9935	Simakov2022BCnS_genefamily_5858|Simakov2022BCnS_genefamily_9935	193369.5555555556	59439.92037775588	74270480.31428571	134000770.06998378	0.8571428571428571	0.0362068965517241	-7.642401796293431	1	111.0	9		neither	2.083386169667679	0	0	1	1	False	bin_long_range	
Cephalopoda	6605	long_range	ALKBH6/RPL9	ALKBH6	RPL9	A1a	F	Simakov2022BCnS_genefamily_8193	Simakov2022BCnS_genefamily_9747	Simakov2022BCnS_genefamily_8193|Simakov2022BCnS_genefamily_9747	216295.35	96034.37527529577	23606135.872759856	49716647.9735379	0.9523809523809524	0.0962068965517241	-5.982430947878709	1	115.0	7		cnidaria_only	1.7454349831733935	0	0	2	1	False	bin_long_range	
Cephalopoda	6605	ultra_long	COPS5/RSF1	COPS5	RSF1	J2	N	Simakov2022BCnS_genefamily_3004	Simakov2022BCnS_genefamily_4401	Simakov2022BCnS_genefamily_3004|Simakov2022BCnS_genefamily_4401	1029549.0	332516.2082664213	49265981.00389105	93250419.65809871	0.6666666666666666	0.0443103448275862	-5.290759967614551	1	40.0	1		neither	1.7495855153329183	1	1	2	2	False	bin_ultra_long	
Cephalopoda	6605	ultra_long	STT3A/CCT4	STT3A	CCT4	J1	A1a	Simakov2022BCnS_genefamily_11906	Simakov2022BCnS_genefamily_1273	Simakov2022BCnS_genefamily_11906|Simakov2022BCnS_genefamily_1273	3038474.8421052634	5310135.435697172	53481353.335195534	113183649.05063598	0.9047619047619048	0.0308620689655172	-2.3832377969376006	1	79.0	4		nematoda_only	3.9624702773911578	1	1	0	0	False	bin_ultra_long	
Cephalopoda	6605	ultra_long	TK1/GTF2B	TK1	GTF2B	H	M	Simakov2022BCnS_genefamily_4525	Simakov2022BCnS_genefamily_4963	Simakov2022BCnS_genefamily_4525|Simakov2022BCnS_genefamily_4963	4257843.916666667	1430298.6178579982	99596452.83809523	116843280.09140553	0.5714285714285714	0.018103448275862	-3.899139230123237	1	35.0	3		nematoda_only	2.537631536576622	1	1	0	0	False	bin_ultra_long	
Cephalopoda	6605	ultra_long	ZDHHC12/TK1	ZDHHC12	TK1	M	H	Simakov2022BCnS_genefamily_3514	Simakov2022BCnS_genefamily_4525	Simakov2022BCnS_genefamily_3514|Simakov2022BCnS_genefamily_4525	4375232.307692308	1383219.8962102355	64918120.29032258	107959586.16187112	0.6190476190476191	0.0160344827586206	-3.847681524086228	1	18.0	2		nematoda_only	1.7783191343050244	0	0	0	0	False	bin_ultra_long	
Cephalopoda	6605	ultra_long	CFAP184/ZDHHC12	CFAP184	ZDHHC12	H	M	Simakov2022BCnS_genefamily_12137	Simakov2022BCnS_genefamily_3514	Simakov2022BCnS_genefamily_12137|Simakov2022BCnS_genefamily_3514	4376249.923076923	1335739.6993377153	32374730.62745098	55676625.33084021	0.6190476190476191	0.0263793103448275	-3.139950623231172	1	14.0	2		nematoda_only	1.5033623549271942	0	0	0	0	False	bin_ultra_long	
Chordata	7711	intermediate	POLG/FANCI	POLG	FANCI	C1	I	Simakov2022BCnS_genefamily_1612	Simakov2022BCnS_genefamily_8303	Simakov2022BCnS_genefamily_1612|Simakov2022BCnS_genefamily_8303	40311.48838383838	154401.29265790677	33761443.98373984	28700211.82932181	0.9222170470423848	0.0334784975503538	-6.505623029719785	1	203.0	4		neither	0.7900289376365499	9	6	1	1	False	bin_intermediate	
Chordata	7711	intermediate	ATP6V1D/EIF2S1	ATP6V1D	EIF2S1	A1a	J2	Simakov2022BCnS_genefamily_1312	Simakov2022BCnS_genefamily_3869	Simakov2022BCnS_genefamily_1312|Simakov2022BCnS_genefamily_3869	49989.68916797488	931923.3697982949	29350652.643705465	52896422.12320059	0.8900791802515138	0.1145890038105607	-4.875535741286183	1	275.0	13		neither	0.42879782854987125	8	5	1	1	False	bin_intermediate	
Chordata	7711	intermediate	RPS7/RNASEH1	RPS7	RNASEH1	J2	J2	Simakov2022BCnS_genefamily_1122	Simakov2022BCnS_genefamily_12149	Simakov2022BCnS_genefamily_1122|Simakov2022BCnS_genefamily_12149	85026.62793497893	1031745.5471151236	14762599.802513463	42498298.807894856	0.7736376339077783	0.1516058791507893	-4.434949042778594	1	242.0	26			0.2071472651329212	8	5	2	2	False	bin_intermediate	
Chordata	7711	intermediate	CFAP61/CRNKL1	CFAP61	CRNKL1	A1b	A1b	Simakov2022BCnS_genefamily_12363	Simakov2022BCnS_genefamily_7648	Simakov2022BCnS_genefamily_12363|Simakov2022BCnS_genefamily_7648	93037.14839710444	296701.810208651	11862657.37859425	32883316.700726647	0.9007918025151374	0.170386499727817	-5.795041816966166	1	100.0	0			0.30707486040524073	8	6	2	2	False	bin_intermediate	
Chordata	7711	intermediate	SLC25A13/HAT1	SLC25A13	HAT1	B2	B2	Simakov2022BCnS_genefamily_10313	Simakov2022BCnS_genefamily_3560	Simakov2022BCnS_genefamily_10313|Simakov2022BCnS_genefamily_3560	97337.5220228385	364825.4460858466	34903353.67080745	55744010.37823938	0.5710293432696786	0.2629286880783886	-6.236294601336428	1	174.0	8			-0.34196293835529407	2	2	1	1	False	bin_intermediate	
Chordata	7711	long_range	MCMBP/INPP5F	MCMBP	INPP5F	I	I	Simakov2022BCnS_genefamily_7891	Simakov2022BCnS_genefamily_9209	Simakov2022BCnS_genefamily_7891|Simakov2022BCnS_genefamily_9209	114422.71493440968	799095.9978554719	26600643.03526971	43156792.98690138	0.9231485794131346	0.1311921611322808	-4.807205007074169	1	205.0	4			1.4604411052499544	9	6	0	0	False	bin_long_range	
Chordata	7711	long_range	FBXO11/MSH6	FBXO11	MSH6	A1b	J1	Simakov2022BCnS_genefamily_2021	Simakov2022BCnS_genefamily_3029	Simakov2022BCnS_genefamily_2021|Simakov2022BCnS_genefamily_3029	168311.65181631254	1420366.7684722205	33638974.85462555	64762038.34882235	0.6795528644620401	0.0617855198693522	-4.574550848866731	1	400.0	41		shared	1.5195447230682706	8	5	1	1	False	bin_long_range	
Chordata	7711	long_range	MORC3/CHAF1B	MORC3	CHAF1B	K	K	Simakov2022BCnS_genefamily_11600	Simakov2022BCnS_genefamily_12346	Simakov2022BCnS_genefamily_11600|Simakov2022BCnS_genefamily_12346	184283.790573112	1417856.2628346002	28971280.27226463	50680775.78368211	0.8695854680950164	0.1069678824169842	-4.240081093685756	1	196.0	27			1.4901804764476796	9	6	1	1	False	bin_long_range	
Chordata	7711	long_range	NOP2/EMG1	NOP2	EMG1	P	G	Simakov2022BCnS_genefamily_3270	Simakov2022BCnS_genefamily_6227	Simakov2022BCnS_genefamily_3270|Simakov2022BCnS_genefamily_6227	491465.3625760649	3487533.218590552	44767751.72077922	132515160.77286392	0.9184909175593852	0.0419161676646706	-4.32404318436766	1	324.0	130		cnidaria_only	3.6434828696781354	8	5	0	0	False	bin_long_range	
Chordata	7711	long_range	MAP3K20/HAT1	MAP3K20	HAT1	B1	B2	Simakov2022BCnS_genefamily_1836	Simakov2022BCnS_genefamily_3560	Simakov2022BCnS_genefamily_1836|Simakov2022BCnS_genefamily_3560	762094.8966597078	1048586.2723877877	31259943.624535315	98181275.5825326	0.8924080111783884	0.0732172019597169	-5.5633346164709785	1	197.0	5		shared	1.7006156491994053	7	5	2	1	False	bin_long_range	
Chordata	7711	ultra_long	SELENOF/GTF2B	SELENOF	GTF2B	M	M	Simakov2022BCnS_genefamily_1689	Simakov2022BCnS_genefamily_4963	Simakov2022BCnS_genefamily_1689|Simakov2022BCnS_genefamily_4963	1040466.5952380951	1259044.173070314	22585191.32160804	34747387.48476874	0.8607359105728924	0.1624931954273271	-3.8846623970038343	1	17.0	0			1.5536247318045187	9	6	3	2	False	bin_ultra_long	
Chordata	7711	ultra_long	MSH6/MSH2	MSH6	MSH2	J1	K	Simakov2022BCnS_genefamily_3029	Simakov2022BCnS_genefamily_7145	Simakov2022BCnS_genefamily_3029|Simakov2022BCnS_genefamily_7145	1241333.9443099273	4673576.660063629	30631306.636065573	49910517.57898039	0.5770843036795529	0.0830157866086009	-2.579997637403187	1	556.0	211		cnidaria_only	4.733197899797204	8	5	1	1	False	bin_ultra_long	
Chordata	7711	ultra_long	HAT1/UBR3	HAT1	UBR3	B2	B1	Simakov2022BCnS_genefamily_3560	Simakov2022BCnS_genefamily_9307	Simakov2022BCnS_genefamily_3560|Simakov2022BCnS_genefamily_9307	1375148.862210797	4157698.412983356	26791727.859375	104521211.33205852	0.9059152305542616	0.0522591181273816	-3.756423767150105	1	153.0	0		shared	1.7652215606662607	8	6	0	0	False	bin_ultra_long	
Chordata	7711	ultra_long	SNUPN/MPI	SNUPN	MPI	C1	N	Simakov2022BCnS_genefamily_3638	Simakov2022BCnS_genefamily_8898	Simakov2022BCnS_genefamily_3638|Simakov2022BCnS_genefamily_8898	2489218.6337299533	10054582.51010144	110432512.50847456	306468050.5218513	0.9003260363297625	0.0160587915078933	-4.02115997098162	1	37.0	3		neither	1.8505741829260585	8	5	0	0	False	bin_ultra_long	
Chordata	7711	ultra_long	ACOX3/TADA2B	ACOX3	TADA2B	G	A1a	Simakov2022BCnS_genefamily_5361	Simakov2022BCnS_genefamily_7505	Simakov2022BCnS_genefamily_5361|Simakov2022BCnS_genefamily_7505	4021833.119800333	6573527.714647483	88635900.40449437	164041079.06859344	0.83977643223102	0.0242242787152966	-3.746307210557429	1	95.0	0		cnidaria_only	1.488822954898481	9	6	1	1	False	bin_ultra_long	
Clitellata	42113	intermediate	TMBIM6/METAP2	TMBIM6	METAP2	B3	Ea	Simakov2022BCnS_genefamily_1333	Simakov2022BCnS_genefamily_6460	Simakov2022BCnS_genefamily_1333|Simakov2022BCnS_genefamily_6460	10553.944444444443	10242.8985571795	32781857.21857924	45256857.47037886	0.8571428571428571	0.1577586206896551	-6.6816580793364775	1	116.0	12		neither	1.0652430275315112	2	1	1	1	False	bin_intermediate	
Clitellata	42113	intermediate	MAN1B1/SNX12	MAN1B1	SNX12	M	K	Simakov2022BCnS_genefamily_152	Simakov2022BCnS_genefamily_7110	Simakov2022BCnS_genefamily_152|Simakov2022BCnS_genefamily_7110	12723.05	13961.418393952616	24564498.791770574	34026546.70112599	0.9523809523809524	0.1382758620689655	-5.978340383389948	1	51.0	7		cnidaria_only	0.9426478535410957	1	1	3	1	False	bin_intermediate	
Clitellata	42113	intermediate	KIF19/KIF18A	KIF19	KIF18A	H	O1	Simakov2022BCnS_genefamily_3232	Simakov2022BCnS_genefamily_7573	Simakov2022BCnS_genefamily_3232|Simakov2022BCnS_genefamily_7573	21176.33333333333	35992.17294723315	7193262.347202295	26565216.344095305	0.8571428571428571	0.1201724137931034	-4.566160986695029	1	99.0	39		shared	1.0515201907802978	1	1	1	1	False	bin_intermediate	
Clitellata	42113	intermediate	EEF2/GUF1	EEF2	GUF1	C1	F	Simakov2022BCnS_genefamily_1011	Simakov2022BCnS_genefamily_340	Simakov2022BCnS_genefamily_1011|Simakov2022BCnS_genefamily_340	22302.5625	51303.81717146892	63762565.66548043	131861887.1014294	0.7619047619047619	0.0484482758620689	-6.041169923108594	1	174.0	33		cnidaria_only	1.1575820620744917	1	1	2	1	False	bin_intermediate	
Clitellata	42113	intermediate	CYBB/CUL3	CYBB	CUL3	K	N	Simakov2022BCnS_genefamily_12555	Simakov2022BCnS_genefamily_1507	Simakov2022BCnS_genefamily_12555|Simakov2022BCnS_genefamily_1507	40560.2	39598.9992498292	70380551.78125	85514609.9954976	0.9523809523809524	0.0441379310344827	-5.835342407609975	1	184.0	23		neither	1.4237586758586132	1	1	1	1	False	bin_intermediate	
Clitellata	42113	long_range	FGD6/SMAP1	FGD6	SMAP1	Ea	J2	Simakov2022BCnS_genefamily_12548	Simakov2022BCnS_genefamily_4302	Simakov2022BCnS_genefamily_12548|Simakov2022BCnS_genefamily_4302	102994.5625	53368.9442324307	51329707.339779004	56052609.10230637	0.7619047619047619	0.0624137931034482	-4.983191985377222	1	27.0	12		cnidaria_only	1.718549822996484	0	0	1	1	False	bin_long_range	
Clitellata	42113	long_range	FGD6/GPT2	FGD6	GPT2	Ea	D	Simakov2022BCnS_genefamily_12548	Simakov2022BCnS_genefamily_6959	Simakov2022BCnS_genefamily_12548|Simakov2022BCnS_genefamily_6959	115464.35294117648	102432.80079322362	41011579.1980198	98417089.8859845	0.8095238095238095	0.0348275862068965	-4.877912721504494	1	39.0	12		neither	1.8718624684153806	0	0	2	2	False	bin_long_range	
Clitellata	42113	long_range	HS6ST3/SNX17	HS6ST3	SNX17	N	J1	Simakov2022BCnS_genefamily_3077	Simakov2022BCnS_genefamily_4031	Simakov2022BCnS_genefamily_3077|Simakov2022BCnS_genefamily_4031	146981.15	192918.1963736269	49410293.8436019	79748270.58622353	0.9523809523809524	0.0363793103448275	-3.880852650962237	1	43.0	10		shared	1.9050032089525606	1	1	1	1	False	bin_long_range	
Clitellata	42113	long_range	SNX17/PRKD1	SNX17	PRKD1	J1	A1a	Simakov2022BCnS_genefamily_4031	Simakov2022BCnS_genefamily_7106	Simakov2022BCnS_genefamily_4031|Simakov2022BCnS_genefamily_7106	335879.0555555556	369836.3500266702	40540596.88469185	58905108.11571877	0.8571428571428571	0.1734482758620689	-2.7533459293042446	1	86.0	30		nematoda_only	1.6949637603169085	2	1	0	0	False	bin_long_range	
Clitellata	42113	long_range	DERL2/PARP16	DERL2	PARP16	G	C1	Simakov2022BCnS_genefamily_11871	Simakov2022BCnS_genefamily_8270	Simakov2022BCnS_genefamily_11871|Simakov2022BCnS_genefamily_8270	785711.8947368421	966343.9977102042	47927471.84393064	146019507.10571957	0.9047619047619048	0.0298275862068965	-2.691107182586286	1	93.0	21		neither	1.6017139425864455	0	0	1	1	False	bin_long_range	
Clitellata	42113	ultra_long	PSMA7/RNF19A	PSMA7	RNF19A	D	J1	Simakov2022BCnS_genefamily_2587	Simakov2022BCnS_genefamily_6097	Simakov2022BCnS_genefamily_2587|Simakov2022BCnS_genefamily_6097	1198676.6315789474	674920.6680880877	84912838.07883817	88423399.0073608	0.9047619047619048	0.041551724137931	-2.522433207535312	1	50.0	17		cnidaria_only	1.7411499340441554	0	0	1	1	False	bin_ultra_long	
Clitellata	42113	ultra_long	MTMR6/CDC45	MTMR6	CDC45	F	G	Simakov2022BCnS_genefamily_5023	Simakov2022BCnS_genefamily_8012	Simakov2022BCnS_genefamily_5023|Simakov2022BCnS_genefamily_8012	1373060.5	805051.8300584111	72646083.27363184	125464124.51505443	0.9523809523809524	0.0346551724137931	-2.72762849555362	1	37.0	10		shared	1.8620012236111545	1	1	3	3	False	bin_ultra_long	
Clitellata	42113	ultra_long	RDH14/PDZD8	RDH14	PDZD8	A1a	F	Simakov2022BCnS_genefamily_7090	Simakov2022BCnS_genefamily_851	Simakov2022BCnS_genefamily_7090|Simakov2022BCnS_genefamily_851	1780683.25	1027170.4002333676	111845336.33636364	173864230.95457435	0.9523809523809524	0.0379310344827586	-2.825275751134222	1	44.0	13		cnidaria_only	2.054225626861165	0	0	1	1	False	bin_ultra_long	
Clitellata	42113	ultra_long	ZFYVE9/AASS	ZFYVE9	AASS	L	Ea	Simakov2022BCnS_genefamily_11873	Simakov2022BCnS_genefamily_6222	Simakov2022BCnS_genefamily_11873|Simakov2022BCnS_genefamily_6222	2332172.619047619	908915.5092174225	50532189.14596273	118590031.89610033	1.0	0.0555172413793103	-2.5175611772948034	1	83.0	17		shared	2.1928924498514433	0	0	1	1	False	bin_ultra_long	
Clitellata	42113	ultra_long	CAPZB/TBC1D13	CAPZB	TBC1D13	P	M	Simakov2022BCnS_genefamily_10259	Simakov2022BCnS_genefamily_8050	Simakov2022BCnS_genefamily_10259|Simakov2022BCnS_genefamily_8050	3182923.380952381	1946813.7813396808	72974647.92105263	183651410.8443105	1.0	0.0393103448275862	-2.134140265844425	1	48.0	24		cnidaria_only	2.0053628074114886	0	0	1	1	False	bin_ultra_long	
Cnidaria	6073	intermediate	HDDC2/TSC1	HDDC2	TSC1	J1	M	Simakov2022BCnS_genefamily_4588	Simakov2022BCnS_genefamily_9593	Simakov2022BCnS_genefamily_4588|Simakov2022BCnS_genefamily_9593	32037.904761904763	39012.14592743244	47037891.56074766	63985849.562256224	0.5779816513761468	0.0187324929971988	-9.672469877505298	1	86.0	3		nematoda_only	-0.2987034770844046	1	1	1	1	False	bin_intermediate	
Cnidaria	6073	intermediate	DDI2/BBS1	DDI2	BBS1	P	A1a	Simakov2022BCnS_genefamily_12189	Simakov2022BCnS_genefamily_3495	Simakov2022BCnS_genefamily_12189|Simakov2022BCnS_genefamily_3495	78948.24691358025	200761.46105810592	57288108.2866242	79254695.72318564	0.7431192660550459	0.0274859943977591	-7.4435969496684145	1	65.0	8		shared	-0.023296971472655227	0	0	1	1	False	bin_intermediate	
Cnidaria	6073	intermediate	HSPE1/HSPD1	HSPE1	HSPD1	B1	B1	Simakov2022BCnS_genefamily_7660	Simakov2022BCnS_genefamily_8170	Simakov2022BCnS_genefamily_7660|Simakov2022BCnS_genefamily_8170	87991.70873786407	771467.1435025383	4080510.2558139535	16589477.309910065	0.944954128440367	0.5871848739495799	-2.889457148908432	1	58.0	18			0.3220004485570599	9	6	8	6	False	bin_intermediate	
Cnidaria	6073	long_range	AK8/CFAP77	AK8	CFAP77	M	M	Simakov2022BCnS_genefamily_11858	Simakov2022BCnS_genefamily_4203	Simakov2022BCnS_genefamily_11858|Simakov2022BCnS_genefamily_4203	102992.04807692308	596789.6512688954	8304247.978331528	29256940.02283441	0.9541284403669724	0.1615896358543417	-4.179102578639814	1	34.0	9			1.129653154424207	8	5	0	0	False	bin_long_range	
Cnidaria	6073	long_range	DCTD/SHROOM3	DCTD	SHROOM3	F	F	Simakov2022BCnS_genefamily_258	Simakov2022BCnS_genefamily_9995	Simakov2022BCnS_genefamily_258|Simakov2022BCnS_genefamily_9995	144929.56603773584	915633.0336986388	40485184.05555555	58559819.16745663	0.9724770642201837	0.078781512605042	-4.595194749418972	1	33.0	1			0.7966661100479165	3	2	2	1	False	bin_long_range	
Cnidaria	6073	long_range	GIGYF2/BBS1	GIGYF2	BBS1	P	A1a	Simakov2022BCnS_genefamily_10912	Simakov2022BCnS_genefamily_3495	Simakov2022BCnS_genefamily_10912|Simakov2022BCnS_genefamily_3495	226767.1794871795	565403.8012486422	48633098.13533834	105003994.00431438	0.7155963302752294	0.0232843137254901	-6.263477471825875	1	79.0	8		shared	1.0861358082875627	0	0	0	0	False	bin_long_range	
Cnidaria	6073	long_range	IK/DCTD	IK	DCTD	F	F	Simakov2022BCnS_genefamily_12960	Simakov2022BCnS_genefamily_258	Simakov2022BCnS_genefamily_12960|Simakov2022BCnS_genefamily_258	231031.1165048544	940485.5581785382	31565864.615720525	70823426.24515502	0.944954128440367	0.0801820728291316	-4.850846665512619	1	21.0	3			0.8937180641405839	1	1	1	1	False	bin_long_range	
Cnidaria	6073	long_range	AK8/PKN2	AK8	PKN2	M	M	Simakov2022BCnS_genefamily_11858	Simakov2022BCnS_genefamily_12301	Simakov2022BCnS_genefamily_11858|Simakov2022BCnS_genefamily_12301	705969.5882352941	1809658.1710106432	23588234.76688453	69597602.15256	0.9357798165137616	0.0803571428571428	-3.799263832228175	1	84.0	9			1.069502637722145	1	1	5	3	False	bin_long_range	
Cnidaria	6073	ultra_long	NDUFA9/MAP2K1	NDUFA9	MAP2K1	O1	C1	Simakov2022BCnS_genefamily_6828	Simakov2022BCnS_genefamily_6832	Simakov2022BCnS_genefamily_6828|Simakov2022BCnS_genefamily_6832	1223354.2835820897	1377958.597898116	42202219.09796673	76607435.61218913	0.6146788990825688	0.0947128851540616	-4.375948471092415	1	104.0	5		neither	2.2541261834259787	1	1	1	1	False	bin_ultra_long	
Cnidaria	6073	ultra_long	AUP1/SEC22C	AUP1	SEC22C	I	Ea	Simakov2022BCnS_genefamily_11589	Simakov2022BCnS_genefamily_8395	Simakov2022BCnS_genefamily_11589|Simakov2022BCnS_genefamily_8395	1833705.1	3688255.317173708	103292858.1111111	216888330.4436357	0.7339449541284404	0.0015756302521008	-4.463802093396214	1	39.0	5		neither	2.3669896817337794	0	0	0	0	False	bin_ultra_long	
Cnidaria	6073	ultra_long	CYRIB/INTS2	CYRIB	INTS2	J2	G	Simakov2022BCnS_genefamily_10369	Simakov2022BCnS_genefamily_358	Simakov2022BCnS_genefamily_10369|Simakov2022BCnS_genefamily_358	1971323.3846153845	2388022.130325691	72379760.90502793	172342318.8315486	0.5963302752293578	0.0313375350140056	-4.784286649047949	1	60.0	6	58.87889827111221	cnidaria_only	2.4900260817808464	0	0	0	0	False	bin_ultra_long	
Cnidaria	6073	ultra_long	KAT6B/APC	KAT6B	APC	Qd	C2	Simakov2022BCnS_genefamily_11924	Simakov2022BCnS_genefamily_9370	Simakov2022BCnS_genefamily_11924|Simakov2022BCnS_genefamily_9370	7724885.762711864	3554820.088135998	77627661.22695035	196240343.25085264	0.5412844036697247	0.0246848739495798	-4.364907202871329	1	83.0	5	377.5601988878505	cnidaria_only	2.1465741658159683	0	0	0	0	False	bin_ultra_long	
Cnidaria	6073	ultra_long	APC/BAK1	APC	BAK1	C2	O2	Simakov2022BCnS_genefamily_9370	Simakov2022BCnS_genefamily_983	Simakov2022BCnS_genefamily_9370|Simakov2022BCnS_genefamily_983	9162220.448275862	4978809.93932279	103005843.06666666	190710401.9013776	0.5321100917431193	0.0078781512605042	-3.7929617832864	1	72.0	8	335.51932975329265	cnidaria_only	2.1024042399104026	0	0	1	1	False	bin_ultra_long	
Coleoidea	6606	intermediate	DNAAF10/MED6	DNAAF10	MED6	A1a	A1a	Simakov2022BCnS_genefamily_7351	Simakov2022BCnS_genefamily_9565	Simakov2022BCnS_genefamily_7351|Simakov2022BCnS_genefamily_9565	15420.368421052632	5310.334099390185	20227244.837627813	46998568.603454925	0.95	0.421479055335287	-8.761719578715967	1	30.0	6			0.8930001996883702	1	1	4	3	False	bin_intermediate	
Coleoidea	6606	intermediate	RPSA/CPSF4	RPSA	CPSF4	H	H	Simakov2022BCnS_genefamily_2655	Simakov2022BCnS_genefamily_3171	Simakov2022BCnS_genefamily_2655|Simakov2022BCnS_genefamily_3171	26280.166666666668	11873.228817211842	18279668.141824752	37234278.07470665	0.9	0.1908291673849336	-7.643030827258535	1	86.0	22			1.1178035094168637	0	0	0	0	False	bin_intermediate	
Coleoidea	6606	intermediate	PSMD1/RPL9	PSMD1	RPL9	N	F	Simakov2022BCnS_genefamily_2004	Simakov2022BCnS_genefamily_9747	Simakov2022BCnS_genefamily_2004|Simakov2022BCnS_genefamily_9747	27264.75	11156.654515583235	40772724.61780105	63240296.62179581	1.0	0.0329253576969488	-8.28130474951409	1	130.0	14		cnidaria_only	1.3435690900411892	0	0	1	1	False	bin_intermediate	
Coleoidea	6606	intermediate	IQUB/BABAM2	IQUB	BABAM2	Eb	A1a	Simakov2022BCnS_genefamily_12951	Simakov2022BCnS_genefamily_9761	Simakov2022BCnS_genefamily_12951|Simakov2022BCnS_genefamily_9761	40882.15	17095.44859804061	46405184.6119403	66846307.72662471	1.0	0.0115497328046888	-7.880932746725406	1	157.0	6		shared	0.9044902768716564	0	0	0	0	False	bin_intermediate	
Coleoidea	6606	intermediate	MSH6/RNF8	MSH6	RNF8	J1	A1a	Simakov2022BCnS_genefamily_3029	Simakov2022BCnS_genefamily_469	Simakov2022BCnS_genefamily_3029|Simakov2022BCnS_genefamily_469	63635.7	34854.842549015724	48225833.37469587	122242208.0021116	1.0	0.070849853473539	-7.763651543025688	1	175.0	31		nematoda_only	1.9435319787323713	4	4	2	1	False	bin_intermediate	
Coleoidea	6606	long_range	PLK4/HMGCR	PLK4	HMGCR	F	C1	Simakov2022BCnS_genefamily_134	Simakov2022BCnS_genefamily_8879	Simakov2022BCnS_genefamily_134|Simakov2022BCnS_genefamily_8879	101054.52631578948	42774.83395562241	108229434.23766816	214182827.4490361	0.95	0.0384416479917255	-8.147576132252885	1	65.0	6		cnidaria_only	1.7082221924965442	2	2	0	0	False	bin_long_range	
Coleoidea	6606	long_range	VPS28/RAB3C	VPS28	RAB3C	J2	L	Simakov2022BCnS_genefamily_2772	Simakov2022BCnS_genefamily_8989	Simakov2022BCnS_genefamily_2772|Simakov2022BCnS_genefamily_8989	102236.35	41612.8082295664	35741283.01419214	75037988.54512152	1.0	0.1579038096879848	-7.04638198964979	1	32.0	4		cnidaria_only	1.2935029766922974	1	1	3	1	False	bin_long_range	
Coleoidea	6606	long_range	RNF26/CEP290	RNF26	CEP290	M	O2	Simakov2022BCnS_genefamily_5583	Simakov2022BCnS_genefamily_608	Simakov2022BCnS_genefamily_5583|Simakov2022BCnS_genefamily_608	105847.94736842104	80414.22386859963	89305326.08064516	154640200.25399148	0.95	0.0213756248922599	-7.1157378902890125	1	49.0	6		cnidaria_only	1.388607076088639	0	0	0	0	False	bin_long_range	
Coleoidea	6606	long_range	DICER1/RPL9	DICER1	RPL9	A1a	F	Simakov2022BCnS_genefamily_1517	Simakov2022BCnS_genefamily_9747	Simakov2022BCnS_genefamily_1517|Simakov2022BCnS_genefamily_9747	154886.25	63462.45441950944	55671930.69117648	77898761.34238797	1.0	0.0468884675056024	-6.631666080468161	1	112.0	11		cnidaria_only	1.9737315152723993	0	0	1	1	False	bin_long_range	
Coleoidea	6606	long_range	UPF1/USP34	UPF1	USP34	C1	A1a	Simakov2022BCnS_genefamily_5858	Simakov2022BCnS_genefamily_9935	Simakov2022BCnS_genefamily_5858|Simakov2022BCnS_genefamily_9935	193369.5555555556	59439.92037775588	74270480.31428571	134000770.06998378	0.9	0.0362006550594725	-7.287144244827983	1	79.0	12		neither	1.8707398680880618	0	0	1	1	False	bin_long_range	
Coleoidea	6606	ultra_long	TET3/ZMIZ1	TET3	ZMIZ1	Qa	Qd	Simakov2022BCnS_genefamily_4676	Simakov2022BCnS_genefamily_5047	Simakov2022BCnS_genefamily_4676|Simakov2022BCnS_genefamily_5047	1006815.55	263690.62900259014	24397844.556231003	56966902.61863927	1.0	0.2268574383726943	-4.758483776067438	1	6.0	0		shared	1.4121569675391852	0	0	3	1	False	bin_ultra_long	
Coleoidea	6606	ultra_long	USP5/PXN	USP5	PXN	P	G	Simakov2022BCnS_genefamily_3433	Simakov2022BCnS_genefamily_661	Simakov2022BCnS_genefamily_3433|Simakov2022BCnS_genefamily_661	1017353.5555555556	596910.6911813893	37975084.144766144	63684794.05331277	0.9	0.0774004481985864	-3.9977724122903786	1	12.0	6		cnidaria_only	1.4653142869096978	2	1	2	1	False	bin_ultra_long	
Coleoidea	6606	ultra_long	ARHGAP32/ATP6V1A	ARHGAP32	ATP6V1A	A2	A2	Simakov2022BCnS_genefamily_10174	Simakov2022BCnS_genefamily_10367	Simakov2022BCnS_genefamily_10174|Simakov2022BCnS_genefamily_10367	1095351.7894736845	621332.9506207414	30030512.80221812	47922103.00996263	0.95	0.1865195655921392	-3.6479191462681686	1	12.0	6			1.476849272047757	0	0	2	1	False	bin_ultra_long	
Coleoidea	6606	ultra_long	EXOSC9/LARP1	EXOSC9	LARP1	F	F	Simakov2022BCnS_genefamily_8364	Simakov2022BCnS_genefamily_8462	Simakov2022BCnS_genefamily_8364|Simakov2022BCnS_genefamily_8462	1166648.9	604812.5116766719	28127633.0	51076937.799185045	1.0	0.1422168591622134	-3.745720230064706	1	12.0	6			1.6516963326174765	2	2	1	1	False	bin_ultra_long	
Coleoidea	6606	ultra_long	DDI2/RPS21	DDI2	RPS21	P	J2	Simakov2022BCnS_genefamily_12189	Simakov2022BCnS_genefamily_4759	Simakov2022BCnS_genefamily_12189|Simakov2022BCnS_genefamily_4759	1678204.2142857143	277413.9827909118	47815305.25961538	92462433.82238317	0.7	0.0358558869160489	-5.226003794162312	1	12.0	6		cnidaria_only	1.3567242979885676	0	0	2	2	False	bin_ultra_long	
Ctenophora	10197	close	CAPN5/CAPN3	CAPN5	CAPN3	N	A1a	Simakov2022BCnS_genefamily_6746	Simakov2022BCnS_genefamily_7695	Simakov2022BCnS_genefamily_6746|Simakov2022BCnS_genefamily_7695	8.0	4.464101615137754	2765792.8398309066	20694466.19448596	0.6	0.3660591471801925	-14.585029701084473	1	344.0	64		nematoda_only	0.6960407281601475	1	1	4	4	False	bin_close	
Ctenophora	10197	close	ARHGAP44/POLR2I	ARHGAP44	POLR2I	H	A1a	Simakov2022BCnS_genefamily_1673	Simakov2022BCnS_genefamily_5178	Simakov2022BCnS_genefamily_1673|Simakov2022BCnS_genefamily_5178	82.0	58.15767664977295	11358204.973967684	32054050.2526465	0.6	0.1915405777166437	-12.06907923878654	1	209.0	7		cnidaria_only	-0.15966735530331058	1	1	4	2	False	bin_close	
Ctenophora	10197	close	PHF8/KDM2B	PHF8	KDM2B	Ea	G	Simakov2022BCnS_genefamily_12633	Simakov2022BCnS_genefamily_8890	Simakov2022BCnS_genefamily_12633|Simakov2022BCnS_genefamily_8890	191.0	319.69734859267345	11113057.529574862	60488944.24996804	0.6	0.186038514442916	-10.80588967524264	1	328.0	141		shared	0.13284644325965925	1	1	2	1	False	bin_close	
Ctenophora	10197	close	OSBPL8/OSBPL9	OSBPL8	OSBPL9	O1	L	Simakov2022BCnS_genefamily_7833	Simakov2022BCnS_genefamily_8832	Simakov2022BCnS_genefamily_7833|Simakov2022BCnS_genefamily_8832	206.66666666666663	155.72987214281972	15326419.89117043	65544960.95413464	0.6	0.0837345254470426	-11.75049680890845	1	338.0	119		shared	0.26520222920156833	0	0	0	0	False	bin_close	
Ctenophora	10197	close	ARL13B/SAR1A	ARL13B	SAR1A	K	Qb	Simakov2022BCnS_genefamily_2451	Simakov2022BCnS_genefamily_6122	Simakov2022BCnS_genefamily_2451|Simakov2022BCnS_genefamily_6122	305.0	240.89372647070203	18960227.74516129	79688723.20288531	0.6	0.1066024759284731	-11.465953382810651	1	426.0	85		cnidaria_only	0.10218916699852582	1	1	3	1	False	bin_close	
Ctenophora	10197	intermediate	IFT81/RPL9	IFT81	RPL9	N	F	Simakov2022BCnS_genefamily_10311	Simakov2022BCnS_genefamily_9747	Simakov2022BCnS_genefamily_10311|Simakov2022BCnS_genefamily_9747	10485.6	9948.3882401362	67345407.25886525	160572629.53761664	1.0	0.0484869325997249	-7.897727946229131	1	488.0	28		cnidaria_only	1.3790291534034367	2	2	1	1	False	bin_intermediate	
Ctenophora	10197	intermediate	TBCA/SEPSECS	TBCA	SEPSECS	C1	I	Simakov2022BCnS_genefamily_2510	Simakov2022BCnS_genefamily_7467	Simakov2022BCnS_genefamily_2510|Simakov2022BCnS_genefamily_7467	12252.8	5031.589498259625	55970906.532231405	128705251.33064482	1.0	0.1040233837689133	-8.441733388263646	1	192.0	17		neither	1.2753548326848705	1	1	4	2	False	bin_intermediate	
Ctenophora	10197	intermediate	UPF2/PRPF19	UPF2	PRPF19	Ea	G	Simakov2022BCnS_genefamily_6721	Simakov2022BCnS_genefamily_8930	Simakov2022BCnS_genefamily_6721|Simakov2022BCnS_genefamily_8930	12995.8	9389.7347230604	57919761.17766497	92872531.07869709	1.0	0.0338720770288858	-7.319139188997773	1	224.0	32		shared	1.1584455626889654	0	0	0	0	False	bin_intermediate	
Ctenophora	10197	intermediate	SKIC2/PXK	SKIC2	PXK	M	Ea	Simakov2022BCnS_genefamily_9625	Simakov2022BCnS_genefamily_982	Simakov2022BCnS_genefamily_9625|Simakov2022BCnS_genefamily_982	20968.6	19695.030740303013	35326935.848684214	50009447.08152182	1.0	0.0784044016506189	-5.712635479341382	1	224.0	70		shared	1.0891540566013702	1	1	1	1	False	bin_intermediate	
Ctenophora	10197	intermediate	RPS7/FBL	RPS7	FBL	J2	A2	Simakov2022BCnS_genefamily_1122	Simakov2022BCnS_genefamily_9815	Simakov2022BCnS_genefamily_1122|Simakov2022BCnS_genefamily_9815	22006.6	41988.77888028849	43627291.51302084	97988654.9460447	1.0	0.0660247592847317	-5.612924937661047	1	504.0	150		neither	1.7803692262657789	0	0	3	2	False	bin_intermediate	
Ctenophora	10197	long_range	BBS1/KRR1	BBS1	KRR1	A1a	O1	Simakov2022BCnS_genefamily_3495	Simakov2022BCnS_genefamily_611	Simakov2022BCnS_genefamily_3495|Simakov2022BCnS_genefamily_611	154584.0	89555.43155980612	76641788.67878787	113018427.1139218	1.0	0.0283700137551581	-4.886617165283304	1	231.0	14		nematoda_only	1.86380973238434	1	1	1	1	False	bin_long_range	
Ctenophora	10197	long_range	PSMA7/CDC45	PSMA7	CDC45	D	G	Simakov2022BCnS_genefamily_2587	Simakov2022BCnS_genefamily_8012	Simakov2022BCnS_genefamily_2587|Simakov2022BCnS_genefamily_8012	250731.0	164462.2164250283	32061076.229970325	45333850.00131896	1.0	0.1158872077028885	-3.089243642408606	1	267.0	46		shared	1.7411161790433516	0	0	2	1	False	bin_long_range	
Ctenophora	10197	long_range	DPM1/CDC45	DPM1	CDC45	D	G	Simakov2022BCnS_genefamily_6056	Simakov2022BCnS_genefamily_8012	Simakov2022BCnS_genefamily_6056|Simakov2022BCnS_genefamily_8012	254837.8	138720.8754277843	52735650.15075377	78366684.74516298	1.0	0.0342159559834938	-3.9370119356301214	1	98.0	17		shared	1.441918331047666	0	0	0	0	False	bin_long_range	
Ctenophora	10197	long_range	RPL35/MTREX	RPL35	MTREX	M	L	Simakov2022BCnS_genefamily_5455	Simakov2022BCnS_genefamily_9919	Simakov2022BCnS_genefamily_5455|Simakov2022BCnS_genefamily_9919	644725.0	458441.6704051245	68054870.33484162	136919365.52173334	1.0	0.0379986244841815	-3.1839798947673974	1	336.0	41		cnidaria_only	1.7578573601625755	0	0	1	1	False	bin_long_range	
Ctenophora	10197	long_range	TSNAX/CUL1	TSNAX	CUL1	A1a	B2	Simakov2022BCnS_genefamily_1618	Simakov2022BCnS_genefamily_3956	Simakov2022BCnS_genefamily_1618|Simakov2022BCnS_genefamily_3956	682427.0	49958.70422067051	40983380.17032967	95516564.8129375	0.6	0.0312929848693259	-5.377405867919381	1	197.0	51		neither	1.4161887536673237	0	0	2	2	False	bin_long_range	
Ctenophora	10197	ultra_long	FKBP15/DNMBP	FKBP15	DNMBP	M	R	Simakov2022BCnS_genefamily_3616	Simakov2022BCnS_genefamily_7970	Simakov2022BCnS_genefamily_3616|Simakov2022BCnS_genefamily_7970	1785819.6	197138.4835420697	70395269.26484019	131671011.67750388	1.0	0.0376547455295735	-4.134864517418532	1	49.0	10		cnidaria_only	1.6312061174635297	0	0	1	1	False	bin_ultra_long	
Ctenophora	10197	ultra_long	MYO7A/ZNF622	MYO7A	ZNF622	N	B1	Simakov2022BCnS_genefamily_3992	Simakov2022BCnS_genefamily_5158	Simakov2022BCnS_genefamily_3992|Simakov2022BCnS_genefamily_5158	2354126.6666666665	35029.649621902136	64980791.00689656	94415126.157977	0.6	0.0249312242090784	-5.783122230045987	1	225.0	26		cnidaria_only	1.687577604317162	0	0	1	1	False	bin_ultra_long	
Ctenophora	10197	ultra_long	TSNAX/CLUH	TSNAX	CLUH	A1a	G	Simakov2022BCnS_genefamily_1618	Simakov2022BCnS_genefamily_6757	Simakov2022BCnS_genefamily_1618|Simakov2022BCnS_genefamily_6757	3050156.333333333	25917.199457714305	86459934.01104972	131000028.61891876	0.6	0.031121045392022	-6.526003552676111	1	111.0	10		cnidaria_only	1.6989362990944854	0	0	0	0	False	bin_ultra_long	
Ctenophora	10197	ultra_long	RPS7/DUSP10	RPS7	DUSP10	J2	A1b	Simakov2022BCnS_genefamily_1122	Simakov2022BCnS_genefamily_2060	Simakov2022BCnS_genefamily_1122|Simakov2022BCnS_genefamily_2060	3718923.3333333335	129092.97049519398	46146232.99679693	99799308.25867532	0.6	0.2683975240715268	-4.307626996435126	1	421.0	67		cnidaria_only	1.803430539649678	4	4	0	0	False	bin_ultra_long	
Ctenophora	10197	ultra_long	RPL5/LTN1	RPL5	LTN1	M	K	Simakov2022BCnS_genefamily_789	Simakov2022BCnS_genefamily_8659	Simakov2022BCnS_genefamily_789|Simakov2022BCnS_genefamily_8659	4501974.8	892613.598214477	65804210.65543071	122907870.47578058	1.0	0.045907840440165	-2.2692042140856463	1	718.0	48		cnidaria_only	1.818603867723633	0	0	2	2	False	bin_ultra_long	
Decapodiformes	215450	intermediate	RPSA/CPSF4	RPSA	CPSF4	H	H	Simakov2022BCnS_genefamily_2655	Simakov2022BCnS_genefamily_3171	Simakov2022BCnS_genefamily_2655|Simakov2022BCnS_genefamily_3171	30032.153846153848	10925.19326423507	18197549.69244604	37170504.70587647	0.9285714285714286	0.1914930256586877	-6.651657601891384	1	71.0	15			1.2037929944182428	0	0	0	0	False	bin_intermediate	
Decapodiformes	215450	intermediate	PSMD1/RPL9	PSMD1	RPL9	N	F	Simakov2022BCnS_genefamily_2004	Simakov2022BCnS_genefamily_9747	Simakov2022BCnS_genefamily_2004|Simakov2022BCnS_genefamily_9747	31231.35714285714	5859.356642860277	39531464.25380711	62659422.45302899	1.0	0.0339245737902531	-7.746091363937453	1	174.0	3		cnidaria_only	1.246166666480544	0	0	1	1	False	bin_intermediate	
Decapodiformes	215450	intermediate	GOT2/LSM14A	GOT2	LSM14A	D	D	Simakov2022BCnS_genefamily_1041	Simakov2022BCnS_genefamily_2806	Simakov2022BCnS_genefamily_1041|Simakov2022BCnS_genefamily_2806	48420.857142857145	13233.69003326547	22470801.07302118	48757298.30718271	1.0	0.3089374892371276	-6.727769884138589	1	75.0	12			1.2638213514360899	4	4	1	1	False	bin_intermediate	
Decapodiformes	215450	intermediate	MSH6/RNF8	MSH6	RNF8	J1	A1a	Simakov2022BCnS_genefamily_3029	Simakov2022BCnS_genefamily_469	Simakov2022BCnS_genefamily_3029|Simakov2022BCnS_genefamily_469	71500.07142857143	34585.66513325118	47532588.08153477	121493335.64429988	1.0	0.0718098846220079	-6.682215301210937	1	133.0	21		nematoda_only	1.9039258638542245	4	4	2	1	False	bin_intermediate	
Decapodiformes	215450	intermediate	TNPO1/MPHOSPH10	TNPO1	MPHOSPH10	L	C1	Simakov2022BCnS_genefamily_4763	Simakov2022BCnS_genefamily_9486	Simakov2022BCnS_genefamily_4763|Simakov2022BCnS_genefamily_9486	78582.85714285714	13843.178007019758	37441008.46946565	57755012.44209228	1.0	0.0451179610814534	-6.846583876480898	1	56.0	15		shared	1.4828255436513962	0	0	1	1	False	bin_intermediate	
Decapodiformes	215450	long_range	EIF3L/NOL11	EIF3L	NOL11	H	H	Simakov2022BCnS_genefamily_3025	Simakov2022BCnS_genefamily_5483	Simakov2022BCnS_genefamily_3025|Simakov2022BCnS_genefamily_5483	134846.0	86535.96331252472	41208026.042402826	101424102.78733572	0.9285714285714286	0.0487342862063027	-5.63323268293504	1	25.0	8			1.8934567468444066	0	0	5	3	False	bin_long_range	
Decapodiformes	215450	long_range	SMG1/NOL11	SMG1	NOL11	H	H	Simakov2022BCnS_genefamily_11812	Simakov2022BCnS_genefamily_5483	Simakov2022BCnS_genefamily_11812|Simakov2022BCnS_genefamily_5483	153906.3076923077	91008.31137055656	38975878.89958159	137348972.70506185	0.9285714285714286	0.0411572240399517	-5.874842192493689	1	28.0	10			2.3340251926954405	1	1	4	4	False	bin_long_range	
Decapodiformes	215450	long_range	DICER1/RPL9	DICER1	RPL9	A1a	F	Simakov2022BCnS_genefamily_1517	Simakov2022BCnS_genefamily_9747	Simakov2022BCnS_genefamily_1517|Simakov2022BCnS_genefamily_9747	185570.7142857143	44044.42325727848	54472175.8381295	77474282.35385296	1.0	0.0478732564146719	-6.02122143724533	1	87.0	10		cnidaria_only	2.775617990724597	0	0	1	1	False	bin_long_range	
Decapodiformes	215450	long_range	ETF1/CRNKL1	ETF1	CRNKL1	I	A1b	Simakov2022BCnS_genefamily_12027	Simakov2022BCnS_genefamily_7648	Simakov2022BCnS_genefamily_12027|Simakov2022BCnS_genefamily_7648	247239.7857142857	42968.9970589536	45400032.71757322	73119077.24575388	1.0	0.0823144480799035	-5.989554366590539	1	27.0	8		neither	2.2403375565732846	0	0	2	2	False	bin_long_range	
Decapodiformes	215450	long_range	SMG1/EIF3L	SMG1	EIF3L	H	H	Simakov2022BCnS_genefamily_11812	Simakov2022BCnS_genefamily_3025	Simakov2022BCnS_genefamily_11812|Simakov2022BCnS_genefamily_3025	270299.4285714286	147400.74045834277	20562938.466795	39679924.88514447	1.0	0.3578439814017565	-4.227420866068969	1	33.0	8			1.6932515222350812	0	0	2	2	False	bin_long_range	
Decapodiformes	215450	ultra_long	COPS5/RSF1	COPS5	RSF1	J2	N	Simakov2022BCnS_genefamily_3004	Simakov2022BCnS_genefamily_4401	Simakov2022BCnS_genefamily_3004|Simakov2022BCnS_genefamily_4401	1029549.0	332516.2082664213	49265981.00389105	93250419.65809871	1.0	0.0442569312898226	-4.266515900654324	1	6.0	1		neither	1.966237152623005	1	1	2	2	False	bin_ultra_long	
Decapodiformes	215450	ultra_long	MCM3/RPS8	MCM3	RPS8	J1	J1	Simakov2022BCnS_genefamily_4719	Simakov2022BCnS_genefamily_9091	Simakov2022BCnS_genefamily_4719|Simakov2022BCnS_genefamily_9091	1054820.2142857143	2277953.864375994	34842863.40944882	66399907.17744652	1.0	0.1530910969519545	-2.102995021475848	1	48.0	2			2.0389961737241724	0	0	2	1	False	bin_ultra_long	
Decapodiformes	215450	ultra_long	RAD21/RPS8	RAD21	RPS8	J1	J1	Simakov2022BCnS_genefamily_6669	Simakov2022BCnS_genefamily_9091	Simakov2022BCnS_genefamily_6669|Simakov2022BCnS_genefamily_9091	1145839.2142857143	2225597.6464205706	36181115.13440197	64257829.17637532	1.0	0.1396590322025142	-2.093878203886652	1	57.0	2			2.0651349968543338	1	1	2	2	False	bin_ultra_long	
Decapodiformes	215450	ultra_long	PHF8/RAD21	PHF8	RAD21	Ea	J1	Simakov2022BCnS_genefamily_12633	Simakov2022BCnS_genefamily_6669	Simakov2022BCnS_genefamily_12633|Simakov2022BCnS_genefamily_6669	1187181.9285714286	2230793.6428315	60266855.80901857	100811785.75342056	1.0	0.0649216462889616	-2.522026179771773	1	34.0	2		shared	2.1855328404519323	0	0	0	0	False	bin_ultra_long	
Decapodiformes	215450	ultra_long	ZNF729/BABAM2	ZNF729	BABAM2	A1a	A1a	Simakov2022BCnS_genefamily_8341	Simakov2022BCnS_genefamily_9761	Simakov2022BCnS_genefamily_8341|Simakov2022BCnS_genefamily_9761	1886874.5	3668498.66627566	40203717.19188768	103692209.1594526	1.0	0.1103840192870673	-2.073586415864266	1	108.0	2			2.2277601525300184	0	0	0	0	False	bin_ultra_long	
Deuterostomia	33511	intermediate	POLG/FANCI	POLG	FANCI	C1	I	Simakov2022BCnS_genefamily_1612	Simakov2022BCnS_genefamily_8303	Simakov2022BCnS_genefamily_1612|Simakov2022BCnS_genefamily_8303	40311.48838383838	154401.29265790677	33761443.98373984	28700211.82932181	0.8991825613079019	0.0339872893064382	-6.67897036271714	1	253.0	9		neither	0.681203688305134	9	6	1	1	False	bin_intermediate	
Deuterostomia	33511	intermediate	ATP6V1D/EIF2S1	ATP6V1D	EIF2S1	A1a	J2	Simakov2022BCnS_genefamily_1312	Simakov2022BCnS_genefamily_3869	Simakov2022BCnS_genefamily_1312|Simakov2022BCnS_genefamily_3869	49989.68916797488	931923.3697982949	29350652.643705465	52896422.12320059	0.8678474114441417	0.1163304780326057	-5.002791296318505	1	370.0	31	5.378274259448165	neither	0.4429231694733462	8	5	1	1	False	bin_intermediate	
Deuterostomia	33511	intermediate	CFAP184/TADA2B	CFAP184	TADA2B	H	A1a	Simakov2022BCnS_genefamily_12137	Simakov2022BCnS_genefamily_7505	Simakov2022BCnS_genefamily_12137|Simakov2022BCnS_genefamily_7505	58735.3255644574	679004.3970522896	20926987.8	30770208.38284005	0.6235240690281563	0.0400663166620613	-4.684634460255976	1	161.0	9		cnidaria_only	-1.1034407340741292	9	6	1	1	False	bin_intermediate	
Deuterostomia	33511	intermediate	RPS7/RNASEH1	RPS7	RNASEH1	J2	J2	Simakov2022BCnS_genefamily_1122	Simakov2022BCnS_genefamily_12149	Simakov2022BCnS_genefamily_1122|Simakov2022BCnS_genefamily_12149	88324.40295857989	1039428.788512374	15558199.011363637	43510968.82036911	0.7674841053587648	0.1458966565349544	-4.572537916499696	1	361.0	45			-0.02068612370435127	8	5	2	2	False	bin_intermediate	
Deuterostomia	33511	long_range	FBXO11/MSH6	FBXO11	MSH6	A1b	J1	Simakov2022BCnS_genefamily_2021	Simakov2022BCnS_genefamily_3029	Simakov2022BCnS_genefamily_2021|Simakov2022BCnS_genefamily_3029	168311.65181631254	1420366.7684722205	33638974.85462555	64762038.34882235	0.6625794732061762	0.0627245095330201	-4.69329586036518	1	639.0	56		shared	1.3501497992903746	8	5	1	1	False	bin_long_range	
Deuterostomia	33511	long_range	NOP2/EMG1	NOP2	EMG1	P	G	Simakov2022BCnS_genefamily_3270	Simakov2022BCnS_genefamily_6227	Simakov2022BCnS_genefamily_3270|Simakov2022BCnS_genefamily_6227	511487.2798582996	3529009.058891556	45684697.3	134154887.25364846	0.8973660308810173	0.0414479137883393	-4.436376816749366	1	399.0	151		cnidaria_only	3.014470653998846	8	5	0	0	False	bin_long_range	
Deuterostomia	33511	long_range	FBXO11/MSH2	FBXO11	MSH2	A1b	K	Simakov2022BCnS_genefamily_2021	Simakov2022BCnS_genefamily_7145	Simakov2022BCnS_genefamily_2021|Simakov2022BCnS_genefamily_7145	599583.8832574032	3445972.0957163465	53093161.4	78738680.49119006	0.7974568574023615	0.0386847195357833	-3.717095368593384	1	543.0	29	134.35643752514488	cnidaria_only	1.3121821239987497	9	6	1	1	False	bin_long_range	
Deuterostomia	33511	long_range	EIF3M/CSTF3	EIF3M	CSTF3	O1	O2	Simakov2022BCnS_genefamily_5499	Simakov2022BCnS_genefamily_9149	Simakov2022BCnS_genefamily_5499|Simakov2022BCnS_genefamily_9149	612536.960411311	2469574.1340265265	58875112.78443114	80933639.18126152	0.8832879200726612	0.0461453440176844	-4.226697564891757	1	277.0	6	39.37274995100211	shared	1.090300197370549	9	6	1	1	False	bin_long_range	
Deuterostomia	33511	long_range	MAP3K20/HAT1	MAP3K20	HAT1	B1	B2	Simakov2022BCnS_genefamily_1836	Simakov2022BCnS_genefamily_3560	Simakov2022BCnS_genefamily_1836|Simakov2022BCnS_genefamily_3560	762094.8966597078	1048586.2723877877	31259943.624535315	98181275.5825326	0.8701180744777475	0.0743299253937551	-5.710038131906747	1	249.0	7	12.274722419415427	shared	1.5473586079680695	7	5	2	1	False	bin_long_range	
Deuterostomia	33511	ultra_long	HERC4/SIRT1	HERC4	SIRT1	Qa	Qd	Simakov2022BCnS_genefamily_12707	Simakov2022BCnS_genefamily_3646	Simakov2022BCnS_genefamily_12707|Simakov2022BCnS_genefamily_3646	1177152.625443487	5587642.944000305	49931723.867052026	123111539.00339544	0.8960036330608537	0.143409781707654	-3.6656692443764927	1	275.0	4	5.379383569926027	shared	1.8312679282881046	8	5	0	0	False	bin_ultra_long	
Deuterostomia	33511	ultra_long	MSH6/MSH2	MSH6	MSH2	J1	K	Simakov2022BCnS_genefamily_3029	Simakov2022BCnS_genefamily_7145	Simakov2022BCnS_genefamily_3029|Simakov2022BCnS_genefamily_7145	1241333.9443099273	4673576.660063629	30631306.636065573	49910517.57898039	0.5626702997275205	0.0842774247029566	-2.6423453599867828	1	940.0	391		cnidaria_only	4.908772977534408	8	5	1	1	False	bin_ultra_long	
Deuterostomia	33511	ultra_long	HAT1/UBR3	HAT1	UBR3	B2	B1	Simakov2022BCnS_genefamily_3560	Simakov2022BCnS_genefamily_9307	Simakov2022BCnS_genefamily_3560|Simakov2022BCnS_genefamily_9307	1375148.862210797	4157698.412983356	26791727.859375	104521211.33205852	0.8832879200726612	0.0530533296490743	-3.852035703465876	1	188.0	0	12.274722419415427	shared	1.832419904280313	8	6	0	0	False	bin_ultra_long	
Deuterostomia	33511	ultra_long	SNUPN/MPI	SNUPN	MPI	C1	N	Simakov2022BCnS_genefamily_3638	Simakov2022BCnS_genefamily_8898	Simakov2022BCnS_genefamily_3638|Simakov2022BCnS_genefamily_8898	2489218.6337299533	10054582.51010144	110432512.50847456	306468050.5218513	0.8778383287920073	0.0163028460900801	-4.124257495592502	1	50.0	4		neither	1.9189356704462033	8	5	0	0	False	bin_ultra_long	
Deuterostomia	33511	ultra_long	ACOX3/TADA2B	ACOX3	TADA2B	G	A1a	Simakov2022BCnS_genefamily_5361	Simakov2022BCnS_genefamily_7505	Simakov2022BCnS_genefamily_5361|Simakov2022BCnS_genefamily_7505	4021833.119800333	6573527.714647483	88635900.40449437	164041079.06859344	0.8188010899182562	0.0245924288477479	-3.8416330946577455	1	134.0	0		cnidaria_only	1.5489714450208216	9	6	1	1	False	bin_ultra_long	
Diptera	7147	intermediate	ZDHHC1/DUS1L	ZDHHC1	DUS1L	D	H	Simakov2022BCnS_genefamily_10203	Simakov2022BCnS_genefamily_4108	Simakov2022BCnS_genefamily_10203|Simakov2022BCnS_genefamily_4108	77855.6048879837	360076.5084292776	2170459.3763183127	23686247.40410993	0.8450946643717728	0.3980916030534351	-5.793107289912069	1	89.0	3		cnidaria_only	0.0	0	0	9	6	False	bin_intermediate	
Diptera	7147	long_range	YJU2B/MARS1	YJU2B	MARS1	L	B2	Simakov2022BCnS_genefamily_11502	Simakov2022BCnS_genefamily_250	Simakov2022BCnS_genefamily_11502|Simakov2022BCnS_genefamily_250	220231.00731261427	1206076.8335520497	34402130.19130435	77571877.16326986	0.9414802065404476	0.0438931297709923	-5.756883900050515	1	162.0	0		cnidaria_only	0.910566836327877	0	0	3	1	False	bin_long_range	
Diptera	7147	long_range	UBE2V2/CYC1	UBE2V2	CYC1	D	D	Simakov2022BCnS_genefamily_12802	Simakov2022BCnS_genefamily_8932	Simakov2022BCnS_genefamily_12802|Simakov2022BCnS_genefamily_8932	334249.5355871886	2415848.654548086	20286081.341353383	47715614.28992531	0.9672977624784854	0.6345419847328244	-3.8562649586279303	1	113.0	18			0.622935053631938	3	2	7	4	False	bin_long_range	
Diptera	7147	long_range	TMEM64/XP_005248394.1	TMEM64	XP_005248394.1	D	D	Simakov2022BCnS_genefamily_12609	Simakov2022BCnS_genefamily_364	Simakov2022BCnS_genefamily_12609|Simakov2022BCnS_genefamily_364	609485.0114722754	4688734.4085344365	11279279.519957423	46999021.41524743	0.9001721170395869	0.3585877862595419	-2.7643989360492647	1	26.0	0			-0.24351506034774376	0	0	7	4	False	bin_long_range	
Diptera	7147	long_range	PHF8/KDM2B	PHF8	KDM2B	Ea	G	Simakov2022BCnS_genefamily_12633	Simakov2022BCnS_genefamily_8890	Simakov2022BCnS_genefamily_12633|Simakov2022BCnS_genefamily_8890	688465.425	6803709.140415896	19328703.16694215	79739677.93295446	0.8261617900172117	0.1154580152671755	-3.016074149740912	1	217.0	77		shared	0.2161062247452314	1	1	2	1	False	bin_long_range	
Diptera	7147	long_range	CFAP36/PPP4R3A	CFAP36	PPP4R3A	A1a	A1a	Simakov2022BCnS_genefamily_2734	Simakov2022BCnS_genefamily_8300	Simakov2022BCnS_genefamily_2734|Simakov2022BCnS_genefamily_8300	939795.1063394684	5642250.431992035	11578808.219298244	51384911.96282434	0.8416523235800344	0.500381679389313	-2.610011017009426	1	74.0	21			-0.38228780618663954	2	2	7	5	False	bin_long_range	
Diptera	7147	ultra_long	CKAP5/MYO18A	CKAP5	MYO18A	O1	G	Simakov2022BCnS_genefamily_5493	Simakov2022BCnS_genefamily_7098	Simakov2022BCnS_genefamily_5493|Simakov2022BCnS_genefamily_7098	2132239.243339254	8766489.833788699	73191425.5390071	184418232.9697136	0.9690189328743546	0.0269083969465648	-3.9577842903794345	1	225.0	28		cnidaria_only	2.467331849938588	0	0	4	2	False	bin_ultra_long	
Diptera	7147	ultra_long	RPL10A/PSMB7	RPL10A	PSMB7	O2	M	Simakov2022BCnS_genefamily_2882	Simakov2022BCnS_genefamily_7196	Simakov2022BCnS_genefamily_2882|Simakov2022BCnS_genefamily_7196	11415387.939096266	16648437.285236456	99119598.39726028	255153789.4117595	0.8760757314974182	0.0278625954198473	-3.4479155912074897	1	220.0	37		cnidaria_only	1.81697439331251	0	0	4	2	False	bin_ultra_long	
Diptera	7147	ultra_long	ARHGAP32/DPM1	ARHGAP32	DPM1	A2	D	Simakov2022BCnS_genefamily_10174	Simakov2022BCnS_genefamily_6056	Simakov2022BCnS_genefamily_10174|Simakov2022BCnS_genefamily_6056	11706678.16542751	14671972.498182584	81941032.44339623	256734100.10380363	0.9259896729776248	0.0202290076335877	-3.6613030819862153	1	136.0	24		neither	1.9050870811816445	0	0	3	1	False	bin_ultra_long	
Diptera	7147	ultra_long	MOCS1/CIAO2B	MOCS1	CIAO2B	A1b	D	Simakov2022BCnS_genefamily_3699	Simakov2022BCnS_genefamily_6846	Simakov2022BCnS_genefamily_3699|Simakov2022BCnS_genefamily_6846	16380217.90510949	18283652.1597872	95741265.59550564	319513126.3536659	0.9432013769363168	0.0339694656488549	-3.6591928081660137	1	99.0	24		neither	1.9186957752057763	1	1	4	2	False	bin_ultra_long	
Diptera	7147	ultra_long	ARPC2/CHEK1	ARPC2	CHEK1	B1	A2	Simakov2022BCnS_genefamily_2550	Simakov2022BCnS_genefamily_5378	Simakov2022BCnS_genefamily_2550|Simakov2022BCnS_genefamily_5378	17200520.809009008	20861657.873941604	123758690.99397592	259719287.11245024	0.955249569707401	0.0316793893129771	-3.1132910661904822	1	255.0	51		cnidaria_only	1.9694813483627276	0	0	3	1	False	bin_ultra_long	
Echinodermata	7586	close	LIPA/sp|P38571|LICH_HUMAN	LIPA	sp|P38571|LICH_HUMAN	O2	Qd	Simakov2022BCnS_genefamily_12231	Simakov2022BCnS_genefamily_4066	Simakov2022BCnS_genefamily_12231|Simakov2022BCnS_genefamily_4066	553.475	1292.438732328783	2340067.937480656	12655100.633477906	0.7843137254901961	0.5599653379549393	-15.411195455139206	1	21.0	0		cnidaria_only	0.0	3	2	4	4	False	bin_close	
Echinodermata	7586	intermediate	SLC25A26/PPIL3	SLC25A26	PPIL3	Ea	M	Simakov2022BCnS_genefamily_10268	Simakov2022BCnS_genefamily_1565	Simakov2022BCnS_genefamily_10268|Simakov2022BCnS_genefamily_1565	11506.591836734691	8166.798651791424	77196211.71559633	131413662.34806038	0.9607843137254902	0.0377816291161178	-16.382255543106044	1	60.0	0		shared	0.8817390885326543	0	0	1	1	False	bin_intermediate	
Echinodermata	7586	intermediate	SEC61B/GPD2	SEC61B	GPD2	B3	B3	Simakov2022BCnS_genefamily_1148	Simakov2022BCnS_genefamily_4273	Simakov2022BCnS_genefamily_1148|Simakov2022BCnS_genefamily_4273	25775.45098039216	21422.110736200146	16423750.99852833	30161645.40357675	1.0	0.47105719237435	-11.619991819427842	1	59.0	0			0.3257360171918878	0	0	5	4	False	bin_intermediate	
Echinodermata	7586	intermediate	ORAI2/KDM2B	ORAI2	KDM2B	G	G	Simakov2022BCnS_genefamily_11950	Simakov2022BCnS_genefamily_8890	Simakov2022BCnS_genefamily_11950|Simakov2022BCnS_genefamily_8890	26241.29411764706	19674.140422712502	8746127.001037344	34045299.00771804	1.0	0.1670710571923743	-12.023159138881772	1	128.0	6			0.5263670246877956	5	4	2	2	False	bin_intermediate	
Echinodermata	7586	intermediate	SAR1A/SEC24A	SAR1A	SEC24A	Qb	Qb	Simakov2022BCnS_genefamily_6122	Simakov2022BCnS_genefamily_9113	Simakov2022BCnS_genefamily_6122|Simakov2022BCnS_genefamily_9113	32431.02	19949.16975133717	8115627.23815621	22074822.933094043	0.9803921568627452	0.2707105719237435	-11.149073379692094	1	186.0	86			1.331364505967808	1	1	1	1	False	bin_intermediate	
Echinodermata	7586	intermediate	DYRK2/FBXL5	DYRK2	FBXL5	Ea	Ea	Simakov2022BCnS_genefamily_7948	Simakov2022BCnS_genefamily_97	Simakov2022BCnS_genefamily_7948|Simakov2022BCnS_genefamily_97	48726.6875	37644.80040628105	17283224.030592736	61029272.3596562	0.9411764705882352	0.0906412478336221	-11.895647940525668	1	87.0	11			0.3183927610643424	0	0	0	0	False	bin_intermediate	
Echinodermata	7586	long_range	MAU2/NEDD4L	MAU2	NEDD4L	C1	C1	Simakov2022BCnS_genefamily_10152	Simakov2022BCnS_genefamily_10366	Simakov2022BCnS_genefamily_10152|Simakov2022BCnS_genefamily_10366	132183.11764705885	197001.8588591072	19990489.067746688	43948181.56645755	1.0	0.3530329289428076	-8.018472334177988	1	64.0	3			0.9115022031333123	0	0	2	2	False	bin_long_range	
Echinodermata	7586	long_range	ISCA2/PRKCE	ISCA2	PRKCE	A1a	A1a	Simakov2022BCnS_genefamily_10046	Simakov2022BCnS_genefamily_658	Simakov2022BCnS_genefamily_10046|Simakov2022BCnS_genefamily_658	137631.5744680851	280890.4666492687	24317324.64204884	56906163.051426895	0.9215686274509804	0.2909878682842288	-7.8301043510782256	1	111.0	8			0.7954258090930807	2	2	5	3	False	bin_long_range	
Echinodermata	7586	long_range	UBE2S/MRTFA	UBE2S	MRTFA	H	H	Simakov2022BCnS_genefamily_4961	Simakov2022BCnS_genefamily_5590	Simakov2022BCnS_genefamily_4961|Simakov2022BCnS_genefamily_5590	158532.78	63608.19015937603	30007374.912071534	45557992.8492974	0.9803921568627452	0.1162911611785095	-10.298700560952463	1	55.0	7			1.3529421489881723	2	2	0	0	False	bin_long_range	
Echinodermata	7586	long_range	ERC1/WNT5A	ERC1	WNT5A	Eb	Eb	Simakov2022BCnS_genefamily_1790	Simakov2022BCnS_genefamily_9438	Simakov2022BCnS_genefamily_1790|Simakov2022BCnS_genefamily_9438	190231.11764705885	84250.0311188555	7522080.347591983	20090817.44418345	1.0	0.5793760831889081	-8.148813708392797	1	174.0	0			0.9632750742713988	3	3	7	6	False	bin_long_range	
Echinodermata	7586	long_range	SIX4/SIX3	SIX4	SIX3	A1b	A1a	Simakov2022BCnS_genefamily_12335	Simakov2022BCnS_genefamily_5115	Simakov2022BCnS_genefamily_12335|Simakov2022BCnS_genefamily_5115	464195.8	1189869.9052827696	21644026.341148887	57251288.368149325	0.9803921568627452	0.2956672443674177	-5.019833384684696	1	135.0	32		nematoda_only	1.5257247839063703	4	4	3	2	False	bin_long_range	
Echinodermata	7586	ultra_long	AK8/RUNX2	AK8	RUNX2	M	M	Simakov2022BCnS_genefamily_11858	Simakov2022BCnS_genefamily_5854	Simakov2022BCnS_genefamily_11858|Simakov2022BCnS_genefamily_5854	9205844.583333334	10566536.25497883	44171904.0	194700509.369475	0.9411764705882352	0.0707105719237435	-3.1434971605372457	1	13.0	6			2.787650203521003	1	1	1	1	False	bin_ultra_long	
Echinodermata	7586	ultra_long	RUNX2/VARS1	RUNX2	VARS1	M	M	Simakov2022BCnS_genefamily_5854	Simakov2022BCnS_genefamily_7763	Simakov2022BCnS_genefamily_5854|Simakov2022BCnS_genefamily_7763	9892040.857142856	7034915.96441607	36762281.604811	150673265.3568425	0.9607843137254902	0.1008665511265164	-3.43761915635282	1	16.0	6			3.107716588352042	3	1	1	1	False	bin_ultra_long	
Echinodermata	7586	ultra_long	RUNX2/SKIC2	RUNX2	SKIC2	M	M	Simakov2022BCnS_genefamily_5854	Simakov2022BCnS_genefamily_9625	Simakov2022BCnS_genefamily_5854|Simakov2022BCnS_genefamily_9625	10043225.081632651	8533227.082449222	40186287.15724382	162988245.55261725	0.9607843137254902	0.0980935875216637	-3.2137545138107524	1	27.0	6			2.951687000416398	3	1	2	2	False	bin_ultra_long	
Echinodermata	7586	ultra_long	ABCF1/AK8	ABCF1	AK8	M	M	Simakov2022BCnS_genefamily_11697	Simakov2022BCnS_genefamily_11858	Simakov2022BCnS_genefamily_11697|Simakov2022BCnS_genefamily_11858	11880615.3	13584362.768118884	37014340.65862069	173110671.64391106	0.9803921568627452	0.1005199306759098	-2.422628663505318	1	13.0	6			2.2960234685456116	1	1	5	4	False	bin_ultra_long	
Echinodermata	7586	ultra_long	DDX39B/DDR2	DDX39B	DDR2	M	M	Simakov2022BCnS_genefamily_5848	Simakov2022BCnS_genefamily_8857	Simakov2022BCnS_genefamily_5848|Simakov2022BCnS_genefamily_8857	12701367.274509804	10219134.898669668	41703497.05663567	126769172.3863958	1.0	0.2050259965337955	-2.370031788098761	1	29.0	6			2.3618435250058814	2	2	4	2	False	bin_ultra_long	
Gastropoda	6448	intermediate	NAA15/RAB33B	NAA15	RAB33B	F	F	Simakov2022BCnS_genefamily_6975	Simakov2022BCnS_genefamily_8806	Simakov2022BCnS_genefamily_6975|Simakov2022BCnS_genefamily_8806	19401.146341463416	18762.85447026772	6464314.032866379	21892672.14415169	0.9879518072289156	0.6469153014987801	-13.702698673262002	1	66.0	0			0.6176650227347842	8	5	6	5	False	bin_intermediate	
Gastropoda	6448	intermediate	KCMF1/QDPR	KCMF1	QDPR	I	I	Simakov2022BCnS_genefamily_10640	Simakov2022BCnS_genefamily_9277	Simakov2022BCnS_genefamily_10640|Simakov2022BCnS_genefamily_9277	25133.842857142856	20971.68403757812	16765743.464697406	64976388.37778742	0.8433734939759037	0.2418961310561171	-15.818456163095355	1	50.0	6			0.7935931503487198	3	3	6	4	False	bin_intermediate	
Gastropoda	6448	intermediate	NME5/FBF1	NME5	FBF1	Qd	H	Simakov2022BCnS_genefamily_1187	Simakov2022BCnS_genefamily_9980	Simakov2022BCnS_genefamily_1187|Simakov2022BCnS_genefamily_9980	28733.54054054054	21962.43783761879	24591916.26612903	85998178.33225182	0.891566265060241	0.0432206343673753	-16.325724482590083	1	75.0	0		neither	0.7575403935922803	0	0	1	1	False	bin_intermediate	
Gastropoda	6448	intermediate	ZFYVE9/DIMT1	ZFYVE9	DIMT1	L	L	Simakov2022BCnS_genefamily_11873	Simakov2022BCnS_genefamily_4467	Simakov2022BCnS_genefamily_11873|Simakov2022BCnS_genefamily_4467	36840.7037037037	23841.86512033721	25806683.34064081	41026085.73879054	0.9759036144578314	0.1033461136284419	-14.544367471214636	1	55.0	0			0.6922193153269739	0	0	1	1	False	bin_intermediate	
Gastropoda	6448	intermediate	PHACTR1/SDCBP	PHACTR1	SDCBP	J2	J2	Simakov2022BCnS_genefamily_4968	Simakov2022BCnS_genefamily_9381	Simakov2022BCnS_genefamily_4968|Simakov2022BCnS_genefamily_9381	48109.58571428571	46920.42629086124	20914765.48537803	41027545.86839221	0.8433734939759037	0.4886720111537121	-13.077701336158023	1	108.0	19			1.134127926206227	3	3	3	3	False	bin_intermediate	
Gastropoda	6448	long_range	TCF20/MYH10	TCF20	MYH10	H	H	Simakov2022BCnS_genefamily_10198	Simakov2022BCnS_genefamily_1506	Simakov2022BCnS_genefamily_10198|Simakov2022BCnS_genefamily_1506	118300.28205128205	221026.1774380688	14020176.191545574	33809803.8204805	0.9397590361445785	0.1319275008713837	-9.300794007163804	1	23.0	0			0.9059535875443803	1	1	5	3	False	bin_long_range	
Gastropoda	6448	long_range	TMEM86A/ANKS1A	TMEM86A	ANKS1A	O1	O1	Simakov2022BCnS_genefamily_1171	Simakov2022BCnS_genefamily_9260	Simakov2022BCnS_genefamily_1171|Simakov2022BCnS_genefamily_9260	133079.65753424657	67358.21395255697	18357262.73373373	39548686.02952684	0.8795180722891566	0.174102474729871	-12.2148207020009	1	13.0	0			0.9604902580785719	0	0	3	3	False	bin_long_range	
Gastropoda	6448	long_range	HPD/SRL	HPD	SRL	G	G	Simakov2022BCnS_genefamily_4874	Simakov2022BCnS_genefamily_9993	Simakov2022BCnS_genefamily_4874|Simakov2022BCnS_genefamily_9993	146653.0	159672.99892153914	23144417.019230768	69831848.90808025	0.8554216867469879	0.0906239107703032	-11.57668768128496	1	11.0	0			0.7832252482838341	1	1	0	0	False	bin_long_range	
Gastropoda	6448	long_range	BRPF1/ADAMTS9	BRPF1	ADAMTS9	Ea	Ea	Simakov2022BCnS_genefamily_3391	Simakov2022BCnS_genefamily_7808	Simakov2022BCnS_genefamily_3391|Simakov2022BCnS_genefamily_7808	194304.47297297296	140436.4878334526	15298502.245948523	36448910.626308605	0.891566265060241	0.3656326246078773	-10.446194216582107	1	14.0	0			0.8121383056991708	6	3	0	0	False	bin_long_range	
Gastropoda	6448	long_range	NAV2/E2F7	NAV2	E2F7	O2	O2	Simakov2022BCnS_genefamily_11938	Simakov2022BCnS_genefamily_1640	Simakov2022BCnS_genefamily_11938|Simakov2022BCnS_genefamily_1640	476397.9358974359	240511.88076660005	3276037.0707964604	14619473.046313977	0.9397590361445785	0.3150923666782851	-7.30136283875304	1	15.0	0			0.6562990646770884	2	2	2	2	False	bin_long_range	
Gastropoda	6448	ultra_long	IPO9/RPN1	IPO9	RPN1	Eb	Eb	Simakov2022BCnS_genefamily_10239	Simakov2022BCnS_genefamily_7946	Simakov2022BCnS_genefamily_10239|Simakov2022BCnS_genefamily_7946	1020408.1666666666	3506637.85257989	17596680.912508544	57387801.7261267	0.7228915662650602	0.2549668874172185	-4.4585529710769904	1	18.0	9			2.286681046647872	1	1	3	3	False	bin_ultra_long	
Gastropoda	6448	ultra_long	UXS1/SMC4	UXS1	SMC4	N	N	Simakov2022BCnS_genefamily_2425	Simakov2022BCnS_genefamily_3656	Simakov2022BCnS_genefamily_2425|Simakov2022BCnS_genefamily_3656	1077962.7972972973	3814617.634875388	34688627.75974026	65993627.45757119	0.891566265060241	0.107354478912513	-4.578888446905425	1	55.0	0			2.37700563091671	1	1	2	2	False	bin_ultra_long	
Gastropoda	6448	ultra_long	PHACTR1/KDM4A	PHACTR1	KDM4A	J2	L	Simakov2022BCnS_genefamily_4968	Simakov2022BCnS_genefamily_8294	Simakov2022BCnS_genefamily_4968|Simakov2022BCnS_genefamily_8294	1229656.5526315789	3576286.690625417	43548514.42761693	106815618.73557287	0.9156626506024096	0.0782502614151272	-5.761931238989517	1	40.0	0		cnidaria_only	3.2953774576625876	0	0	1	1	False	bin_ultra_long	
Gastropoda	6448	ultra_long	KDM4A/SDCBP	KDM4A	SDCBP	L	J2	Simakov2022BCnS_genefamily_8294	Simakov2022BCnS_genefamily_9381	Simakov2022BCnS_genefamily_8294|Simakov2022BCnS_genefamily_9381	1370960.2	3710286.838213592	56495785.75745527	87279248.65369883	0.8433734939759037	0.0876612059951202	-5.244623572470688	1	80.0	0		cnidaria_only	2.8641032395700776	2	1	0	0	False	bin_ultra_long	
Gastropoda	6448	ultra_long	TRAPPC3/ZUP1	TRAPPC3	ZUP1	K	K	Simakov2022BCnS_genefamily_12538	Simakov2022BCnS_genefamily_883	Simakov2022BCnS_genefamily_12538|Simakov2022BCnS_genefamily_883	18597744.24050633	12452223.662980951	35183251.91330645	122542131.91008428	0.9518072289156626	0.0864412687347507	-3.356630510764929	1	16.0	6			1.9386953358236885	1	1	2	2	False	bin_ultra_long	
Hexapoda	6960	intermediate	DCLK1/DCLK1	DCLK1	DCLK1	F	B2	Simakov2022BCnS_genefamily_10555	Simakov2022BCnS_genefamily_4077	Simakov2022BCnS_genefamily_10555|Simakov2022BCnS_genefamily_4077	29517.93040136636	1274262.9475452793	2161129.175693527	14549621.296014756	0.8541210795040116	0.2458590451445274	-2.531573308486745	1	0.0	0		nematoda_only	0.0	3	1	1	1	False	bin_intermediate	
Hexapoda	6960	long_range	UBA6/XP_005272706.1	UBA6	XP_005272706.1	C1	Eb	Simakov2022BCnS_genefamily_353	Simakov2022BCnS_genefamily_7876	Simakov2022BCnS_genefamily_353|Simakov2022BCnS_genefamily_7876	244677.3700691338	3963003.804065113	8395389.146699267	47053035.53803258	0.8967906637490882	0.1328353361481	-2.592189169249506	1	41.0	0		neither	0.06436388368802186	0	0	0	0	False	bin_long_range	
Hexapoda	6960	long_range	ZDHHC1/DUS1L	ZDHHC1	DUS1L	D	H	Simakov2022BCnS_genefamily_10203	Simakov2022BCnS_genefamily_4108	Simakov2022BCnS_genefamily_10203|Simakov2022BCnS_genefamily_4108	252939.66366243345	3737653.173234589	29032203.25	87381030.52316634	0.8902261123267687	0.0441701851250406	-3.643218692666328	1	83.0	0		cnidaria_only	0.7611621838513931	0	0	9	6	False	bin_long_range	
Hexapoda	6960	long_range	TMEM64/XP_005248394.1	TMEM64	XP_005248394.1	D	D	Simakov2022BCnS_genefamily_12609	Simakov2022BCnS_genefamily_364	Simakov2022BCnS_genefamily_12609|Simakov2022BCnS_genefamily_364	910119.0182958704	7107219.565114096	40432452.34560327	84706291.62681305	0.6976659372720642	0.1588177979863592	-2.5980926205052235	1	26.0	0			-0.8255260675394165	0	0	7	4	False	bin_long_range	
Hexapoda	6960	ultra_long	LIG1/STX16	LIG1	STX16	H	D	Simakov2022BCnS_genefamily_10031	Simakov2022BCnS_genefamily_1115	Simakov2022BCnS_genefamily_10031|Simakov2022BCnS_genefamily_1115	2577242.090469613	9823757.477618324	228943550.64444444	428828683.6265582	0.5280816921954777	0.0146151347840207	-4.61185685532453	1	165.0	0		cnidaria_only	1.7183099176162395	0	0	2	2	False	bin_ultra_long	
Hexapoda	6960	ultra_long	WDFY3/GBA2	WDFY3	GBA2	Qa	C1	Simakov2022BCnS_genefamily_9132	Simakov2022BCnS_genefamily_9374	Simakov2022BCnS_genefamily_9132|Simakov2022BCnS_genefamily_9374	5870727.564345404	11436560.902808348	194501510.85454544	311291610.6550029	0.6546316557257477	0.0357258850276063	-3.8791518113040833	1	81.0	13		neither	1.9820014948810587	1	1	2	2	False	bin_ultra_long	
Hexapoda	6960	ultra_long	PTP4A2/CHD2	PTP4A2	CHD2	J1	C1	Simakov2022BCnS_genefamily_10008	Simakov2022BCnS_genefamily_11685	Simakov2022BCnS_genefamily_10008|Simakov2022BCnS_genefamily_11685	7258207.413022351	9809873.5914191	88829353.390625	178780704.4481613	0.75054704595186	0.0207859694706073	-3.256885994194542	1	117.0	6		neither	1.7232893952606494	0	0	6	4	False	bin_ultra_long	
Hexapoda	6960	ultra_long	SMC3/MSH2	SMC3	MSH2	I	K	Simakov2022BCnS_genefamily_2155	Simakov2022BCnS_genefamily_7145	Simakov2022BCnS_genefamily_2155|Simakov2022BCnS_genefamily_7145	9521468.556737589	18262213.32392548	157848402.03225806	210768566.7943612	0.5142231947483589	0.0302046118869762	-2.548217319785832	1	229.0	61		cnidaria_only	1.690583864873999	0	0	2	2	False	bin_ultra_long	
Hexapoda	6960	ultra_long	BRD2/PBX1	BRD2	PBX1	M	M	Simakov2022BCnS_genefamily_8914	Simakov2022BCnS_genefamily_9294	Simakov2022BCnS_genefamily_8914|Simakov2022BCnS_genefamily_9294	9559535.333763996	14686740.44882361	33763224.533802815	132712716.343794	0.8468271334792122	0.2305943488145501	-2.1686554481738707	1	70.0	25			1.734125067433272	3	3	5	4	False	bin_ultra_long	
Insecta	50557	intermediate	DCLK1/DCLK1	DCLK1	DCLK1	F	B2	Simakov2022BCnS_genefamily_10555	Simakov2022BCnS_genefamily_4077	Simakov2022BCnS_genefamily_10555|Simakov2022BCnS_genefamily_4077	29622.77495697074	1279186.1767760683	2111306.3870967743	14383079.63089056	0.8537839823659075	0.250080671184253	-2.5334322306571546	1	0.0	0		nematoda_only	0.0	3	1	1	1	False	bin_intermediate	
Insecta	50557	long_range	UBA6/XP_005272706.1	UBA6	XP_005272706.1	C1	Eb	Simakov2022BCnS_genefamily_353	Simakov2022BCnS_genefamily_7876	Simakov2022BCnS_genefamily_353|Simakov2022BCnS_genefamily_7876	246681.62566625667	3979163.6565418905	8004007.759906759	45974673.49242254	0.8960323291697282	0.1384317521781219	-2.575785271968655	1	34.0	0		neither	0.020632607327518412	0	0	0	0	False	bin_long_range	
Insecta	50557	long_range	ZDHHC1/DUS1L	ZDHHC1	DUS1L	D	H	Simakov2022BCnS_genefamily_10203	Simakov2022BCnS_genefamily_4108	Simakov2022BCnS_genefamily_10203|Simakov2022BCnS_genefamily_4108	252939.66366243345	3737653.173234589	29032203.25	87381030.52316634	0.8967670830271859	0.0438851242336237	-3.673608947678352	1	84.0	0		cnidaria_only	0.7790929464358	0	0	9	6	False	bin_long_range	
Insecta	50557	long_range	TMEM64/XP_005248394.1	TMEM64	XP_005248394.1	D	D	Simakov2022BCnS_genefamily_12609	Simakov2022BCnS_genefamily_364	Simakov2022BCnS_genefamily_12609|Simakov2022BCnS_genefamily_364	910119.0182958704	7107219.565114096	40432452.34560327	84706291.62681305	0.7027920646583394	0.1577928363988383	-2.624165071491138	1	33.0	0			-0.7997255537633171	0	0	7	4	False	bin_long_range	
Insecta	50557	ultra_long	LIG1/STX16	LIG1	STX16	H	D	Simakov2022BCnS_genefamily_10031	Simakov2022BCnS_genefamily_1115	Simakov2022BCnS_genefamily_10031|Simakov2022BCnS_genefamily_1115	2533686.52149792	9779637.941548392	203543732.5882353	408393758.0150425	0.529757531227039	0.0164569215876089	-4.57720752518271	1	177.0	0		cnidaria_only	1.6684483924496019	0	0	2	2	False	bin_ultra_long	
Insecta	50557	ultra_long	WDFY3/GBA2	WDFY3	GBA2	Qa	C1	Simakov2022BCnS_genefamily_9132	Simakov2022BCnS_genefamily_9374	Simakov2022BCnS_genefamily_9132|Simakov2022BCnS_genefamily_9374	5859648.101732812	11450791.88850316	184915618.25862068	305854804.7371744	0.6572373254959588	0.0374314294933849	-3.8811347984528775	1	102.0	20		neither	2.189968958203043	1	1	2	2	False	bin_ultra_long	
Insecta	50557	ultra_long	PTP4A2/CHD2	PTP4A2	CHD2	J1	C1	Simakov2022BCnS_genefamily_10008	Simakov2022BCnS_genefamily_11685	Simakov2022BCnS_genefamily_10008|Simakov2022BCnS_genefamily_11685	7258207.413022351	9809873.5914191	88829353.390625	178780704.4481613	0.7560617193240264	0.0206518231687641	-3.2856801653222267	1	103.0	6		neither	1.7153979412192977	0	0	6	4	False	bin_ultra_long	
Insecta	50557	ultra_long	MICU3/SMAD4	MICU3	SMAD4	F	C2	Simakov2022BCnS_genefamily_1300	Simakov2022BCnS_genefamily_456	Simakov2022BCnS_genefamily_1300|Simakov2022BCnS_genefamily_456	7993833.789340101	13142133.65835458	151557574.81333333	271520070.82638913	0.7237325495958854	0.0484027105517909	-3.4810733124309743	1	187.0	0		neither	1.6487588308072527	1	1	5	3	False	bin_ultra_long	
Insecta	50557	ultra_long	BRD2/PBX1	BRD2	PBX1	M	M	Simakov2022BCnS_genefamily_8914	Simakov2022BCnS_genefamily_9294	Simakov2022BCnS_genefamily_8914|Simakov2022BCnS_genefamily_9294	9487869.193142362	14685758.30400766	33391593.190934066	131093003.17829144	0.8464364437913299	0.2349144885446918	-2.1739305316681627	1	69.0	23			1.6291871180595696	3	3	5	4	False	bin_ultra_long	
Mammalia	40674	intermediate	GANAB/INTS5	GANAB	INTS5	A1a	M	Simakov2022BCnS_genefamily_6971	Simakov2022BCnS_genefamily_8272	Simakov2022BCnS_genefamily_6971|Simakov2022BCnS_genefamily_8272	12113.486486486489	5457.87336603112	5846535.635294118	31829607.77683821	0.9098360655737704	0.233837689133425	-8.224431824358911	1	140.0	19		nematoda_only	1.0186114812447438	6	3	2	2	False	bin_intermediate	
Mammalia	40674	intermediate	PPM1G/SNX17	PPM1G	SNX17	J2	J1	Simakov2022BCnS_genefamily_11803	Simakov2022BCnS_genefamily_4031	Simakov2022BCnS_genefamily_11803|Simakov2022BCnS_genefamily_4031	19253.64748201439	9995.506942225978	20138674.294612795	67803004.89837502	0.9494535519125684	0.1167223423069365	-8.386891744407365	1	104.0	25		neither	1.3997890934879587	6	3	2	2	False	bin_intermediate	
Mammalia	40674	intermediate	ATP6V1D/EIF2S1	ATP6V1D	EIF2S1	A1a	J2	Simakov2022BCnS_genefamily_1312	Simakov2022BCnS_genefamily_3869	Simakov2022BCnS_genefamily_1312|Simakov2022BCnS_genefamily_3869	22059.243410852712	3715.7403453695497	7372807.852400712	29303997.09186516	0.8811475409836066	0.3314993122420908	-8.548859366471143	1	221.0	23		neither	1.1880615698743453	8	5	1	1	False	bin_intermediate	
Mammalia	40674	intermediate	PPM1G/EIF2B4	PPM1G	EIF2B4	J2	J1	Simakov2022BCnS_genefamily_11803	Simakov2022BCnS_genefamily_1920	Simakov2022BCnS_genefamily_11803|Simakov2022BCnS_genefamily_1920	24802.485549132947	9292.51867040022	19039854.302151542	85647191.50242287	0.9453551912568308	0.2100609157005305	-8.716422795335516	1	98.0	10		neither	0.8971417878892513	7	4	3	1	False	bin_intermediate	
Mammalia	40674	intermediate	QARS1/DALRD3	QARS1	DALRD3	Ea	Ea	Simakov2022BCnS_genefamily_10654	Simakov2022BCnS_genefamily_3817	Simakov2022BCnS_genefamily_10654|Simakov2022BCnS_genefamily_3817	67268.39563862928	13666.360462163251	14462876.29192007	34475063.50587656	0.8770491803278688	0.2261741010021615	-7.323585545526254	1	103.0	33			1.159676552142355	9	6	2	1	False	bin_intermediate	
Mammalia	40674	long_range	CALU/ATP6V1F	CALU	ATP6V1F	O1	B2	Simakov2022BCnS_genefamily_10168	Simakov2022BCnS_genefamily_1396	Simakov2022BCnS_genefamily_10168|Simakov2022BCnS_genefamily_1396	101643.19111111113	12622.654184990948	13521529.57050243	37208053.32883373	0.9221311475409836	0.1212418942817842	-7.490990271830754	1	136.0	10		neither	1.8264632456838474	7	4	1	1	False	bin_long_range	
Mammalia	40674	long_range	ARFIP2/ILK	ARFIP2	ILK	F	F	Simakov2022BCnS_genefamily_6424	Simakov2022BCnS_genefamily_7656	Simakov2022BCnS_genefamily_6424|Simakov2022BCnS_genefamily_7656	116062.2892804699	21471.65137817105	10838063.85603113	22782910.782824613	0.930327868852459	0.2525054038121438	-6.392659182747724	1	99.0	9			1.4679652956362614	7	4	2	2	False	bin_long_range	
Mammalia	40674	long_range	STX5/INTS5	STX5	INTS5	A1a	M	Simakov2022BCnS_genefamily_11624	Simakov2022BCnS_genefamily_8272	Simakov2022BCnS_genefamily_11624|Simakov2022BCnS_genefamily_8272	142055.4250363901	29526.144892663648	7561010.617647059	28256550.19990153	0.9385245901639344	0.2071133818038907	-6.281694630634914	1	104.0	9		nematoda_only	1.4844362870743875	6	3	1	1	False	bin_long_range	
Mammalia	40674	long_range	SPTAN1/TBC1D13	SPTAN1	TBC1D13	M	M	Simakov2022BCnS_genefamily_1598	Simakov2022BCnS_genefamily_8050	Simakov2022BCnS_genefamily_1598|Simakov2022BCnS_genefamily_8050	157067.05693430657	32141.01078329412	10162368.22961796	20896263.04844272	0.935792349726776	0.4989192375712321	-5.866108094435108	1	37.0	14			1.5911463762592715	8	5	4	2	False	bin_long_range	
Mammalia	40674	long_range	MSH6/MSH2	MSH6	MSH2	J1	K	Simakov2022BCnS_genefamily_3029	Simakov2022BCnS_genefamily_7145	Simakov2022BCnS_genefamily_3029|Simakov2022BCnS_genefamily_7145	296756.1246418338	65708.78019266929	12616342.205673758	33311912.37874453	0.953551912568306	0.1662409117704853	-5.598709926937296	1	53.0	16		cnidaria_only	1.7717050889901647	8	5	1	1	False	bin_long_range	
Mammalia	40674	ultra_long	FEN1/INTS5	FEN1	INTS5	D	M	Simakov2022BCnS_genefamily_10092	Simakov2022BCnS_genefamily_8272	Simakov2022BCnS_genefamily_10092|Simakov2022BCnS_genefamily_8272	1032020.6921944036	2526184.552795046	45315474.01574803	58956433.44586952	0.9275956284153004	0.0249557869915504	-2.2896515336376164	1	186.0	14		cnidaria_only	1.7371437894292874	5	2	1	1	False	bin_ultra_long	
Mammalia	40674	ultra_long	ATP5PO/SYNJ1	ATP5PO	SYNJ1	K	R	Simakov2022BCnS_genefamily_2091	Simakov2022BCnS_genefamily_2166	Simakov2022BCnS_genefamily_2091|Simakov2022BCnS_genefamily_2166	1158250.4869029275	220745.97934686093	30413074.190311417	88476390.93594243	0.8866120218579235	0.1135783061505207	-5.346141328945811	1	38.0	4		cnidaria_only	1.7048044034225733	7	4	1	1	False	bin_ultra_long	
Mammalia	40674	ultra_long	APPBP2/INTS2	APPBP2	INTS2	G	G	Simakov2022BCnS_genefamily_11252	Simakov2022BCnS_genefamily_358	Simakov2022BCnS_genefamily_11252|Simakov2022BCnS_genefamily_358	1222991.0473457675	169414.7137094736	22887673.96	36163946.34041975	0.9521857923497268	0.2849282766751818	-4.668914637010796	1	14.0	7			1.8418346429712116	7	4	1	1	False	bin_ultra_long	
Mammalia	40674	ultra_long	DPP3/PPP6R3	DPP3	PPP6R3	A1a	O2	Simakov2022BCnS_genefamily_7589	Simakov2022BCnS_genefamily_9911	Simakov2022BCnS_genefamily_7589|Simakov2022BCnS_genefamily_9911	1588106.388392857	622934.8277774027	67243581.62176166	130743500.14526688	0.918032786885246	0.0379249361367655	-4.650729196342618	1	29.0	7		shared	1.7550305914434414	5	2	0	0	False	bin_ultra_long	
Mammalia	40674	ultra_long	SCYL1/PPP6R3	SCYL1	PPP6R3	A1a	O2	Simakov2022BCnS_genefamily_10795	Simakov2022BCnS_genefamily_9911	Simakov2022BCnS_genefamily_10795|Simakov2022BCnS_genefamily_9911	2392911.748511905	586942.6206955273	51803192.083333336	129085077.6828846	0.918032786885246	0.0424444881116132	-4.700982000447063	1	30.0	7		shared	1.7800893617284292	6	3	0	0	False	bin_ultra_long	
Mollusca	6447	intermediate	ENKD1/C2orf81	ENKD1	C2orf81	Qa	Qa	Simakov2022BCnS_genefamily_12759	Simakov2022BCnS_genefamily_7426	Simakov2022BCnS_genefamily_12759|Simakov2022BCnS_genefamily_7426	27548.6213592233	107624.63012498844	12802994.516883116	53135668.36719052	0.8408163265306122	0.0690459110473457	-11.56249764433642	1	83.0	0			0.03829479505050501	0	0	2	2	False	bin_intermediate	
Mollusca	6447	intermediate	WDR5/BRD2	WDR5	BRD2	M	M	Simakov2022BCnS_genefamily_3914	Simakov2022BCnS_genefamily_8914	Simakov2022BCnS_genefamily_3914|Simakov2022BCnS_genefamily_8914	62585.27777777778	57844.35718093423	8032988.455738808	32453567.450203866	0.9551020408163264	0.5328192252510761	-11.826345836684231	1	164.0	39			1.0870225301847916	3	3	5	3	False	bin_intermediate	
Mollusca	6447	intermediate	EEF1G/PPP3R1	EEF1G	PPP3R1	A1a	A1a	Simakov2022BCnS_genefamily_11615	Simakov2022BCnS_genefamily_6598	Simakov2022BCnS_genefamily_11615|Simakov2022BCnS_genefamily_6598	74371.02293577982	583148.5529163416	6749456.538713642	27159605.43030452	0.889795918367347	0.4377690100430416	-6.690423175755322	1	27.0	5			-0.4637037489303987	1	1	5	4	False	bin_intermediate	
Mollusca	6447	intermediate	ATG10/SSBP3	ATG10	SSBP3	L	L	Simakov2022BCnS_genefamily_6166	Simakov2022BCnS_genefamily_9479	Simakov2022BCnS_genefamily_6166|Simakov2022BCnS_genefamily_9479	95840.97575757575	137596.686780188	10877572.031496065	53427272.40977043	0.673469387755102	0.0911047345767575	-11.066801608908388	1	58.0	3			-0.6616135763048984	0	0	2	1	False	bin_intermediate	
Mollusca	6447	long_range	TAF4/LSM14A	TAF4	LSM14A	D	D	Simakov2022BCnS_genefamily_2428	Simakov2022BCnS_genefamily_2806	Simakov2022BCnS_genefamily_2428|Simakov2022BCnS_genefamily_2806	158519.08260869567	1951545.440659632	16241133.404040404	50776399.14459582	0.9387755102040816	0.2840746054519368	-5.488900283528563	1	106.0	3			1.0551334888811117	3	3	4	2	False	bin_long_range	
Mollusca	6447	long_range	PARVA/TEAD1	PARVA	TEAD1	O2	O2	Simakov2022BCnS_genefamily_9746	Simakov2022BCnS_genefamily_9978	Simakov2022BCnS_genefamily_9746|Simakov2022BCnS_genefamily_9978	246340.6175115208	1489579.4818026312	12577455.733371891	28712552.793221675	0.8857142857142857	0.3100789096126255	-4.869870429408769	1	122.0	4			0.7984374317307869	6	3	3	2	False	bin_long_range	
Mollusca	6447	long_range	CADPS/KMT2E	CADPS	KMT2E	Ea	Ea	Simakov2022BCnS_genefamily_466	Simakov2022BCnS_genefamily_5919	Simakov2022BCnS_genefamily_466|Simakov2022BCnS_genefamily_5919	348839.54054054053	2176222.621447253	22309709.19833333	47593563.33336095	0.9061224489795918	0.1076040172166427	-5.130439025534976	1	68.0	4			0.8979862862301662	1	1	1	1	False	bin_long_range	
Mollusca	6447	long_range	WBP11/FOXJ1	WBP11	FOXJ1	H	H	Simakov2022BCnS_genefamily_3716	Simakov2022BCnS_genefamily_7033	Simakov2022BCnS_genefamily_3716|Simakov2022BCnS_genefamily_7033	358335.99553571426	2356506.20579269	23982307.06397775	54760025.61195582	0.9142857142857144	0.1289454806312769	-5.255647380326638	1	191.0	5			1.2122396692955588	2	2	1	1	False	bin_long_range	
Mollusca	6447	long_range	NME5/FBF1	NME5	FBF1	Qd	H	Simakov2022BCnS_genefamily_1187	Simakov2022BCnS_genefamily_9980	Simakov2022BCnS_genefamily_1187|Simakov2022BCnS_genefamily_9980	896662.3971291865	5415433.593671403	52332027.21238938	121779267.4088981	0.8530612244897959	0.0202654232424677	-5.187912039526648	1	107.0	3	42.60848888731057	neither	0.868452783998583	0	0	1	1	False	bin_long_range	
Mollusca	6447	ultra_long	PTPN9/UBE2R2	PTPN9	UBE2R2	C1	C1	Simakov2022BCnS_genefamily_1384	Simakov2022BCnS_genefamily_2801	Simakov2022BCnS_genefamily_1384|Simakov2022BCnS_genefamily_2801	1623431.798206278	7866934.540620763	41550907.41977612	129019650.0721867	0.9102040816326532	0.0961262553802008	-4.536500721786411	1	33.0	0			2.782230770942562	2	2	1	1	False	bin_ultra_long	
Mollusca	6447	ultra_long	BARD1/HECW1	BARD1	HECW1	B1	B1	Simakov2022BCnS_genefamily_7199	Simakov2022BCnS_genefamily_9312	Simakov2022BCnS_genefamily_7199|Simakov2022BCnS_genefamily_9312	2158198.9941520467	7951276.799132453	36700268.80332829	93812784.97951446	0.6979591836734694	0.1185437589670014	-3.856886244444997	1	56.0	11			4.312293194564144	2	2	0	0	False	bin_ultra_long	
Mollusca	6447	ultra_long	BCKDK/KDM2B	BCKDK	KDM2B	G	G	Simakov2022BCnS_genefamily_1392	Simakov2022BCnS_genefamily_8890	Simakov2022BCnS_genefamily_1392|Simakov2022BCnS_genefamily_8890	4268124.771689498	11497114.093656829	38445377.935103245	96161757.1883018	0.8938775510204081	0.0607962697274031	-3.1469252383926136	1	55.0	5			2.8612505649423023	0	0	2	2	False	bin_ultra_long	
Mollusca	6447	ultra_long	ENKD1/FBF1	ENKD1	FBF1	Qa	H	Simakov2022BCnS_genefamily_12759	Simakov2022BCnS_genefamily_9980	Simakov2022BCnS_genefamily_12759|Simakov2022BCnS_genefamily_9980	30258408.15270936	28015126.3361832	70821332.73529412	209550620.29826257	0.8285714285714286	0.0121951219512195	-2.916385526615357	1	127.0	29	65.64173290284596	neither	9.169555756020294	1	1	0	0	False	bin_ultra_long	
Mollusca	6447	ultra_long	ENKD1/FOXJ1	ENKD1	FOXJ1	Qa	H	Simakov2022BCnS_genefamily_12759	Simakov2022BCnS_genefamily_7033	Simakov2022BCnS_genefamily_12759|Simakov2022BCnS_genefamily_7033	36598760.87309644	31707015.8561273	95936879.8235294	218853185.82486764	0.8040816326530612	0.0274390243902439	-2.7505561652256083	1	259.0	23	65.64173290284596	neither	7.756166443996501	1	1	2	2	False	bin_ultra_long	
Nematoda	6231	intermediate	DNAH2/DNAH17	DNAH2	DNAH17	N	H	Simakov2022BCnS_genefamily_11515	Simakov2022BCnS_genefamily_3127	Simakov2022BCnS_genefamily_11515|Simakov2022BCnS_genefamily_3127	18598.36607142857	49962.76544875768	31802118.304889742	64488100.32414647	0.7943262411347518	0.1836267605633803	-8.911665976373138	1	793.0	365		shared	1.0119783185327735	4	1	2	1	False	bin_intermediate	
Nematoda	6231	intermediate	CCNY/PITHD1	CCNY	PITHD1	B3	J2	Simakov2022BCnS_genefamily_10566	Simakov2022BCnS_genefamily_11865	Simakov2022BCnS_genefamily_10566|Simakov2022BCnS_genefamily_11865	38117.23148148148	347763.4817830399	15355135.500460405	49177777.823653504	0.7659574468085106	0.3823943661971831	-5.267498145307953	1	75.0	1	11.321700044486876	shared	-0.271289344550042	0	0	5	3	False	bin_intermediate	
Nematoda	6231	intermediate	HSPE1/HSPD1	HSPE1	HSPD1	B1	B1	Simakov2022BCnS_genefamily_7660	Simakov2022BCnS_genefamily_8170	Simakov2022BCnS_genefamily_7660|Simakov2022BCnS_genefamily_8170	39191.8984375	391509.4771915116	4112369.474617002	16647963.84882741	0.9078014184397164	0.5860915492957747	-3.287208493414349	1	617.0	226			0.5860760809492872	9	6	8	6	False	bin_intermediate	
Nematoda	6231	intermediate	NUBP2/NUBP1	NUBP2	NUBP1	H	H	Simakov2022BCnS_genefamily_5741	Simakov2022BCnS_genefamily_7743	Simakov2022BCnS_genefamily_5741|Simakov2022BCnS_genefamily_7743	40849.45871559633	302711.02624500333	13983074.920859242	26480679.48362087	0.7730496453900709	0.311443661971831	-4.475998499709146	1	473.0	234			-0.009559669308487957	6	4	3	2	False	bin_intermediate	
Nematoda	6231	intermediate	EIF2S1/RPL27A	EIF2S1	RPL27A	J2	O1	Simakov2022BCnS_genefamily_3869	Simakov2022BCnS_genefamily_8546	Simakov2022BCnS_genefamily_3869|Simakov2022BCnS_genefamily_8546	41189.74561403509	287214.3554081852	30254105.42184557	31049574.81457502	0.8085106382978723	0.0934859154929577	-4.824909701068203	1	579.0	114		cnidaria_only	0.05755996797728009	2	2	2	1	False	bin_intermediate	
Nematoda	6231	long_range	DNAH17/DNAH7	DNAH17	DNAH7	H	B3	Simakov2022BCnS_genefamily_3127	Simakov2022BCnS_genefamily_3762	Simakov2022BCnS_genefamily_3127|Simakov2022BCnS_genefamily_3762	116458.64912280702	1055273.4230689798	45776180.06147541	113744013.4262494	0.8085106382978723	0.0429577464788732	-4.820029929360199	1	739.0	302		cnidaria_only	1.9992524682922732	1	1	0	0	False	bin_long_range	
Nematoda	6231	long_range	DNAH2/DNAH7	DNAH2	DNAH7	N	B3	Simakov2022BCnS_genefamily_11515	Simakov2022BCnS_genefamily_3762	Simakov2022BCnS_genefamily_11515|Simakov2022BCnS_genefamily_3762	119913.54545454546	1132479.7198343996	28560987.845303867	48474558.96788138	0.7021276595744681	0.0955985915492957	-3.298078551102459	1	764.0	330		cnidaria_only	1.0198694439343254	0	0	0	0	False	bin_long_range	
Nematoda	6231	long_range	AP1G1/GBA2	AP1G1	GBA2	D	C1	Simakov2022BCnS_genefamily_9272	Simakov2022BCnS_genefamily_9374	Simakov2022BCnS_genefamily_9272|Simakov2022BCnS_genefamily_9374	127415.95041322314	784751.716801625	46567923.43943662	81149993.42523314	0.8581560283687943	0.0625	-4.751698729873226	1	389.0	84	13.726670428845155	shared	1.379152205026311	2	2	2	1	False	bin_long_range	
Nematoda	6231	long_range	RRP8/GTPBP4	RRP8	GTPBP4	F	B2	Simakov2022BCnS_genefamily_10724	Simakov2022BCnS_genefamily_11650	Simakov2022BCnS_genefamily_10724|Simakov2022BCnS_genefamily_11650	195182.2083333333	1203013.4157209145	40555513.48558758	60550649.06308267	0.851063829787234	0.0794014084507042	-3.5650874396497687	1	235.0	46	166.12748473053486	nematoda_only	0.9139578022859403	0	0	2	1	False	bin_long_range	
Nematoda	6231	long_range	PES1/RPL9	PES1	RPL9	G	F	Simakov2022BCnS_genefamily_10939	Simakov2022BCnS_genefamily_9747	Simakov2022BCnS_genefamily_10939|Simakov2022BCnS_genefamily_9747	199197.9921875	1674155.823556493	47915836.22735346	88072785.7593144	0.9078014184397164	0.0991197183098591	-3.6379349724994734	1	427.0	77	6.146415660592215	shared	1.017512708936105	2	2	2	1	False	bin_long_range	
Nematoda	6231	ultra_long	TK1/DYRK2	TK1	DYRK2	H	Ea	Simakov2022BCnS_genefamily_4525	Simakov2022BCnS_genefamily_7948	Simakov2022BCnS_genefamily_4525|Simakov2022BCnS_genefamily_7948	2414556.430379747	1847695.5809076168	84295339.56756757	131411965.98367757	0.5602836879432624	0.0065140845070422	-4.134874787771018	1	281.0	79		shared	2.0629599859757963	0	0	0	0	False	bin_ultra_long	
Nematoda	6231	ultra_long	DNAJC10/ERO1B	DNAJC10	ERO1B	B3	A1a	Simakov2022BCnS_genefamily_3271	Simakov2022BCnS_genefamily_7866	Simakov2022BCnS_genefamily_3271|Simakov2022BCnS_genefamily_7866	3447753.4423076925	4241211.82152849	106460827.28461538	185460406.5560825	0.7375886524822695	0.0228873239436619	-3.333284429356977	1	341.0	109		cnidaria_only	2.5802170144922423	0	0	0	0	False	bin_ultra_long	
Nematoda	6231	ultra_long	SURF4/SAMD8	SURF4	SAMD8	M	Qd	Simakov2022BCnS_genefamily_10784	Simakov2022BCnS_genefamily_8684	Simakov2022BCnS_genefamily_10784|Simakov2022BCnS_genefamily_8684	4204902.273504274	5850432.408657135	96229705.26829268	190114058.3323608	0.8297872340425532	0.0433098591549295	-2.844023656067104	1	191.0	72		cnidaria_only	1.9454608357361087	0	0	0	0	False	bin_ultra_long	
Nematoda	6231	ultra_long	AARS1/WDR11	AARS1	WDR11	D	I	Simakov2022BCnS_genefamily_12995	Simakov2022BCnS_genefamily_2917	Simakov2022BCnS_genefamily_12995|Simakov2022BCnS_genefamily_2917	4283553.235955056	3295261.8901198595	127620667.72435898	187657857.36117592	0.6312056737588653	0.0274647887323943	-3.7685877979779137	1	398.0	69		neither	1.9888799570208828	0	0	3	3	False	bin_ultra_long	
Nematoda	6231	ultra_long	CAPZB/ATP6V1F	CAPZB	ATP6V1F	P	B2	Simakov2022BCnS_genefamily_10259	Simakov2022BCnS_genefamily_1396	Simakov2022BCnS_genefamily_10259|Simakov2022BCnS_genefamily_1396	4661920.818181818	3943175.461866329	75356776.75124379	196972776.2866377	0.7801418439716312	0.0353873239436619	-3.5526098223949565	1	170.0	51		neither	2.0295558768152033	0	0	1	1	False	bin_ultra_long	
Neoptera	33340	intermediate	DCLK1/DCLK1	DCLK1	DCLK1	F	B2	Simakov2022BCnS_genefamily_10555	Simakov2022BCnS_genefamily_4077	Simakov2022BCnS_genefamily_10555|Simakov2022BCnS_genefamily_4077	29879.688368055555	1284725.6132491892	2058192.4238993712	14204630.540206144	0.8533333333333334	0.2547260493431592	-2.538802571206077	1	0.0	0		nematoda_only	0.0	3	1	1	1	False	bin_intermediate	
Neoptera	33340	long_range	UBA6/XP_005272706.1	UBA6	XP_005272706.1	C1	Eb	Simakov2022BCnS_genefamily_353	Simakov2022BCnS_genefamily_7876	Simakov2022BCnS_genefamily_353|Simakov2022BCnS_genefamily_7876	248196.16171617163	3991414.746671	7733667.382882883	45212791.78719526	0.8977777777777778	0.1422620954822172	-2.576826306397878	1	34.0	0		neither	-0.3386380927937438	0	0	0	0	False	bin_long_range	
Neoptera	33340	long_range	ZDHHC1/DUS1L	ZDHHC1	DUS1L	D	H	Simakov2022BCnS_genefamily_10203	Simakov2022BCnS_genefamily_4108	Simakov2022BCnS_genefamily_10203|Simakov2022BCnS_genefamily_4108	253464.20123203285	3742240.5833464	27807183.316901408	85701742.63332966	0.901851851851852	0.0454982377443127	-3.682375627939156	1	89.0	3		cnidaria_only	0.9328580624933702	0	0	9	6	False	bin_long_range	
Neoptera	33340	long_range	TMEM64/XP_005248394.1	TMEM64	XP_005248394.1	D	D	Simakov2022BCnS_genefamily_12609	Simakov2022BCnS_genefamily_364	Simakov2022BCnS_genefamily_12609|Simakov2022BCnS_genefamily_364	488962.0506329114	4368795.290572759	40682717.05731225	83547051.04925312	0.7022222222222222	0.162127523229734	-3.3992707179297703	1	60.0	0			-0.5942199696996281	0	0	7	4	False	bin_long_range	
Neoptera	33340	ultra_long	LIG1/STX16	LIG1	STX16	H	D	Simakov2022BCnS_genefamily_10031	Simakov2022BCnS_genefamily_1115	Simakov2022BCnS_genefamily_10031|Simakov2022BCnS_genefamily_1115	2520164.5881944443	9775724.423748584	196325836.2075472	402152744.1439968	0.5333333333333333	0.0169817366228772	-4.602272945771421	1	177.0	3		cnidaria_only	1.7453290593163469	0	0	2	2	False	bin_ultra_long	
Neoptera	33340	ultra_long	WDFY3/GBA2	WDFY3	GBA2	Qa	C1	Simakov2022BCnS_genefamily_9132	Simakov2022BCnS_genefamily_9374	Simakov2022BCnS_genefamily_9132|Simakov2022BCnS_genefamily_9374	5859648.101732812	11450791.88850316	184915618.25862068	305854804.7371744	0.6625925925925926	0.037167574495354	-3.924015021219263	1	94.0	20		neither	2.1235131729002434	1	1	2	2	False	bin_ultra_long	
Neoptera	33340	ultra_long	PTP4A2/CHD2	PTP4A2	CHD2	J1	C1	Simakov2022BCnS_genefamily_10008	Simakov2022BCnS_genefamily_11685	Simakov2022BCnS_genefamily_10008|Simakov2022BCnS_genefamily_11685	7258207.413022351	9809873.5914191	88829353.390625	178780704.4481613	0.7622222222222222	0.0205062479974367	-3.323648574263093	1	121.0	12		neither	1.8862156355520572	0	0	6	4	False	bin_ultra_long	
Neoptera	33340	ultra_long	SMC3/MSH2	SMC3	MSH2	I	K	Simakov2022BCnS_genefamily_2155	Simakov2022BCnS_genefamily_7145	Simakov2022BCnS_genefamily_2155|Simakov2022BCnS_genefamily_7145	9381615.968062457	17497082.086498734	158366756.9680851	209692572.4413809	0.5218518518518519	0.0301185517462351	-2.6653609192627354	1	235.0	65		cnidaria_only	1.678084726438607	0	0	2	2	False	bin_ultra_long	
Neoptera	33340	ultra_long	BRD2/PBX1	BRD2	PBX1	M	M	Simakov2022BCnS_genefamily_8914	Simakov2022BCnS_genefamily_9294	Simakov2022BCnS_genefamily_8914|Simakov2022BCnS_genefamily_9294	9409717.252295583	14363042.87381093	33086049.809395973	129722355.37156318	0.847037037037037	0.2387055430951618	-2.221117373955424	1	90.0	30			1.7517180864245208	3	3	5	4	False	bin_ultra_long	
Platyhelminthes	6157	intermediate	UQCC1/WDFY2	UQCC1	WDFY2	J1	N	Simakov2022BCnS_genefamily_2467	Simakov2022BCnS_genefamily_8865	Simakov2022BCnS_genefamily_2467|Simakov2022BCnS_genefamily_8865	16389.96551724138	11131.497006239715	60817995.81553398	94259024.56476042	0.725	0.0178169866805051	-9.974735272398494	1	13.0	0		shared	1.127573832495977	0	0	1	1	False	bin_intermediate	
Platyhelminthes	6157	intermediate	GTF2B/UPF2	GTF2B	UPF2	M	Ea	Simakov2022BCnS_genefamily_4963	Simakov2022BCnS_genefamily_6721	Simakov2022BCnS_genefamily_4963|Simakov2022BCnS_genefamily_6721	21774.39393939394	22503.18493271736	19718816.35676089	63509242.48395957	0.825	0.2264314132503027	-8.595067856552948	1	45.0	7		shared	1.7353919208357977	0	0	1	1	False	bin_intermediate	
Platyhelminthes	6157	intermediate	NGEF/VANGL2	NGEF	VANGL2	P	A2	Simakov2022BCnS_genefamily_12741	Simakov2022BCnS_genefamily_2545	Simakov2022BCnS_genefamily_12741|Simakov2022BCnS_genefamily_2545	33621.0	24251.396887473824	76511329.63424124	78717426.5229724	0.65	0.0444559764746583	-8.770689763669365	1	36.0	16		nematoda_only	1.2759822759393424	1	1	1	1	False	bin_intermediate	
Platyhelminthes	6157	intermediate	TOMM70/ANP32B	TOMM70	ANP32B	A2	C2	Simakov2022BCnS_genefamily_4230	Simakov2022BCnS_genefamily_8127	Simakov2022BCnS_genefamily_4230|Simakov2022BCnS_genefamily_8127	39670.69230769231	16983.205627701565	62772523.510344826	92863959.91583209	0.65	0.0250821657152741	-9.425553566585656	1	75.0	17		cnidaria_only	1.604885163724356	0	0	1	1	False	bin_intermediate	
Platyhelminthes	6157	intermediate	CALU/ERO1B	CALU	ERO1B	O1	A1a	Simakov2022BCnS_genefamily_10168	Simakov2022BCnS_genefamily_7866	Simakov2022BCnS_genefamily_10168|Simakov2022BCnS_genefamily_7866	65589.13793103448	23694.12827099897	24706023.114337567	53848172.29150025	0.725	0.0953122297180418	-8.323102915239783	1	2.0	0		nematoda_only	0.6715763941850605	1	1	3	2	False	bin_intermediate	
Platyhelminthes	6157	long_range	MITF/RTRAF	MITF	RTRAF	Eb	A1a	Simakov2022BCnS_genefamily_10573	Simakov2022BCnS_genefamily_12367	Simakov2022BCnS_genefamily_10573|Simakov2022BCnS_genefamily_12367	140927.26086956522	65048.79213164412	37757185.90769231	95446337.94686012	0.575	0.0224874589171423	-7.773723553077009	1	55.0	15		shared	1.3798672002115921	0	0	0	0	False	bin_long_range	
Platyhelminthes	6157	long_range	DCTN4/EMG1	DCTN4	EMG1	Qa	G	Simakov2022BCnS_genefamily_4951	Simakov2022BCnS_genefamily_6227	Simakov2022BCnS_genefamily_4951|Simakov2022BCnS_genefamily_6227	477541.3	1706685.3465773475	70633141.98181818	122214471.64154471	0.75	0.0570835495588998	-3.9816167072542266	1	37.0	7		neither	1.1609077584818717	0	0	0	0	False	bin_long_range	
Platyhelminthes	6157	long_range	PIF1/MAPKBP1	PIF1	MAPKBP1	L	A1a	Simakov2022BCnS_genefamily_11635	Simakov2022BCnS_genefamily_6947	Simakov2022BCnS_genefamily_11635|Simakov2022BCnS_genefamily_6947	482037.93333333335	1412396.1536089308	22952240.450612243	37437150.49796787	0.75	0.2119010551807645	-2.733658839036009	1	31.0	15		shared	1.2455719683928452	2	1	3	1	False	bin_long_range	
Platyhelminthes	6157	long_range	BAP1/BRD2	BAP1	BRD2	Ea	M	Simakov2022BCnS_genefamily_12841	Simakov2022BCnS_genefamily_8914	Simakov2022BCnS_genefamily_12841|Simakov2022BCnS_genefamily_8914	557720.90625	1084688.2111315527	55373381.517333336	105267592.59702128	0.8	0.0648676699532952	-4.363329854582275	1	34.0	15		shared	1.861730015401445	0	0	2	2	False	bin_long_range	
Platyhelminthes	6157	long_range	SMARCAL1/FANCI	SMARCAL1	FANCI	B1	I	Simakov2022BCnS_genefamily_5332	Simakov2022BCnS_genefamily_8303	Simakov2022BCnS_genefamily_5332|Simakov2022BCnS_genefamily_8303	697047.3461538461	1318969.9048765309	70625604.30201343	222576484.92633024	0.65	0.0257740875281093	-5.057981679744037	1	34.0	15		nematoda_only	1.170952938274272	0	0	3	2	False	bin_long_range	
Platyhelminthes	6157	ultra_long	ATAD2B/POMP	ATAD2B	POMP	J2	F	Simakov2022BCnS_genefamily_335	Simakov2022BCnS_genefamily_6979	Simakov2022BCnS_genefamily_335|Simakov2022BCnS_genefamily_6979	1250249.2857142857	405529.7782332029	49004585.61988304	140020828.08580193	0.525	0.0295796574987026	-5.95696527872818	1	22.0	7		cnidaria_only	2.5255309039509055	0	0	1	1	False	bin_ultra_long	
Platyhelminthes	6157	ultra_long	SMN1/SLU7	SMN1	SLU7	C1	I	Simakov2022BCnS_genefamily_3581	Simakov2022BCnS_genefamily_6802	Simakov2022BCnS_genefamily_3581|Simakov2022BCnS_genefamily_6802	1601803.681818182	273710.15196129296	67627461.18854415	49808914.84155935	0.55	0.0724788098944819	-5.152735226588093	1	46.0	16		neither	2.516242645797887	2	1	0	0	False	bin_ultra_long	
Platyhelminthes	6157	ultra_long	SMARCB1/KDM1A	SMARCB1	KDM1A	G	K	Simakov2022BCnS_genefamily_1733	Simakov2022BCnS_genefamily_1779	Simakov2022BCnS_genefamily_1733|Simakov2022BCnS_genefamily_1779	4641429.733333333	3525894.3812172944	71803802.09289618	172067445.30721468	0.75	0.0316554229372081	-3.500097770470961	1	43.0	15		shared	2.291947424345644	0	0	1	1	False	bin_ultra_long	
Platyhelminthes	6157	ultra_long	CCT3/DARS1	CCT3	DARS1	C1	B2	Simakov2022BCnS_genefamily_11651	Simakov2022BCnS_genefamily_7328	Simakov2022BCnS_genefamily_11651|Simakov2022BCnS_genefamily_7328	10658217.47368421	7531740.472632438	70791656.175	160773307.50337502	0.95	0.0276768725134059	-2.4617952440662507	1	24.0	12		cnidaria_only	2.39118340442729	0	0	0	0	False	bin_ultra_long	
Platyhelminthes	6157	ultra_long	CHD2/SMARCA5	CHD2	SMARCA5	C1	F	Simakov2022BCnS_genefamily_11685	Simakov2022BCnS_genefamily_5096	Simakov2022BCnS_genefamily_11685|Simakov2022BCnS_genefamily_5096	14870154.34375	3513086.3374563423	92024042.82978724	189493571.87530705	0.8	0.032520325203252	-3.625801301467842	1	35.0	7		cnidaria_only	2.2936870343764912	0	0	1	1	False	bin_ultra_long	
Porifera	6040	close	OSBPL11/OSBPL9	OSBPL11	OSBPL9	R	L	Simakov2022BCnS_genefamily_12570	Simakov2022BCnS_genefamily_8832	Simakov2022BCnS_genefamily_12570|Simakov2022BCnS_genefamily_8832	318.2857142857143	900.8978610257642	5306889.449697428	29438665.771471288	0.6268656716417911	0.45950643030935	-9.833547649434925	1	494.0	240		neither	0.0	0	0	1	1	False	bin_close	
Porifera	6040	intermediate	PTPRN2/MEX3B	PTPRN2	MEX3B	B1	C1	Simakov2022BCnS_genefamily_1864	Simakov2022BCnS_genefamily_2936	Simakov2022BCnS_genefamily_1864|Simakov2022BCnS_genefamily_2936	10034.53846153846	10940.186074790205	62350812.524444446	197244980.27912349	0.7761194029850746	0.0391032325338894	-9.039790139948703	1	59.0	0		cnidaria_only	1.0861058724750392	1	1	0	0	False	bin_intermediate	
Porifera	6040	intermediate	SLC25A13/SLC25A22	SLC25A13	SLC25A22	B2	O2	Simakov2022BCnS_genefamily_10313	Simakov2022BCnS_genefamily_8233	Simakov2022BCnS_genefamily_10313|Simakov2022BCnS_genefamily_8233	10052.358490566035	35782.27830202137	59677548.790794976	81259402.2915562	0.7910447761194029	0.1246089676746611	-6.274359904513967	1	374.0	173		neither	3.0417950969350245	0	0	2	2	False	bin_intermediate	
Porifera	6040	intermediate	OTUD5/DYRK2	OTUD5	DYRK2	Ea	Ea	Simakov2022BCnS_genefamily_3687	Simakov2022BCnS_genefamily_7948	Simakov2022BCnS_genefamily_3687|Simakov2022BCnS_genefamily_7948	11441.232142857143	15124.991097820312	24396436.69659185	65661865.54705476	0.835820895522388	0.2090719499478623	-7.139271665395646	1	102.0	14			1.1053740955837335	1	1	2	2	False	bin_intermediate	
Porifera	6040	intermediate	GPAT4/NKX2-3	GPAT4	NKX2-3	I	I	Simakov2022BCnS_genefamily_4343	Simakov2022BCnS_genefamily_5260	Simakov2022BCnS_genefamily_4343|Simakov2022BCnS_genefamily_5260	12323.133333333331	15271.742687217577	36982178.870238096	70313588.5778454	0.8955223880597015	0.145985401459854	-7.217745181924532	1	93.0	0			1.136570597004274	0	0	2	1	False	bin_intermediate	
Porifera	6040	intermediate	KAT6B/RPS3	KAT6B	RPS3	Qd	F	Simakov2022BCnS_genefamily_11924	Simakov2022BCnS_genefamily_12196	Simakov2022BCnS_genefamily_11924|Simakov2022BCnS_genefamily_12196	20996.344827586207	35068.735905360794	58709762.70325203	100310272.9642996	0.8656716417910447	0.0427528675703858	-6.582381694036487	1	277.0	25		cnidaria_only	1.3943189344450917	0	0	1	1	False	bin_intermediate	
Porifera	6040	long_range	DNAH2/CCDC39	DNAH2	CCDC39	N	N	Simakov2022BCnS_genefamily_11515	Simakov2022BCnS_genefamily_7777	Simakov2022BCnS_genefamily_11515|Simakov2022BCnS_genefamily_7777	116669.70175438595	187095.91615410888	23648103.13128039	69189012.51524127	0.8507462686567164	0.1072297532151546	-3.85175275057964	1	41.0	8			1.718857633155781	0	0	0	0	False	bin_long_range	
Porifera	6040	long_range	INPPL1/IPO5	INPPL1	IPO5	N	N	Simakov2022BCnS_genefamily_435	Simakov2022BCnS_genefamily_534	Simakov2022BCnS_genefamily_435|Simakov2022BCnS_genefamily_534	290519.5254237288	457234.5978520191	55915553.60220318	105168669.2102334	0.8805970149253731	0.1419881821341675	-3.217925485522759	1	45.0	13			1.6417072115114757	2	2	0	0	False	bin_long_range	
Porifera	6040	long_range	PPP2R5C/ZFP36L1	PPP2R5C	ZFP36L1	A1a	A1a	Simakov2022BCnS_genefamily_12534	Simakov2022BCnS_genefamily_6161	Simakov2022BCnS_genefamily_12534|Simakov2022BCnS_genefamily_6161	358079.0338983051	434739.726819318	34232401.385526314	113254570.31326936	0.8805970149253731	0.2641640597844977	-3.384135835397853	1	38.0	13			1.7426641346445453	7	4	0	0	False	bin_long_range	
Porifera	6040	long_range	TK1/FANCM	TK1	FANCM	H	A1a	Simakov2022BCnS_genefamily_4525	Simakov2022BCnS_genefamily_9220	Simakov2022BCnS_genefamily_4525|Simakov2022BCnS_genefamily_9220	535025.85	750014.5887922145	62842563.61016949	173163613.80968735	0.8955223880597015	0.0102537365311087	-3.222964852280424	1	53.0	19		cnidaria_only	1.9834463763512449	1	1	0	0	False	bin_long_range	
Porifera	6040	long_range	ADK/DDX39B	ADK	DDX39B	Qd	M	Simakov2022BCnS_genefamily_4711	Simakov2022BCnS_genefamily_5848	Simakov2022BCnS_genefamily_4711|Simakov2022BCnS_genefamily_5848	961403.3725490196	549815.0968720958	83327608.0	222447712.1694043	0.7611940298507462	0.0389294403892944	-3.9717361463342353	1	70.0	20		cnidaria_only	2.057369475650859	0	0	0	0	False	bin_long_range	
Porifera	6040	ultra_long	DNM1/ADK	DNM1	ADK	M	Qd	Simakov2022BCnS_genefamily_3324	Simakov2022BCnS_genefamily_4711	Simakov2022BCnS_genefamily_3324|Simakov2022BCnS_genefamily_4711	1017825.9056603772	854799.7184862533	86274196.79565218	168613533.2058306	0.7910447761194029	0.0399721932568647	-3.012866150239735	1	49.0	14		cnidaria_only	1.7416075641692272	0	0	1	1	False	bin_ultra_long	
Porifera	6040	ultra_long	ADK/ODF2	ADK	ODF2	Qd	M	Simakov2022BCnS_genefamily_4711	Simakov2022BCnS_genefamily_9917	Simakov2022BCnS_genefamily_4711|Simakov2022BCnS_genefamily_9917	1021047.1521739132	836764.9804745412	118008567.310559	261570721.68330973	0.6865671641791045	0.0279805352798053	-3.627429065998382	1	49.0	13		cnidaria_only	2.0098204858097124	0	0	1	1	False	bin_ultra_long	
Porifera	6040	ultra_long	CFAP20/ADK	CFAP20	ADK	D	Qd	Simakov2022BCnS_genefamily_1409	Simakov2022BCnS_genefamily_4711	Simakov2022BCnS_genefamily_1409|Simakov2022BCnS_genefamily_4711	1058179.8103448276	831266.0292287337	86973819.12790698	159566006.7464137	0.8656716417910447	0.0448383733055265	-2.97651406526318	1	60.0	20		neither	2.2622081614783824	0	0	1	1	False	bin_ultra_long	
Porifera	6040	ultra_long	CXXC1/DNALI1	CXXC1	DNALI1	Ea	J1	Simakov2022BCnS_genefamily_925	Simakov2022BCnS_genefamily_9880	Simakov2022BCnS_genefamily_925|Simakov2022BCnS_genefamily_9880	1118862.3770491802	970750.4465429304	74088172.04316546	186111230.08442065	0.9104477611940298	0.0241571080987139	-2.97486864431559	1	11.0	0		shared	1.3802954381893264	0	0	0	0	False	bin_ultra_long	
Porifera	6040	ultra_long	NCBP1/CHD2	NCBP1	CHD2	C1	C1	Simakov2022BCnS_genefamily_11400	Simakov2022BCnS_genefamily_11685	Simakov2022BCnS_genefamily_11400|Simakov2022BCnS_genefamily_11685	1166115.5740740742	460190.3634602466	39602357.8275	80739237.82578151	0.8059701492537313	0.1390337156760514	-2.8564853053750228	1	56.0	16			1.7301599781390178	0	0	1	1	False	bin_ultra_long	
Protostomia	33317	long_range	UBA6/XP_005272706.1	UBA6	XP_005272706.1	C1	Eb	Simakov2022BCnS_genefamily_353	Simakov2022BCnS_genefamily_7876	Simakov2022BCnS_genefamily_353|Simakov2022BCnS_genefamily_7876	366169.10760190967	4817460.545243332	20953774.71724138	76543593.95170157	0.7929528246942341	0.0607457059069962	-2.632159431495952	1	75.0	0		neither	-0.1999999999999989	0	0	0	0	False	bin_long_range	
Protostomia	33317	long_range	ZDHHC1/DUS1L	ZDHHC1	DUS1L	D	H	Simakov2022BCnS_genefamily_10203	Simakov2022BCnS_genefamily_4108	Simakov2022BCnS_genefamily_10203|Simakov2022BCnS_genefamily_4108	730171.9050410317	6973236.420454134	149849747.55555555	195496278.369497	0.7451951077460687	0.0075408462505236	-3.364590749081879	1	87.0	2	6.222375134067197	cnidaria_only	0.20000000000000118	0	0	9	6	False	bin_long_range	
Protostomia	33317	ultra_long	AARS1/WDR82	AARS1	WDR82	D	Eb	Simakov2022BCnS_genefamily_12995	Simakov2022BCnS_genefamily_9658	Simakov2022BCnS_genefamily_12995|Simakov2022BCnS_genefamily_9658	4108518.9458743376	17253179.398063783	120604512.16666669	229943095.735068	0.7693651718112988	0.0100544616673648	-2.4054345362762835	1	93.0	7		neither	1.9515258968560942	1	1	7	4	False	bin_ultra_long	
Protostomia	33317	ultra_long	CHIC2/SMAD4	CHIC2	SMAD4	F	C2	Simakov2022BCnS_genefamily_1136	Simakov2022BCnS_genefamily_456	Simakov2022BCnS_genefamily_1136|Simakov2022BCnS_genefamily_456	7046772.4472106965	15372368.198039776	276990092.0925926	367137459.6951412	0.6316249271986022	0.022622538751571	-3.157833658972434	1	220.0	2		neither	1.528546900019841	1	1	5	3	False	bin_ultra_long	
Protostomia	33317	ultra_long	ATG4B/WWP1	ATG4B	WWP1	N	D	Simakov2022BCnS_genefamily_1941	Simakov2022BCnS_genefamily_7154	Simakov2022BCnS_genefamily_1941|Simakov2022BCnS_genefamily_7154	10937956.20305214	20267727.9195332	141922281.7368421	311184325.0705535	0.6869539895165987	0.015919564306661	-2.5879723000417285	1	164.0	7	89.91793806489306	neither	1.7549607677676609	0	0	5	3	False	bin_ultra_long	
Protostomia	33317	ultra_long	CDK13/HPD	CDK13	HPD	B1	G	Simakov2022BCnS_genefamily_11602	Simakov2022BCnS_genefamily_4874	Simakov2022BCnS_genefamily_11602|Simakov2022BCnS_genefamily_4874	11202902.31965812	14333680.431882847	310995637.0	331949334.00283	0.6814210832847991	0.0113112693757855	-3.118113936221857	1	103.0	7		nematoda_only	1.9443174630918316	0	0	7	4	False	bin_ultra_long	
Protostomia	33317	ultra_long	RNF185/HECW1	RNF185	HECW1	G	B1	Simakov2022BCnS_genefamily_2494	Simakov2022BCnS_genefamily_9312	Simakov2022BCnS_genefamily_2494|Simakov2022BCnS_genefamily_9312	18152021.847193345	18208995.84704889	275929227.28	304107688.76921964	0.5602795573675015	0.0104733975701717	-2.6964611454891183	1	152.0	44		nematoda_only	2.037420045424288	0	0	4	4	False	bin_ultra_long	
Scaphopoda	32584	intermediate	CEP68/ATG7	CEP68	ATG7	Eb	Eb	Simakov2022BCnS_genefamily_11387	Simakov2022BCnS_genefamily_8476	Simakov2022BCnS_genefamily_11387|Simakov2022BCnS_genefamily_8476	29951.5	26283.451949922783	23693461.02444988	71630518.69560553	1.0	0.0702869908919058	-5.881338033719994	1	54.0	0			0.35748396955364503	0	0	1	1	False	bin_intermediate	
Scaphopoda	32584	intermediate	HSPE1/HSPD1	HSPE1	HSPD1	B1	B1	Simakov2022BCnS_genefamily_7660	Simakov2022BCnS_genefamily_8170	Simakov2022BCnS_genefamily_7660|Simakov2022BCnS_genefamily_8170	48035.0	22181.525512259625	3963820.1082489146	16359495.039422158	1.0	0.5937446296614538	-4.933143895533937	1	22.0	10			0.9356995243116808	9	6	8	6	False	bin_intermediate	
Scaphopoda	32584	intermediate	ATG10/SSBP3	ATG10	SSBP3	L	L	Simakov2022BCnS_genefamily_6166	Simakov2022BCnS_genefamily_9479	Simakov2022BCnS_genefamily_6166|Simakov2022BCnS_genefamily_9479	56331.0	7780.588806614396	8258580.761549925	46705891.88464151	1.0	0.1153119092627599	-6.454198696709677	1	32.0	0			0.5414788406797697	0	0	2	1	False	bin_intermediate	
Scaphopoda	32584	intermediate	SUGP1/SMN1	SUGP1	SMN1	C1	C1	Simakov2022BCnS_genefamily_12495	Simakov2022BCnS_genefamily_3581	Simakov2022BCnS_genefamily_12495|Simakov2022BCnS_genefamily_3581	66780.5	7778.467486270836	21348513.20917053	66202449.56174764	1.0	0.3335624677779687	-6.707469559551701	1	21.0	5			1.1625533897850264	1	1	6	5	False	bin_intermediate	
Scaphopoda	32584	intermediate	IRS1/DGKE	IRS1	DGKE	J1	H	Simakov2022BCnS_genefamily_10347	Simakov2022BCnS_genefamily_4333	Simakov2022BCnS_genefamily_10347|Simakov2022BCnS_genefamily_4333	91973.0	5616.84205618356	28977446.577946767	44579129.9300438	1.0	0.0451967692043306	-6.656787858848366	1	38.0	3		nematoda_only	0.9738161146014516	0	0	2	2	False	bin_intermediate	
Scaphopoda	32584	long_range	ADAT1/FHOD3	ADAT1	FHOD3	D	D	Simakov2022BCnS_genefamily_3939	Simakov2022BCnS_genefamily_7372	Simakov2022BCnS_genefamily_3939|Simakov2022BCnS_genefamily_7372	131175.5	632.4463555995869	21257133.556561086	37543692.08382268	1.0	0.1898951709915793	-8.116526762032425	1	17.0	0			1.7898362293012249	1	1	1	1	False	bin_long_range	
Scaphopoda	32584	long_range	XP_047280412.1/VPS51	XP_047280412.1	VPS51	I	I	Simakov2022BCnS_genefamily_12182	Simakov2022BCnS_genefamily_6114	Simakov2022BCnS_genefamily_12182|Simakov2022BCnS_genefamily_6114	141865.0	1555.2207050480315	28083503.375796176	58157325.0024341	1.0	0.1079223234232686	-7.781271415841888	1	17.0	0			1.6495679938240506	1	1	0	0	False	bin_long_range	
Scaphopoda	32584	long_range	HIRA/SETD1B	HIRA	SETD1B	G	G	Simakov2022BCnS_genefamily_5273	Simakov2022BCnS_genefamily_9018	Simakov2022BCnS_genefamily_5273|Simakov2022BCnS_genefamily_9018	451321.0	175577.02798218213	19154813.92298578	34114334.49716096	1.0	0.2900842069084035	-3.965452476235345	1	16.0	8			1.2233279684668477	3	3	2	2	False	bin_long_range	
Scaphopoda	32584	long_range	SIK2/DYRK1A	SIK2	DYRK1A	A2	A2	Simakov2022BCnS_genefamily_3114	Simakov2022BCnS_genefamily_917	Simakov2022BCnS_genefamily_3114|Simakov2022BCnS_genefamily_917	462332.5	337305.7838683881	13206276.292334596	29299792.46963915	1.0	0.5896202096580169	-3.3814251344964554	1	29.0	9			1.2157504341302827	3	3	5	3	False	bin_long_range	
Scaphopoda	32584	long_range	GINS1/CCNK	GINS1	CCNK	A1a	A1a	Simakov2022BCnS_genefamily_4034	Simakov2022BCnS_genefamily_8828	Simakov2022BCnS_genefamily_4034|Simakov2022BCnS_genefamily_8828	543654.5	47042.69283199745	53688216.63588391	85469185.92397028	1.0	0.1302629317752191	-5.587179418935664	1	8.0	4			1.2581075121567538	1	1	1	1	False	bin_long_range	
Scaphopoda	32584	ultra_long	LIG1/CDKL5	LIG1	CDKL5	H	F	Simakov2022BCnS_genefamily_10031	Simakov2022BCnS_genefamily_10414	Simakov2022BCnS_genefamily_10031|Simakov2022BCnS_genefamily_10414	8910821.0	115652.55670374696	59897377.882882886	99410632.92733844	1.0	0.0572263275476886	-5.044225537589378	1	24.0	10		nematoda_only	3.4954791134311236	0	0	2	1	False	bin_ultra_long	
Scaphopoda	32584	ultra_long	STK40/PXK	STK40	PXK	K	Ea	Simakov2022BCnS_genefamily_10242	Simakov2022BCnS_genefamily_982	Simakov2022BCnS_genefamily_10242|Simakov2022BCnS_genefamily_982	22731857.5	403995.8528292161	34869973.333333336	46469249.34825973	1.0	0.038666437532222	-3.585129844417039	1	18.0	9		cnidaria_only	2.596594573811809	0	0	2	2	False	bin_ultra_long	
Scaphopoda	32584	ultra_long	APBB2/ARHGAP44	APBB2	ARHGAP44	F	H	Simakov2022BCnS_genefamily_1621	Simakov2022BCnS_genefamily_1673	Simakov2022BCnS_genefamily_1621|Simakov2022BCnS_genefamily_1673	41560471.5	438.6990975544729	36694992.04787234	49231920.974589385	1.0	0.0323079566935899	-8.57851017706267	1	29.0	0		nematoda_only	2.616515516590819	0	0	0	0	False	bin_ultra_long	
Scaphopoda	32584	ultra_long	PHKG1/TGFBR1	PHKG1	TGFBR1	G	B3	Simakov2022BCnS_genefamily_11491	Simakov2022BCnS_genefamily_969	Simakov2022BCnS_genefamily_11491|Simakov2022BCnS_genefamily_969	108422406.0	4902368.071325851	47200742.34	73497901.63117073	1.0	0.0429627083691355	-2.106939757990391	1	60.0	10		nematoda_only	2.541833334871495	0	0	1	1	False	bin_ultra_long	
Scaphopoda	32584	ultra_long	RFC5/TGFBR1	RFC5	TGFBR1	G	B3	Simakov2022BCnS_genefamily_10579	Simakov2022BCnS_genefamily_969	Simakov2022BCnS_genefamily_10579|Simakov2022BCnS_genefamily_969	164404521.5	4841.145452359877	69146657.51315789	111729582.62086795	1.0	0.0391819900326516	-7.431163578900482	1	62.0	6		nematoda_only	3.8312765604393593	0	0	0	0	False	bin_ultra_long	
Spiralia	2697495	long_range	Simakov2022BCnS_genefamily_4330/SEC22C		SEC22C	Ea	Ea	Simakov2022BCnS_genefamily_4330	Simakov2022BCnS_genefamily_8395	Simakov2022BCnS_genefamily_4330|Simakov2022BCnS_genefamily_8395	335596.6785714286	2639413.165864742	7417240.653179191	61316924.35982171	0.7734806629834254	0.0316907858582157	-5.3203367811202265	1	5.0	0			0.789567599306017	0	0	1	1	False	bin_long_range	
Spiralia	2697495	long_range	EEF1G/PPP3R1	EEF1G	PPP3R1	A1a	A1a	Simakov2022BCnS_genefamily_11615	Simakov2022BCnS_genefamily_6598	Simakov2022BCnS_genefamily_11615|Simakov2022BCnS_genefamily_6598	498202.68265682657	5088370.9826130215	6849507.272613065	27399770.7875332	0.7486187845303868	0.4374427550833486	-2.323055118301503	1	10.0	0			-0.12432998918544622	1	1	5	4	False	bin_long_range	
Spiralia	2697495	long_range	PARVA/TEAD1	PARVA	TEAD1	O2	O2	Simakov2022BCnS_genefamily_9746	Simakov2022BCnS_genefamily_9978	Simakov2022BCnS_genefamily_9746|Simakov2022BCnS_genefamily_9978	548036.7908745247	2485027.984860207	12867345.930481285	29037675.70958889	0.7265193370165746	0.3082982231177871	-3.911439016210106	1	90.0	4			0.8943186101526102	6	3	3	2	False	bin_long_range	
Spiralia	2697495	long_range	KCNA2/SNRNP70	KCNA2	SNRNP70	O1	O1	Simakov2022BCnS_genefamily_3818	Simakov2022BCnS_genefamily_8135	Simakov2022BCnS_genefamily_3818|Simakov2022BCnS_genefamily_8135	596167.7703703704	3695159.338269821	14197448.907894736	28191241.287994143	0.7458563535911602	0.1949074922146913	-3.037378373143943	1	16.0	0			0.055057226537115596	1	1	5	4	False	bin_long_range	
Spiralia	2697495	long_range	ORAI2/KDM2B	ORAI2	KDM2B	G	G	Simakov2022BCnS_genefamily_11950	Simakov2022BCnS_genefamily_8890	Simakov2022BCnS_genefamily_11950|Simakov2022BCnS_genefamily_8890	973875.3992537314	4626577.784550986	10939231.764390895	38304845.451699615	0.7403314917127072	0.1368382487635098	-3.205028569026546	1	15.0	0			0.06527624555757602	5	4	2	2	False	bin_long_range	
Spiralia	2697495	ultra_long	DYRK2/FBXL5	DYRK2	FBXL5	Ea	Ea	Simakov2022BCnS_genefamily_7948	Simakov2022BCnS_genefamily_97	Simakov2022BCnS_genefamily_7948|Simakov2022BCnS_genefamily_97	1591809.6981132077	6048779.612337108	28168743.395424835	77825300.45028807	0.7320441988950276	0.0560542223850522	-4.108876083334185	1	74.0	17			10.787623395131781	0	0	0	0	False	bin_ultra_long	
Spiralia	2697495	ultra_long	BARD1/HECW1	BARD1	HECW1	B1	B1	Simakov2022BCnS_genefamily_7199	Simakov2022BCnS_genefamily_9312	Simakov2022BCnS_genefamily_7199|Simakov2022BCnS_genefamily_9312	3807239.692307693	14338872.246886715	37496888.488226056	95265757.16015592	0.5386740331491713	0.1166880381022165	-2.753848726403181	1	22.0	6			2.79373462806274	2	2	0	0	False	bin_ultra_long	
Spiralia	2697495	ultra_long	BCKDK/KDM2B	BCKDK	KDM2B	G	G	Simakov2022BCnS_genefamily_1392	Simakov2022BCnS_genefamily_8890	Simakov2022BCnS_genefamily_1392|Simakov2022BCnS_genefamily_8890	6102904.540229885	14154009.100114426	41666142.62626263	102039295.62920734	0.7209944751381215	0.0544055687854918	-2.9212786271904	1	25.0	5			3.55019220389929	0	0	2	2	False	bin_ultra_long	
Spiralia	2697495	ultra_long	PITPNC1/NFKB1	PITPNC1	NFKB1	H	Qc	Simakov2022BCnS_genefamily_1391	Simakov2022BCnS_genefamily_8677	Simakov2022BCnS_genefamily_1391|Simakov2022BCnS_genefamily_8677	27414073.63043478	24778425.172174856	108680762.59633029	234253070.28288552	0.6353591160220995	0.0199670269280087	-3.477032504115758	1	40.0	3		nematoda_only	2.6480747778358915	0	0	2	1	False	bin_ultra_long	
Spiralia	2697495	ultra_long	GGA1/SAR1A	GGA1	SAR1A	H	Qb	Simakov2022BCnS_genefamily_3048	Simakov2022BCnS_genefamily_6122	Simakov2022BCnS_genefamily_3048|Simakov2022BCnS_genefamily_6122	28868385.014760148	32832776.2287618	128068078.36190476	247723477.02809075	0.7486187845303868	0.0192342919948708	-3.0146170120529305	1	54.0	2		nematoda_only	2.5062961822193692	0	0	1	1	False	bin_ultra_long	
Teleostei	32443	intermediate	FEN1/TM9SF1	FEN1	TM9SF1	D	J1	Simakov2022BCnS_genefamily_10092	Simakov2022BCnS_genefamily_11149	Simakov2022BCnS_genefamily_10092|Simakov2022BCnS_genefamily_11149	10477.475130890052	12928.110284084782	63565579.24637681	109231016.8217204	0.881199538638985	0.0139281388776746	-12.67892405511158	1	145.0	4		cnidaria_only	1.3722826849801435	1	1	1	1	False	bin_intermediate	
Teleostei	32443	intermediate	ACAA2/RPL6	ACAA2	RPL6	R	G	Simakov2022BCnS_genefamily_3533	Simakov2022BCnS_genefamily_58	Simakov2022BCnS_genefamily_3533|Simakov2022BCnS_genefamily_58	12027.530379746837	41534.55784398544	61202522.78337532	88309937.8062937	0.9111880046136102	0.0801372628179249	-10.151551705559829	1	121.0	10		neither	1.1516432919610797	2	2	0	0	False	bin_intermediate	
Teleostei	32443	intermediate	NOP2/EMG1	NOP2	EMG1	P	G	Simakov2022BCnS_genefamily_3270	Simakov2022BCnS_genefamily_6227	Simakov2022BCnS_genefamily_3270|Simakov2022BCnS_genefamily_6227	13780.093673965936	66611.04760224564	6021530.845858896	47762880.37047508	0.9480968858131488	0.2632216390795316	-8.160498892112294	1	320.0	138		cnidaria_only	2.5022506245024068	8	5	0	0	False	bin_intermediate	
Teleostei	32443	intermediate	HSPE1/HSPD1	HSPE1	HSPD1	B1	B1	Simakov2022BCnS_genefamily_7660	Simakov2022BCnS_genefamily_8170	Simakov2022BCnS_genefamily_7660|Simakov2022BCnS_genefamily_8170	20536.66409266409	350341.95418593514	5104155.804477612	18417953.91714328	0.8961937716262975	0.540976988292289	-3.374121777290489	1	211.0	71			0.8574301300504095	9	6	8	6	False	bin_intermediate	
Teleostei	32443	intermediate	GOLGA5/TRIP11	GOLGA5	TRIP11	A1a	A1a	Simakov2022BCnS_genefamily_2174	Simakov2022BCnS_genefamily_6754	Simakov2022BCnS_genefamily_2174|Simakov2022BCnS_genefamily_6754	61089.52676399027	207602.17832587907	7628990.080701754	18275793.899211846	0.9480968858131488	0.3451756156641098	-4.318474217989475	1	104.0	32			0.6571711159525073	9	6	3	2	False	bin_intermediate	
Teleostei	32443	long_range	TRIP11/RTF1	TRIP11	RTF1	A1a	A1a	Simakov2022BCnS_genefamily_6754	Simakov2022BCnS_genefamily_8892	Simakov2022BCnS_genefamily_6754|Simakov2022BCnS_genefamily_8892	101551.07259073842	517895.5177817929	34879960.185003504	61101707.76076236	0.9215686274509804	0.2880500605571255	-4.854842899621716	1	71.0	0			1.2746030443474752	5	5	4	3	False	bin_long_range	
Teleostei	32443	long_range	MLLT10/PIP4K2B	MLLT10	PIP4K2B	B1	B1	Simakov2022BCnS_genefamily_4093	Simakov2022BCnS_genefamily_6086	Simakov2022BCnS_genefamily_4093|Simakov2022BCnS_genefamily_6086	107501.0917874396	170948.2514998261	11138605.116600793	31482269.100292586	0.7162629757785467	0.3064190553088413	-5.670530545334013	1	76.0	6			1.314310616446724	3	3	1	1	False	bin_long_range	
Teleostei	32443	long_range	CAPZB/DSTYK	CAPZB	DSTYK	P	Eb	Simakov2022BCnS_genefamily_10259	Simakov2022BCnS_genefamily_3788	Simakov2022BCnS_genefamily_10259|Simakov2022BCnS_genefamily_3788	136472.9907651715	550324.7838466801	98259109.10798122	147114291.71633795	0.8742791234140715	0.0429955591441259	-6.353121324562712	1	122.0	0		nematoda_only	1.741179536775661	3	2	0	0	False	bin_long_range	
Teleostei	32443	long_range	ABCB7/ATRX	ABCB7	ATRX	K	F	Simakov2022BCnS_genefamily_3997	Simakov2022BCnS_genefamily_9447	Simakov2022BCnS_genefamily_3997|Simakov2022BCnS_genefamily_9447	300445.8394437421	1002667.0401783816	10634633.998543335	43247290.87274082	0.9123414071510956	0.2771497779572063	-3.011611311762022	1	49.0	18		shared	1.6277369510678015	8	5	0	0	False	bin_long_range	
Teleostei	32443	long_range	OGFOD2/NCAPH	OGFOD2	NCAPH	G	I	Simakov2022BCnS_genefamily_11953	Simakov2022BCnS_genefamily_8718	Simakov2022BCnS_genefamily_11953|Simakov2022BCnS_genefamily_8718	332263.8820445609	1338150.3084161524	64664999.375	130870368.59182172	0.8800461361014994	0.0177634234961647	-4.51119583806254	1	63.0	6		shared	1.37346341443253	1	1	0	0	False	bin_long_range	
Teleostei	32443	ultra_long	YIPF4/PDZD8	YIPF4	PDZD8	A1a	F	Simakov2022BCnS_genefamily_3118	Simakov2022BCnS_genefamily_851	Simakov2022BCnS_genefamily_3118|Simakov2022BCnS_genefamily_851	1107618.490421456	3195999.605442484	133971944.4528302	167009429.54176033	0.903114186851211	0.0213968510294711	-3.363092316866732	1	23.0	2		cnidaria_only	1.9259911078003233	1	1	1	1	False	bin_ultra_long	
Teleostei	32443	ultra_long	TOMM22/TRRAP	TOMM22	TRRAP	H	B1	Simakov2022BCnS_genefamily_1089	Simakov2022BCnS_genefamily_3609	Simakov2022BCnS_genefamily_1089|Simakov2022BCnS_genefamily_3609	2155401.787755102	3619880.3363626553	79377008.32158591	204657281.5797498	0.8477508650519031	0.0458215583366976	-3.507336808833512	1	15.0	0		shared	1.6842664468910078	1	1	1	1	False	bin_ultra_long	
Teleostei	32443	ultra_long	WDR27/ADK	WDR27	ADK	A1a	Qd	Simakov2022BCnS_genefamily_10541	Simakov2022BCnS_genefamily_4711	Simakov2022BCnS_genefamily_10541|Simakov2022BCnS_genefamily_4711	3364333.7381889764	5305299.390510916	148072171.85454544	361230543.2122919	0.5859284890426759	0.0111021396851029	-3.8478913994746056	1	19.0	6		shared	1.7311027767415135	1	1	2	2	False	bin_ultra_long	
Teleostei	32443	ultra_long	RPS9/EMG1	RPS9	EMG1	H	G	Simakov2022BCnS_genefamily_11354	Simakov2022BCnS_genefamily_6227	Simakov2022BCnS_genefamily_11354|Simakov2022BCnS_genefamily_6227	4626091.011180124	6743914.548700108	91118952.95454544	234882590.3668422	0.928489042675894	0.0399677028663706	-2.619928898276484	1	155.0	7		shared	1.9280581265613603	3	3	0	0	False	bin_ultra_long	
Teleostei	32443	ultra_long	LRMDA/WDR27	LRMDA	WDR27	Qa	A1a	Simakov2022BCnS_genefamily_1017	Simakov2022BCnS_genefamily_10541	Simakov2022BCnS_genefamily_1017|Simakov2022BCnS_genefamily_10541	8050443.728682171	6206155.369741286	176854300.87179488	374534870.0304387	0.7439446366782007	0.0078724263221639	-3.626856000147902	1	12.0	6		neither	2.026026570294846	1	1	2	2	False	bin_ultra_long	
Vertebrata	7742	intermediate	ATP6V1D/EIF2S1	ATP6V1D	EIF2S1	A1a	J2	Simakov2022BCnS_genefamily_1312	Simakov2022BCnS_genefamily_3869	Simakov2022BCnS_genefamily_1312|Simakov2022BCnS_genefamily_3869	48254.99214659686	929076.184982636	29289071.14691944	52848705.38194682	0.9039280643634644	0.1138079827400215	-4.865441099329422	1	287.0	13	5.751473571735862	neither	12.13762829564533	8	5	1	1	True	forced	
Vertebrata	7742	long_range	FBXO11/MSH6	FBXO11	MSH6	A1b	J1	Simakov2022BCnS_genefamily_2021	Simakov2022BCnS_genefamily_3029	Simakov2022BCnS_genefamily_2021|Simakov2022BCnS_genefamily_3029	168412.63854595335	1420848.8733983757	33491527.916666668	64657576.21105409	0.6900141978230004	0.0614886731391585	-4.560522588245016	1	352.0	29		shared	1.6196775594416344	8	5	1	1	False	percentile_p5	180710
Vertebrata	7742	long_range	NOP2/EMG1	NOP2	EMG1	P	G	Simakov2022BCnS_genefamily_3270	Simakov2022BCnS_genefamily_6227	Simakov2022BCnS_genefamily_3270|Simakov2022BCnS_genefamily_6227	483484.3213014744	3485741.433509066	43474149.68553459	130601140.49580649	0.9309039280643636	0.0428802588996763	-4.294907658779053	1	193.0	76		cnidaria_only	3.413250065720931	8	5	0	0	False	percentile_p15	437423
Vertebrata	7742	long_range	MAP3K20/HAT1	MAP3K20	HAT1	B1	B2	Simakov2022BCnS_genefamily_1836	Simakov2022BCnS_genefamily_3560	Simakov2022BCnS_genefamily_1836|Simakov2022BCnS_genefamily_3560	758033.6375979112	1033677.381191884	31175793.485185184	98008367.01821823	0.9062943681968764	0.0728155339805825	-5.563603171921761	1	181.0	8	13.126945738523595	shared	1.8830047444310838	7	5	2	1	False	percentile_p25	713698
Vertebrata	7742	ultra_long	MSH6/MSH2	MSH6	MSH2	J1	K	Simakov2022BCnS_genefamily_3029	Simakov2022BCnS_genefamily_7145	Simakov2022BCnS_genefamily_3029|Simakov2022BCnS_genefamily_7145	1223641.978172999	4635005.175359482	30511127.537459284	49777477.27940505	0.5854235683861808	0.0827939590075512	-2.5874747908704365	1	522.0	210		cnidaria_only	4.727607098283056	8	5	1	1	False	percentile_p35	1008040
Vertebrata	7742	ultra_long	SLC25A26/TMF1	SLC25A26	TMF1	Ea	H	Simakov2022BCnS_genefamily_10268	Simakov2022BCnS_genefamily_12984	Simakov2022BCnS_genefamily_10268|Simakov2022BCnS_genefamily_12984	1829717.3163983903	2794928.173193404	24713248.9602649	43912011.664814666	0.9408424041646948	0.040722761596548	-3.1073480420528194	1	0.0	0		shared	13.13762829564533	10	7	0	0	True	percentile_p45	1576151
Vertebrata	7742	ultra_long	SNUPN/MPI	SNUPN	MPI	C1	N	Simakov2022BCnS_genefamily_3638	Simakov2022BCnS_genefamily_8898	Simakov2022BCnS_genefamily_3638|Simakov2022BCnS_genefamily_8898	2488774.489648033	10057166.6710525	108647759.05	304174090.1159317	0.914339801230478	0.0161812297734627	-4.002279654761952	1	41.0	4		neither	1.8691428907638246	8	5	0	0	False	percentile_p65	2869834
Vertebrata	7742	ultra_long	ACOX3/TADA2B	ACOX3	TADA2B	G	A1a	Simakov2022BCnS_genefamily_5361	Simakov2022BCnS_genefamily_7505	Simakov2022BCnS_genefamily_5361|Simakov2022BCnS_genefamily_7505	4021833.119800333	6573527.714647483	88635900.40449437	164041079.06859344	0.853289162328443	0.0240021574973031	-3.739582286881985	1	98.0	0		cnidaria_only	1.4990406563777192	9	6	1	1	False	percentile_p75	4062537
Vertebrata	7742	ultra_long	XP_005248394.1/CAPSL	XP_005248394.1	CAPSL	D	L	Simakov2022BCnS_genefamily_364	Simakov2022BCnS_genefamily_6526	Simakov2022BCnS_genefamily_364|Simakov2022BCnS_genefamily_6526	5167534.550955414	8431576.223828398	61652013.41666666	134130255.91138968	0.8916232844297208	0.0453074433656957	-3.1243550687177137	1	1.0	0		nematoda_only	1.0753017689444904	9	6	1	1	False	percentile_p85	6052714
Vertebrata	7742	ultra_long	MRPS11/SNRPA1	MRPS11	SNRPA1	C1	L	Simakov2022BCnS_genefamily_12080	Simakov2022BCnS_genefamily_5571	Simakov2022BCnS_genefamily_12080|Simakov2022BCnS_genefamily_5571	10329985.55227882	13536540.466551589	94731178.19130434	169552239.65415695	0.8826313298627544	0.0310140237324703	-2.7976931731704013	1	6.0	0	49.526489833399445	shared	0.9567852916145994	9	6	0	0	False	percentile_p95	11181711
